metric,unit,model,term,coef,lo,hi
tanom,all stations,joint,intercept,0.07744397578722302,-0.3925327569931898,0.7020075270011852
tanom,all stations,joint,PNA,2.09157297795052,1.8468141747821156,2.4056698938564294
tanom,all stations,joint,ONI,0.5338771070798073,0.1700684444133463,0.955154386956746
tanom,all stations,joint,PDO,-0.251534964907425,-0.6649401842483201,0.1640438101662813
tanom,all stations,joint,MJO1,-0.13195637019063666,-1.244718650055346,1.0165236305778316
tanom,all stations,joint,MJO2,0.20988792803163525,-0.5595184221868704,0.9299574555565205
tanom,all stations,joint,MJO3,-0.32325675096118256,-1.3662048485262188,0.6653258500695348
tanom,all stations,joint,MJO4,0.4824434663602847,-0.4785008087675615,1.3852611608221455
tanom,all stations,joint,MJO5,0.24044842180732973,-0.6118091391318715,1.006804949110483
tanom,all stations,joint,MJO6,-0.3026346579665291,-1.0801194739294862,0.4480730130600862
tanom,all stations,joint,MJO7,-0.19015029901790248,-1.1538336019466624,0.675805374485097
tanom,all stations,joint,MJO8,-0.578139652544848,-1.424371001448969,0.21588497018793287
tanom,all stations,PNA alone,intercept,0.019721476599514565,-0.36661685533397403,0.43687415784846173
tanom,all stations,PNA alone,PNA,2.114636658518799,1.8254980529149276,2.392122859200845
tanom,all stations,ONI alone,intercept,0.020082305286955017,-0.3923425762947144,0.4327822721240964
tanom,all stations,ONI alone,ONI,0.7586941815993216,0.44751431506566897,1.0396406073247746
tanom,all stations,PDO alone,intercept,0.020082305286955423,-0.4029511330649521,0.5198401544168445
tanom,all stations,PDO alone,PDO,0.49006785612331344,0.07651528104087885,0.8907396637176875
tanom,low (<4000 ft),joint,intercept,0.040774214164734965,-0.4739435688722413,0.6407941670806924
tanom,low (<4000 ft),joint,PNA,1.9197794333236893,1.657417724991315,2.195402152111149
tanom,low (<4000 ft),joint,ONI,0.5563884329101991,0.21061379632539268,0.9359156576857663
tanom,low (<4000 ft),joint,PDO,-0.20109451557042024,-0.5639499341842384,0.2926672133912154
tanom,low (<4000 ft),joint,MJO1,-0.0850356012512038,-1.0152506382927984,0.8977033931664417
tanom,low (<4000 ft),joint,MJO2,0.20183651817874704,-0.44808954536521456,0.9055139909997535
tanom,low (<4000 ft),joint,MJO3,-0.30185988839672073,-1.217352745683784,0.5702063603126316
tanom,low (<4000 ft),joint,MJO4,0.4007595056902712,-0.4756017259672308,1.2163957230047684
tanom,low (<4000 ft),joint,MJO5,0.27776837558255174,-0.38690337276812564,1.0193794881056462
tanom,low (<4000 ft),joint,MJO6,-0.18639025653322805,-0.8226292932060342,0.46148758365751164
tanom,low (<4000 ft),joint,MJO7,-0.045782693110593464,-1.0328603306433681,0.7925153769446709
tanom,low (<4000 ft),joint,MJO8,-0.4574563442548328,-1.2104226903493078,0.33832250541812803
tanom,low (<4000 ft),PNA alone,intercept,0.014591700609506588,-0.44875262576951525,0.4596303475673525
tanom,low (<4000 ft),PNA alone,PNA,1.962625818594793,1.7006321803334556,2.2176050444590607
tanom,low (<4000 ft),ONI alone,intercept,0.015500731488489822,-0.31873445714809906,0.3812393269592544
tanom,low (<4000 ft),ONI alone,ONI,0.7761837059328983,0.503961908601065,1.0367869558089302
tanom,low (<4000 ft),PDO alone,intercept,0.015544584484838222,-0.43133845430695084,0.4331481377256776
tanom,low (<4000 ft),PDO alone,PDO,0.509169684142155,0.09127580076162232,0.8767943026777496
tanom,mid (4000-5000 ft),joint,intercept,0.08686042474289084,-0.4205582793258666,0.6231647433853046
tanom,mid (4000-5000 ft),joint,PNA,1.9529709171679341,1.6823325168999217,2.277553907497303
tanom,mid (4000-5000 ft),joint,ONI,0.538047209056924,0.23911763004951425,0.9304753742379478
tanom,mid (4000-5000 ft),joint,PDO,-0.1956278889222733,-0.5950758830239193,0.21186258305776087
tanom,mid (4000-5000 ft),joint,MJO1,0.008986120396162312,-1.0570528614065313,1.1606166573497874
tanom,mid (4000-5000 ft),joint,MJO2,0.3680744933990373,-0.30129122535861147,1.0514858948549137
tanom,mid (4000-5000 ft),joint,MJO3,-0.3293697244677918,-1.2938453171582458,0.6512158028427546
tanom,mid (4000-5000 ft),joint,MJO4,0.403702361638109,-0.3740522280170541,1.1779450977061143
tanom,mid (4000-5000 ft),joint,MJO5,0.10042606913380703,-0.6470251694501937,0.900554491255034
tanom,mid (4000-5000 ft),joint,MJO6,-0.39293754546521154,-1.1526127984609158,0.4304478026569821
tanom,mid (4000-5000 ft),joint,MJO7,-0.298092843222613,-1.0530355579933939,0.631228196098447
tanom,mid (4000-5000 ft),joint,MJO8,-0.5282609046856293,-1.2907981842149407,0.2783002066191019
tanom,mid (4000-5000 ft),PNA alone,intercept,0.023275090448222197,-0.44875049703199915,0.4229121661633864
tanom,mid (4000-5000 ft),PNA alone,PNA,1.9806605385224734,1.7045876350579963,2.280550680525063
tanom,mid (4000-5000 ft),ONI alone,intercept,0.023528581010128894,-0.3023761136939518,0.41732776972902996
tanom,mid (4000-5000 ft),ONI alone,ONI,0.7659383042083752,0.47302934366302674,1.0868328228170994
tanom,mid (4000-5000 ft),PDO alone,intercept,0.023528581010129307,-0.37698519948471837,0.39179739753200016
tanom,mid (4000-5000 ft),PDO alone,PDO,0.5159011328896989,0.1360839450847018,0.9499334574960921
tanom,high (>=5000 ft),joint,intercept,0.09651715478481639,-0.4722851337447735,0.7685388824230207
tanom,high (>=5000 ft),joint,PNA,2.398889578971408,2.10647094472586,2.7297992255419206
tanom,high (>=5000 ft),joint,ONI,0.5090913589954587,0.015482093838915092,0.9664116031918754
tanom,high (>=5000 ft),joint,PDO,-0.3593972995647651,-0.839542500069158,0.22020095007305585
tanom,high (>=5000 ft),joint,MJO1,-0.3142378077543415,-1.438069007372051,0.862907416038563
tanom,high (>=5000 ft),joint,MJO2,0.048065450758043804,-0.9272920109763024,0.9285462601879373
tanom,high (>=5000 ft),joint,MJO3,-0.3307665399158449,-1.3101231464823335,0.7760804404235432
tanom,high (>=5000 ft),joint,MJO4,0.6380695533288202,-0.3157831804802265,1.5316834595421476
tanom,high (>=5000 ft),joint,MJO5,0.3588985253595005,-0.5795532056335533,1.4534031025391012
tanom,high (>=5000 ft),joint,MJO6,-0.3108953249256141,-1.154196670806534,0.4883301870731577
tanom,high (>=5000 ft),joint,MJO7,-0.20013805805929252,-1.3021024588563244,0.7701951731445588
tanom,high (>=5000 ft),joint,MJO8,-0.7321139510468321,-1.673067013752064,0.18477550230283027
tanom,high (>=5000 ft),PNA alone,intercept,0.018900004796994514,-0.5269318129489833,0.48266431490145567
tanom,high (>=5000 ft),PNA alone,PNA,2.3983825076524368,2.157489660296718,2.683306590517946
tanom,high (>=5000 ft),ONI alone,intercept,0.019525573257940326,-0.33463118072250675,0.4634403996619926
tanom,high (>=5000 ft),ONI alone,ONI,0.7347144592495608,0.36896601656084493,1.0703461195419062
tanom,high (>=5000 ft),PDO alone,intercept,0.01956245896130009,-0.4722847498871351,0.5356551991597817
tanom,high (>=5000 ft),PDO alone,PDO,0.44430662005866367,0.013578198967351034,0.9443659034364936
tanom,st:352,joint,intercept,-0.12952657813480548,-0.7261771121008025,0.47201379178653186
tanom,st:352,joint,PNA,1.9501253872021849,1.5573892772721034,2.2754358239919283
tanom,st:352,joint,ONI,0.26526123557637804,-0.20262865553338671,0.7564127890439286
tanom,st:352,joint,PDO,0.36740605558784095,-0.1540666038186382,0.8922680349871691
tanom,st:352,joint,MJO1,0.0022932806693722885,-1.28898909625797,1.2316214506692638
tanom,st:352,joint,MJO2,0.525821988779085,-0.31913774397743044,1.4843888545622463
tanom,st:352,joint,MJO3,-0.3226976661200528,-1.339566521188186,0.635476295415087
tanom,st:352,joint,MJO4,0.34761998933077176,-0.6720657942504019,1.1819416628063706
tanom,st:352,joint,MJO5,0.10216241952500643,-0.7548200406629302,0.7395450565364519
tanom,st:352,joint,MJO6,-0.47528643856551556,-1.281289156634866,0.4146096836403067
tanom,st:352,joint,MJO7,-0.27613669356811044,-1.4747166337053554,0.7557684557609415
tanom,st:352,joint,MJO8,-0.5323059460504236,-1.3596855362839482,0.229892953002375
tanom,st:375,joint,intercept,0.006715673344150167,-0.5520459140856055,0.5743266047719536
tanom,st:375,joint,PNA,1.9871218494932057,1.6551632315600484,2.2270187190550277
tanom,st:375,joint,ONI,0.4271005173704752,0.13572072132802457,0.7281567425061909
tanom,st:375,joint,PDO,-0.2157320263185153,-0.5257383531115303,0.1349482582297592
tanom,st:375,joint,MJO1,-0.11835415031229302,-1.1429907195168738,0.733992282814734
tanom,st:375,joint,MJO2,0.22980666347362566,-0.18441448945292702,1.0059891341983964
tanom,st:375,joint,MJO3,-0.3353007812941947,-1.0866010754593067,0.744248434830195
tanom,st:375,joint,MJO4,0.37598873696904556,-0.30790550258549465,1.1774038908405124
tanom,st:375,joint,MJO5,0.019017634009170448,-0.5408558853192711,0.7363181445296578
tanom,st:375,joint,MJO6,-0.40202194514779055,-0.957786083198605,0.5084370520012124
tanom,st:375,joint,MJO7,-0.2853851583165872,-1.1256712430048466,0.6340530690502426
tanom,st:375,joint,MJO8,-0.5860002197078289,-1.5130155289594556,0.33862903898979474
tanom,st:376,joint,intercept,-0.08911259469048328,-0.6547975297955898,0.3090848536298557
tanom,st:376,joint,PNA,1.9479686822739077,1.752977390597486,2.2442731569110115
tanom,st:376,joint,ONI,0.5450314215000034,0.2737173365103481,0.8824205787029534
tanom,st:376,joint,PDO,-0.1352118918340014,-0.4737818202527243,0.19805174372711426
tanom,st:376,joint,MJO1,-0.1776406039091898,-1.3807208296864442,1.3676955984891466
tanom,st:376,joint,MJO2,1.2534934369223367,0.25832522761410803,2.0725734785280685
tanom,st:376,joint,MJO3,-0.25743022837835994,-0.9101492851502931,1.0775426592518913
tanom,st:376,joint,MJO4,0.45625813991754693,-0.38706725500963207,1.2445329150945652
tanom,st:376,joint,MJO5,0.7005842596466579,-0.08607932171797626,1.4410554050952817
tanom,st:376,joint,MJO6,-0.5227135905701092,-1.336196570280445,0.19096861454856795
tanom,st:376,joint,MJO7,-0.31072292566444576,-1.4608713504009392,0.6451267086938892
tanom,st:376,joint,MJO8,-0.3696812035290339,-1.4408301883332597,0.6122492230097757
tanom,st:418,joint,intercept,0.08468583880059449,-0.5777580319031792,0.6412736540491489
tanom,st:418,joint,PNA,2.6588502953138544,2.3802115403904347,3.0159932560523295
tanom,st:418,joint,ONI,0.8756251285465045,0.29032394771498576,1.4521285235142347
tanom,st:418,joint,PDO,-0.8516036739862354,-1.4032525894325558,-0.3555360415206764
tanom,st:418,joint,MJO1,-0.3478645353028508,-1.6555594759944006,0.8063367567436164
tanom,st:418,joint,MJO2,-0.11930663323767443,-0.8044013805006052,0.9365927056906477
tanom,st:418,joint,MJO3,-0.3760459995253167,-1.3531230152604932,0.6774810798082449
tanom,st:418,joint,MJO4,0.7714972404763512,-0.2327188088142538,1.6113431125664315
tanom,st:418,joint,MJO5,0.513683570245876,-0.5277370302791425,1.3263963964750234
tanom,st:418,joint,MJO6,-0.25867283866199364,-0.9526804309789662,0.3598435691348024
tanom,st:418,joint,MJO7,-0.015991456157637418,-0.9950614024356942,1.0036622073789612
tanom,st:418,joint,MJO8,-0.7316346164157186,-2.2174040892938387,0.4099655564297849
tanom,st:420,joint,intercept,0.07436732922146692,-0.3766025182467743,0.5901264082408695
tanom,st:420,joint,PNA,2.198406921017584,1.9294894519446035,2.49614649161387
tanom,st:420,joint,ONI,0.7189659270661497,0.288767585354993,1.167653382715624
tanom,st:420,joint,PDO,-0.6266810255457721,-1.0763571035489603,-0.07716182202803687
tanom,st:420,joint,MJO1,-0.045134823695076376,-1.0676531115191208,0.8389657806182795
tanom,st:420,joint,MJO2,0.17950786410872366,-0.5528309216305971,0.7660497585742798
tanom,st:420,joint,MJO3,-0.2592192120965304,-1.1269675375157668,0.3549994737251951
tanom,st:420,joint,MJO4,0.27045275892458376,-0.6128335517994251,0.9347536189532986
tanom,st:420,joint,MJO5,0.4372873174578894,-0.5738670524766267,1.527401084560769
tanom,st:420,joint,MJO6,-0.17353389943309927,-0.7682708668860866,0.38648393047060964
tanom,st:420,joint,MJO7,-0.2638084243562979,-1.1592768816795247,0.5474042708305623
tanom,st:420,joint,MJO8,-0.5685470029890771,-1.4108527129456054,0.025928878156257468
tanom,st:478,joint,intercept,-0.11626801054397795,-0.6558497217979756,0.3292955738311861
tanom,st:478,joint,PNA,1.3742549424165935,1.056428323078416,1.7733279246460993
tanom,st:478,joint,ONI,0.4640090911802127,0.19252949716859494,0.728370957887046
tanom,st:478,joint,PDO,-0.008109832665690694,-0.2859893655923876,0.41335721603008474
tanom,st:478,joint,MJO1,0.1325272216240651,-0.9038513668355459,0.9672655349391833
tanom,st:478,joint,MJO2,0.5906059163279159,0.06872980586807978,1.377771621329669
tanom,st:478,joint,MJO3,-0.22701465367115925,-1.118043650993425,0.677574036747764
tanom,st:478,joint,MJO4,0.2397798616926498,-0.5802617823256893,0.9123199214499306
tanom,st:478,joint,MJO5,0.03972512266295519,-0.8267338885548023,0.6806000988459393
tanom,st:478,joint,MJO6,-0.24861195755652316,-1.0220565622981352,0.32770285814576056
tanom,st:478,joint,MJO7,-0.18033521925079737,-0.8994569830711984,0.688896362853372
tanom,st:478,joint,MJO8,-0.44338882665874507,-1.1530022385566068,0.3539846592214778
tanom,st:502,joint,intercept,0.21183016263600737,-0.4906076420180543,0.863533603238184
tanom,st:502,joint,PNA,2.338384144897759,2.0334528130626612,2.742170001212621
tanom,st:502,joint,ONI,0.5136889462029429,0.0409620191866009,0.9987980386783675
tanom,st:502,joint,PDO,-0.8131334851331705,-1.3048356375483128,-0.23697048897185108
tanom,st:502,joint,MJO1,-0.5026442819338367,-1.6891884567300837,0.6627558499882585
tanom,st:502,joint,MJO2,-0.29429392017948186,-1.0712497230698912,0.3799388261456252
tanom,st:502,joint,MJO3,-0.23720316841498135,-1.1654203621559436,0.8805106890960772
tanom,st:502,joint,MJO4,0.6642015253501923,-0.37311267028674344,1.5761879988488305
tanom,st:502,joint,MJO5,0.27419576137206414,-0.8511056467310183,1.4245081918939686
tanom,st:502,joint,MJO6,-0.3483760993116891,-1.2561239941020919,0.3450564482110375
tanom,st:502,joint,MJO7,-0.27048577675019725,-0.9884366876800215,0.6377714502377947
tanom,st:502,joint,MJO8,-0.8239727994556527,-1.6751480698495873,0.13527485235672504
tanom,st:507,joint,intercept,0.5024942530970348,-0.17142557583613385,1.512956166058078
tanom,st:507,joint,PNA,2.252174980165171,2.0149782550689226,2.580437876528081
tanom,st:507,joint,ONI,0.7820096560573945,0.38430784377737454,1.4298762992463538
tanom,st:507,joint,PDO,-0.7642611039926578,-1.310913473955797,0.01639636176085197
tanom,st:507,joint,MJO1,-0.15907423311692492,-1.1452551871874403,0.7436313991160719
tanom,st:507,joint,MJO2,0.029868978475657615,-0.7675023716835793,0.8267522073918675
tanom,st:507,joint,MJO3,-0.40051203674492086,-1.513812012263388,0.8612628089267995
tanom,st:507,joint,MJO4,0.5331155953966747,-0.2561385732499424,1.5780610452395363
tanom,st:507,joint,MJO5,0.20706021366780203,-0.46194257463295363,1.477345684709069
tanom,st:507,joint,MJO6,-0.5453597523894969,-1.5549701911997222,0.22929612539487887
tanom,st:507,joint,MJO7,-0.5063555307176746,-1.8104521913977836,0.4600954214747752
tanom,st:507,joint,MJO8,-0.704515580596345,-1.4126899562391375,0.46914514201876106
tanom,st:515,joint,intercept,-0.02213147078647845,-0.551930076752701,0.7271309517198908
tanom,st:515,joint,PNA,2.7495757823621148,2.431212832134819,3.1655859605818346
tanom,st:515,joint,ONI,0.3961992350986476,-0.11254642279412455,0.8505753917178117
tanom,st:515,joint,PDO,-0.15415990247662642,-0.8737178978187746,0.33163675856393465
tanom,st:515,joint,MJO1,-0.0005118476360506108,-1.1021665990313008,1.192891128134613
tanom,st:515,joint,MJO2,0.0354955415653343,-0.7132731484648518,0.9384699432688864
tanom,st:515,joint,MJO3,-0.09299962641789472,-1.1712388308864985,0.8501753573444856
tanom,st:515,joint,MJO4,0.8328602835499779,-0.30568355310175654,2.1143165322142203
tanom,st:515,joint,MJO5,0.3490312959636348,-0.7729658128054506,1.3855193160956218
tanom,st:515,joint,MJO6,-0.20018330826250186,-1.1966924510688295,0.5913426317387902
tanom,st:515,joint,MJO7,-0.01807081721132575,-1.073587752686669,1.2303119625396592
tanom,st:515,joint,MJO8,-0.7232492015714815,-1.3882718670036336,-0.07021748624055829
tanom,st:553,joint,intercept,0.17726736799363169,-0.33441671323370636,0.9513673258590745
tanom,st:553,joint,PNA,2.0096036175803533,1.8155360651061396,2.3708227559090407
tanom,st:553,joint,ONI,0.5402260367481023,0.10622449992594839,0.8354125712935709
tanom,st:553,joint,PDO,-0.2192442609920054,-0.5328487159071759,0.2922885266686648
tanom,st:553,joint,MJO1,-0.14892913592858337,-1.062856924351303,0.9710036426653078
tanom,st:553,joint,MJO2,0.06714404449691957,-0.6197306594801799,0.9728265769794507
tanom,st:553,joint,MJO3,-0.3015818630763777,-1.6188983663903296,0.6792255984602641
tanom,st:553,joint,MJO4,0.6795019347650222,-0.2318062694347379,1.8002562773779478
tanom,st:553,joint,MJO5,0.4369353871969781,-0.6887491166938067,1.2550884348124893
tanom,st:553,joint,MJO6,-0.11315389966762313,-0.770747627483045,0.5362306803399873
tanom,st:553,joint,MJO7,0.016075679373795726,-0.9644144325434875,0.8338082044221324
tanom,st:553,joint,MJO8,-0.4802172195478762,-1.53697552513083,0.21947702367507263
tanom,st:591,joint,intercept,0.591123864372201,0.05180812036187979,1.021909095264324
tanom,st:591,joint,PNA,2.0556906005362916,1.787757303674025,2.30489236167344
tanom,st:591,joint,ONI,0.2887658295920671,-0.14544021737117632,0.70468039846534
tanom,st:591,joint,PDO,0.29008668869198206,-0.1268162054209726,0.7017858915108437
tanom,st:591,joint,MJO1,-0.24355105010707345,-1.395784880944516,0.8444294950439599
tanom,st:591,joint,MJO2,0.032973157550740706,-1.017066307999095,0.9051690789639592
tanom,st:591,joint,MJO3,-0.3427336399261136,-1.1330705186121033,0.8892101019931066
tanom,st:591,joint,MJO4,0.5038577366408064,-0.08966468397416665,1.6553942849269456
tanom,st:591,joint,MJO5,0.3306865528826147,-0.35271455855286515,1.14513586106267
tanom,st:591,joint,MJO6,-0.22333014488564396,-1.2446867068283534,0.6034972730794895
tanom,st:591,joint,MJO7,-0.006849774369898309,-0.7139853163531165,0.9914778932413145
tanom,st:591,joint,MJO8,-0.8219247414656399,-1.493193677073761,-0.03825646300023542
tanom,st:599,joint,intercept,0.11364003913535753,-0.3864665697104944,0.7399391113809651
tanom,st:599,joint,PNA,2.3327520627939995,2.0180467030448628,2.7820574046241693
tanom,st:599,joint,ONI,0.46147391950481853,0.09875007388289887,0.8898117749300335
tanom,st:599,joint,PDO,-0.2997484383931835,-0.6910992521831276,0.2518585370657264
tanom,st:599,joint,MJO1,-0.4652128010925983,-1.456807603964739,0.6531756202693934
tanom,st:599,joint,MJO2,-0.1609846996228772,-0.935133087582612,0.6713920314190419
tanom,st:599,joint,MJO3,-0.3516123020607863,-1.2664955498878498,0.6802536814565472
tanom,st:599,joint,MJO4,0.696906654584913,-0.26741139900284555,1.5248286312798074
tanom,st:599,joint,MJO5,0.2621742119321735,-0.6856419356276761,1.1982499010738388
tanom,st:599,joint,MJO6,-0.44926273116599136,-1.068229080545913,0.43170266670235097
tanom,st:599,joint,MJO7,-0.30940062090244747,-1.3616666382482059,0.7894585536190462
tanom,st:599,joint,MJO8,-0.8296841144763507,-1.8032234317492486,0.14339908081216116
tanom,st:606,joint,intercept,0.11265577223246631,-0.4704577690745749,0.6109423526390639
tanom,st:606,joint,PNA,2.455993866169931,2.2146052178762035,2.7779777105059864
tanom,st:606,joint,ONI,0.5458571469659463,0.1610701539020666,1.073152891685711
tanom,st:606,joint,PDO,-0.61352089168774,-1.0366505570394418,-0.05131057754811315
tanom,st:606,joint,MJO1,-0.1711970013331645,-1.4651275758776316,1.2224566474253402
tanom,st:606,joint,MJO2,-0.12968407494438083,-0.9579163062724035,0.5806221858098528
tanom,st:606,joint,MJO3,-0.0882594372213441,-1.1822587223069525,0.8914740332882616
tanom,st:606,joint,MJO4,0.5310946751296929,-0.5539558905195742,1.4180415300177345
tanom,st:606,joint,MJO5,0.2749289195569722,-0.6806289569879015,1.217004255189442
tanom,st:606,joint,MJO6,-0.33877494064752534,-1.2776254607065314,0.5241733890787814
tanom,st:606,joint,MJO7,-0.4422266621876393,-1.4522662630385859,0.42470430264823433
tanom,st:606,joint,MJO8,-0.7690241140596569,-1.72665745793577,0.19049828672388938
tanom,st:642,joint,intercept,0.1204860270095259,-0.4989564863079931,0.7641988974598317
tanom,st:642,joint,PNA,1.8408445892239242,1.5338926077614543,2.1268801457305866
tanom,st:642,joint,ONI,0.4073330071997344,-0.04270077838410914,0.9542543466515229
tanom,st:642,joint,PDO,-0.49493997715577126,-0.9011279350228937,0.03786728611021752
tanom,st:642,joint,MJO1,-0.3631909667853172,-1.4937148871882184,0.6420761819322968
tanom,st:642,joint,MJO2,0.03936758432813847,-0.8938999155001484,0.7015644994978056
tanom,st:642,joint,MJO3,-0.3902104790614782,-1.2904348897325624,0.42067692960742437
tanom,st:642,joint,MJO4,0.25257077632573266,-0.5626111185598396,1.1787626644611582
tanom,st:642,joint,MJO5,0.18264336160268424,-0.6214455955894356,1.1728720562445547
tanom,st:642,joint,MJO6,-0.186431759412089,-1.1801845368187105,0.4523882146683149
tanom,st:642,joint,MJO7,-0.2774683505919383,-0.9977717965226813,0.6063358987096027
tanom,st:642,joint,MJO8,-0.7227746420758141,-1.6838549181985378,0.21748495453306038
tanom,st:648,joint,intercept,0.0013581605686727289,-0.5228516792856451,0.6118448150017459
tanom,st:648,joint,PNA,2.0523084828727485,1.8243218534390384,2.195191751105882
tanom,st:648,joint,ONI,0.48463442839914944,0.002397163940007365,0.777217662321843
tanom,st:648,joint,PDO,-0.1668424409282901,-0.5014631115600137,0.2592543308318184
tanom,st:648,joint,MJO1,-0.21624493066005102,-1.0109539276920438,0.6241084913588286
tanom,st:648,joint,MJO2,-0.05338422551128141,-0.8509335863685891,0.7011319845052795
tanom,st:648,joint,MJO3,-0.2708774368345116,-0.9401879357542796,0.6461833824805312
tanom,st:648,joint,MJO4,0.33201323528572935,-0.5473186348033834,1.0932057840343703
tanom,st:648,joint,MJO5,0.402176032609168,-0.5356971391681352,1.1366179239961844
tanom,st:648,joint,MJO6,-0.015099656985942733,-0.5316040167844246,0.7340286974719636
tanom,st:648,joint,MJO7,0.12553697866872449,-0.7510762410160938,0.7636024185698131
tanom,st:648,joint,MJO8,-0.3343113924077866,-1.1905406506630125,0.51929825789805
tanom,st:672,joint,intercept,0.04691102908966101,-0.47340149508597207,0.48948485100788897
tanom,st:672,joint,PNA,1.838966007832104,1.621737237416117,2.134466166872315
tanom,st:672,joint,ONI,0.4474356578900324,0.12335260974127986,0.8633305224663925
tanom,st:672,joint,PDO,0.10202437171463241,-0.2942024112178839,0.5529803333778353
tanom,st:672,joint,MJO1,-0.1060763123410533,-0.930533308664793,0.908070575233084
tanom,st:672,joint,MJO2,0.2607935354695513,-0.40979318260641034,0.8854674886867431
tanom,st:672,joint,MJO3,-0.4723370499303611,-1.2320982987676141,0.655457583188946
tanom,st:672,joint,MJO4,0.296445892723067,-0.6506617883969418,1.0223972269197776
tanom,st:672,joint,MJO5,0.10732382150149988,-0.608183268000244,0.9499213086809262
tanom,st:672,joint,MJO6,-0.2834684164995842,-0.8292856568785855,0.6212348114166509
tanom,st:672,joint,MJO7,-0.34202970805182387,-0.9948516483680606,0.718254874139161
tanom,st:672,joint,MJO8,-0.5395304882917438,-1.698950418191272,0.42915631303714796
tanom,st:679,joint,intercept,-0.06410220081605206,-0.5555132033287133,0.5322465069586891
tanom,st:679,joint,PNA,2.667418223043401,2.333734518318091,2.8991574055145177
tanom,st:679,joint,ONI,0.49186357430355454,0.023127290338289336,0.9465215486779232
tanom,st:679,joint,PDO,-0.02296524179546404,-0.3697985039048599,0.32184958676194786
tanom,st:679,joint,MJO1,-0.3710015401430783,-1.2602051803480563,0.6888064966948815
tanom,st:679,joint,MJO2,-0.06835982751568936,-1.2528704918687854,0.6546286008852901
tanom,st:679,joint,MJO3,-0.1837113176805858,-1.007825631853426,1.1683087445427012
tanom,st:679,joint,MJO4,0.8265949975765526,-0.05868835169315271,1.8176418552138118
tanom,st:679,joint,MJO5,0.62382099667606,-0.08321968071215902,1.7746840705764768
tanom,st:679,joint,MJO6,-0.0041581246223564294,-0.709496905768246,1.0424151035916926
tanom,st:679,joint,MJO7,0.3442427578290097,-0.6602174840251711,1.3666758536909815
tanom,st:679,joint,MJO8,-0.7404634243494332,-1.7588262524913203,0.1538595702774915
tanom,st:681,joint,intercept,0.3056639384613362,-0.5135156623328732,0.8163617086255575
tanom,st:681,joint,PNA,1.982471513262876,1.6311242378750495,2.567953182098917
tanom,st:681,joint,ONI,0.9496020073530527,0.46029861468401495,1.3820650097067482
tanom,st:681,joint,PDO,-0.03527775405426725,-0.5414847577972547,0.7241908569941052
tanom,st:681,joint,MJO1,-0.004199230414382749,-1.4797142948170086,0.9457119992327291
tanom,st:681,joint,MJO2,-0.3088308442962368,-1.044173510571148,0.9682787321154116
tanom,st:681,joint,MJO3,-1.1116695167146564,-2.194707387937348,0.04834348988123697
tanom,st:681,joint,MJO4,0.024022723174225602,-0.6670815031774853,1.0349328522294998
tanom,st:681,joint,MJO5,-0.21891716881181345,-0.7428098545112076,0.6028948014235925
tanom,st:681,joint,MJO6,-1.0357297434067325,-1.813316852240193,-0.19653441693112866
tanom,st:681,joint,MJO7,-0.7870758376995673,-1.8157188811495333,0.1273326656650196
tanom,st:681,joint,MJO8,-0.4485011178918905,-1.889417740367841,0.4376414523099124
tanom,st:692,joint,intercept,0.06201201125499285,-0.38223623687407743,0.5760067483989226
tanom,st:692,joint,PNA,2.5137444712037524,2.2143759446881623,2.9583188174342703
tanom,st:692,joint,ONI,0.4441752089966607,0.029815779778764484,0.9773980838424077
tanom,st:692,joint,PDO,-0.12437567241624431,-0.4516589736653644,0.30019043136019946
tanom,st:692,joint,MJO1,-0.3744604556975396,-1.2873988244140326,0.7224058667858907
tanom,st:692,joint,MJO2,-0.09472955883386547,-0.8288143789063208,0.7674595010974107
tanom,st:692,joint,MJO3,-0.31805561581691744,-1.3755802936415542,0.7910432763536807
tanom,st:692,joint,MJO4,0.6836948232204881,-0.1413937608296504,1.8259818288279068
tanom,st:692,joint,MJO5,0.21641494960425556,-0.6215902723189374,1.0892530948753614
tanom,st:692,joint,MJO6,-0.15088847058814703,-1.0874651772900203,0.8553090740403427
tanom,st:692,joint,MJO7,0.04557057650341334,-0.9187961706126249,1.0005169719263116
tanom,st:692,joint,MJO8,-0.8967282397112863,-1.6692199986560474,0.002424829934753703
tanom,st:699,joint,intercept,0.05339520491432288,-0.556607634983808,0.6109605922909933
tanom,st:699,joint,PNA,1.7046607694059581,1.4396384079837317,1.923113826171071
tanom,st:699,joint,ONI,0.7999956985394102,0.31324209468708647,1.355568162256224
tanom,st:699,joint,PDO,-0.8630193835501353,-1.3397928873270042,-0.137997028995639
tanom,st:699,joint,MJO1,0.24807831141589898,-1.0263619722780994,1.1000109333254913
tanom,st:699,joint,MJO2,0.4034667236663675,-0.5712927479792198,0.9693306046445159
tanom,st:699,joint,MJO3,-0.18033624963300798,-1.2829839727459673,0.7308678746112244
tanom,st:699,joint,MJO4,0.3103221381196244,-0.8637151844410202,1.0548459620346973
tanom,st:699,joint,MJO5,-0.0496822236324434,-0.9118896873475305,0.9255058669025906
tanom,st:699,joint,MJO6,-0.5545278454741844,-1.2595926771129282,0.3437964611618367
tanom,st:699,joint,MJO7,-0.30081856571598664,-1.173746366168804,0.5444550044510398
tanom,st:699,joint,MJO8,-0.2979917727395909,-1.168432014719437,0.56897603172447
tanom,st:702,joint,intercept,-0.04900328670936865,-0.5138673936505826,0.5094046579264547
tanom,st:702,joint,PNA,1.850830262612954,1.5303244307373334,2.0910321821713342
tanom,st:702,joint,ONI,0.47445774659243894,0.1877131264388585,0.7632881009206711
tanom,st:702,joint,PDO,0.09400859131583472,-0.2598666833637982,0.46627931835217984
tanom,st:702,joint,MJO1,-0.06724150035812115,-1.3326272350269837,0.8228677387562782
tanom,st:702,joint,MJO2,0.18565691206775603,-0.7992002208298644,0.9150693663488226
tanom,st:702,joint,MJO3,-0.46373014302460147,-1.4628822847820457,0.6684496185812344
tanom,st:702,joint,MJO4,0.49781836147526115,-0.1829158027684946,1.52234895371091
tanom,st:702,joint,MJO5,0.2002245835839142,-0.5959263059805975,0.9585321722800482
tanom,st:702,joint,MJO6,-0.08355243985404193,-0.8179166224958231,0.6055848648583274
tanom,st:702,joint,MJO7,0.0867061764704179,-0.957284246793981,0.749971481518792
tanom,st:702,joint,MJO8,-0.3986544484144854,-1.1384410767426816,0.41397377532965984
tanom,st:707,joint,intercept,-0.03740137793652686,-0.5373031805971978,0.6358172834767686
tanom,st:707,joint,PNA,2.445773115845914,2.0775511898659054,2.7794720876351944
tanom,st:707,joint,ONI,0.7180884688214829,0.45785678027790183,1.0750196926416806
tanom,st:707,joint,PDO,-0.24307940051943797,-0.7296766575066953,0.11014173024477054
tanom,st:707,joint,MJO1,-0.03446275553705547,-1.3529999479942552,0.8604942396778579
tanom,st:707,joint,MJO2,0.9300252409630234,-0.37934452262063906,1.5119090275877565
tanom,st:707,joint,MJO3,-0.20276010124274269,-1.1159298385842773,0.9490874024154436
tanom,st:707,joint,MJO4,0.766905776186985,-0.06666775009970459,1.9492428740838614
tanom,st:707,joint,MJO5,0.4751856667113218,-0.4735976116782741,1.3614498538705637
tanom,st:707,joint,MJO6,-0.5070188155246835,-1.3833825847057315,0.2616578364584515
tanom,st:707,joint,MJO7,-0.15901914558642727,-0.8594741691133253,0.9024894983941777
tanom,st:707,joint,MJO8,-0.4046238954403636,-1.2920199089298614,0.5373161627098424
tanom,st:711,joint,intercept,0.027770509456890132,-0.470774581920145,0.5379353317201445
tanom,st:711,joint,PNA,2.084681026742615,1.8444767803485018,2.466237429751797
tanom,st:711,joint,ONI,0.4253078459594065,0.08347080256166338,0.7632308060468637
tanom,st:711,joint,PDO,-0.01936711732935506,-0.32416083216820735,0.2181743023050026
tanom,st:711,joint,MJO1,0.2024907768203883,-0.8865503805492387,1.078610534583784
tanom,st:711,joint,MJO2,0.4155464589564227,-0.2782151644358192,1.1644401483154208
tanom,st:711,joint,MJO3,-0.1686841361493001,-0.9279565441192554,0.6951850780859888
tanom,st:711,joint,MJO4,0.5708647133343194,-0.06682202518977295,1.272294652625205
tanom,st:711,joint,MJO5,0.08862503949697587,-0.5626158939007933,0.795901013596841
tanom,st:711,joint,MJO6,-0.2914150834212143,-1.1022982668211037,0.4647781529153671
tanom,st:711,joint,MJO7,-0.3114688504351528,-1.17524540705565,0.561773614333995
tanom,st:711,joint,MJO8,-0.5175684623323076,-1.235222296944443,0.07382509409103104
tanom,st:728,joint,intercept,0.030127812854624333,-0.5689443525667476,0.7702352571928666
tanom,st:728,joint,PNA,2.1279691352023997,1.8482814623031594,2.484694244770865
tanom,st:728,joint,ONI,0.6835562569374752,0.37119695877500775,1.0555468726378692
tanom,st:728,joint,PDO,-0.36800006106789923,-0.7671998824561306,0.0432012413834901
tanom,st:728,joint,MJO1,0.10690892207642255,-1.1711922474478356,0.9479772761450981
tanom,st:728,joint,MJO2,0.5412901862793528,-0.23619741744769931,1.1077933666246056
tanom,st:728,joint,MJO3,-0.17089605930480933,-1.2648821435533217,0.8269261280083942
tanom,st:728,joint,MJO4,0.3170776803108737,-0.5181700584073563,1.1993909577702055
tanom,st:728,joint,MJO5,0.015467113362705232,-0.9048989106807638,0.5363847194544761
tanom,st:728,joint,MJO6,-0.5654983978496546,-1.3101795457077565,0.04856953092551071
tanom,st:728,joint,MJO7,-0.4179282397873687,-1.3334962586444987,0.4397860648833625
tanom,st:728,joint,MJO8,-0.6782170313979996,-1.4096629420133338,0.22780275951497012
tanom,st:734,joint,intercept,0.4811497494247035,-0.044349879734518004,1.0718719548255013
tanom,st:734,joint,PNA,1.9292191684350752,1.7099075061628546,2.3651084605229964
tanom,st:734,joint,ONI,0.5776958475241578,0.03636564735456622,0.9524233199720807
tanom,st:734,joint,PDO,-0.48354613599840635,-0.8978191798815068,0.05157387020533966
tanom,st:734,joint,MJO1,0.0750358823742574,-0.746796085141926,1.1965908543055848
tanom,st:734,joint,MJO2,0.2561345000808952,-0.45221307272366773,0.8285892111511972
tanom,st:734,joint,MJO3,-0.23596750368281838,-1.2816046562536874,0.5450956791913175
tanom,st:734,joint,MJO4,0.2533825836462167,-0.923674904842284,0.9595946570223999
tanom,st:734,joint,MJO5,-0.16598167567904532,-0.9966084721494886,0.5367563679032766
tanom,st:734,joint,MJO6,-0.5346363961628273,-1.4970748332425707,0.06970940575431679
tanom,st:734,joint,MJO7,-0.3889303037307841,-1.5611212211585277,0.43626273732387
tanom,st:734,joint,MJO8,-0.5587044624225941,-1.4353690553173284,0.41380927421592406
tanom,st:748,joint,intercept,0.11821370448715676,-0.449336184163074,0.6722653780106828
tanom,st:748,joint,PNA,2.302236176406142,2.1047050455788563,2.536087444334119
tanom,st:748,joint,ONI,0.5539328156737725,0.20593422923441176,0.8623408395059073
tanom,st:748,joint,PDO,-0.25440837395021043,-0.7368606040972545,0.19542716715936145
tanom,st:748,joint,MJO1,-0.18542340653474398,-1.1478494003965296,0.5453053484617698
tanom,st:748,joint,MJO2,0.0005665284980094221,-0.830588686869268,0.6485906471810935
tanom,st:748,joint,MJO3,-0.26080472310028213,-1.2182325924757276,0.7463781359810874
tanom,st:748,joint,MJO4,0.738903863581403,0.036642802972145096,1.4585038670476835
tanom,st:748,joint,MJO5,0.6068021363574869,-0.31322684754336905,1.3898307015119142
tanom,st:748,joint,MJO6,-0.007314788219874191,-0.668089295609399,0.7117453626786233
tanom,st:748,joint,MJO7,0.27589793057443224,-0.5640372176592259,1.3794223169028224
tanom,st:748,joint,MJO8,-0.4520150263142344,-1.3300326460435612,0.22281967414485
tanom,st:776,joint,intercept,-0.38858957755101853,-0.7268357495045561,0.16116383153098196
tanom,st:776,joint,PNA,1.8405389105605514,1.5713680465347737,2.1142821768866438
tanom,st:776,joint,ONI,0.4301375148559967,0.18997937352863184,0.7480056098820749
tanom,st:776,joint,PDO,0.3254039439967683,0.026404986256193995,0.5730626465264232
tanom,st:776,joint,MJO1,-0.1838745032921757,-1.1628900288393527,0.572884206102808
tanom,st:776,joint,MJO2,0.17285153250023155,-0.7144809484726766,0.9770634663617415
tanom,st:776,joint,MJO3,-0.3946914859004078,-1.4607054502708632,0.36338898913308576
tanom,st:776,joint,MJO4,0.47930779844591476,-0.22910094090598074,1.149350960639303
tanom,st:776,joint,MJO5,0.23607332777663148,-0.4044317074569546,0.9375377401761498
tanom,st:776,joint,MJO6,-0.201790510490915,-0.9156775591559959,0.5641353454342127
tanom,st:776,joint,MJO7,-0.007120596857441819,-1.0182773963261547,0.6928839493905177
tanom,st:776,joint,MJO8,-0.41818091887894426,-1.2259689250977173,0.3514954686229434
tanom,st:777,joint,intercept,0.2183462551752744,-0.25965750484610006,0.8741387730640026
tanom,st:777,joint,PNA,2.048703225787559,1.780602344238913,2.272856854471486
tanom,st:777,joint,ONI,0.774236296713037,0.3281236258021529,1.2028437908996383
tanom,st:777,joint,PDO,-0.5297113891709508,-1.0299172658177613,0.15933360882815187
tanom,st:777,joint,MJO1,-0.5901887814063695,-1.5942446021454475,0.5334224174656077
tanom,st:777,joint,MJO2,0.025857795317349552,-0.6720006903228959,0.7346345681020618
tanom,st:777,joint,MJO3,-0.41119423877736605,-1.5102985349051912,0.3297370295811788
tanom,st:777,joint,MJO4,0.14629619363245072,-0.8131358472070465,1.0302928274422292
tanom,st:777,joint,MJO5,0.4285106112931363,-0.2785206684692765,1.3659431910501068
tanom,st:777,joint,MJO6,-0.23294555172518738,-1.00576982254446,0.5087788400783589
tanom,st:777,joint,MJO7,0.02581173423547989,-0.8972617969617597,1.045231347166896
tanom,st:777,joint,MJO8,-0.530014512167789,-1.3650131200205993,0.17906425386783295
tanom,st:788,joint,intercept,-0.003684759330302525,-0.5007246288064555,0.5951599264510095
tanom,st:788,joint,PNA,1.7582060098701833,1.5266898340487842,2.114918079377048
tanom,st:788,joint,ONI,0.45189195170909624,0.02134864659162255,0.7908089480261395
tanom,st:788,joint,PDO,0.1411300000772972,-0.16747089948900293,0.5739381189463215
tanom,st:788,joint,MJO1,-0.012244915778966692,-0.7202982872071674,1.069362249608539
tanom,st:788,joint,MJO2,0.4041874799619082,-0.3105206495656843,1.0605711982336077
tanom,st:788,joint,MJO3,-0.3788947579538229,-1.2045972895756643,0.5892601089526566
tanom,st:788,joint,MJO4,0.2175144581915862,-0.7410487950199346,1.119426077398365
tanom,st:788,joint,MJO5,-0.005119801724778994,-0.7320082865165343,0.7045361058479794
tanom,st:788,joint,MJO6,-0.395675812100891,-1.304529875816432,0.46620256832077356
tanom,st:788,joint,MJO7,-0.2919350297780611,-1.249900302606561,0.45285681582384907
tanom,st:788,joint,MJO8,-0.6120868325712858,-1.423312822524789,-0.0065754425869849415
tanom,st:791,joint,intercept,-0.04078902967080639,-0.567494505166398,0.3694455117907712
tanom,st:791,joint,PNA,1.7226773451518298,1.4864570051065855,1.9750772977871793
tanom,st:791,joint,ONI,0.48808445057082317,0.1268533548270096,0.718957882175326
tanom,st:791,joint,PDO,-0.049275463130458996,-0.4143628518188335,0.3410285955127349
tanom,st:791,joint,MJO1,0.08704369837743953,-0.9641127807108307,0.798008658154913
tanom,st:791,joint,MJO2,0.346463362472641,-0.13880499796265416,0.9286298159503519
tanom,st:791,joint,MJO3,-0.20014192026536226,-1.3535075075375347,0.6701553187860292
tanom,st:791,joint,MJO4,0.44163660706758756,-0.33441347854100184,1.2194384371498634
tanom,st:791,joint,MJO5,0.020044563533863302,-0.646753064102338,0.6189981997924515
tanom,st:791,joint,MJO6,-0.2732730701549413,-0.8231412931093377,0.2529186116405951
tanom,st:791,joint,MJO7,-0.0599477946698298,-0.8153844066106419,0.7413802150433033
tanom,st:791,joint,MJO8,-0.2708414011559801,-0.8816495266235698,0.46143286332825895
tanom,st:804,joint,intercept,0.39289382622967783,-0.06945431797050931,0.9555674467942138
tanom,st:804,joint,PNA,1.846563279137514,1.6760083916171131,2.034505541479137
tanom,st:804,joint,ONI,0.5783295038713772,0.268278229872873,1.02527005674438
tanom,st:804,joint,PDO,-0.6706563717643332,-1.0589675459025285,-0.3815453179776049
tanom,st:804,joint,MJO1,0.2284791439933464,-0.9269836690355612,1.2734200911408071
tanom,st:804,joint,MJO2,0.28808842163067394,-0.4783638078876233,1.1693017505554177
tanom,st:804,joint,MJO3,-0.2674650517928225,-1.3806921443225064,0.774182645430831
tanom,st:804,joint,MJO4,0.5138687006787355,-0.12018343480419874,1.6433629905968836
tanom,st:804,joint,MJO5,0.12914762259587992,-0.34825942980221414,0.7901909152741914
tanom,st:804,joint,MJO6,-0.01939240710844914,-0.7419988762226325,0.800648008594026
tanom,st:804,joint,MJO7,-0.03919068477813148,-1.026297323576252,0.8290877248432922
tanom,st:804,joint,MJO8,-0.44306067389129133,-1.5691891046120094,0.4975092064095366
tanom,st:817,joint,intercept,0.4031176948486595,-0.292915830216912,0.9834818645000838
tanom,st:817,joint,PNA,1.9512199447136742,1.6951587232107106,2.377879735028792
tanom,st:817,joint,ONI,0.6616341223329726,0.1684485583130247,0.9346266807746894
tanom,st:817,joint,PDO,-0.6037931050470093,-1.004825260989888,-0.09071221100714374
tanom,st:817,joint,MJO1,-0.5420427862409004,-1.707181677210483,0.5300119184401847
tanom,st:817,joint,MJO2,0.1453430346662531,-0.5066364521478768,0.7854878941816459
tanom,st:817,joint,MJO3,-0.06581814684734089,-0.8712481568475513,0.8638539456657331
tanom,st:817,joint,MJO4,0.40278815753803465,-0.40115665941623196,1.1400759142393981
tanom,st:817,joint,MJO5,-0.10515973866171158,-0.8268515136042097,0.8805236954416132
tanom,st:817,joint,MJO6,-0.5852254226433311,-1.2996964354398395,0.3853342729646313
tanom,st:817,joint,MJO7,-0.5273238021009357,-1.4059718000637622,0.36272362681123804
tanom,st:817,joint,MJO8,-0.9093773191048502,-1.9445371597369523,-0.18065114225098855
tanom,st:824,joint,intercept,0.02865895460413378,-0.47132612886275516,0.7150822593140831
tanom,st:824,joint,PNA,2.4867026155594214,2.226157017448877,2.7261498682822882
tanom,st:824,joint,ONI,0.32593053490599494,-0.036835776861110676,0.6542702443049072
tanom,st:824,joint,PDO,-0.09746686675459551,-0.5003846860661838,0.25416338658958537
tanom,st:824,joint,MJO1,-0.5123510366969948,-1.9741511380456909,0.6640858846088351
tanom,st:824,joint,MJO2,0.02918183581868472,-0.8407875550767605,1.0156253605598586
tanom,st:824,joint,MJO3,-0.5074327859615215,-1.7819351373050383,0.3575413743722733
tanom,st:824,joint,MJO4,0.932643184623685,0.0398111173023275,1.9036017950992496
tanom,st:824,joint,MJO5,0.5082548484306137,-0.7868656065425443,1.6121626616229743
tanom,st:824,joint,MJO6,-0.2646626170097608,-1.2594269290474687,0.7656523770917191
tanom,st:824,joint,MJO7,-0.098111635628652,-1.248089963750326,0.9564541832341231
tanom,st:824,joint,MJO8,-0.6490183836650517,-1.590539052211252,0.235277602408177
tanom,st:832,joint,intercept,0.09804260045759645,-0.3128506069213213,0.5911993638804649
tanom,st:832,joint,PNA,2.627562345182529,2.354354994345724,2.9522035610387194
tanom,st:832,joint,ONI,0.3895804688080012,0.01073014348166023,0.6680765782026902
tanom,st:832,joint,PDO,-0.1700454168989193,-0.6514758195443341,0.2587767199537114
tanom,st:832,joint,MJO1,-0.47115904246014084,-1.7651890536448374,0.9082222782725644
tanom,st:832,joint,MJO2,0.004102856707539404,-0.9283684667633801,0.7780942743851386
tanom,st:832,joint,MJO3,-0.33811538018753606,-1.2470613641676414,0.5708472975389268
tanom,st:832,joint,MJO4,0.670946105209657,-0.4666294635046509,1.700571786551378
tanom,st:832,joint,MJO5,0.054333770540327064,-0.6996421916855915,1.0945748188978783
tanom,st:832,joint,MJO6,-0.5836452176294028,-1.375196586341775,0.15863376863744744
tanom,st:832,joint,MJO7,-0.3569941947697888,-1.7866326975515108,0.501589000621147
tanom,st:832,joint,MJO8,-0.9776452583276928,-2.028817353040403,-0.1970570772341155
tanom,st:841,joint,intercept,0.045083431339233745,-0.5750378848028772,0.674273683270616
tanom,st:841,joint,PNA,1.7841366589899175,1.591414499947342,2.1648358113017663
tanom,st:841,joint,ONI,0.502033077017455,0.06267839045287997,0.9031411932500458
tanom,st:841,joint,PDO,-0.5369401724564525,-1.0768108224394664,0.03776667590227423
tanom,st:841,joint,MJO1,0.14338036226056416,-1.0572868200453578,1.3085051391896774
tanom,st:841,joint,MJO2,0.4454349273608945,-0.21880818384273468,1.012840741046887
tanom,st:841,joint,MJO3,-0.2954953610553155,-1.0512735414517107,0.7540526370550178
tanom,st:841,joint,MJO4,0.3012653193658755,-0.7162697366068995,1.225947202559545
tanom,st:841,joint,MJO5,0.08099416637127937,-0.9157505397615977,0.6502131695075627
tanom,st:841,joint,MJO6,-0.565545293541783,-1.2319544072621154,0.19235587491434702
tanom,st:841,joint,MJO7,-0.3627377022873327,-0.8544959274333168,0.3304240918138569
tanom,st:841,joint,MJO8,-0.518760355484672,-1.5663171166744563,0.2469395324164438
tanom,st:863,joint,intercept,-0.03724860997617144,-0.45529802278458903,0.46853583667246
tanom,st:863,joint,PNA,1.5654909644524493,1.2837476379425548,1.8850848100726336
tanom,st:863,joint,ONI,0.4081267246349055,0.11958370308326452,0.77968786691924
tanom,st:863,joint,PDO,-0.03422070142528057,-0.32107960971539895,0.2902141672025213
tanom,st:863,joint,MJO1,0.09203649181377893,-0.7321775123075431,1.0571626732537935
tanom,st:863,joint,MJO2,0.24710411039871705,-0.4876718297362241,0.8351686835079932
tanom,st:863,joint,MJO3,-0.3954308449792185,-1.3780447030194194,0.4819901569825331
tanom,st:863,joint,MJO4,0.46471768025476123,-0.28970586145374927,1.21926276653053
tanom,st:863,joint,MJO5,0.0241162657381353,-0.7499155822186861,0.7504856735169215
tanom,st:863,joint,MJO6,-0.42564626761083996,-1.1478992476122019,0.29788219123150406
tanom,st:863,joint,MJO7,-0.4022527296705504,-1.1576738434994729,0.42542994129127115
tanom,st:863,joint,MJO8,-0.3830992595350849,-1.0253648040600236,0.4529256603962952
swe,all stations,joint,intercept,0.9861018567684154,0.8881972813768197,1.0612854715340103
swe,all stations,joint,PNA,-0.13985093041520458,-0.21064466981086866,-0.06518866563889772
swe,all stations,joint,ONI,-0.12252755499553596,-0.2683586575231785,0.0012295254082090176
swe,all stations,joint,PDO,0.03646534864924533,-0.04967754169248885,0.1306422239034737
swe,all stations,joint,MJO1,0.07180359443725703,-0.11891106555110253,0.2886000920119368
swe,all stations,joint,MJO2,0.3830392189846268,0.142001714835337,0.6633039141760668
swe,all stations,joint,MJO3,0.03843434077597749,-0.14265128078243913,0.25120479700244946
swe,all stations,joint,MJO4,0.17947218816925692,-0.012930971707028737,0.39802041319199427
swe,all stations,joint,MJO5,0.13083422656622107,-0.05261407487080506,0.3503726460704834
swe,all stations,joint,MJO6,0.16226840195733505,-0.03376618343207439,0.37384308694587226
swe,all stations,joint,MJO7,-0.08079865984979609,-0.2799572146720693,0.1420520224745699
swe,all stations,joint,MJO8,0.010215945848184249,-0.16929258873147746,0.2184738128889517
swe,all stations,PNA alone,intercept,1.0512501640231833,0.9858215430419274,1.1058878611003373
swe,all stations,PNA alone,PNA,-0.15564013449509198,-0.2266688224713127,-0.1013191555617179
swe,all stations,ONI alone,intercept,1.0511198233089478,0.9914579654364928,1.1129471257800816
swe,all stations,ONI alone,ONI,-0.12268961977985825,-0.2618296414269897,-0.029863885153244934
swe,all stations,PDO alone,intercept,1.0511198233089478,0.9930635841855909,1.1151063681314624
swe,all stations,PDO alone,PDO,-0.04743961368233238,-0.10991172019134504,0.022297685788371043
swe,low (<4000 ft),joint,intercept,0.9776040381762452,0.8595210313068722,1.0693441387534959
swe,low (<4000 ft),joint,PNA,-0.21442800815344137,-0.2877295056330443,-0.14581801503456843
swe,low (<4000 ft),joint,ONI,-0.1513154701582318,-0.3033068643038051,-0.025545042647511493
swe,low (<4000 ft),joint,PDO,0.025643086762743475,-0.0687048177280369,0.13762031736272645
swe,low (<4000 ft),joint,MJO1,0.10001701008418803,-0.13188605824540453,0.31568350470367507
swe,low (<4000 ft),joint,MJO2,0.4314343418244785,0.13923483350734278,0.6885282197351414
swe,low (<4000 ft),joint,MJO3,0.12864331156160153,-0.08919362816383601,0.36997672534272064
swe,low (<4000 ft),joint,MJO4,0.23505799987173193,-0.003401668843263683,0.44919861593492466
swe,low (<4000 ft),joint,MJO5,0.18355615867989417,-0.08475165412717399,0.4152611484515008
swe,low (<4000 ft),joint,MJO6,0.17316000112631602,-0.026892961879287917,0.37067125075971086
swe,low (<4000 ft),joint,MJO7,-0.08265191312795384,-0.29047673646271754,0.12021689095621246
swe,low (<4000 ft),joint,MJO8,-0.0023788196515212856,-0.177813562849885,0.1981234242778615
swe,low (<4000 ft),PNA alone,intercept,1.0637447867013294,0.9786510332856485,1.1374746500225132
swe,low (<4000 ft),PNA alone,PNA,-0.24025403844731422,-0.30909418440100417,-0.17299373253169803
swe,low (<4000 ft),ONI alone,intercept,1.0636313904268968,0.9865389891641416,1.1336473059301242
swe,low (<4000 ft),ONI alone,ONI,-0.1675204868165468,-0.3047390232923477,-0.07038917681843639
swe,low (<4000 ft),PDO alone,intercept,1.0636313904268968,0.9957633349778081,1.1399573401168754
swe,low (<4000 ft),PDO alone,PDO,-0.08888802966023922,-0.16569630675919225,-0.021179437423150236
swe,mid (4000-5000 ft),joint,intercept,0.9824783296913888,0.8928326827464584,1.0643993048700149
swe,mid (4000-5000 ft),joint,PNA,-0.11351352349575289,-0.18833270442847985,-0.05130418776845161
swe,mid (4000-5000 ft),joint,ONI,-0.11264178060481539,-0.25762770074171404,0.005183783238510802
swe,mid (4000-5000 ft),joint,PDO,0.04319361839411454,-0.05234320684396374,0.1364851996198103
swe,mid (4000-5000 ft),joint,MJO1,0.03879294082052022,-0.1499985450037097,0.26310032240368875
swe,mid (4000-5000 ft),joint,MJO2,0.40074408791940835,0.14555639098037862,0.6460673641978699
swe,mid (4000-5000 ft),joint,MJO3,0.017263862728600754,-0.19370618938349202,0.2238555028323011
swe,mid (4000-5000 ft),joint,MJO4,0.16873266643665286,-0.015994659740195375,0.3903385806000752
swe,mid (4000-5000 ft),joint,MJO5,0.10296679347701097,-0.10274349811623583,0.28026194845943153
swe,mid (4000-5000 ft),joint,MJO6,0.16146809991396183,-0.043866926847548025,0.35540804656382796
swe,mid (4000-5000 ft),joint,MJO7,-0.08613682408381032,-0.2915138753420367,0.1016444954652895
swe,mid (4000-5000 ft),joint,MJO8,0.01022437356140024,-0.19137758159219018,0.23011279194544978
swe,mid (4000-5000 ft),PNA alone,intercept,1.041662055116652,0.9828342563242907,1.1034727160478357
swe,mid (4000-5000 ft),PNA alone,PNA,-0.1260243705522177,-0.19146303807358112,-0.0626274596058848
swe,mid (4000-5000 ft),ONI alone,intercept,1.0415218394678276,0.9736578045559153,1.0901353466820183
swe,mid (4000-5000 ft),ONI alone,ONI,-0.10553686021961874,-0.23916277796636812,-0.0080321138556484
swe,mid (4000-5000 ft),PDO alone,intercept,1.0415218394678276,0.9832343086747088,1.103969018859618
swe,mid (4000-5000 ft),PDO alone,PDO,-0.03000698891575137,-0.09864000144242377,0.04276896145804698
swe,high (>=5000 ft),joint,intercept,1.0022178923570813,0.9175120408496136,1.0846958141497576
swe,high (>=5000 ft),joint,PNA,-0.10147742097135304,-0.1609136958432024,-0.03348619614635164
swe,high (>=5000 ft),joint,ONI,-0.11081040663042643,-0.240673706615852,-0.0018169480631900674
swe,high (>=5000 ft),joint,PDO,0.041808727208299014,-0.0426242620765594,0.12888598068453178
swe,high (>=5000 ft),joint,MJO1,0.08683202118338466,-0.10636520125792276,0.2952414667241046
swe,high (>=5000 ft),joint,MJO2,0.320234470883575,0.12388528384824261,0.5605005090539228
swe,high (>=5000 ft),joint,MJO3,-0.016296493004052337,-0.19089139273510045,0.18179169200033934
swe,high (>=5000 ft),joint,MJO4,0.14369954746970515,-0.05473708341589041,0.35254249956701833
swe,high (>=5000 ft),joint,MJO5,0.11516365042507527,-0.06501498810010088,0.28756293405458094
swe,high (>=5000 ft),joint,MJO6,0.16110268442322556,-0.03924397143234783,0.3766442742843028
swe,high (>=5000 ft),joint,MJO7,-0.07130978920158562,-0.25789216264307485,0.11674290232919925
swe,high (>=5000 ft),joint,MJO8,0.023528823714220354,-0.16731136210931,0.20414344213352442
swe,high (>=5000 ft),PNA alone,intercept,1.0567961850471062,0.9971695891908972,1.126277272836551
swe,high (>=5000 ft),PNA alone,PNA,-0.11157669040956784,-0.17464094572066313,-0.05454951770917214
swe,high (>=5000 ft),ONI alone,intercept,1.0566601197086007,0.9907479890560877,1.1109236453178675
swe,high (>=5000 ft),ONI alone,ONI,-0.10316936705686913,-0.21460784259947116,-0.011863974427855122
swe,high (>=5000 ft),PDO alone,intercept,1.0566601197086007,1.0039504908384858,1.1143177395364443
swe,high (>=5000 ft),PDO alone,PDO,-0.02765106993890362,-0.09256089669129089,0.03510997134000726
swe,st:352,joint,intercept,0.9538670535220056,0.8318067535066189,1.0399179622705912
swe,st:352,joint,PNA,-0.09826542876053684,-0.23265491955502096,-0.010168471619612958
swe,st:352,joint,ONI,-0.0748346591698718,-0.23079854878305314,0.006178012222258838
swe,st:352,joint,PDO,0.05078968778051837,-0.018685815760142683,0.16555044676863442
swe,st:352,joint,MJO1,-0.06216439662832524,-0.2907678300547765,0.1615707985626036
swe,st:352,joint,MJO2,0.4479434395786549,0.13093943651294376,0.8146714690175036
swe,st:352,joint,MJO3,0.019075397462673914,-0.17309847210884088,0.29753341637080294
swe,st:352,joint,MJO4,0.18383810706734818,-0.0649180986128915,0.4239614693734469
swe,st:352,joint,MJO5,0.07639889724944525,-0.1296097009931479,0.3340231132571562
swe,st:352,joint,MJO6,0.11223105182295166,-0.11094205923300698,0.5338383672304369
swe,st:352,joint,MJO7,-0.06682714461137279,-0.2658870245946489,0.1857600227596525
swe,st:352,joint,MJO8,-0.07444494348075978,-0.256127578828747,0.20491460800213057
swe,st:375,joint,intercept,0.9195011354950551,0.7901173128105679,1.0148598715939163
swe,st:375,joint,PNA,-0.16212584968164356,-0.2693969207722817,-0.11328988608658666
swe,st:375,joint,ONI,-0.09578719565799293,-0.26705944877100063,0.04727207661487317
swe,st:375,joint,PDO,0.03960827798564585,-0.04902974571504386,0.16322880916008123
swe,st:375,joint,MJO1,0.009527117297828777,-0.17954313888901108,0.26524450378239217
swe,st:375,joint,MJO2,0.34084454149607596,0.08681738275732898,0.6253613174054956
swe,st:375,joint,MJO3,0.037128456458277656,-0.16072024422548734,0.29219143308151124
swe,st:375,joint,MJO4,0.25222658250256325,0.020106323098285188,0.5227475002969082
swe,st:375,joint,MJO5,0.13357189446136658,-0.05557402400997794,0.38860796365320377
swe,st:375,joint,MJO6,0.2813379296550629,0.014164459291852123,0.6181448261530804
swe,st:375,joint,MJO7,-0.004981971322904968,-0.22906122505855125,0.2882018465030433
swe,st:375,joint,MJO8,0.04479823694663043,-0.1534482312486984,0.28881532613139754
swe,st:376,joint,intercept,0.9760660509123891,0.8916041850718218,1.0372182397979088
swe,st:376,joint,PNA,-0.04957957460809569,-0.10855809405936463,0.020649998037053398
swe,st:376,joint,ONI,-0.11779343542563674,-0.23913817117273262,-0.00923060209650403
swe,st:376,joint,PDO,0.07257032236569966,-0.027369185705726558,0.1772054002924113
swe,st:376,joint,MJO1,0.08727918851337257,-0.12316592638896633,0.3208593847983772
swe,st:376,joint,MJO2,0.2375056026041548,0.03055874203477921,0.5259967942978279
swe,st:376,joint,MJO3,-0.006457914271900397,-0.13875060643178508,0.1442853581705394
swe,st:376,joint,MJO4,0.10447249921021698,-0.0809286666928943,0.27931545316824585
swe,st:376,joint,MJO5,-0.004086748945525763,-0.18466872501193046,0.23085657882519295
swe,st:376,joint,MJO6,0.06585562839416059,-0.11189149511371331,0.3136651223045502
swe,st:376,joint,MJO7,-0.0016910823418020936,-0.17893620597625925,0.23253411149554812
swe,st:376,joint,MJO8,-0.14577908764526903,-0.3258881691085314,0.03891472368544099
swe,st:418,joint,intercept,1.0070387008717965,0.9179672248065076,1.0809547291322414
swe,st:418,joint,PNA,-0.14618824188051271,-0.19487213155769878,-0.09338100560363068
swe,st:418,joint,ONI,-0.11266459154784489,-0.19970739924258094,-0.02079754271415299
swe,st:418,joint,PDO,0.043050403442321104,0.00010479227169606895,0.11947043033410609
swe,st:418,joint,MJO1,0.018521182978422174,-0.12820304425471996,0.20754676534093727
swe,st:418,joint,MJO2,0.1573553856501863,-0.07560588514231516,0.4042245947279276
swe,st:418,joint,MJO3,0.008760019476677108,-0.166200259071069,0.1978401688322833
swe,st:418,joint,MJO4,0.013169658273674584,-0.18393986221224243,0.16041343022769478
swe,st:418,joint,MJO5,-0.08407167591269027,-0.21318941844513944,0.04179909341703126
swe,st:418,joint,MJO6,0.06480186427572607,-0.137481229608558,0.27025572967231026
swe,st:418,joint,MJO7,-0.19326599470073247,-0.3084287453470919,-0.004702255090793326
swe,st:418,joint,MJO8,0.0025527670595470245,-0.14462186771509217,0.20249804124259385
swe,st:420,joint,intercept,0.8896703934352209,0.7656617664143398,0.9752821647378342
swe,st:420,joint,PNA,-0.2936002753124534,-0.3710554818581158,-0.20629772700765955
swe,st:420,joint,ONI,-0.1716909320492445,-0.3375378383951942,-0.01777103839553207
swe,st:420,joint,PDO,0.015731542564643382,-0.07945069364507908,0.11232752360493137
swe,st:420,joint,MJO1,0.2059268572122311,-0.02900507129574408,0.4304326434879239
swe,st:420,joint,MJO2,0.30670085229220445,0.06384056860293809,0.6229914906389381
swe,st:420,joint,MJO3,0.2448030063066799,0.008860268308459433,0.5128863631875975
swe,st:420,joint,MJO4,0.28006067453110606,0.018109604177496377,0.484260309357967
swe,st:420,joint,MJO5,0.31886166921538395,0.05471784732099403,0.6822304289609793
swe,st:420,joint,MJO6,0.12029344038360543,-0.08650069739788291,0.3383929190814888
swe,st:420,joint,MJO7,-0.042438976967838105,-0.24859787219771992,0.10135753757634128
swe,st:420,joint,MJO8,0.09725738079173728,-0.16309387738826112,0.3696305223997602
swe,st:478,joint,intercept,0.9327592651114435,0.8182711806829052,1.0338333379607183
swe,st:478,joint,PNA,-0.11304463144786464,-0.16262101707468288,-0.05436444988523284
swe,st:478,joint,ONI,-0.13737403007067403,-0.30064287681412066,-0.030393308337841134
swe,st:478,joint,PDO,0.06948624530058839,-0.03036925623742702,0.16398228136363507
swe,st:478,joint,MJO1,-0.043365089873945564,-0.23014511957932657,0.19788004297816572
swe,st:478,joint,MJO2,0.4166049473766932,0.051736267472159404,0.7232700805802699
swe,st:478,joint,MJO3,0.08516390657118078,-0.12750851760286064,0.33993845849131804
swe,st:478,joint,MJO4,0.20590968288936842,-0.035476130450848936,0.40148398209338343
swe,st:478,joint,MJO5,0.14604840604272318,-0.03557938786288697,0.37651150494540475
swe,st:478,joint,MJO6,0.23096384811664944,0.04198530401004151,0.5060920123159065
swe,st:478,joint,MJO7,-0.11532469317278123,-0.3247139937823833,0.1271760592028756
swe,st:478,joint,MJO8,0.0008654769075162327,-0.22172217820045273,0.27410031144429836
swe,st:502,joint,intercept,0.9299824386456867,0.8544897677098825,1.0138511531291545
swe,st:502,joint,PNA,-0.1134877353417022,-0.18573237401185055,-0.04589774277617251
swe,st:502,joint,ONI,-0.08912504630259019,-0.20818857995208548,0.05003034441624463
swe,st:502,joint,PDO,0.004633254029689624,-0.08573772280558789,0.11939172466964296
swe,st:502,joint,MJO1,0.07478801213599146,-0.16624304783711089,0.3217146997309877
swe,st:502,joint,MJO2,0.3163411583078904,0.10429763749498293,0.467019409581649
swe,st:502,joint,MJO3,0.030016872439587013,-0.16191986784845605,0.24771616400703786
swe,st:502,joint,MJO4,0.13389473566657745,-0.09989365157499674,0.36545080426669097
swe,st:502,joint,MJO5,0.2365797085291493,0.010890310601028763,0.4647333243176372
swe,st:502,joint,MJO6,0.1972373587461908,-0.04423501021593888,0.41887835711579335
swe,st:502,joint,MJO7,-0.00965281803976685,-0.19102213859303488,0.2259862171820145
swe,st:502,joint,MJO8,0.004491389636911147,-0.1742770804739867,0.21426184475986876
swe,st:507,joint,intercept,0.9714057068090173,0.8168120005314715,1.0981428433855156
swe,st:507,joint,PNA,-0.05219897013811829,-0.13270368722736356,0.03063810061124661
swe,st:507,joint,ONI,-0.0736915809219049,-0.1973556388629353,0.04197174472305575
swe,st:507,joint,PDO,0.023684218788614396,-0.0811703502869847,0.11889170093614404
swe,st:507,joint,MJO1,-0.015299686055531208,-0.29105172928541767,0.28449901805775896
swe,st:507,joint,MJO2,0.3798627117065668,0.03965739528498183,0.6617672898489347
swe,st:507,joint,MJO3,-0.13866613702127717,-0.39696118430537625,0.06285078181082199
swe,st:507,joint,MJO4,0.09932408579429011,-0.1343262404755245,0.30962881435961054
swe,st:507,joint,MJO5,0.12098631575154602,-0.1479762210860349,0.34964640271344233
swe,st:507,joint,MJO6,0.057012016002176286,-0.16312327264148088,0.28696866502715285
swe,st:507,joint,MJO7,-0.13797842886398703,-0.40267182135559804,0.1301359077982509
swe,st:507,joint,MJO8,0.08413894030912783,-0.2049646654968043,0.3052710264274601
swe,st:515,joint,intercept,0.9824634471561087,0.879105447501615,1.06375784750672
swe,st:515,joint,PNA,-0.001461090881718738,-0.062059025812586,0.032281850692971646
swe,st:515,joint,ONI,-0.15662686105138982,-0.31562959773622123,-0.0317403697049207
swe,st:515,joint,PDO,0.0055831791725760565,-0.07246513969830998,0.08049804533117834
swe,st:515,joint,MJO1,-0.015991698049128936,-0.16928707721202188,0.1656182181188531
swe,st:515,joint,MJO2,0.20909036043680768,0.02913877883366895,0.3895026899776954
swe,st:515,joint,MJO3,-0.047248855096605855,-0.20869479641749744,0.16943667409990085
swe,st:515,joint,MJO4,0.19524605276126206,0.010780847566938034,0.38529078987719245
swe,st:515,joint,MJO5,0.01061581956861949,-0.13714169567387746,0.15966105558726967
swe,st:515,joint,MJO6,0.09025600907041223,-0.08578662657580786,0.24822203791564573
swe,st:515,joint,MJO7,-0.17586547281682471,-0.3274439837722048,-0.01724721637371225
swe,st:515,joint,MJO8,0.0006557123388955151,-0.2413968394588208,0.27460299215191636
swe,st:553,joint,intercept,0.9165697282878267,0.7916911557929169,1.0141331296077256
swe,st:553,joint,PNA,-0.2599714588180752,-0.35711599084492873,-0.18740865160116119
swe,st:553,joint,ONI,-0.1313902913738571,-0.2553144190699025,-0.03979039926501992
swe,st:553,joint,PDO,0.0005836664092232127,-0.09479662750502392,0.06446936748107944
swe,st:553,joint,MJO1,0.1873551376082286,-0.09139601141342744,0.4658331270829823
swe,st:553,joint,MJO2,0.40745758643473357,0.049422176815722356,0.7046518020455346
swe,st:553,joint,MJO3,0.17362000157127827,-0.08916434273591275,0.4303034460925603
swe,st:553,joint,MJO4,0.25255301333485597,-0.03671020624979331,0.5436713635205397
swe,st:553,joint,MJO5,0.19214893445991302,-0.09393138255175328,0.39887096625841123
swe,st:553,joint,MJO6,0.11221845921080775,-0.0885410122243828,0.34258734961222503
swe,st:553,joint,MJO7,-0.09840592334080231,-0.34786553602630965,0.11593524708059687
swe,st:553,joint,MJO8,-0.01836676852188341,-0.25144632885801815,0.22159220242323155
swe,st:591,joint,intercept,0.906664714255165,0.8093360008286862,0.990361293014844
swe,st:591,joint,PNA,-0.20557851373978683,-0.27975426315215624,-0.1221132074177603
swe,st:591,joint,ONI,-0.11085536741701774,-0.2574071614930581,-0.005044784658873403
swe,st:591,joint,PDO,-0.016894393471895405,-0.0710278692360475,0.06606961786747514
swe,st:591,joint,MJO1,0.06963791735988917,-0.1172463390343571,0.3144129174899964
swe,st:591,joint,MJO2,0.5031299060193799,0.23211769843507057,0.8045604324060007
swe,st:591,joint,MJO3,0.19394925917180147,-0.009149180351037853,0.41567753174753497
swe,st:591,joint,MJO4,0.2752988683628539,0.004405236764713126,0.5513707254685721
swe,st:591,joint,MJO5,0.1784227382648339,-0.037895797671829046,0.4520799548179735
swe,st:591,joint,MJO6,0.17960737051663583,-0.01306853635734264,0.43972081144250463
swe,st:591,joint,MJO7,-0.060325148393840754,-0.29304512010427314,0.172398174111396
swe,st:591,joint,MJO8,-0.018578689656866133,-0.1667902659946829,0.20244866992176397
swe,st:599,joint,intercept,0.8905821646584603,0.8009257052713443,0.9710055093821066
swe,st:599,joint,PNA,-0.125499015697781,-0.1932311751445235,-0.035597312846963325
swe,st:599,joint,ONI,-0.10574849112140272,-0.2048834404058069,0.006341299626225242
swe,st:599,joint,PDO,0.06236200125921714,-0.07421363684049265,0.1641102460542115
swe,st:599,joint,MJO1,0.19587053420622758,-0.001342073726763216,0.4517577603315047
swe,st:599,joint,MJO2,0.40806304233827406,0.1962104223737431,0.6963265792234814
swe,st:599,joint,MJO3,0.025783964990404667,-0.1966492558789054,0.2514248402783947
swe,st:599,joint,MJO4,0.26892097453640085,0.02799173064678245,0.5484295609052335
swe,st:599,joint,MJO5,0.22701272001735395,0.044384852299933907,0.38071274897929763
swe,st:599,joint,MJO6,0.29524124357709847,0.015140648588945099,0.5151648821730949
swe,st:599,joint,MJO7,0.011759720899396059,-0.287186484999577,0.28075756900336873
swe,st:599,joint,MJO8,0.07749975378549703,-0.14229173150009025,0.31661596741248904
swe,st:606,joint,intercept,0.9294938690522875,0.8121126410425394,1.0386644251242716
swe,st:606,joint,PNA,-0.05233474632340185,-0.11899648232976524,0.018727258109328702
swe,st:606,joint,ONI,-0.15092033804421068,-0.28779761609726495,-0.0415290102685797
swe,st:606,joint,PDO,0.09246083729517858,0.04142854254210544,0.1756596212542242
swe,st:606,joint,MJO1,0.09308031943018324,-0.11100528552460108,0.3460606578165733
swe,st:606,joint,MJO2,0.2805764661171716,0.04221311717784289,0.540883051821002
swe,st:606,joint,MJO3,-0.03546222358597201,-0.2392012517621956,0.16061964524540343
swe,st:606,joint,MJO4,0.3009828916063603,0.08567183050656199,0.5993361478916251
swe,st:606,joint,MJO5,0.22700320396435753,0.0364235042338475,0.4239657465680313
swe,st:606,joint,MJO6,0.13336164669836253,-0.08108148808860333,0.36446017486007803
swe,st:606,joint,MJO7,-0.042198253123892276,-0.25648004893457654,0.2812620916800366
swe,st:606,joint,MJO8,0.032291321105959794,-0.1289968949858845,0.2312635544867856
swe,st:642,joint,intercept,0.9255286723886574,0.8366202197064778,1.0269558340894223
swe,st:642,joint,PNA,-0.07952692107035919,-0.14887766268688823,-0.007489634065019199
swe,st:642,joint,ONI,-0.05680360849490988,-0.18175109485161928,0.09167576402056331
swe,st:642,joint,PDO,0.051961080036162816,-0.04610460791148689,0.1607404473676019
swe,st:642,joint,MJO1,0.10558088123778461,-0.0633160781707579,0.3574513221786306
swe,st:642,joint,MJO2,0.2919184451634997,0.06338826327377513,0.5278867126214772
swe,st:642,joint,MJO3,0.12325637246047103,-0.05330042131739915,0.33975431177629173
swe,st:642,joint,MJO4,0.17509299201882397,-0.03654700083493546,0.33695354635238994
swe,st:642,joint,MJO5,0.15065881243361415,-0.04471881359703602,0.33671266090091084
swe,st:642,joint,MJO6,0.12271227497033113,-0.0974744431246475,0.27616773904787706
swe,st:642,joint,MJO7,0.003788832076303289,-0.2054811717913786,0.24624260915637625
swe,st:642,joint,MJO8,0.04046902079577633,-0.18096444429828223,0.3401695938432012
swe,st:648,joint,intercept,0.923529289425531,0.8001289133767786,1.027013503002103
swe,st:648,joint,PNA,-0.15195531480552008,-0.25289806130993275,-0.03724787268593444
swe,st:648,joint,ONI,-0.06948393004357023,-0.24095014053994646,0.04469297890965722
swe,st:648,joint,PDO,-0.03275315462345859,-0.10867904815433159,0.06977368730296898
swe,st:648,joint,MJO1,0.07184270665125614,-0.16516790818380697,0.2815478583426158
swe,st:648,joint,MJO2,0.4144008619540688,0.19031356947370337,0.6963925225766752
swe,st:648,joint,MJO3,0.219976962217814,0.009853969693661188,0.5518398890358756
swe,st:648,joint,MJO4,0.15738325150386534,-0.08933854045381265,0.49200373875200965
swe,st:648,joint,MJO5,0.23120452111145684,0.007854347309427918,0.5622096139509088
swe,st:648,joint,MJO6,0.31083964567735184,0.08670190557806727,0.6475529895554728
swe,st:648,joint,MJO7,-0.1708014762440597,-0.39015891371199984,0.06544224407261513
swe,st:648,joint,MJO8,-0.17740728321198854,-0.3468202327232387,0.07763698879562186
swe,st:672,joint,intercept,0.9107478180216776,0.8196688526432506,0.9894382777600975
swe,st:672,joint,PNA,-0.16839982220974176,-0.26184834795169615,-0.09959545878042894
swe,st:672,joint,ONI,-0.09720283315838539,-0.2090117809046222,0.007780502140045433
swe,st:672,joint,PDO,0.04035531884718666,-0.04427155253393727,0.12224988442458196
swe,st:672,joint,MJO1,0.13168635681051352,-0.06012958286295561,0.32738218167758065
swe,st:672,joint,MJO2,0.43954841429370106,0.22734163250575948,0.6712147202531439
swe,st:672,joint,MJO3,0.08604221944645188,-0.12898214991079596,0.2842437375437787
swe,st:672,joint,MJO4,0.18384588692427017,0.029628352763416157,0.38021526999078675
swe,st:672,joint,MJO5,0.07949404138337607,-0.07171090727878959,0.24807451357768479
swe,st:672,joint,MJO6,0.2038347075013469,-0.01627568661052154,0.44162343709572505
swe,st:672,joint,MJO7,0.03760609087624058,-0.18987953645199404,0.2591244769127389
swe,st:672,joint,MJO8,0.09834387872060592,-0.10367281013464952,0.3540161629569169
swe,st:679,joint,intercept,0.9034845577645475,0.7986405230165755,0.9705848638776787
swe,st:679,joint,PNA,-0.13183055056387893,-0.18734947825108686,-0.07025674187487915
swe,st:679,joint,ONI,-0.11679971774405823,-0.29389965094004555,-0.004885009528327972
swe,st:679,joint,PDO,0.023565474463680625,-0.039865539785083656,0.08856904224261283
swe,st:679,joint,MJO1,0.22221790312975015,-0.051780869236078005,0.5046842925149858
swe,st:679,joint,MJO2,0.3795306226277686,0.1471744264136504,0.6165655600491127
swe,st:679,joint,MJO3,0.09223183133564876,-0.055077813789420775,0.3264613076096299
swe,st:679,joint,MJO4,0.194050463753222,0.04608620809765035,0.41651571318924535
swe,st:679,joint,MJO5,0.17314230854132298,0.006624094286378747,0.37158634786429146
swe,st:679,joint,MJO6,0.12116390703123871,-0.052310695613687695,0.33069773609021536
swe,st:679,joint,MJO7,0.030644684589748547,-0.1665545766633876,0.2244013665754738
swe,st:679,joint,MJO8,0.14372929755719976,-0.03342085557681076,0.3433747380707905
swe,st:681,joint,intercept,0.9467192272597592,0.8519935763928108,1.0430985111036168
swe,st:681,joint,PNA,-0.0017508716908971877,-0.06620976215135975,0.06874968523261257
swe,st:681,joint,ONI,-0.1316513224207776,-0.27269393878562187,0.008778802140334574
swe,st:681,joint,PDO,0.04809567327730829,-0.03169822487132408,0.13373243491752915
swe,st:681,joint,MJO1,0.09259433903957105,-0.07489401492437804,0.25698534057584305
swe,st:681,joint,MJO2,0.35954555269828725,0.07360964224931063,0.5875420894609782
swe,st:681,joint,MJO3,0.023437236756371327,-0.12770941278573772,0.2701077002965063
swe,st:681,joint,MJO4,0.3127565815988034,0.08194318927933439,0.5737585480044025
swe,st:681,joint,MJO5,0.14197429646327414,-0.0951997185513593,0.3330742167817609
swe,st:681,joint,MJO6,0.05987743236852999,-0.14550219176248175,0.26460011899364444
swe,st:681,joint,MJO7,-0.1110349598146079,-0.3275083984829657,0.04001538792310836
swe,st:681,joint,MJO8,-0.09858758556049275,-0.26186640325461635,0.06746709310554397
swe,st:692,joint,intercept,0.9365214336410645,0.8569486587322377,1.0178320665421574
swe,st:692,joint,PNA,-0.16960419683363853,-0.21525810044078236,-0.10379127079419925
swe,st:692,joint,ONI,-0.12934200288488587,-0.27252821134169725,-0.009479287662390836
swe,st:692,joint,PDO,0.07732831579318449,-0.007317764495334809,0.15705511257013124
swe,st:692,joint,MJO1,0.15653413710320427,-0.03021734924865291,0.40632946107663703
swe,st:692,joint,MJO2,0.3254647610685635,0.12286756970677556,0.5143638908683068
swe,st:692,joint,MJO3,-0.030982738965783775,-0.19926111259589493,0.1351681189165028
swe,st:692,joint,MJO4,0.19630820462930781,-0.0360325186192396,0.4040075856512095
swe,st:692,joint,MJO5,0.16597461204083028,-0.0716986507892774,0.4111012441879996
swe,st:692,joint,MJO6,0.11466303383647511,-0.06103620084968734,0.26540794640552895
swe,st:692,joint,MJO7,-0.06653349649017301,-0.26185594085154434,0.1363344434609154
swe,st:692,joint,MJO8,0.0597630036559602,-0.0939142831121969,0.24057260573260397
swe,st:699,joint,intercept,0.9485267021130935,0.869384027893599,1.0381692803402018
swe,st:699,joint,PNA,-0.028771617132803767,-0.1187785097975284,0.05937862956019389
swe,st:699,joint,ONI,-0.1341030308548277,-0.30474682631237315,-0.018407140711142286
swe,st:699,joint,PDO,0.07316429828891341,-0.01684782106502285,0.1952020430855539
swe,st:699,joint,MJO1,-0.001496007134051805,-0.21430574702615557,0.1648986460749933
swe,st:699,joint,MJO2,0.3236401279152353,0.05682225988833678,0.5854705807816322
swe,st:699,joint,MJO3,0.032411065830425564,-0.22956188279597403,0.23119483662168233
swe,st:699,joint,MJO4,0.27918735304183945,0.07608350085930127,0.5139549060822404
swe,st:699,joint,MJO5,0.010279039418157707,-0.26788640667608293,0.2707900667617498
swe,st:699,joint,MJO6,0.2029612306960528,-0.08967264594734871,0.46689079824563057
swe,st:699,joint,MJO7,-0.11716921195446778,-0.37316984032920325,0.0023978067137050605
swe,st:699,joint,MJO8,-0.031383582033785565,-0.3102776187299135,0.2282069632554758
swe,st:702,joint,intercept,0.9217720393831608,0.8399949561204159,1.0179190210309121
swe,st:702,joint,PNA,-0.18834478903005214,-0.26642187399020184,-0.11283374364666647
swe,st:702,joint,ONI,-0.08704267137235781,-0.23706762440718063,0.011629602367336728
swe,st:702,joint,PDO,-0.02803302805245291,-0.10729404107501439,0.03693863713100695
swe,st:702,joint,MJO1,0.11584080735752275,-0.10823061087195754,0.3574698072576632
swe,st:702,joint,MJO2,0.40339347297052974,0.13951918327737964,0.6373009235960363
swe,st:702,joint,MJO3,0.09450677213085429,-0.1318533590282098,0.3106731742972711
swe,st:702,joint,MJO4,0.21119273446010178,-0.05474048949609871,0.46490819921487714
swe,st:702,joint,MJO5,0.11130592843462134,-0.0976372582363179,0.2913203166344044
swe,st:702,joint,MJO6,0.19280917971734998,-0.005423803433990943,0.4757233558817492
swe,st:702,joint,MJO7,-0.01841217239767514,-0.18455343734674817,0.23799829744274859
swe,st:702,joint,MJO8,-0.026163436406440282,-0.1858404149164248,0.1315462101362762
swe,st:707,joint,intercept,0.9902533395086761,0.8883511895589151,1.0979121426956229
swe,st:707,joint,PNA,-0.1291822697113869,-0.2047215381187686,-0.045154238002513614
swe,st:707,joint,ONI,-0.1174635052141714,-0.3744920597649585,0.05703360159913137
swe,st:707,joint,PDO,0.032863373802224524,-0.08362908620569393,0.15472151223336594
swe,st:707,joint,MJO1,-0.007635734516694179,-0.25013506891265963,0.18813857339241782
swe,st:707,joint,MJO2,0.40831743291990036,0.13752847553711336,0.6314209375498834
swe,st:707,joint,MJO3,-0.05285782134590035,-0.2240376777785596,0.1408153974490944
swe,st:707,joint,MJO4,-0.019002404456702635,-0.17478669726173968,0.19831164011221852
swe,st:707,joint,MJO5,-0.08543649357523525,-0.33068034777924515,0.1216909350179483
swe,st:707,joint,MJO6,-0.0016395268068857619,-0.1791195514694387,0.23744499569639851
swe,st:707,joint,MJO7,-0.08043671781066215,-0.3045608805337719,0.18470152631446463
swe,st:707,joint,MJO8,-0.020457924509176578,-0.1951426279810128,0.17269467627320817
swe,st:711,joint,intercept,0.9779949759678304,0.8772909263672227,1.0715461721774788
swe,st:711,joint,PNA,-0.024780781750115347,-0.08550701419214841,0.0501785669883965
swe,st:711,joint,ONI,-0.15639078104178936,-0.29153441396350205,-0.02609084167684883
swe,st:711,joint,PDO,0.09471133017760526,0.011666164566018978,0.15349485518695408
swe,st:711,joint,MJO1,-0.04884160781811765,-0.2724682553875423,0.2745086377225759
swe,st:711,joint,MJO2,0.3946468677237118,0.11806077512034487,0.6330438101883931
swe,st:711,joint,MJO3,-0.0468502611413624,-0.21573188954817796,0.16617271075448337
swe,st:711,joint,MJO4,0.21376570486923968,0.02436208692194818,0.4496731709259444
swe,st:711,joint,MJO5,-0.0391735316850598,-0.217270764528482,0.1649943299993891
swe,st:711,joint,MJO6,0.05055066543505738,-0.16121967838564383,0.2922244999908311
swe,st:711,joint,MJO7,-0.21631631344220115,-0.4374143421390179,0.02262828782237446
swe,st:711,joint,MJO8,0.025444444712461996,-0.18044054040655652,0.31072695878148116
swe,st:728,joint,intercept,0.9739536039547877,0.8284907370094354,1.094370117056116
swe,st:728,joint,PNA,-0.04874868056446957,-0.13943631457009725,0.019255381693975518
swe,st:728,joint,ONI,-0.04450546574681216,-0.2079389254283161,0.05286344201065966
swe,st:728,joint,PDO,0.0308670668558943,-0.04059970300722016,0.10383544903091307
swe,st:728,joint,MJO1,-0.0058163414253477735,-0.19857675438039718,0.2248819223510301
swe,st:728,joint,MJO2,0.35811995431746413,0.0399890470920751,0.6768937196986375
swe,st:728,joint,MJO3,-0.11375742191895293,-0.4202071278535407,0.09385143014622539
swe,st:728,joint,MJO4,-0.006629231750371396,-0.22326603325457564,0.19041515468241044
swe,st:728,joint,MJO5,0.14932203014436524,0.017865645763634922,0.3957540474413856
swe,st:728,joint,MJO6,0.19346077946312584,-0.09469720724914878,0.4800916782198117
swe,st:728,joint,MJO7,-0.19699129962944753,-0.4109015855379947,0.042494285568562315
swe,st:728,joint,MJO8,0.0361050419876742,-0.20858918895917006,0.3011000973685923
swe,st:734,joint,intercept,0.9266368122323664,0.8240156943604016,0.9877132616524299
swe,st:734,joint,PNA,-0.0977991057350516,-0.17372535541132933,-0.011786112129585384
swe,st:734,joint,ONI,-0.10167345301391024,-0.24304349932572192,-0.00792337992532264
swe,st:734,joint,PDO,0.05923975015251099,-0.005457757061970655,0.15848001962232777
swe,st:734,joint,MJO1,0.07403870774397671,-0.05856855686686729,0.3045969035180894
swe,st:734,joint,MJO2,0.3715931707640888,0.0946126996421907,0.6041262531520085
swe,st:734,joint,MJO3,0.03187926554182409,-0.14707480780198867,0.3209295408870227
swe,st:734,joint,MJO4,0.32523368290578414,0.10968760737041611,0.5505841901754555
swe,st:734,joint,MJO5,0.16201059274768348,-0.01169058757535813,0.5075071066029158
swe,st:734,joint,MJO6,0.12173965800326858,-0.07277744964067596,0.39991672341831636
swe,st:734,joint,MJO7,-0.037896813395477166,-0.23143661324318324,0.22245844931738937
swe,st:734,joint,MJO8,-0.009301443204323245,-0.16516338854142232,0.17977158351190256
swe,st:748,joint,intercept,0.9487040441342056,0.8095598128543847,1.0262115570103745
swe,st:748,joint,PNA,-0.29208572751085055,-0.38531613117686186,-0.22461078979871998
swe,st:748,joint,ONI,-0.09020001593965042,-0.2786803006691424,0.008760957095086709
swe,st:748,joint,PDO,-0.024543437964266633,-0.10173390854340833,0.09697553047728304
swe,st:748,joint,MJO1,0.17421518553268808,-0.04877008269331847,0.44350261474577296
swe,st:748,joint,MJO2,0.3809232064307965,0.17880836022990562,0.6122881774815002
swe,st:748,joint,MJO3,0.0831950180884927,-0.09382388963990214,0.29596896195934397
swe,st:748,joint,MJO4,0.06461132437004735,-0.13836458520739164,0.294862197108041
swe,st:748,joint,MJO5,0.08918197063506517,-0.1832032630673268,0.3533563189797802
swe,st:748,joint,MJO6,0.07833420986245339,-0.11881760259258478,0.30159268564785724
swe,st:748,joint,MJO7,-0.06860339081299639,-0.25276168550736977,0.16193311954735887
swe,st:748,joint,MJO8,-0.005027146138398265,-0.14502420495393212,0.14443044204809444
swe,st:776,joint,intercept,0.9390410465485634,0.8352091561928124,1.0463260057374448
swe,st:776,joint,PNA,-0.22911733502720172,-0.3266311064448434,-0.14599186270381415
swe,st:776,joint,ONI,-0.15966548397900096,-0.3242797947574495,-0.020937448552473537
swe,st:776,joint,PDO,0.05184587568749888,-0.07035810649744685,0.13438967611775973
swe,st:776,joint,MJO1,0.1122296000543471,-0.13042041052925188,0.3373862461749027
swe,st:776,joint,MJO2,0.5473308607021183,0.2543707102960306,0.906941722699602
swe,st:776,joint,MJO3,0.10170211942949355,-0.16377784215450902,0.319348766810489
swe,st:776,joint,MJO4,0.06908317434150715,-0.19892426147597614,0.4073172919452593
swe,st:776,joint,MJO5,0.0946648288415477,-0.18436822744802148,0.363608034767729
swe,st:776,joint,MJO6,0.17027626179515354,-0.05350200783646907,0.34205267581718835
swe,st:776,joint,MJO7,-0.11653236142028726,-0.3395586634116585,0.09844106910767765
swe,st:776,joint,MJO8,-0.09277131405653626,-0.3333702076981393,0.13684225705324918
swe,st:777,joint,intercept,0.9226353161485438,0.827448070870064,1.0263990880619618
swe,st:777,joint,PNA,-0.2837908860917102,-0.3572630858111564,-0.22355488411416038
swe,st:777,joint,ONI,-0.1299851166369484,-0.2989939321525687,0.02876637049189471
swe,st:777,joint,PDO,-0.03141078289053534,-0.118659190350701,0.060258406745519806
swe,st:777,joint,MJO1,0.2728873514352505,-0.05653148060734106,0.5285158444607724
swe,st:777,joint,MJO2,0.3550719966057366,0.05806616514163512,0.6290212643642088
swe,st:777,joint,MJO3,0.0684099302449504,-0.1830536085644177,0.3247646715155833
swe,st:777,joint,MJO4,0.1420964563807683,-0.07846492088026374,0.41592322076361576
swe,st:777,joint,MJO5,0.10769997613381777,-0.14193603974902494,0.3814869122498968
swe,st:777,joint,MJO6,0.08010355684706842,-0.16867079683338154,0.2258791495525997
swe,st:777,joint,MJO7,0.01615334344153062,-0.17552317011831425,0.2495378228255171
swe,st:777,joint,MJO8,0.08776877856629595,-0.15750568479576077,0.32787605920824264
swe,st:788,joint,intercept,0.9157255879033769,0.8472172665964353,0.9884910713364986
swe,st:788,joint,PNA,-0.16939952396963454,-0.24092034065627893,-0.09452571441012517
swe,st:788,joint,ONI,-0.17037224278153484,-0.3332793788012038,-0.03929778389377058
swe,st:788,joint,PDO,0.08977722094741027,0.0028203278190069006,0.17075700468089083
swe,st:788,joint,MJO1,-0.02526014897018184,-0.1949066277094384,0.10720039847473681
swe,st:788,joint,MJO2,0.5173034877448028,0.18451181330892377,0.8096917529996202
swe,st:788,joint,MJO3,0.07625758533239457,-0.1269984901546714,0.2650220334284131
swe,st:788,joint,MJO4,0.2649437367033573,-0.0064074188344591335,0.5280914397793777
swe,st:788,joint,MJO5,0.2476609516580371,-0.08822483641719887,0.4821881266546134
swe,st:788,joint,MJO6,0.17107669738486403,-0.09623048439646781,0.4004709134724817
swe,st:788,joint,MJO7,-0.06954868127557498,-0.29298575344023126,0.12058468039449144
swe,st:788,joint,MJO8,0.015993718444353794,-0.13609636053573743,0.18384049341565495
swe,st:791,joint,intercept,0.9213202220451953,0.8152123239225127,0.9822877726003776
swe,st:791,joint,PNA,-0.10408269858070796,-0.15566754930102186,-0.03228861920304524
swe,st:791,joint,ONI,-0.1092417622918902,-0.25431035707299005,0.0498351618912222
swe,st:791,joint,PDO,0.042728540487922004,-0.05910908078910384,0.1318697253134965
swe,st:791,joint,MJO1,0.12630089894609686,-0.037321056526119174,0.35427405563131587
swe,st:791,joint,MJO2,0.32373557667152125,0.05804071731535873,0.6069435935318417
swe,st:791,joint,MJO3,0.03886416109040278,-0.13338164571001168,0.26535851616469325
swe,st:791,joint,MJO4,0.24969629585870362,0.05924107095440679,0.47447338862091104
swe,st:791,joint,MJO5,0.2599990627047304,0.03191268505216439,0.4987003286584062
swe,st:791,joint,MJO6,0.0840059284019703,-0.0853524704225254,0.2253381184480985
swe,st:791,joint,MJO7,-0.05140384933109615,-0.22968763802473458,0.17114042208182273
swe,st:791,joint,MJO8,0.0887860593594679,-0.06260721125810777,0.366058008215012
swe,st:804,joint,intercept,0.9083008128703284,0.8209536768874304,0.9827280702134077
swe,st:804,joint,PNA,-0.18611626637364628,-0.2626801641473955,-0.11923107231673073
swe,st:804,joint,ONI,-0.11300289872168871,-0.2614083973476399,0.024154608380867162
swe,st:804,joint,PDO,0.04681984342072046,-0.05488563470279167,0.14588609767688987
swe,st:804,joint,MJO1,0.15475704123671657,-0.12905930073616997,0.3580786536539296
swe,st:804,joint,MJO2,0.5135744589719468,0.22522539320528703,0.7469933114244635
swe,st:804,joint,MJO3,0.12105827271294349,-0.08436194791222137,0.33086202282541244
swe,st:804,joint,MJO4,0.07684682115393886,-0.07976625890526609,0.22108515949802526
swe,st:804,joint,MJO5,0.15569170794279016,-0.05104545074421626,0.37890847731154387
swe,st:804,joint,MJO6,0.22937628783150688,0.04547769216355046,0.45112270268615967
swe,st:804,joint,MJO7,-0.02692103674242284,-0.2134089239059674,0.16728074490491032
swe,st:804,joint,MJO8,0.030303570798548854,-0.14608004038123507,0.1995787107265571
swe,st:817,joint,intercept,0.948265743238137,0.8402630508042495,1.021662316843151
swe,st:817,joint,PNA,-0.05394676335145257,-0.11610902251028313,0.04432217818096177
swe,st:817,joint,ONI,-0.13118811225708987,-0.25152021640094896,0.002755140780531892
swe,st:817,joint,PDO,0.025170104830211544,-0.058209322700728545,0.09771930794854504
swe,st:817,joint,MJO1,0.011164185894998645,-0.15364044030426413,0.1699839218617906
swe,st:817,joint,MJO2,0.3939903859023782,0.154907370225638,0.6606187171991178
swe,st:817,joint,MJO3,-0.02942017119191663,-0.2058907465709396,0.1589866888686205
swe,st:817,joint,MJO4,0.18277359026530787,0.0558963503253579,0.38240378036952594
swe,st:817,joint,MJO5,0.059788654993019816,-0.11521184692679186,0.229481275272952
swe,st:817,joint,MJO6,0.20789975218058648,-0.027089873883764427,0.45383480857585284
swe,st:817,joint,MJO7,-0.12636618504832842,-0.282763862322262,0.10767851932690575
swe,st:817,joint,MJO8,0.04481469313955032,-0.16503519773654624,0.3151117830117725
swe,st:824,joint,intercept,0.928910312002605,0.8368650916250724,0.9905786042833556
swe,st:824,joint,PNA,-0.1735434868751163,-0.22986164722767843,-0.11036913420707505
swe,st:824,joint,ONI,-0.17939665955479706,-0.285455830684866,-0.07154028477731147
swe,st:824,joint,PDO,0.1089895659358109,0.012649040901696783,0.18838767703201822
swe,st:824,joint,MJO1,0.15430252821385737,-0.055755444064067426,0.4400789243203041
swe,st:824,joint,MJO2,0.5024068128376096,0.2781911207124115,0.6879015297511026
swe,st:824,joint,MJO3,0.05537692050921509,-0.12600774352538807,0.25402431679348964
swe,st:824,joint,MJO4,0.1220390439087623,-0.06319744694183553,0.3357722234888246
swe,st:824,joint,MJO5,0.006003247176072174,-0.1782360955197265,0.15990352031644034
swe,st:824,joint,MJO6,0.07942348554407286,-0.11393445333677285,0.305006292333443
swe,st:824,joint,MJO7,0.027367505777615535,-0.19552964389261923,0.2056336136509394
swe,st:824,joint,MJO8,0.0024088615723523443,-0.2081524141841645,0.1955114672159141
swe,st:832,joint,intercept,0.9807970972890944,0.8648859847594682,1.062355327980714
swe,st:832,joint,PNA,-0.043312560715638423,-0.14310030226259443,0.019221812483344668
swe,st:832,joint,ONI,0.004404870876331475,-0.12192047487369854,0.12300741985414111
swe,st:832,joint,PDO,-0.07058751881987257,-0.1477359090941789,0.017531644657158018
swe,st:832,joint,MJO1,-0.025644169265285312,-0.2338460906574327,0.1500264087748445
swe,st:832,joint,MJO2,0.1895762777962406,-0.10192550260250936,0.4154031845029363
swe,st:832,joint,MJO3,-0.11382467656109864,-0.34289476834882837,0.07888879884555691
swe,st:832,joint,MJO4,-0.130861556445587,-0.2652670707220112,0.07361908450419967
swe,st:832,joint,MJO5,0.18516691596191792,-0.01860426688766691,0.3658644162782932
swe,st:832,joint,MJO6,0.3025816740527374,-0.014208563112176845,0.6106787112175291
swe,st:832,joint,MJO7,-0.09790359583485218,-0.25683645522512016,0.12865911547241174
swe,st:832,joint,MJO8,-0.001980683861552649,-0.2063586763824414,0.2006133940868689
swe,st:841,joint,intercept,0.9722478647771418,0.8763821391997522,1.0603931908257211
swe,st:841,joint,PNA,-0.10635443332205241,-0.1742657369380634,0.0009054855844003076
swe,st:841,joint,ONI,-0.045183158043512764,-0.16167508647340734,0.05569838453697387
swe,st:841,joint,PDO,0.057402202228003525,-0.02486678335183912,0.15329902315961083
swe,st:841,joint,MJO1,0.003359202279958187,-0.1651147198862618,0.2463607386239095
swe,st:841,joint,MJO2,0.1979773502785511,-0.04651027655278259,0.5196133063777956
swe,st:841,joint,MJO3,-0.11415117824534825,-0.3015083483253105,0.13194443255240443
swe,st:841,joint,MJO4,0.05414265355372306,-0.10942905736627324,0.23881219041173996
swe,st:841,joint,MJO5,0.1396909981480486,-0.009434920297809181,0.3454941799577525
swe,st:841,joint,MJO6,0.1991686147204829,-0.05778518743171229,0.4372867237724597
swe,st:841,joint,MJO7,-0.11542502604954438,-0.28088371100583515,0.0725823527719589
swe,st:841,joint,MJO8,0.06053866983583341,-0.12973660371584833,0.3612303000505821
swe,st:863,joint,intercept,0.9478165372571811,0.8284986088382467,1.021306973966398
swe,st:863,joint,PNA,-0.16929250659526443,-0.24295204883596141,-0.08296227563287085
swe,st:863,joint,ONI,-0.1256417374789077,-0.2826309350632546,0.025336469058901582
swe,st:863,joint,PDO,0.017951299760833126,-0.07870731274850684,0.1098845410328716
swe,st:863,joint,MJO1,0.05519379931443884,-0.22220934095735315,0.38651174949809386
swe,st:863,joint,MJO2,0.2872003959880105,-0.002873002494211164,0.5448541812483093
swe,st:863,joint,MJO3,0.09194760276714614,-0.19331265400102637,0.3028011702733031
swe,st:863,joint,MJO4,0.14499457912085165,-0.025465679407728387,0.37420054545476616
swe,st:863,joint,MJO5,0.13282095977722988,-0.06628713953048924,0.40925006866739927
swe,st:863,joint,MJO6,0.13536250693022997,-0.04851249846473295,0.40636767756496295
swe,st:863,joint,MJO7,-0.11730707890835634,-0.3539741480448729,0.13178029542244557
swe,st:863,joint,MJO8,-0.005319921339901057,-0.19435569864083646,0.22944157809009666
rain,all stations,joint,intercept,1.1224455070825845,0.9819054758007139,1.2545964707545503
rain,all stations,joint,PNA,0.031132684909363828,-0.033263489372567345,0.10861600280882996
rain,all stations,joint,ONI,-0.05111348147729747,-0.1568930605592244,0.0587763247389149
rain,all stations,joint,PDO,0.06885023645426515,-0.021621602797796385,0.154410170438906
rain,all stations,joint,MJO1,-0.32958083004559646,-0.5080886732939429,-0.14284149966033094
rain,all stations,joint,MJO2,-0.24031945324659076,-0.44451185676321847,-0.004271288091420894
rain,all stations,joint,MJO3,-0.3860011633361513,-0.5670845583058852,-0.19419598862238557
rain,all stations,joint,MJO4,-0.13739056439305475,-0.3835714710090268,0.11078482411957728
rain,all stations,joint,MJO5,0.009845448058880324,-0.23184147956210746,0.2661306162769138
rain,all stations,joint,MJO6,-0.14708049393554523,-0.37393127167849316,0.04353008712242377
rain,all stations,joint,MJO7,-0.1682896496778692,-0.40692372328513005,0.07265847432699304
rain,all stations,joint,MJO8,-0.06722651298627894,-0.30228293969900377,0.21573333296168834
rain,all stations,PNA alone,intercept,1.0062882381209515,0.9416068261043234,1.086314656558946
rain,all stations,PNA alone,PNA,0.053878526403487954,-0.009629405829588752,0.12615032083685304
rain,all stations,ONI alone,intercept,1.006169633897274,0.9319262065952343,1.0757032131915067
rain,all stations,ONI alone,ONI,-0.015803957014576403,-0.11095822891370735,0.08122951869277095
rain,all stations,PDO alone,intercept,1.006169633897274,0.9338707378113958,1.0737438253122904
rain,all stations,PDO alone,PDO,0.05208891152965228,-0.010532572481083026,0.12174747271669051
rain,low (<4000 ft),joint,intercept,1.1014024809441332,0.9736109041519159,1.2387233008223602
rain,low (<4000 ft),joint,PNA,0.06692133270734052,-0.0022074980983890374,0.12878496472075396
rain,low (<4000 ft),joint,ONI,-0.04309032389396987,-0.1687394177755235,0.06593027228685072
rain,low (<4000 ft),joint,PDO,0.07945297927106326,-0.0029632933852689926,0.17108229187366192
rain,low (<4000 ft),joint,MJO1,-0.25203701504251397,-0.4712911256619256,-0.040645419308819514
rain,low (<4000 ft),joint,MJO2,-0.21016999659408134,-0.4633663084387092,-0.010545336398993702
rain,low (<4000 ft),joint,MJO3,-0.38340149290107595,-0.5765017197692288,-0.20630849168189247
rain,low (<4000 ft),joint,MJO4,-0.07616923525024351,-0.35649299397058226,0.25766550015041395
rain,low (<4000 ft),joint,MJO5,-0.042935303394731034,-0.2792453567926186,0.1740667015620329
rain,low (<4000 ft),joint,MJO6,-0.14181255765493228,-0.36162542410410925,0.04736761622236776
rain,low (<4000 ft),joint,MJO7,-0.1657509822101566,-0.3965683224901395,0.06696958749285728
rain,low (<4000 ft),joint,MJO8,-0.049480631534493474,-0.29886649814177435,0.25348587300250064
rain,low (<4000 ft),PNA alone,intercept,0.9961261507170609,0.9315127342098849,1.0754714865627653
rain,low (<4000 ft),PNA alone,PNA,0.09164530500658916,0.02855592867836059,0.15374968176828144
rain,low (<4000 ft),ONI alone,intercept,0.9959920645478971,0.9179035476885536,1.068121875432119
rain,low (<4000 ft),ONI alone,ONI,0.002071585573385099,-0.10143236685658848,0.09392358004704231
rain,low (<4000 ft),PDO alone,intercept,0.9959920645478971,0.9161800140420208,1.0863937234989072
rain,low (<4000 ft),PDO alone,PDO,0.07549557289033963,0.008644421939805757,0.14837144179118417
rain,mid (4000-5000 ft),joint,intercept,1.1176486307031839,0.9858515812806913,1.2607366912687037
rain,mid (4000-5000 ft),joint,PNA,0.037458022563010784,-0.04291523447905317,0.11041358837369677
rain,mid (4000-5000 ft),joint,ONI,-0.07615592029990056,-0.1771028755842753,0.037524082948984946
rain,mid (4000-5000 ft),joint,PDO,0.08478175588178073,-0.009558184861291171,0.17396277685407452
rain,mid (4000-5000 ft),joint,MJO1,-0.34185236588991363,-0.5416575937098288,-0.1224253803748318
rain,mid (4000-5000 ft),joint,MJO2,-0.25047589716298346,-0.49876999783354636,-0.01425795568375957
rain,mid (4000-5000 ft),joint,MJO3,-0.38219972090492127,-0.5653025037202112,-0.19377068792908883
rain,mid (4000-5000 ft),joint,MJO4,-0.10645713587354491,-0.36077351529726637,0.16195523885385746
rain,mid (4000-5000 ft),joint,MJO5,0.046942657018798434,-0.2030714221211877,0.3000557587300555
rain,mid (4000-5000 ft),joint,MJO6,-0.15609598239432426,-0.3261191695709107,0.050711897610087084
rain,mid (4000-5000 ft),joint,MJO7,-0.1870709940770254,-0.39344074955896513,0.06190810549171067
rain,mid (4000-5000 ft),joint,MJO8,-0.03418605100812094,-0.29312254335614285,0.2687155118047991
rain,mid (4000-5000 ft),PNA alone,intercept,1.005216696040085,0.929670118033507,1.0893831192454837
rain,mid (4000-5000 ft),PNA alone,PNA,0.060779577708353835,-0.014243274645767877,0.13347832882426677
rain,mid (4000-5000 ft),ONI alone,intercept,1.0051280473092965,0.9242927744390523,1.0847011284234218
rain,mid (4000-5000 ft),ONI alone,ONI,-0.032892580694308,-0.13142388515453837,0.06138773650372385
rain,mid (4000-5000 ft),PDO alone,intercept,1.0051280473092965,0.9260975957024339,1.093174476314366
rain,mid (4000-5000 ft),PDO alone,PDO,0.05787196582737376,-0.015780043895468936,0.13456274458400394
rain,high (>=5000 ft),joint,intercept,1.1411514579959232,1.0152041563488876,1.2825240302071017
rain,high (>=5000 ft),joint,PNA,-0.009247868802346182,-0.08850924861337044,0.07506346301268486
rain,high (>=5000 ft),joint,ONI,-0.035121295720528245,-0.1433193378795425,0.0655819804617116
rain,high (>=5000 ft),joint,PDO,0.040816780220371815,-0.04786905674473731,0.13913966524956284
rain,high (>=5000 ft),joint,MJO1,-0.39867265061236423,-0.5890757119458563,-0.2358085798867893
rain,high (>=5000 ft),joint,MJO2,-0.2576967854499139,-0.49354477060695184,-0.03150442412722108
rain,high (>=5000 ft),joint,MJO3,-0.39014216201242646,-0.6028682794415459,-0.20126623985342063
rain,high (>=5000 ft),joint,MJO4,-0.2392525328354024,-0.44110155196775636,-0.020264347112624564
rain,high (>=5000 ft),joint,MJO5,0.02263870879929422,-0.2576869949352178,0.2817610755697724
rain,high (>=5000 ft),joint,MJO6,-0.15050617587062537,-0.35854683891913836,0.018929528738794426
rain,high (>=5000 ft),joint,MJO7,-0.15046986227921205,-0.3678006318346875,0.05142407126339664
rain,high (>=5000 ft),joint,MJO8,-0.12480107979751844,-0.3761207999214419,0.14376801349038912
rain,high (>=5000 ft),PNA alone,intercept,1.0086777872484616,0.9441027930055492,1.0908053920377478
rain,high (>=5000 ft),PNA alone,PNA,0.010121976053793374,-0.06474898460507456,0.09087134523283345
rain,high (>=5000 ft),ONI alone,intercept,1.0085420115333925,0.9424878046108182,1.09229119734333
rain,high (>=5000 ft),ONI alone,ONI,-0.018011937237561688,-0.10689850710239866,0.07895459941325388
rain,high (>=5000 ft),PDO alone,intercept,1.0085420115333925,0.9409155073378472,1.08100792380648
rain,high (>=5000 ft),PDO alone,PDO,0.021394314929065496,-0.057203475916429186,0.109721540619946
rain,st:352,joint,intercept,1.0950081867260195,0.9417084460519524,1.2549017148658443
rain,st:352,joint,PNA,-0.048160272665767945,-0.12463403830136287,0.02844149215141284
rain,st:352,joint,ONI,-0.11436212565351654,-0.24281905046737257,0.07924383801397979
rain,st:352,joint,PDO,0.07807274626752651,-0.027128126852103397,0.15003877511904348
rain,st:352,joint,MJO1,-0.34804659813246863,-0.5647820089529392,-0.18665953826026643
rain,st:352,joint,MJO2,-0.18868352084416729,-0.4534991576179461,0.03986203554013792
rain,st:352,joint,MJO3,-0.39771279171989576,-0.6323417712898167,-0.18934555682146087
rain,st:352,joint,MJO4,-0.031972127666835076,-0.27811568797160147,0.3508657615655276
rain,st:352,joint,MJO5,0.10448239881355043,-0.21104527335471351,0.3158060255647274
rain,st:352,joint,MJO6,-0.15487991218430197,-0.47651740780421203,0.08999058201748673
rain,st:352,joint,MJO7,-0.2554497379944948,-0.5126966264232937,0.0062485466350894695
rain,st:352,joint,MJO8,0.10847051788479489,-0.24295250742476454,0.5128104426272947
rain,st:375,joint,intercept,1.148040195604744,1.0328103074371178,1.3277706942689969
rain,st:375,joint,PNA,0.0693409092185121,-0.016881379911012084,0.15287268424941072
rain,st:375,joint,ONI,-0.09267309964460879,-0.287373054675934,0.04636268311804218
rain,st:375,joint,PDO,0.11513576136090525,0.01697920349221,0.2179517154576335
rain,st:375,joint,MJO1,-0.3337929967374007,-0.6971546637684299,-0.1714020383360881
rain,st:375,joint,MJO2,-0.3362486624684719,-0.599572409106013,-0.19361211653154906
rain,st:375,joint,MJO3,-0.4342214755837594,-0.6826965763799682,-0.2384682867407895
rain,st:375,joint,MJO4,0.004535129231163976,-0.3997524631041209,0.6007283594370676
rain,st:375,joint,MJO5,-0.10877578856687481,-0.3775678594057159,0.13419289009025895
rain,st:375,joint,MJO6,-0.2931266713543642,-0.5667426707483945,-0.053114380610245655
rain,st:375,joint,MJO7,-0.3767670377151411,-0.6925950471570156,-0.1274806418648908
rain,st:375,joint,MJO8,0.005145237087999632,-0.42215057375208265,0.28110032819724645
rain,st:376,joint,intercept,1.1610893415146168,0.9477645869258976,1.352096515895859
rain,st:376,joint,PNA,-0.029673685171815234,-0.14354921258234435,0.10875838053462496
rain,st:376,joint,ONI,0.14925987938828378,-0.052830075523187504,0.3704446981391618
rain,st:376,joint,PDO,-0.06133259096549695,-0.20164453963648918,0.13242235904794175
rain,st:376,joint,MJO1,-0.49470446503809856,-0.7099615663581135,-0.09516803596672635
rain,st:376,joint,MJO2,-0.462432001178702,-0.7116734795606684,-0.1317278722419559
rain,st:376,joint,MJO3,-0.10209088178824766,-0.4570281677337753,0.2198101359441882
rain,st:376,joint,MJO4,-0.46558452326526284,-0.7167183813443662,-0.20014030799154398
rain,st:376,joint,MJO5,0.03509469273118179,-0.3720385679270228,0.3475481798942118
rain,st:376,joint,MJO6,-0.22088319000276127,-0.5005088329172609,0.14401413324910248
rain,st:376,joint,MJO7,-0.1570920302344409,-0.40440470254525357,0.15316936536748543
rain,st:376,joint,MJO8,-0.2672580598712948,-0.5641258452421019,0.05896879465660264
rain,st:418,joint,intercept,1.0866211820793108,0.9737241408790703,1.2413938683678223
rain,st:418,joint,PNA,0.014309414137028964,-0.05548566389945747,0.08958680778276618
rain,st:418,joint,ONI,-0.14505564068684065,-0.2603525681673958,-0.0020455079344080724
rain,st:418,joint,PDO,0.11650075378886895,0.004070338390127719,0.19961641960126905
rain,st:418,joint,MJO1,-0.31158622213723286,-0.5009949265150861,-0.07136002065771486
rain,st:418,joint,MJO2,-0.1976115783826276,-0.36462714886052316,-0.0580529520567621
rain,st:418,joint,MJO3,-0.34848353863048787,-0.5230538434273291,-0.16317438056464023
rain,st:418,joint,MJO4,0.037689913218822965,-0.28759391135434526,0.4838026578145723
rain,st:418,joint,MJO5,-0.04441762673270926,-0.3088537501958979,0.20628717331138444
rain,st:418,joint,MJO6,-0.09338302853810679,-0.2983597019396749,0.07503188220679002
rain,st:418,joint,MJO7,0.0027395021230026267,-0.263082075938108,0.2259480330071436
rain,st:418,joint,MJO8,-0.13767178627580956,-0.4269834308360489,0.12904371558994213
rain,st:420,joint,intercept,1.114700620982808,1.0016699809364682,1.2035816290257482
rain,st:420,joint,PNA,0.04831704926784558,-0.019719888105370086,0.10155132044538413
rain,st:420,joint,ONI,-0.0633058095099353,-0.2132938078233316,0.004363495000821399
rain,st:420,joint,PDO,0.05361053142264001,-0.009664662339087143,0.1211628675077144
rain,st:420,joint,MJO1,-0.2775265860253958,-0.4990199159027772,-0.09360508601092976
rain,st:420,joint,MJO2,-0.1375561381997017,-0.30512214500411766,0.06396715444488321
rain,st:420,joint,MJO3,-0.3742760053630878,-0.49287737254555775,-0.22274570890163872
rain,st:420,joint,MJO4,-0.14423563282235743,-0.35674690668592474,0.06531111391626629
rain,st:420,joint,MJO5,-0.17584671697958643,-0.31940652021848487,-0.008202879198046091
rain,st:420,joint,MJO6,-0.1698416595383308,-0.32935991738010306,0.033772243304703
rain,st:420,joint,MJO7,-0.1593167277446669,-0.3573059313175859,0.08918956027024279
rain,st:420,joint,MJO8,-0.03851336101715615,-0.27126579925061606,0.1940441006902509
rain,st:478,joint,intercept,1.1411363000009136,0.9889989531281512,1.2733222659425827
rain,st:478,joint,PNA,0.06102453682986342,-0.027574006841951642,0.17511524980932358
rain,st:478,joint,ONI,-0.05205453722908406,-0.16430936427588178,0.0763761549173232
rain,st:478,joint,PDO,0.049684805784666254,-0.023183177500616877,0.1210561701169199
rain,st:478,joint,MJO1,-0.3572474108448136,-0.5486452484043091,-0.17029352574506146
rain,st:478,joint,MJO2,-0.30887035020045484,-0.5231773673192817,0.024241886129855564
rain,st:478,joint,MJO3,-0.48861303192705186,-0.6585627943772945,-0.27601010655258246
rain,st:478,joint,MJO4,-0.039712140779211674,-0.3410564040044527,0.2823168264801248
rain,st:478,joint,MJO5,-0.13871697825444532,-0.37192529970764315,0.08779171062615092
rain,st:478,joint,MJO6,-0.22830052621848035,-0.38251763736887334,-0.03421367831335599
rain,st:478,joint,MJO7,-0.20720641783792795,-0.42213768586017225,0.06774802167285791
rain,st:478,joint,MJO8,-0.0274841379346715,-0.29376722598171273,0.26254430704265924
rain,st:502,joint,intercept,1.1200895308528702,0.9541761599390138,1.3242327025141911
rain,st:502,joint,PNA,0.0006394286381000702,-0.07818863760441554,0.08680678157424139
rain,st:502,joint,ONI,-0.035660290101798976,-0.1346087793171468,0.098794404545216
rain,st:502,joint,PDO,0.08231857198340467,-0.055639062822652324,0.2231988682413687
rain,st:502,joint,MJO1,-0.3749029827702469,-0.5745288478794173,-0.14838593232186897
rain,st:502,joint,MJO2,-0.26632103635844695,-0.5838295746266867,0.032201107239713075
rain,st:502,joint,MJO3,-0.3213536600563662,-0.6098934250463078,-0.03955658288473038
rain,st:502,joint,MJO4,-0.3564917965158103,-0.560613800944622,-0.1242191699489954
rain,st:502,joint,MJO5,0.1717277063350672,-0.17097350573561332,0.5437538584653837
rain,st:502,joint,MJO6,-0.12430213784421315,-0.3526616551794683,0.18180331020472276
rain,st:502,joint,MJO7,-0.18899445685764127,-0.4948006924137275,0.09830970296950825
rain,st:502,joint,MJO8,-0.06145985370086801,-0.35310354942135663,0.21775297004677271
rain,st:507,joint,intercept,1.0694566289007472,0.9119922599802076,1.2186010930247286
rain,st:507,joint,PNA,-0.0549166866285864,-0.12446096411985032,0.025775440767073454
rain,st:507,joint,ONI,-0.08967948992578752,-0.20824552671304167,0.00921137998505093
rain,st:507,joint,PDO,0.05079778632659668,-0.020849380746444098,0.12759269903548884
rain,st:507,joint,MJO1,-0.382280067466157,-0.5954983252094092,-0.13410198292244171
rain,st:507,joint,MJO2,-0.13820380362236048,-0.4149749998669715,0.2291704160500304
rain,st:507,joint,MJO3,-0.21123338348457474,-0.40160736901369004,0.04844014153306268
rain,st:507,joint,MJO4,-0.2577454898808467,-0.41667752834986105,-0.05952161378367364
rain,st:507,joint,MJO5,0.09403645112536371,-0.17498594761772157,0.38383840835314115
rain,st:507,joint,MJO6,0.007483407686996901,-0.32271560549809974,0.2923770173846876
rain,st:507,joint,MJO7,-0.13170596341105864,-0.3654453184065823,0.1090614099369932
rain,st:507,joint,MJO8,0.12322603143477398,-0.19677241642115423,0.5674472628849194
rain,st:515,joint,intercept,1.0342980509823538,0.8155185471708241,1.2325977004491147
rain,st:515,joint,PNA,-0.13285075231062934,-0.24313566856875846,0.008535178360537072
rain,st:515,joint,ONI,0.0015672292827261375,-0.109345664140286,0.15335195073392438
rain,st:515,joint,PDO,0.09072031990734228,-0.06941549050054503,0.20542781697005003
rain,st:515,joint,MJO1,-0.0368011871248179,-0.33405411689925724,0.28593105796126095
rain,st:515,joint,MJO2,-0.05548956159153308,-0.34229156286279994,0.3628959767389213
rain,st:515,joint,MJO3,-0.2914916581788418,-0.4874275159537868,-0.006370435071482809
rain,st:515,joint,MJO4,-0.28736223379968034,-0.5535784307416334,0.04885586895350923
rain,st:515,joint,MJO5,0.10844786151604074,-0.2505013949602024,0.5580069927070588
rain,st:515,joint,MJO6,-0.15524391779077784,-0.3661688564613892,0.06749788094720598
rain,st:515,joint,MJO7,0.4042195062116367,0.09261280845658473,0.8252126702863889
rain,st:515,joint,MJO8,-0.08552177019576498,-0.41751909177999,0.24682114904299118
rain,st:553,joint,intercept,1.0748325742097404,0.9467772393507888,1.1973465128245209
rain,st:553,joint,PNA,0.07455624850300313,0.0018596830447406966,0.1481894354895037
rain,st:553,joint,ONI,-0.03778277632847196,-0.1764624158410171,0.06235162065531703
rain,st:553,joint,PDO,0.11416969990715427,-0.01590903100406589,0.18853260273791442
rain,st:553,joint,MJO1,-0.24350381150268335,-0.5162596241881341,-0.056713028129257284
rain,st:553,joint,MJO2,-0.07407385275386194,-0.35263638701342087,0.24547495081946588
rain,st:553,joint,MJO3,-0.3506791762340904,-0.47310100950632206,-0.14166216501963744
rain,st:553,joint,MJO4,-0.1001357172510116,-0.3845763929891503,0.18770147088631364
rain,st:553,joint,MJO5,0.026882788589008798,-0.22257363684748507,0.33651142078482044
rain,st:553,joint,MJO6,-0.04476740116104353,-0.3205670591811819,0.1864354518062241
rain,st:553,joint,MJO7,-0.09190121671076303,-0.2813230999216904,0.09572305764797424
rain,st:553,joint,MJO8,-0.06591217561452167,-0.24217134571339016,0.19446005851582387
rain,st:591,joint,intercept,1.0835033546607573,0.9894983141665842,1.1999099565254756
rain,st:591,joint,PNA,0.08289030957335153,0.003880229118676956,0.1445591429058294
rain,st:591,joint,ONI,-0.012378373644339712,-0.12408062485441154,0.12612947968336582
rain,st:591,joint,PDO,0.1186652172570473,0.023669993966976673,0.23692968100244594
rain,st:591,joint,MJO1,-0.14016153087393807,-0.42591312399989206,0.0597432297786537
rain,st:591,joint,MJO2,-0.24834346117654765,-0.45584364691387064,-0.08912845522433398
rain,st:591,joint,MJO3,-0.3457222228328934,-0.5257104525987231,-0.20149949844334034
rain,st:591,joint,MJO4,-0.08719952779536536,-0.3485214459694579,0.3468479932182799
rain,st:591,joint,MJO5,0.06373000428937639,-0.2389349686730052,0.35015365437836465
rain,st:591,joint,MJO6,-0.10129455458699102,-0.3674353370977215,0.13573188051938526
rain,st:591,joint,MJO7,-0.148666833423661,-0.37607636233692116,0.09507860785940797
rain,st:591,joint,MJO8,-0.03785601663152024,-0.32139365444510737,0.19074740283734873
rain,st:599,joint,intercept,1.0749199287599354,0.9332622108074161,1.190466989141155
rain,st:599,joint,PNA,0.0433658183143274,-0.040564609662455946,0.12127747643569718
rain,st:599,joint,ONI,0.03131684936712873,-0.13755788579652548,0.20490332221871632
rain,st:599,joint,PDO,-0.07552880720785717,-0.24422502912836908,0.15315655791447916
rain,st:599,joint,MJO1,-0.15217621170381965,-0.3561409986508824,0.08225918659934466
rain,st:599,joint,MJO2,-0.05791896512996469,-0.34606569835389334,0.27715103496501947
rain,st:599,joint,MJO3,-0.42830868967659474,-0.6136324717798157,-0.16380871413304526
rain,st:599,joint,MJO4,-0.20244477974892078,-0.42113410954072455,0.02868876692597907
rain,st:599,joint,MJO5,0.04823558650928715,-0.24377896855450765,0.39249598941846
rain,st:599,joint,MJO6,-0.021363369477051808,-0.2244821507106386,0.19643739238436278
rain,st:599,joint,MJO7,-0.05942304193875519,-0.3080060328446672,0.2153316966257311
rain,st:599,joint,MJO8,-0.02045895236910944,-0.27738243034726406,0.3135594439221423
rain,st:606,joint,intercept,1.2462384640951178,0.957378086441065,1.4594307926477796
rain,st:606,joint,PNA,0.07008338571036643,-0.07151607565420949,0.17874690205779034
rain,st:606,joint,ONI,0.08331222422217166,-0.05060242290285723,0.25152966845109903
rain,st:606,joint,PDO,-0.11263164409768522,-0.25332780457033666,0.009700239673216444
rain,st:606,joint,MJO1,-0.6248222439893978,-0.9713675487150091,-0.3576285020005761
rain,st:606,joint,MJO2,-0.4680206015346598,-0.7203913961782589,-0.16926443520937198
rain,st:606,joint,MJO3,-0.4930158700278587,-0.8157510612597197,-0.10166464521911203
rain,st:606,joint,MJO4,-0.32307342729372424,-0.5773348299892569,0.0640887826991481
rain,st:606,joint,MJO5,-0.12947278977149884,-0.5880651002050631,0.3734513597165087
rain,st:606,joint,MJO6,-0.46312848958866093,-0.6303266825472067,-0.045258250554264516
rain,st:606,joint,MJO7,-0.3496053524820526,-0.6549104061206593,-0.02272782218485473
rain,st:606,joint,MJO8,-0.3258490074277871,-0.6373575594752677,0.10699735927295767
rain,st:642,joint,intercept,1.1592694861843544,0.9537094216158706,1.3415282284409202
rain,st:642,joint,PNA,0.05056923290405957,-0.012920073173442792,0.14352635653730864
rain,st:642,joint,ONI,-0.08610235998853899,-0.16634293389347263,0.013807078565138025
rain,st:642,joint,PDO,0.02367482624487932,-0.08507015325759348,0.13079552504868194
rain,st:642,joint,MJO1,-0.4202256403531478,-0.7227152427840297,-0.18130259970114337
rain,st:642,joint,MJO2,-0.21926431260578885,-0.43531953078961133,0.008731617027763306
rain,st:642,joint,MJO3,-0.47062899342701137,-0.7294118070784393,-0.2811577634669846
rain,st:642,joint,MJO4,-0.31673883511016077,-0.6072079523224415,0.0869197944429178
rain,st:642,joint,MJO5,0.014347732610594036,-0.2768988724549869,0.2769971660278387
rain,st:642,joint,MJO6,-0.24009096722259365,-0.5588542263171886,0.014468215550625508
rain,st:642,joint,MJO7,-0.1967285956388003,-0.5158542091025252,0.12466735737754397
rain,st:642,joint,MJO8,-0.15102222437638382,-0.4455160307932348,0.11481807428708284
rain,st:648,joint,intercept,1.0252539381304124,0.8743813272165514,1.1596135241634407
rain,st:648,joint,PNA,0.23560676514637735,0.12727043263737087,0.3356667541187088
rain,st:648,joint,ONI,0.023348562136329673,-0.06863515304113507,0.13256088990292586
rain,st:648,joint,PDO,0.0669054745862423,-0.02444585055405667,0.14287559856008847
rain,st:648,joint,MJO1,0.030377816708394758,-0.278975200061006,0.43555510066884173
rain,st:648,joint,MJO2,-0.13729224590915104,-0.3731611742310107,0.08087980788990785
rain,st:648,joint,MJO3,-0.2816622223377298,-0.5234743235266534,-0.029860858622356646
rain,st:648,joint,MJO4,-0.008967381701179063,-0.27237505429104464,0.2223668440557881
rain,st:648,joint,MJO5,0.32534940931646084,-0.1041464381405587,0.6833338127531847
rain,st:648,joint,MJO6,0.06344239824192578,-0.30569530692534325,0.2822784571936318
rain,st:648,joint,MJO7,-0.1807919284261785,-0.4689852119600936,0.08084268845174748
rain,st:648,joint,MJO8,-0.06376133116241083,-0.33213447875410634,0.21908247899603386
rain,st:672,joint,intercept,1.1865061627371973,1.0035143041308592,1.322867765367734
rain,st:672,joint,PNA,0.02019948753731826,-0.05294470707295444,0.10787656243645345
rain,st:672,joint,ONI,-0.12980189154788555,-0.31908805913781846,-0.016574964651361438
rain,st:672,joint,PDO,0.07892242125410978,8.994059041636223e-05,0.15304887517602722
rain,st:672,joint,MJO1,-0.42069316106537824,-0.6099497234998679,-0.21741674490633514
rain,st:672,joint,MJO2,-0.3780464464512128,-0.6640733510009694,-0.13994853873431848
rain,st:672,joint,MJO3,-0.5652023053099615,-0.8038297771459163,-0.3000177785740959
rain,st:672,joint,MJO4,-0.024491046123621518,-0.29301739551349365,0.3520691320674187
rain,st:672,joint,MJO5,-0.2130975714554464,-0.39343459926883695,-0.041162757271978975
rain,st:672,joint,MJO6,-0.33666731966661767,-0.544752571235899,-0.12472920015763686
rain,st:672,joint,MJO7,-0.2695340603547002,-0.5154929968238263,-0.05806408589787606
rain,st:672,joint,MJO8,-0.16358607238015876,-0.4590311977735842,0.08686710031108577
rain,st:679,joint,intercept,1.2090966678853279,1.046623099735513,1.4031380092483325
rain,st:679,joint,PNA,0.07344274671876616,-0.057535781051369694,0.17254585129917466
rain,st:679,joint,ONI,-0.08886272724210675,-0.2654713179890552,0.06192511912874274
rain,st:679,joint,PDO,0.06960878138997903,-0.08169071569714313,0.24779284422111417
rain,st:679,joint,MJO1,-0.46475750943813476,-0.6604279311943964,-0.2522841684877062
rain,st:679,joint,MJO2,-0.3577336765689445,-0.6455715080728796,-0.1314370127176637
rain,st:679,joint,MJO3,-0.6194235609032728,-0.8594081134588224,-0.4097743206475617
rain,st:679,joint,MJO4,-0.25994360516335513,-0.5797911467786167,0.23436949606625854
rain,st:679,joint,MJO5,-0.11323797091308915,-0.4093565007144495,0.20429772855559294
rain,st:679,joint,MJO6,-0.27952087908956125,-0.5103564638035225,0.040106848320354035
rain,st:679,joint,MJO7,-0.36822961459449227,-0.7103524623825378,-0.08389986490231012
rain,st:679,joint,MJO8,-0.16685348738775355,-0.4816073099469243,0.11474846967712493
rain,st:681,joint,intercept,1.1132123358767771,0.9754664772712863,1.2798533454566448
rain,st:681,joint,PNA,0.01669423619649263,-0.06815958762796875,0.11116178184530925
rain,st:681,joint,ONI,-0.05554783314693298,-0.2020548947389078,0.06632226474655879
rain,st:681,joint,PDO,0.028098868073502717,-0.09726412724493476,0.16517076860228383
rain,st:681,joint,MJO1,-0.3667444866614106,-0.5793620591796693,-0.14730439891504027
rain,st:681,joint,MJO2,-0.14117144086626976,-0.44192390633923645,0.1024533031602885
rain,st:681,joint,MJO3,-0.36231168641623135,-0.5861372319778965,-0.1889248325207101
rain,st:681,joint,MJO4,-0.09958943723787266,-0.4148924100234816,0.23436529750181115
rain,st:681,joint,MJO5,-0.07994607369359473,-0.3820186689314264,0.21891529084379896
rain,st:681,joint,MJO6,-0.2955585649150995,-0.5120377804949323,-0.050420492764819226
rain,st:681,joint,MJO7,-0.0874132325594382,-0.4067673435959147,0.21093411207014726
rain,st:681,joint,MJO8,-0.01962657677063931,-0.34851007202985285,0.3794002939519451
rain,st:692,joint,intercept,1.2176835033162707,0.9899194920367006,1.4138678802749765
rain,st:692,joint,PNA,-0.03304655201071949,-0.12964862095211432,0.05250227157290785
rain,st:692,joint,ONI,-0.1347798119216453,-0.27363186624568864,0.043562446380658065
rain,st:692,joint,PDO,0.12472259461820379,-0.0035480687524022565,0.2659662494465389
rain,st:692,joint,MJO1,-0.6206649980603829,-0.8477959031461251,-0.25713489248134513
rain,st:692,joint,MJO2,-0.5116615247741014,-0.7664401527692732,-0.23400281881164262
rain,st:692,joint,MJO3,-0.5840815048858458,-0.8632711444529333,-0.24735247886854658
rain,st:692,joint,MJO4,-0.23716747024200216,-0.6411182198313157,0.20637285795699253
rain,st:692,joint,MJO5,-0.24538559322905973,-0.6992788973084204,0.0741683842490123
rain,st:692,joint,MJO6,-0.27825198857689043,-0.5131540879954486,-0.030881838056903012
rain,st:692,joint,MJO7,-0.08197624840224693,-0.48015351829190944,0.2755882777578584
rain,st:692,joint,MJO8,-0.26927719629533525,-0.8231586300446757,0.06064526485130707
rain,st:699,joint,intercept,1.0783801835145177,0.9014995216309928,1.2521287462806903
rain,st:699,joint,PNA,-0.01368993610068625,-0.08814326070476199,0.06954789964904343
rain,st:699,joint,ONI,-0.05918451332458699,-0.22122535215532885,0.10159300540870016
rain,st:699,joint,PDO,0.0668010928120851,-0.03771942258393699,0.1702737602360989
rain,st:699,joint,MJO1,-0.28258578436098913,-0.5116512626332865,-0.0018928317989563436
rain,st:699,joint,MJO2,-0.26524189581035973,-0.5605172944748752,-0.03503772574228358
rain,st:699,joint,MJO3,-0.3815999213390058,-0.6325481450878468,-0.1280896221297606
rain,st:699,joint,MJO4,0.051243944446311473,-0.2763111959888607,0.49587516099325324
rain,st:699,joint,MJO5,0.06463036262222452,-0.18715347329082857,0.3920441509970153
rain,st:699,joint,MJO6,-0.183878155492683,-0.4011464437762645,0.1237696491606099
rain,st:699,joint,MJO7,-0.13024647993483782,-0.47508520426011874,0.19414093233687432
rain,st:699,joint,MJO8,0.16175466242877873,-0.3124873776033717,0.68731882790371
rain,st:702,joint,intercept,1.0999092773064005,0.9351474318955589,1.2769829336074785
rain,st:702,joint,PNA,0.08278000936577823,-0.022019573889749868,0.19108896655017238
rain,st:702,joint,ONI,-0.0977669385407462,-0.2095609155972366,0.017626295195563933
rain,st:702,joint,PDO,0.18499596637461854,0.08692684460685843,0.29214819705149075
rain,st:702,joint,MJO1,-0.2434964132155923,-0.5418531344853015,0.03741087232170558
rain,st:702,joint,MJO2,-0.22641563617101612,-0.3806738021318767,0.03054261725281225
rain,st:702,joint,MJO3,-0.3724100466629031,-0.5745615201815384,-0.1865805933320036
rain,st:702,joint,MJO4,-0.17147841437032837,-0.5756893832137499,0.1740173951568327
rain,st:702,joint,MJO5,-0.02219920852739561,-0.30655855202012305,0.3020706688528682
rain,st:702,joint,MJO6,-0.07181258176148535,-0.35520313131185816,0.1923000372851499
rain,st:702,joint,MJO7,-0.15919233830670326,-0.46738518146015334,0.11075664722991939
rain,st:702,joint,MJO8,-0.00693509003469428,-0.27879710729937096,0.2895424323001934
rain,st:707,joint,intercept,1.080834240295996,0.9491587097358399,1.2358211758933622
rain,st:707,joint,PNA,0.038871754223640254,-0.024982644389971085,0.10685728443126201
rain,st:707,joint,ONI,0.06233219389433275,-0.019954742886399427,0.20113525020174877
rain,st:707,joint,PDO,0.009260883373568462,-0.07424377544824946,0.1187399927737837
rain,st:707,joint,MJO1,-0.2853088328431228,-0.4805045451414406,-0.07076512511124536
rain,st:707,joint,MJO2,-0.19618594315751045,-0.4353414155067112,0.0794503750426913
rain,st:707,joint,MJO3,-0.22178321353038694,-0.41915287435874776,0.009782396449005845
rain,st:707,joint,MJO4,-0.3143069967456452,-0.5689256189473958,0.0009689699229150871
rain,st:707,joint,MJO5,0.22062956750213003,-0.12158696507017533,0.5572125061601289
rain,st:707,joint,MJO6,-0.02197772689563804,-0.23440445913160673,0.14121962642667793
rain,st:707,joint,MJO7,-0.09287932721708117,-0.370550554987422,0.12165825486774548
rain,st:707,joint,MJO8,-0.0999258136659073,-0.4373280035414919,0.1630902499247131
rain,st:711,joint,intercept,1.119100754955529,0.960876730674969,1.2887734327361702
rain,st:711,joint,PNA,0.026147720450203082,-0.12129854685964282,0.12276298460628655
rain,st:711,joint,ONI,-0.07407601860323017,-0.2295715613979186,0.03734448924285775
rain,st:711,joint,PDO,-0.003002534808803166,-0.11248666914843339,0.1290323445843732
rain,st:711,joint,MJO1,-0.2944009740606456,-0.5589586589369873,0.05800996521696574
rain,st:711,joint,MJO2,-0.3778705661285393,-0.6335921282760789,-0.1637148812319623
rain,st:711,joint,MJO3,-0.2974170802414215,-0.49882796071340607,-0.14959750267007207
rain,st:711,joint,MJO4,-0.18897775724889304,-0.43531912193700467,0.17506259584798062
rain,st:711,joint,MJO5,0.035894798688112683,-0.31738362837161993,0.46034188975996865
rain,st:711,joint,MJO6,-0.26791665622905936,-0.486437886927453,-0.08563277255098116
rain,st:711,joint,MJO7,-0.01634004626246177,-0.3930198387682139,0.32321033356520085
rain,st:711,joint,MJO8,-0.12049626186790358,-0.41570312741896726,0.20572860782345154
rain,st:728,joint,intercept,0.940846142414536,0.8391914737673941,1.0453839281155282
rain,st:728,joint,PNA,-0.043248146334198656,-0.14756400558665275,0.05426575398928513
rain,st:728,joint,ONI,-0.04722263180767578,-0.2170821779123516,0.09365584182809691
rain,st:728,joint,PDO,0.19103766738729822,0.051369070491205204,0.2926346599814718
rain,st:728,joint,MJO1,-0.09558785305841648,-0.4038415184614244,0.19270796354240832
rain,st:728,joint,MJO2,-0.03898261134662395,-0.42920263944313675,0.41131133766129735
rain,st:728,joint,MJO3,-0.026170781627145034,-0.28709195871917864,0.22772281612807838
rain,st:728,joint,MJO4,-0.043886943723956934,-0.35445237372391136,0.26284358343591524
rain,st:728,joint,MJO5,0.6426742189052871,0.11817263239788997,1.1858031654870338
rain,st:728,joint,MJO6,0.27357372190812906,0.04153954305661325,0.53195231688869
rain,st:728,joint,MJO7,0.07437826851911172,-0.22805674760256248,0.3172021059142545
rain,st:728,joint,MJO8,0.07699885843839865,-0.22522770306325512,0.43954604496505845
rain,st:734,joint,intercept,1.1816858005060564,1.0247720944011143,1.3533046923461058
rain,st:734,joint,PNA,-0.007492655225671663,-0.12673675029702225,0.08943393598045432
rain,st:734,joint,ONI,-0.11181903858790201,-0.2530566224238221,0.10381247963983273
rain,st:734,joint,PDO,0.06212800770041452,-0.10152629068178744,0.17173448698052307
rain,st:734,joint,MJO1,-0.5191028491109837,-0.7146851212796145,-0.3042902968918908
rain,st:734,joint,MJO2,-0.28115140008409,-0.6357412459811704,0.0034722487697853117
rain,st:734,joint,MJO3,-0.5249745497493544,-0.7816801137290514,-0.15983359156855304
rain,st:734,joint,MJO4,-0.20233626318657222,-0.4843869501294229,0.18015898132643007
rain,st:734,joint,MJO5,-0.09773724622142076,-0.30980372352328256,0.11708107969164372
rain,st:734,joint,MJO6,-0.26977475304829335,-0.5289805115250038,-0.08377406378212057
rain,st:734,joint,MJO7,-0.3378760411365819,-0.551874233423586,-0.06277321310073629
rain,st:734,joint,MJO8,-0.061948399516424696,-0.46603419427701614,0.2673258773231835
rain,st:748,joint,intercept,1.0836078289282591,0.997931754165205,1.1680945877058042
rain,st:748,joint,PNA,0.1155228688589123,0.05670655606237687,0.17493346396980486
rain,st:748,joint,ONI,-0.00607423329898113,-0.109960285542651,0.1010237980117757
rain,st:748,joint,PDO,0.05910093306856299,-0.054316347005501725,0.16600031426450307
rain,st:748,joint,MJO1,-0.21676486010484453,-0.44476078197700225,-0.03207751525698282
rain,st:748,joint,MJO2,-0.1284371385067055,-0.3090342387917524,0.04261347503397651
rain,st:748,joint,MJO3,-0.3698268335429133,-0.5615644175664977,-0.23381536992411145
rain,st:748,joint,MJO4,-0.11453755749093367,-0.40688600629823546,0.07719571994540857
rain,st:748,joint,MJO5,-0.022785361040735648,-0.3010529807644983,0.21578902709964765
rain,st:748,joint,MJO6,-0.0376535004382812,-0.31326732482146247,0.14333000833959803
rain,st:748,joint,MJO7,-0.0988674822205022,-0.3130508305324818,0.12476710991011307
rain,st:748,joint,MJO8,-0.0799454383202001,-0.34375693123966095,0.1568463831564997
rain,st:776,joint,intercept,1.0851780568137193,0.97427806482404,1.186880040830832
rain,st:776,joint,PNA,0.10672379465558046,0.02906076921268711,0.17400322680902158
rain,st:776,joint,ONI,0.0026730194069684507,-0.13129378422483118,0.13589143190600103
rain,st:776,joint,PDO,0.0791849712381645,-0.02446289422435233,0.18848933691164144
rain,st:776,joint,MJO1,-0.2549081198025059,-0.46043589128726714,0.0025210122318060305
rain,st:776,joint,MJO2,-0.17177271421794307,-0.3961179888473154,0.049114775272474355
rain,st:776,joint,MJO3,-0.335262679958663,-0.4872223480708185,-0.073869582766118
rain,st:776,joint,MJO4,-0.0576775493742024,-0.32187429314607663,0.21461414728612435
rain,st:776,joint,MJO5,-0.013077205011315943,-0.30807240697588784,0.17543667171315455
rain,st:776,joint,MJO6,-0.06085673868762197,-0.29481815436192066,0.1576187637980802
rain,st:776,joint,MJO7,-0.13964555009745938,-0.34321801767351595,0.03641326307866867
rain,st:776,joint,MJO8,-0.05898400223503848,-0.2394511765555252,0.23742491956236456
rain,st:777,joint,intercept,1.0961195192658066,0.9956215854971194,1.223971773339628
rain,st:777,joint,PNA,0.0465768977129814,-0.022901922247604952,0.11401102892406502
rain,st:777,joint,ONI,-0.059020931506257895,-0.17134623526433337,0.05033939067947393
rain,st:777,joint,PDO,0.078558192187454,-0.006800648562249127,0.16851978200230602
rain,st:777,joint,MJO1,-0.15308397491858508,-0.38630550012008735,0.02405272806147757
rain,st:777,joint,MJO2,-0.13668419388135755,-0.3617165737732565,0.017351053411009242
rain,st:777,joint,MJO3,-0.3535685880120765,-0.5663013806905468,-0.18659636320630252
rain,st:777,joint,MJO4,-0.1559378333490862,-0.45236780799404797,0.15809023671194625
rain,st:777,joint,MJO5,-0.04122473524304117,-0.2995985613394148,0.1620858751558699
rain,st:777,joint,MJO6,-0.0393173565645053,-0.2984265260215185,0.20063660607120767
rain,st:777,joint,MJO7,-0.24126642231407344,-0.40662134828852803,-0.0413047088384719
rain,st:777,joint,MJO8,-0.08982004655341694,-0.34383694268173415,0.03983488601051731
rain,st:788,joint,intercept,1.197264282663059,1.0732373496034908,1.365999987715973
rain,st:788,joint,PNA,-0.005852355984726776,-0.05438048128802687,0.07596466350110315
rain,st:788,joint,ONI,-0.11812032599141682,-0.26830561743766634,0.004633568943874307
rain,st:788,joint,PDO,0.0984746275985453,0.02007516464571579,0.1910769525534452
rain,st:788,joint,MJO1,-0.5010459132833677,-0.6728144769019048,-0.27543994098728647
rain,st:788,joint,MJO2,-0.37778133213157883,-0.6154856262177812,-0.10653001486222269
rain,st:788,joint,MJO3,-0.5201733605970879,-0.6643098339863778,-0.3521538868125919
rain,st:788,joint,MJO4,-0.05638205850488559,-0.45264056068034303,0.3444200383156084
rain,st:788,joint,MJO5,-0.3316157351731952,-0.4787197804577865,-0.06019675775895654
rain,st:788,joint,MJO6,-0.4677037704586655,-0.6650575173116182,-0.2697798226917326
rain,st:788,joint,MJO7,-0.2737217365776063,-0.5314934392533895,-0.07650978019235674
rain,st:788,joint,MJO8,-0.027346087564778965,-0.4140440562788292,0.3206423268859082
rain,st:791,joint,intercept,1.1694371087778375,1.0166936179533088,1.3333243014807838
rain,st:791,joint,PNA,-0.060781103804649406,-0.15205716695664165,0.01088979742627669
rain,st:791,joint,ONI,-0.09058542930535382,-0.23663151873985622,0.07281043029802452
rain,st:791,joint,PDO,0.11103095950988015,0.005033054142716932,0.2000057971828374
rain,st:791,joint,MJO1,-0.38181055160982347,-0.5962967698311316,-0.18094405656279572
rain,st:791,joint,MJO2,-0.3650263041668921,-0.5978402974431737,-0.09296005734803765
rain,st:791,joint,MJO3,-0.4783936139102052,-0.7167899658868218,-0.31891274281181514
rain,st:791,joint,MJO4,-0.12957064178749622,-0.511085698121059,0.2159308112970285
rain,st:791,joint,MJO5,-0.18801824364086306,-0.41791634455779647,0.005663698939625999
rain,st:791,joint,MJO6,-0.30377851943785705,-0.5609390303640293,-0.14717142262193156
rain,st:791,joint,MJO7,-0.15188211351440195,-0.35643868474108753,0.0733986374201328
rain,st:791,joint,MJO8,-0.17599769388679548,-0.46788771355327285,0.10766702728720806
rain,st:804,joint,intercept,1.155362743003173,1.031152927684975,1.280257509211159
rain,st:804,joint,PNA,0.055277755235042636,0.0027304472884211394,0.12796475320358233
rain,st:804,joint,ONI,-0.05320358938720421,-0.20709040324942563,0.07516117749068545
rain,st:804,joint,PDO,0.08546317723245371,-0.04697828079084162,0.2084601373867309
rain,st:804,joint,MJO1,-0.3301232060365722,-0.6051383972937616,-0.06709001001537275
rain,st:804,joint,MJO2,-0.36512094309029886,-0.5707390019951939,-0.1621173467717751
rain,st:804,joint,MJO3,-0.48224497901573177,-0.616373006871997,-0.30024205955401917
rain,st:804,joint,MJO4,-0.17583333764853587,-0.4860920979853911,0.2514968889733315
rain,st:804,joint,MJO5,-0.031667902673424175,-0.23392464338198612,0.14473818960893983
rain,st:804,joint,MJO6,-0.22746319966491022,-0.470617764414611,-0.045668099642482855
rain,st:804,joint,MJO7,-0.2519326777819839,-0.43414213818748726,-0.06275377162756096
rain,st:804,joint,MJO8,-0.1017088186484216,-0.3214765304345571,0.17431343141230388
rain,st:817,joint,intercept,1.1657001078000166,1.0280477379524984,1.4016378300222236
rain,st:817,joint,PNA,0.10172363940189766,-0.004870700219459824,0.1882756819272913
rain,st:817,joint,ONI,-0.040471356332331065,-0.16347955870440958,0.08855341528837472
rain,st:817,joint,PDO,0.012558209512915253,-0.14199697519035626,0.14128292961574418
rain,st:817,joint,MJO1,-0.31682900934873903,-0.7026367831882354,-0.053005390115843536
rain,st:817,joint,MJO2,-0.4280762127971744,-0.70697273344992,-0.2882120065147785
rain,st:817,joint,MJO3,-0.464449164278875,-0.709034164389246,-0.2815164648993792
rain,st:817,joint,MJO4,-0.07394400124358105,-0.29404050337298643,0.18578214447434516
rain,st:817,joint,MJO5,-0.07940892752086774,-0.4195988966499105,0.10035623276235432
rain,st:817,joint,MJO6,-0.3680361094234084,-0.5981611785436953,-0.16732501514364254
rain,st:817,joint,MJO7,-0.2275223357671649,-0.5599998003262897,0.053060625238912154
rain,st:817,joint,MJO8,-0.1744285292873558,-0.47607376462969464,0.036316452632641334
rain,st:824,joint,intercept,1.1763432581841846,1.0039273883237743,1.3057427962701156
rain,st:824,joint,PNA,-0.11562509664516629,-0.19921513678996758,0.023917938868394335
rain,st:824,joint,ONI,-0.04300329333659397,-0.25566725538702967,0.1136823333765949
rain,st:824,joint,PDO,0.08227687467576626,-0.07207915993093655,0.23052845380337564
rain,st:824,joint,MJO1,-0.5929028102346241,-0.7988095914060197,-0.43289743228910593
rain,st:824,joint,MJO2,-0.416233252149165,-0.6987588146888679,-0.14387738631739944
rain,st:824,joint,MJO3,-0.5016658372822803,-0.7239138703303579,-0.20689214027359157
rain,st:824,joint,MJO4,-0.2645474036137119,-0.5352537851117616,0.008702441057154725
rain,st:824,joint,MJO5,-0.06800542428331824,-0.26386610351972434,0.2763337393707488
rain,st:824,joint,MJO6,-0.1320829467523235,-0.3822434691025318,0.145979454042807
rain,st:824,joint,MJO7,-0.3440743647925952,-0.5300734998616606,-0.1928943181339569
rain,st:824,joint,MJO8,0.05174724617252641,-0.34640209536508293,0.4614637203025045
rain,st:832,joint,intercept,1.0364559978617611,0.8981513893146993,1.1640629078982243
rain,st:832,joint,PNA,-0.045913158356860884,-0.0957319028266468,0.048947367441455024
rain,st:832,joint,ONI,-0.05477965919060751,-0.16845435476690435,0.018426605075520717
rain,st:832,joint,PDO,0.10437285754591948,0.058383769973510254,0.1790332638473214
rain,st:832,joint,MJO1,-0.28479955360767517,-0.5619869005667103,-0.008479686027967606
rain,st:832,joint,MJO2,0.1386879462509238,-0.1880848417983212,0.5099329720057211
rain,st:832,joint,MJO3,-0.2935219244718004,-0.4467081150476524,-0.03308943338177505
rain,st:832,joint,MJO4,0.08975362751063644,-0.17914209853291815,0.3792983268192066
rain,st:832,joint,MJO5,0.28216759504049843,-0.05911563684347901,0.6076668356011368
rain,st:832,joint,MJO6,0.04884347462924665,-0.17829593588878903,0.3112866415817634
rain,st:832,joint,MJO7,-0.2520706193166302,-0.4221055965889252,0.0057357237010001345
rain,st:832,joint,MJO8,-0.08438298495709726,-0.3286805005236867,0.18627871543196406
rain,st:841,joint,intercept,1.096945688257719,0.9142444560427415,1.244225544795353
rain,st:841,joint,PNA,0.05523010973113457,-0.01917152498442993,0.1608187156630161
rain,st:841,joint,ONI,-0.09152299343341357,-0.2481748421866987,-0.0008632077229697467
rain,st:841,joint,PDO,0.07556087115338718,-0.00961241783174516,0.1815774912301643
rain,st:841,joint,MJO1,-0.44623788369457473,-0.5783335171017866,-0.2550540221099147
rain,st:841,joint,MJO2,-0.12945598950671153,-0.5220242230728089,0.49361240911317306
rain,st:841,joint,MJO3,-0.4367750945987823,-0.6411330623461274,-0.1993134966665245
rain,st:841,joint,MJO4,-0.06644199856809298,-0.35153530092121293,0.2908684414306945
rain,st:841,joint,MJO5,0.1332970047451131,-0.219749213845341,0.4268116740615989
rain,st:841,joint,MJO6,-0.0027170354170331645,-0.3067465863206124,0.29658997159525
rain,st:841,joint,MJO7,-0.29345778280580803,-0.5440307154266874,-0.027577821685672986
rain,st:841,joint,MJO8,0.06032771306610779,-0.2869196396250445,0.3665465229149046
rain,st:863,joint,intercept,1.1265759390781769,0.9500148740220905,1.306696555517789
rain,st:863,joint,PNA,0.0624327081330619,-0.021511843048892677,0.15050619014829497
rain,st:863,joint,ONI,-0.12688480576464314,-0.26585980147284394,0.038634174907094254
rain,st:863,joint,PDO,0.12353818008370668,-0.03558592399421719,0.24613998706952245
rain,st:863,joint,MJO1,-0.4698044135694915,-0.7099915505825326,-0.20514816896468982
rain,st:863,joint,MJO2,-0.18721202877419163,-0.4152158161953788,-0.0002241417284042284
rain,st:863,joint,MJO3,-0.4827901832755903,-0.6520172046314936,-0.2578449783934226
rain,st:863,joint,MJO4,-0.07310404201454007,-0.43929298738014644,0.2765492475455693
rain,st:863,joint,MJO5,-0.1067877149996454,-0.3344685335414095,0.14094859079344915
rain,st:863,joint,MJO6,-0.16759992350318156,-0.44138992028212315,0.06678103500034219
rain,st:863,joint,MJO7,-0.12819348648527518,-0.47105865278846276,0.22384832639732405
rain,st:863,joint,MJO8,-0.0004028350654146362,-0.35326758558629134,0.28443115220326304
bigsnow,all stations,joint,intercept,0.9340679176705108,0.7751876537196966,1.071616925796724
bigsnow,all stations,joint,PNA,-0.19861871369780226,-0.3167301659823416,-0.0890581417249965
bigsnow,all stations,joint,ONI,-0.22454736006611148,-0.4911708685478422,-0.042843622566259384
bigsnow,all stations,joint,PDO,0.10072342826188975,-0.030239635734284176,0.2679972203798216
bigsnow,all stations,joint,MJO1,0.11198712048715495,-0.18538270853108635,0.4817624429409964
bigsnow,all stations,joint,MJO2,0.6715583457784997,0.2467573138299875,1.1558457628947376
bigsnow,all stations,joint,MJO3,0.1864178938449111,-0.1802807273779698,0.6574835654878527
bigsnow,all stations,joint,MJO4,0.4984874721732254,0.08893111200709412,0.9695463569463537
bigsnow,all stations,joint,MJO5,0.20074525488545963,-0.1801685768687545,0.6248833583544549
bigsnow,all stations,joint,MJO6,0.41486542891696876,-0.011151572511824089,0.8905789090696662
bigsnow,all stations,joint,MJO7,-0.014540429890706974,-0.31079642120469186,0.33530078691541915
bigsnow,all stations,joint,MJO8,0.10290756340642954,-0.23622594889365933,0.4757390816651164
bigsnow,all stations,PNA alone,intercept,1.0972444497710416,0.9852754389547811,1.2197426845665464
bigsnow,all stations,PNA alone,PNA,-0.21752170824849515,-0.3124162060600632,-0.12167906779134159
bigsnow,all stations,ONI alone,intercept,1.097096752308426,0.9807784204180575,1.2065133031001707
bigsnow,all stations,ONI alone,ONI,-0.2028807366368082,-0.4210810541416828,-0.030171686430880862
bigsnow,all stations,PDO alone,intercept,1.097096752308426,0.9612221798854613,1.2263720301753323
bigsnow,all stations,PDO alone,PDO,-0.04057340966623618,-0.13507177820468244,0.06306623134268584
bigsnow,low (<4000 ft),joint,intercept,0.9199913711764258,0.766355873885386,1.0715464288095138
bigsnow,low (<4000 ft),joint,PNA,-0.3225184025049138,-0.43995148295498254,-0.20439741500884867
bigsnow,low (<4000 ft),joint,ONI,-0.23873237479456216,-0.4775295942917021,-0.03431731960258661
bigsnow,low (<4000 ft),joint,PDO,0.06689012204031616,-0.06517547764725133,0.2555611195847937
bigsnow,low (<4000 ft),joint,MJO1,0.043906397914781625,-0.30401297455224474,0.391990839656869
bigsnow,low (<4000 ft),joint,MJO2,0.7587014841506239,0.23758790398539778,1.3585863763427435
bigsnow,low (<4000 ft),joint,MJO3,0.33176700317509855,-0.12510357536432898,0.8058139177250423
bigsnow,low (<4000 ft),joint,MJO4,0.5966891992711256,0.1589714316279146,1.0445809722778767
bigsnow,low (<4000 ft),joint,MJO5,0.3405015417342826,-0.1512035300477385,0.8407229965697391
bigsnow,low (<4000 ft),joint,MJO6,0.41786654209736374,0.024788507317136072,0.811476030125879
bigsnow,low (<4000 ft),joint,MJO7,-0.01973257450105126,-0.355339407725396,0.32907157139847426
bigsnow,low (<4000 ft),joint,MJO8,0.08794702989793285,-0.25287798718231547,0.4796292554087468
bigsnow,low (<4000 ft),PNA alone,intercept,1.1131445365930417,0.9838290318336382,1.241629443137711
bigsnow,low (<4000 ft),PNA alone,PNA,-0.3548934087684721,-0.4625008847341968,-0.261886928521942
bigsnow,low (<4000 ft),ONI alone,intercept,1.1129946988576003,0.9859716524755269,1.242259644966944
bigsnow,low (<4000 ft),ONI alone,ONI,-0.25010854141997235,-0.4684832947596488,-0.08016955720785933
bigsnow,low (<4000 ft),PDO alone,intercept,1.1129946988576003,0.9826474273407584,1.2490996382163277
bigsnow,low (<4000 ft),PDO alone,PDO,-0.11189673092189599,-0.21817507494408642,-0.019059983359017294
bigsnow,mid (4000-5000 ft),joint,intercept,0.9302824400881629,0.7790082922174362,1.0923137455569636
bigsnow,mid (4000-5000 ft),joint,PNA,-0.15006782048036038,-0.279499249349016,-0.03575774126775019
bigsnow,mid (4000-5000 ft),joint,ONI,-0.21675078448916787,-0.4540036506673223,-0.020222602621131777
bigsnow,mid (4000-5000 ft),joint,PDO,0.10979937383277659,-0.03296456080924335,0.27215118747715517
bigsnow,mid (4000-5000 ft),joint,MJO1,0.04779677471441934,-0.2456800748008517,0.38724668383924665
bigsnow,mid (4000-5000 ft),joint,MJO2,0.7111373323983923,0.19967226156895046,1.267474873852264
bigsnow,mid (4000-5000 ft),joint,MJO3,0.1294216567919521,-0.2902020261053694,0.5632557722578534
bigsnow,mid (4000-5000 ft),joint,MJO4,0.4171995400450354,-0.03254320874155425,0.8512562958808253
bigsnow,mid (4000-5000 ft),joint,MJO5,0.15158236532823716,-0.2800306957844226,0.6102939296909936
bigsnow,mid (4000-5000 ft),joint,MJO6,0.44077150967504963,-0.03147071491158076,0.9154947831525025
bigsnow,mid (4000-5000 ft),joint,MJO7,0.006850849617850763,-0.3877945548269545,0.3964659003759742
bigsnow,mid (4000-5000 ft),joint,MJO8,0.12009493712489563,-0.2443984718473551,0.4379884178203119
bigsnow,mid (4000-5000 ft),PNA alone,intercept,1.082830898447646,0.9724990441323802,1.1920465140334262
bigsnow,mid (4000-5000 ft),PNA alone,PNA,-0.16410146641825618,-0.25902028868998495,-0.06489323980949316
bigsnow,mid (4000-5000 ft),ONI alone,intercept,1.0826851411588525,0.9601735214556639,1.1764383333317139
bigsnow,mid (4000-5000 ft),ONI alone,ONI,-0.18280609431838415,-0.3987185481080576,-0.030572907374820168
bigsnow,mid (4000-5000 ft),PDO alone,intercept,1.0826851411588525,0.9702503563564282,1.1963861772843645
bigsnow,mid (4000-5000 ft),PDO alone,PDO,-0.015950511444714693,-0.10958199447571486,0.0984563372525408
bigsnow,high (>=5000 ft),joint,intercept,0.971774563142876,0.798844319502243,1.0971454564235585
bigsnow,high (>=5000 ft),joint,PNA,-0.14623585726996646,-0.2649734905435203,-0.03864736981706663
bigsnow,high (>=5000 ft),joint,ONI,-0.23372513090607352,-0.4947370052923482,0.003768222806003139
bigsnow,high (>=5000 ft),joint,PDO,0.13248382884903287,-0.028341562631664506,0.2910092611830173
bigsnow,high (>=5000 ft),joint,MJO1,0.23988212711598483,-0.14765942645626165,0.7098518169125165
bigsnow,high (>=5000 ft),joint,MJO2,0.5534029779853138,0.10159757787807264,1.0841546544033522
bigsnow,high (>=5000 ft),joint,MJO3,0.11948441215935868,-0.25818230036240897,0.5641975557175001
bigsnow,high (>=5000 ft),joint,MJO4,0.5081980353107954,0.08783299105450613,1.0432372359106825
bigsnow,high (>=5000 ft),joint,MJO5,0.0909516071718684,-0.2506887024493001,0.4902095246285159
bigsnow,high (>=5000 ft),joint,MJO6,0.4073067909897082,-0.08150848661890749,0.9754151480026725
bigsnow,high (>=5000 ft),joint,MJO7,-0.04124220858846517,-0.346172910386308,0.30080371430861325
bigsnow,high (>=5000 ft),joint,MJO8,0.09188356140325946,-0.2316883553787241,0.447112221717033
bigsnow,high (>=5000 ft),PNA alone,intercept,1.1187300823429742,0.9786111826802435,1.271201177695628
bigsnow,high (>=5000 ft),PNA alone,PNA,-0.1580486011610141,-0.25213919018893427,-0.05730154700846098
bigsnow,high (>=5000 ft),ONI alone,intercept,1.1185794927505197,0.9828694849911236,1.2785405461337793
bigsnow,high (>=5000 ft),ONI alone,ONI,-0.1918454094643397,-0.45192451412442464,-0.012162823123231532
bigsnow,high (>=5000 ft),PDO alone,intercept,1.1185794927505197,0.9874797783208172,1.2528907060292596
bigsnow,high (>=5000 ft),PDO alone,PDO,0.0008853020988679175,-0.11088544569481092,0.11677011133940884
bigsnow,st:352,joint,intercept,0.7883505556060784,0.5094483722360176,0.967680685555815
bigsnow,st:352,joint,PNA,0.01132846330435644,-0.1414277239277025,0.1703824661804366
bigsnow,st:352,joint,ONI,-0.18663057324319177,-0.31893026665942364,0.0025680309263981446
bigsnow,st:352,joint,PDO,0.16027927922517976,0.0018077912235294835,0.36278953401238684
bigsnow,st:352,joint,MJO1,-0.1484236699415576,-0.7453851871740789,0.7131957643791412
bigsnow,st:352,joint,MJO2,1.3083479090156362,0.5581122545890799,2.450361815399726
bigsnow,st:352,joint,MJO3,0.49827007547819,-0.0368992936006311,1.60861808900383
bigsnow,st:352,joint,MJO4,0.9666615515739717,0.2638602841843247,1.8193763573530395
bigsnow,st:352,joint,MJO5,-0.19307883128085673,-0.5313264307005757,0.33707059557273233
bigsnow,st:352,joint,MJO6,0.49513204306072167,-0.2658851871759031,1.204053451765542
bigsnow,st:352,joint,MJO7,-0.02923221731331227,-0.43505752214596227,0.6883018448008013
bigsnow,st:352,joint,MJO8,-0.19450483416573638,-0.6072314654008275,0.3159918135764715
bigsnow,st:375,joint,intercept,0.8837026840730343,0.6871776701095113,1.161975024847532
bigsnow,st:375,joint,PNA,-0.2669862566785883,-0.4081481906325684,-0.10549293175366942
bigsnow,st:375,joint,ONI,-0.12089108165131565,-0.4055910879677927,0.06411106232226413
bigsnow,st:375,joint,PDO,0.06590389976560829,-0.11286343438192084,0.2429519875248578
bigsnow,st:375,joint,MJO1,-0.2749131287828227,-0.8506363540301645,0.012531404852496961
bigsnow,st:375,joint,MJO2,0.459237457738199,-0.18212762630409082,1.148819642285385
bigsnow,st:375,joint,MJO3,-0.27040676201188923,-0.7247657100046884,0.20135728606138606
bigsnow,st:375,joint,MJO4,0.5411522595690174,-0.11030230126445172,1.0111490990034893
bigsnow,st:375,joint,MJO5,-0.005268530916776329,-0.5007729539585761,0.530018996618234
bigsnow,st:375,joint,MJO6,0.658669963598903,-0.0557163616691121,1.3196474174063835
bigsnow,st:375,joint,MJO7,0.24937520332272342,-0.20928315271386705,0.7437214933829788
bigsnow,st:375,joint,MJO8,0.20142769100249475,-0.28417225095830306,0.7788364110006978
bigsnow,st:376,joint,intercept,0.8814053889437274,0.6963947959885868,1.029413794868834
bigsnow,st:376,joint,PNA,0.025893998787451022,-0.1251660323553043,0.14691966398518674
bigsnow,st:376,joint,ONI,-0.13595202796900424,-0.4392226661961045,0.10386739744075518
bigsnow,st:376,joint,PDO,0.08101213572824847,-0.10542740151140965,0.31111847189334996
bigsnow,st:376,joint,MJO1,0.32172339192743304,-0.06966684335701986,0.7319618954447141
bigsnow,st:376,joint,MJO2,0.19042109603036012,-0.3041067213664376,0.7491883050633568
bigsnow,st:376,joint,MJO3,0.2382875429510474,-0.1843438605709056,0.6714387074715203
bigsnow,st:376,joint,MJO4,0.2613704843784206,-0.16619225781315344,0.6626073459079515
bigsnow,st:376,joint,MJO5,0.05004587402710699,-0.3154540636589576,0.6568945969687039
bigsnow,st:376,joint,MJO6,0.19115809881178036,-0.3562770252353539,0.6402703485859893
bigsnow,st:376,joint,MJO7,0.5233708216665025,0.09964842245117152,1.0963344053000432
bigsnow,st:376,joint,MJO8,-0.2568788258833331,-0.5771453146697234,0.14045974810753517
bigsnow,st:418,joint,intercept,0.9732658232516158,0.8081764076072128,1.208488305051623
bigsnow,st:418,joint,PNA,-0.2781213015163893,-0.42648385138578515,-0.1582502491497607
bigsnow,st:418,joint,ONI,-0.2381730554589764,-0.4177633159265141,-0.09046652102897954
bigsnow,st:418,joint,PDO,0.14996374077207747,0.05105038409797859,0.3105356705621687
bigsnow,st:418,joint,MJO1,0.03414820972773953,-0.47437321381572867,0.45257309544966695
bigsnow,st:418,joint,MJO2,0.018209540182705063,-0.47185496298963325,0.5415416703768153
bigsnow,st:418,joint,MJO3,0.23633382042492246,-0.42124160357693463,0.7816048932047548
bigsnow,st:418,joint,MJO4,0.3099476709608542,-0.017001873862065968,0.8013305559786953
bigsnow,st:418,joint,MJO5,-0.2379115015763072,-0.53762559051532,0.0791035632673091
bigsnow,st:418,joint,MJO6,-0.0021754269887368158,-0.4801293870593073,0.5938031944018194
bigsnow,st:418,joint,MJO7,-0.23514893399740844,-0.5923304305411277,0.1245347905016164
bigsnow,st:418,joint,MJO8,0.3160276880772436,-0.3035709599946474,1.004587264279037
bigsnow,st:420,joint,intercept,0.779361036116395,0.5493229547384053,1.0815500981203243
bigsnow,st:420,joint,PNA,-0.40009899300376506,-0.54040053184757,-0.2962573640001848
bigsnow,st:420,joint,ONI,-0.15442414506294944,-0.45239476559535224,0.04209451563430187
bigsnow,st:420,joint,PDO,0.047093187365436454,-0.1761671736874061,0.2849635827778887
bigsnow,st:420,joint,MJO1,0.12661054056443496,-0.35090638182699907,0.9016856648399602
bigsnow,st:420,joint,MJO2,0.18141294367867603,-0.3404613765032471,0.6347209612644051
bigsnow,st:420,joint,MJO3,0.8001547166420775,0.1267681772967523,1.4173466502822667
bigsnow,st:420,joint,MJO4,0.29409257965700353,-0.3330743040801563,0.779109776423288
bigsnow,st:420,joint,MJO5,0.4266301495857296,-0.099494295798435,0.9859603576884046
bigsnow,st:420,joint,MJO6,0.3160338827239926,-0.2996272874807408,0.8458925858327719
bigsnow,st:420,joint,MJO7,0.2875362358412071,-0.11179133277321393,0.8234065477243017
bigsnow,st:420,joint,MJO8,0.39213248724150335,-0.26669562693063614,1.3066442075394897
bigsnow,st:478,joint,intercept,0.8599297046452123,0.6811469504685678,0.949747526577445
bigsnow,st:478,joint,PNA,-0.1307968666520395,-0.22017670962870947,0.035066308754609636
bigsnow,st:478,joint,ONI,-0.2426947387910076,-0.40815578588304435,-0.06264450790953147
bigsnow,st:478,joint,PDO,0.20787302105537012,0.011116103383323198,0.3844059767556217
bigsnow,st:478,joint,MJO1,-0.5343989262908259,-0.7901531168776783,-0.1610691619172508
bigsnow,st:478,joint,MJO2,0.8448904639942982,0.24996846776622542,1.6758504258482383
bigsnow,st:478,joint,MJO3,0.05625404773973225,-0.34927299403253786,0.7558790525172051
bigsnow,st:478,joint,MJO4,0.6270312143456885,-0.0712493342283576,1.2657060601372412
bigsnow,st:478,joint,MJO5,0.08975523939922839,-0.3350052787774931,0.577041541824563
bigsnow,st:478,joint,MJO6,0.6366385867714681,-0.009086852342359118,1.2343223271450487
bigsnow,st:478,joint,MJO7,-0.09082438410769961,-0.4385682240683158,0.3543960353269943
bigsnow,st:478,joint,MJO8,0.21521830462180827,-0.21238517179007782,0.8760455365890253
bigsnow,st:502,joint,intercept,0.8394220971841428,0.6305065665246832,1.0470534184186497
bigsnow,st:502,joint,PNA,-0.10110871969411395,-0.2998294970557498,0.05384932936727143
bigsnow,st:502,joint,ONI,-0.08506753683236594,-0.29967751617366073,0.15904985137406027
bigsnow,st:502,joint,PDO,0.008415010865135644,-0.1719663988645572,0.16145056967660515
bigsnow,st:502,joint,MJO1,0.5656835444435875,-0.1861214548259188,1.2859610544128424
bigsnow,st:502,joint,MJO2,0.2906817521867717,-0.4859488776815558,0.9859210966240012
bigsnow,st:502,joint,MJO3,0.04437036578652789,-0.3277360691339675,0.5366302442770607
bigsnow,st:502,joint,MJO4,0.6090564596387704,-0.1750525104635558,1.462137535841495
bigsnow,st:502,joint,MJO5,0.4154043752754333,-0.09189775865557605,0.9233885774925749
bigsnow,st:502,joint,MJO6,0.477521933146172,-0.19135687921521735,1.202144610572543
bigsnow,st:502,joint,MJO7,0.033473515948821864,-0.42970511418518453,0.5363297002575459
bigsnow,st:502,joint,MJO8,-0.167268767239554,-0.48040684518915655,0.16930565190163113
bigsnow,st:507,joint,intercept,0.9575417614346327,0.7062767131150002,1.248693472335693
bigsnow,st:507,joint,PNA,-0.06431171215496151,-0.2344378047300989,0.07731554897582897
bigsnow,st:507,joint,ONI,-0.12062639957883915,-0.48860918263402425,0.08804498970406066
bigsnow,st:507,joint,PDO,0.06778418243257579,-0.07280620939790372,0.29585658537399545
bigsnow,st:507,joint,MJO1,-0.02511177494503298,-0.6627522867067551,0.4799057287052607
bigsnow,st:507,joint,MJO2,0.23292819318198535,-0.4388848879968047,0.9246258807817824
bigsnow,st:507,joint,MJO3,-0.2743021444296506,-0.8738186252076025,0.15533885200452735
bigsnow,st:507,joint,MJO4,0.1717313809292168,-0.4470019098643071,0.7243227091172691
bigsnow,st:507,joint,MJO5,0.08783697184278154,-0.6407630522087738,0.6426884472740283
bigsnow,st:507,joint,MJO6,0.5444302151804203,-0.24311721201284245,1.2023572113944339
bigsnow,st:507,joint,MJO7,-0.4656002769068747,-0.8009245674103783,-0.1653345079332018
bigsnow,st:507,joint,MJO8,0.39700589072035053,-0.18738156589567082,1.0989338360122396
bigsnow,st:515,joint,intercept,0.9419805883245189,0.7557058527499784,1.1838602042412205
bigsnow,st:515,joint,PNA,0.0614477868395365,-0.07973348091716764,0.17422411041498662
bigsnow,st:515,joint,ONI,-0.39750631411265874,-0.7733732601269958,-0.08004542091585737
bigsnow,st:515,joint,PDO,0.1559641532185906,-0.03558835605738382,0.3197264068229792
bigsnow,st:515,joint,MJO1,-0.12267943813304086,-0.5862701534512673,0.2522093842153286
bigsnow,st:515,joint,MJO2,0.5620506697500206,0.004845905141743897,1.3219925353118376
bigsnow,st:515,joint,MJO3,-0.030299589053071146,-0.3864171116330204,0.5743482916926064
bigsnow,st:515,joint,MJO4,0.5232420835020161,0.08926122005618829,1.0416442931745502
bigsnow,st:515,joint,MJO5,-0.23515247468619488,-0.7122771431781719,0.23526798291746842
bigsnow,st:515,joint,MJO6,0.09495021171299067,-0.338405314826952,0.5930007519674717
bigsnow,st:515,joint,MJO7,-0.1936807124545183,-0.5191153417039513,0.06433763764915927
bigsnow,st:515,joint,MJO8,0.13424081780016583,-0.34925201827645036,0.665945052491017
bigsnow,st:553,joint,intercept,0.8325867712511964,0.6603781936779215,0.9860843619628366
bigsnow,st:553,joint,PNA,-0.34999411782757905,-0.5016145950820389,-0.17469705033502653
bigsnow,st:553,joint,ONI,-0.26865307814111117,-0.5181973101815524,-0.06338421224752262
bigsnow,st:553,joint,PDO,0.03153507937511789,-0.10474541984710582,0.1543855137774348
bigsnow,st:553,joint,MJO1,0.3174735227896119,-0.15544759216819343,0.7808904183186088
bigsnow,st:553,joint,MJO2,0.9011417600578512,0.10148759542011848,1.881325835631611
bigsnow,st:553,joint,MJO3,0.3570100949345105,-0.12368650821780362,0.8431931141607442
bigsnow,st:553,joint,MJO4,0.5163650549099207,0.02537389114349782,0.9469466861330421
bigsnow,st:553,joint,MJO5,0.3732910433277964,-0.09425033401220759,1.0527943963075204
bigsnow,st:553,joint,MJO6,0.14245689566109915,-0.38933784455580206,0.48693483413392
bigsnow,st:553,joint,MJO7,-0.2165274270073824,-0.6201264421417122,0.08882228342292617
bigsnow,st:553,joint,MJO8,-0.0030828329814936856,-0.36930033711061133,0.3985806630774843
bigsnow,st:591,joint,intercept,0.7028225004583661,0.4988361176668779,0.8054379620385005
bigsnow,st:591,joint,PNA,-0.3259279803377958,-0.5374912490107323,-0.12125306762201267
bigsnow,st:591,joint,ONI,-0.07558813016275891,-0.4066526439994822,0.16664289037116775
bigsnow,st:591,joint,PDO,-0.06333346379141369,-0.21857345177090481,0.15829366617661028
bigsnow,st:591,joint,MJO1,0.27989166512934816,-0.2162581479678418,0.7950922054980144
bigsnow,st:591,joint,MJO2,1.0262855370257618,0.3332426227823709,2.282664887089514
bigsnow,st:591,joint,MJO3,0.6690252553312777,0.14327367747395775,1.3223118896326451
bigsnow,st:591,joint,MJO4,0.8656383576587396,0.210560568600339,1.4623500259082667
bigsnow,st:591,joint,MJO5,0.36645902960012244,-0.146918542333028,1.0028822304725717
bigsnow,st:591,joint,MJO6,0.40566985428031377,-0.05126476858488667,0.9717363807124455
bigsnow,st:591,joint,MJO7,0.31301349939352596,-0.018376219096791546,0.8685705897264798
bigsnow,st:591,joint,MJO8,0.056270254628995625,-0.3407370187431433,0.42210607034470454
bigsnow,st:599,joint,intercept,0.6941364522662243,0.45421803056912374,0.8834440412412576
bigsnow,st:599,joint,PNA,-0.2495734681470283,-0.41319090847707785,-0.07518308337607604
bigsnow,st:599,joint,ONI,-0.15074214234152203,-0.41097371094342816,0.06250946669165224
bigsnow,st:599,joint,PDO,0.20401606940929506,0.06036919270236367,0.36794155304602605
bigsnow,st:599,joint,MJO1,0.42711086175297536,-0.31986264779217605,1.0753450041170787
bigsnow,st:599,joint,MJO2,0.9017733581224026,0.2768481552029792,1.5729851318585049
bigsnow,st:599,joint,MJO3,0.1885521495929352,-0.4803992599781412,0.869102365782872
bigsnow,st:599,joint,MJO4,1.4569516812881589,0.526789632411075,2.4116391593555737
bigsnow,st:599,joint,MJO5,0.6513638150280523,0.21222544917577957,1.2964409158369048
bigsnow,st:599,joint,MJO6,0.6043562749592168,-0.015167634873690942,1.192154765039563
bigsnow,st:599,joint,MJO7,-0.17826074870681452,-0.592801337873059,0.2453143367600491
bigsnow,st:599,joint,MJO8,0.17100679254890488,-0.34311910375148014,0.6921165386457296
bigsnow,st:606,joint,intercept,0.8230363183137013,0.6219164443213677,0.9617231215571228
bigsnow,st:606,joint,PNA,-0.031976117075075305,-0.14041526506498808,0.06726187604091133
bigsnow,st:606,joint,ONI,-0.24850357649449098,-0.4825723137937945,-0.10438676227485873
bigsnow,st:606,joint,PDO,0.236119752930936,0.11675411867679637,0.4151487156820415
bigsnow,st:606,joint,MJO1,0.09402938410352082,-0.25053437807178414,0.5891931175372629
bigsnow,st:606,joint,MJO2,0.4201823172693655,-0.1485164035215326,0.8369885830425992
bigsnow,st:606,joint,MJO3,0.11518586257274077,-0.2546936670100391,0.533000068925568
bigsnow,st:606,joint,MJO4,0.831233745396096,0.3248372686087909,1.4176584712352354
bigsnow,st:606,joint,MJO5,0.06481054868491376,-0.310165026509673,0.5585353300480557
bigsnow,st:606,joint,MJO6,0.2957736758550538,-0.09653751382710758,0.6976898661686836
bigsnow,st:606,joint,MJO7,0.22845029561435204,-0.2423406016462095,0.7583324874136289
bigsnow,st:606,joint,MJO8,0.26269020639336516,-0.13569418180399162,0.7956117617756112
bigsnow,st:642,joint,intercept,0.8432884950038828,0.642092663584127,1.0292178303653854
bigsnow,st:642,joint,PNA,-0.07844478478699635,-0.24803732237406345,0.03330325006372731
bigsnow,st:642,joint,ONI,-0.14250875493320192,-0.43019808179201807,0.05033140270598835
bigsnow,st:642,joint,PDO,0.19869361966393626,0.04796971293227517,0.3492826274257318
bigsnow,st:642,joint,MJO1,0.15858574059112213,-0.19868074435619565,0.6490423083958151
bigsnow,st:642,joint,MJO2,0.3715305997631334,-0.2715368461513853,0.950374884148533
bigsnow,st:642,joint,MJO3,0.7061339367644774,-0.1105069271806704,1.3319292757943026
bigsnow,st:642,joint,MJO4,0.2815532224101738,-0.06843097808213788,0.6699837281714468
bigsnow,st:642,joint,MJO5,-0.03307453269315001,-0.4085787228741785,0.43553253711221523
bigsnow,st:642,joint,MJO6,0.25921195631499316,-0.28545708046531126,0.8326290923735233
bigsnow,st:642,joint,MJO7,0.11140264965179042,-0.2989969693860297,0.48518429723695955
bigsnow,st:642,joint,MJO8,0.03649723903230834,-0.33470440228907367,0.3734649845347791
bigsnow,st:648,joint,intercept,0.7942104827418393,0.5181226881671347,1.1091063508651202
bigsnow,st:648,joint,PNA,-0.2732405305255762,-0.5286949953369874,-0.11011086358403725
bigsnow,st:648,joint,ONI,-0.14924527496523332,-0.4249478962624045,0.1145256116836533
bigsnow,st:648,joint,PDO,-0.032973750265901644,-0.16403103986626413,0.1520736933404339
bigsnow,st:648,joint,MJO1,0.045258591035368195,-0.45191923107966325,0.6248300698977217
bigsnow,st:648,joint,MJO2,0.6793758147420663,-0.03287039907571725,1.4851083851324363
bigsnow,st:648,joint,MJO3,0.678794575977788,-0.05141723193858663,1.5053920620591437
bigsnow,st:648,joint,MJO4,0.5679807035396913,-0.39602482139986855,1.428010053785729
bigsnow,st:648,joint,MJO5,0.31317829679683656,-0.3191804741668378,0.9288035088357961
bigsnow,st:648,joint,MJO6,0.7239384155196263,0.09188701089104623,1.771831407756304
bigsnow,st:648,joint,MJO7,0.03590679617271261,-0.5208559919183011,0.6710749670258851
bigsnow,st:648,joint,MJO8,-0.35787750044011035,-0.7357746155711208,0.09857970177302118
bigsnow,st:672,joint,intercept,0.7171239241982359,0.5737721392458472,0.8578553196014246
bigsnow,st:672,joint,PNA,-0.2902589897400134,-0.4167307977422592,-0.10447427197493793
bigsnow,st:672,joint,ONI,-0.22616331395653716,-0.38563930937189717,-0.024549157628142908
bigsnow,st:672,joint,PDO,0.1141381680238629,-0.08181974319901494,0.2729540604409089
bigsnow,st:672,joint,MJO1,0.2169278962853629,-0.11428396222080096,0.6966941886197366
bigsnow,st:672,joint,MJO2,0.8766704002837586,0.32437384371132577,1.6688375480390292
bigsnow,st:672,joint,MJO3,0.5736711110799825,0.185205479484932,1.1433105862204807
bigsnow,st:672,joint,MJO4,0.4716123208997189,0.14812038215837542,0.8449926104483504
bigsnow,st:672,joint,MJO5,0.15833246872904272,-0.11424500831546458,0.5466592206038621
bigsnow,st:672,joint,MJO6,0.6830556500096536,0.1066821419684349,1.1628473327682114
bigsnow,st:672,joint,MJO7,0.3526433924508242,-0.15152497520221841,0.9038080573560875
bigsnow,st:672,joint,MJO8,0.42024836320569536,0.001363629490127569,0.9286691768680471
bigsnow,st:679,joint,intercept,0.7971859988020598,0.6315420624627223,0.9782083887988808
bigsnow,st:679,joint,PNA,-0.18016531101298994,-0.29367906625603113,-0.0629663087045938
bigsnow,st:679,joint,ONI,-0.2617287541846955,-0.543860055634905,0.05357582675500231
bigsnow,st:679,joint,PDO,0.09083607964695016,-0.03771404495942644,0.23259998370914003
bigsnow,st:679,joint,MJO1,0.4741794692389422,0.10566536333170334,0.9444821713578566
bigsnow,st:679,joint,MJO2,0.8501054769223872,0.24769634589335757,1.3359807580265142
bigsnow,st:679,joint,MJO3,0.442880804768645,-0.010859588812762846,1.0716520330894705
bigsnow,st:679,joint,MJO4,0.3320176608759451,-0.07372949487524523,0.6667321739812199
bigsnow,st:679,joint,MJO5,0.040420537671886234,-0.31455811619469587,0.32196448465536937
bigsnow,st:679,joint,MJO6,0.04105360324528268,-0.3613870550928649,0.6578260772107583
bigsnow,st:679,joint,MJO7,0.39997469818971293,0.03201526678276533,0.792890249102512
bigsnow,st:679,joint,MJO8,0.10697269681760732,-0.21198094007536455,0.6341705090288204
bigsnow,st:681,joint,intercept,0.8488079137400193,0.6439616505487291,1.0545065130995026
bigsnow,st:681,joint,PNA,0.05994787283230074,-0.06390641260369148,0.22062809989210988
bigsnow,st:681,joint,ONI,-0.3154383763082168,-0.6418529635965196,-0.07322964254870652
bigsnow,st:681,joint,PDO,0.17251341334653414,-0.0019158413947923396,0.38302356761282363
bigsnow,st:681,joint,MJO1,0.05290945474937103,-0.23979959811744392,0.3770424781068524
bigsnow,st:681,joint,MJO2,0.93116935304764,0.4190511568016277,1.5800692187326906
bigsnow,st:681,joint,MJO3,0.25442109405739516,-0.20083425517391992,0.6103847897932482
bigsnow,st:681,joint,MJO4,0.601545205597118,0.13621651517271016,1.3403133425718912
bigsnow,st:681,joint,MJO5,0.027998707149537505,-0.42404286890514925,0.503321276461057
bigsnow,st:681,joint,MJO6,0.28465126241083577,-0.0890359708565731,0.7473466598984598
bigsnow,st:681,joint,MJO7,-0.027680666014528343,-0.45494705777882205,0.47883157503921836
bigsnow,st:681,joint,MJO8,-0.11186413905415782,-0.5543103419310439,0.2519532014479479
bigsnow,st:692,joint,intercept,0.7956319682615388,0.5868044729637357,0.9795724394924038
bigsnow,st:692,joint,PNA,-0.26503352104747147,-0.37875378715212865,-0.1590854421292218
bigsnow,st:692,joint,ONI,-0.3020453001125245,-0.5770766664605965,-0.11767373321232416
bigsnow,st:692,joint,PDO,0.24474795730417767,0.12051868697724626,0.47754686928098516
bigsnow,st:692,joint,MJO1,0.4302254034884012,-0.08702044571568689,1.1789964239703508
bigsnow,st:692,joint,MJO2,0.684401382246414,0.1376301524937982,1.1232600650463105
bigsnow,st:692,joint,MJO3,0.08969817294516061,-0.3017571335257096,0.8574456938545283
bigsnow,st:692,joint,MJO4,0.8707778329836418,0.42370276097635606,1.4179495821592183
bigsnow,st:692,joint,MJO5,0.5025260579428527,-0.11295646885347753,1.382227596345378
bigsnow,st:692,joint,MJO6,0.15629362746766656,-0.27111359858689893,0.7341066390431187
bigsnow,st:692,joint,MJO7,-0.03300703543034744,-0.3183974802701446,0.3302325968799654
bigsnow,st:692,joint,MJO8,0.17529408360625529,-0.17179521455495886,0.585831035987412
bigsnow,st:699,joint,intercept,0.9750938489832662,0.6795816043041015,1.1723165315781083
bigsnow,st:699,joint,PNA,0.06773218330134591,-0.09598163760554401,0.2564907690374221
bigsnow,st:699,joint,ONI,-0.26694980084339465,-0.5641995547075639,-0.0453500265464505
bigsnow,st:699,joint,PDO,0.1330836568848417,-0.0770940917668153,0.3591644325599632
bigsnow,st:699,joint,MJO1,-0.4324647420614256,-0.8636676174154624,0.05392126524458795
bigsnow,st:699,joint,MJO2,0.3059797943150826,-0.1963246534873407,0.9288450748153396
bigsnow,st:699,joint,MJO3,-0.21118347575677782,-0.5819590071477874,0.2453968107874912
bigsnow,st:699,joint,MJO4,0.4813722814907213,-0.08102652710918104,1.0521039329706
bigsnow,st:699,joint,MJO5,-0.12332451806241403,-0.8424985004055057,0.44769994218091685
bigsnow,st:699,joint,MJO6,0.6024894659063645,-0.2791388838016916,1.5779199915253197
bigsnow,st:699,joint,MJO7,-0.2662872921953735,-0.6992185088096049,0.2002181370448761
bigsnow,st:699,joint,MJO8,-0.005513149412266896,-0.5133288384346814,0.7574453702161345
bigsnow,st:702,joint,intercept,0.8329184696755868,0.6024552677317818,0.9927791412957837
bigsnow,st:702,joint,PNA,-0.3710226823758918,-0.5433369110710022,-0.24661578478934504
bigsnow,st:702,joint,ONI,-0.19805776884328213,-0.47960840722403303,0.024668616913646996
bigsnow,st:702,joint,PDO,0.04107592738049608,-0.10089881963002965,0.182765618817672
bigsnow,st:702,joint,MJO1,0.26218337566197836,-0.29283071335367744,0.7785195362574143
bigsnow,st:702,joint,MJO2,0.39566444928939976,0.05555520738383672,0.9281855879442275
bigsnow,st:702,joint,MJO3,0.19004227748627928,-0.34368816888439907,0.7810014611985739
bigsnow,st:702,joint,MJO4,0.5582668925783446,-0.049555683375554105,0.9766460573121118
bigsnow,st:702,joint,MJO5,0.238552767076095,-0.17005306394662725,0.7003766647445325
bigsnow,st:702,joint,MJO6,0.760828589864808,0.1523451241691766,1.3779461010156573
bigsnow,st:702,joint,MJO7,0.0916430489931323,-0.48396728597066974,0.6368941823163451
bigsnow,st:702,joint,MJO8,-0.22153754426328143,-0.5561391378592192,0.1260817419113637
bigsnow,st:707,joint,intercept,1.0333143408528311,0.778320500817916,1.1601401762512686
bigsnow,st:707,joint,PNA,-0.20742179577146824,-0.38216620220914405,-0.029416364147490607
bigsnow,st:707,joint,ONI,-0.08209148628143227,-0.3575996010110175,0.24332867159400656
bigsnow,st:707,joint,PDO,0.008676116003621523,-0.18639304067045473,0.14835294116922368
bigsnow,st:707,joint,MJO1,-0.3874125090573,-0.6987529966473511,0.1725359728035779
bigsnow,st:707,joint,MJO2,0.32507495888637494,-0.3534841670151371,0.9247777293056864
bigsnow,st:707,joint,MJO3,-0.03655293888306189,-0.4740058829005194,0.3949118302511105
bigsnow,st:707,joint,MJO4,0.09114541283159808,-0.35885725613375596,0.6771544882285747
bigsnow,st:707,joint,MJO5,-0.1588897826917138,-0.7940888696044088,0.33097532428090637
bigsnow,st:707,joint,MJO6,-0.30311113121441796,-0.6975490126028516,0.10709677319008659
bigsnow,st:707,joint,MJO7,-0.3724816647683276,-0.7329447895803245,-0.030513568497933193
bigsnow,st:707,joint,MJO8,0.38296229081460914,-0.4106695029929405,1.2295274878417577
bigsnow,st:711,joint,intercept,0.9517655341601318,0.6762648239161265,1.2434007131447615
bigsnow,st:711,joint,PNA,0.0008086483985121351,-0.12350178520102938,0.13462645383814414
bigsnow,st:711,joint,ONI,-0.26293456182869773,-0.5409873575773155,0.02239266276895665
bigsnow,st:711,joint,PDO,0.21233219963966435,0.014050161555644362,0.45187459907548305
bigsnow,st:711,joint,MJO1,0.047338176906558393,-0.4711017860189962,0.6172218215692458
bigsnow,st:711,joint,MJO2,0.60995310643433,-0.16262991484092326,1.2750300251125168
bigsnow,st:711,joint,MJO3,-0.2577781952145475,-0.6320855698960426,0.1373808422438881
bigsnow,st:711,joint,MJO4,0.34522802025926236,-0.25772232505162646,0.9448301981298342
bigsnow,st:711,joint,MJO5,0.01214139763432795,-0.5067211420822832,0.5659950681437617
bigsnow,st:711,joint,MJO6,0.10952459837195277,-0.3805173116616599,0.4789597655815995
bigsnow,st:711,joint,MJO7,-0.20884268747982593,-0.7102781482246614,0.32440195103235925
bigsnow,st:711,joint,MJO8,0.09326133792597927,-0.38262145087666166,0.5891448427849614
bigsnow,st:728,joint,intercept,1.0410094646179084,0.676892367603419,1.3477859358028623
bigsnow,st:728,joint,PNA,-0.11492331507338645,-0.2640009977598547,0.000725482725761355
bigsnow,st:728,joint,ONI,-0.1563201175866692,-0.3708511166663481,0.047757515506130666
bigsnow,st:728,joint,PDO,0.13276781014602523,-0.08925432378793026,0.25813267330797934
bigsnow,st:728,joint,MJO1,-0.20842127338875566,-0.6859682047224974,0.39675776241273214
bigsnow,st:728,joint,MJO2,0.38785909831603915,-0.5656852689567433,1.3016233381433822
bigsnow,st:728,joint,MJO3,-0.5598352947883997,-1.1151104728507488,-0.16920429952509777
bigsnow,st:728,joint,MJO4,-0.5465671067855931,-0.9591378195101308,-0.17040328475376232
bigsnow,st:728,joint,MJO5,0.4881473179291967,-0.34521590531470236,1.439024550022714
bigsnow,st:728,joint,MJO6,0.36649721711658956,-0.37740203437322206,1.2205353607847074
bigsnow,st:728,joint,MJO7,-0.31905934675309383,-1.0504616059401763,0.8005345102194084
bigsnow,st:728,joint,MJO8,0.03818962172864653,-0.8048487468999135,0.9467668798443766
bigsnow,st:734,joint,intercept,0.7725007958923941,0.6240543888403387,0.9297355032251666
bigsnow,st:734,joint,PNA,-0.0702650509387387,-0.19744863334845958,0.03692609156967918
bigsnow,st:734,joint,ONI,-0.1634597784351038,-0.4662443029769384,0.025448313413489403
bigsnow,st:734,joint,PDO,0.11086369411900585,-0.037105843545465214,0.26304362364516604
bigsnow,st:734,joint,MJO1,0.09050770094138211,-0.3411336300500494,0.5973216076269077
bigsnow,st:734,joint,MJO2,0.5248469626791469,-0.032341588642169024,1.145803270051403
bigsnow,st:734,joint,MJO3,0.22551294685280585,-0.23262593045945631,0.644676876440863
bigsnow,st:734,joint,MJO4,1.0518228868200228,0.3511269275301648,1.8907954665827973
bigsnow,st:734,joint,MJO5,0.4012232909428413,-0.03184741649962675,1.0114678949049658
bigsnow,st:734,joint,MJO6,0.4570876656205376,-0.009360665004742873,1.0073956360293441
bigsnow,st:734,joint,MJO7,0.2877910515794528,-0.2794216097061665,0.6651054631701026
bigsnow,st:734,joint,MJO8,0.019700048884155053,-0.4674560484762777,0.45425755362749554
bigsnow,st:748,joint,intercept,0.8263587736974557,0.5745167443757505,1.0452914146258379
bigsnow,st:748,joint,PNA,-0.48433089048422506,-0.6508124644133098,-0.3254075793444297
bigsnow,st:748,joint,ONI,-0.09172891395735892,-0.31887338077791333,0.1243532928773499
bigsnow,st:748,joint,PDO,-0.046221513896685024,-0.21638725270057427,0.0782385440435266
bigsnow,st:748,joint,MJO1,0.3244848139613575,-0.3758412738023117,1.134093825344338
bigsnow,st:748,joint,MJO2,0.7635832896472626,0.06222257928662318,1.2486784966807902
bigsnow,st:748,joint,MJO3,0.30596624550995494,-0.26513282004056854,0.6619828346329905
bigsnow,st:748,joint,MJO4,0.5417122021241122,-0.1367683923688085,0.9889716955982357
bigsnow,st:748,joint,MJO5,0.14028755680236604,-0.41674778511601196,0.7441258881195837
bigsnow,st:748,joint,MJO6,0.2935373156049239,-0.03774910259937977,0.6939580273692381
bigsnow,st:748,joint,MJO7,-0.01734259493885343,-0.40697585507092887,0.37897254604034003
bigsnow,st:748,joint,MJO8,0.10145451270567021,-0.27161751240063814,0.4456414539686665
bigsnow,st:776,joint,intercept,0.8292974987759335,0.6289589821694085,0.9758321403977998
bigsnow,st:776,joint,PNA,-0.41258879499880585,-0.5817345990719728,-0.2594070072243079
bigsnow,st:776,joint,ONI,-0.2677376168399285,-0.5679626086044667,-0.0002348854082492301
bigsnow,st:776,joint,PDO,0.1865624023117795,-0.03504544956199773,0.4227837890643114
bigsnow,st:776,joint,MJO1,0.09589659867512502,-0.3106422390205519,0.6157298835129811
bigsnow,st:776,joint,MJO2,1.125611455812961,0.23891708285591054,1.8648078338099312
bigsnow,st:776,joint,MJO3,0.2190740745646563,-0.21984310335743043,0.884338702745136
bigsnow,st:776,joint,MJO4,0.13910972943688446,-0.2660733568890208,0.7888111222828464
bigsnow,st:776,joint,MJO5,0.4708498141506304,-0.19235565086302292,1.2991309020324702
bigsnow,st:776,joint,MJO6,0.6570498921490756,0.22418227584252523,1.444300835414317
bigsnow,st:776,joint,MJO7,0.03090310706709412,-0.3089370469614722,0.516469763532845
bigsnow,st:776,joint,MJO8,-0.3479213087856987,-0.6413092127725994,0.08336419575799482
bigsnow,st:777,joint,intercept,0.8547124276313813,0.5616009994886731,1.0493995710530535
bigsnow,st:777,joint,PNA,-0.45949186321326496,-0.6170923699052975,-0.32242175038316034
bigsnow,st:777,joint,ONI,-0.14082347202727497,-0.4055308455613627,0.10218187373697223
bigsnow,st:777,joint,PDO,-0.02320738315836813,-0.19277485952931753,0.15658066965812878
bigsnow,st:777,joint,MJO1,0.4295191323576812,-0.18252498015872531,1.2548100516124518
bigsnow,st:777,joint,MJO2,0.31633483054043493,-0.5383112330298321,1.0245971440287716
bigsnow,st:777,joint,MJO3,0.25356669186516945,-0.33454897773713166,0.9623234263177499
bigsnow,st:777,joint,MJO4,0.5541128026803595,0.1199203024269731,1.04759690407945
bigsnow,st:777,joint,MJO5,0.562767818497346,-0.04850472725431672,1.0668302755265844
bigsnow,st:777,joint,MJO6,-0.04397188509853288,-0.4463003774928475,0.26214570529276854
bigsnow,st:777,joint,MJO7,-0.14648761288739656,-0.5947720458494258,0.29156072392849147
bigsnow,st:777,joint,MJO8,0.21811231028178335,-0.33840451128350374,0.8032500823532684
bigsnow,st:788,joint,intercept,0.8113605635440483,0.6168443972953679,0.9546760003547241
bigsnow,st:788,joint,PNA,-0.29175615367148044,-0.4481655781232312,-0.16276822601577232
bigsnow,st:788,joint,ONI,-0.21036996890603366,-0.5349442048982415,-0.03969153403916014
bigsnow,st:788,joint,PDO,0.15899090103140612,-0.008167591338644236,0.32551121038848263
bigsnow,st:788,joint,MJO1,-0.37164844761402843,-0.7251601420066421,0.02849778242341169
bigsnow,st:788,joint,MJO2,0.9617360916990494,0.2122971306376261,1.6695296971044002
bigsnow,st:788,joint,MJO3,0.4289342030486114,-0.14589976721450792,0.96447585031894
bigsnow,st:788,joint,MJO4,0.5218355334248092,-0.054103333618094857,1.092652591874413
bigsnow,st:788,joint,MJO5,0.7268719022098089,0.055099374530896486,1.4198495720159499
bigsnow,st:788,joint,MJO6,0.3363058033924776,-0.17015334540433677,0.9869472034135813
bigsnow,st:788,joint,MJO7,-0.16773064503585716,-0.5368748553297333,0.2879212332264138
bigsnow,st:788,joint,MJO8,0.13818412717566847,-0.3471665554490434,0.7881937215649188
bigsnow,st:791,joint,intercept,0.8325126897960733,0.6839013651020676,1.0073431415123015
bigsnow,st:791,joint,PNA,-0.08391012335580383,-0.2016709573658874,0.017176765512346398
bigsnow,st:791,joint,ONI,-0.23810708283084783,-0.43482569468087223,-0.03438618677459441
bigsnow,st:791,joint,PDO,0.019726644078485664,-0.10454983717390488,0.2609234913713208
bigsnow,st:791,joint,MJO1,0.2691330323918418,-0.1619998357899959,0.8548735825231748
bigsnow,st:791,joint,MJO2,0.7727623784005567,0.2576039011102148,1.4943781787345225
bigsnow,st:791,joint,MJO3,-0.28453344004024583,-0.6654477555414282,0.0828713910489607
bigsnow,st:791,joint,MJO4,0.5679681829328345,0.13096289899508226,1.062616607127453
bigsnow,st:791,joint,MJO5,0.37994914789256273,-0.325918630749097,1.0110398932618692
bigsnow,st:791,joint,MJO6,0.2526062196349528,-0.13932946416607156,0.7155697535262263
bigsnow,st:791,joint,MJO7,0.12731180978083234,-0.33075831175851134,0.7919229171012842
bigsnow,st:791,joint,MJO8,0.3124991814972581,-0.19160648860178167,0.9654367700582283
bigsnow,st:804,joint,intercept,0.7564007088079503,0.49097250151842586,0.9590676589691469
bigsnow,st:804,joint,PNA,-0.2228812388624487,-0.34835791853007564,-0.16349916778048715
bigsnow,st:804,joint,ONI,-0.23461297418126476,-0.5210894632284234,0.03636109853879815
bigsnow,st:804,joint,PDO,0.0757017265395221,-0.07847864945388137,0.2646454820385507
bigsnow,st:804,joint,MJO1,0.5490108567510203,0.03766788198384077,1.1085770868104878
bigsnow,st:804,joint,MJO2,0.8462328243858517,0.21693093288794152,1.6252694854610463
bigsnow,st:804,joint,MJO3,0.6544595356607723,0.24453601315925108,1.2237466687608947
bigsnow,st:804,joint,MJO4,0.046681879578865604,-0.2973633047507765,0.45258482154154267
bigsnow,st:804,joint,MJO5,0.49209263112727375,0.05551991807982842,1.0058666538296206
bigsnow,st:804,joint,MJO6,0.3792070637833794,0.0654343829701781,0.8429440065244764
bigsnow,st:804,joint,MJO7,0.0574837926825964,-0.30108429772862755,0.48195531280299203
bigsnow,st:804,joint,MJO8,0.2098358300247323,-0.10342733684763238,0.7214979242187018
bigsnow,st:817,joint,intercept,0.831640714993923,0.5945823380739331,1.0133586166992268
bigsnow,st:817,joint,PNA,0.06553464318886315,-0.03292729284032309,0.15989149590814322
bigsnow,st:817,joint,ONI,-0.3023489530607572,-0.5562411068430962,-0.09093476901491652
bigsnow,st:817,joint,PDO,0.10425351265967905,-0.03786753512705849,0.270560785425282
bigsnow,st:817,joint,MJO1,0.159165209282852,-0.3705047731354658,0.6687555794214681
bigsnow,st:817,joint,MJO2,0.7517852436804612,0.017237622470425318,1.3795650018328431
bigsnow,st:817,joint,MJO3,0.15773399329610555,-0.24255282169513415,0.6011400401331852
bigsnow,st:817,joint,MJO4,0.23301088571494477,-0.09415211767070586,0.5756643768411692
bigsnow,st:817,joint,MJO5,-0.014284488654542987,-0.5070211096484584,0.4632051314460696
bigsnow,st:817,joint,MJO6,0.6211751174840167,0.14763023344852313,1.2342448279015297
bigsnow,st:817,joint,MJO7,0.21262730912297842,-0.24062436437041668,0.9340126151345404
bigsnow,st:817,joint,MJO8,0.07173514986253468,-0.17965665223349322,0.376329109106062
bigsnow,st:824,joint,intercept,0.8495902967069154,0.6429347259913633,1.0123649137266837
bigsnow,st:824,joint,PNA,-0.2768547936744824,-0.4194242131138858,-0.09883539013433434
bigsnow,st:824,joint,ONI,-0.46848307416837814,-0.686279552003687,-0.2822552216969671
bigsnow,st:824,joint,PDO,0.17855609162501154,0.01865910640846841,0.3362153083225503
bigsnow,st:824,joint,MJO1,0.5623999397910603,-0.11833660128491368,1.3820819065988597
bigsnow,st:824,joint,MJO2,0.6445183463345538,0.17359985333872172,1.208188716950129
bigsnow,st:824,joint,MJO3,0.14784452762726474,-0.3151881760975389,0.6530740795264763
bigsnow,st:824,joint,MJO4,0.2653224881594255,-0.20774632785074804,0.996105702353382
bigsnow,st:824,joint,MJO5,-0.056892698002015143,-0.37548001045295837,0.47233438696580693
bigsnow,st:824,joint,MJO6,0.22744696013181526,-0.1466580763575601,0.8620346008558903
bigsnow,st:824,joint,MJO7,0.19434780210943717,-0.23637344146722064,0.6758657865655561
bigsnow,st:824,joint,MJO8,0.0012522388347360192,-0.3323029096048303,0.42944905935601696
bigsnow,st:832,joint,intercept,0.9699663514235969,0.686823928449041,1.259455430048442
bigsnow,st:832,joint,PNA,-0.11794313413405079,-0.3018231088551057,0.07300772561519632
bigsnow,st:832,joint,ONI,-0.10400936058646798,-0.35351546177800913,0.10029132982245854
bigsnow,st:832,joint,PDO,-0.09990359968601605,-0.30869836645714294,0.10478086320885906
bigsnow,st:832,joint,MJO1,-0.14043117027032653,-0.6673794553409813,0.617995046166546
bigsnow,st:832,joint,MJO2,0.7079757686488736,-0.3254036447300965,1.302993833926732
bigsnow,st:832,joint,MJO3,-0.09188459243890627,-0.6317276196846627,0.5087513903975648
bigsnow,st:832,joint,MJO4,-0.3113584264141768,-0.758032778371323,0.14589370925145526
bigsnow,st:832,joint,MJO5,0.1166951378738664,-0.7276986813319569,1.0832726230620031
bigsnow,st:832,joint,MJO6,0.922339925269197,0.03169624054119141,2.109977732163587
bigsnow,st:832,joint,MJO7,-0.49327298221351523,-0.8505819080227346,-0.09619562393637808
bigsnow,st:832,joint,MJO8,-0.24380109437527692,-0.6001246779140167,0.3611345786673484
bigsnow,st:841,joint,intercept,1.0516800037360723,0.8135054826113973,1.2882795770854176
bigsnow,st:841,joint,PNA,-0.2175440470456169,-0.354297672918728,-0.06890960442210793
bigsnow,st:841,joint,ONI,-0.05336828571682039,-0.2200014304616392,0.17915170171690792
bigsnow,st:841,joint,PDO,0.07366474163983207,-0.12097780038015357,0.2473853774037977
bigsnow,st:841,joint,MJO1,-0.14709357817640367,-0.7156653096142205,0.510720460057746
bigsnow,st:841,joint,MJO2,0.13746504731075398,-0.4551744392100379,0.8274056889874931
bigsnow,st:841,joint,MJO3,-0.4220956283353398,-0.8307322912984497,0.17919029987807225
bigsnow,st:841,joint,MJO4,-0.149011790649141,-0.7033267515062382,0.43242808149050077
bigsnow,st:841,joint,MJO5,-0.2692636136513971,-0.7243815290692338,0.47398822624305087
bigsnow,st:841,joint,MJO6,0.6522308883766527,-0.028265614778699457,1.25069506147827
bigsnow,st:841,joint,MJO7,-0.3493014453903269,-0.8366659440095344,0.09187009075729666
bigsnow,st:841,joint,MJO8,-0.08489313365246323,-0.49576591050785923,0.3430060068172671
bigsnow,st:863,joint,intercept,0.7372155643198666,0.6115557084599141,0.8561369076080559
bigsnow,st:863,joint,PNA,-0.21896561558246985,-0.40202149418831074,-0.0706173855341927
bigsnow,st:863,joint,ONI,-0.2110933254936943,-0.4062360884803355,0.029470974651910415
bigsnow,st:863,joint,PDO,0.05047808673454143,-0.1858383274275787,0.23345645456856484
bigsnow,st:863,joint,MJO1,0.3049116991508937,-0.2023079684609023,0.7784601614454901
bigsnow,st:863,joint,MJO2,0.5696984812991907,-0.28657433169621305,1.3430868070644189
bigsnow,st:863,joint,MJO3,0.4623253787971725,-0.006318054948733436,1.043138143016607
bigsnow,st:863,joint,MJO4,0.7999960581135136,0.18551454973935566,1.7400671071828384
bigsnow,st:863,joint,MJO5,0.407354726045026,-0.2637604944438039,0.814858313358188
bigsnow,st:863,joint,MJO6,0.3645212850763132,-0.36074600744622465,0.8579510780114489
bigsnow,st:863,joint,MJO7,0.03535856515305652,-0.30271588650831066,0.4650357804005941
bigsnow,st:863,joint,MJO8,0.5349460388625408,0.03626192226066621,1.1914898640260656
