ValidTime,APCP12hr_surface,APCP12hr_surface_1% level,APCP12hr_surface_10% level,APCP12hr_surface_15% level,APCP12hr_surface_20% level,APCP12hr_surface_25% level,APCP12hr_surface_30% level,APCP12hr_surface_35% level,APCP12hr_surface_40% level,APCP12hr_surface_45% level,APCP12hr_surface_5% level,APCP12hr_surface_50% level,APCP12hr_surface_55% level,APCP12hr_surface_60% level,APCP12hr_surface_65% level,APCP12hr_surface_70% level,APCP12hr_surface_75% level,APCP12hr_surface_80% level,APCP12hr_surface_85% level,APCP12hr_surface_90% level,APCP12hr_surface_95% level,APCP12hr_surface_99% level,APCP12hr_surface_prob >0.254,APCP12hr_surface_prob >101.6,APCP12hr_surface_prob >12.7,APCP12hr_surface_prob >127,APCP12hr_surface_prob >19.05,APCP12hr_surface_prob >2.54,APCP12hr_surface_prob >25.4,APCP12hr_surface_prob >50.8,APCP12hr_surface_prob >6.35,APCP12hr_surface_prob >76.2,APCP1hr_surface,APCP1hr_surface_prob >0.254,APCP24hr_surface,APCP24hr_surface_1% level,APCP24hr_surface_10% level,APCP24hr_surface_15% level,APCP24hr_surface_20% level,APCP24hr_surface_25% level,APCP24hr_surface_30% level,APCP24hr_surface_35% level,APCP24hr_surface_40% level,APCP24hr_surface_45% level,APCP24hr_surface_5% level,APCP24hr_surface_50% level,APCP24hr_surface_55% level,APCP24hr_surface_60% level,APCP24hr_surface_65% level,APCP24hr_surface_70% level,APCP24hr_surface_75% level,APCP24hr_surface_80% level,APCP24hr_surface_85% level,APCP24hr_surface_90% level,APCP24hr_surface_95% level,APCP24hr_surface_99% level,APCP24hr_surface_prob >0.254,APCP24hr_surface_prob >101.6,APCP24hr_surface_prob >12.7,APCP24hr_surface_prob >127,APCP24hr_surface_prob >152.4,APCP24hr_surface_prob >203.2,APCP24hr_surface_prob >25.4,APCP24hr_surface_prob >50.8,APCP24hr_surface_prob >6.35,APCP24hr_surface_prob >76.2,APCP48hr_surface,APCP48hr_surface_1% level,APCP48hr_surface_10% level,APCP48hr_surface_15% level,APCP48hr_surface_20% level,APCP48hr_surface_25% level,APCP48hr_surface_30% level,APCP48hr_surface_35% level,APCP48hr_surface_40% level,APCP48hr_surface_45% level,APCP48hr_surface_5% level,APCP48hr_surface_50% level,APCP48hr_surface_55% level,APCP48hr_surface_60% level,APCP48hr_surface_65% level,APCP48hr_surface_70% level,APCP48hr_surface_75% level,APCP48hr_surface_80% level,APCP48hr_surface_85% level,APCP48hr_surface_90% level,APCP48hr_surface_95% level,APCP48hr_surface_99% level,APCP48hr_surface_prob >12.7,APCP48hr_surface_prob >127,APCP48hr_surface_prob >2.54,APCP48hr_surface_prob >203.2,APCP48hr_surface_prob >25.4,APCP48hr_surface_prob >254,APCP48hr_surface_prob >304.8,APCP48hr_surface_prob >381,APCP48hr_surface_prob >50.8,APCP48hr_surface_prob >76.2,APCP6hr_surface,APCP6hr_surface_1% level,APCP6hr_surface_10% level,APCP6hr_surface_15% level,APCP6hr_surface_20% level,APCP6hr_surface_25% level,APCP6hr_surface_30% level,APCP6hr_surface_35% level,APCP6hr_surface_40% level,APCP6hr_surface_45% level,APCP6hr_surface_5% level,APCP6hr_surface_50% level,APCP6hr_surface_55% level,APCP6hr_surface_60% level,APCP6hr_surface_65% level,APCP6hr_surface_70% level,APCP6hr_surface_75% level,APCP6hr_surface_80% level,APCP6hr_surface_85% level,APCP6hr_surface_90% level,APCP6hr_surface_95% level,APCP6hr_surface_99% level,APCP6hr_surface_prob >0.254,APCP6hr_surface_prob >12.7,APCP6hr_surface_prob >19.05,APCP6hr_surface_prob >2.54,APCP6hr_surface_prob >25.4,APCP6hr_surface_prob >38.1,APCP6hr_surface_prob >50.8,APCP6hr_surface_prob >6.35,APCP6hr_surface_prob >63.5,APCP6hr_surface_prob >76.2,APCP72hr_surface,APCP72hr_surface_1% level,APCP72hr_surface_10% level,APCP72hr_surface_15% level,APCP72hr_surface_20% level,APCP72hr_surface_25% level,APCP72hr_surface_30% level,APCP72hr_surface_35% level,APCP72hr_surface_40% level,APCP72hr_surface_45% level,APCP72hr_surface_5% level,APCP72hr_surface_50% level,APCP72hr_surface_55% level,APCP72hr_surface_60% level,APCP72hr_surface_65% level,APCP72hr_surface_70% level,APCP72hr_surface_75% level,APCP72hr_surface_80% level,APCP72hr_surface_85% level,APCP72hr_surface_90% level,APCP72hr_surface_95% level,APCP72hr_surface_99% level,APCP72hr_surface_prob >127,APCP72hr_surface_prob >203.2,APCP72hr_surface_prob >25.4,APCP72hr_surface_prob >254,APCP72hr_surface_prob >381,APCP72hr_surface_prob >50.8,APCP72hr_surface_prob >508,APCP72hr_surface_prob >6.35,APCP72hr_surface_prob >635,APCP72hr_surface_prob >76.2,APTMP_2 m above ground,ASNOW1hr_surface,ASNOW1hr_surface_10% level,ASNOW1hr_surface_25% level,ASNOW1hr_surface_5% level,ASNOW1hr_surface_50% level,ASNOW1hr_surface_75% level,ASNOW1hr_surface_90% level,ASNOW1hr_surface_95% level,ASNOW1hr_surface_prob >0.00254,ASNOW1hr_surface_prob >0.00762,ASNOW1hr_surface_prob >0.0127,ASNOW1hr_surface_prob >0.01778,ASNOW1hr_surface_prob >0.0254,ASNOW1hr_surface_prob >0.0381,ASNOW1hr_surface_prob >0.0508,ASNOW1hr_surface_prob >0.0635,ASNOW1hr_surface_prob >0.0762,ASNOW1hr_surface_prob >0.1016,ASNOW24hr_surface,ASNOW24hr_surface_10% level,ASNOW24hr_surface_25% level,ASNOW24hr_surface_5% level,ASNOW24hr_surface_50% level,ASNOW24hr_surface_75% level,ASNOW24hr_surface_90% level,ASNOW24hr_surface_95% level,ASNOW24hr_surface_prob >0.00254,ASNOW24hr_surface_prob >0.0254,ASNOW24hr_surface_prob >0.0508,ASNOW24hr_surface_prob >0.1016,ASNOW24hr_surface_prob >0.1524,ASNOW24hr_surface_prob >0.2032,ASNOW24hr_surface_prob >0.254,ASNOW24hr_surface_prob >0.3048,ASNOW24hr_surface_prob >0.4572,ASNOW24hr_surface_prob >0.6096,ASNOW48hr_surface,ASNOW48hr_surface_10% level,ASNOW48hr_surface_25% level,ASNOW48hr_surface_5% level,ASNOW48hr_surface_50% level,ASNOW48hr_surface_75% level,ASNOW48hr_surface_90% level,ASNOW48hr_surface_95% level,ASNOW48hr_surface_prob >0.0254,ASNOW48hr_surface_prob >0.0508,ASNOW48hr_surface_prob >0.1016,ASNOW48hr_surface_prob >0.1524,ASNOW48hr_surface_prob >0.2032,ASNOW48hr_surface_prob >0.3048,ASNOW48hr_surface_prob >0.4572,ASNOW48hr_surface_prob >0.6096,ASNOW48hr_surface_prob >0.762,ASNOW48hr_surface_prob >0.9144,ASNOW6hr_surface,ASNOW6hr_surface_10% level,ASNOW6hr_surface_25% level,ASNOW6hr_surface_5% level,ASNOW6hr_surface_50% level,ASNOW6hr_surface_75% level,ASNOW6hr_surface_90% level,ASNOW6hr_surface_95% level,ASNOW6hr_surface_prob >0.00254,ASNOW6hr_surface_prob >0.0254,ASNOW6hr_surface_prob >0.0508,ASNOW6hr_surface_prob >0.0762,ASNOW6hr_surface_prob >0.1016,ASNOW6hr_surface_prob >0.127,ASNOW6hr_surface_prob >0.1524,ASNOW6hr_surface_prob >0.2032,ASNOW6hr_surface_prob >0.254,ASNOW6hr_surface_prob >0.3048,ASNOW72hr_surface,ASNOW72hr_surface_10% level,ASNOW72hr_surface_25% level,ASNOW72hr_surface_5% level,ASNOW72hr_surface_50% level,ASNOW72hr_surface_75% level,ASNOW72hr_surface_90% level,ASNOW72hr_surface_95% level,ASNOW72hr_surface_prob >0.0254,ASNOW72hr_surface_prob >0.1016,ASNOW72hr_surface_prob >0.1524,ASNOW72hr_surface_prob >0.2032,ASNOW72hr_surface_prob >0.3048,ASNOW72hr_surface_prob >0.4572,ASNOW72hr_surface_prob >0.6096,ASNOW72hr_surface_prob >0.762,ASNOW72hr_surface_prob >0.9144,ASNOW72hr_surface_prob >1.219,CAPE_surface,CAPE_surface_ens std dev,CDCB_high cloud layer,CDCB_reserved,CDCTOP_reserved,CEIL_cloud base,CEIL_cloud ceiling,CEIL_cloud ceiling_prob <152.4,CEIL_cloud ceiling_prob <2011.68,CEIL_cloud ceiling_prob <304.8,CEIL_cloud ceiling_prob <609.6,CEIL_cloud ceiling_prob <914.5,CWASP_surface_10% level,CWASP_surface_25% level,CWASP_surface_5% level,CWASP_surface_50% level,CWASP_surface_75% level,CWASP_surface_90% level,CWASP_surface_95% level,CWASP_surface_prob >50,CWASP_surface_prob >65,CWASP_surface_prob >70,CWASP_surface_prob >75,CWASP_surface_prob >85,CWASP_surface_unknown derived fcst,DIST_surface - 610 m above ground,DPT_2 m above ground,DPT_2 m above ground_ens std dev,DRYTPROB3hr_surface_prob >0,DSWRF_surface,ELLINX_400-300 mb,FICEAC1hr_surface,FICEAC24hr_surface,FICEAC24hr_surface_10% level,FICEAC24hr_surface_25% level,FICEAC24hr_surface_5% level,FICEAC24hr_surface_50% level,FICEAC24hr_surface_75% level,FICEAC24hr_surface_90% level,FICEAC24hr_surface_95% level,FICEAC24hr_surface_prob >0.254,FICEAC24hr_surface_prob >12.7,FICEAC24hr_surface_prob >2.54,FICEAC24hr_surface_prob >25.4,FICEAC24hr_surface_prob >6.35,FICEAC48hr_surface_10% level,FICEAC48hr_surface_25% level,FICEAC48hr_surface_5% level,FICEAC48hr_surface_50% level,FICEAC48hr_surface_75% level,FICEAC48hr_surface_90% level,FICEAC48hr_surface_95% level,FICEAC48hr_surface_prob >0.254,FICEAC48hr_surface_prob >12.7,FICEAC48hr_surface_prob >2.54,FICEAC48hr_surface_prob >25.4,FICEAC48hr_surface_prob >6.35,FICEAC6hr_surface,FICEAC6hr_surface_10% level,FICEAC6hr_surface_25% level,FICEAC6hr_surface_5% level,FICEAC6hr_surface_50% level,FICEAC6hr_surface_75% level,FICEAC6hr_surface_90% level,FICEAC6hr_surface_95% level,FICEAC6hr_surface_prob >0.254,FICEAC6hr_surface_prob >12.7,FICEAC6hr_surface_prob >2.54,FICEAC6hr_surface_prob >25.4,FICEAC6hr_surface_prob >6.35,FICEAC72hr_surface,FICEAC72hr_surface_10% level,FICEAC72hr_surface_25% level,FICEAC72hr_surface_5% level,FICEAC72hr_surface_50% level,FICEAC72hr_surface_75% level,FICEAC72hr_surface_90% level,FICEAC72hr_surface_95% level,FICEAC72hr_surface_prob >0.254,FICEAC72hr_surface_prob >12.7,FICEAC72hr_surface_prob >2.54,FICEAC72hr_surface_prob >25.4,FICEAC72hr_surface_prob >6.35,FOSINDX6hr_surface,FRZSPR_surface,GUST24hr_10 m above ground,GUST24hr_10 m above ground_1% level,GUST24hr_10 m above ground_10% level,GUST24hr_10 m above ground_15% level,GUST24hr_10 m above ground_20% level,GUST24hr_10 m above ground_25% level,GUST24hr_10 m above ground_30% level,GUST24hr_10 m above ground_35% level,GUST24hr_10 m above ground_40% level,GUST24hr_10 m above ground_45% level,GUST24hr_10 m above ground_5% level,GUST24hr_10 m above ground_50% level,GUST24hr_10 m above ground_55% level,GUST24hr_10 m above ground_60% level,GUST24hr_10 m above ground_65% level,GUST24hr_10 m above ground_70% level,GUST24hr_10 m above ground_75% level,GUST24hr_10 m above ground_80% level,GUST24hr_10 m above ground_85% level,GUST24hr_10 m above ground_90% level,GUST24hr_10 m above ground_95% level,GUST24hr_10 m above ground_99% level,GUST24hr_10 m above ground_prob >11,GUST24hr_10 m above ground_prob >17,GUST24hr_10 m above ground_prob >21,GUST24hr_10 m above ground_prob >24,GUST24hr_10 m above ground_prob >28,GUST24hr_10 m above ground_prob >32,GUST_10 m above ground,GUST_10 m above ground_1% level,GUST_10 m above ground_10% level,GUST_10 m above ground_15% level,GUST_10 m above ground_20% level,GUST_10 m above ground_25% level,GUST_10 m above ground_30% level,GUST_10 m above ground_35% level,GUST_10 m above ground_40% level,GUST_10 m above ground_45% level,GUST_10 m above ground_5% level,GUST_10 m above ground_50% level,GUST_10 m above ground_55% level,GUST_10 m above ground_60% level,GUST_10 m above ground_65% level,GUST_10 m above ground_70% level,GUST_10 m above ground_75% level,GUST_10 m above ground_80% level,GUST_10 m above ground_85% level,GUST_10 m above ground_90% level,GUST_10 m above ground_95% level,GUST_10 m above ground_99% level,GUST_10 m above ground_ens mean,GUST_10 m above ground_ens std dev,GUST_10 m above ground_prob >11,GUST_10 m above ground_prob >15,GUST_10 m above ground_prob >17,GUST_10 m above ground_prob >21,GUST_10 m above ground_prob >24,GUST_10 m above ground_prob >28,GUST_10 m above ground_prob >32,GUST_10 m above ground_prob >8,HINDEX6hr_entire atmosphere (considered as a single layer),HTSGW_surface,HTSGW_surface_10% level,HTSGW_surface_50% level,HTSGW_surface_90% level,HTSGW_surface_ens std dev,ICPRB_1066.8 m above mean sea level,ICPRB_1219.2 m above mean sea level,ICPRB_1371.6 m above mean sea level,ICPRB_152.4 m above mean sea level,ICPRB_1524 m above mean sea level,ICPRB_1676.4 m above mean sea level,ICPRB_1828.8 m above mean sea level,ICPRB_1981.2 m above mean sea level,ICPRB_2133.6 m above mean sea level,ICPRB_2286 m above mean sea level,ICPRB_2438.4 m above mean sea level,ICPRB_2590.8 m above mean sea level,ICPRB_2743.2 m above mean sea level,ICPRB_2895.6 m above mean sea level,ICPRB_304.8 m above mean sea level,ICPRB_3048 m above mean sea level,ICPRB_3200.4 m above mean sea level,ICPRB_3352.8 m above mean sea level,ICPRB_3505.2 m above mean sea level,ICPRB_3657.6 m above mean sea level,ICPRB_3810 m above mean sea level,ICPRB_3962.4 m above mean sea level,ICPRB_4114.8 m above mean sea level,ICPRB_4267.2 m above mean sea level,ICPRB_4419.6 m above mean sea level,ICPRB_457.2 m above mean sea level,ICPRB_4572 m above mean sea level,ICPRB_4724.4 m above mean sea level,ICPRB_4876.8 m above mean sea level,ICPRB_5029.2 m above mean sea level,ICPRB_5181.6 m above mean sea level,ICPRB_5334 m above mean sea level,ICPRB_5486.4 m above mean sea level,ICPRB_5638.8 m above mean sea level,ICPRB_5791.2 m above mean sea level,ICPRB_5943.6 m above mean sea level,ICPRB_609.6 m above mean sea level,ICPRB_6096 m above mean sea level,ICPRB_6248.4 m above mean sea level,ICPRB_6400.8 m above mean sea level,ICPRB_6553.2 m above mean sea level,ICPRB_6705.6 m above mean sea level,ICPRB_6858 m above mean sea level,ICPRB_7010.4 m above mean sea level,ICPRB_7162.8 m above mean sea level,ICPRB_7315.2 m above mean sea level,ICPRB_7467.6 m above mean sea level,ICPRB_762 m above mean sea level,ICPRB_7620 m above mean sea level,ICPRB_7772.4 m above mean sea level,ICPRB_7924.8 m above mean sea level,ICPRB_8077.2 m above mean sea level,ICPRB_8229.6 m above mean sea level,ICPRB_8382 m above mean sea level,ICPRB_8534.4 m above mean sea level,ICPRB_8686.8 m above mean sea level,ICPRB_8839.2 m above mean sea level,ICPRB_8991.6 m above mean sea level,ICPRB_914.4 m above mean sea level,ICPRB_9144 m above mean sea level,ICSEV_1066.8 m above mean sea level,ICSEV_1219.2 m above mean sea level,ICSEV_1371.6 m above mean sea level,ICSEV_152.4 m above mean sea level,ICSEV_1524 m above mean sea level,ICSEV_1676.4 m above mean sea level,ICSEV_1828.8 m above mean sea level,ICSEV_1981.2 m above mean sea level,ICSEV_2133.6 m above mean sea level,ICSEV_2286 m above mean sea level,ICSEV_2438.4 m above mean sea level,ICSEV_2590.8 m above mean sea level,ICSEV_2743.2 m above mean sea level,ICSEV_2895.6 m above mean sea level,ICSEV_304.8 m above mean sea level,ICSEV_3048 m above mean sea level,ICSEV_3200.4 m above mean sea level,ICSEV_3352.8 m above mean sea level,ICSEV_3505.2 m above mean sea level,ICSEV_3657.6 m above mean sea level,ICSEV_3810 m above mean sea level,ICSEV_3962.4 m above mean sea level,ICSEV_4114.8 m above mean sea level,ICSEV_4267.2 m above mean sea level,ICSEV_4419.6 m above mean sea level,ICSEV_457.2 m above mean sea level,ICSEV_4572 m above mean sea level,ICSEV_4724.4 m above mean sea level,ICSEV_4876.8 m above mean sea level,ICSEV_5029.2 m above mean sea level,ICSEV_5181.6 m above mean sea level,ICSEV_5334 m above mean sea level,ICSEV_5486.4 m above mean sea level,ICSEV_5638.8 m above mean sea level,ICSEV_5791.2 m above mean sea level,ICSEV_5943.6 m above mean sea level,ICSEV_609.6 m above mean sea level,ICSEV_6096 m above mean sea level,ICSEV_6248.4 m above mean sea level,ICSEV_6400.8 m above mean sea level,ICSEV_6553.2 m above mean sea level,ICSEV_6705.6 m above mean sea level,ICSEV_6858 m above mean sea level,ICSEV_7010.4 m above mean sea level,ICSEV_7162.8 m above mean sea level,ICSEV_7315.2 m above mean sea level,ICSEV_7467.6 m above mean sea level,ICSEV_762 m above mean sea level,ICSEV_7620 m above mean sea level,ICSEV_7772.4 m above mean sea level,ICSEV_7924.8 m above mean sea level,ICSEV_8077.2 m above mean sea level,ICSEV_8229.6 m above mean sea level,ICSEV_8382 m above mean sea level,ICSEV_8534.4 m above mean sea level,ICSEV_8686.8 m above mean sea level,ICSEV_8839.2 m above mean sea level,ICSEV_8991.6 m above mean sea level,ICSEV_914.4 m above mean sea level,ICSEV_9144 m above mean sea level,MAXREF1hr_1000 m above ground,MAXRH12hr_2 m above ground,MINRH12hr_2 m above ground,MIXHT_entire atmosphere (considered as a single layer),PCPDUR12hr_surface,PTYPE_surface_prob >=1 <2,PTYPE_surface_prob >=3 <4,PTYPE_surface_prob >=5 <7,PTYPE_surface_prob >=8 <9,RETOP_cloud top,RH_2 m above ground,SIPD_1066.8 m above mean sea level,SIPD_1219.2 m above mean sea level,SIPD_1371.6 m above mean sea level,SIPD_152.4 m above mean sea level,SIPD_1524 m above mean sea level,SIPD_1676.4 m above mean sea level,SIPD_1828.8 m above mean sea level,SIPD_1981.2 m above mean sea level,SIPD_2133.6 m above mean sea level,SIPD_2286 m above mean sea level,SIPD_2438.4 m above mean sea level,SIPD_2590.8 m above mean sea level,SIPD_2743.2 m above mean sea level,SIPD_2895.6 m above mean sea level,SIPD_304.8 m above mean sea level,SIPD_3048 m above mean sea level,SIPD_3200.4 m above mean sea level,SIPD_3352.8 m above mean sea level,SIPD_3505.2 m above mean sea level,SIPD_3657.6 m above mean sea level,SIPD_3810 m above mean sea level,SIPD_3962.4 m above mean sea level,SIPD_4114.8 m above mean sea level,SIPD_4267.2 m above mean sea level,SIPD_4419.6 m above mean sea level,SIPD_457.2 m above mean sea level,SIPD_4572 m above mean sea level,SIPD_4724.4 m above mean sea level,SIPD_4876.8 m above mean sea level,SIPD_5029.2 m above mean sea level,SIPD_5181.6 m above mean sea level,SIPD_5334 m above mean sea level,SIPD_5486.4 m above mean sea level,SIPD_5638.8 m above mean sea level,SIPD_5791.2 m above mean sea level,SIPD_5943.6 m above mean sea level,SIPD_609.6 m above mean sea level,SIPD_6096 m above mean sea level,SIPD_6248.4 m above mean sea level,SIPD_6400.8 m above mean sea level,SIPD_6553.2 m above mean sea level,SIPD_6705.6 m above mean sea level,SIPD_6858 m above mean sea level,SIPD_7010.4 m above mean sea level,SIPD_7162.8 m above mean sea level,SIPD_7315.2 m above mean sea level,SIPD_7467.6 m above mean sea level,SIPD_762 m above mean sea level,SIPD_7620 m above mean sea level,SIPD_7772.4 m above mean sea level,SIPD_7924.8 m above mean sea level,SIPD_8077.2 m above mean sea level,SIPD_8229.6 m above mean sea level,SIPD_8382 m above mean sea level,SIPD_8534.4 m above mean sea level,SIPD_8686.8 m above mean sea level,SIPD_8839.2 m above mean sea level,SIPD_8991.6 m above mean sea level,SIPD_914.4 m above mean sea level,SIPD_9144 m above mean sea level,SNOWLR_surface,SNOWLR_surface_10% level,SNOWLR_surface_25% level,SNOWLR_surface_5% level,SNOWLR_surface_50% level,SNOWLR_surface_75% level,SNOWLR_surface_90% level,SNOWLR_surface_95% level,SNOWLVL_0 m above mean sea level,SNOWLVL_surface_10% level,SNOWLVL_surface_25% level,SNOWLVL_surface_5% level,SNOWLVL_surface_50% level,SNOWLVL_surface_75% level,SNOWLVL_surface_90% level,SNOWLVL_surface_95% level,TCDC_high cloud layer,TCDC_reserved,TCDC_surface,TCDC_surface_ens std dev,THUNC1hr_entire atmosphere,TMAX12hr_2 m above ground,TMAX12hr_2 m above ground_ens std dev,TMIN12hr_2 m above ground,TMIN12hr_2 m above ground_ens std dev,TMP18hr_2 m above ground,TMP_2 m above ground,TMP_2 m above ground_ens std dev,TMP_Max_2 m above ground,TMP_Max_2 m above ground_1% level,TMP_Max_2 m above ground_10% level,TMP_Max_2 m above ground_15% level,TMP_Max_2 m above ground_20% level,TMP_Max_2 m above ground_25% level,TMP_Max_2 m above ground_30% level,TMP_Max_2 m above ground_35% level,TMP_Max_2 m above ground_40% level,TMP_Max_2 m above ground_45% level,TMP_Max_2 m above ground_5% level,TMP_Max_2 m above ground_50% level,TMP_Max_2 m above ground_55% level,TMP_Max_2 m above ground_60% level,TMP_Max_2 m above ground_65% level,TMP_Max_2 m above ground_70% level,TMP_Max_2 m above ground_75% level,TMP_Max_2 m above ground_80% level,TMP_Max_2 m above ground_85% level,TMP_Max_2 m above ground_90% level,TMP_Max_2 m above ground_95% level,TMP_Max_2 m above ground_99% level,TMP_Max_2 m above ground_prob <255,TMP_Max_2 m above ground_prob <270,TMP_Max_2 m above ground_prob <273,TMP_Max_2 m above ground_prob >299,TMP_Max_2 m above ground_prob >305,TMP_Max_2 m above ground_prob >310,TMP_Max_2 m above ground_prob >316,TMP_Max_2 m above ground_prob >322,TMP_Min_2 m above ground,TMP_Min_2 m above ground_1% level,TMP_Min_2 m above ground_10% level,TMP_Min_2 m above ground_15% level,TMP_Min_2 m above ground_20% level,TMP_Min_2 m above ground_25% level,TMP_Min_2 m above ground_30% level,TMP_Min_2 m above ground_35% level,TMP_Min_2 m above ground_40% level,TMP_Min_2 m above ground_45% level,TMP_Min_2 m above ground_5% level,TMP_Min_2 m above ground_50% level,TMP_Min_2 m above ground_55% level,TMP_Min_2 m above ground_60% level,TMP_Min_2 m above ground_65% level,TMP_Min_2 m above ground_70% level,TMP_Min_2 m above ground_75% level,TMP_Min_2 m above ground_80% level,TMP_Min_2 m above ground_85% level,TMP_Min_2 m above ground_90% level,TMP_Min_2 m above ground_95% level,TMP_Min_2 m above ground_99% level,TMP_Min_2 m above ground_prob <233,TMP_Min_2 m above ground_prob <244,TMP_Min_2 m above ground_prob <249,TMP_Min_2 m above ground_prob <255,TMP_Min_2 m above ground_prob <260,TMP_Min_2 m above ground_prob <270,TMP_Min_2 m above ground_prob <273,TMP_Min_2 m above ground_prob >299,TMP_surface,TPWDIR_10 m above ground,TPWSPD_10 m above ground,TRWDIR_entire atmosphere (considered as a single layer),TRWSPD_entire atmosphere (considered as a single layer),TSRWE24hr_surface_prob >7.35e-05,TSTM12hr_surface_probability forecast,TSTM1hr_surface_probability forecast,TSTM3hr_surface_probability forecast,TSTM6hr_surface_probability forecast,TURB_surface - 1372 m above ground,VIL_entire atmosphere,VIS_surface,VIS_surface_prob <1609.34,VIS_surface_prob <3218.69,VIS_surface_prob <4828.03,VIS_surface_prob <8046.73,VRATE_entire atmosphere (considered as a single layer),WDIR_10 m above ground,WDIR_30 m above ground,WDIR_80 m above ground,WDIR_surface - 610 m above ground,WETGLBT_surface,WIND24hr_10 m above ground,WIND24hr_10 m above ground_1% level,WIND24hr_10 m above ground_10% level,WIND24hr_10 m above ground_15% level,WIND24hr_10 m above ground_20% level,WIND24hr_10 m above ground_25% level,WIND24hr_10 m above ground_30% level,WIND24hr_10 m above ground_35% level,WIND24hr_10 m above ground_40% level,WIND24hr_10 m above ground_45% level,WIND24hr_10 m above ground_5% level,WIND24hr_10 m above ground_50% level,WIND24hr_10 m above ground_55% level,WIND24hr_10 m above ground_60% level,WIND24hr_10 m above ground_65% level,WIND24hr_10 m above ground_70% level,WIND24hr_10 m above ground_75% level,WIND24hr_10 m above ground_80% level,WIND24hr_10 m above ground_85% level,WIND24hr_10 m above ground_90% level,WIND24hr_10 m above ground_95% level,WIND24hr_10 m above ground_99% level,WIND24hr_10 m above ground_prob >11,WIND24hr_10 m above ground_prob >17,WIND24hr_10 m above ground_prob >24,WIND24hr_10 m above ground_prob >32,WIND24hr_10 m above ground_prob >5,WIND24hr_10 m above ground_prob >8,WIND_10 m above ground,WIND_10 m above ground_1% level,WIND_10 m above ground_10% level,WIND_10 m above ground_15% level,WIND_10 m above ground_20% level,WIND_10 m above ground_25% level,WIND_10 m above ground_30% level,WIND_10 m above ground_35% level,WIND_10 m above ground_40% level,WIND_10 m above ground_45% level,WIND_10 m above ground_5% level,WIND_10 m above ground_50% level,WIND_10 m above ground_55% level,WIND_10 m above ground_60% level,WIND_10 m above ground_65% level,WIND_10 m above ground_70% level,WIND_10 m above ground_75% level,WIND_10 m above ground_80% level,WIND_10 m above ground_85% level,WIND_10 m above ground_90% level,WIND_10 m above ground_95% level,WIND_10 m above ground_99% level,WIND_10 m above ground_ens mean,WIND_10 m above ground_ens std dev,WIND_10 m above ground_prob >11,WIND_10 m above ground_prob >15,WIND_10 m above ground_prob >17,WIND_10 m above ground_prob >24,WIND_10 m above ground_prob >3,WIND_10 m above ground_prob >32,WIND_10 m above ground_prob >5,WIND_10 m above ground_prob >8,WIND_30 m above ground,WIND_80 m above ground,WIND_surface - 610 m above ground
2026031219,,,,,,,,,,,,,,,,,,,,,,,,,,,,,,,,,0.483,,,,,,,,,,,,,,,,,,,,,,,,,,,,,,,,,,,,,,,,,,,,,,,,,,,,,,,,,,,,,,,,,,,,,,,,,,,,,,,,,,,,,,,,,,,,,,,,,,,,,,,,,,,,,,,,,,,,,,,,,,,,,,,,,,,,,,,,,,,,,,,,,,,,,,,,,,,,,,,,,,,,,,,,,,,,,,,,,,,,,,,,,,,,,,,,,,,,,,,,,,,,,,,,,,,,,,,,,,,,,,,,,,,,,,,,,,,,,,,,,,,,,,,,,,,,,,,,,,,,,,,,,,,,,,,,,,,,,,,,,,,,,,,,,,,,,,,,,,,,,,,,,,,,,,,,,,,,,,,,,,,,,,,,,,,,,,,3.2,5.6,6.8,7.2,7.6,7.6,8.0,8.0,8.4,4.4,8.8,9.04857,9.48834,9.9484,10.4585,10.9459,11.0603,11.5691,12.4664,13.0872,15.0374,9.07061,2.72913,19.0,1.0,0.0,0.0,0.0,0.0,0.0,51.0,,,,,,,,,,,,,,,,,,,,,,,,,,,,,,,,,,,,,,,,,,,,,,,,,,,,,,,,,,,,,,,,,,,,,,,,,,,,,,,,,,,,,,,,,,,,,,,,,,,,,,,,,,,,,,,,,,,,,,,,,,,,,,,,,,,,,,,,,,,,,,,,,,,,,,,,,,,,,,,,,,,,,,,,,,,,,,,,,,,,,,,,,,,,,,,,,,,,,,,,,,,,,,,,,,,,,,,,,,,,,,,,,,,,,,,,,,,,,,,,,,,,,,,,,,,,,,,,,,,,,,,,,,,,,,,,,,,,,,,,,,,,,,,,,,,,,,,,,,,,,,,,,,,,,,,,,,,,,,,,,,,,,,,,,,,,,,,,,,1.6,3.6,4.0,4.4,4.8,5.2,5.6,5.6,6.0,2.8,6.4,6.4,6.8,7.2,7.2,7.6,8.0,8.4,9.2,9.6,11.6,6.40408,2.05618,2.0,0.0,0.0,0.0,88.0,0.0,59.0,12.0,,,
2026031220,,,,,,,,,,,,,,,,,,,,,,,,,,,,,,,,,0.46,,,,,,,,,,,,,,,,,,,,,,,,,,,,,,,,,,,,,,,,,,,,,,,,,,,,,,,,,,,,,,,,,,,,,,,,,,,,,,,,,,,,,,,,,,,,,,,,,,,,,,,,,,,,,,,,,,,,,,,,,,,,,,,,,,,,,,,,,,,,,,,,,,,,,,,,,,,,,,,,,,,,,,,,,,,,,,,,,,,,,,,,,,,,,,,,,,,,,,,,,,,,,,,,,,,,,,,,,,,,,,,,,,,,,,,,,,,,,,,,,,,,,,,,,,,,,,,,,,,,,,,,,,,,,,,,,,,,,,,,,,,,,,,,,,,,,,,,,,,,,,,,,,,,,,,,,,,,,,,,,,,,,,,,,,,,,,,2.4,5.2,5.6,6.4,6.4,6.8,7.2,7.63343,7.73439,4.4,8.24537,8.36574,8.84618,8.91974,9.42139,9.49805,9.97527,10.8612,11.0267,12.7608,13.1928,8.31578,2.35127,9.0,0.0,0.0,0.0,0.0,0.0,0.0,39.0,,,,,,,,,,,,,,,,,,,,,,,,,,,,,,,,,,,,,,,,,,,,,,,,,,,,,,,,,,,,,,,,,,,,,,,,,,,,,,,,,,,,,,,,,,,,,,,,,,,,,,,,,,,,,,,,,,,,,,,,,,,,,,,,,,,,,,,,,,,,,,,,,,,,,,,,,,,,,,,,,,,,,,,,,,,,,,,,,,,,,,,,,,,,,,,,,,,,,,,,,,,,,,,,,,,,,,,,,,,,,,,,,,,,,,,,,,,,,,,,,,,,,,,,,,,,,,,,,,,,,,,,,,,,,,,,,,,,,,,,,,,,,,,,,,,,,,,,,,,,,,,,,,,,,,,,,,,,,,,,,,,,,,,,,,,,,,,,,,1.2,3.2,3.6,4.0,4.4,4.4,4.8,4.8,5.2,2.4,5.6,6.0,6.4,6.4,6.8,7.2,7.6,8.0,8.4,9.2,10.0,5.60374,2.04603,0.0,0.0,0.0,0.0,84.0,0.0,52.0,7.0,,,
2026031221,,,,,,,,,,,,,,,,,,,,,,,,,,,,,,,,,0.485,,,,,,,,,,,,,,,,,,,,,,,,,,,,,,,,,,,,,,,,,,,,,,,,,,,,,,,,,,,,,,,,,,,,,,,,,,,,,,,,,,,,,,,,,,,,,,,,,,,,,,,,,,,,,,,,,,,,,,,,,,,,,,,,,,,,,,,,,,,,,,,,,,,,,,,,,,,,,,,,,,,,,,,,,,,,,,,,,,,,,,,,,,,,,,,,,,,,,,,,,,,,,,,,,,,,,,,,,,,,,,,,,,,,,,,,,,,,,,,,,,,,,,,,,,,,,,,,,,,,,,,,,,,,,,,,,,,,,,,,,,,,,,,,,,,,,,,,,,,,,,,,,,,,,,,,,,,,,,,,,,,,,,,,,,,,,,,3.2,4.4,4.8,5.2,5.6,6.0,6.4,6.8,7.2,4.0,7.28277,7.36718,7.8418,7.93992,8.39219,8.88822,9.0263,9.51626,10.4213,11.1835,12.3064,7.38438,2.07973,5.0,0.0,0.0,0.0,0.0,0.0,0.0,25.0,,,,,,,,,,,,,,,,,,,,,,,,,,,,,,,,,,,,,,,,,,,,,,,,,,,,,,,,,,,,,,,,,,,,,,,,,,,,,,,,,,,,,,,,,,,,,,,,,,,,,,,,,,,,,,,,,,,,,,,,,,,,,,,,,,,,,,,,,,,,,,,,,,,,,,,,,,,,,,,,,,,,,,,,,,,,,,,,,,,,,,,,,,,,,,,,,,,,,,,,,,,,,,,,,,,,,,,,,,,,,,,,,,,,,,,,,,,,,,,,,,,,,,,,,,,,,,,,,,,,,,,,,,,,,,,,,,,,,,,,,,,,,,,,,,,,,,,,,,,,,,,,,,,,,,,,,,,,,,,,,,,,,,,,,,,,,,,,,,1.2,2.8,2.8,3.2,3.6,3.6,4.0,4.4,4.8,2.0,4.8,5.2,5.6,6.0,6.4,6.4,6.8,7.2,7.6,8.0,8.90576,5.2134,2.11277,0.0,0.0,0.0,0.0,72.0,0.0,40.0,2.0,,,
2026031222,,,,,,,,,,,,,,,,,,,,,,,,,,,,,,,,,0.481,,,,,,,,,,,,,,,,,,,,,,,,,,,,,,,,,,,,,,,,,,,,,,,,,,,,,,,,,,,,,,,,,,,,,,,,,,,,,,,,,,,,,,,,,,,,,,,,,,,,,,,,,,,,,,,,,,,,,,,,,,,,,,,,,,,,,,,,,,,,,,,,,,,,,,,,,,,,,,,,,,,,,,,,,,,,,,,,,,,,,,,,,,,,,,,,,,,,,,,,,,,,,,,,,,,,,,,,,,,,,,,,,,,,,,,,,,,,,,,,,,,,,,,,,,,,,,,,,,,,,,,,,,,,,,,,,,,,,,,,,,,,,,,,,,,,,,,,,,,,,,,,,,,,,,,,,,,,,,,,,,,,,,,,,,,,,,,2.8,4.0,4.4,4.8,4.8,5.2,5.6,6.0,6.4,3.6,6.4,6.83498,6.91181,7.39606,7.48314,7.93426,8.11447,8.60784,9.52475,10.5419,11.978,6.49691,2.04696,2.0,0.0,0.0,0.0,0.0,0.0,0.0,14.0,,,,,,,,,,,,,,,,,,,,,,,,,,,,,,,,,,,,,,,,,,,,,,,,,,,,,,,,,,,,,,,,,,,,,,,,,,,,,,,,,,,,,,,,,,,,,,,,,,,,,,,,,,,,,,,,,,,,,,,,,,,,,,,,,,,,,,,,,,,,,,,,,,,,,,,,,,,,,,,,,,,,,,,,,,,,,,,,,,,,,,,,,,,,,,,,,,,,,,,,,,,,,,,,,,,,,,,,,,,,,,,,,,,,,,,,,,,,,,,,,,,,,,,,,,,,,,,,,,,,,,,,,,,,,,,,,,,,,,,,,,,,,,,,,,,,,,,,,,,,,,,,,,,,,,,,,,,,,,,,,,,,,,,,,,,,,,,,,,1.2,2.4,2.4,2.8,3.2,3.2,3.6,4.0,4.0,2.0,4.4,4.8,4.8,5.2,5.6,5.6,6.0,6.8,7.2,7.6,8.8,4.40179,2.0189,0.0,0.0,0.0,0.0,63.0,0.0,28.0,2.0,,,
2026031223,,,,,,,,,,,,,,,,,,,,,,,,,,,,,,,,,0.473,,,,,,,,,,,,,,,,,,,,,,,,,,,,,,,,,,,,,,,,,,,,,,,,,,,,,,,,,,,,,,,,,,,,,,,,,,,,,,,,,,,,,,,,,,,,,,,,,,,,,,,,,,,,,,,,,,,,,,,,,,,,,,,,,,,,,,,,,,,,,,,,,,,,,,,,,,,,,,,,,,,,,,,,,,,,,,,,,,,,,,,,,,,,,,,,,,,,,,,,,,,,,,,,,,,,,,,,,,,,,,,,,,,,,,,,,,,,,,,,,,,,,,,,,,,,,,,,,,,,,,,,,,,,,,,,,,,,,,,,,,,,,,,,,,,,,,,,,,,,,,,,,,,,,,,,,,,,,,,,,,,,,,,,,,,,,,,2.0,3.2,4.0,4.0,4.4,4.8,4.8,5.2,5.6,3.2,5.6,6.0,6.4,6.4,6.74632,7.23868,7.37358,7.88351,8.84256,9.57311,11.5274,5.87857,1.98983,2.0,0.0,0.0,0.0,0.0,0.0,0.0,10.0,,,,,,,,,,,,,,,,,,,,,,,,,,,,,,,,,,,,,,,,,,,,,,,,,,,,,,,,,,,,,,,,,,,,,,,,,,,,,,,,,,,,,,,,,,,,,,,,,,,,,,,,,,,,,,,,,,,,,,,,,,,,,,,,,,,,,,,,,,,,,,,,,,,,,,,,,,,,,,,,,,,,,,,,,,,,,,,,,,,,,,,,,,,,,,,,,,,,,,,,,,,,,,,,,,,,,,,,,,,,,,,,,,,,,,,,,,,,,,,,,,,,,,,,,,,,,,,,,,,,,,,,,,,,,,,,,,,,,,,,,,,,,,,,,,,,,,,,,,,,,,,,,,,,,,,,,,,,,,,,,,,,,,,,,,,,,,,,,,1.2,2.0,2.0,2.4,2.4,2.8,2.8,3.2,3.2,1.6,3.6,4.0,4.4,4.4,4.8,4.8,5.2,6.0,6.0,6.8,8.4,4.00245,1.6314,0.0,0.0,0.0,0.0,52.0,0.0,17.0,1.0,,,
2026031300,,,,,,,,,,,,,,,,,,,,,,,,,,,,,,,,,0.63,,,,,,,,,,,,,,,,,,,,,,,,,,,,,,,,,,,,,,,,,,,,,,,,,,,,,,,,,,,,,,,,,,,0.0,1.028,1.37,1.592,1.755,1.891,2.031,2.167,2.33,0.602,2.476,2.639,2.838,3.058,3.364,3.699,4.066,4.628,5.527,7.012,11.47,,1.0,0.0,48.0,0.0,0.0,0.0,7.0,0.0,0.0,,,,,,,,,,,,,,,,,,,,,,,,,,,,,,,,,,,,,,,,,,,,,,,,,,,,,,,,,,,,,,,,,,,,,,,,,,,,,,,,,,,,,,,,,,,,,,,,,,,,,,,,,,,,,,,,,,,,,,,,,,,,,,,,,,,,,,,,,,,,,,,,,,,,,,,,,,,,,,,,,,,,,,,,,,,,,,,,,,,,,,,,,,,,,,,,,,,,,,,,,,,,,,,,,,,,,,,,,,,,,,,,,,,,,,,,,,,,,,1.2,2.8,3.2,3.6,3.6,4.0,4.0,4.4,4.8,2.4,5.2,5.2,5.6,6.0,6.0,6.25503,6.81449,6.92382,7.42188,8.85754,10.6806,5.00511,1.94287,1.0,0.0,0.0,0.0,0.0,0.0,0.0,5.0,,,,,,,,,,,,,,,,,,,,,,,,,,,,,,,,,,,,,,,,,,,,,,,,,,,,,,,,,,,,,,,,,,,,,,,,,,,,,,,,,,,,,,,,,,,,,,,,,,,,,,,,,,,,,,,,,,,,,,,,,,,,,,,,,,,,,,,,,,,,,,,,,,,,,,,,,,,,,,,,,,,,,,,,,,,,,,,,,,,,,,,,,,,,,,,,,,,,,,,,,,,,,,,,,,,,,,,,,,,,,,,,,,,,,,,,,,,,,,,,,,,,,,,,,,,,,,,,,,,,,,,,,,,,,,,,,,,,,,,,,,,,,,,,,,,,,,,,,,,,,,,,,,,,,,,,,,,,,,,,,,,,,,,,,,,,,,,,,,0.4,1.6,1.6,2.0,2.0,2.4,2.8,2.8,2.8,1.2,3.2,3.6,3.6,4.0,4.0,4.4,4.8,5.2,5.2,6.0,7.6,3.20258,1.63387,0.0,0.0,0.0,0.0,44.0,0.0,7.0,0.0,,,
2026031301,,,,,,,,,,,,,,,,,,,,,,,,,,,,,,,,,0.658,,,,,,,,,,,,,,,,,,,,,,,,,,,,,,,,,,,,,,,,,,,,,,,,,,,,,,,,,,,,,,,,,,,,,,,,,,,,,,,,,,,,,,,,,,,,,,,,,,,,,,,,,,,,,,,,,,,,,,,,,,,,,,,,,,,,,,,,,,,,,,,,,,,,,,,,,,,,,,,,,,,,,,,,,,,,,,,,,,,,,,,,,,,,,,,,,,,,,,,,,,,,,,,,,,,,,,,,,,,,,,,,,,,,,,,,,,,,,,,,,,,,,,,,,,,,,,,,,,,,,,,,,,,,,,,,,,,,,,,,,,,,,,,,,,,,,,,,,,,,,,,,,,,,,,,,,,,,,,,,,,,,,,,,,,,,,,,1.6,2.4,2.4,2.8,3.2,3.2,3.6,3.6,4.0,2.0,4.06611,4.51081,4.59787,5.08546,5.15807,5.24466,5.71043,5.87601,6.42875,7.28729,9.44723,4.27307,1.93014,0.0,0.0,0.0,0.0,0.0,0.0,0.0,3.0,,,,,,,,,,,,,,,,,,,,,,,,,,,,,,,,,,,,,,,,,,,,,,,,,,,,,,,,,,,,,,,,,,,,,,,,,,,,,,,,,,,,,,,,,,,,,,,,,,,,,,,,,,,,,,,,,,,,,,,,,,,,,,,,,,,,,,,,,,,,,,,,,,,,,,,,,,,,,,,,,,,,,,,,,,,,,,,,,,,,,,,,,,,,,,,,,,,,,,,,,,,,,,,,,,,,,,,,,,,,,,,,,,,,,,,,,,,,,,,,,,,,,,,,,,,,,,,,,,,,,,,,,,,,,,,,,,,,,,,,,,,,,,,,,,,,,,,,,,,,,,,,,,,,,,,,,,,,,,,,,,,,,,,,,,,,,,,,,,0.4,1.2,1.2,1.6,1.6,1.6,2.0,2.0,2.4,0.8,2.4,2.8,2.8,3.2,3.2,3.6,4.0,4.0,4.4,5.2,6.8,2.80448,1.22709,0.0,0.0,0.0,0.0,25.0,0.0,3.0,0.0,,,
2026031302,,,,,,,,,,,,,,,,,,,,,,,,,,,,,,,,,0.254,58.0,,,,,,,,,,,,,,,,,,,,,,,,,,,,,,,,,,,,,,,,,,,,,,,,,,,,,,,,,,,,,,,,,,,,,,,,,,,,,,,,,,,,,,,,,,,,,,,,,,,,,,,,,,,,,,,,,,,,,,,,,,,,,,,,,265.01,0.003,0.003,0.003,0.003,0.005,0.008,0.01,0.01,86.0,23.0,2.0,0.0,0.0,0.0,0.0,0.0,0.0,0.0,,,,,,,,,,,,,,,,,,,,,,,,,,,,,,,,,,,,,,,,,,,,,,,,,,,,,,,,,,,,,,,,,,,,,,,,,1.0,6.0,7620.0,457.0,6650.0,208.0,456.0,20.0,100.0,22.0,55.0,73.0,14.0,14.0,13.0,16.0,18.0,19.0,20.0,0.0,0.0,0.0,0.0,0.0,16.4,0.0,266.89,1.05,,14.0,1.0,0.0,,,,,,,,,,,,,,,,,,,,,,,,,,,,,,,,,,,,,,,,,,,,,,,,,,,,,,,,,,,,,,,,,,,,,,,,,,,,,,,,,,3.6,1.2,1.6,2.0,2.4,2.4,2.8,2.8,3.24551,3.36671,1.2,3.42191,3.87415,3.93646,4.42751,4.54336,4.65275,5.14418,5.29189,5.83058,6.83232,8.27003,3.6211,1.6,0.0,0.0,0.0,0.0,0.0,0.0,0.0,0.0,,,,,,,0.47,0.49,0.5,0.0,0.51,0.53,0.55,0.56,0.56,0.56,0.56,0.56,0.56,0.56,0.0,0.56,0.56,0.56,0.56,0.56,0.56,0.56,0.55,0.55,0.55,0.13,0.54,0.54,0.54,0.53,0.52,0.52,0.51,0.51,0.5,0.49,0.45,0.49,0.48,0.36,0.18,0.0,0.0,0.0,0.0,0.0,0.0,0.45,0.0,0.0,0.0,0.0,0.0,0.0,0.0,0.0,0.0,0.0,0.46,0.0,1.0,1.0,1.0,0.0,1.0,2.0,2.0,2.0,2.0,2.0,2.0,5.0,5.0,5.0,0.0,5.0,5.0,5.0,5.0,5.0,5.0,5.0,5.0,5.0,5.0,4.0,5.0,2.0,2.0,2.0,2.0,2.0,2.0,2.0,2.0,2.0,4.0,2.0,2.0,1.0,4.0,0.0,0.0,0.0,0.0,0.0,0.0,1.0,0.0,0.0,0.0,0.0,0.0,0.0,0.0,0.0,0.0,0.0,1.0,0.0,16.0,,,0.0,,0.0,0.0,78.0,0.0,2515.2,90.0,-0.09,-0.09,-0.09,0.0,-0.09,-0.09,-0.09,-0.09,-0.09,-0.09,-0.09,-0.09,-0.09,-0.09,0.0,-0.09,-0.09,-0.09,-0.09,-0.09,-0.09,-0.09,-0.09,-0.09,-0.09,-0.09,-0.09,-0.09,-0.09,-0.09,-0.09,-0.09,-0.09,-0.09,-0.09,-0.09,-0.09,-0.09,-0.09,-0.09,-0.09,0.0,0.0,0.0,0.0,0.0,0.0,-0.09,0.0,0.0,0.0,0.0,0.0,0.0,0.0,0.0,0.0,0.0,-0.09,0.0,15.0,13.6,14.1,13.5,15.0,16.1,16.4,16.6,488.0,456.0,480.0,440.0,512.0,536.0,560.0,568.0,0.0,57.0,91.0,7.0,0.0,,,,,,268.41,1.17,,,,,,,,,,,,,,,,,,,,,,,,,,,,,,,,,,,,,,,,,,,,,,,,,,,,,,,,,,,,,9.999e+20,170.0,2.4,210.0,4.1,,,0.0,,,2.0,0.078,2578.0,17.0,32.0,40.0,62.0,1360.0,170.0,170.0,170.0,0.0,269.9,,,,,,,,,,,,,,,,,,,,,,,,,,,,,2.4,0.4,0.8,1.2,1.2,1.2,1.2,1.6,1.6,2.0,0.8,2.0,2.0,2.4,2.8,2.8,2.8,3.2,3.6,3.6,4.4,5.6,2.4,1.2,0.0,0.0,0.0,0.0,13.0,0.0,2.0,0.0,2.4,2.8,0.0
2026031303,,,,,,,,,,,,,,,,,,,,,,,,,,,,,,,,,0.508,64.0,,,,,,,,,,,,,,,,,,,,,,,,,,,,,,,,,,,,,,,,,,,,,,,,,,,,,,,,,,,,,,,,,,,,,,,,,,,,,,,,,,,,,,,,,,,,,,,,,,,,,,,,,,,,,,,,,,,,,,,,,,,,,,,,,265.32,0.008,0.005,0.005,0.003,0.005,0.008,0.01,0.01,88.0,35.0,5.0,0.0,0.0,0.0,0.0,0.0,0.0,0.0,,,,,,,,,,,,,,,,,,,,,,,,,,,,,,,,,,,,,,,,,,,,,,,,,,,,,,,,,,,,,,,,,,,,,,,,,0.0,3.0,7620.0,457.0,6802.0,232.0,456.0,0.0,99.0,8.0,55.0,78.0,14.0,15.0,13.0,16.0,18.0,20.0,20.0,0.0,0.0,0.0,0.0,0.0,16.1,0.0,267.14,1.05,,7.0,1.0,0.0,,,,,,,,,,,,,,,,,,,,,,,,,,,,,,,,,,,,,,,,,,,,,,,,,,,,,9.999e+20,,,,,,,,,,,,,,,,,,,,,,,,,,,,,3.4,0.8,1.6,2.0,2.0,2.0,2.4,2.48688,2.95535,3.0282,1.2,3.11356,3.24529,3.73069,3.79099,3.89475,4.38192,4.4789,5.00296,5.6695,6.16073,7.38941,3.35022,1.52,0.0,0.0,0.0,0.0,0.0,0.0,0.0,0.0,,9.999e+20,9.999e+20,9.999e+20,9.999e+20,9.999e+20,0.27,0.46,0.5,0.0,0.52,0.53,0.54,0.48,0.36,0.34,0.33,0.33,0.33,0.32,0.0,0.32,0.32,0.32,0.32,0.32,0.32,0.32,0.31,0.31,0.31,0.12,0.3,0.29,0.28,0.27,0.26,0.25,0.24,0.23,0.21,0.18,0.4,0.1,0.02,0.0,0.0,0.0,0.0,0.0,0.0,0.0,0.0,0.23,0.0,0.0,0.0,0.0,0.0,0.0,0.0,0.0,0.0,0.0,0.17,0.0,4.0,1.0,1.0,0.0,1.0,2.0,2.0,2.0,2.0,2.0,2.0,2.0,2.0,2.0,0.0,2.0,2.0,2.0,2.0,2.0,2.0,2.0,2.0,2.0,2.0,4.0,2.0,2.0,2.0,2.0,2.0,2.0,2.0,2.0,2.0,1.0,4.0,4.0,4.0,0.0,0.0,0.0,0.0,0.0,0.0,0.0,0.0,4.0,0.0,0.0,0.0,0.0,0.0,0.0,0.0,0.0,0.0,0.0,4.0,0.0,18.0,,,0.0,,0.0,0.0,78.0,0.0,3529.2,91.0,-0.09,-0.09,-0.09,0.0,-0.09,-0.09,-0.09,-0.09,-0.09,-0.09,-0.09,-0.09,-0.09,-0.09,0.0,-0.09,-0.09,-0.09,-0.09,-0.09,-0.09,-0.09,-0.09,-0.09,-0.09,-0.09,-0.09,-0.09,-0.09,-0.09,-0.09,-0.09,-0.09,-0.09,-0.09,-0.09,-0.09,-0.09,-0.09,0.0,0.0,0.0,0.0,0.0,0.0,0.0,0.0,-0.09,0.0,0.0,0.0,0.0,0.0,0.0,0.0,0.0,0.0,0.0,-0.09,0.0012,14.8,13.4,13.8,13.2,14.7,15.8,16.3,16.7,480.0,448.0,472.0,416.0,504.0,528.0,568.0,576.0,0.0,57.0,90.0,8.0,0.0,,,,,,268.11,1.05,,,,,,,,,,,,,,,,,,,,,,,,,,,,,,,,,,,,,,,,,,,,,,,,,,,,,,,,,,,,,9.999e+20,200.0,2.0,210.0,2.8,,,0.0,,,2.0,0.093,2578.0,13.0,29.0,38.0,60.0,508.0,200.0,200.0,200.0,0.0,269.6,,,,,,,,,,,,,,,,,,,,,,,,,,,,,2.0,0.4,0.8,0.8,0.8,1.2,1.2,1.2,1.2,1.6,0.4,1.6,1.6,2.0,2.0,2.4,2.8,2.8,3.2,3.6,4.0,5.2,2.0,1.12,0.0,0.0,0.0,0.0,10.0,0.0,0.0,0.0,2.0,2.4,0.0
2026031304,,,,,,,,,,,,,,,,,,,,,,,,,,,,,,,,,0.508,71.0,,,,,,,,,,,,,,,,,,,,,,,,,,,,,,,,,,,,,,,,,,,,,,,,,,,,,,,,,,,,,,,,,,,,,,,,,,,,,,,,,,,,,,,,,,,,,,,,,,,,,,,,,,,,,,,,,,,,,,,,,,,,,,,,,265.47,0.008,0.005,0.005,0.003,0.008,0.008,0.01,0.013,88.0,60.0,6.0,1.0,0.0,0.0,0.0,0.0,0.0,0.0,,,,,,,,,,,,,,,,,,,,,,,,,,,,,,,,,,,,,,,,,,,,,,,,,,,,,,,,,,,,,,,,,,,,,,,,,0.0,2.0,7620.0,673.0,7308.0,232.0,672.0,0.0,91.0,3.0,34.0,58.0,14.0,14.0,13.0,16.0,18.0,19.0,20.0,0.0,0.0,0.0,0.0,0.0,16.0,0.0,267.45,0.97,,5.0,1.0,0.0,,,,,,,,,,,,,,,,,,,,,,,,,,,,,,,,,,,,,,,,,,,,,,,,,,,,,,,,,,,,,,,,,,,,,,,,,,,,,,,,,,3.1,0.8,1.2,1.6,1.6,2.0,2.4,2.4,2.8,2.8,1.2,2.8,2.8,2.97225,3.48798,3.5891,3.69099,4.16028,4.68046,4.87088,5.86823,6.71673,3.13129,1.42,0.0,0.0,0.0,0.0,0.0,0.0,0.0,0.0,,,,,,,0.47,0.5,0.52,0.0,0.52,0.52,0.52,0.47,0.35,0.41,0.49,0.52,0.52,0.52,0.0,0.52,0.52,0.52,0.51,0.51,0.51,0.51,0.5,0.5,0.5,0.11,0.5,0.49,0.44,0.34,0.25,0.24,0.24,0.22,0.21,0.17,0.43,0.1,0.03,0.0,0.0,0.0,0.0,0.0,0.0,0.0,0.0,0.43,0.0,0.0,0.0,0.0,0.0,0.0,0.0,0.0,0.0,0.0,0.44,0.0,1.0,1.0,2.0,0.0,2.0,2.0,2.0,2.0,2.0,2.0,2.0,2.0,5.0,5.0,0.0,5.0,5.0,5.0,5.0,5.0,5.0,5.0,5.0,5.0,5.0,4.0,5.0,5.0,2.0,2.0,2.0,2.0,2.0,2.0,2.0,2.0,1.0,1.0,4.0,0.0,0.0,0.0,0.0,0.0,0.0,0.0,0.0,1.0,0.0,0.0,0.0,0.0,0.0,0.0,0.0,0.0,0.0,0.0,1.0,0.0,16.8,,,0.0,,0.0,0.0,90.0,0.0,4348.0,93.0,-0.09,-0.09,-0.09,0.0,-0.09,-0.09,-0.09,-0.09,-0.09,-0.09,-0.09,-0.09,-0.09,-0.09,0.0,-0.09,-0.09,-0.09,-0.09,-0.09,-0.09,-0.09,-0.09,-0.09,-0.09,-0.09,-0.09,-0.09,-0.09,-0.09,-0.09,-0.09,-0.09,-0.09,-0.09,-0.09,-0.09,-0.09,-0.09,0.0,0.0,0.0,0.0,0.0,0.0,0.0,0.0,-0.09,0.0,0.0,0.0,0.0,0.0,0.0,0.0,0.0,0.0,0.0,-0.09,0.0012,14.5,13.2,13.5,13.0,14.4,15.5,16.1,16.5,488.0,440.0,472.0,400.0,504.0,544.0,568.0,584.0,0.0,57.0,90.0,8.0,0.0,,,,,,268.33,1.17,,,,,,,,,,,,,,,,,,,,,,,,,,,,,,,,,,,,,,,,,,,,,,,,,,,,,,,,,,,,,9.999e+20,170.0,1.6,240.0,2.5,,,0.0,,,3.0,0.1,1810.0,15.0,32.0,42.0,66.0,462.0,170.0,170.0,170.0,0.0,269.6,,,,,,,,,,,,,,,,,,,,,,,,,,,,,1.6,0.0,0.4,0.8,0.8,0.8,0.8,1.2,1.2,1.2,0.4,1.6,1.6,2.0,2.0,2.0,2.4,2.4,2.8,3.2,4.0,4.8,1.60465,1.12,0.0,0.0,0.0,0.0,8.0,0.0,0.0,0.0,2.0,2.0,0.0
2026031305,,,,,,,,,,,,,,,,,,,,,,,,,,,,,,,,,0.762,75.0,,,,,,,,,,,,,,,,,,,,,,,,,,,,,,,,,,,,,,,,,,,,,,,,,,,,,,,,,,,,,,,,,,,,,,,,,,,,,,,,,,,,,,,,,,,,,,,,,,,,,,,,,,,,,,,,,,,,,,,,,,,,,,,,,265.83,0.01,0.005,0.008,0.005,0.01,0.01,0.01,0.013,88.0,73.0,7.0,0.0,0.0,0.0,0.0,0.0,0.0,0.0,,,,,,,,,,,,,,,,,,,,,,,,,,,,,,,,,,,,,,,,,,,,,,,,,,,,,,,,,,,,,,,,,,,,,,,,,0.0,1.0,7620.0,825.0,7318.0,224.0,824.0,0.0,79.0,0.0,18.0,42.0,14.0,14.0,13.0,16.0,18.0,19.0,19.0,0.0,0.0,0.0,0.0,0.0,16.2,0.0,267.61,0.88,,4.0,1.0,0.0,,,,,,,,,,,,,,,,,,,,,,,,,,,,,,,,,,,,,,,,,,,,,,,,,,,,,,,,,,,,,,,,,,,,,,,,,,,,,,,,,,3.0,0.4,1.2,1.2,1.6,2.0,2.0,2.0,2.4,2.8,0.8,2.8,2.8,3.2,3.2,3.21077,3.40672,3.90749,4.48312,4.62857,5.74584,6.16686,3.01275,1.42,0.0,0.0,0.0,0.0,0.0,0.0,0.0,0.0,,,,,,,0.13,0.14,0.15,0.0,0.15,0.15,0.15,0.15,0.15,0.15,0.16,0.17,0.18,0.19,0.0,0.19,0.2,0.19,0.19,0.19,0.19,0.18,0.18,0.19,0.19,0.02,0.21,0.22,0.22,0.22,0.21,0.21,0.2,0.2,0.19,0.18,0.09,0.18,0.18,0.13,0.07,0.0,0.0,0.0,0.0,0.0,0.0,0.1,0.0,0.0,0.0,0.0,0.0,0.0,0.0,0.0,0.0,0.0,0.11,0.0,1.0,1.0,1.0,0.0,1.0,1.0,1.0,1.0,2.0,2.0,2.0,2.0,2.0,2.0,0.0,2.0,2.0,2.0,2.0,2.0,2.0,2.0,2.0,2.0,2.0,4.0,2.0,2.0,2.0,2.0,2.0,2.0,2.0,2.0,2.0,2.0,4.0,2.0,2.0,1.0,4.0,4.0,0.0,0.0,0.0,0.0,0.0,4.0,0.0,0.0,0.0,0.0,0.0,0.0,0.0,0.0,0.0,0.0,4.0,0.0,15.6,,,0.0,,0.0,0.0,90.0,0.0,3730.0,92.0,-0.09,-0.09,-0.09,0.0,-0.09,-0.09,-0.09,-0.09,-0.09,-0.09,-0.09,-0.09,-0.09,-0.09,0.0,-0.09,-0.09,-0.09,-0.09,-0.09,-0.09,-0.09,-0.09,-0.09,-0.09,-0.09,-0.09,-0.09,-0.09,-0.09,-0.09,-0.09,-0.09,-0.09,-0.09,-0.09,-0.09,-0.09,-0.09,-0.09,-0.09,0.0,0.0,0.0,0.0,0.0,0.0,-0.09,0.0,0.0,0.0,0.0,0.0,0.0,0.0,0.0,0.0,0.0,-0.09,0.0012,14.2,12.9,13.1,12.7,13.9,15.3,15.8,16.2,504.0,424.0,472.0,400.0,504.0,544.0,576.0,592.0,0.0,57.0,91.0,9.0,0.0,,,,,,268.58,1.01,,,,,,,,,,,,,,,,,,,,,,,,,,,,,,,,,,,,,,,,,,,,,,,,,,,,,,,,,,,,,9.999e+20,190.0,1.6,240.0,2.0,,,0.0,,,3.0,0.098,1810.0,15.0,32.0,43.0,69.0,355.0,190.0,190.0,190.0,0.0,270.1,,,,,,,,,,,,,,,,,,,,,,,,,,,,,1.6,0.0,0.4,0.4,0.8,0.8,0.8,1.2,1.2,1.2,0.4,1.6,1.6,1.6,2.0,2.0,2.0,2.4,2.8,3.2,3.6,4.8,1.60237,1.12,0.0,0.0,0.0,0.0,6.0,0.0,0.0,0.0,2.0,2.0,0.0
2026031306,7.336,1.842,3.664,4.185,4.555,4.85,5.108,5.315,5.591,5.867,2.959,6.159,6.407,6.736,7.106,7.645,8.525,9.466,10.886,12.803,16.216,22.528,,0.0,10.0,0.0,3.0,97.0,0.0,0.0,46.0,0.0,0.762,78.0,,,,,,,,,,,,,,,,,,,,,,,,,,,,,,,,,,,,,,,,,,,,,,,,,,,,,,,,,,,,,,,,,,0.752,1.938,2.287,2.549,2.751,2.944,3.116,3.314,3.505,1.502,3.709,3.932,4.126,4.349,4.731,5.254,6.031,6.861,8.04,10.299,13.205,,1.0,0.0,81.0,0.0,0.0,0.0,18.0,0.0,0.0,,,,,,,,,,,,,,,,,,,,,,,,,,,,,,,,,266.34,0.008,0.005,0.005,0.005,0.005,0.008,0.01,0.013,89.0,41.0,5.0,0.0,0.0,0.0,0.0,0.0,0.0,0.0,,,,,,,,,,,,,,,,,,,,,,,,,,,,,,,,,,,,,,,,,,,,,,,,,,,,,,,,,,,,,,,,,,,,,,,,,0.0,1.0,8252.0,673.0,7316.0,240.0,672.0,0.0,82.0,4.0,26.0,52.0,13.0,14.0,13.0,15.0,18.0,19.0,19.0,0.0,0.0,0.0,0.0,0.0,15.9,0.0,267.2,1.01,0.0,3.0,1.0,0.0,,,,,,,,,,,,,,,,,,,,,,,,,,,,,,,,,,,,,,,,,,,,,,,,,,,,,9.999e+20,,,,,,,,,,,,,,,,,,,,,,,,,,,,,3.0,0.4,0.8,1.2,1.6,2.0,2.0,2.4,2.4,2.4,0.8,2.8,2.8,2.8,3.2,3.2,3.6,4.0,4.16738,4.46345,5.63805,6.57646,2.95825,1.4,0.0,0.0,0.0,0.0,0.0,0.0,0.0,0.0,,9.999e+20,9.999e+20,9.999e+20,9.999e+20,9.999e+20,0.14,0.19,0.22,0.0,0.24,0.24,0.24,0.24,0.24,0.24,0.25,0.25,0.26,0.26,0.0,0.26,0.26,0.26,0.26,0.25,0.25,0.25,0.25,0.24,0.24,0.03,0.23,0.23,0.22,0.22,0.21,0.21,0.2,0.19,0.18,0.18,0.09,0.17,0.16,0.12,0.06,0.0,0.0,0.0,0.0,0.0,0.0,0.1,0.0,0.0,0.0,0.0,0.0,0.0,0.0,0.0,0.0,0.0,0.11,0.0,1.0,1.0,1.0,0.0,2.0,2.0,2.0,2.0,2.0,2.0,2.0,2.0,2.0,5.0,0.0,5.0,5.0,5.0,5.0,5.0,5.0,5.0,5.0,5.0,5.0,4.0,5.0,2.0,2.0,2.0,2.0,2.0,2.0,2.0,2.0,2.0,4.0,2.0,2.0,1.0,4.0,0.0,0.0,0.0,0.0,0.0,0.0,4.0,0.0,0.0,0.0,0.0,0.0,0.0,0.0,0.0,0.0,0.0,4.0,0.0,14.0,,,0.0,,0.0,0.0,90.0,0.0,3793.2,90.0,-0.09,-0.09,-0.09,0.0,-0.09,-0.09,-0.09,-0.09,-0.09,-0.09,-0.09,-0.09,-0.09,-0.09,0.0,-0.09,-0.09,-0.09,-0.09,-0.09,-0.09,-0.09,-0.09,-0.09,-0.09,-0.09,-0.09,-0.09,-0.09,-0.09,-0.09,-0.09,-0.09,-0.09,-0.09,-0.09,-0.09,-0.09,-0.09,-0.09,-0.09,0.0,0.0,0.0,0.0,0.0,0.0,-0.09,0.0,0.0,0.0,0.0,0.0,0.0,0.0,0.0,0.0,0.0,-0.09,0.0012,13.7,12.5,12.8,12.4,13.4,15.0,15.6,16.0,528.0,424.0,464.0,392.0,504.0,544.0,584.0,592.0,15.0,57.0,89.0,9.0,0.0,,,,,,268.84,1.01,,,,,,,,,,,,,,,,,,,,,,,,,,,,,,,,,,,,,,,,,,,,,,,,,,,,,,,,,,,,,9.999e+20,220.0,1.6,220.0,2.1,,,0.0,1.0,,3.0,0.092,2578.0,11.0,28.0,40.0,68.0,383.0,220.0,220.0,220.0,0.0,270.2,,,,,,,,,,,,,,,,,,,,,,,,,,,,,1.6,0.0,0.4,0.4,0.8,0.8,0.8,1.2,1.2,1.2,0.0,1.6,1.6,1.6,1.6,2.0,2.0,2.4,2.8,3.2,3.6,4.8,1.6,1.12,0.0,0.0,0.0,0.0,6.0,0.0,0.0,0.0,2.0,2.0,0.0
2026031307,,,,,,,,,,,,,,,,,,,,,,,,,,,,,,,,,0.508,71.0,,,,,,,,,,,,,,,,,,,,,,,,,,,,,,,,,,,,,,,,,,,,,,,,,,,,,,,,,,,,,,,,,,,,,,,,,,,,,,,,,,,,,,,,,,,,,,,,,,,,,,,,,,,,,,,,,,,,,,,,,,,,,,,,,266.67,0.008,0.005,0.005,0.003,0.005,0.008,0.01,0.013,89.0,39.0,6.0,1.0,0.0,0.0,0.0,0.0,0.0,0.0,,,,,,,,,,,,,,,,,,,,,,,,,,,,,,,,,,,,,,,,,,,,,,,,,,,,,,,,,,,,,,,,,,,,,,,,,0.0,1.0,9116.0,825.0,13717.0,232.0,824.0,0.0,85.0,0.0,21.0,47.0,13.0,14.0,13.0,15.0,16.0,18.0,18.0,0.0,0.0,0.0,0.0,0.0,15.5,0.0,267.58,0.99,,0.0,0.0,0.0,,,,,,,,,,,,,,,,,,,,,,,,,,,,,,,,,,,,,,,,,,,,,,,,,,,,,,,,,,,,,,,,,,,,,,,,,,,,,,,,,,2.5,0.4,0.8,1.2,1.6,1.6,2.0,2.0,2.0,2.4,0.4,2.4,2.4,2.8,2.8,3.2,3.2,3.6,4.0,4.1039,5.20863,6.30321,2.49582,1.4,0.0,0.0,0.0,0.0,0.0,0.0,0.0,0.0,,,,,,,0.14,0.16,0.18,0.0,0.2,0.21,0.21,0.22,0.23,0.29,0.41,0.44,0.45,0.44,0.0,0.44,0.44,0.44,0.44,0.44,0.44,0.44,0.43,0.43,0.43,0.13,0.43,0.42,0.42,0.42,0.41,0.41,0.41,0.34,0.23,0.17,0.3,0.17,0.16,0.11,0.06,0.0,0.0,0.0,0.0,0.0,0.0,0.16,0.0,0.0,0.0,0.0,0.0,0.0,0.0,0.0,0.0,0.0,0.12,0.0,4.0,4.0,1.0,0.0,1.0,1.0,1.0,2.0,2.0,2.0,2.0,2.0,2.0,5.0,0.0,5.0,5.0,5.0,5.0,5.0,5.0,5.0,5.0,5.0,5.0,4.0,5.0,5.0,2.0,2.0,2.0,2.0,2.0,2.0,2.0,2.0,4.0,2.0,2.0,1.0,4.0,0.0,0.0,0.0,0.0,0.0,0.0,4.0,0.0,0.0,0.0,0.0,0.0,0.0,0.0,0.0,0.0,0.0,4.0,0.0,18.0,,,0.0,,0.0,0.0,78.0,0.0,3829.2,91.0,-0.09,-0.09,-0.09,0.0,-0.09,-0.09,-0.09,-0.09,-0.09,-0.09,-0.09,-0.09,-0.09,-0.09,0.0,-0.09,-0.09,-0.09,-0.09,-0.09,-0.09,-0.09,-0.09,-0.09,-0.09,-0.09,-0.09,-0.09,-0.09,-0.09,-0.09,-0.09,-0.09,-0.09,-0.09,-0.09,-0.09,-0.09,-0.09,-0.09,-0.09,0.0,0.0,0.0,0.0,0.0,0.0,-0.09,0.0,0.0,0.0,0.0,0.0,0.0,0.0,0.0,0.0,0.0,-0.09,0.0012,13.2,12.4,12.7,12.2,13.2,14.7,15.2,15.7,544.0,424.0,480.0,408.0,512.0,552.0,584.0,600.0,48.0,57.0,88.0,9.0,0.0,,,,,,268.77,0.98,,,,,,,,,,,,,,,,,,,,,,,,,,,,,,,,,,,,,,,,,,,,,,,,,,,,,,,,,,,,,9.999e+20,220.0,1.6,240.0,2.1,,,0.0,,,3.0,0.097,2578.0,13.0,29.0,40.0,68.0,311.0,220.0,220.0,220.0,0.0,270.2,,,,,,,,,,,,,,,,,,,,,,,,,,,,,1.6,0.0,0.4,0.4,0.8,0.8,0.8,1.2,1.2,1.2,0.0,1.2,1.6,1.6,1.6,1.6,2.0,2.0,2.4,2.8,3.6,4.4,1.6,1.0,0.0,0.0,0.0,0.0,4.0,0.0,0.0,0.0,1.6,2.0,0.0
2026031308,,,,,,,,,,,,,,,,,,,,,,,,,,,,,,,,,0.762,73.0,,,,,,,,,,,,,,,,,,,,,,,,,,,,,,,,,,,,,,,,,,,,,,,,,,,,,,,,,,,,,,,,,,,,,,,,,,,,,,,,,,,,,,,,,,,,,,,,,,,,,,,,,,,,,,,,,,,,,,,,,,,,,,,,,266.88,0.01,0.003,0.005,0.003,0.005,0.01,0.013,0.013,90.0,38.0,11.0,2.0,0.0,0.0,0.0,0.0,0.0,0.0,,,,,,,,,,,,,,,,,,,,,,,,,,,,,,,,,,,,,,,,,,,,,,,,,,,,,,,,,,,,,,,,,,,,,,,,,0.0,1.0,9112.0,821.0,13717.0,336.0,822.0,0.0,89.0,0.0,14.0,41.0,12.0,14.0,12.0,15.0,16.0,18.0,18.0,0.0,0.0,0.0,0.0,0.0,15.4,0.0,267.58,1.16,,0.0,1.0,0.0,,,,,,,,,,,,,,,,,,,,,,,,,,,,,,,,,,,,,,,,,,,,,,,,,,,,,,,,,,,,,,,,,,,,,,,,,,,,,,,,,,2.5,0.4,0.8,1.2,1.6,1.6,2.0,2.0,2.0,2.4,0.4,2.4,2.4,2.4,2.8,2.8,3.2,3.6,3.6,4.05987,4.78214,7.38707,2.48517,1.3,0.0,0.0,0.0,0.0,0.0,0.0,0.0,0.0,,,,,,,0.15,0.19,0.21,0.0,0.23,0.24,0.24,0.25,0.36,0.42,0.42,0.42,0.42,0.42,0.0,0.42,0.42,0.42,0.42,0.42,0.42,0.41,0.41,0.41,0.41,0.03,0.41,0.4,0.4,0.4,0.39,0.39,0.38,0.38,0.37,0.33,0.09,0.25,0.17,0.11,0.05,0.0,0.0,0.0,0.0,0.0,0.0,0.1,0.0,0.0,0.0,0.0,0.0,0.0,0.0,0.0,0.0,0.0,0.12,0.0,4.0,1.0,1.0,0.0,1.0,1.0,2.0,2.0,2.0,2.0,2.0,2.0,2.0,2.0,0.0,2.0,2.0,5.0,5.0,5.0,5.0,5.0,5.0,5.0,2.0,4.0,2.0,2.0,2.0,2.0,2.0,2.0,2.0,2.0,2.0,2.0,4.0,2.0,1.0,1.0,4.0,0.0,0.0,0.0,0.0,0.0,0.0,4.0,0.0,0.0,0.0,0.0,0.0,0.0,0.0,0.0,0.0,0.0,4.0,0.0,19.6,,,0.0,,0.0,0.0,78.0,0.0,3982.0,91.0,-0.09,-0.09,-0.09,0.0,-0.09,-0.09,-0.09,-0.09,-0.09,-0.09,-0.09,-0.09,-0.09,-0.09,0.0,-0.09,-0.09,-0.09,-0.09,-0.09,-0.09,-0.09,-0.09,-0.09,-0.09,-0.09,-0.09,-0.09,-0.09,-0.09,-0.09,-0.09,-0.09,-0.09,-0.09,-0.09,-0.09,-0.09,-0.09,-0.09,-0.09,0.0,0.0,0.0,0.0,0.0,0.0,-0.09,0.0,0.0,0.0,0.0,0.0,0.0,0.0,0.0,0.0,0.0012,-0.09,0.0012,13.3,12.3,12.5,12.1,13.0,14.3,15.0,15.4,552.0,432.0,480.0,408.0,520.0,560.0,600.0,616.0,41.0,57.0,89.0,9.0,0.0,,,,,,268.83,1.17,,,,,,,,,,,,,,,,,,,,,,,,,,,,,,,,,,,,,,,,,,,,,,,,,,,,,,,,,,,,,9.999e+20,250.0,1.6,260.0,2.1,,,0.0,,,3.0,0.104,1745.0,16.0,32.0,43.0,68.0,313.0,250.0,250.0,250.0,0.0,269.9,,,,,,,,,,,,,,,,,,,,,,,,,,,,,1.6,0.0,0.4,0.4,0.8,0.8,0.8,0.8,1.2,1.2,0.4,1.2,1.2,1.6,1.6,1.6,2.0,2.0,2.4,2.4,3.2,5.2,1.6,1.0,0.0,0.0,0.0,0.0,3.0,0.0,1.0,0.0,1.6,2.0,0.0
2026031309,,,,,,,,,,,,,,,,,,,,,,,,,,,,,,,,,0.762,79.0,,,,,,,,,,,,,,,,,,,,,,,,,,,,,,,,,,,,,,,,,,,,,,,,,,,,,,,,,,,,,,,,,,,,,,,,,,,,,,,,,,,,,,,,,,,,,,,,,,,,,,,,,,,,,,,,,,,,,,,,,,,,,,,,,266.86,0.008,0.003,0.005,0.003,0.005,0.01,0.013,0.013,90.0,38.0,14.0,1.0,0.0,0.0,0.0,0.0,0.0,0.0,,,,,,,,,,,,,,,,,,,,,,,,,,,,,,,,,,,,,,,,,,,,,,,,,,,,,,,,,,,,,,,,,,,,,,,,,0.0,0.0,7620.0,821.0,13717.0,304.0,822.0,0.0,93.0,0.0,17.0,44.0,12.0,15.0,11.0,15.0,16.0,17.0,18.0,0.0,0.0,0.0,0.0,0.0,15.4,0.0,267.8,1.26,0.0,0.0,1.0,0.0,,,,,,,,,,,,,,,,,,,,,,,,,,,,,,,,,,,,,,,,,,,,,,,,,,,,,9.999e+20,,,,,,,,,,,,,,,,,,,,,,,,,,,,,2.6,0.4,1.2,1.2,1.6,1.6,1.6,2.0,2.0,2.0,0.8,2.4,2.4,2.4,2.8,2.80389,3.27851,3.36928,3.45618,4.05403,4.78366,7.17895,2.56678,1.3,0.0,0.0,0.0,0.0,0.0,0.0,0.0,1.0,,9.999e+20,9.999e+20,9.999e+20,9.999e+20,9.999e+20,0.13,0.15,0.28,0.0,0.37,0.37,0.38,0.38,0.39,0.39,0.4,0.4,0.41,0.41,0.0,0.41,0.4,0.4,0.4,0.4,0.4,0.4,0.4,0.39,0.39,0.03,0.39,0.38,0.38,0.38,0.37,0.37,0.36,0.3,0.21,0.16,0.08,0.15,0.14,0.1,0.05,0.0,0.0,0.0,0.0,0.0,0.0,0.09,0.0,0.0,0.0,0.0,0.0,0.0,0.0,0.0,0.0,0.0,0.11,0.0,4.0,4.0,4.0,0.0,1.0,1.0,1.0,2.0,2.0,2.0,2.0,2.0,2.0,2.0,0.0,2.0,2.0,2.0,2.0,2.0,2.0,2.0,2.0,2.0,2.0,4.0,2.0,2.0,2.0,2.0,2.0,2.0,2.0,2.0,2.0,2.0,4.0,2.0,1.0,1.0,4.0,0.0,0.0,0.0,0.0,0.0,0.0,4.0,0.0,0.0,0.0,0.0,0.0,0.0,0.0,0.0,0.0,0.0,4.0,0.0,21.2,,,0.0,,0.0,0.0,78.0,0.0,3760.0,91.0,-0.09,-0.09,-0.09,0.0,-0.09,-0.09,-0.09,-0.09,-0.09,-0.09,-0.09,-0.09,-0.09,-0.09,0.0,-0.09,-0.09,-0.09,-0.09,-0.09,-0.09,-0.09,-0.09,-0.09,-0.09,-0.09,-0.09,-0.09,-0.09,-0.09,-0.09,-0.09,-0.09,-0.09,-0.09,-0.09,-0.09,-0.09,-0.09,-0.09,-0.09,0.0,0.0,0.0,0.0,0.0,0.0,-0.09,0.0,0.0,0.0,0.0,0.0,0.0,0.0,0.0,0.0,0.0012,-0.09,0.0012,13.2,12.1,12.4,11.7,12.8,13.9,14.7,15.2,560.0,432.0,488.0,408.0,528.0,568.0,608.0,632.0,0.0,57.0,88.0,9.0,0.0,,,,,,269.12,1.27,,,,,,,,,,,,,,,,,,,,,,,,,,,,,,,,,,,,,,,,,,,,,,,,,,,,,,,,,,,,,9.999e+20,270.0,1.6,260.0,2.4,,,0.0,1.0,,3.0,0.117,1745.0,16.0,31.0,42.0,66.0,303.0,270.0,270.0,270.0,0.0,269.9,,,,,,,,,,,,,,,,,,,,,,,,,,,,,1.6,0.0,0.4,0.4,0.8,0.8,0.8,0.8,1.2,1.2,0.4,1.2,1.2,1.2,1.6,1.6,2.0,2.0,2.4,2.4,3.2,5.2,1.6003,1.0,0.0,0.0,0.0,0.0,3.0,0.0,1.0,0.0,1.6,2.0,0.0
2026031310,,,,,,,,,,,,,,,,,,,,,,,,,,,,,,,,,0.762,76.0,,,,,,,,,,,,,,,,,,,,,,,,,,,,,,,,,,,,,,,,,,,,,,,,,,,,,,,,,,,,,,,,,,,,,,,,,,,,,,,,,,,,,,,,,,,,,,,,,,,,,,,,,,,,,,,,,,,,,,,,,,,,,,,,,266.57,0.01,0.003,0.005,0.003,0.005,0.01,0.013,0.013,90.0,38.0,12.0,1.0,0.0,0.0,0.0,0.0,0.0,0.0,,,,,,,,,,,,,,,,,,,,,,,,,,,,,,,,,,,,,,,,,,,,,,,,,,,,,,,,,,,,,,,,,,,,,,,,,0.0,0.0,9920.0,334.0,13716.0,184.0,334.0,3.0,94.0,27.0,59.0,74.0,12.0,14.0,11.0,15.0,16.0,17.0,17.0,0.0,0.0,0.0,0.0,0.0,15.2,0.0,267.88,1.55,,0.0,1.0,0.0,,,,,,,,,,,,,,,,,,,,,,,,,,,,,,,,,,,,,,,,,,,,,,,,,,,,,,,,,,,,,,,,,,,,,,,,,,,,,,,,,,2.2,0.4,1.2,1.2,1.6,1.6,1.6,2.0,2.0,2.0,0.4,2.0,2.4,2.50974,2.52045,2.95191,3.01726,3.47516,3.59012,4.10491,4.67054,6.62063,2.57574,1.32,0.0,0.0,0.0,0.0,0.0,0.0,0.0,0.0,,,,,,,0.08,0.09,0.11,0.0,0.12,0.12,0.13,0.2,0.33,0.33,0.34,0.35,0.35,0.35,0.0,0.35,0.35,0.35,0.35,0.35,0.35,0.35,0.35,0.34,0.34,0.09,0.34,0.34,0.34,0.34,0.34,0.33,0.33,0.28,0.19,0.14,0.23,0.14,0.13,0.1,0.05,0.0,0.0,0.0,0.0,0.0,0.0,0.09,0.0,0.0,0.0,0.0,0.0,0.0,0.0,0.0,0.0,0.0,0.06,0.0,4.0,4.0,4.0,0.0,1.0,1.0,1.0,1.0,2.0,2.0,2.0,2.0,2.0,2.0,0.0,2.0,2.0,2.0,2.0,2.0,2.0,2.0,2.0,2.0,2.0,4.0,2.0,2.0,2.0,2.0,2.0,2.0,2.0,2.0,2.0,2.0,4.0,2.0,2.0,1.0,4.0,0.0,0.0,0.0,0.0,0.0,0.0,4.0,0.0,0.0,0.0,0.0,0.0,0.0,0.0,0.0,0.0,0.0,4.0,0.0,22.4,,,0.0,,0.0,0.0,89.0,0.0,4171.2,92.0,-0.09,-0.09,-0.09,0.0,-0.09,-0.09,-0.09,-0.09,-0.09,-0.09,-0.09,-0.09,-0.09,-0.09,0.0,-0.09,-0.09,-0.09,-0.09,-0.09,-0.09,-0.09,-0.09,-0.09,-0.09,-0.09,-0.09,-0.09,-0.09,-0.09,-0.09,-0.09,-0.09,-0.09,-0.09,-0.09,-0.09,-0.09,-0.09,-0.09,-0.09,0.0,0.0,0.0,0.0,0.0,0.0,-0.09,0.0,0.0,0.0,0.0,0.0,0.0,0.0,0.0,0.0,0.0012,-0.09,0.0012,13.3,12.0,12.3,11.5,12.8,13.5,14.7,15.1,552.0,432.0,496.0,408.0,544.0,568.0,624.0,648.0,15.0,57.0,83.0,11.0,0.0,,,,,,268.89,1.55,,,,,,,,,,,,,,,,,,,,,,,,,,,,,,,,,,,,,,,,,,,,,,,,,,,,,,,,,,,,,9.999e+20,280.0,1.6,280.0,2.5,,,0.0,,,3.0,0.104,1745.0,14.0,30.0,40.0,66.0,352.0,280.0,280.0,280.0,0.0,269.9,,,,,,,,,,,,,,,,,,,,,,,,,,,,,1.6,0.0,0.4,0.8,0.8,0.8,0.8,0.8,0.8,1.2,0.4,1.2,1.2,1.2,1.2,1.6,1.6,2.0,2.0,2.4,3.2,4.8,1.2,1.0,0.0,0.0,0.0,0.0,4.0,0.0,1.0,0.0,1.6,2.0,0.0
2026031311,,,,,,,,,,,,,,,,,,,,,,,,,,,,,,,,,0.762,71.0,,,,,,,,,,,,,,,,,,,,,,,,,,,,,,,,,,,,,,,,,,,,,,,,,,,,,,,,,,,,,,,,,,,,,,,,,,,,,,,,,,,,,,,,,,,,,,,,,,,,,,,,,,,,,,,,,,,,,,,,,,,,,,,,,266.49,0.008,0.003,0.003,0.003,0.005,0.008,0.01,0.013,88.0,34.0,9.0,0.0,0.0,0.0,0.0,0.0,0.0,0.0,,,,,,,,,,,,,,,,,,,,,,,,,,,,,,,,,,,,,,,,,,,,,,,,,,,,,,,,,,,,,,,,,,,,,,,,,0.0,0.0,7620.0,246.0,577.0,136.0,246.0,10.0,99.0,38.0,69.0,83.0,12.0,14.0,11.0,15.0,16.0,17.0,17.0,0.0,0.0,0.0,0.0,0.0,15.3,0.0,267.36,1.8,,0.0,0.0,0.0,,,,,,,,,,,,,,,,,,,,,,,,,,,,,,,,,,,,,,,,,,,,,,,,,,,,,,,,,,,,,,,,,,,,,,,,,,,,,,,,,,2.2,0.4,1.2,1.2,1.6,1.6,1.6,1.6,2.0,2.0,0.8,2.0,2.4,2.4,2.8,2.824,3.27978,3.39337,3.53506,4.05973,5.03501,6.53699,2.55042,1.4,0.0,0.0,0.0,0.0,0.0,0.0,0.0,0.0,,,,,,,0.28,0.3,0.2,0.0,0.12,0.11,0.1,0.1,0.11,0.13,0.14,0.16,0.18,0.28,0.0,0.32,0.32,0.32,0.32,0.32,0.32,0.32,0.32,0.32,0.32,0.08,0.32,0.31,0.31,0.31,0.31,0.31,0.31,0.26,0.17,0.13,0.25,0.13,0.12,0.09,0.04,0.0,0.0,0.0,0.0,0.0,0.0,0.26,0.0,0.0,0.0,0.0,0.0,0.0,0.0,0.0,0.0,0.0,0.27,0.0,1.0,1.0,1.0,0.0,1.0,1.0,1.0,1.0,2.0,2.0,2.0,2.0,2.0,2.0,0.0,5.0,5.0,5.0,5.0,5.0,5.0,5.0,5.0,5.0,5.0,4.0,5.0,5.0,2.0,2.0,2.0,2.0,2.0,2.0,2.0,2.0,4.0,2.0,2.0,1.0,4.0,0.0,0.0,0.0,0.0,0.0,0.0,4.0,0.0,0.0,0.0,0.0,0.0,0.0,0.0,0.0,0.0,0.0,4.0,0.0,17.6,,,0.0,,0.0,0.0,77.0,0.0,2577.2,91.0,-0.09,-0.09,-0.09,0.0,-0.09,-0.09,-0.09,-0.09,-0.09,-0.09,-0.09,-0.09,-0.09,-0.09,0.0,-0.09,-0.09,-0.09,-0.09,-0.09,-0.09,-0.09,-0.09,-0.09,-0.09,-0.09,-0.09,-0.09,-0.09,-0.09,-0.09,-0.09,-0.09,-0.09,-0.09,-0.09,-0.09,-0.09,-0.09,-0.09,-0.09,0.0,0.0,0.0,0.0,0.0,0.0,-0.09,0.0,0.0,0.0,0.0,0.0,0.0,0.0,0.0,0.0,0.0012,-0.09,0.0012,13.5,11.9,12.3,11.3,12.7,13.3,14.7,15.3,536.0,424.0,504.0,408.0,544.0,584.0,632.0,672.0,0.0,57.0,86.0,10.0,0.0,,,,,,268.79,1.82,,,,,,,,,,,,,,,,,,,,,,,,,,,,,,,,,,,,,,,,,,,,,,,,,,,,,,,,,,,,,9.999e+20,280.0,1.6,280.0,2.4,,,0.0,,,2.0,0.068,1745.0,14.0,30.0,41.0,66.0,330.0,280.0,280.0,280.0,0.0,270.0,,,,,,,,,,,,,,,,,,,,,,,,,,,,,1.6,0.0,0.4,0.4,0.8,0.8,0.8,0.8,0.8,0.8,0.4,1.2,1.2,1.2,1.6,1.6,2.0,2.0,2.4,2.4,3.6,4.8,1.2,1.0,0.0,0.0,0.0,0.0,5.0,0.0,1.0,0.0,1.6,2.0,0.0
2026031312,8.545,1.879,3.909,4.386,4.754,5.059,5.327,5.59,5.837,6.186,3.083,6.579,7.056,7.709,8.403,9.297,10.583,12.248,14.101,16.447,20.52,26.121,,0.0,19.0,0.0,7.0,98.0,1.0,0.0,53.0,0.0,0.508,64.0,,,,,,,,,,,,,,,,,,,,,,,,,,,,,,,,,,,,,,,,,,,,,,,,,,,,,,,,,,,,,,,,,3.81,0.519,1.367,1.588,1.797,1.986,2.169,2.347,2.569,2.83,1.034,3.143,3.49,3.937,4.387,4.958,5.638,6.387,7.475,9.231,11.58,14.535,98.0,3.0,0.0,61.0,0.0,0.0,0.0,20.0,0.0,0.0,,,,,,,,,,,,,,,,,,,,,,,,,,,,,,,,,266.35,0.005,0.003,0.003,0.003,0.005,0.008,0.01,0.013,87.0,29.0,5.0,0.0,0.0,0.0,0.0,0.0,0.0,0.0,,,,,,,,,,,,,,,,,,,,,,,,,,,,,,,,,,,,,0.046,0.018,0.025,0.018,0.033,0.058,0.071,0.076,91.0,69.0,28.0,6.0,0.0,0.0,0.0,0.0,0.0,0.0,,,,,,,,,,,,,,,,,,,0.0,0.0,7620.0,334.0,13715.0,184.0,334.0,5.0,100.0,26.0,58.0,76.0,12.0,14.0,11.0,15.0,16.0,17.0,17.0,0.0,0.0,0.0,0.0,0.0,15.2,0.0,267.17,2.1,0.0,0.0,1.0,0.0,,,,,,,,,,,,,,,,,,,,,,,,,,0.0,0.0,0.0,0.0,0.0,0.0,0.0,0.0,0.0,0.0,0.0,0.0,0.0,,,,,,,,,,,,,,2.0,9.999e+20,,,,,,,,,,,,,,,,,,,,,,,,,,,,,2.5,0.4,0.8,1.2,1.2,1.6,1.6,1.6,2.0,2.0,0.8,2.0,2.4,2.4,2.81304,2.87735,3.33023,3.3844,3.886,4.34663,5.00518,6.53037,2.52441,1.4,0.0,0.0,0.0,0.0,0.0,0.0,0.0,0.0,2.0,9.999e+20,9.999e+20,9.999e+20,9.999e+20,9.999e+20,0.29,0.3,0.29,0.0,0.24,0.1,0.09,0.08,0.08,0.09,0.1,0.11,0.12,0.13,0.0,0.14,0.15,0.21,0.28,0.3,0.3,0.3,0.3,0.3,0.29,0.08,0.29,0.29,0.25,0.18,0.13,0.13,0.13,0.13,0.12,0.12,0.24,0.12,0.12,0.08,0.04,0.0,0.0,0.0,0.0,0.0,0.0,0.26,0.0,0.0,0.0,0.0,0.0,0.0,0.0,0.0,0.0,0.0,0.27,0.0,1.0,2.0,2.0,0.0,2.0,1.0,1.0,1.0,2.0,2.0,2.0,2.0,2.0,2.0,0.0,2.0,2.0,5.0,5.0,5.0,5.0,5.0,5.0,5.0,5.0,4.0,5.0,5.0,2.0,2.0,2.0,2.0,2.0,2.0,2.0,2.0,4.0,2.0,2.0,1.0,4.0,0.0,0.0,0.0,0.0,0.0,0.0,1.0,0.0,0.0,0.0,0.0,0.0,0.0,0.0,0.0,0.0,0.0,1.0,0.0,14.8,,,0.0,,0.0,0.0,77.0,0.0,1930.0,91.0,-0.09,-0.09,-0.09,0.0,-0.09,-0.09,-0.09,-0.09,-0.09,-0.09,-0.09,-0.09,-0.09,-0.09,0.0,-0.09,-0.09,-0.09,-0.09,-0.09,-0.09,-0.09,-0.09,-0.09,-0.09,-0.09,-0.09,-0.09,-0.09,-0.09,-0.09,-0.09,-0.09,-0.09,-0.09,-0.09,-0.09,-0.09,-0.09,-0.09,-0.09,0.0,0.0,0.0,0.0,0.0,0.0,-0.09,0.0,0.0,0.0,0.0,0.0,0.0,0.0,0.0,0.0,0.0012,-0.09,0.0012,13.6,11.5,12.1,10.9,12.6,13.4,14.6,15.3,520.0,424.0,496.0,376.0,552.0,600.0,656.0,672.0,0.0,57.0,87.0,10.0,0.0,,,,,,268.58,2.09,,,,,,,,,,,,,,,,,,,,,,,,,,,,,,,,,,,,,,,,,,,,,,,,,,,,,,,,,,,,,9.999e+20,280.0,1.6,280.0,2.4,,,0.0,0.0,1.0,2.0,0.052,1745.0,15.0,30.0,40.0,67.0,291.0,280.0,280.0,280.0,0.0,270.2,,,,,,,,,,,,,,,,,,,,,,,,,,,,,1.6,0.0,0.4,0.4,0.4,0.8,0.8,0.8,0.8,1.2,0.4,1.2,1.2,1.6,1.6,1.6,2.0,2.0,2.4,2.8,3.6,5.2,1.6,1.12,0.0,0.0,0.0,0.0,6.0,0.0,1.0,0.0,1.6,2.0,0.0
2026031313,,,,,,,,,,,,,,,,,,,,,,,,,,,,,,,,,0.508,52.0,,,,,,,,,,,,,,,,,,,,,,,,,,,,,,,,,,,,,,,,,,,,,,,,,,,,,,,,,,,,,,,,,,,,,,,,,,,,,,,,,,,,,,,,,,,,,,,,,,,,,,,,,,,,,,,,,,,,,,,,,,,,,,,,,266.6,0.005,0.003,0.003,0.0,0.003,0.008,0.01,0.013,84.0,27.0,5.0,0.0,0.0,0.0,0.0,0.0,0.0,0.0,,,,,,,,,,,,,,,,,,,,,,,,,,,,,,,,,,,,,,,,,,,,,,,,,,,,,,,,,,,,,,,,,,,,,,,,,0.0,0.0,7620.0,454.0,9500.0,200.0,454.0,4.0,94.0,17.0,44.0,64.0,12.0,13.0,11.0,15.0,15.0,16.0,16.0,0.0,0.0,0.0,0.0,0.0,14.6,0.0,267.33,1.87,,0.0,1.0,0.0,,,,,,,,,,,,,,,,,,,,,,,,,,,,,,,,,,,,,,,,,,,,,,,,,,,,,,,,,,,,,,,,,,,,,,,,,,,,,,,,,,2.5,0.4,1.2,1.2,1.6,1.6,1.6,2.0,2.0,2.0,0.8,2.4,2.4,2.40787,2.83337,2.87316,3.31184,3.77201,3.83222,4.28996,5.31716,6.40929,2.50411,1.32,0.0,0.0,0.0,0.0,0.0,0.0,0.0,0.0,,,,,,,0.27,0.28,0.27,0.0,0.24,0.12,0.07,0.05,0.05,0.05,0.05,0.05,0.05,0.06,0.0,0.06,0.07,0.08,0.09,0.1,0.11,0.12,0.13,0.13,0.13,0.08,0.13,0.13,0.12,0.12,0.12,0.12,0.12,0.11,0.11,0.11,0.24,0.11,0.11,0.08,0.04,0.0,0.0,0.0,0.0,0.0,0.0,0.25,0.0,0.0,0.0,0.0,0.0,0.0,0.0,0.0,0.0,0.0,0.27,0.0,2.0,2.0,2.0,0.0,2.0,2.0,1.0,1.0,1.0,1.0,1.0,2.0,2.0,2.0,0.0,2.0,2.0,2.0,2.0,2.0,2.0,2.0,2.0,2.0,2.0,4.0,2.0,2.0,2.0,2.0,2.0,2.0,2.0,2.0,2.0,2.0,1.0,2.0,2.0,1.0,4.0,0.0,0.0,0.0,0.0,0.0,0.0,1.0,0.0,0.0,0.0,0.0,0.0,0.0,0.0,0.0,0.0,0.0,2.0,0.0,12.4,,,0.0,,0.0,0.0,76.4,0.0,257.2,90.0,-0.09,-0.09,-0.09,0.0,-0.09,-0.09,-0.09,-0.09,-0.09,-0.09,-0.09,-0.09,-0.09,-0.09,0.0,-0.09,-0.09,-0.09,-0.09,-0.09,-0.09,-0.09,-0.09,-0.09,-0.09,-0.09,-0.09,-0.09,-0.09,-0.09,-0.09,-0.09,-0.09,-0.09,-0.09,-0.09,-0.09,-0.09,-0.09,-0.09,-0.09,0.0,0.0,0.0,0.0,0.0,0.0,-0.09,0.0,0.0,0.0,0.0,0.0,0.0,0.0,0.0,0.0,0.0012,-0.09,0.0012,13.7,11.4,12.2,10.7,12.7,13.4,14.7,15.5,504.0,424.0,488.0,344.0,544.0,600.0,648.0,736.0,0.0,100.0,90.0,9.0,0.0,,,,,,268.83,1.9,,,,,,,,,,,,,,,,,,,,,,,,,,,,,,,,,,,,,,,,,,,,,,,,,,,,,,,,,,,,,9.999e+20,290.0,1.6,290.0,2.4,,,0.0,,,2.0,0.049,1745.0,16.0,31.0,41.0,66.0,322.0,290.0,290.0,290.0,0.0,270.0,,,,,,,,,,,,,,,,,,,,,,,,,,,,,1.6,0.0,0.4,0.4,0.8,0.8,0.8,0.8,1.2,1.2,0.0,1.2,1.2,1.6,1.6,1.6,2.0,2.0,2.4,2.8,3.6,4.8,1.6,1.0,0.0,0.0,0.0,0.0,6.0,0.0,0.0,0.0,1.6,2.0,0.0
2026031314,,,,,,,,,,,,,,,,,,,,,,,,,,,,,,,,,0.254,47.0,,,,,,,,,,,,,,,,,,,,,,,,,,,,,,,,,,,,,,,,,,,,,,,,,,,,,,,,,,,,,,,,,,,,,,,,,,,,,,,,,,,,,,,,,,,,,,,,,,,,,,,,,,,,,,,,,,,,,,,,,,,,,,,,,266.24,0.005,0.0,0.003,0.0,0.003,0.008,0.01,0.01,79.0,27.0,4.0,0.0,0.0,0.0,0.0,0.0,0.0,0.0,,,,,,,,,,,,,,,,,,,,,,,,,,,,,,,,,,,,,,,,,,,,,,,,,,,,,,,,,,,,,,,,,,,,,,,,,0.0,1.0,7620.0,246.0,9498.0,136.0,246.0,11.0,100.0,37.0,66.0,86.0,12.0,13.0,11.0,14.0,15.0,16.0,16.0,0.0,0.0,0.0,0.0,0.0,14.3,0.0,267.37,1.7,,0.0,1.0,0.0,,,,,,,,,,,,,,,,,,,,,,,,,,,,,,,,,,,,,,,,,,,,,,,,,,,,,,,,,,,,,,,,,,,,,,,,,,,,,,,,,,2.5,0.4,0.8,1.2,1.6,1.6,1.6,2.0,2.0,2.4,0.8,2.4,2.4,2.81728,2.83045,3.24548,3.27771,3.73571,4.22013,4.72255,5.22632,5.99378,2.49766,1.4,0.0,0.0,0.0,0.0,0.0,0.0,0.0,0.0,,,,,,,0.25,0.25,0.16,0.0,0.1,0.08,0.07,0.06,0.05,0.05,0.05,0.06,0.06,0.06,0.0,0.06,0.06,0.07,0.07,0.07,0.07,0.08,0.09,0.09,0.1,0.08,0.1,0.11,0.11,0.11,0.11,0.1,0.1,0.1,0.1,0.09,0.22,0.09,0.09,0.06,0.03,0.0,0.0,0.0,0.0,0.0,0.0,0.23,0.0,0.0,0.0,0.0,0.0,0.0,0.0,0.0,0.0,0.0,0.24,0.0,1.0,2.0,1.0,0.0,1.0,1.0,1.0,1.0,1.0,1.0,1.0,1.0,1.0,1.0,0.0,2.0,2.0,2.0,2.0,2.0,2.0,2.0,2.0,2.0,2.0,4.0,2.0,2.0,2.0,2.0,2.0,2.0,2.0,2.0,2.0,2.0,1.0,2.0,2.0,1.0,4.0,0.0,0.0,0.0,0.0,0.0,0.0,1.0,0.0,0.0,0.0,0.0,0.0,0.0,0.0,0.0,0.0,0.0,1.0,0.0,12.8,,,0.0,,0.0,0.0,75.4,0.0,3389.2,92.0,-0.09,-0.09,-0.09,0.0,-0.09,-0.09,-0.09,-0.09,-0.09,-0.09,-0.09,-0.09,-0.09,-0.09,0.0,-0.09,-0.09,-0.09,-0.09,-0.09,-0.09,-0.09,-0.09,-0.09,-0.09,-0.09,-0.09,-0.09,-0.09,-0.09,-0.09,-0.09,-0.09,-0.09,-0.09,-0.09,-0.09,-0.09,-0.09,-0.09,-0.09,0.0,0.0,0.0,0.0,0.0,0.0,-0.09,0.0,0.0,0.0,0.0,0.0,0.0,0.0,0.0,0.0,0.0012,-0.09,0.0012,14.1,11.4,12.2,10.5,12.8,13.7,15.1,15.8,488.0,424.0,480.0,320.0,536.0,600.0,680.0,736.0,0.0,100.0,92.0,8.0,0.0,,,,,,268.45,1.7,,,,,,,,,,,,,,,,,,,,,,,,,,,,,,,,,,,,,,,,,,,,,,,,,,,,,,,,,,,,,9.999e+20,290.0,1.6,280.0,2.7,,,0.0,,,2.0,0.046,1745.0,15.0,32.0,43.0,66.0,344.0,290.0,290.0,290.0,0.0,270.2,,,,,,,,,,,,,,,,,,,,,,,,,,,,,1.6,0.0,0.4,0.4,0.8,0.8,0.8,1.2,1.2,1.2,0.0,1.2,1.6,1.6,1.6,2.0,2.0,2.4,2.4,2.8,3.6,5.6,1.6,1.12,0.0,0.0,0.0,0.0,5.0,0.0,1.0,0.0,1.6,2.0,0.0
2026031315,,,,,,,,,,,,,,,,,,,,,,,,,,,,,,,,,0.254,36.0,,,,,,,,,,,,,,,,,,,,,,,,,,,,,,,,,,,,,,,,,,,,,,,,,,,,,,,,,,,,,,,,,,,,,,,,,,,,,,,,,,,,,,,,,,,,,,,,,,,,,,,,,,,,,,,,,,,,,,,,,,,,,,,,,265.7,0.003,0.0,0.003,0.0,0.003,0.008,0.01,0.01,67.0,25.0,4.0,0.0,0.0,0.0,0.0,0.0,0.0,0.0,,,,,,,,,,,,,,,,,,,,,,,,,,,,,,,,,,,,,,,,,,,,,,,,,,,,,,,,,,,,,,,,,,,,,,,,,0.0,0.0,7620.0,246.0,9491.0,136.0,246.0,10.0,100.0,35.0,61.0,82.0,11.0,13.0,11.0,14.0,15.0,16.0,16.0,0.0,0.0,0.0,0.0,0.0,14.2,0.0,267.15,1.54,0.0,11.0,2.0,0.0,,,,,,,,,,,,,,,,,,,,,,,,,,,,,,,,,,,,,,,,,,,,,,,,,,,,,9.999e+20,,,,,,,,,,,,,,,,,,,,,,,,,,,,,2.9,0.4,0.8,1.2,1.6,1.6,2.0,2.0,2.4,2.4,0.4,2.4,2.8,2.8789,3.32405,3.37198,3.82455,3.86132,4.29472,4.78539,5.29586,6.77551,2.93792,1.52,0.0,0.0,0.0,0.0,0.0,0.0,0.0,1.0,,9.999e+20,9.999e+20,9.999e+20,9.999e+20,9.999e+20,0.17,0.1,0.09,0.0,0.09,0.09,0.08,0.08,0.09,0.09,0.1,0.1,0.11,0.11,0.0,0.12,0.12,0.12,0.12,0.12,0.12,0.12,0.12,0.12,0.12,0.08,0.12,0.12,0.12,0.12,0.12,0.11,0.11,0.1,0.1,0.09,0.21,0.09,0.08,0.06,0.03,0.0,0.0,0.0,0.0,0.0,0.0,0.21,0.0,0.0,0.0,0.0,0.0,0.0,0.0,0.0,0.0,0.0,0.22,0.0,4.0,4.0,4.0,0.0,4.0,4.0,1.0,1.0,1.0,1.0,1.0,1.0,2.0,2.0,0.0,2.0,2.0,2.0,2.0,2.0,2.0,2.0,2.0,2.0,2.0,4.0,2.0,2.0,2.0,2.0,2.0,2.0,2.0,2.0,2.0,2.0,4.0,1.0,1.0,1.0,4.0,0.0,0.0,0.0,0.0,0.0,0.0,4.0,0.0,0.0,0.0,0.0,0.0,0.0,0.0,0.0,0.0,0.0,4.0,0.0,11.6,,,0.0,,0.0,0.0,75.4,0.0,88888.0,92.0,-0.09,-0.09,-0.09,0.0,-0.09,-0.09,-0.09,-0.09,-0.09,-0.09,-0.09,-0.09,-0.09,-0.09,0.0,-0.09,-0.09,-0.09,-0.09,-0.09,-0.09,-0.09,-0.09,-0.09,-0.09,-0.09,-0.09,-0.09,-0.09,-0.09,-0.09,-0.09,-0.09,-0.09,-0.09,-0.09,-0.09,-0.09,-0.09,-0.09,-0.09,0.0,0.0,0.0,0.0,0.0,0.0,-0.09,0.0,0.0,0.0,0.0,0.0,0.0,0.0,0.0,0.0,0.0012,-0.09,0.0012,14.5,11.2,12.2,10.6,12.8,13.8,15.2,16.0,464.0,408.0,464.0,296.0,520.0,600.0,712.0,760.0,0.0,99.0,88.0,10.0,0.0,,,,,,268.45,1.51,,,,,,,,,,,,,,,,,,,,,,,,,,,,,,,,,,,,,,,,,,,,,,,,,,,,,,,,,,,,,9.999e+20,280.0,1.6,280.0,2.4,,,0.0,0.0,,2.0,0.016,3281.0,13.0,24.0,34.0,61.0,323.0,280.0,280.0,280.0,0.0,268.4,,,,,,,,,,,,,,,,,,,,,,,,,,,,,1.6,0.0,0.4,0.4,0.8,0.8,0.8,1.2,1.2,1.2,0.0,1.6,1.6,1.6,2.0,2.0,2.4,2.4,2.8,3.2,3.6,5.2,1.6,1.2,0.0,0.0,0.0,0.0,7.0,0.0,1.0,0.0,2.0,2.0,0.0
2026031316,,,,,,,,,,,,,,,,,,,,,,,,,,,,,,,,,0.0,25.0,,,,,,,,,,,,,,,,,,,,,,,,,,,,,,,,,,,,,,,,,,,,,,,,,,,,,,,,,,,,,,,,,,,,,,,,,,,,,,,,,,,,,,,,,,,,,,,,,,,,,,,,,,,,,,,,,,,,,,,,,,,,,,,,,265.83,0.003,0.0,0.0,0.0,0.003,0.008,0.01,0.01,65.0,22.0,3.0,0.0,0.0,0.0,0.0,0.0,0.0,0.0,,,,,,,,,,,,,,,,,,,,,,,,,,,,,,,,,,,,,,,,,,,,,,,,,,,,,,,,,,,,,,,,,,,,,,,,,0.0,2.0,7620.0,549.0,13716.0,280.0,550.0,1.0,98.0,16.0,42.0,66.0,11.0,12.0,11.0,14.0,15.0,15.0,15.0,0.0,0.0,0.0,0.0,0.0,13.6,0.0,266.9,1.41,,74.0,2.0,0.0,,,,,,,,,,,,,,,,,,,,,,,,,,,,,,,,,,,,,,,,,,,,,,,,,,,,,,,,,,,,,,,,,,,,,,,,,,,,,,,,,,3.0,0.4,1.2,1.6,2.0,2.0,2.0,2.4,2.4,2.8,0.8,2.8,3.2,3.29041,3.37184,3.41012,3.86009,4.34672,4.80406,4.90135,5.37066,7.53156,2.96854,1.52,0.0,0.0,0.0,0.0,0.0,0.0,0.0,0.0,,,,,,,0.06,0.06,0.06,0.0,0.06,0.06,0.06,0.06,0.06,0.06,0.06,0.07,0.08,0.09,0.0,0.09,0.1,0.1,0.11,0.11,0.11,0.11,0.1,0.1,0.1,0.01,0.09,0.09,0.08,0.08,0.07,0.07,0.07,0.07,0.06,0.06,0.04,0.06,0.06,0.04,0.02,0.0,0.0,0.0,0.0,0.0,0.0,0.05,0.0,0.0,0.0,0.0,0.0,0.0,0.0,0.0,0.0,0.0,0.06,0.0,4.0,4.0,4.0,0.0,4.0,4.0,4.0,4.0,4.0,1.0,1.0,1.0,1.0,1.0,0.0,2.0,2.0,2.0,2.0,2.0,2.0,2.0,2.0,2.0,2.0,4.0,2.0,2.0,2.0,2.0,2.0,2.0,1.0,1.0,1.0,1.0,4.0,1.0,1.0,1.0,4.0,0.0,0.0,0.0,0.0,0.0,0.0,4.0,0.0,0.0,0.0,0.0,0.0,0.0,0.0,0.0,0.0,0.0,4.0,0.0,9.2,,,0.0,,0.0,0.0,49.4,0.0,88888.0,88.0,-0.09,-0.09,-0.09,0.0,-0.09,-0.09,-0.09,-0.09,-0.09,-0.09,-0.09,-0.09,-0.09,-0.09,0.0,-0.09,-0.09,-0.09,-0.09,-0.09,-0.09,-0.09,-0.09,-0.09,-0.09,-0.09,-0.09,-0.09,-0.09,-0.09,-0.09,-0.09,-0.09,-0.09,-0.09,-0.09,-0.09,-0.09,-0.09,-0.09,-0.09,0.0,0.0,0.0,0.0,0.0,0.0,-0.09,0.0,0.0,0.0,0.0,0.0,0.0,0.0,0.0,0.0,0.0012,-0.09,0.0012,14.6,11.1,12.3,10.6,12.9,13.6,15.3,15.9,448.0,392.0,464.0,336.0,520.0,608.0,704.0,768.0,0.0,57.0,86.0,11.0,0.0,,,,,,268.43,1.41,,,,,,,,,,,,,,,,,,,,,,,,,,,,,,,,,,,,,,,,,,,,,,,,,,,,,,,,,,,,,9.999e+20,280.0,2.0,280.0,3.1,,,0.0,,,2.0,0.014,2641.0,14.0,25.0,35.0,63.0,1112.0,280.0,280.0,280.0,0.0,268.5,,,,,,,,,,,,,,,,,,,,,,,,,,,,,2.0,0.0,0.4,0.8,0.8,1.2,1.2,1.2,1.2,1.6,0.4,1.6,1.6,2.0,2.0,2.4,2.4,2.8,2.8,3.6,4.0,5.6,2.0,1.2,0.0,0.0,0.0,0.0,8.0,0.0,1.0,0.0,2.0,2.4,0.0
2026031317,,,,,,,,,,,,,,,,,,,,,,,,,,,,,,,,,0.0,17.0,,,,,,,,,,,,,,,,,,,,,,,,,,,,,,,,,,,,,,,,,,,,,,,,,,,,,,,,,,,,,,,,,,,,,,,,,,,,,,,,,,,,,,,,,,,,,,,,,,,,,,,,,,,,,,,,,,,,,,,,,,,,,,,,,265.4,0.0,0.0,0.0,0.0,0.003,0.005,0.008,0.01,63.0,19.0,2.0,0.0,0.0,0.0,0.0,0.0,0.0,0.0,,,,,,,,,,,,,,,,,,,,,,,,,,,,,,,,,,,,,,,,,,,,,,,,,,,,,,,,,,,,,,,,,,,,,,,,,1.0,3.0,7620.0,549.0,13716.0,408.0,550.0,0.0,98.0,13.0,41.0,67.0,11.0,12.0,11.0,13.0,14.0,15.0,15.0,0.0,0.0,0.0,0.0,0.0,13.0,0.0,266.67,1.32,,147.0,1.0,0.0,,,,,,,,,,,,,,,,,,,,,,,,,,,,,,,,,,,,,,,,,,,,,,,,,,,,,,,,,,,,,,,,,,,,,,,,,,,,,,,,,,3.6,0.8,2.0,2.0,2.4,2.4,2.8,2.8,2.8,3.21433,1.6,3.2742,3.36488,3.88252,3.98859,4.0875,4.54041,4.5822,5.03051,5.53825,6.43853,7.51052,3.57528,1.5,0.0,0.0,0.0,0.0,0.0,0.0,0.0,1.0,,,,,,,0.04,0.04,0.05,0.0,0.05,0.05,0.05,0.05,0.05,0.05,0.05,0.06,0.06,0.07,0.0,0.07,0.08,0.08,0.08,0.08,0.08,0.08,0.08,0.08,0.07,0.0,0.07,0.07,0.07,0.06,0.06,0.06,0.06,0.06,0.06,0.06,0.02,0.06,0.06,0.04,0.02,0.0,0.0,0.0,0.0,0.0,0.0,0.02,0.0,0.0,0.0,0.0,0.0,0.0,0.0,0.0,0.0,0.0,0.03,0.0,4.0,4.0,4.0,0.0,4.0,4.0,4.0,4.0,1.0,1.0,1.0,1.0,1.0,1.0,0.0,2.0,2.0,2.0,2.0,2.0,2.0,2.0,2.0,2.0,2.0,4.0,2.0,2.0,2.0,2.0,2.0,2.0,1.0,1.0,1.0,1.0,4.0,1.0,1.0,1.0,4.0,0.0,0.0,0.0,0.0,0.0,0.0,4.0,0.0,0.0,0.0,0.0,0.0,0.0,0.0,0.0,0.0,0.0,4.0,0.0,4.8,,,0.0,,0.0,0.0,55.4,0.0,3443.2,86.0,-0.09,-0.09,-0.09,0.0,-0.09,-0.09,-0.09,-0.09,-0.09,-0.09,-0.09,-0.09,-0.09,-0.09,0.0,-0.09,-0.09,-0.09,-0.09,-0.09,-0.09,-0.09,-0.09,-0.09,-0.09,0.0,-0.09,-0.09,-0.09,-0.09,-0.09,-0.09,-0.09,-0.09,-0.09,-0.09,-0.09,-0.09,-0.09,-0.09,-0.09,0.0,0.0,0.0,0.0,0.0,0.0,-0.09,0.0,0.0,0.0,0.0,0.0,0.0,0.0,0.0,0.0,0.0012,-0.09,0.0012,14.7,11.1,12.2,10.6,13.0,13.7,15.5,15.9,464.0,384.0,448.0,368.0,512.0,616.0,752.0,800.0,0.0,57.0,85.0,12.0,0.0,,,,,,268.66,1.33,,,,,,,,,,,,,,,,,,,,,,,,,,,,,,,,,,,,,,,,,,,,,,,,,,,,,,,,,,,,,9.999e+20,280.0,2.4,280.0,3.5,,,0.0,,,2.0,0.036,3281.0,12.0,24.0,34.0,60.0,1656.0,280.0,280.0,280.0,0.0,268.3,,,,,,,,,,,,,,,,,,,,,,,,,,,,,2.4,0.4,0.8,1.2,1.2,1.6,1.6,1.6,2.0,2.0,0.4,2.0,2.0,2.4,2.4,2.4,2.8,3.2,3.6,4.0,4.4,5.6,2.4,1.2,0.0,0.0,0.0,0.0,13.0,0.0,1.0,0.0,2.4,2.8,0.0
2026031318,6.842,0.987,2.121,2.371,2.622,2.832,3.091,3.416,3.856,4.306,1.672,4.875,5.524,6.168,6.976,7.958,9.061,10.422,12.017,14.956,19.832,24.602,100.0,0.0,13.0,0.0,6.0,82.0,1.0,0.0,39.0,0.0,0.0,19.0,,,,,,,,,,,,,,,,,,,,,,,,,,,,,,,,,,,,,,,,,,,,,,,,,,,,,,,,,,,,,,,,,1.27,0.0,0.255,0.392,0.527,0.674,0.824,0.99,1.213,1.434,0.073,1.733,1.982,2.332,2.744,3.19,3.737,4.401,5.312,6.71,9.14,12.756,84.0,1.0,0.0,37.0,0.0,0.0,0.0,11.0,0.0,0.0,,,,,,,,,,,,,,,,,,,,,,,,,,,,,,,,,265.5,0.003,0.0,0.0,0.0,0.003,0.005,0.008,0.008,61.0,13.0,1.0,0.0,0.0,0.0,0.0,0.0,0.0,0.0,,,,,,,,,,,,,,,,,,,,,,,,,,,,,,,,,,,,,0.015,0.003,0.008,0.0,0.018,0.043,0.056,0.064,84.0,36.0,13.0,2.0,0.0,0.0,0.0,0.0,0.0,0.0,,,,,,,,,,,,,,,,,,,5.0,6.0,7620.0,550.0,13716.0,552.0,550.0,1.0,93.0,14.0,38.0,62.0,11.0,12.0,11.0,13.0,14.0,14.0,15.0,0.0,0.0,0.0,0.0,0.0,13.0,0.0,267.13,1.3,0.0,212.0,1.0,0.0,,,,,,,,,,,,,,,,,,,,,,,,,,0.0,0.0,0.0,0.0,0.0,0.0,0.0,0.0,0.0,0.0,0.0,0.0,0.0,,,,,,,,,,,,,,5.2,9.999e+20,,,,,,,,,,,,,,,,,,,,,,,,,,,,,4.1,1.2,2.4,2.8,2.8,3.2,3.2,3.6,3.6,4.0,2.0,3.98059,4.07016,4.52652,4.57612,5.04186,5.09505,5.54679,6.02322,6.53085,7.52831,8.59063,4.46017,1.72,1.0,0.0,0.0,0.0,0.0,0.0,0.0,1.0,2.0,9.999e+20,9.999e+20,9.999e+20,9.999e+20,9.999e+20,0.02,0.02,0.03,0.0,0.03,0.03,0.04,0.04,0.05,0.05,0.06,0.06,0.07,0.07,0.0,0.08,0.08,0.09,0.09,0.09,0.09,0.08,0.08,0.08,0.08,0.0,0.08,0.08,0.08,0.07,0.07,0.07,0.07,0.06,0.06,0.06,0.02,0.06,0.06,0.04,0.02,0.0,0.0,0.0,0.0,0.0,0.0,0.02,0.0,0.0,0.0,0.0,0.0,0.0,0.0,0.0,0.0,0.0,0.02,0.0,4.0,4.0,4.0,0.0,4.0,4.0,4.0,1.0,1.0,1.0,1.0,1.0,2.0,2.0,0.0,2.0,2.0,2.0,2.0,2.0,2.0,2.0,2.0,2.0,2.0,4.0,2.0,2.0,2.0,2.0,2.0,2.0,2.0,2.0,2.0,2.0,4.0,1.0,1.0,1.0,4.0,0.0,0.0,0.0,0.0,0.0,0.0,4.0,0.0,0.0,0.0,0.0,0.0,0.0,0.0,0.0,0.0,0.0,4.0,0.0,3.6,92.0,,88.0,,0.0,0.0,42.4,0.0,88888.0,84.0,-0.09,-0.09,-0.09,0.0,-0.09,-0.09,-0.09,-0.09,-0.09,-0.09,-0.09,-0.09,-0.09,-0.09,0.0,-0.09,-0.09,-0.09,-0.09,-0.09,-0.09,-0.09,-0.09,-0.09,-0.09,0.0,-0.09,-0.09,-0.09,-0.09,-0.09,-0.09,-0.09,-0.09,-0.09,-0.09,-0.09,-0.09,-0.09,-0.09,-0.09,0.0,0.0,0.0,0.0,0.0,0.0,-0.09,0.0,0.0,0.0,0.0,0.0,0.0,0.0,0.0,0.0,0.0012,-0.09,0.0012,14.7,11.0,12.1,10.5,13.1,13.6,15.5,15.8,480.0,408.0,448.0,352.0,520.0,672.0,768.0,816.0,0.0,57.0,88.0,11.0,0.0,,,,,1.78138,269.63,1.3,,,,,,,,,,,,,,,,,,,,,,,,,,,,,,,268.915,265.553,266.497,266.569,266.855,267.483,267.768,267.952,268.511,268.658,266.155,268.791,268.971,269.56,269.745,269.867,270.059,270.176,270.289,270.833,271.399,271.789,0.0,0.0,0.0,0.0,0.0,91.0,100.0,0.0,9.999e+20,290.0,2.8,290.0,3.6,,1.0,0.0,0.0,1.0,2.0,0.007,3281.0,12.0,22.0,30.0,50.0,2122.0,290.0,290.0,290.0,0.0,269.1,,,,,,,,,,,,,,,,,,,,,,,,,,,,,2.8,0.4,1.2,1.2,1.6,1.6,1.6,2.0,2.0,2.4,0.8,2.4,2.8,2.8,2.8,3.2,3.6,3.6,4.0,4.8,5.2,6.4,2.8,1.4,0.0,0.0,0.0,0.0,22.0,0.0,4.0,1.0,3.2,3.6,0.0
2026031319,,,,,,,,,,,,,,,,,,,,,,,,,,,,,,,,,0.0,11.0,,,,,,,,,,,,,,,,,,,,,,,,,,,,,,,,,,,,,,,,,,,,,,,,,,,,,,,,,,,,,,,,,,,,,,,,,,,,,,,,,,,,,,,,,,,,,,,,,,,,,,,,,,,,,,,,,,,,,,,,,,,,,,,,,266.3,0.0,0.0,0.0,0.0,0.003,0.005,0.005,0.008,50.0,8.0,0.0,0.0,0.0,0.0,0.0,0.0,0.0,0.0,,,,,,,,,,,,,,,,,,,,,,,,,,,,,,,,,,,,,,,,,,,,,,,,,,,,,,,,,,,,,,,,,,,,,,,,,8.0,8.0,7620.0,454.0,13717.0,456.0,454.0,3.0,91.0,16.0,42.0,63.0,11.0,11.0,11.0,13.0,14.0,14.0,15.0,0.0,0.0,0.0,0.0,0.0,12.4,0.0,267.72,1.31,,371.0,1.0,0.0,,,,,,,,,,,,,,,,,,,,,,,,,,,,,,,,,,,,,,,,,,,,,,,,,,,,,,,,,,,,,,,,,,,,,,,,,,,,,,,,,,4.5,1.6,2.8,2.8,3.2,3.2,3.6,3.6,4.0,4.0,2.0,4.18996,4.65829,4.70327,5.14318,5.2273,5.3317,5.87504,6.52003,7.18093,8.49763,9.36132,4.48143,1.8,1.0,0.0,0.0,0.0,0.0,0.0,0.0,3.0,,,,,,,0.02,0.02,0.02,0.0,0.03,0.04,0.04,0.05,0.05,0.05,0.06,0.1,0.14,0.14,0.0,0.14,0.14,0.14,0.14,0.14,0.14,0.14,0.14,0.14,0.14,0.0,0.12,0.08,0.05,0.05,0.04,0.04,0.03,0.03,0.03,0.02,0.01,0.02,0.01,0.0,0.0,0.0,0.0,0.0,0.0,0.0,0.0,0.01,0.0,0.0,0.0,0.0,0.0,0.0,0.0,0.0,0.0,0.0,0.01,0.0,4.0,4.0,4.0,0.0,4.0,4.0,4.0,1.0,1.0,1.0,1.0,2.0,2.0,2.0,0.0,2.0,2.0,2.0,2.0,2.0,2.0,2.0,2.0,2.0,2.0,4.0,2.0,2.0,2.0,1.0,1.0,1.0,1.0,1.0,1.0,1.0,4.0,1.0,1.0,4.0,4.0,0.0,0.0,0.0,0.0,0.0,0.0,4.0,0.0,0.0,0.0,0.0,0.0,0.0,0.0,0.0,0.0,0.0,4.0,0.0,1.2,,,192.0,,0.0,0.0,16.7,0.0,88888.2,84.0,-0.09,-0.09,-0.09,0.0,-0.09,-0.09,-0.09,-0.09,-0.09,-0.09,-0.09,-0.09,-0.09,-0.09,0.0,-0.09,-0.09,-0.09,-0.09,-0.09,-0.09,-0.09,-0.09,-0.09,-0.09,0.0,-0.09,-0.09,-0.09,-0.09,-0.09,-0.09,-0.09,-0.09,-0.09,-0.09,-0.09,-0.09,-0.09,0.0,0.0,0.0,0.0,0.0,0.0,0.0,0.0,-0.09,0.0,0.0,0.0,0.0,0.0,0.0,0.0,0.0,0.0,0.0012,-0.09,0.0012,13.7,11.1,12.0,10.5,12.9,13.5,14.5,15.2,512.0,416.0,464.0,352.0,536.0,688.0,784.0,840.0,0.0,57.0,85.0,11.0,0.0,,,,,,270.17,1.3,,,,,,,,,,,,,,,,,,,,,,,,,,,,,,,,,,,,,,,,,,,,,,,,,,,,,,,,,,,,,9.999e+20,290.0,2.8,290.0,4.1,,,0.0,,,2.0,0.002,3281.0,11.0,20.0,28.0,46.0,2762.0,290.0,290.0,290.0,0.0,270.2,,,,,,,,,,,,,,,,,,,,,,,,,,,,,2.8,0.4,1.2,1.6,1.6,1.6,2.0,2.0,2.0,2.4,0.8,2.8,2.8,2.8,3.2,3.2,3.6,4.0,4.4,5.2,6.0,6.8,2.8,1.52,0.0,0.0,0.0,0.0,24.0,0.0,7.0,1.0,3.2,3.6,0.0
2026031320,,,,,,,,,,,,,,,,,,,,,,,,,,,,,,,,,0.0,11.0,,,,,,,,,,,,,,,,,,,,,,,,,,,,,,,,,,,,,,,,,,,,,,,,,,,,,,,,,,,,,,,,,,,,,,,,,,,,,,,,,,,,,,,,,,,,,,,,,,,,,,,,,,,,,,,,,,,,,,,,,,,,,,,,,265.65,0.0,0.0,0.0,0.0,0.003,0.005,0.005,0.005,48.0,6.0,1.0,0.0,0.0,0.0,0.0,0.0,0.0,0.0,,,,,,,,,,,,,,,,,,,,,,,,,,,,,,,,,,,,,,,,,,,,,,,,,,,,,,,,,,,,,,,,,,,,,,,,,8.0,10.0,7620.0,453.0,1813.0,456.0,454.0,6.0,92.0,20.0,42.0,62.0,11.0,11.0,10.0,12.0,13.0,14.0,15.0,0.0,0.0,0.0,0.0,0.0,11.8,0.0,267.79,1.41,,396.0,1.0,0.0,,,,,,,,,,,,,,,,,,,,,,,,,,,,,,,,,,,,,,,,,,,,,,,,,,,,,,,,,,,,,,,,,,,,,,,,,,,,,,,,,,5.0,2.0,2.8,3.2,3.2,3.6,4.0,4.0,4.0,4.4,2.4,4.70543,4.76287,5.24011,5.29757,5.76366,5.92314,6.52018,7.05981,8.07899,8.734,10.8423,5.0252,2.12,1.0,0.0,0.0,0.0,0.0,0.0,0.0,7.0,,,,,,,0.03,0.03,0.04,0.0,0.04,0.04,0.04,0.04,0.04,0.04,0.04,0.04,0.04,0.04,0.0,0.04,0.04,0.05,0.05,0.05,0.06,0.09,0.12,0.12,0.13,0.0,0.12,0.12,0.11,0.08,0.05,0.05,0.05,0.04,0.04,0.03,0.0,0.03,0.02,0.01,0.0,0.0,0.0,0.0,0.0,0.0,0.0,0.0,0.0,0.0,0.0,0.0,0.0,0.0,0.0,0.0,0.0,0.0,0.02,0.0,4.0,4.0,4.0,0.0,4.0,4.0,4.0,4.0,1.0,1.0,1.0,1.0,1.0,1.0,0.0,1.0,2.0,2.0,2.0,2.0,2.0,2.0,2.0,2.0,2.0,0.0,2.0,2.0,2.0,2.0,2.0,2.0,1.0,1.0,1.0,1.0,0.0,1.0,1.0,4.0,4.0,4.0,0.0,0.0,0.0,0.0,0.0,0.0,0.0,0.0,0.0,0.0,0.0,0.0,0.0,0.0,0.0,0.0,4.0,0.0,0.4,,,256.0,,0.0,0.0,17.7,0.0,88888.0,83.0,-0.09,-0.09,-0.09,0.0,-0.09,-0.09,-0.09,-0.09,-0.09,-0.09,-0.09,-0.09,-0.09,-0.09,0.0,-0.09,-0.09,-0.09,-0.09,-0.09,-0.09,-0.09,-0.09,-0.09,-0.09,0.0,-0.09,-0.09,-0.09,-0.09,-0.09,-0.09,-0.09,-0.09,-0.09,-0.09,0.0,-0.09,-0.09,-0.09,0.0,0.0,0.0,0.0,0.0,0.0,0.0,0.0,0.0,0.0,0.0,0.0,0.0,0.0,0.0,0.0,0.0,0.0012,-0.09,0.0012,13.2,11.0,11.8,10.5,12.9,13.3,14.1,14.8,544.0,424.0,464.0,368.0,552.0,712.0,800.0,856.0,0.0,57.0,80.0,23.0,0.0,,,,,,269.91,1.42,,,,,,,,,,,,,,,,,,,,,,,,,,,,,,,,,,,,,,,,,,,,,,,,,,,,,,,,,,,,,9.999e+20,290.0,3.3,280.0,3.8,,,0.0,,,2.0,0.007,4689.0,12.0,18.0,24.0,40.0,3026.0,290.0,290.0,290.0,0.0,270.5,,,,,,,,,,,,,,,,,,,,,,,,,,,,,3.3,0.4,1.2,1.6,1.6,2.0,2.0,2.4,2.4,2.8,0.8,2.8,3.2,3.2,3.6,3.6,4.0,4.4,4.8,5.6,6.8,8.02346,3.27062,1.7,0.0,0.0,0.0,0.0,32.0,0.0,8.0,1.0,3.7,4.1,0.0
2026031321,,,,,,,,,,,,,,,,,,,,,,,,,,,,,,,,,0.0,10.0,,,,,,,,,,,,,,,,,,,,,,,,,,,,,,,,,,,,,,,,,,,,,,,,,,,,,,,,,,,,,,,,,,,,,,,,,,,,,,,,,,,,,,,,,,,,,,,,,,,,,,,,,,,,,,,,,,,,,,,,,,,,,,,,,265.87,0.0,0.0,0.0,0.0,0.003,0.003,0.005,0.008,44.0,6.0,1.0,0.0,0.0,0.0,0.0,0.0,0.0,0.0,,,,,,,,,,,,,,,,,,,,,,,,,,,,,,,,,,,,,,,,,,,,,,,,,,,,,,,,,,,,,,,,,,,,,,,,,10.0,12.0,7620.0,453.0,1817.0,456.0,454.0,8.0,90.0,20.0,39.0,56.0,11.0,11.0,10.0,12.0,13.0,14.0,15.0,0.0,0.0,0.0,0.0,0.0,11.6,0.0,267.85,1.47,0.0,413.0,1.0,0.0,,,,,,,,,,,,,,,,,,,,,,,,,,,,,,,,,,,,,,,,,,,,,,,,,,,,,9.999e+20,,,,,,,,,,,,,,,,,,,,,,,,,,,,,5.5,2.0,3.2,3.2,3.6,3.6,4.0,4.4,4.4,4.80642,2.8,4.86535,5.36183,5.39299,5.8634,6.34838,6.86827,7.02626,7.39936,8.45396,9.53506,12.2673,5.53462,2.22,3.0,0.0,0.0,0.0,0.0,0.0,0.0,8.0,,9.999e+20,9.999e+20,9.999e+20,9.999e+20,9.999e+20,0.03,0.03,0.03,0.0,0.03,0.03,0.03,0.03,0.03,0.03,0.03,0.03,0.03,0.03,0.0,0.03,0.04,0.04,0.04,0.06,0.1,0.1,0.1,0.1,0.1,0.01,0.1,0.1,0.1,0.1,0.1,0.1,0.1,0.09,0.09,0.08,0.03,0.05,0.01,0.0,0.0,0.0,0.0,0.0,0.0,0.0,0.0,0.03,0.0,0.0,0.0,0.0,0.0,0.0,0.0,0.0,0.0,0.0,0.03,0.0,4.0,4.0,4.0,0.0,4.0,4.0,4.0,4.0,4.0,4.0,1.0,1.0,1.0,1.0,0.0,1.0,1.0,1.0,2.0,2.0,2.0,2.0,2.0,2.0,2.0,4.0,2.0,2.0,2.0,2.0,2.0,2.0,2.0,2.0,2.0,2.0,4.0,1.0,4.0,0.0,0.0,0.0,0.0,0.0,0.0,0.0,0.0,4.0,0.0,0.0,0.0,0.0,0.0,0.0,0.0,0.0,0.0,0.0,4.0,0.0,0.0,,,352.0,,0.0,0.0,18.7,0.0,88888.0,84.0,-0.09,-0.09,-0.09,0.0,-0.09,-0.09,-0.09,-0.09,-0.09,-0.09,-0.09,-0.09,-0.09,-0.09,0.0,-0.09,-0.09,-0.09,-0.09,-0.09,-0.09,-0.09,-0.09,-0.09,-0.09,-0.09,-0.09,-0.09,-0.09,-0.09,-0.09,-0.09,-0.09,-0.09,-0.09,-0.09,-0.09,-0.09,-0.09,0.0,0.0,0.0,0.0,0.0,0.0,0.0,0.0,-0.09,0.0,0.0,0.0,0.0,0.0,0.0,0.0,0.0,0.0,0.0012,-0.09,0.0012,12.9,11.0,11.6,10.4,12.7,13.2,13.8,14.5,568.0,432.0,480.0,392.0,568.0,728.0,824.0,856.0,0.0,71.0,77.0,27.0,0.0,,,,,,270.35,1.45,,,,,,,,,,,,,,,,,,,,,,,,,,,,,,,,,,,,,,,,,,,,,,,,,,,,,,,,,,,,,9.999e+20,290.0,3.3,280.0,3.5,,,0.0,1.0,,2.0,0.006,4689.0,12.0,18.0,22.0,36.0,3125.0,290.0,290.0,290.0,0.0,270.7,,,,,,,,,,,,,,,,,,,,,,,,,,,,,3.3,0.8,1.2,1.6,1.6,2.0,2.4,2.4,2.8,2.8,0.8,3.2,3.6,3.6,4.0,4.0,4.4,4.8,5.2,6.0,6.8,8.56221,3.25164,1.8,0.0,0.0,0.0,0.0,44.0,0.0,11.0,1.0,3.7,4.5,0.0
2026031322,,,,,,,,,,,,,,,,,,,,,,,,,,,,,,,,,0.0,12.0,,,,,,,,,,,,,,,,,,,,,,,,,,,,,,,,,,,,,,,,,,,,,,,,,,,,,,,,,,,,,,,,,,,,,,,,,,,,,,,,,,,,,,,,,,,,,,,,,,,,,,,,,,,,,,,,,,,,,,,,,,,,,,,,,265.8,0.0,0.0,0.0,0.0,0.0,0.003,0.005,0.008,42.0,6.0,1.0,0.0,0.0,0.0,0.0,0.0,0.0,0.0,,,,,,,,,,,,,,,,,,,,,,,,,,,,,,,,,,,,,,,,,,,,,,,,,,,,,,,,,,,,,,,,,,,,,,,,,8.0,11.0,9462.0,549.0,1737.0,552.0,550.0,9.0,87.0,19.0,37.0,55.0,11.0,11.0,10.0,12.0,13.0,14.0,15.0,0.0,0.0,0.0,0.0,0.0,11.4,0.0,268.04,1.42,,413.0,1.0,0.0,,,,,,,,,,,,,,,,,,,,,,,,,,,,,,,,,,,,,,,,,,,,,,,,,,,,,,,,,,,,,,,,,,,,,,,,,,,,,,,,,,5.5,2.0,2.8,3.2,3.6,4.0,4.4,4.4,4.65044,4.83797,2.8,5.33024,5.40542,5.89493,6.07976,6.60192,6.75127,7.27866,7.50912,8.14649,9.48152,11.8785,5.53981,2.2,2.0,0.0,0.0,0.0,0.0,0.0,0.0,8.0,,,,,,,,,,,,,,,,,,,,,,,,,,,,,,,,,,,,,,,,,,,,,,,,,,,,,,,,,,,,,,,,,,,,,,,,,,,,,,,,,,,,,,,,,,,,,,,,,,,,,,,,,,,,,,,,,,,,,,,,,,,,,,,0.4,,,272.0,,0.0,0.0,11.7,0.0,88888.0,83.0,,,,,,,,,,,,,,,,,,,,,,,,,,,,,,,,,,,,,,,,,,,,,,,,,,,,,,,,,,,,,12.9,11.2,11.7,10.5,12.5,13.2,13.8,14.3,568.0,432.0,488.0,384.0,568.0,712.0,800.0,856.0,32.0,57.0,80.0,29.0,0.0,,,,,,270.43,1.41,,,,,,,,,,,,,,,,,,,,,,,,,,,,,,,,,,,,,,,,,,,,,,,,,,,,,,,,,,,,,9.999e+20,300.0,3.6,280.0,3.8,,,0.0,,,2.0,0.013,6353.0,13.0,16.0,20.0,32.0,2857.0,300.0,300.0,300.0,0.0,270.2,,,,,,,,,,,,,,,,,,,,,,,,,,,,,3.6,0.8,1.6,1.6,2.0,2.0,2.4,2.8,3.2,3.2,1.2,3.6,3.6,4.0,4.0,4.4,4.8,4.8,5.2,6.0,7.2,8.4,3.6,1.8,0.0,0.0,0.0,0.0,48.0,0.0,11.0,1.0,4.0,4.4,0.0
2026031323,,,,,,,,,,,,,,,,,,,,,,,,,,,,,,,,,0.0,12.0,,,,,,,,,,,,,,,,,,,,,,,,,,,,,,,,,,,,,,,,,,,,,,,,,,,,,,,,,,,,,,,,,,,,,,,,,,,,,,,,,,,,,,,,,,,,,,,,,,,,,,,,,,,,,,,,,,,,,,,,,,,,,,,,,265.18,0.0,0.0,0.0,0.0,0.0,0.003,0.005,0.005,41.0,4.0,1.0,0.0,0.0,0.0,0.0,0.0,0.0,0.0,,,,,,,,,,,,,,,,,,,,,,,,,,,,,,,,,,,,,,,,,,,,,,,,,,,,,,,,,,,,,,,,,,,,,,,,,5.0,9.0,7620.0,549.0,1447.0,552.0,550.0,7.0,82.0,16.0,33.0,51.0,10.0,11.0,10.0,11.0,13.0,14.0,15.0,0.0,0.0,0.0,0.0,0.0,11.3,0.0,267.79,1.37,,313.0,2.0,0.0,,,,,,,,,,,,,,,,,,,,,,,,,,,,,,,,,,,,,,,,,,,,,,,,,,,,,,,,,,,,,,,,,,,,,,,,,,,,,,,,,,5.7,2.0,2.8,3.2,3.6,4.0,4.4,4.8,5.2,5.2,2.8,5.61569,6.13557,6.21146,6.30043,6.85352,7.04255,7.2861,7.948,8.14903,9.36098,11.2107,5.67927,2.12,1.0,0.0,0.0,0.0,0.0,0.0,0.0,7.0,,,,,,,,,,,,,,,,,,,,,,,,,,,,,,,,,,,,,,,,,,,,,,,,,,,,,,,,,,,,,,,,,,,,,,,,,,,,,,,,,,,,,,,,,,,,,,,,,,,,,,,,,,,,,,,,,,,,,,,,,,,,,,,0.0,,,200.0,,0.0,0.0,11.7,0.0,88888.0,84.0,,,,,,,,,,,,,,,,,,,,,,,,,,,,,,,,,,,,,,,,,,,,,,,,,,,,,,,,,,,,,13.0,11.2,11.7,10.7,12.4,13.1,13.7,14.3,560.0,440.0,488.0,392.0,576.0,688.0,776.0,856.0,0.0,57.0,83.0,29.0,0.0,,,,,,269.94,1.38,,,,,,,,,,,,,,,,,,,,,,,,,,,,,,,,,,,,,,,,,,,,,,,,,,,,,,,,,,,,,9.999e+20,310.0,4.0,290.0,4.0,,,0.0,,,2.0,0.005,7889.0,12.0,15.0,19.0,29.0,2726.0,310.0,310.0,310.0,0.0,269.7,,,,,,,,,,,,,,,,,,,,,,,,,,,,,4.0,0.8,1.6,2.0,2.0,2.4,2.8,3.2,3.2,3.2,1.2,3.6,4.0,4.0,4.4,4.4,4.8,5.2,5.6,6.0,6.8,8.4,3.6,1.8,0.0,0.0,0.0,0.0,52.0,0.0,13.0,1.0,4.4,4.8,0.0
2026031400,4.02,0.0,0.372,0.628,0.864,1.097,1.326,1.564,1.899,2.26,0.056,2.628,3.062,3.547,4.09,4.702,5.448,6.333,7.693,9.407,13.085,19.761,90.0,0.0,5.0,0.0,1.0,51.0,0.0,0.0,20.0,0.0,0.0,12.0,15.824,3.704,6.778,7.389,7.843,8.303,8.804,9.328,10.034,10.856,5.63,11.806,13.059,14.052,15.508,17.342,20.093,22.727,26.204,32.764,41.497,49.199,100.0,0.0,46.0,0.0,0.0,0.0,16.0,1.0,93.0,0.0,,,,,,,,,,,,,,,,,,,,,,,,,,,,,,,,,0.254,0.0,0.0,0.0,0.0,0.048,0.126,0.234,0.359,0.486,0.0,0.651,0.866,1.078,1.306,1.571,2.005,2.475,3.053,3.842,5.226,9.633,55.0,0.0,0.0,19.0,0.0,0.0,0.0,3.0,0.0,0.0,,,,,,,,,,,,,,,,,,,,,,,,,,,,,,,,,264.9,0.0,0.0,0.0,0.0,0.0,0.003,0.003,0.005,39.0,2.0,0.0,0.0,0.0,0.0,0.0,0.0,0.0,0.0,,,,,,,,,,,,,,,,,,,,,,,,,,,,,,,,,,,,,0.003,0.0,0.0,0.0,0.008,0.02,0.03,0.043,58.0,17.0,2.0,1.0,0.0,0.0,0.0,0.0,0.0,0.0,,,,,,,,,,,,,,,,,,,4.0,7.0,7620.0,673.0,1445.0,672.0,672.0,8.0,80.0,15.0,31.0,49.0,10.0,10.0,10.0,11.0,13.0,14.0,15.0,0.0,0.0,0.0,0.0,0.0,11.1,0.0,267.54,1.33,0.0,207.0,1.0,0.0,,,,,,,,,,,,,,,,,,,,,,,,,,0.0,0.0,0.0,0.0,0.0,0.0,0.0,0.0,0.0,0.0,0.0,0.0,0.0,,,,,,,,,,,,,,7.2,9.999e+20,,,,,,,,,,,,,,,,,,,,,,,,,,,,,5.7,1.6,2.8,3.2,4.0,4.4,4.8,5.2,5.6,5.6,2.4,6.0,6.0,6.4,6.8,6.8,7.2,7.2,7.67826,8.28763,9.06204,11.1854,5.73922,2.12,1.0,0.0,0.0,0.0,0.0,0.0,0.0,7.0,4.0,9.999e+20,9.999e+20,9.999e+20,9.999e+20,9.999e+20,,,,,,,,,,,,,,,,,,,,,,,,,,,,,,,,,,,,,,,,,,,,,,,,,,,,,,,,,,,,,,,,,,,,,,,,,,,,,,,,,,,,,,,,,,,,,,,,,,,,,,,,,,,,,,,,,,,,,,,,,0.4,,,104.0,3.0,0.0,0.0,11.7,0.0,88888.0,84.0,,,,,,,,,,,,,,,,,,,,,,,,,,,,,,,,,,,,,,,,,,,,,,,,,,,,,,,,,,,,,13.0,11.2,11.7,10.8,12.4,13.1,13.7,14.1,536.0,432.0,496.0,392.0,568.0,672.0,760.0,840.0,0.0,57.0,83.0,23.0,0.0,270.84,1.13,,,,269.64,1.35,,,,,,,,,,,,,,,,,,,,,,,,,,,,,,,,,,,,,,,,,,,,,,,,,,,,,,,,,,,,,9.999e+20,300.0,4.0,290.0,3.8,,3.0,0.0,0.0,3.0,2.0,0.006,465.0,12.0,15.0,17.0,29.0,2430.0,300.0,300.0,300.0,0.0,269.1,,,,,,,,,,,,,,,,,,,,,,,,,,,,,4.0,0.4,1.6,2.0,2.4,2.4,3.2,3.2,3.6,3.6,1.2,4.0,4.0,4.4,4.4,4.8,4.8,5.2,5.6,6.0,6.8,8.0,4.0,1.72,0.0,0.0,0.0,0.0,58.0,0.0,15.0,1.0,4.4,4.8,0.0
2026031401,,,,,,,,,,,,,,,,,,,,,,,,,,,,,,,,,0.0,8.0,,,,,,,,,,,,,,,,,,,,,,,,,,,,,,,,,,,,,,,,,,,,,,,,,,,,,,,,,,,,,,,,,,,,,,,,,,,,,,,,,,,,,,,,,,,,,,,,,,,,,,,,,,,,,,,,,,,,,,,,,,,,,,,,,264.7,0.0,0.0,0.0,0.0,0.0,0.003,0.003,0.005,25.0,2.0,0.0,0.0,0.0,0.0,0.0,0.0,0.0,0.0,,,,,,,,,,,,,,,,,,,,,,,,,,,,,,,,,,,,,,,,,,,,,,,,,,,,,,,,,,,,,,,,,,,,,,,,,4.0,6.0,7620.0,673.0,989.0,672.0,672.0,7.0,77.0,15.0,30.0,47.0,9.0,10.0,9.0,11.0,14.0,14.0,15.0,0.0,0.0,0.0,0.0,0.0,10.8,0.0,267.81,1.18,,101.0,1.0,0.0,,,,,,,,,,,,,,,,,,,,,,,,,,,,,,,,,,,,,,,,,,,,,,,,,,,,,,,,,,,,,,,,,,,,,,,,,,,,,,,,,,5.4,2.0,2.8,3.2,3.6,4.4,4.4,4.8,4.8,5.2,2.4,5.2,5.6,6.0,6.0,6.40302,6.55015,7.08074,7.2452,7.63004,8.37252,10.5527,5.40643,1.92,1.0,0.0,0.0,0.0,0.0,0.0,0.0,4.0,,,,,,,,,,,,,,,,,,,,,,,,,,,,,,,,,,,,,,,,,,,,,,,,,,,,,,,,,,,,,,,,,,,,,,,,,,,,,,,,,,,,,,,,,,,,,,,,,,,,,,,,,,,,,,,,,,,,,,,,,,,,,,,0.8,,,0.0,,0.0,0.0,7.6,0.0,88888.0,87.0,,,,,,,,,,,,,,,,,,,,,,,,,,,,,,,,,,,,,,,,,,,,,,,,,,,,,,,,,,,,,13.6,11.5,12.0,11.2,12.5,13.2,14.0,14.7,512.0,408.0,464.0,352.0,544.0,624.0,720.0,768.0,0.0,57.0,90.0,9.0,0.0,,,,,,269.64,1.17,,,,,,,,,,,,,,,,,,,,,,,,,,,,,,,,,,,,,,,,,,,,,,,,,,,,,,,,,,,,,9.999e+20,320.0,3.6,300.0,3.7,,,0.0,,,2.0,0.015,465.0,12.0,16.0,19.0,29.0,1752.0,320.0,320.0,320.0,0.0,269.1,,,,,,,,,,,,,,,,,,,,,,,,,,,,,3.6,0.8,1.6,2.0,2.4,2.8,2.8,2.8,3.2,3.6,1.2,3.6,3.6,4.0,4.0,4.4,4.8,5.2,5.2,6.0,6.8,8.0,3.6,1.6,0.0,0.0,0.0,0.0,51.0,0.0,11.0,1.0,4.4,4.8,0.0
2026031402,,,,,,,,,,,,,,,,,,,,,,,,,,,,,,,,,0.0,6.0,,,,,,,,,,,,,,,,,,,,,,,,,,,,,,,,,,,,,,,,,,,,,,,,,,,,,,,,,,,,,,,,,,,,,,,,,,,,,,,,,,,,,,,,,,,,,,,,,,,,,,,,,,,,,,,,,,,,,,,,,,,,,,,,,263.89,0.0,0.0,0.0,0.0,0.0,0.003,0.003,0.005,23.0,2.0,0.0,0.0,0.0,0.0,0.0,0.0,0.0,0.0,,,,,,,,,,,,,,,,,,,,,,,,,,,,,,,,,,,,,,,,,,,,,,,,,,,,,,,,,,,,,,,,,,,,,,,,,2.0,5.0,7620.0,672.0,989.0,352.0,672.0,5.0,73.0,12.0,27.0,45.0,9.0,10.0,9.0,11.0,13.0,14.0,15.0,0.0,0.0,0.0,0.0,0.0,10.5,0.0,267.51,1.3,,14.0,1.0,0.0,,,,,,,,,,,,,,,,,,,,,,,,,,,,,,,,,,,,,,,,,,,,,,,,,,,,,,,,,,,,,,,,,,,,,,,,,,,,,,,,,,5.2,1.6,2.4,2.8,3.2,3.6,4.0,4.0,4.4,4.8,2.0,4.83913,5.3435,5.43036,5.59964,6.1097,6.19621,7.09301,7.59488,7.7714,8.37166,10.6719,5.19818,2.12,1.0,0.0,0.0,0.0,0.0,0.0,0.0,4.0,,,,,,,,,,,,,,,,,,,,,,,,,,,,,,,,,,,,,,,,,,,,,,,,,,,,,,,,,,,,,,,,,,,,,,,,,,,,,,,,,,,,,,,,,,,,,,,,,,,,,,,,,,,,,,,,,,,,,,,,,,,,,,,0.4,,,0.0,,0.0,0.0,24.6,0.0,88888.0,91.0,,,,,,,,,,,,,,,,,,,,,,,,,,,,,,,,,,,,,,,,,,,,,,,,,,,,,,,,,,,,,14.1,11.8,12.2,11.5,12.7,13.5,14.3,15.2,464.0,368.0,432.0,320.0,520.0,568.0,656.0,720.0,0.0,57.0,93.0,8.0,0.0,,,,,,268.57,1.38,,,,,,,,,,,,,,,,,,,,,,,,,,,,,,,,,,,,,,,,,,,,,,,,,,,,,,,,,,,,,9.999e+20,320.0,3.6,300.0,3.7,,,0.0,,,2.0,0.007,384.0,12.0,15.0,17.0,28.0,1446.0,320.0,320.0,320.0,0.0,270.0,,,,,,,,,,,,,,,,,,,,,,,,,,,,,3.6,0.8,1.2,1.6,2.0,2.0,2.4,2.8,2.8,2.8,0.8,3.2,3.2,3.6,3.6,4.0,4.4,5.2,5.6,6.0,6.8,8.0,3.6,1.8,0.0,0.0,0.0,0.0,40.0,0.0,14.0,1.0,4.0,4.4,0.0
2026031403,,,,,,,,,,,,,,,,,,,,,,,,,,,,,,,,,0.0,6.0,,,,,,,,,,,,,,,,,,,,,,,,,,,,,,,,,,,,,,,,,,,,,,,,,,,,,,,,,,,,,,,,,,,,,,,,,,,,,,,,,,,,,,,,,,,,,,,,,,,,,,,,,,,,,,,,,,,,,,,,,,,,,,,,,263.15,0.0,0.0,0.0,0.0,0.0,0.0,0.003,0.005,19.0,3.0,0.0,0.0,0.0,0.0,0.0,0.0,0.0,0.0,,,,,,,,,,,,,,,,,,,,,,,,,,,,,,,,,,,,,,,,,,,,,,,,,,,,,,,,,,,,,,,,,,,,,,,,,1.0,5.0,7620.0,672.0,954.0,352.0,672.0,5.0,71.0,13.0,26.0,43.0,9.0,10.0,9.0,11.0,13.0,14.0,15.0,0.0,0.0,0.0,0.0,0.0,11.0,0.0,267.02,1.51,0.0,4.0,1.0,0.0,,,,,,,,,,,,,,,,,,,,,,,,,,,,,,,,,,,,,,,,,,,,,,,,,,,,,9.999e+20,,,,,,,,,,,,,,,,,,,,,,,,,,,,,5.1,1.2,2.0,2.8,3.2,3.2,3.6,3.6,4.0,4.10053,1.6,4.58346,5.03651,5.49986,5.56142,6.00654,6.09992,7.00982,7.49531,8.05415,9.40769,12.4968,5.11304,2.52,3.0,0.0,0.0,0.0,0.0,0.0,0.0,7.0,,9.999e+20,9.999e+20,9.999e+20,9.999e+20,9.999e+20,,,,,,,,,,,,,,,,,,,,,,,,,,,,,,,,,,,,,,,,,,,,,,,,,,,,,,,,,,,,,,,,,,,,,,,,,,,,,,,,,,,,,,,,,,,,,,,,,,,,,,,,,,,,,,,,,,,,,,,,,0.8,,,0.0,,0.0,0.0,7.6,0.0,88888.0,91.0,,,,,,,,,,,,,,,,,,,,,,,,,,,,,,,,,,,,,,,,,,,,,,,,,,,,,,,,,,,,,14.4,12.0,12.3,11.8,12.9,13.7,14.7,15.6,400.0,312.0,408.0,240.0,480.0,552.0,632.0,656.0,0.0,57.0,90.0,9.0,0.0,,,,,,268.11,1.77,,,,,,,,,,,,,,,,,,,,,,,,,,,,,,,,,,,,,,,,,,,,,,,,,,,,,,,,,,,,,9.999e+20,300.0,3.6,290.0,3.6,,,0.0,0.0,,1.0,0.009,7936.0,9.0,12.0,16.0,28.0,749.0,300.0,300.0,300.0,0.0,269.6,,,,,,,,,,,,,,,,,,,,,,,,,,,,,3.6,0.4,1.2,1.6,1.6,2.0,2.0,2.4,2.4,2.8,0.8,2.8,3.2,3.6,3.6,4.0,4.4,4.8,5.6,6.8,7.6,9.2,3.6,2.12,1.0,0.0,0.0,0.0,40.0,0.0,15.0,3.0,4.0,4.4,0.0
2026031404,,,,,,,,,,,,,,,,,,,,,,,,,,,,,,,,,0.0,3.0,,,,,,,,,,,,,,,,,,,,,,,,,,,,,,,,,,,,,,,,,,,,,,,,,,,,,,,,,,,,,,,,,,,,,,,,,,,,,,,,,,,,,,,,,,,,,,,,,,,,,,,,,,,,,,,,,,,,,,,,,,,,,,,,,262.64,0.0,0.0,0.0,0.0,0.0,0.0,0.003,0.005,20.0,3.0,0.0,0.0,0.0,0.0,0.0,0.0,0.0,0.0,,,,,,,,,,,,,,,,,,,,,,,,,,,,,,,,,,,,,,,,,,,,,,,,,,,,,,,,,,,,,,,,,,,,,,,,,1.0,4.0,7620.0,672.0,1181.0,672.0,672.0,4.0,72.0,12.0,27.0,43.0,9.0,10.0,8.0,12.0,12.0,14.0,15.0,0.0,0.0,0.0,0.0,0.0,11.1,0.0,266.84,1.44,,3.0,0.0,0.0,,,,,,,,,,,,,,,,,,,,,,,,,,,,,,,,,,,,,,,,,,,,,,,,,,,,,,,,,,,,,,,,,,,,,,,,,,,,,,,,,,5.0,0.8,2.0,2.4,2.4,2.8,3.2,3.2,3.6,3.6,1.6,4.0,4.85359,5.31875,5.37375,5.82252,6.29793,7.19533,7.70893,8.21492,9.96672,14.607,5.00029,2.82,3.0,1.0,0.0,0.0,0.0,0.0,0.0,9.0,,,,,,,,,,,,,,,,,,,,,,,,,,,,,,,,,,,,,,,,,,,,,,,,,,,,,,,,,,,,,,,,,,,,,,,,,,,,,,,,,,,,,,,,,,,,,,,,,,,,,,,,,,,,,,,,,,,,,,,,,,,,,,,0.0,,,0.0,,0.0,0.0,7.6,0.0,88888.0,95.0,,,,,,,,,,,,,,,,,,,,,,,,,,,,,,,,,,,,,,,,,,,,,,,,,,,,,,,,,,,,,14.7,12.2,12.7,12.0,13.5,14.1,15.3,15.8,320.0,240.0,368.0,192.0,432.0,512.0,552.0,600.0,0.0,57.0,93.0,7.0,0.0,,,,,,267.58,1.96,,,,,,,,,,,,,,,,,,,,,,,,,,,,,,,,,,,,,,,,,,,,,,,,,,,,,,,,,,,,,9.999e+20,310.0,3.6,280.0,3.6,,,0.0,,,1.0,0.007,384.0,11.0,14.0,16.0,27.0,674.0,310.0,310.0,310.0,0.0,269.3,,,,,,,,,,,,,,,,,,,,,,,,,,,,,3.6,0.4,0.8,1.2,1.2,1.6,2.0,2.0,2.4,2.4,0.8,2.4,2.8,3.2,3.6,4.0,4.4,5.2,6.0,7.2,8.0,10.8,3.2,2.4,1.0,0.0,0.0,0.0,35.0,0.0,16.0,3.0,4.0,4.4,0.0
2026031405,,,,,,,,,,,,,,,,,,,,,,,,,,,,,,,,,0.0,2.0,,,,,,,,,,,,,,,,,,,,,,,,,,,,,,,,,,,,,,,,,,,,,,,,,,,,,,,,,,,,,,,,,,,,,,,,,,,,,,,,,,,,,,,,,,,,,,,,,,,,,,,,,,,,,,,,,,,,,,,,,,,,,,,,,262.02,0.0,0.0,0.0,0.0,0.0,0.0,0.003,0.003,18.0,1.0,0.0,0.0,0.0,0.0,0.0,0.0,0.0,0.0,,,,,,,,,,,,,,,,,,,,,,,,,,,,,,,,,,,,,,,,,,,,,,,,,,,,,,,,,,,,,,,,,,,,,,,,,2.0,4.0,7620.0,824.0,987.0,824.0,824.0,3.0,71.0,10.0,24.0,40.0,9.0,10.0,9.0,11.0,13.0,14.0,14.0,0.0,0.0,0.0,0.0,0.0,11.3,0.0,266.03,1.96,,2.0,1.0,0.0,,,,,,,,,,,,,,,,,,,,,,,,,,,,,,,,,,,,,,,,,,,,,,,,,,,,,,,,,,,,,,,,,,,,,,,,,,,,,,,,,,4.9,0.4,1.6,2.0,2.4,2.4,2.8,3.2,3.2,3.6,1.2,4.0,4.4,5.2,5.25491,5.72312,6.5872,7.07251,7.96144,8.48134,10.6624,16.1012,4.94287,3.12,4.0,2.0,0.0,0.0,0.0,0.0,0.0,10.0,,,,,,,,,,,,,,,,,,,,,,,,,,,,,,,,,,,,,,,,,,,,,,,,,,,,,,,,,,,,,,,,,,,,,,,,,,,,,,,,,,,,,,,,,,,,,,,,,,,,,,,,,,,,,,,,,,,,,,,,,,,,,,,0.0,,,0.0,,0.0,0.0,4.6,0.0,88888.0,94.0,,,,,,,,,,,,,,,,,,,,,,,,,,,,,,,,,,,,,,,,,,,,,,,,,,,,,,,,,,,,,14.8,12.3,12.9,12.1,14.0,14.6,15.6,16.1,224.0,136.0,312.0,96.0,384.0,480.0,528.0,544.0,0.0,57.0,84.0,30.0,0.0,,,,,,267.17,2.24,,,,,,,,,,,,,,,,,,,,,,,,,,,,,,,,,,,,,,,,,,,,,,,,,,,,,,,,,,,,,9.999e+20,300.0,3.6,280.0,3.6,,,0.0,,,1.0,0.008,384.0,14.0,17.0,19.0,27.0,482.0,300.0,300.0,300.0,0.0,268.9,,,,,,,,,,,,,,,,,,,,,,,,,,,,,3.6,0.0,0.8,1.2,1.2,1.2,1.6,2.0,2.0,2.4,0.4,2.4,2.8,3.2,3.6,4.0,4.8,5.6,6.4,7.6,8.4,12.4,3.6,2.72,2.0,0.0,0.0,0.0,34.0,0.0,20.0,4.0,4.0,4.4,0.0
2026031406,2.468,0.0,0.0,0.0,0.044,0.182,0.351,0.529,0.727,0.984,0.0,1.288,1.573,1.937,2.345,2.787,3.459,4.235,5.148,6.439,9.091,15.324,73.0,0.0,2.0,0.0,1.0,33.0,0.0,0.0,10.0,0.0,0.0,1.0,11.615,1.426,3.344,3.847,4.335,4.783,5.297,5.962,6.661,7.557,2.626,8.621,9.774,10.978,12.256,13.827,15.418,17.407,19.903,24.037,31.442,45.523,100.0,0.0,33.0,0.0,0.0,0.0,9.0,0.0,62.0,0.0,,,,,,,,,,,,,,,,,,,,,,,,,,,,,,,,,0.254,0.0,0.0,0.0,0.0,0.0,0.0,0.003,0.057,0.127,0.0,0.239,0.371,0.516,0.759,0.997,1.312,1.677,2.183,2.936,4.424,8.908,41.0,0.0,0.0,12.0,0.0,0.0,0.0,2.0,0.0,0.0,,,,,,,,,,,,,,,,,,,,,,,,,,,,,,,,,261.27,0.0,0.0,0.0,0.0,0.0,0.0,0.003,0.003,15.0,0.0,0.0,0.0,0.0,0.0,0.0,0.0,0.0,0.0,0.064,0.03,0.041,0.025,0.074,0.119,0.15,0.173,92.0,85.0,61.0,26.0,8.0,1.0,0.0,0.0,0.0,0.0,,,,,,,,,,,,,,,,,,,0.0,0.0,0.0,0.0,0.0,0.005,0.018,0.03,30.0,5.0,1.0,0.0,0.0,0.0,0.0,0.0,0.0,0.0,,,,,,,,,,,,,,,,,,,1.0,4.0,7620.0,824.0,945.0,824.0,824.0,2.0,69.0,8.0,22.0,37.0,10.0,11.0,9.0,12.0,13.0,14.0,14.0,0.0,0.0,0.0,0.0,0.0,12.1,0.0,265.21,2.31,0.0,2.0,1.0,0.0,0.0,0.0,0.0,0.0,0.0,0.0,0.0,0.0,0.0,0.0,0.0,0.0,0.0,,,,,,,,,,,,,0.0,0.0,0.0,0.0,0.0,0.0,0.0,0.0,0.0,0.0,0.0,0.0,0.0,,,,,,,,,,,,,,5.2,9.999e+20,8.77236,5.00865,6.00144,5.82642,6.34032,6.96279,7.06419,7.20542,7.7575,7.95063,5.39122,8.52979,8.73055,9.26274,9.47734,9.68103,10.3099,10.7776,11.2844,11.9049,13.0488,17.6808,16.0,2.0,0.0,0.0,0.0,0.0,5.0,0.4,1.6,2.0,2.0,2.4,2.8,2.8,3.2,3.6,0.8,4.0,4.4,4.8,5.31974,5.76483,6.64694,7.11299,8.38438,9.33513,10.7405,16.694,4.97131,3.42,5.0,2.0,0.0,0.0,0.0,0.0,0.0,12.0,4.0,9.999e+20,9.999e+20,9.999e+20,9.999e+20,9.999e+20,,,,,,,,,,,,,,,,,,,,,,,,,,,,,,,,,,,,,,,,,,,,,,,,,,,,,,,,,,,,,,,,,,,,,,,,,,,,,,,,,,,,,,,,,,,,,,,,,,,,,,,,,,,,,,,,,,,,,,,,,0.4,,84.0,0.0,,0.0,0.0,4.6,0.0,88888.0,92.0,,,,,,,,,,,,,,,,,,,,,,,,,,,,,,,,,,,,,,,,,,,,,,,,,,,,,,,,,,,,,15.1,12.5,13.2,12.4,14.3,15.1,16.2,16.8,176.0,0.0,240.0,0.0,344.0,448.0,496.0,544.0,0.0,57.0,84.0,29.0,0.0,,,,,1.33222,266.35,2.51,270.106,267.283,268.267,268.683,269.097,269.344,269.487,269.726,269.601,269.87,267.773,270.086,269.923,270.447,270.543,270.692,270.786,270.981,271.23,271.717,271.943,272.781,0.0,77.0,100.0,0.0,0.0,0.0,0.0,0.0,,,,,,,,,,,,,,,,,,,,,,,,,,,,,,,9.999e+20,280.0,3.6,260.0,3.7,28.0,3.0,0.0,0.0,2.0,1.0,0.0,384.0,14.0,16.0,18.0,25.0,535.0,280.0,280.0,280.0,0.0,268.9,6.30868,2.4,3.6,3.6,4.0,4.4,4.8,4.8,5.2,5.6,3.2,6.0,6.0,6.4,6.8,7.2,8.0,8.6197,9.49251,10.3647,11.2819,14.0393,5.0,0.0,0.0,0.0,53.0,20.0,3.6,0.0,0.8,0.8,1.2,1.2,1.6,1.6,2.0,2.4,0.4,2.4,2.8,3.2,3.6,4.0,5.2,6.0,6.8,7.6,8.8,12.8,3.6,2.8,2.0,0.0,0.0,0.0,36.0,0.0,22.0,5.0,4.0,4.4,0.0
2026031407,,,,,,,,,,,,,,,,,,,,,,,,,,,,,,,,,0.0,1.0,,,,,,,,,,,,,,,,,,,,,,,,,,,,,,,,,,,,,,,,,,,,,,,,,,,,,,,,,,,,,,,,,,,,,,,,,,,,,,,,,,,,,,,,,,,,,,,,,,,,,,,,,,,,,,,,,,,,,,,,,,,,,,,,,259.84,0.0,0.0,0.0,0.0,0.0,0.0,0.0,0.003,5.0,0.0,0.0,0.0,0.0,0.0,0.0,0.0,0.0,0.0,,,,,,,,,,,,,,,,,,,,,,,,,,,,,,,,,,,,,,,,,,,,,,,,,,,,,,,,,,,,,,,,,,,,,,,,,1.0,5.0,7620.0,1064.0,1224.0,1064.0,1064.0,4.0,67.0,8.0,20.0,33.0,11.0,12.0,11.0,12.0,13.0,14.0,15.0,0.0,0.0,0.0,0.0,0.0,12.8,0.0,264.63,3.11,,0.0,2.0,0.0,,,,,,,,,,,,,,,,,,,,,,,,,,,,,,,,,,,,,,,,,,,,,,,,,,,,,,,,,,,,,,,,,,,,,,,,,,,,,,,,,,5.4,0.8,1.6,2.4,2.4,2.8,2.8,3.2,3.6,4.0,1.2,4.4,4.80275,5.29294,5.744,6.59847,7.04759,7.92645,8.81638,9.74064,11.8873,17.1282,5.37774,3.5,6.0,2.0,0.0,0.0,0.0,0.0,0.0,15.0,,,,,,,,,,,,,,,,,,,,,,,,,,,,,,,,,,,,,,,,,,,,,,,,,,,,,,,,,,,,,,,,,,,,,,,,,,,,,,,,,,,,,,,,,,,,,,,,,,,,,,,,,,,,,,,,,,,,,,,,,,,,,,,0.0,,,0.0,,0.0,0.0,3.3,0.0,88888.0,93.0,,,,,,,,,,,,,,,,,,,,,,,,,,,,,,,,,,,,,,,,,,,,,,,,,,,,,,,,,,,,,15.6,13.1,13.8,13.0,14.9,15.7,16.8,17.3,104.0,0.0,160.0,0.0,304.0,408.0,456.0,504.0,0.0,57.0,40.0,33.0,0.0,,,,,,265.8,3.36,,,,,,,,,,,,,,,,,,,,,,,,,,,,,,,,,,,,,,,,,,,,,,,,,,,,,,,,,,,,,9.999e+20,280.0,4.0,260.0,4.0,,,0.0,,,1.0,0.005,384.0,13.0,15.0,18.0,25.0,553.0,280.0,280.0,280.0,0.0,268.5,,,,,,,,,,,,,,,,,,,,,,,,,,,,,4.0,0.4,0.8,1.2,1.6,1.6,1.6,2.0,2.4,2.4,0.4,2.8,3.2,3.6,4.0,4.8,6.0,6.4,7.2,8.0,9.2,13.2,3.6,2.92,3.0,0.0,0.0,0.0,38.0,0.0,26.0,6.0,4.4,4.8,0.0
2026031408,,,,,,,,,,,,,,,,,,,,,,,,,,,,,,,,,0.0,0.0,,,,,,,,,,,,,,,,,,,,,,,,,,,,,,,,,,,,,,,,,,,,,,,,,,,,,,,,,,,,,,,,,,,,,,,,,,,,,,,,,,,,,,,,,,,,,,,,,,,,,,,,,,,,,,,,,,,,,,,,,,,,,,,,,258.93,0.0,0.0,0.0,0.0,0.0,0.0,0.0,0.0,1.0,0.0,0.0,0.0,0.0,0.0,0.0,0.0,0.0,0.0,,,,,,,,,,,,,,,,,,,,,,,,,,,,,,,,,,,,,,,,,,,,,,,,,,,,,,,,,,,,,,,,,,,,,,,,,1.0,7.0,7620.0,1064.0,1451.0,1064.0,1064.0,7.0,67.0,10.0,20.0,32.0,12.0,12.0,12.0,13.0,14.0,15.0,15.0,0.0,0.0,0.0,0.0,0.0,13.4,0.0,264.44,2.29,,0.0,1.0,0.0,,,,,,,,,,,,,,,,,,,,,,,,,,,,,,,,,,,,,,,,,,,,,,,,,,,,,,,,,,,,,,,,,,,,,,,,,,,,,,,,,,5.8,0.8,2.0,2.8,2.8,3.2,3.6,3.6,4.0,4.41839,1.6,4.88533,5.32054,5.38428,6.24088,7.08927,7.55419,8.84493,9.35343,9.88826,12.1733,17.2639,5.849,3.62,6.0,3.0,1.0,0.0,0.0,0.0,0.0,21.0,,,,,,,,,,,,,,,,,,,,,,,,,,,,,,,,,,,,,,,,,,,,,,,,,,,,,,,,,,,,,,,,,,,,,,,,,,,,,,,,,,,,,,,,,,,,,,,,,,,,,,,,,,,,,,,,,,,,,,,,,,,,,,,0.0,,,0.0,,0.0,0.0,0.3,0.0,88888.0,94.0,,,,,,,,,,,,,,,,,,,,,,,,,,,,,,,,,,,,,,,,,,,,,,,,,,,,,,,,,,,,,16.4,13.7,14.5,13.6,15.5,16.3,17.4,18.0,72.0,0.0,80.0,0.0,280.0,368.0,424.0,456.0,0.0,57.0,40.0,38.0,0.0,,,,,,265.37,2.84,,,,,,,,,,,,,,,,,,,,,,,,,,,,,,,,,,,,,,,,,,,,,,,,,,,,,,,,,,,,,9.999e+20,270.0,4.0,250.0,4.4,,,0.0,,,1.0,0.008,384.0,12.0,13.0,15.0,23.0,582.0,270.0,270.0,270.0,0.0,268.1,,,,,,,,,,,,,,,,,,,,,,,,,,,,,4.0,0.4,1.2,1.6,1.6,2.0,2.0,2.4,2.4,2.8,0.8,3.2,3.6,3.6,4.4,5.2,6.4,6.8,7.6,8.4,9.6,13.2,4.0,3.0,4.0,0.0,0.0,0.0,44.0,0.0,28.0,8.0,4.8,5.2,0.0
2026031409,,,,,,,,,,,,,,,,,,,,,,,,,,,,,,,,,0.0,1.0,,,,,,,,,,,,,,,,,,,,,,,,,,,,,,,,,,,,,,,,,,,,,,,,,,,,,,,,,,,,,,,,,,,,,,,,,,,,,,,,,,,,,,,,,,,,,,,,,,,,,,,,,,,,,,,,,,,,,,,,,,,,,,,,,258.97,0.0,0.0,0.0,0.0,0.0,0.0,0.0,0.0,2.0,0.0,0.0,0.0,0.0,0.0,0.0,0.0,0.0,0.0,,,,,,,,,,,,,,,,,,,,,,,,,,,,,,,,,,,,,,,,,,,,,,,,,,,,,,,,,,,,,,,,,,,,,,,,,2.0,10.0,7620.0,32.0,2507.0,32.0,32.0,8.0,62.0,10.0,18.0,27.0,12.0,13.0,12.0,14.0,15.0,16.0,16.0,0.0,0.0,0.0,0.0,0.0,14.3,0.0,264.0,2.03,0.0,0.0,1.0,0.0,,,,,,,,,,,,,,,,,,,,,,,,,,,,,,,,,,,,,,,,,,,,,,,,,,,,,9.999e+20,,,,,,,,,,,,,,,,,,,,,,,,,,,,,6.3,0.8,2.8,3.2,3.2,3.6,4.0,4.4,4.4,4.8,2.0,5.23546,5.71887,5.79997,6.65029,7.51061,7.96972,9.24783,10.1449,11.0053,13.2348,17.1546,6.24966,3.62,9.0,4.0,1.0,0.0,0.0,0.0,0.0,22.0,,9.999e+20,9.999e+20,9.999e+20,9.999e+20,9.999e+20,,,,,,,,,,,,,,,,,,,,,,,,,,,,,,,,,,,,,,,,,,,,,,,,,,,,,,,,,,,,,,,,,,,,,,,,,,,,,,,,,,,,,,,,,,,,,,,,,,,,,,,,,,,,,,,,,,,,,,,,,0.4,,,0.0,,0.0,0.0,0.3,0.0,88888.0,92.0,,,,,,,,,,,,,,,,,,,,,,,,,,,,,,,,,,,,,,,,,,,,,,,,,,,,,,,,,,,,,16.9,14.3,15.1,14.0,16.1,16.9,18.0,18.8,56.0,0.0,0.0,0.0,280.0,344.0,392.0,416.0,0.0,98.0,51.0,38.0,0.0,,,,,,265.32,2.72,,,,,,,,,,,,,,,,,,,,,,,,,,,,,,,,,,,,,,,,,,,,,,,,,,,,,,,,,,,,,9.999e+20,280.0,4.4,260.0,4.7,,,0.0,1.0,,1.0,0.019,12800.0,10.0,12.0,14.0,22.0,573.0,280.0,280.0,280.0,0.0,268.2,,,,,,,,,,,,,,,,,,,,,,,,,,,,,4.4,0.4,1.6,2.0,2.0,2.4,2.4,2.8,3.2,3.2,1.2,3.6,3.6,4.0,4.8,6.0,6.8,7.6,8.0,8.8,10.0,13.2,4.4,3.0,4.0,0.0,0.0,0.0,47.0,0.0,31.0,10.0,5.2,5.6,0.0
2026031410,,,,,,,,,,,,,,,,,,,,,,,,,,,,,,,,,0.0,2.0,,,,,,,,,,,,,,,,,,,,,,,,,,,,,,,,,,,,,,,,,,,,,,,,,,,,,,,,,,,,,,,,,,,,,,,,,,,,,,,,,,,,,,,,,,,,,,,,,,,,,,,,,,,,,,,,,,,,,,,,,,,,,,,,,259.05,0.0,0.0,0.0,0.0,0.0,0.0,0.0,0.0,2.0,0.0,0.0,0.0,0.0,0.0,0.0,0.0,0.0,0.0,,,,,,,,,,,,,,,,,,,,,,,,,,,,,,,,,,,,,,,,,,,,,,,,,,,,,,,,,,,,,,,,,,,,,,,,,4.0,14.0,7620.0,32.0,2498.0,32.0,32.0,9.0,59.0,10.0,18.0,27.0,13.0,13.0,12.0,14.0,15.0,17.0,18.0,0.0,0.0,0.0,0.0,0.0,15.2,0.0,264.47,1.53,,0.0,1.0,0.0,,,,,,,,,,,,,,,,,,,,,,,,,,,,,,,,,,,,,,,,,,,,,,,,,,,,,,,,,,,,,,,,,,,,,,,,,,,,,,,,,,6.6,1.2,3.2,3.6,4.0,4.4,4.4,4.8,4.8,5.2,2.8,5.61392,6.05429,6.49715,7.33611,7.41404,8.28865,8.7355,10.0176,11.3026,13.8493,17.2869,6.58139,3.52,10.0,4.0,1.0,0.0,0.0,0.0,0.0,22.0,,,,,,,,,,,,,,,,,,,,,,,,,,,,,,,,,,,,,,,,,,,,,,,,,,,,,,,,,,,,,,,,,,,,,,,,,,,,,,,,,,,,,,,,,,,,,,,,,,,,,,,,,,,,,,,,,,,,,,,,,,,,,,,0.4,,,0.0,,0.0,0.0,4.3,0.0,88888.0,93.0,,,,,,,,,,,,,,,,,,,,,,,,,,,,,,,,,,,,,,,,,,,,,,,,,,,,,,,,,,,,,17.1,14.8,15.6,14.5,16.5,17.1,18.1,18.7,64.0,0.0,0.0,0.0,248.0,320.0,352.0,368.0,0.0,57.0,47.0,30.0,0.0,,,,,,265.52,2.22,,,,,,,,,,,,,,,,,,,,,,,,,,,,,,,,,,,,,,,,,,,,,,,,,,,,,,,,,,,,,9.999e+20,290.0,4.8,260.0,5.1,,,1.0,,,2.0,0.021,384.0,12.0,13.0,15.0,22.0,601.0,290.0,290.0,290.0,0.0,268.2,,,,,,,,,,,,,,,,,,,,,,,,,,,,,4.8,0.8,2.0,2.4,2.4,2.8,2.8,3.2,3.2,3.6,1.6,3.6,4.0,4.8,5.2,6.0,6.8,7.6,8.0,8.8,10.8,13.6,4.8,3.0,4.0,0.0,0.0,0.0,53.0,0.0,32.0,12.0,5.6,6.4,0.0
2026031411,,,,,,,,,,,,,,,,,,,,,,,,,,,,,,,,,0.254,3.0,,,,,,,,,,,,,,,,,,,,,,,,,,,,,,,,,,,,,,,,,,,,,,,,,,,,,,,,,,,,,,,,,,,,,,,,,,,,,,,,,,,,,,,,,,,,,,,,,,,,,,,,,,,,,,,,,,,,,,,,,,,,,,,,,258.8,0.0,0.0,0.0,0.0,0.0,0.0,0.0,0.0,2.0,1.0,0.0,0.0,0.0,0.0,0.0,0.0,0.0,0.0,,,,,,,,,,,,,,,,,,,,,,,,,,,,,,,,,,,,,,,,,,,,,,,,,,,,,,,,,,,,,,,,,,,,,,,,,6.0,18.0,7620.0,32.0,2496.0,32.0,32.0,9.0,52.0,9.0,15.0,22.0,13.0,14.0,12.0,14.0,16.0,18.0,18.0,0.0,0.0,0.0,0.0,0.0,15.0,0.0,264.01,1.29,,0.0,1.0,0.0,,,,,,,,,,,,,,,,,,,,,,,,,,,,,,,,,,,,,,,,,,,,,,,,,,,,,,,,,,,,,,,,,,,,,,,,,,,,,,,,,,6.91,1.6,3.6,4.4,4.4,4.8,4.8,5.2,5.6,5.6,2.8,6.0,6.81436,6.84432,7.69205,7.71932,8.20121,9.05505,10.3086,11.2206,14.5821,17.2494,6.94053,3.4,10.0,5.0,1.0,0.0,0.0,0.0,0.0,23.0,,,,,,,,,,,,,,,,,,,,,,,,,,,,,,,,,,,,,,,,,,,,,,,,,,,,,,,,,,,,,,,,,,,,,,,,,,,,,,,,,,,,,,,,,,,,,,,,,,,,,,,,,,,,,,,,,,,,,,,,,,,,,,,10.0,,,0.0,,0.0,0.0,30.3,0.0,1396.0,88.0,,,,,,,,,,,,,,,,,,,,,,,,,,,,,,,,,,,,,,,,,,,,,,,,,,,,,,,,,,,,,17.4,15.4,16.1,15.0,16.9,17.5,18.3,18.5,40.0,0.0,0.0,0.0,208.0,288.0,312.0,336.0,0.0,57.0,53.0,28.0,0.0,,,,,,265.8,1.91,,,,,,,,,,,,,,,,,,,,,,,,,,,,,,,,,,,,,,,,,,,,,,,,,,,,,,,,,,,,,9.999e+20,290.0,5.2,270.0,5.3,,,1.0,,,2.0,0.035,384.0,11.0,13.0,14.0,21.0,617.0,290.0,290.0,290.0,0.0,268.5,,,,,,,,,,,,,,,,,,,,,,,,,,,,,5.2,0.8,2.4,2.8,2.8,3.2,3.2,3.6,3.6,4.0,2.0,4.4,4.8,5.2,6.0,6.4,7.2,7.6,8.0,8.8,11.2,13.6,5.2,2.92,5.0,0.0,0.0,0.0,60.0,0.0,38.0,11.0,6.0,6.8,0.0
2026031412,1.668,0.0,0.0,0.0,0.0,0.0,0.005,0.072,0.163,0.285,0.0,0.436,0.599,0.838,1.156,1.572,2.094,2.857,3.656,4.773,7.305,15.642,47.0,0.0,1.0,0.0,1.0,22.0,0.0,0.0,6.0,0.0,0.254,7.0,6.948,0.0,0.478,0.84,1.241,1.641,2.042,2.518,3.001,3.586,0.091,4.305,5.15,5.996,7.123,8.312,9.837,11.837,13.634,16.745,21.73,37.585,93.0,0.0,17.0,0.0,0.0,0.0,3.0,0.0,38.0,0.0,,,,,,,,,,,,,,,,,,,,,,,,,,,,,,,,,0.508,0.0,0.0,0.0,0.0,0.0,0.0,0.0,0.0,0.0,0.0,0.0,0.0,0.0,0.021,0.151,0.408,0.758,1.299,1.983,3.326,7.547,21.0,0.0,0.0,8.0,0.0,0.0,0.0,1.0,0.0,0.0,,,,,,,,,,,,,,,,,,,,,,,,,,,,,,,,,258.22,0.005,0.0,0.0,0.0,0.0,0.0,0.0,0.0,2.0,1.0,1.0,0.0,0.0,0.0,0.0,0.0,0.0,0.0,0.02,0.005,0.015,0.003,0.038,0.064,0.089,0.107,86.0,55.0,32.0,6.0,1.0,0.0,0.0,0.0,0.0,0.0,,,,,,,,,,,,,,,,,,,0.003,0.0,0.0,0.0,0.0,0.0,0.0,0.0,5.0,0.0,0.0,0.0,0.0,0.0,0.0,0.0,0.0,0.0,,,,,,,,,,,,,,,,,,,7.0,20.0,7620.0,32.0,2493.0,32.0,32.0,8.0,48.0,9.0,16.0,22.0,13.0,14.0,12.0,16.0,17.0,18.0,19.0,0.0,0.0,0.0,0.0,0.0,16.0,0.0,263.46,1.48,0.0,0.0,1.0,0.0,0.0,0.0,0.0,0.0,0.0,0.0,0.0,0.0,0.0,0.0,0.0,0.0,0.0,,,,,,,,,,,,,0.0,0.0,0.0,0.0,0.0,0.0,0.0,0.0,0.0,0.0,0.0,0.0,0.0,,,,,,,,,,,,,,8.0,9.999e+20,,,,,,,,,,,,,,,,,,,,,,,,,,,,,7.31,2.4,4.0,4.4,4.8,5.2,5.6,5.6,6.0,6.4,3.2,6.4,6.8,7.24843,7.28318,7.70535,8.95541,9.40413,10.2352,11.1329,14.9419,16.8884,7.32163,3.32,10.0,5.0,0.0,0.0,0.0,0.0,0.0,25.0,4.0,9.999e+20,9.999e+20,9.999e+20,9.999e+20,9.999e+20,,,,,,,,,,,,,,,,,,,,,,,,,,,,,,,,,,,,,,,,,,,,,,,,,,,,,,,,,,,,,,,,,,,,,,,,,,,,,,,,,,,,,,,,,,,,,,,,,,,,,,,,,,,,,,,,,,,,,,,,,9.6,,,0.0,2.0,0.0,0.0,30.3,0.0,78.0,86.0,,,,,,,,,,,,,,,,,,,,,,,,,,,,,,,,,,,,,,,,,,,,,,,,,,,,,,,,,,,,,17.2,15.9,16.5,15.5,17.1,17.6,18.3,18.6,32.0,0.0,0.0,0.0,176.0,248.0,288.0,312.0,0.0,57.0,58.0,24.0,0.0,,,264.72,1.52,,265.65,1.83,,,,,,,,,,,,,,,,,,,,,,,,,,,,,,,,,,,,,,,,,,,,,,,,,,,,,,,,,,,,,9.999e+20,300.0,5.6,270.0,5.6,11.0,5.0,0.0,1.0,4.0,2.0,0.014,16256.0,10.0,11.0,13.0,19.0,610.0,300.0,300.0,300.0,0.0,267.9,,,,,,,,,,,,,,,,,,,,,,,,,,,,,5.6,1.2,2.4,2.8,3.2,3.6,3.6,4.0,4.0,4.4,2.0,4.8,5.2,5.6,6.4,6.8,7.2,7.6,8.0,8.8,11.6,13.2,5.6,2.8,6.0,0.0,0.0,0.0,72.0,0.0,41.0,10.0,6.4,6.8,0.0
2026031413,,,,,,,,,,,,,,,,,,,,,,,,,,,,,,,,,0.0,0.0,,,,,,,,,,,,,,,,,,,,,,,,,,,,,,,,,,,,,,,,,,,,,,,,,,,,,,,,,,,,,,,,,,,,,,,,,,,,,,,,,,,,,,,,,,,,,,,,,,,,,,,,,,,,,,,,,,,,,,,,,,,,,,,,,257.89,0.0,0.0,0.0,0.0,0.0,0.0,0.0,0.0,1.0,0.0,0.0,0.0,0.0,0.0,0.0,0.0,0.0,0.0,,,,,,,,,,,,,,,,,,,,,,,,,,,,,,,,,,,,,,,,,,,,,,,,,,,,,,,,,,,,,,,,,,,,,,,,,7.0,17.0,7620.0,32.0,1689.0,32.0,32.0,9.0,45.0,11.0,16.0,23.0,13.0,14.0,13.0,16.0,18.0,19.0,19.0,0.0,0.0,0.0,0.0,0.0,17.2,0.0,263.38,1.86,,0.0,1.0,0.0,,,,,,,,,,,,,,,,,,,,,,,,,,,,,,,,,,,,,,,,,,,,,,,,,,,,,,,,,,,,,,,,,,,,,,,,,,,,,,,,,,7.31,2.8,4.4,4.4,4.8,5.2,5.6,5.6,6.0,6.4,3.6,6.80164,6.82878,7.24816,7.66374,8.09536,8.5349,9.37495,10.2322,11.9015,15.6672,17.0718,7.30349,3.32,13.0,6.0,0.0,0.0,0.0,0.0,0.0,25.0,,,,,,,,,,,,,,,,,,,,,,,,,,,,,,,,,,,,,,,,,,,,,,,,,,,,,,,,,,,,,,,,,,,,,,,,,,,,,,,,,,,,,,,,,,,,,,,,,,,,,,,,,,,,,,,,,,,,,,,,,,,,,,,0.0,,,0.0,,0.0,0.0,0.8,0.0,88888.0,86.0,,,,,,,,,,,,,,,,,,,,,,,,,,,,,,,,,,,,,,,,,,,,,,,,,,,,,,,,,,,,,17.5,15.8,16.5,15.4,17.0,17.6,18.3,18.6,24.0,0.0,0.0,0.0,136.0,200.0,224.0,256.0,0.0,57.0,37.0,29.0,0.0,,,,,,265.08,1.86,,,,,,,,,,,,,,,,,,,,,,,,,,,,,,,,,,,,,,,,,,,,,,,,,,,,,,,,,,,,,9.999e+20,300.0,5.6,270.0,5.9,,,0.0,,,2.0,0.01,16256.0,11.0,13.0,13.0,18.0,549.0,300.0,300.0,300.0,0.0,267.8,,,,,,,,,,,,,,,,,,,,,,,,,,,,,5.6,1.6,2.8,3.2,3.6,3.6,3.6,4.0,4.4,4.8,2.4,4.8,5.6,6.0,6.4,6.8,7.2,7.6,8.4,9.6,12.4,13.2,5.6,2.8,6.0,0.0,0.0,0.0,76.0,0.0,44.0,13.0,6.4,7.2,0.0
2026031414,,,,,,,,,,,,,,,,,,,,,,,,,,,,,,,,,0.0,,,,,,,,,,,,,,,,,,,,,,,,,,,,,,,,,,,,,,,,,,,,,,,,,,,,,,,,,,,,,,,,,,,,,,,,,,,,,,,,,,,,,,,,,,,,,,,,,,,,,,,,,,,,,,,,,,,,,,,,,,,,,,,,,,,,,,,,,,,,,,,,,,,,,,,,,,,,,,,,,,,,,,,,,,,,,,,,,,,,,,,,,,,,,,,,,,,,,,,,,,,,,,,,,,,,,,,,,,,,,,,,,,,,,,,,,,,,,,,,,,,,,,,,,,,,,,,,,,,,,,,,,,,,,,,,,,,,,,,,,,,,,,,,,,,,,,,,,,,,,,,,,,,,,,,,,,,,,,,,,,,,,,,,,,,,,,,2.8,4.4,4.8,5.2,5.2,5.6,6.0,6.0,6.4,4.0,6.8,6.81105,7.22447,7.65204,8.09749,8.52777,8.98003,10.2242,12.2849,15.6061,16.9882,7.29548,3.36435,11.0,5.0,0.0,0.0,0.0,0.0,0.0,24.0,,,,,,,,,,,,,,,,,,,,,,,,,,,,,,,,,,,,,,,,,,,,,,,,,,,,,,,,,,,,,,,,,,,,,,,,,,,,,,,,,,,,,,,,,,,,,,,,,,,,,,,,,,,,,,,,,,,,,,,,,,,,,,,,,,,,,,,,,,,,,,,,,,,,,,,,,,,,,,,,,,,,,,,,,,,,,,,,,,,,,,,,,,,,,,,,,,,,,,,,,,,,,,,,,,,,,,,,,,,,,,,,,,,,,,,,,,,,,,,,,,,,,,,,,,,,,,,,,,,,,,,,,,,,,,,,,,,,,,,,,,,,,,,,,,,,,,,,,,,,,,,,,,,,,,,,,,,,,,,,,,,,,,,,,,,,,,,,,,1.6,2.8,3.2,3.6,3.6,4.0,4.4,4.8,4.8,2.4,5.2,5.6,6.4,6.4,6.8,7.2,7.6,8.4,9.6,12.4,13.2,5.6,2.8,6.0,0.0,0.0,0.0,76.0,0.0,44.0,13.0,,,
2026031415,,,,,,,,,,,,,,,,,,,,,,,,,,,,,,,,,0.0,,,,,,,,,,,,,,,,,,,,,,,,,,,,,,,,,,,,,,,,,,,,,,,,,,,,,,,,,,,,,,,,,,,,,,,,,,,,,,,,,,,,,,,,,,,,,,,,,,,,,,,,,,,,,,,,,,,,,,,,,,,,,,,,,,257.99,,,,,,,,,,,,,,,,,,,,,,,,,,,,,,,,,,,,,,,,,,,,,,,,,,,,,,,,,,,,,,,,,,,,,,,,,,,,,,,,,,,,,,,,,,,5.0,13.0,,,,24.0,960.0,,,,,,12.0,14.0,11.0,15.0,18.0,21.0,21.0,0.0,0.0,0.0,0.0,0.0,16.9,,262.2,2.0,0.0,23.0,2.0,,,,,,,,,,,,,,,,,,,,,,,,,,,,,,,,,,,,,,,,,,,,,,,,,,,,,,9.999e+20,,,,,,,,,,,,,,,,,,,,,,,,,,,,,7.7,2.8,4.4,4.8,5.2,5.2,5.6,6.0,6.4,6.4,4.4,6.8,7.20956,7.24364,7.65632,7.69212,8.51457,9.39076,10.2323,11.8668,15.1774,16.638,7.29751,3.12,11.0,5.0,0.0,0.0,0.0,0.0,0.0,23.0,,9.999e+20,9.999e+20,9.999e+20,9.999e+20,9.999e+20,,,,,,,,,,,,,,,,,,,,,,,,,,,,,,,,,,,,,,,,,,,,,,,,,,,,,,,,,,,,,,,,,,,,,,,,,,,,,,,,,,,,,,,,,,,,,,,,,,,,,,,,,,,,,,,,,,,,,,,,,,,,0.0,,0.0,0.0,21.7,0.0,,78.0,,,,,,,,,,,,,,,,,,,,,,,,,,,,,,,,,,,,,,,,,,,,,,,,,,,,,,,,,,,,,17.7,15.7,16.4,15.3,17.1,17.7,18.3,18.8,8.0,0.0,0.0,0.0,56.0,88.0,112.0,128.0,,,22.0,19.0,,,,,,,265.25,2.01,,,,,,,,,,,,,,,,,,,,,,,,,,,,,,,,,,,,,,,,,,,,,,,,,,,,,,,,,,,,,9.999e+20,260.0,6.0,280.0,6.0,,,,1.0,,2.0,,16256.0,,,,,665.0,260.0,260.0,260.0,,264.7,,,,,,,,,,,,,,,,,,,,,,,,,,,,,6.0,2.0,2.8,3.2,3.6,4.0,4.0,4.4,4.8,4.8,2.8,5.2,5.6,6.0,6.4,6.8,7.2,7.6,8.4,9.2,12.4,13.6,6.0,2.72,6.0,0.0,0.0,0.0,78.0,0.0,44.0,13.0,6.4,7.2,
2026031416,,,,,,,,,,,,,,,,,,,,,,,,,,,,,,,,,0.0,,,,,,,,,,,,,,,,,,,,,,,,,,,,,,,,,,,,,,,,,,,,,,,,,,,,,,,,,,,,,,,,,,,,,,,,,,,,,,,,,,,,,,,,,,,,,,,,,,,,,,,,,,,,,,,,,,,,,,,,,,,,,,,,,,,,,,,,,,,,,,,,,,,,,,,,,,,,,,,,,,,,,,,,,,,,,,,,,,,,,,,,,,,,,,,,,,,,,,,,,,,,,,,,,,,,,,,,,,,,,,,,,,,,13.0,,14.0,,22.0,,,,,,,,,,,,,,,,,,,,,,,,,,,,,,,,,,,,,,,,,,,,,,,,,,,,,,,,,,,,,,,,,,,,,,,,,,,,,,,,,,,,,,,,,,,,,,,,,,,,,,,3.2,4.4,4.8,5.2,5.2,6.0,6.0,6.4,6.8,4.0,6.8,7.61987,7.66549,8.10259,8.52913,8.97893,9.44692,9.93753,12.0367,14.9814,16.8621,7.73463,3.01697,11.0,4.0,0.0,0.0,0.0,0.0,0.0,28.0,,,,,,,,,,,,,,,,,,,,,,,,,,,,,,,,,,,,,,,,,,,,,,,,,,,,,,,,,,,,,,,,,,,,,,,,,,,,,,,,,,,,,,,,,,,,,,,,,,,,,,,,,,,,,,,,,,,,,,,,,,,,,,,,,,,,,,,,,,,,,,,,,,,,,,,,,,,,,,,,,,,,,,,,,,,,,,,,,,,,,,,,,,,,,,,,,,,,,,,,,,,,,,,,,,,,,,,,,,,,,,,,,,,,,,,,,,,,,,,,,,,,,,,,,,,,,,,,,,,,,,,,,,,,,,,,,,,,,,,,,,,,,,,,,,,,,,,,,,,10.0,,10.0,11.0,,,,,,,,,,,,,,,,,,,,,,,,,,,,,,,,,,,,1.6,3.2,3.2,3.6,4.0,4.4,4.4,4.8,5.2,2.8,5.6,6.0,6.4,6.8,6.8,7.2,8.0,8.8,9.6,12.0,13.6,6.0,2.8,6.0,0.0,0.0,0.0,80.0,0.0,49.0,14.0,,,
2026031417,,,,,,,,,,,,,,,,,,,,,,,,,,,,,,,,,0.0,,,,,,,,,,,,,,,,,,,,,,,,,,,,,,,,,,,,,,,,,,,,,,,,,,,,,,,,,,,,,,,,,,,,,,,,,,,,,,,,,,,,,,,,,,,,,,,,,,,,,,,,,,,,,,,,,,,,,,,,,,,,,,,,,,,,,,,,,,,,,,,,,,,,,,,,,,,,,,,,,,,,,,,,,,,,,,,,,,,,,,,,,,,,,,,,,,,,,,,,,,,,,,,,,,,,,,,,,,,,,,,,,,,,,,,,,,,,,,,,,,,,,,,,,,,,,,,,,,,,,,,,,,,,,,,,,,,,,,,,,,,,,,,,,,,,,,,,,,,,,,,,,,,,,,,,,,,,,,,,,,,,,,,,,,,,,,,3.2,4.4,4.8,5.6,5.62205,6.08971,6.54362,6.9767,7.02689,4.0,7.46586,7.94342,8.38341,9.2396,9.69202,9.76846,10.2342,10.7074,12.4416,15.4268,17.0116,7.96496,3.14596,13.0,5.0,1.0,0.0,0.0,0.0,0.0,37.0,,,,,,,,,,,,,,,,,,,,,,,,,,,,,,,,,,,,,,,,,,,,,,,,,,,,,,,,,,,,,,,,,,,,,,,,,,,,,,,,,,,,,,,,,,,,,,,,,,,,,,,,,,,,,,,,,,,,,,,,,,,,,,,,,,,,,,,,,,,,,,,,,,,,,,,,,,,,,,,,,,,,,,,,,,,,,,,,,,,,,,,,,,,,,,,,,,,,,,,,,,,,,,,,,,,,,,,,,,,,,,,,,,,,,,,,,,,,,,,,,,,,,,,,,,,,,,,,,,,,,,,,,,,,,,,,,,,,,,,,,,,,,,,,,,,,,,,,,,,,,,,,,,,,,,,,,,,,,,,,,,,,,,,,,,,,,,,,,,1.6,2.8,3.2,3.6,4.0,4.4,4.8,4.8,5.2,2.4,5.6,6.0,6.4,7.2,7.2,8.0,8.4,9.2,10.0,12.0,13.8669,6.01461,2.86551,6.0,0.0,0.0,0.0,81.0,0.0,51.0,19.0,,,
2026031418,0.973,0.0,0.0,0.0,0.0,0.0,0.0,0.0,0.0,0.0,0.0,0.009,0.076,0.175,0.31,0.523,0.843,1.487,2.248,3.153,4.649,10.558,37.0,0.0,1.0,0.0,0.0,13.0,0.0,0.0,3.0,0.0,0.0,,,,,,,,,,,,,,,,,,,,,,,,,,,,,,,,,,,,,,,,,,,,,,,,,,,,,,,,,,,,,,,,,,0.0,0.0,0.0,0.0,0.0,0.0,0.0,0.0,0.0,0.0,0.0,0.0,0.0,0.0,0.0,0.04,0.141,0.322,0.596,1.051,1.846,4.188,22.0,0.0,0.0,2.0,0.0,0.0,0.0,1.0,0.0,0.0,,,,,,,,,,,,,,,,,,,,,,,,,,,,,,,,,262.0,,,,,,,,,,,,,,,,,,,0.005,0.0,0.0,0.0,0.013,0.028,0.048,0.058,63.0,26.0,8.0,1.0,0.0,0.0,0.0,0.0,0.0,0.0,,,,,,,,,,,,,,,,,,,0.0,0.0,0.0,0.0,0.0,0.0,0.0,0.0,2.0,0.0,0.0,0.0,0.0,0.0,0.0,0.0,0.0,0.0,,,,,,,,,,,,,,,,,,,3.0,5.0,,,,96.0,88888.0,,,,,,12.0,13.0,12.0,13.0,15.0,17.0,22.0,0.0,0.0,0.0,0.0,0.0,14.1,,260.51,1.83,0.0,457.0,3.0,,0.0,0.0,0.0,0.0,0.0,0.0,0.0,0.0,0.0,0.0,0.0,0.0,0.0,,,,,,,,,,,,,0.0,0.0,0.0,0.0,0.0,0.0,0.0,0.0,0.0,0.0,0.0,0.0,0.0,,,,,,,,,,,,,,24.0,9.999e+20,,,,,,,,,,,,,,,,,,,,,,,,,,,,,8.7,2.8,4.4,5.2,6.0,6.26619,6.76588,6.89054,7.39497,7.47826,4.0,8.00849,8.48771,9.08562,9.59812,10.113,10.6494,11.2098,11.7254,12.6732,15.7278,17.3024,8.6901,3.32,17.0,6.0,1.0,0.0,0.0,0.0,0.0,44.0,3.0,9.999e+20,9.999e+20,9.999e+20,9.999e+20,9.999e+20,,,,,,,,,,,,,,,,,,,,,,,,,,,,,,,,,,,,,,,,,,,,,,,,,,,,,,,,,,,,,,,,,,,,,,,,,,,,,,,,,,,,,,,,,,,,,,,,,,,,,,,,,,,,,,,,,,,,,,,,,,92.0,,712.0,,0.0,0.0,0.8,0.0,,52.0,,,,,,,,,,,,,,,,,,,,,,,,,,,,,,,,,,,,,,,,,,,,,,,,,,,,,,,,,,,,,17.5,14.5,15.7,14.4,16.7,17.6,18.1,19.0,16.0,0.0,0.0,0.0,0.0,24.0,264.0,272.0,,,5.0,8.0,,,,,,3.03761,268.83,1.83,,,,,,,,,,,,,,,,,,,,,,,,,,,,,,,265.982,260.031,261.833,262.829,263.549,263.745,264.126,264.275,264.594,265.106,261.37,265.218,265.91,266.139,266.741,267.328,268.28,269.299,270.048,270.341,270.663,271.879,0.0,0.0,0.0,0.0,3.0,95.0,100.0,0.0,9.999e+20,280.0,6.5,300.0,7.6,4.0,5.0,,0.0,1.0,2.0,,16256.0,,,,,9106.0,280.0,280.0,280.0,,267.9,,,,,,,,,,,,,,,,,,,,,,,,,,,,,6.5,1.6,2.8,3.2,4.0,4.4,4.4,4.8,5.2,5.6,2.4,6.0,6.4,6.8,7.2,7.6,8.4,8.8,9.6,10.0,11.5244,13.9262,6.45177,2.92,6.0,0.0,0.0,0.0,82.0,0.0,53.0,21.0,7.3,8.1,
2026031419,,,,,,,,,,,,,,,,,,,,,,,,,,,,,,,,,0.0,,,,,,,,,,,,,,,,,,,,,,,,,,,,,,,,,,,,,,,,,,,,,,,,,,,,,,,,,,,,,,,,,,,,,,,,,,,,,,,,,,,,,,,,,,,,,,,,,,,,,,,,,,,,,,,,,,,,,,,,,,,,,,,,,,,,,,,,,,,,,,,,,,,,,,,,,,,,,,,,,,,,,,,,,,,,,,,,,,,,,,,,,,,,,,,,,,,,,,,,,,,,,,,,,,,,,,,,,,,,,,,,,,,,5.0,,6.0,,10.0,,,,,,,,,,,,,,,,,,,,,,,,,,,,,,,,,,,,,,,,,,,,,,,,,,,,,,,,,,,,,,,,,,,,,,,,,,,,,,,,,,,,,,,,,,,,,,,,,,,,,,,,,,,,,,,,,,,,,,,,,,,,,,,,,,,,,,,,,,,,,,,,,,,,,,,,,,,,,,,,,,,,,,,,,,,,,,,,,,,,,,,,,,,,,,,,,,,,,,,,,,,,,,,,,,,,,,,,,,,,,,,,,,,,,,,,,,,,,,,,,,,,,,,,,,,,,,,,,,,,,,,,,,,,,,,,,,,,,,,,,,,,,,,,,,,,,,,,,,,,,,,,,,,,,,,,,,,,,,,,,,,,,,,,,,,,,,,,,,,,,,,,,,,,,,,,,,,,,,,,,,,,,,,,,,,,,,,,,,,,,,,,,,,,,,,,,,,,,,,,,,,,,,,,,,,,,,,,,,,,,,,,,,,,,,,,6.0,,7.0,7.0,,,,,,,,,,,,,,,,,,,,,,,,,,,,,,,,,,,,,,,,,,,,,,,,,,,,,,,,,,,,,,,,,,,,,
2026031420,,,,,,,,,,,,,,,,,,,,,,,,,,,,,,,,,0.0,,,,,,,,,,,,,,,,,,,,,,,,,,,,,,,,,,,,,,,,,,,,,,,,,,,,,,,,,,,,,,,,,,,,,,,,,,,,,,,,,,,,,,,,,,,,,,,,,,,,,,,,,,,,,,,,,,,,,,,,,,,,,,,,,,,,,,,,,,,,,,,,,,,,,,,,,,,,,,,,,,,,,,,,,,,,,,,,,,,,,,,,,,,,,,,,,,,,,,,,,,,,,,,,,,,,,,,,,,,,,,,,,,,,,,,,,,,,,,,,,,,,,,,,,,,,,,,,,,,,,,,,,,,,,,,,,,,,,,,,,,,,,,,,,,,,,,,,,,,,,,,,,,,,,,,,,,,,,,,,,,,,,,,,,,,,,,,,,,,,,,,,,,,,,,,,,,,,,,,,,,,,,,,,,,,,,,,,,,,,,,,,,,,,,,,,,,,,,,,,,,,,,,,,,,,,,,,,,,,,,,,,,,,,,,,,,,,,,,,,,,,,,,,,,,,,,,,,,,,,,,,,,,,,,,,,,,,,,,,,,,,,,,,,,,,,,,,,,,,,,,,,,,,,,,,,,,,,,,,,,,,,,,,,,,,,,,,,,,,,,,,,,,,,,,,,,,,,,,,,,,,,,,,,,,,,,,,,,,,,,,,,,,,,,,,,,,,,,,,,,,,,,,,,,,,,,,,,,,,,,,,,,,,,,,,,,,,,,,,,,,,,,,,,,,,,,,,,,,,,,,,,,,,,,,,,,,,,,,,,,,,,,,,,,,,,,,,,,,,,,,,,,,,,,,,,,,,,,,,,,,,,,,,,,,,,,,,,
2026031421,,,,,,,,,,,,,,,,,,,,,,,,,,,,,,,,,0.0,,,,,,,,,,,,,,,,,,,,,,,,,,,,,,,,,,,,,,,,,,,,,,,,,,,,,,,,,,,,,,,,,,,,,,,,,,,,,,,,,,,,,,,,,,,,,,,,,,,,,,,,,,,,,,,,,,,,,,,,,,,,,,,,,,263.51,,,,,,,,,,,,,,,,,,,,,,,,,,,,,,,,,,,,,,,,,,,,,,,,,,,,,,,,,,,,,,,,,,,,,,,,,,,,,,,,,,,,,,,,,,,15.0,17.0,,,,288.0,88888.0,,,,,,11.0,11.0,10.0,12.0,14.0,16.0,16.0,0.0,0.0,0.0,0.0,0.0,12.1,,262.01,2.11,0.0,670.0,3.0,,,,,,,,,,,,,,,,,,,,,,,,,,,,,,,,,,,,,,,,,,,,,,,,,,,,,,9.999e+20,,,,,,,,,,,,,,,,,,,,,,,,,,,,,9.7,2.8,6.4,6.8,7.2,7.6,8.07178,8.47328,8.87328,9.28174,5.2,9.30599,9.85403,10.3419,10.4546,10.9594,11.5216,12.4683,13.0074,13.9433,16.5982,18.168,9.73389,3.22,27.0,6.0,4.0,0.0,0.0,0.0,0.0,60.0,,9.999e+20,9.999e+20,9.999e+20,9.999e+20,9.999e+20,,,,,,,,,,,,,,,,,,,,,,,,,,,,,,,,,,,,,,,,,,,,,,,,,,,,,,,,,,,,,,,,,,,,,,,,,,,,,,,,,,,,,,,,,,,,,,,,,,,,,,,,,,,,,,,,,,,,,,,,,,,,1184.0,,0.0,0.0,5.2,0.0,,52.0,,,,,,,,,,,,,,,,,,,,,,,,,,,,,,,,,,,,,,,,,,,,,,,,,,,,,,,,,,,,,15.9,13.8,14.7,13.7,15.2,16.4,17.7,18.5,112.0,0.0,128.0,0.0,168.0,328.0,400.0,416.0,,,23.0,16.0,,,,,,,270.26,2.12,,,,,,,,,,,,,,,,,,,,,,,,,,,,,,,,,,,,,,,,,,,,,,,,,,,,,,,,,,,,,9.999e+20,290.0,6.9,290.0,9.1,,,,1.0,,2.0,,16256.0,,,,,15122.0,290.0,290.0,290.0,,270.4,,,,,,,,,,,,,,,,,,,,,,,,,,,,,6.9,1.6,4.0,4.4,4.8,5.2,5.6,5.6,6.4,6.4,3.2,6.8,7.2,7.6,8.0,8.4,8.8,9.2,9.6,10.0,12.1632,13.6104,6.89781,2.6,6.0,0.0,0.0,0.0,94.0,0.0,66.0,25.0,8.1,8.9,
2026031422,,,,,,,,,,,,,,,,,,,,,,,,,,,,,,,,,0.0,,,,,,,,,,,,,,,,,,,,,,,,,,,,,,,,,,,,,,,,,,,,,,,,,,,,,,,,,,,,,,,,,,,,,,,,,,,,,,,,,,,,,,,,,,,,,,,,,,,,,,,,,,,,,,,,,,,,,,,,,,,,,,,,,,,,,,,,,,,,,,,,,,,,,,,,,,,,,,,,,,,,,,,,,,,,,,,,,,,,,,,,,,,,,,,,,,,,,,,,,,,,,,,,,,,,,,,,,,,,,,,,,,,,2.0,,4.0,,14.0,,,,,,,,,,,,,,,,,,,,,,,,,,,,,,,,,,,,,,,,,,,,,,,,,,,,,,,,,,,,,,,,,,,,,,,,,,,,,,,,,,,,,,,,,,,,,,,,,,,,,,,,,,,,,,,,,,,,,,,,,,,,,,,,,,,,,,,,,,,,,,,,,,,,,,,,,,,,,,,,,,,,,,,,,,,,,,,,,,,,,,,,,,,,,,,,,,,,,,,,,,,,,,,,,,,,,,,,,,,,,,,,,,,,,,,,,,,,,,,,,,,,,,,,,,,,,,,,,,,,,,,,,,,,,,,,,,,,,,,,,,,,,,,,,,,,,,,,,,,,,,,,,,,,,,,,,,,,,,,,,,,,,,,,,,,,,,,,,,,,,,,,,,,,,,,,,,,,,,,,,,,,,,,,,,,,,,,,,,,,,,,,,,,,,,,,,,,,,,,,,,,,,,,,,,,,,,,,,,,,,,,,,,,,,,,,8.0,,9.0,10.0,,,,,,,,,,,,,,,,,,,,,,,,,,,,,,,,,,,,,,,,,,,,,,,,,,,,,,,,,,,,,,,,,,,,,
2026031423,,,,,,,,,,,,,,,,,,,,,,,,,,,,,,,,,0.0,,,,,,,,,,,,,,,,,,,,,,,,,,,,,,,,,,,,,,,,,,,,,,,,,,,,,,,,,,,,,,,,,,,,,,,,,,,,,,,,,,,,,,,,,,,,,,,,,,,,,,,,,,,,,,,,,,,,,,,,,,,,,,,,,,,,,,,,,,,,,,,,,,,,,,,,,,,,,,,,,,,,,,,,,,,,,,,,,,,,,,,,,,,,,,,,,,,,,,,,,,,,,,,,,,,,,,,,,,,,,,,,,,,,,,,,,,,,,,,,,,,,,,,,,,,,,,,,,,,,,,,,,,,,,,,,,,,,,,,,,,,,,,,,,,,,,,,,,,,,,,,,,,,,,,,,,,,,,,,,,,,,,,,,,,,,,,,,,,,,,,,,,,,,,,,,,,,,,,,,,,,,,,,,,,,,,,,,,,,,,,,,,,,,,,,,,,,,,,,,,,,,,,,,,,,,,,,,,,,,,,,,,,,,,,,,,,,,,,,,,,,,,,,,,,,,,,,,,,,,,,,,,,,,,,,,,,,,,,,,,,,,,,,,,,,,,,,,,,,,,,,,,,,,,,,,,,,,,,,,,,,,,,,,,,,,,,,,,,,,,,,,,,,,,,,,,,,,,,,,,,,,,,,,,,,,,,,,,,,,,,,,,,,,,,,,,,,,,,,,,,,,,,,,,,,,,,,,,,,,,,,,,,,,,,,,,,,,,,,,,,,,,,,,,,,,,,,,,,,,,,,,,,,,,,,,,,,,,,,,,,,,,,,,,,,,,,,,,,,,,,,,,,,,,,,,,,,,,,,,,,,,,,,,,,,,,,,,
2026031500,0.569,0.0,0.0,0.0,0.0,0.0,0.0,0.0,0.0,0.0,0.0,0.0,0.014,0.118,0.257,0.372,0.557,0.805,1.243,1.85,2.804,5.968,35.0,0.0,0.0,0.0,0.0,6.0,0.0,0.0,1.0,0.0,0.0,,2.901,0.0,0.0,0.0,0.0,0.075,0.222,0.397,0.612,0.8,0.0,1.009,1.329,1.624,2.115,2.734,3.654,4.892,6.224,8.316,11.874,22.899,69.0,0.0,4.0,0.0,0.0,0.0,1.0,0.0,15.0,0.0,16.873,3.675,6.765,7.417,8.043,8.569,9.024,9.676,10.46,11.363,5.581,12.43,13.718,15.271,17.011,19.411,21.392,23.826,27.895,33.978,42.823,62.616,49.0,0.0,100.0,0.0,18.0,0.0,0.0,0.0,3.0,0.0,0.0,0.0,0.0,0.0,0.0,0.0,0.0,0.0,0.0,0.0,0.0,0.0,0.0,0.0,0.0,0.03,0.113,0.209,0.362,0.627,1.044,2.014,19.0,0.0,0.0,1.0,0.0,0.0,0.0,0.0,0.0,0.0,,,,,,,,,,,,,,,,,,,,,,,,,,,,,,,,,262.93,,,,,,,,,,,,,,,,,,,0.003,0.0,0.0,0.0,0.0,0.008,0.02,0.03,36.0,6.0,1.0,0.0,0.0,0.0,0.0,0.0,0.0,0.0,,,,,,,,,,,,,,,,,,,0.0,0.0,0.0,0.0,0.0,0.0,0.0,0.0,5.0,0.0,0.0,0.0,0.0,0.0,0.0,0.0,0.0,0.0,,,,,,,,,,,,,,,,,,,13.0,21.0,,,,2224.0,88888.0,,,,,,9.0,10.0,9.0,11.0,12.0,14.0,14.0,0.0,0.0,0.0,0.0,0.0,10.7,,263.52,2.0,0.0,372.0,2.0,,0.0,0.0,0.0,0.0,0.0,0.0,0.0,0.0,0.0,0.0,0.0,0.0,0.0,,,,,,,,,,,,,0.0,0.0,0.0,0.0,0.0,0.0,0.0,0.0,0.0,0.0,0.0,0.0,0.0,,,,,,,,,,,,,,26.0,9.999e+20,,,,,,,,,,,,,,,,,,,,,,,,,,,,,9.4,3.6,6.4,6.8,7.2,7.6,8.0,8.4,8.60452,8.75928,5.6,9.26167,9.36243,9.58392,10.1781,11.1033,11.2589,12.319,12.9152,13.9737,15.0976,16.695,9.40862,2.9,26.0,3.0,0.0,0.0,0.0,0.0,0.0,56.0,3.0,9.999e+20,9.999e+20,9.999e+20,9.999e+20,9.999e+20,,,,,,,,,,,,,,,,,,,,,,,,,,,,,,,,,,,,,,,,,,,,,,,,,,,,,,,,,,,,,,,,,,,,,,,,,,,,,,,,,,,,,,,,,,,,,,,,,,,,,,,,,,,,,,,,,,,,,,,,,,,,832.0,0.0,0.0,0.0,5.2,0.0,,61.0,,,,,,,,,,,,,,,,,,,,,,,,,,,,,,,,,,,,,,,,,,,,,,,,,,,,,,,,,,,,,15.0,13.1,13.7,13.0,14.5,15.7,16.5,17.1,288.0,264.0,304.0,248.0,352.0,400.0,440.0,464.0,,,57.0,28.0,,270.84,1.64,,,,269.89,2.0,,,,,,,,,,,,,,,,,,,,,,,,,,,,,,,,,,,,,,,,,,,,,,,,,,,,,,,,,,,,,9.999e+20,290.0,7.2,280.0,7.0,1.0,5.0,,1.0,3.0,2.0,,16256.0,,,,,9589.0,290.0,290.0,290.0,,268.8,,,,,,,,,,,,,,,,,,,,,,,,,,,,,7.2,2.0,4.4,4.4,4.8,5.2,5.6,6.0,6.4,6.4,3.6,6.8,7.2,7.6,8.0,8.0,8.4,9.2,9.6,10.4,11.2,12.8617,7.21743,2.42,6.0,0.0,0.0,0.0,94.0,0.0,71.0,22.0,8.0,8.8,
2026031501,,,,,,,,,,,,,,,,,,,,,,,,,,,,,,,,,0.0,,,,,,,,,,,,,,,,,,,,,,,,,,,,,,,,,,,,,,,,,,,,,,,,,,,,,,,,,,,,,,,,,,,,,,,,,,,,,,,,,,,,,,,,,,,,,,,,,,,,,,,,,,,,,,,,,,,,,,,,,,,,,,,,,,,,,,,,,,,,,,,,,,,,,,,,,,,,,,,,,,,,,,,,,,,,,,,,,,,,,,,,,,,,,,,,,,,,,,,,,,,,,,,,,,,,,,,,,,,,,,,,,,,,0.0,,0.0,,7.0,,,,,,,,,,,,,,,,,,,,,,,,,,,,,,,,,,,,,,,,,,,,,,,,,,,,,,,,,,,,,,,,,,,,,,,,,,,,,,,,,,,,,,,,,,,,,,,,,,,,,,,,,,,,,,,,,,,,,,,,,,,,,,,,,,,,,,,,,,,,,,,,,,,,,,,,,,,,,,,,,,,,,,,,,,,,,,,,,,,,,,,,,,,,,,,,,,,,,,,,,,,,,,,,,,,,,,,,,,,,,,,,,,,,,,,,,,,,,,,,,,,,,,,,,,,,,,,,,,,,,,,,,,,,,,,,,,,,,,,,,,,,,,,,,,,,,,,,,,,,,,,,,,,,,,,,,,,,,,,,,,,,,,,,,,,,,,,,,,,,,,,,,,,,,,,,,,,,,,,,,,,,,,,,,,,,,,,,,,,,,,,,,,,,,,,,,,,,,,,,,,,,,,,,,,,,,,,,,,,,,,,,,,,,,,,,6.0,,6.0,7.0,,,,,,,,,,,,,,,,,,,,,,,,,,,,,,,,,,,,,,,,,,,,,,,,,,,,,,,,,,,,,,,,,,,,,
2026031502,,,,,,,,,,,,,,,,,,,,,,,,,,,,,,,,,0.0,,,,,,,,,,,,,,,,,,,,,,,,,,,,,,,,,,,,,,,,,,,,,,,,,,,,,,,,,,,,,,,,,,,,,,,,,,,,,,,,,,,,,,,,,,,,,,,,,,,,,,,,,,,,,,,,,,,,,,,,,,,,,,,,,,,,,,,,,,,,,,,,,,,,,,,,,,,,,,,,,,,,,,,,,,,,,,,,,,,,,,,,,,,,,,,,,,,,,,,,,,,,,,,,,,,,,,,,,,,,,,,,,,,,,,,,,,,,,,,,,,,,,,,,,,,,,,,,,,,,,,,,,,,,,,,,,,,,,,,,,,,,,,,,,,,,,,,,,,,,,,,,,,,,,,,,,,,,,,,,,,,,,,,,,,,,,,,,,,,,,,,,,,,,,,,,,,,,,,,,,,,,,,,,,,,,,,,,,,,,,,,,,,,,,,,,,,,,,,,,,,,,,,,,,,,,,,,,,,,,,,,,,,,,,,,,,,,,,,,,,,,,,,,,,,,,,,,,,,,,,,,,,,,,,,,,,,,,,,,,,,,,,,,,,,,,,,,,,,,,,,,,,,,,,,,,,,,,,,,,,,,,,,,,,,,,,,,,,,,,,,,,,,,,,,,,,,,,,,,,,,,,,,,,,,,,,,,,,,,,,,,,,,,,,,,,,,,,,,,,,,,,,,,,,,,,,,,,,,,,,,,,,,,,,,,,,,,,,,,,,,,,,,,,,,,,,,,,,,,,,,,,,,,,,,,,,,,,,,,,,,,,,,,,,,,,,,,,,,,,,,,,,,,,,,,,,,,,,,,,,,,,,,,,,,,,,,,,
2026031503,,,,,,,,,,,,,,,,,,,,,,,,,,,,,,,,,0.0,,,,,,,,,,,,,,,,,,,,,,,,,,,,,,,,,,,,,,,,,,,,,,,,,,,,,,,,,,,,,,,,,,,,,,,,,,,,,,,,,,,,,,,,,,,,,,,,,,,,,,,,,,,,,,,,,,,,,,,,,,,,,,,,,,260.72,,,,,,,,,,,,,,,,,,,,,,,,,,,,,,,,,,,,,,,,,,,,,,,,,,,,,,,,,,,,,,,,,,,,,,,,,,,,,,,,,,,,,,,,,,,6.0,11.0,,,,32.0,3960.0,,,,,,9.0,10.0,9.0,10.0,13.0,14.0,14.0,0.0,0.0,0.0,0.0,0.0,10.8,,263.06,1.71,0.0,50.0,1.0,,,,,,,,,,,,,,,,,,,,,,,,,,,,,,,,,,,,,,,,,,,,,,,,,,,,,,9.999e+20,,,,,,,,,,,,,,,,,,,,,,,,,,,,,6.8,0.8,2.8,3.6,4.0,4.4,4.89862,5.37326,5.46673,5.91126,1.6,6.04531,6.57314,6.70553,7.26685,8.178,9.06969,9.24495,10.6281,11.7248,12.4778,15.7234,6.79653,3.3,12.0,1.0,0.0,0.0,0.0,0.0,0.0,26.0,,9.999e+20,9.999e+20,9.999e+20,9.999e+20,9.999e+20,,,,,,,,,,,,,,,,,,,,,,,,,,,,,,,,,,,,,,,,,,,,,,,,,,,,,,,,,,,,,,,,,,,,,,,,,,,,,,,,,,,,,,,,,,,,,,,,,,,,,,,,,,,,,,,,,,,,,,,,,,,,0.0,,0.0,0.0,6.0,0.0,,72.0,,,,,,,,,,,,,,,,,,,,,,,,,,,,,,,,,,,,,,,,,,,,,,,,,,,,,,,,,,,,,15.3,12.9,13.5,12.7,14.9,15.6,15.9,16.1,224.0,0.0,0.0,0.0,336.0,408.0,440.0,456.0,,,63.0,29.0,,,,,,,267.37,1.69,,,,,,,,,,,,,,,,,,,,,,,,,,,,,,,,,,,,,,,,,,,,,,,,,,,,,,,,,,,,,9.999e+20,260.0,5.2,250.0,5.0,,,,0.0,,1.0,,16256.0,,,,,577.0,260.0,260.0,260.0,,268.7,,,,,,,,,,,,,,,,,,,,,,,,,,,,,5.2,0.4,1.6,2.0,2.4,2.8,3.6,4.0,4.4,4.4,0.8,4.8,4.8,5.2,5.6,6.4,6.8,7.6,8.4,8.8,9.6,12.0,5.20739,2.7,2.0,0.0,0.0,0.0,69.0,0.0,36.0,12.0,5.6,6.4,
2026031504,,,,,,,,,,,,,,,,,,,,,,,,,,,,,,,,,0.0,,,,,,,,,,,,,,,,,,,,,,,,,,,,,,,,,,,,,,,,,,,,,,,,,,,,,,,,,,,,,,,,,,,,,,,,,,,,,,,,,,,,,,,,,,,,,,,,,,,,,,,,,,,,,,,,,,,,,,,,,,,,,,,,,,,,,,,,,,,,,,,,,,,,,,,,,,,,,,,,,,,,,,,,,,,,,,,,,,,,,,,,,,,,,,,,,,,,,,,,,,,,,,,,,,,,,,,,,,,,,,,,,,,,0.0,,0.0,,8.0,,,,,,,,,,,,,,,,,,,,,,,,,,,,,,,,,,,,,,,,,,,,,,,,,,,,,,,,,,,,,,,,,,,,,,,,,,,,,,,,,,,,,,,,,,,,,,,,,,,,,,,,,,,,,,,,,,,,,,,,,,,,,,,,,,,,,,,,,,,,,,,,,,,,,,,,,,,,,,,,,,,,,,,,,,,,,,,,,,,,,,,,,,,,,,,,,,,,,,,,,,,,,,,,,,,,,,,,,,,,,,,,,,,,,,,,,,,,,,,,,,,,,,,,,,,,,,,,,,,,,,,,,,,,,,,,,,,,,,,,,,,,,,,,,,,,,,,,,,,,,,,,,,,,,,,,,,,,,,,,,,,,,,,,,,,,,,,,,,,,,,,,,,,,,,,,,,,,,,,,,,,,,,,,,,,,,,,,,,,,,,,,,,,,,,,,,,,,,,,,,,,,,,,,,,,,,,,,,,,,,,,,,,,,,,,,6.0,,7.0,7.0,,,,,,,,,,,,,,,,,,,,,,,,,,,,,,,,,,,,,,,,,,,,,,,,,,,,,,,,,,,,,,,,,,,,,
2026031505,,,,,,,,,,,,,,,,,,,,,,,,,,,,,,,,,0.0,,,,,,,,,,,,,,,,,,,,,,,,,,,,,,,,,,,,,,,,,,,,,,,,,,,,,,,,,,,,,,,,,,,,,,,,,,,,,,,,,,,,,,,,,,,,,,,,,,,,,,,,,,,,,,,,,,,,,,,,,,,,,,,,,,,,,,,,,,,,,,,,,,,,,,,,,,,,,,,,,,,,,,,,,,,,,,,,,,,,,,,,,,,,,,,,,,,,,,,,,,,,,,,,,,,,,,,,,,,,,,,,,,,,,,,,,,,,,,,,,,,,,,,,,,,,,,,,,,,,,,,,,,,,,,,,,,,,,,,,,,,,,,,,,,,,,,,,,,,,,,,,,,,,,,,,,,,,,,,,,,,,,,,,,,,,,,,,,,,,,,,,,,,,,,,,,,,,,,,,,,,,,,,,,,,,,,,,,,,,,,,,,,,,,,,,,,,,,,,,,,,,,,,,,,,,,,,,,,,,,,,,,,,,,,,,,,,,,,,,,,,,,,,,,,,,,,,,,,,,,,,,,,,,,,,,,,,,,,,,,,,,,,,,,,,,,,,,,,,,,,,,,,,,,,,,,,,,,,,,,,,,,,,,,,,,,,,,,,,,,,,,,,,,,,,,,,,,,,,,,,,,,,,,,,,,,,,,,,,,,,,,,,,,,,,,,,,,,,,,,,,,,,,,,,,,,,,,,,,,,,,,,,,,,,,,,,,,,,,,,,,,,,,,,,,,,,,,,,,,,,,,,,,,,,,,,,,,,,,,,,,,,,,,,,,,,,,,,,,,,,,,,,,,,,,,,,,,,,,,,,,,,,,,,,,,,,,,
2026031506,0.301,0.0,0.0,0.0,0.0,0.0,0.0,0.0,0.0,0.0,0.0,0.0,0.0,0.0,0.044,0.165,0.295,0.45,0.648,1.011,1.607,3.098,27.0,0.0,0.0,0.0,0.0,2.0,0.0,0.0,0.0,0.0,0.0,,1.759,0.0,0.0,0.0,0.0,0.0,0.0,0.009,0.109,0.295,0.0,0.472,0.628,0.826,1.052,1.365,1.935,2.827,3.941,5.538,7.597,14.997,56.0,0.0,2.0,0.0,0.0,0.0,0.0,0.0,8.0,0.0,,,,,,,,,,,,,,,,,,,,,,,,,,,,,,,,,0.0,0.0,0.0,0.0,0.0,0.0,0.0,0.0,0.0,0.0,0.0,0.0,0.0,0.0,0.0,0.0,0.0,0.0,0.008,0.131,0.411,1.097,7.0,0.0,0.0,0.0,0.0,0.0,0.0,0.0,0.0,0.0,,,,,,,,,,,,,,,,,,,,,,,,,,,,,,,,,260.41,,,,,,,,,,,,,,,,,,,0.0,0.0,0.0,0.0,0.0,0.0,0.0,0.005,9.0,0.0,0.0,0.0,0.0,0.0,0.0,0.0,0.0,0.0,0.084,0.03,0.043,0.03,0.079,0.122,0.152,0.18,87.0,61.0,28.0,9.0,2.0,0.0,0.0,0.0,0.0,0.0,0.0,0.0,0.0,0.0,0.0,0.0,0.0,0.0,1.0,0.0,0.0,0.0,0.0,0.0,0.0,0.0,0.0,0.0,,,,,,,,,,,,,,,,,,,0.0,1.0,,,,1240.0,3072.0,,,,,,11.0,12.0,10.0,14.0,17.0,17.0,17.0,0.0,0.0,0.0,0.0,0.0,14.2,,263.28,1.59,0.0,25.0,2.0,,0.0,0.0,0.0,0.0,0.0,0.0,0.0,0.0,0.0,0.0,0.0,0.0,0.0,0.0,0.0,0.0,0.0,0.0,0.0,0.0,0.0,0.0,0.0,0.0,0.0,0.0,0.0,0.0,0.0,0.0,0.0,0.0,0.0,0.0,0.0,0.0,0.0,0.0,,,,,,,,,,,,,,23.0,9.999e+20,12.5051,6.71277,8.82505,9.39891,9.48555,9.93995,10.366,10.766,11.166,11.9801,7.89135,12.1591,12.6216,13.094,13.6106,14.1846,14.3795,14.9959,16.0077,16.8013,17.942,21.5347,59.0,7.0,2.0,0.0,0.0,0.0,5.6,1.6,3.2,3.6,4.0,4.0,4.4,4.4,4.8,4.8,2.8,4.8,5.2,5.6,6.03879,6.11021,6.7325,6.9041,7.49959,8.35087,9.32879,11.22,5.56034,2.1,1.0,0.0,0.0,0.0,0.0,0.0,0.0,8.0,4.0,9.999e+20,9.999e+20,9.999e+20,9.999e+20,9.999e+20,,,,,,,,,,,,,,,,,,,,,,,,,,,,,,,,,,,,,,,,,,,,,,,,,,,,,,,,,,,,,,,,,,,,,,,,,,,,,,,,,,,,,,,,,,,,,,,,,,,,,,,,,,,,,,,,,,,,,,,,,,,52.0,0.0,,0.0,0.0,6.0,0.0,,77.0,,,,,,,,,,,,,,,,,,,,,,,,,,,,,,,,,,,,,,,,,,,,,,,,,,,,,,,,,,,,,16.0,12.6,13.6,12.4,15.4,15.8,16.3,16.5,200.0,0.0,0.0,0.0,336.0,416.0,472.0,488.0,,,75.0,22.0,,,,,,1.38343,266.32,1.6,270.651,267.717,268.654,269.059,269.501,269.476,269.778,270.296,270.399,270.902,268.505,271.074,271.165,271.287,271.393,271.574,271.903,271.959,272.297,272.508,272.888,273.494,0.0,50.0,98.0,0.0,0.0,0.0,0.0,0.0,,,,,,,,,,,,,,,,,,,,,,,,,,,,,,,9.999e+20,230.0,4.0,220.0,4.0,1.0,5.0,,0.0,2.0,1.0,,16256.0,,,,,444.0,230.0,230.0,230.0,,268.5,9.87929,4.4,6.0,6.4,6.8,7.2,7.6,8.0,8.96039,9.39149,5.6,9.83761,10.2663,10.7053,11.1705,11.1941,11.664,12.1818,12.6334,13.1775,14.9412,18.0009,30.0,2.0,0.0,0.0,94.0,60.0,4.0,0.8,2.0,2.4,2.8,2.8,3.2,3.2,3.6,3.6,2.0,4.0,4.0,4.0,4.4,4.8,5.2,5.6,6.4,6.8,7.6,8.8,4.0,1.8,0.0,0.0,0.0,0.0,57.0,0.0,20.0,1.0,4.8,5.2,
2026031507,,,,,,,,,,,,,,,,,,,,,,,,,,,,,,,,,0.0,,,,,,,,,,,,,,,,,,,,,,,,,,,,,,,,,,,,,,,,,,,,,,,,,,,,,,,,,,,,,,,,,,,,,,,,,,,,,,,,,,,,,,,,,,,,,,,,,,,,,,,,,,,,,,,,,,,,,,,,,,,,,,,,,,,,,,,,,,,,,,,,,,,,,,,,,,,,,,,,,,,,,,,,,,,,,,,,,,,,,,,,,,,,,,,,,,,,,,,,,,,,,,,,,,,,,,,,,,,,,,,,,,,,0.0,,3.0,,16.0,,,,,,,,,,,,,,,,,,,,,,,,,,,,,,,,,,,,,,,,,,,,,,,,,,,,,,,,,,,,,,,,,,,,,,,,,,,,,,,,,,,,,,,,,,,,,,,,,,,,,,,,,,,,,,,,,,,,,,,,,,,,,,,,,,,,,,,,,,,,,,,,,,,,,,,,,,,,,,,,,,,,,,,,,,,,,,,,,,,,,,,,,,,,,,,,,,,,,,,,,,,,,,,,,,,,,,,,,,,,,,,,,,,,,,,,,,,,,,,,,,,,,,,,,,,,,,,,,,,,,,,,,,,,,,,,,,,,,,,,,,,,,,,,,,,,,,,,,,,,,,,,,,,,,,,,,,,,,,,,,,,,,,,,,,,,,,,,,,,,,,,,,,,,,,,,,,,,,,,,,,,,,,,,,,,,,,,,,,,,,,,,,,,,,,,,,,,,,,,,,,,,,,,,,,,,,,,,,,,,,,,,,,,,,,,,2.0,,2.0,3.0,,,,,,,,,,,,,,,,,,,,,,,,,,,,,,,,,,,,,,,,,,,,,,,,,,,,,,,,,,,,,,,,,,,,,
2026031508,,,,,,,,,,,,,,,,,,,,,,,,,,,,,,,,,0.0,,,,,,,,,,,,,,,,,,,,,,,,,,,,,,,,,,,,,,,,,,,,,,,,,,,,,,,,,,,,,,,,,,,,,,,,,,,,,,,,,,,,,,,,,,,,,,,,,,,,,,,,,,,,,,,,,,,,,,,,,,,,,,,,,,,,,,,,,,,,,,,,,,,,,,,,,,,,,,,,,,,,,,,,,,,,,,,,,,,,,,,,,,,,,,,,,,,,,,,,,,,,,,,,,,,,,,,,,,,,,,,,,,,,,,,,,,,,,,,,,,,,,,,,,,,,,,,,,,,,,,,,,,,,,,,,,,,,,,,,,,,,,,,,,,,,,,,,,,,,,,,,,,,,,,,,,,,,,,,,,,,,,,,,,,,,,,,,,,,,,,,,,,,,,,,,,,,,,,,,,,,,,,,,,,,,,,,,,,,,,,,,,,,,,,,,,,,,,,,,,,,,,,,,,,,,,,,,,,,,,,,,,,,,,,,,,,,,,,,,,,,,,,,,,,,,,,,,,,,,,,,,,,,,,,,,,,,,,,,,,,,,,,,,,,,,,,,,,,,,,,,,,,,,,,,,,,,,,,,,,,,,,,,,,,,,,,,,,,,,,,,,,,,,,,,,,,,,,,,,,,,,,,,,,,,,,,,,,,,,,,,,,,,,,,,,,,,,,,,,,,,,,,,,,,,,,,,,,,,,,,,,,,,,,,,,,,,,,,,,,,,,,,,,,,,,,,,,,,,,,,,,,,,,,,,,,,,,,,,,,,,,,,,,,,,,,,,,,,,,,,,,,,,,,,,,,,,,,,,,,,,,,,,,,,,,,,,,
2026031509,,,,,,,,,,,,,,,,,,,,,,,,,,,,,,,,,0.0,,,,,,,,,,,,,,,,,,,,,,,,,,,,,,,,,,,,,,,,,,,,,,,,,,,,,,,,,,,,,,,,,,,,,,,,,,,,,,,,,,,,,,,,,,,,,,,,,,,,,,,,,,,,,,,,,,,,,,,,,,,,,,,,,,262.0,,,,,,,,,,,,,,,,,,,,,,,,,,,,,,,,,,,,,,,,,,,,,,,,,,,,,,,,,,,,,,,,,,,,,,,,,,,,,,,,,,,,,,,,,,,0.0,1.0,,,,1568.0,3312.0,,,,,,14.0,15.0,14.0,17.0,19.0,20.0,22.0,0.0,0.0,0.0,0.0,0.0,17.3,,262.78,1.45,0.0,0.0,2.0,,,,,,,,,,,,,,,,,,,,,,,,,,,,,,,,,,,,,,,,,,,,,,,,,,,,,,9.999e+20,,,,,,,,,,,,,,,,,,,,,,,,,,,,,4.6,1.2,2.4,2.8,3.2,3.2,3.6,3.6,3.6,4.0,1.6,4.00965,4.43292,4.47378,4.90496,5.35496,5.41228,5.85549,6.35685,6.49818,7.47274,10.0623,4.56638,1.8,0.0,0.0,0.0,0.0,0.0,0.0,0.0,2.0,,9.999e+20,9.999e+20,9.999e+20,9.999e+20,9.999e+20,,,,,,,,,,,,,,,,,,,,,,,,,,,,,,,,,,,,,,,,,,,,,,,,,,,,,,,,,,,,,,,,,,,,,,,,,,,,,,,,,,,,,,,,,,,,,,,,,,,,,,,,,,,,,,,,,,,,,,,,,,,,0.0,,0.0,0.0,29.1,0.0,,71.0,,,,,,,,,,,,,,,,,,,,,,,,,,,,,,,,,,,,,,,,,,,,,,,,,,,,,,,,,,,,,15.7,12.5,13.4,12.2,15.3,16.1,16.5,16.8,256.0,0.0,0.0,0.0,328.0,416.0,464.0,488.0,,,84.0,10.0,,,,,,,266.97,1.45,,,,,,,,,,,,,,,,,,,,,,,,,,,,,,,,,,,,,,,,,,,,,,,,,,,,,,,,,,,,,9.999e+20,210.0,3.2,190.0,3.5,,,,0.0,,0.0,,16307.0,,,,,410.0,210.0,210.0,210.0,,268.5,,,,,,,,,,,,,,,,,,,,,,,,,,,,,3.2,0.4,1.6,1.6,2.0,2.4,2.4,2.8,2.8,3.2,0.8,3.2,3.2,3.6,3.6,4.0,4.0,4.4,4.8,5.2,6.0,7.6,3.2,1.4,0.0,0.0,0.0,0.0,35.0,0.0,6.0,0.0,3.6,4.0,
2026031510,,,,,,,,,,,,,,,,,,,,,,,,,,,,,,,,,0.0,,,,,,,,,,,,,,,,,,,,,,,,,,,,,,,,,,,,,,,,,,,,,,,,,,,,,,,,,,,,,,,,,,,,,,,,,,,,,,,,,,,,,,,,,,,,,,,,,,,,,,,,,,,,,,,,,,,,,,,,,,,,,,,,,,,,,,,,,,,,,,,,,,,,,,,,,,,,,,,,,,,,,,,,,,,,,,,,,,,,,,,,,,,,,,,,,,,,,,,,,,,,,,,,,,,,,,,,,,,,,,,,,,,,5.0,,7.0,,17.0,,,,,,,,,,,,,,,,,,,,,,,,,,,,,,,,,,,,,,,,,,,,,,,,,,,,,,,,,,,,,,,,,,,,,,,,,,,,,,,,,,,,,,,,,,,,,,,,,,,,,,,,,,,,,,,,,,,,,,,,,,,,,,,,,,,,,,,,,,,,,,,,,,,,,,,,,,,,,,,,,,,,,,,,,,,,,,,,,,,,,,,,,,,,,,,,,,,,,,,,,,,,,,,,,,,,,,,,,,,,,,,,,,,,,,,,,,,,,,,,,,,,,,,,,,,,,,,,,,,,,,,,,,,,,,,,,,,,,,,,,,,,,,,,,,,,,,,,,,,,,,,,,,,,,,,,,,,,,,,,,,,,,,,,,,,,,,,,,,,,,,,,,,,,,,,,,,,,,,,,,,,,,,,,,,,,,,,,,,,,,,,,,,,,,,,,,,,,,,,,,,,,,,,,,,,,,,,,,,,,,,,,,,,,,,,,2.0,,5.0,8.0,,,,,,,,,,,,,,,,,,,,,,,,,,,,,,,,,,,,,,,,,,,,,,,,,,,,,,,,,,,,,,,,,,,,,
2026031511,,,,,,,,,,,,,,,,,,,,,,,,,,,,,,,,,0.0,,,,,,,,,,,,,,,,,,,,,,,,,,,,,,,,,,,,,,,,,,,,,,,,,,,,,,,,,,,,,,,,,,,,,,,,,,,,,,,,,,,,,,,,,,,,,,,,,,,,,,,,,,,,,,,,,,,,,,,,,,,,,,,,,,,,,,,,,,,,,,,,,,,,,,,,,,,,,,,,,,,,,,,,,,,,,,,,,,,,,,,,,,,,,,,,,,,,,,,,,,,,,,,,,,,,,,,,,,,,,,,,,,,,,,,,,,,,,,,,,,,,,,,,,,,,,,,,,,,,,,,,,,,,,,,,,,,,,,,,,,,,,,,,,,,,,,,,,,,,,,,,,,,,,,,,,,,,,,,,,,,,,,,,,,,,,,,,,,,,,,,,,,,,,,,,,,,,,,,,,,,,,,,,,,,,,,,,,,,,,,,,,,,,,,,,,,,,,,,,,,,,,,,,,,,,,,,,,,,,,,,,,,,,,,,,,,,,,,,,,,,,,,,,,,,,,,,,,,,,,,,,,,,,,,,,,,,,,,,,,,,,,,,,,,,,,,,,,,,,,,,,,,,,,,,,,,,,,,,,,,,,,,,,,,,,,,,,,,,,,,,,,,,,,,,,,,,,,,,,,,,,,,,,,,,,,,,,,,,,,,,,,,,,,,,,,,,,,,,,,,,,,,,,,,,,,,,,,,,,,,,,,,,,,,,,,,,,,,,,,,,,,,,,,,,,,,,,,,,,,,,,,,,,,,,,,,,,,,,,,,,,,,,,,,,,,,,,,,,,,,,,,,,,,,,,,,,,,,,,,,,,,,,,,,,,,,,,
2026031512,0.1,0.0,0.0,0.0,0.0,0.0,0.0,0.0,0.0,0.0,0.0,0.0,0.0,0.0,0.0,0.001,0.028,0.09,0.192,0.349,0.639,1.187,13.0,0.0,0.0,0.0,0.0,0.0,0.0,0.0,0.0,0.0,0.0,,1.008,0.0,0.0,0.0,0.0,0.0,0.0,0.0,0.013,0.125,0.0,0.25,0.417,0.577,0.76,0.973,1.187,1.525,2.04,2.938,4.409,8.301,50.0,0.0,0.0,0.0,0.0,0.0,0.0,0.0,2.0,0.0,7.778,0.0,0.874,1.364,1.856,2.259,2.708,3.229,3.816,4.416,0.217,5.197,6.019,6.879,7.985,9.139,10.59,12.831,15.313,18.473,23.204,36.651,20.0,0.0,72.0,0.0,4.0,0.0,0.0,0.0,0.0,0.0,0.0,0.0,0.0,0.0,0.0,0.0,0.0,0.0,0.0,0.0,0.0,0.0,0.0,0.0,0.0,0.0,0.0,0.0,0.0,0.0,0.082,0.686,3.0,0.0,0.0,0.0,0.0,0.0,0.0,0.0,0.0,0.0,,,,,,,,,,,,,,,,,,,,,,,,,,,,,,,,,263.24,,,,,,,,,,,,,,,,,,,0.003,0.0,0.0,0.0,0.0,0.0,0.005,0.008,15.0,0.0,0.0,0.0,0.0,0.0,0.0,0.0,0.0,0.0,0.041,0.005,0.015,0.005,0.041,0.069,0.091,0.107,58.0,35.0,6.0,1.0,0.0,0.0,0.0,0.0,0.0,0.0,0.0,0.0,0.0,0.0,0.0,0.0,0.0,0.005,7.0,0.0,0.0,0.0,0.0,0.0,0.0,0.0,0.0,0.0,,,,,,,,,,,,,,,,,,,0.0,0.0,,,,1368.0,1568.0,,,,,,17.0,17.0,16.0,19.0,21.0,23.0,23.0,0.0,0.0,0.0,0.0,0.0,19.2,,262.56,1.67,0.0,0.0,1.0,,0.0,0.0,0.0,0.0,0.0,0.0,0.0,0.0,0.0,0.0,0.0,0.0,0.0,0.0,0.0,0.0,0.0,0.0,0.0,0.0,0.0,0.0,0.0,0.0,0.0,0.0,0.0,0.0,0.0,0.0,0.0,0.0,0.0,0.0,0.0,0.0,0.0,0.0,,,,,,,,,,,,,,9.2,9.999e+20,,,,,,,,,,,,,,,,,,,,,,,,,,,,,3.71,1.2,2.4,2.8,2.8,2.8,3.2,3.2,3.2,3.6,2.0,3.6,3.6,4.0,4.0,4.47612,4.55736,5.04211,5.06765,5.49367,6.38014,7.41464,3.71731,1.3,0.0,0.0,0.0,0.0,0.0,0.0,0.0,1.0,3.0,9.999e+20,9.999e+20,9.999e+20,9.999e+20,9.999e+20,,,,,,,,,,,,,,,,,,,,,,,,,,,,,,,,,,,,,,,,,,,,,,,,,,,,,,,,,,,,,,,,,,,,,,,,,,,,,,,,,,,,,,,,,,,,,,,,,,,,,,,,,,,,,,,,,,,,,,,,,,,,0.0,0.0,0.0,0.0,51.2,0.0,,67.0,,,,,,,,,,,,,,,,,,,,,,,,,,,,,,,,,,,,,,,,,,,,,,,,,,,,,,,,,,,,,15.1,11.8,12.5,11.6,14.5,15.6,16.2,16.9,232.0,0.0,0.0,0.0,344.0,416.0,456.0,480.0,,,79.0,23.0,,,,266.06,1.16,,267.48,1.66,,,,,,,,,,,,,,,,,,,,,,,,,,,,,,,,,,,,,,,,,,,,,,,,,,,,,,,,,,,,,9.999e+20,190.0,2.8,160.0,2.7,0.0,2.0,,0.0,0.0,1.0,,16256.0,,,,,277.0,190.0,190.0,190.0,,268.4,,,,,,,,,,,,,,,,,,,,,,,,,,,,,2.8,0.8,1.6,1.6,2.0,2.0,2.0,2.4,2.4,2.4,1.2,2.8,2.8,2.8,3.2,3.2,3.2,3.6,3.6,4.0,4.4,5.6,2.8,1.0,0.0,0.0,0.0,0.0,16.0,0.0,1.0,0.0,3.2,3.6,
2026031513,,,,,,,,,,,,,,,,,,,,,,,,,,,,,,,,,0.0,,,,,,,,,,,,,,,,,,,,,,,,,,,,,,,,,,,,,,,,,,,,,,,,,,,,,,,,,,,,,,,,,,,,,,,,,,,,,,,,,,,,,,,,,,,,,,,,,,,,,,,,,,,,,,,,,,,,,,,,,,,,,,,,,,,,,,,,,,,,,,,,,,,,,,,,,,,,,,,,,,,,,,,,,,,,,,,,,,,,,,,,,,,,,,,,,,,,,,,,,,,,,,,,,,,,,,,,,,,,,,,,,,,,6.0,,10.0,,31.0,,,,,,,,,,,,,,,,,,,,,,,,,,,,,,,,,,,,,,,,,,,,,,,,,,,,,,,,,,,,,,,,,,,,,,,,,,,,,,,,,,,,,,,,,,,,,,,,,,,,,,,,,,,,,,,,,,,,,,,,,,,,,,,,,,,,,,,,,,,,,,,,,,,,,,,,,,,,,,,,,,,,,,,,,,,,,,,,,,,,,,,,,,,,,,,,,,,,,,,,,,,,,,,,,,,,,,,,,,,,,,,,,,,,,,,,,,,,,,,,,,,,,,,,,,,,,,,,,,,,,,,,,,,,,,,,,,,,,,,,,,,,,,,,,,,,,,,,,,,,,,,,,,,,,,,,,,,,,,,,,,,,,,,,,,,,,,,,,,,,,,,,,,,,,,,,,,,,,,,,,,,,,,,,,,,,,,,,,,,,,,,,,,,,,,,,,,,,,,,,,,,,,,,,,,,,,,,,,,,,,,,,,,,,,,,,8.0,,9.0,12.0,,,,,,,,,,,,,,,,,,,,,,,,,,,,,,,,,,,,,,,,,,,,,,,,,,,,,,,,,,,,,,,,,,,,,
2026031514,,,,,,,,,,,,,,,,,,,,,,,,,,,,,,,,,0.0,,,,,,,,,,,,,,,,,,,,,,,,,,,,,,,,,,,,,,,,,,,,,,,,,,,,,,,,,,,,,,,,,,,,,,,,,,,,,,,,,,,,,,,,,,,,,,,,,,,,,,,,,,,,,,,,,,,,,,,,,,,,,,,,,,,,,,,,,,,,,,,,,,,,,,,,,,,,,,,,,,,,,,,,,,,,,,,,,,,,,,,,,,,,,,,,,,,,,,,,,,,,,,,,,,,,,,,,,,,,,,,,,,,,,,,,,,,,,,,,,,,,,,,,,,,,,,,,,,,,,,,,,,,,,,,,,,,,,,,,,,,,,,,,,,,,,,,,,,,,,,,,,,,,,,,,,,,,,,,,,,,,,,,,,,,,,,,,,,,,,,,,,,,,,,,,,,,,,,,,,,,,,,,,,,,,,,,,,,,,,,,,,,,,,,,,,,,,,,,,,,,,,,,,,,,,,,,,,,,,,,,,,,,,,,,,,,,,,,,,,,,,,,,,,,,,,,,,,,,,,,,,,,,,,,,,,,,,,,,,,,,,,,,,,,,,,,,,,,,,,,,,,,,,,,,,,,,,,,,,,,,,,,,,,,,,,,,,,,,,,,,,,,,,,,,,,,,,,,,,,,,,,,,,,,,,,,,,,,,,,,,,,,,,,,,,,,,,,,,,,,,,,,,,,,,,,,,,,,,,,,,,,,,,,,,,,,,,,,,,,,,,,,,,,,,,,,,,,,,,,,,,,,,,,,,,,,,,,,,,,,,,,,,,,,,,,,,,,,,,,,,,,,,,,,,,,,,,,,,,,,,,,,,,,,,,,,,,
2026031515,,,,,,,,,,,,,,,,,,,,,,,,,,,,,,,,,0.0,,,,,,,,,,,,,,,,,,,,,,,,,,,,,,,,,,,,,,,,,,,,,,,,,,,,,,,,,,,,,,,,,,,,,,,,,,,,,,,,,,,,,,,,,,,,,,,,,,,,,,,,,,,,,,,,,,,,,,,,,,,,,,,,,,264.26,,,,,,,,,,,,,,,,,,,,,,,,,,,,,,,,,,,,,,,,,,,,,,,,,,,,,,,,,,,,,,,,,,,,,,,,,,,,,,,,,,,,,,,,,,,0.0,0.0,,,,696.0,2264.0,,,,,,21.0,21.0,19.0,25.0,28.0,28.0,29.0,0.0,0.0,0.0,0.0,0.0,24.4,,262.91,1.88,0.0,2.0,0.0,,,,,,,,,,,,,,,,,,,,,,,,,,,,,,,,,,,,,,,,,,,,,,,,,,,,,,9.999e+20,,,,,,,,,,,,,,,,,,,,,,,,,,,,,3.7,1.6,2.0,2.4,2.8,2.8,3.2,3.2,3.2,3.21323,2.0,3.65309,3.6765,3.70952,4.15369,4.58624,4.6226,5.06498,5.52724,5.56143,6.04422,6.25682,3.72756,1.32,0.0,0.0,0.0,0.0,0.0,0.0,0.0,0.0,,9.999e+20,9.999e+20,9.999e+20,9.999e+20,9.999e+20,,,,,,,,,,,,,,,,,,,,,,,,,,,,,,,,,,,,,,,,,,,,,,,,,,,,,,,,,,,,,,,,,,,,,,,,,,,,,,,,,,,,,,,,,,,,,,,,,,,,,,,,,,,,,,,,,,,,,,,,,,,,0.0,,0.0,0.0,72.1,0.0,,66.0,,,,,,,,,,,,,,,,,,,,,,,,,,,,,,,,,,,,,,,,,,,,,,,,,,,,,,,,,,,,,13.0,10.2,11.0,9.7,12.5,14.2,15.0,15.3,256.0,0.0,0.0,0.0,360.0,432.0,472.0,488.0,,,86.0,16.0,,,,,,,268.48,1.91,,,,,,,,,,,,,,,,,,,,,,,,,,,,,,,,,,,,,,,,,,,,,,,,,,,,,,,,,,,,,9.999e+20,180.0,2.8,190.0,3.0,,,,0.0,,1.0,,16256.0,,,,,242.0,180.0,180.0,180.0,,267.0,,,,,,,,,,,,,,,,,,,,,,,,,,,,,2.8,0.8,1.2,1.6,1.6,2.0,2.0,2.0,2.4,2.4,0.8,2.4,2.8,2.8,2.8,3.2,3.2,3.6,3.6,4.0,4.4,5.6,2.8,1.12,0.0,0.0,0.0,0.0,18.0,0.0,1.0,0.0,3.2,3.6,
2026031516,,,,,,,,,,,,,,,,,,,,,,,,,,,,,,,,,0.0,,,,,,,,,,,,,,,,,,,,,,,,,,,,,,,,,,,,,,,,,,,,,,,,,,,,,,,,,,,,,,,,,,,,,,,,,,,,,,,,,,,,,,,,,,,,,,,,,,,,,,,,,,,,,,,,,,,,,,,,,,,,,,,,,,,,,,,,,,,,,,,,,,,,,,,,,,,,,,,,,,,,,,,,,,,,,,,,,,,,,,,,,,,,,,,,,,,,,,,,,,,,,,,,,,,,,,,,,,,,,,,,,,,,5.0,,10.0,,24.0,,,,,,,,,,,,,,,,,,,,,,,,,,,,,,,,,,,,,,,,,,,,,,,,,,,,,,,,,,,,,,,,,,,,,,,,,,,,,,,,,,,,,,,,,,,,,,,,,,,,,,,,,,,,,,,,,,,,,,,,,,,,,,,,,,,,,,,,,,,,,,,,,,,,,,,,,,,,,,,,,,,,,,,,,,,,,,,,,,,,,,,,,,,,,,,,,,,,,,,,,,,,,,,,,,,,,,,,,,,,,,,,,,,,,,,,,,,,,,,,,,,,,,,,,,,,,,,,,,,,,,,,,,,,,,,,,,,,,,,,,,,,,,,,,,,,,,,,,,,,,,,,,,,,,,,,,,,,,,,,,,,,,,,,,,,,,,,,,,,,,,,,,,,,,,,,,,,,,,,,,,,,,,,,,,,,,,,,,,,,,,,,,,,,,,,,,,,,,,,,,,,,,,,,,,,,,,,,,,,,,,,,,,,,,,,,10.0,,10.0,13.0,,,,,,,,,,,,,,,,,,,,,,,,,,,,,,,,,,,,,,,,,,,,,,,,,,,,,,,,,,,,,,,,,,,,,
2026031517,,,,,,,,,,,,,,,,,,,,,,,,,,,,,,,,,0.254,,,,,,,,,,,,,,,,,,,,,,,,,,,,,,,,,,,,,,,,,,,,,,,,,,,,,,,,,,,,,,,,,,,,,,,,,,,,,,,,,,,,,,,,,,,,,,,,,,,,,,,,,,,,,,,,,,,,,,,,,,,,,,,,,,,,,,,,,,,,,,,,,,,,,,,,,,,,,,,,,,,,,,,,,,,,,,,,,,,,,,,,,,,,,,,,,,,,,,,,,,,,,,,,,,,,,,,,,,,,,,,,,,,,,,,,,,,,,,,,,,,,,,,,,,,,,,,,,,,,,,,,,,,,,,,,,,,,,,,,,,,,,,,,,,,,,,,,,,,,,,,,,,,,,,,,,,,,,,,,,,,,,,,,,,,,,,,,,,,,,,,,,,,,,,,,,,,,,,,,,,,,,,,,,,,,,,,,,,,,,,,,,,,,,,,,,,,,,,,,,,,,,,,,,,,,,,,,,,,,,,,,,,,,,,,,,,,,,,,,,,,,,,,,,,,,,,,,,,,,,,,,,,,,,,,,,,,,,,,,,,,,,,,,,,,,,,,,,,,,,,,,,,,,,,,,,,,,,,,,,,,,,,,,,,,,,,,,,,,,,,,,,,,,,,,,,,,,,,,,,,,,,,,,,,,,,,,,,,,,,,,,,,,,,,,,,,,,,,,,,,,,,,,,,,,,,,,,,,,,,,,,,,,,,,,,,,,,,,,,,,,,,,,,,,,,,,,,,,,,,,,,,,,,,,,,,,,,,,,,,,,,,,,,,,,,,,,,,,,,,,,,,,,,,,,,,,,,,,,,,,,,,,,,,,,,,,,,
2026031518,0.866,0.0,0.0,0.0,0.0,0.0,0.0,0.0,0.0,0.0,0.0,0.057,0.209,0.396,0.638,0.893,1.249,1.563,2.041,2.628,3.737,6.631,44.0,0.0,0.0,0.0,0.0,11.0,0.0,0.0,1.0,0.0,0.254,,,,,,,,,,,,,,,,,,,,,,,,,,,,,,,,,,,,,,,,,,,,,,,,,,,,,,,,,,,,,,,,,,0.254,0.0,0.0,0.0,0.0,0.0,0.0,0.0,0.0,0.0,0.0,0.086,0.269,0.445,0.672,0.878,1.152,1.434,1.834,2.304,3.12,4.942,45.0,0.0,0.0,9.0,0.0,0.0,0.0,1.0,0.0,0.0,,,,,,,,,,,,,,,,,,,,,,,,,,,,,,,,,267.68,,,,,,,,,,,,,,,,,,,0.013,0.0,0.0,0.0,0.01,0.02,0.036,0.043,67.0,18.0,2.0,0.0,0.0,0.0,0.0,0.0,0.0,0.0,0.03,0.008,0.015,0.008,0.025,0.043,0.074,0.089,49.0,18.0,2.0,0.0,0.0,0.0,0.0,0.0,0.0,0.0,0.013,0.0,0.0,0.0,0.008,0.02,0.033,0.038,65.0,17.0,1.0,0.0,0.0,0.0,0.0,0.0,0.0,0.0,,,,,,,,,,,,,,,,,,,0.0,1.0,,,,136.0,1520.0,,,,,,26.0,26.0,25.0,28.0,31.0,32.0,33.0,0.0,0.0,0.0,0.0,0.0,28.4,,264.55,2.8,0.0,68.0,2.0,,0.0,0.0,0.0,0.0,0.0,0.0,0.0,0.0,0.0,0.0,0.0,0.0,0.0,0.0,0.0,0.0,0.0,0.0,0.0,0.0,0.0,0.0,0.0,0.0,0.0,0.0,0.0,0.0,0.0,0.0,0.0,0.0,0.0,0.0,0.0,0.0,0.0,0.0,,,,,,,,,,,,,,9.0,9.999e+20,,,,,,,,,,,,,,,,,,,,,,,,,,,,,3.9,1.2,2.0,2.4,2.4,2.4,2.8,2.83531,2.98483,3.47588,1.6,3.52909,3.97537,4.07555,4.24957,4.40677,4.50198,5.04977,5.28816,5.87892,7.28897,8.57952,3.88062,1.6,0.0,0.0,0.0,0.0,0.0,0.0,0.0,1.0,2.0,9.999e+20,9.999e+20,9.999e+20,9.999e+20,9.999e+20,,,,,,,,,,,,,,,,,,,,,,,,,,,,,,,,,,,,,,,,,,,,,,,,,,,,,,,,,,,,,,,,,,,,,,,,,,,,,,,,,,,,,,,,,,,,,,,,,,,,,,,,,,,,,,,,,,,,,,,,,,77.0,,0.0,,0.0,0.0,90.1,0.0,,62.0,,,,,,,,,,,,,,,,,,,,,,,,,,,,,,,,,,,,,,,,,,,,,,,,,,,,,,,,,,,,,10.3,7.8,8.7,7.1,10.1,11.9,13.5,14.1,528.0,392.0,432.0,376.0,504.0,568.0,648.0,696.0,,,86.0,11.0,,,,,,2.28027,270.82,2.79,,,,,,,,,,,,,,,,,,,,,,,,,,,,,,,265.748,261.18,262.539,263.091,263.603,264.183,264.956,265.303,265.698,266.36,262.266,266.345,266.473,267.076,267.193,267.169,267.696,267.876,267.865,268.497,269.087,270.125,0.0,0.0,0.0,0.0,1.0,100.0,100.0,0.0,9.999e+20,180.0,2.4,180.0,4.4,1.0,0.0,,0.0,0.0,1.0,,16256.0,,,,,1030.0,180.0,180.0,180.0,,269.4,,,,,,,,,,,,,,,,,,,,,,,,,,,,,2.4,0.4,0.8,0.8,1.2,1.2,1.2,1.2,1.6,2.0,0.4,2.0,2.0,2.4,2.4,2.8,2.8,3.2,3.2,3.6,4.8,6.0,2.00084,1.32,0.0,0.0,0.0,0.0,11.0,0.0,2.0,0.0,2.4,2.8,
2026031519,,,,,,,,,,,,,,,,,,,,,,,,,,,,,,,,,0.254,,,,,,,,,,,,,,,,,,,,,,,,,,,,,,,,,,,,,,,,,,,,,,,,,,,,,,,,,,,,,,,,,,,,,,,,,,,,,,,,,,,,,,,,,,,,,,,,,,,,,,,,,,,,,,,,,,,,,,,,,,,,,,,,,,,,,,,,,,,,,,,,,,,,,,,,,,,,,,,,,,,,,,,,,,,,,,,,,,,,,,,,,,,,,,,,,,,,,,,,,,,,,,,,,,,,,,,,,,,,,,,,,,,,0.0,,6.0,,28.0,,,,,,,,,,,,,,,,,,,,,,,,,,,,,,,,,,,,,,,,,,,,,,,,,,,,,,,,,,,,,,,,,,,,,,,,,,,,,,,,,,,,,,,,,,,,,,,,,,,,,,,,,,,,,,,,,,,,,,,,,,,,,,,,,,,,,,,,,,,,,,,,,,,,,,,,,,,,,,,,,,,,,,,,,,,,,,,,,,,,,,,,,,,,,,,,,,,,,,,,,,,,,,,,,,,,,,,,,,,,,,,,,,,,,,,,,,,,,,,,,,,,,,,,,,,,,,,,,,,,,,,,,,,,,,,,,,,,,,,,,,,,,,,,,,,,,,,,,,,,,,,,,,,,,,,,,,,,,,,,,,,,,,,,,,,,,,,,,,,,,,,,,,,,,,,,,,,,,,,,,,,,,,,,,,,,,,,,,,,,,,,,,,,,,,,,,,,,,,,,,,,,,,,,,,,,,,,,,,,,,,,,,,,,,,,,0.0,,3.0,11.0,,,,,,,,,,,,,,,,,,,,,,,,,,,,,,,,,,,,,,,,,,,,,,,,,,,,,,,,,,,,,,,,,,,,,
2026031520,,,,,,,,,,,,,,,,,,,,,,,,,,,,,,,,,0.254,,,,,,,,,,,,,,,,,,,,,,,,,,,,,,,,,,,,,,,,,,,,,,,,,,,,,,,,,,,,,,,,,,,,,,,,,,,,,,,,,,,,,,,,,,,,,,,,,,,,,,,,,,,,,,,,,,,,,,,,,,,,,,,,,,,,,,,,,,,,,,,,,,,,,,,,,,,,,,,,,,,,,,,,,,,,,,,,,,,,,,,,,,,,,,,,,,,,,,,,,,,,,,,,,,,,,,,,,,,,,,,,,,,,,,,,,,,,,,,,,,,,,,,,,,,,,,,,,,,,,,,,,,,,,,,,,,,,,,,,,,,,,,,,,,,,,,,,,,,,,,,,,,,,,,,,,,,,,,,,,,,,,,,,,,,,,,,,,,,,,,,,,,,,,,,,,,,,,,,,,,,,,,,,,,,,,,,,,,,,,,,,,,,,,,,,,,,,,,,,,,,,,,,,,,,,,,,,,,,,,,,,,,,,,,,,,,,,,,,,,,,,,,,,,,,,,,,,,,,,,,,,,,,,,,,,,,,,,,,,,,,,,,,,,,,,,,,,,,,,,,,,,,,,,,,,,,,,,,,,,,,,,,,,,,,,,,,,,,,,,,,,,,,,,,,,,,,,,,,,,,,,,,,,,,,,,,,,,,,,,,,,,,,,,,,,,,,,,,,,,,,,,,,,,,,,,,,,,,,,,,,,,,,,,,,,,,,,,,,,,,,,,,,,,,,,,,,,,,,,,,,,,,,,,,,,,,,,,,,,,,,,,,,,,,,,,,,,,,,,,,,,,,,,,,,,,,,,,,,,,,,,,,,,,,,,,,,,
2026031521,,,,,,,,,,,,,,,,,,,,,,,,,,,,,,,,,0.254,,,,,,,,,,,,,,,,,,,,,,,,,,,,,,,,,,,,,,,,,,,,,,,,,,,,,,,,,,,,,,,,,,,,,,,,,,,,,,,,,,,,,,,,,,,,,,,,,,,,,,,,,,,,,,,,,,,,,,,,,,,,,,,,,,267.56,,,,,,,,,,,,,,,,,,,,,,,,,,,,,,,,,,,,,,,,,,,,,,,,,,,,,,,,,,,,,,,,,,,,,,,,,,,,,,,,,,,,,,,,,,,3.0,5.0,,,,33.0,681.0,,,,,,26.0,27.0,26.0,29.0,31.0,34.0,34.0,0.0,0.0,0.0,0.0,0.0,29.9,,268.5,2.17,0.0,183.0,1.0,,,,,,,,,,,,,,,,,,,,,,,,,,,,,,,,,,,,,,,,,,,,,,,,,,,,,,9.999e+20,,,,,,,,,,,,,,,,,,,,,,,,,,,,,4.6,0.8,2.0,2.4,2.5885,2.78783,2.93086,3.4192,3.90324,3.9756,1.6,4.43852,4.52018,5.00037,5.12455,5.62755,5.78745,5.92231,6.49601,6.80304,8.4051,10.1212,4.62207,2.1,1.0,0.0,0.0,0.0,0.0,0.0,0.0,4.0,,9.999e+20,9.999e+20,9.999e+20,9.999e+20,9.999e+20,,,,,,,,,,,,,,,,,,,,,,,,,,,,,,,,,,,,,,,,,,,,,,,,,,,,,,,,,,,,,,,,,,,,,,,,,,,,,,,,,,,,,,,,,,,,,,,,,,,,,,,,,,,,,,,,,,,,,,,,,,,,0.0,,19.2,0.0,75.3,0.0,,83.0,,,,,,,,,,,,,,,,,,,,,,,,,,,,,,,,,,,,,,,,,,,,,,,,,,,,,,,,,,,,,7.5,5.3,6.4,4.5,7.3,9.8,11.1,11.5,832.0,464.0,568.0,448.0,712.0,912.0,1200.0,1312.0,,,82.0,12.0,,,,,,,271.14,2.16,,,,,,,,,,,,,,,,,,,,,,,,,,,,,,,,,,,,,,,,,,,,,,,,,,,,,,,,,,,,,9.999e+20,200.0,2.4,190.0,5.3,,,,1.0,,2.0,,14720.0,,,,,1508.0,200.0,200.0,200.0,,270.9,,,,,,,,,,,,,,,,,,,,,,,,,,,,,2.4,0.4,0.8,0.8,1.2,1.2,1.2,1.6,1.6,2.0,0.4,2.0,2.4,2.8,2.8,3.2,3.6,3.6,4.0,4.4,5.6,7.08886,2.43956,1.6,0.0,0.0,0.0,0.0,22.0,0.0,4.0,0.0,2.8,3.2,
2026031522,,,,,,,,,,,,,,,,,,,,,,,,,,,,,,,,,0.254,,,,,,,,,,,,,,,,,,,,,,,,,,,,,,,,,,,,,,,,,,,,,,,,,,,,,,,,,,,,,,,,,,,,,,,,,,,,,,,,,,,,,,,,,,,,,,,,,,,,,,,,,,,,,,,,,,,,,,,,,,,,,,,,,,,,,,,,,,,,,,,,,,,,,,,,,,,,,,,,,,,,,,,,,,,,,,,,,,,,,,,,,,,,,,,,,,,,,,,,,,,,,,,,,,,,,,,,,,,,,,,,,,,,0.0,,14.0,,46.0,,,,,,,,,,,,,,,,,,,,,,,,,,,,,,,,,,,,,,,,,,,,,,,,,,,,,,,,,,,,,,,,,,,,,,,,,,,,,,,,,,,,,,,,,,,,,,,,,,,,,,,,,,,,,,,,,,,,,,,,,,,,,,,,,,,,,,,,,,,,,,,,,,,,,,,,,,,,,,,,,,,,,,,,,,,,,,,,,,,,,,,,,,,,,,,,,,,,,,,,,,,,,,,,,,,,,,,,,,,,,,,,,,,,,,,,,,,,,,,,,,,,,,,,,,,,,,,,,,,,,,,,,,,,,,,,,,,,,,,,,,,,,,,,,,,,,,,,,,,,,,,,,,,,,,,,,,,,,,,,,,,,,,,,,,,,,,,,,,,,,,,,,,,,,,,,,,,,,,,,,,,,,,,,,,,,,,,,,,,,,,,,,,,,,,,,,,,,,,,,,,,,,,,,,,,,,,,,,,,,,,,,,,,,,,,,2.0,,8.0,18.0,,,,,,,,,,,,,,,,,,,,,,,,,,,,,,,,,,,,,,,,,,,,,,,,,,,,,,,,,,,,,,,,,,,,,
2026031523,,,,,,,,,,,,,,,,,,,,,,,,,,,,,,,,,0.254,,,,,,,,,,,,,,,,,,,,,,,,,,,,,,,,,,,,,,,,,,,,,,,,,,,,,,,,,,,,,,,,,,,,,,,,,,,,,,,,,,,,,,,,,,,,,,,,,,,,,,,,,,,,,,,,,,,,,,,,,,,,,,,,,,,,,,,,,,,,,,,,,,,,,,,,,,,,,,,,,,,,,,,,,,,,,,,,,,,,,,,,,,,,,,,,,,,,,,,,,,,,,,,,,,,,,,,,,,,,,,,,,,,,,,,,,,,,,,,,,,,,,,,,,,,,,,,,,,,,,,,,,,,,,,,,,,,,,,,,,,,,,,,,,,,,,,,,,,,,,,,,,,,,,,,,,,,,,,,,,,,,,,,,,,,,,,,,,,,,,,,,,,,,,,,,,,,,,,,,,,,,,,,,,,,,,,,,,,,,,,,,,,,,,,,,,,,,,,,,,,,,,,,,,,,,,,,,,,,,,,,,,,,,,,,,,,,,,,,,,,,,,,,,,,,,,,,,,,,,,,,,,,,,,,,,,,,,,,,,,,,,,,,,,,,,,,,,,,,,,,,,,,,,,,,,,,,,,,,,,,,,,,,,,,,,,,,,,,,,,,,,,,,,,,,,,,,,,,,,,,,,,,,,,,,,,,,,,,,,,,,,,,,,,,,,,,,,,,,,,,,,,,,,,,,,,,,,,,,,,,,,,,,,,,,,,,,,,,,,,,,,,,,,,,,,,,,,,,,,,,,,,,,,,,,,,,,,,,,,,,,,,,,,,,,,,,,,,,,,,,,,,,,,,,,,,,,,,,,,,,,,,,,,,,,,,,,,
2026031600,3.525,0.0,0.0,0.0,0.067,0.418,0.819,1.262,1.771,2.396,0.0,2.892,3.344,3.813,4.325,4.787,5.362,5.937,6.973,8.074,10.26,14.991,77.0,0.0,2.0,0.0,0.0,54.0,0.0,0.0,18.0,0.0,0.508,,4.904,0.0,0.0,0.0,0.385,0.753,1.178,1.724,2.357,3.125,0.0,3.788,4.456,5.148,5.933,6.573,7.348,8.33,9.663,11.195,14.673,21.619,82.0,0.0,8.0,0.0,0.0,0.0,0.0,0.0,32.0,0.0,7.642,0.0,1.419,2.15,2.834,3.515,4.18,4.919,5.551,6.223,0.473,6.755,7.366,8.05,8.749,9.446,10.248,11.189,12.631,14.649,18.034,26.405,15.0,0.0,82.0,0.0,1.0,0.0,0.0,0.0,0.0,0.0,2.286,0.0,0.0,0.0,0.01,0.232,0.534,0.846,1.18,1.562,0.0,1.923,2.25,2.608,2.968,3.336,3.733,4.229,4.829,5.772,7.343,10.666,75.0,0.0,0.0,41.0,0.0,0.0,0.0,8.0,0.0,0.0,20.107,6.025,10.004,11.039,11.898,12.712,13.426,14.161,14.966,15.762,8.219,16.694,17.729,18.889,20.376,22.187,24.238,26.71,31.001,35.437,43.103,57.406,0.0,0.0,22.0,0.0,0.0,2.0,0.0,99.0,0.0,0.0,266.96,,,,,,,,,,,,,,,,,,,0.033,0.005,0.015,0.003,0.03,0.043,0.053,0.064,86.0,49.0,11.0,0.0,0.0,0.0,0.0,0.0,0.0,0.0,0.038,0.008,0.02,0.003,0.036,0.053,0.064,0.074,57.0,22.0,1.0,0.0,0.0,0.0,0.0,0.0,0.0,0.0,0.018,0.003,0.005,0.0,0.018,0.028,0.038,0.043,81.0,21.0,1.0,0.0,0.0,0.0,0.0,0.0,0.0,0.0,,,,,,,,,,,,,,,,,,,1.0,1.0,,,,27.0,331.0,,,,,,28.0,28.0,28.0,30.0,32.0,34.0,34.0,0.0,0.0,0.0,0.0,0.0,30.8,,269.24,2.12,0.0,142.0,3.0,,0.0,0.0,0.0,0.0,0.0,0.0,0.0,0.0,0.0,0.0,0.0,0.0,0.0,0.0,0.0,0.0,0.0,0.0,0.0,0.0,0.0,0.0,0.0,0.0,0.0,0.0,0.0,0.0,0.0,0.0,0.0,0.0,0.0,0.0,0.0,0.0,0.0,0.0,,,,,,,,,,,,,,8.2,9.999e+20,,,,,,,,,,,,,,,,,,,,,,,,,,,,,5.4,1.2,2.4,2.8,3.2,3.2,3.6,4.0,4.4,4.4,2.0,4.8,5.2,5.2,5.6,6.4,6.66389,7.13452,7.4708,8.10917,9.76708,12.2616,5.01717,2.5,2.0,0.0,0.0,0.0,0.0,0.0,0.0,8.0,2.0,9.999e+20,9.999e+20,9.999e+20,9.999e+20,9.999e+20,,,,,,,,,,,,,,,,,,,,,,,,,,,,,,,,,,,,,,,,,,,,,,,,,,,,,,,,,,,,,,,,,,,,,,,,,,,,,,,,,,,,,,,,,,,,,,,,,,,,,,,,,,,,,,,,,,,,,,,,,,,,0.0,3.0,28.2,0.0,68.8,0.0,,88.0,,,,,,,,,,,,,,,,,,,,,,,,,,,,,,,,,,,,,,,,,,,,,,,,,,,,,,,,,,,,,5.5,3.8,4.4,3.4,5.2,7.2,9.1,9.6,1176.0,688.0,736.0,648.0,840.0,1448.0,1816.0,1920.0,,,89.0,9.0,,272.74,1.93,,,,270.89,2.13,,,,,,,,,,,,,,,,,,,,,,,,,,,,,,,,,,,,,,,,,,,,,,,,,,,,,,,,,,,,,9.999e+20,210.0,3.2,200.0,5.6,14.0,2.0,,1.0,2.0,3.0,,5910.0,,,,,1072.0,210.0,210.0,210.0,,270.8,,,,,,,,,,,,,,,,,,,,,,,,,,,,,3.2,0.4,0.8,1.2,1.2,1.6,1.6,2.0,2.4,2.4,0.8,2.8,2.8,3.2,3.6,4.0,4.4,4.4,5.2,5.6,6.8,8.92954,3.21618,2.02,0.0,0.0,0.0,0.0,33.0,0.0,10.0,2.0,3.6,4.0,
2026031601,,,,,,,,,,,,,,,,,,,,,,,,,,,,,,,,,0.508,,,,,,,,,,,,,,,,,,,,,,,,,,,,,,,,,,,,,,,,,,,,,,,,,,,,,,,,,,,,,,,,,,,,,,,,,,,,,,,,,,,,,,,,,,,,,,,,,,,,,,,,,,,,,,,,,,,,,,,,,,,,,,,,,,,,,,,,,,,,,,,,,,,,,,,,,,,,,,,,,,,,,,,,,,,,,,,,,,,,,,,,,,,,,,,,,,,,,,,,,,,,,,,,,,,,,,,,,,,,,,,,,,,,2.0,,15.0,,65.0,,,,,,,,,,,,,,,,,,,,,,,,,,,,,,,,,,,,,,,,,,,,,,,,,,,,,,,,,,,,,,,,,,,,,,,,,,,,,,,,,,,,,,,,,,,,,,,,,,,,,,,,,,,,,,,,,,,,,,,,,,,,,,,,,,,,,,,,,,,,,,,,,,,,,,,,,,,,,,,,,,,,,,,,,,,,,,,,,,,,,,,,,,,,,,,,,,,,,,,,,,,,,,,,,,,,,,,,,,,,,,,,,,,,,,,,,,,,,,,,,,,,,,,,,,,,,,,,,,,,,,,,,,,,,,,,,,,,,,,,,,,,,,,,,,,,,,,,,,,,,,,,,,,,,,,,,,,,,,,,,,,,,,,,,,,,,,,,,,,,,,,,,,,,,,,,,,,,,,,,,,,,,,,,,,,,,,,,,,,,,,,,,,,,,,,,,,,,,,,,,,,,,,,,,,,,,,,,,,,,,,,,,,,,,,,,1.0,,13.0,32.0,,,,,,,,,,,,,,,,,,,,,,,,,,,,,,,,,,,,,,,,,,,,,,,,,,,,,,,,,,,,,,,,,,,,,
2026031602,,,,,,,,,,,,,,,,,,,,,,,,,,,,,,,,,0.508,,,,,,,,,,,,,,,,,,,,,,,,,,,,,,,,,,,,,,,,,,,,,,,,,,,,,,,,,,,,,,,,,,,,,,,,,,,,,,,,,,,,,,,,,,,,,,,,,,,,,,,,,,,,,,,,,,,,,,,,,,,,,,,,,,,,,,,,,,,,,,,,,,,,,,,,,,,,,,,,,,,,,,,,,,,,,,,,,,,,,,,,,,,,,,,,,,,,,,,,,,,,,,,,,,,,,,,,,,,,,,,,,,,,,,,,,,,,,,,,,,,,,,,,,,,,,,,,,,,,,,,,,,,,,,,,,,,,,,,,,,,,,,,,,,,,,,,,,,,,,,,,,,,,,,,,,,,,,,,,,,,,,,,,,,,,,,,,,,,,,,,,,,,,,,,,,,,,,,,,,,,,,,,,,,,,,,,,,,,,,,,,,,,,,,,,,,,,,,,,,,,,,,,,,,,,,,,,,,,,,,,,,,,,,,,,,,,,,,,,,,,,,,,,,,,,,,,,,,,,,,,,,,,,,,,,,,,,,,,,,,,,,,,,,,,,,,,,,,,,,,,,,,,,,,,,,,,,,,,,,,,,,,,,,,,,,,,,,,,,,,,,,,,,,,,,,,,,,,,,,,,,,,,,,,,,,,,,,,,,,,,,,,,,,,,,,,,,,,,,,,,,,,,,,,,,,,,,,,,,,,,,,,,,,,,,,,,,,,,,,,,,,,,,,,,,,,,,,,,,,,,,,,,,,,,,,,,,,,,,,,,,,,,,,,,,,,,,,,,,,,,,,,,,,,,,,,,,,,,,,,,,,,,,,,,,,,,,
2026031603,,,,,,,,,,,,,,,,,,,,,,,,,,,,,,,,,0.508,,,,,,,,,,,,,,,,,,,,,,,,,,,,,,,,,,,,,,,,,,,,,,,,,,,,,,,,,,,,,,,,,,,,,,,,,,,,,,,,,,,,,,,,,,,,,,,,,,,,,,,,,,,,,,,,,,,,,,,,,,,,,,,,,,266.88,,,,,,,,,,,,,,,,,,,,,,,,,,,,,,,,,,,,,,,,,,,,,,,,,,,,,,,,,,,,,,,,,,,,,,,,,,,,,,,,,,,,,,,,,,,0.0,1.0,,,,32.0,432.0,,,,,,28.0,30.0,28.0,33.0,35.0,36.0,37.0,0.0,0.0,0.0,0.0,0.0,32.6,,269.44,1.8,0.0,18.0,2.0,,,,,,,,,,,,,,,,,,,,,,,,,,,,,,,,,,,,,,,,,,,,,,,,,,,,,,9.999e+20,,,,,,,,,,,,,,,,,,,,,,,,,,,,,6.3,1.6,2.8,3.2,3.6,3.6,4.0,4.4,5.2,5.6,2.0,5.6,6.03904,6.51303,6.95453,7.45856,7.60031,8.13349,8.64164,10.0795,11.8318,16.1922,6.25415,3.0,6.0,2.0,0.0,0.0,0.0,0.0,0.0,14.0,,9.999e+20,9.999e+20,9.999e+20,9.999e+20,9.999e+20,,,,,,,,,,,,,,,,,,,,,,,,,,,,,,,,,,,,,,,,,,,,,,,,,,,,,,,,,,,,,,,,,,,,,,,,,,,,,,,,,,,,,,,,,,,,,,,,,,,,,,,,,,,,,,,,,,,,,,,,,,,,0.0,,67.7,0.0,20.5,0.0,,86.0,,,,,,,,,,,,,,,,,,,,,,,,,,,,,,,,,,,,,,,,,,,,,,,,,,,,,,,,,,,,,3.6,2.2,3.1,1.9,3.8,4.9,6.3,7.1,1728.0,768.0,928.0,712.0,1504.0,1976.0,2360.0,2640.0,,,88.0,8.0,,,,,,,271.55,1.81,,,,,,,,,,,,,,,,,,,,,,,,,,,,,,,,,,,,,,,,,,,,,,,,,,,,,,,,,,,,,9.999e+20,200.0,4.0,200.0,6.3,,,,1.0,,3.0,,10908.0,,,,,834.0,200.0,200.0,200.0,,271.9,,,,,,,,,,,,,,,,,,,,,,,,,,,,,4.0,0.8,1.2,1.6,2.0,2.4,2.4,2.8,2.8,3.2,1.2,3.6,4.0,4.0,4.8,5.2,5.2,5.6,6.0,7.2,8.8,12.279,4.01016,2.5,2.0,0.0,0.0,0.0,49.0,0.0,20.0,6.0,4.4,5.2,
2026031604,,,,,,,,,,,,,,,,,,,,,,,,,,,,,,,,,0.508,,,,,,,,,,,,,,,,,,,,,,,,,,,,,,,,,,,,,,,,,,,,,,,,,,,,,,,,,,,,,,,,,,,,,,,,,,,,,,,,,,,,,,,,,,,,,,,,,,,,,,,,,,,,,,,,,,,,,,,,,,,,,,,,,,,,,,,,,,,,,,,,,,,,,,,,,,,,,,,,,,,,,,,,,,,,,,,,,,,,,,,,,,,,,,,,,,,,,,,,,,,,,,,,,,,,,,,,,,,,,,,,,,,,0.0,,11.0,,52.0,,,,,,,,,,,,,,,,,,,,,,,,,,,,,,,,,,,,,,,,,,,,,,,,,,,,,,,,,,,,,,,,,,,,,,,,,,,,,,,,,,,,,,,,,,,,,,,,,,,,,,,,,,,,,,,,,,,,,,,,,,,,,,,,,,,,,,,,,,,,,,,,,,,,,,,,,,,,,,,,,,,,,,,,,,,,,,,,,,,,,,,,,,,,,,,,,,,,,,,,,,,,,,,,,,,,,,,,,,,,,,,,,,,,,,,,,,,,,,,,,,,,,,,,,,,,,,,,,,,,,,,,,,,,,,,,,,,,,,,,,,,,,,,,,,,,,,,,,,,,,,,,,,,,,,,,,,,,,,,,,,,,,,,,,,,,,,,,,,,,,,,,,,,,,,,,,,,,,,,,,,,,,,,,,,,,,,,,,,,,,,,,,,,,,,,,,,,,,,,,,,,,,,,,,,,,,,,,,,,,,,,,,,,,,,,,3.0,,10.0,27.0,,,,,,,,,,,,,,,,,,,,,,,,,,,,,,,,,,,,,,,,,,,,,,,,,,,,,,,,,,,,,,,,,,,,,
2026031605,,,,,,,,,,,,,,,,,,,,,,,,,,,,,,,,,0.508,,,,,,,,,,,,,,,,,,,,,,,,,,,,,,,,,,,,,,,,,,,,,,,,,,,,,,,,,,,,,,,,,,,,,,,,,,,,,,,,,,,,,,,,,,,,,,,,,,,,,,,,,,,,,,,,,,,,,,,,,,,,,,,,,,,,,,,,,,,,,,,,,,,,,,,,,,,,,,,,,,,,,,,,,,,,,,,,,,,,,,,,,,,,,,,,,,,,,,,,,,,,,,,,,,,,,,,,,,,,,,,,,,,,,,,,,,,,,,,,,,,,,,,,,,,,,,,,,,,,,,,,,,,,,,,,,,,,,,,,,,,,,,,,,,,,,,,,,,,,,,,,,,,,,,,,,,,,,,,,,,,,,,,,,,,,,,,,,,,,,,,,,,,,,,,,,,,,,,,,,,,,,,,,,,,,,,,,,,,,,,,,,,,,,,,,,,,,,,,,,,,,,,,,,,,,,,,,,,,,,,,,,,,,,,,,,,,,,,,,,,,,,,,,,,,,,,,,,,,,,,,,,,,,,,,,,,,,,,,,,,,,,,,,,,,,,,,,,,,,,,,,,,,,,,,,,,,,,,,,,,,,,,,,,,,,,,,,,,,,,,,,,,,,,,,,,,,,,,,,,,,,,,,,,,,,,,,,,,,,,,,,,,,,,,,,,,,,,,,,,,,,,,,,,,,,,,,,,,,,,,,,,,,,,,,,,,,,,,,,,,,,,,,,,,,,,,,,,,,,,,,,,,,,,,,,,,,,,,,,,,,,,,,,,,,,,,,,,,,,,,,,,,,,,,,,,,,,,,,,,,,,,,,,,,,,,,,,
2026031606,5.886,0.0,0.248,0.695,1.13,1.753,2.278,2.995,3.473,4.246,0.0,5.019,5.564,6.148,6.997,7.81,8.606,9.404,10.565,12.312,15.74,23.628,90.0,0.0,9.0,0.0,2.0,68.0,1.0,0.0,39.0,0.0,0.508,,8.864,0.0,0.455,1.053,1.65,2.567,3.386,4.433,5.446,6.499,0.0,7.546,8.57,9.635,10.663,11.923,13.069,14.383,16.285,18.896,23.098,33.823,92.0,0.0,26.0,0.0,0.0,0.0,4.0,0.0,56.0,0.0,,,,,,,,,,,,,,,,,,,,,,,,,,,,,,,,,3.302,0.0,0.0,0.144,0.406,0.756,1.083,1.399,1.77,2.187,0.0,2.597,3.033,3.516,3.982,4.532,5.011,5.707,6.523,7.694,9.914,15.393,83.0,2.0,1.0,51.0,0.0,0.0,0.0,16.0,0.0,0.0,,,,,,,,,,,,,,,,,,,,,,,,,,,,,,,,,268.0,,,,,,,,,,,,,,,,,,,0.036,0.013,0.02,0.008,0.033,0.046,0.058,0.064,91.0,52.0,13.0,0.0,0.0,0.0,0.0,0.0,0.0,0.0,0.036,0.013,0.02,0.008,0.033,0.046,0.061,0.066,55.0,14.0,1.0,0.0,0.0,0.0,0.0,0.0,0.0,0.0,0.003,0.0,0.0,0.0,0.0,0.005,0.008,0.018,36.0,2.0,0.0,0.0,0.0,0.0,0.0,0.0,0.0,0.0,0.119,0.064,0.086,0.058,0.109,0.147,0.188,0.216,90.0,49.0,17.0,6.0,0.0,0.0,0.0,0.0,0.0,0.0,0.0,1.0,,,,32.0,832.0,,,,,,31.0,32.0,29.0,35.0,38.0,38.0,39.0,0.0,0.0,0.0,0.0,0.0,34.2,,270.2,1.81,0.0,9.0,3.0,,0.0,0.0,0.0,0.0,0.0,0.0,0.0,0.0,0.0,0.0,0.0,0.0,0.0,0.0,0.0,0.0,0.0,0.0,0.0,0.0,0.0,0.0,0.0,0.0,0.0,0.0,0.0,0.0,0.0,0.0,0.0,0.0,0.0,0.0,0.0,0.0,0.0,0.0,0.0,0.0,0.0,0.0,0.0,0.0,0.0,0.0,0.0,0.0,0.0,0.0,0.0,8.0,9.999e+20,10.2996,5.38404,7.10388,7.41962,7.98863,8.09258,8.18207,8.70283,8.79618,9.27101,6.3557,9.78443,9.85234,10.3719,10.4466,10.966,11.4818,12.4005,13.2663,14.3132,16.446,21.7165,25.0,3.0,2.0,0.0,0.0,0.0,6.5,1.2,3.2,3.6,4.0,4.4,4.8,5.2,5.6,5.6,2.4,6.0,6.4,6.8,7.20062,7.7047,8.16886,8.6597,9.52171,10.8789,12.9784,17.5397,6.54553,3.3,10.0,2.0,1.0,0.0,0.0,0.0,0.0,20.0,2.0,9.999e+20,9.999e+20,9.999e+20,9.999e+20,9.999e+20,,,,,,,,,,,,,,,,,,,,,,,,,,,,,,,,,,,,,,,,,,,,,,,,,,,,,,,,,,,,,,,,,,,,,,,,,,,,,,,,,,,,,,,,,,,,,,,,,,,,,,,,,,,,,,,,,,,,,,,,,,,62.0,0.0,,81.8,0.0,12.4,0.0,,84.0,,,,,,,,,,,,,,,,,,,,,,,,,,,,,,,,,,,,,,,,,,,,,,,,,,,,,,,,,,,,,2.6,1.4,2.3,0.8,2.8,4.2,4.9,5.1,2168.0,848.0,1648.0,744.0,2088.0,2456.0,3064.0,3096.0,,,86.0,9.0,,,,,,1.7891,272.79,1.81,272.426,269.109,270.88,270.821,271.223,271.098,271.402,271.589,271.754,271.941,270.004,272.054,272.277,272.462,272.587,272.835,273.002,273.339,274.185,275.014,276.186,276.862,0.0,16.0,75.0,0.0,0.0,0.0,0.0,0.0,,,,,,,,,,,,,,,,,,,,,,,,,,,,,,,9.999e+20,210.0,4.8,210.0,6.6,26.0,2.0,,1.0,1.0,3.0,,16256.0,,,,,875.0,210.0,210.0,210.0,,272.0,7.37373,3.2,4.8,4.8,5.2,5.6,5.6,6.0,6.4,6.8,4.0,7.2,7.2,7.34467,7.81249,8.28373,8.76972,9.22178,10.1109,11.3809,13.1178,18.0728,10.0,2.0,0.0,0.0,75.0,25.0,4.8,0.8,1.6,2.4,2.4,2.8,2.8,3.2,3.6,4.0,1.2,4.0,4.4,4.8,5.2,5.6,6.0,6.4,7.2,8.0,10.0,13.2,4.8,2.72,2.0,0.0,0.0,0.0,60.0,0.0,28.0,8.0,5.2,6.0,
2026031607,,,,,,,,,,,,,,,,,,,,,,,,,,,,,,,,,0.508,,,,,,,,,,,,,,,,,,,,,,,,,,,,,,,,,,,,,,,,,,,,,,,,,,,,,,,,,,,,,,,,,,,,,,,,,,,,,,,,,,,,,,,,,,,,,,,,,,,,,,,,,,,,,,,,,,,,,,,,,,,,,,,,,,,,,,,,,,,,,,,,,,,,,,,,,,,,,,,,,,,,,,,,,,,,,,,,,,,,,,,,,,,,,,,,,,,,,,,,,,,,,,,,,,,,,,,,,,,,,,,,,,,,0.0,,8.0,,39.0,,,,,,,,,,,,,,,,,,,,,,,,,,,,,,,,,,,,,,,,,,,,,,,,,,,,,,,,,,,,,,,,,,,,,,,,,,,,,,,,,,,,,,,,,,,,,,,,,,,,,,,,,,,,,,,,,,,,,,,,,,,,,,,,,,,,,,,,,,,,,,,,,,,,,,,,,,,,,,,,,,,,,,,,,,,,,,,,,,,,,,,,,,,,,,,,,,,,,,,,,,,,,,,,,,,,,,,,,,,,,,,,,,,,,,,,,,,,,,,,,,,,,,,,,,,,,,,,,,,,,,,,,,,,,,,,,,,,,,,,,,,,,,,,,,,,,,,,,,,,,,,,,,,,,,,,,,,,,,,,,,,,,,,,,,,,,,,,,,,,,,,,,,,,,,,,,,,,,,,,,,,,,,,,,,,,,,,,,,,,,,,,,,,,,,,,,,,,,,,,,,,,,,,,,,,,,,,,,,,,,,,,,,,,,,,,0.0,,4.0,17.0,,,,,,,,,,,,,,,,,,,,,,,,,,,,,,,,,,,,,,,,,,,,,,,,,,,,,,,,,,,,,,,,,,,,,
2026031608,,,,,,,,,,,,,,,,,,,,,,,,,,,,,,,,,0.508,,,,,,,,,,,,,,,,,,,,,,,,,,,,,,,,,,,,,,,,,,,,,,,,,,,,,,,,,,,,,,,,,,,,,,,,,,,,,,,,,,,,,,,,,,,,,,,,,,,,,,,,,,,,,,,,,,,,,,,,,,,,,,,,,,,,,,,,,,,,,,,,,,,,,,,,,,,,,,,,,,,,,,,,,,,,,,,,,,,,,,,,,,,,,,,,,,,,,,,,,,,,,,,,,,,,,,,,,,,,,,,,,,,,,,,,,,,,,,,,,,,,,,,,,,,,,,,,,,,,,,,,,,,,,,,,,,,,,,,,,,,,,,,,,,,,,,,,,,,,,,,,,,,,,,,,,,,,,,,,,,,,,,,,,,,,,,,,,,,,,,,,,,,,,,,,,,,,,,,,,,,,,,,,,,,,,,,,,,,,,,,,,,,,,,,,,,,,,,,,,,,,,,,,,,,,,,,,,,,,,,,,,,,,,,,,,,,,,,,,,,,,,,,,,,,,,,,,,,,,,,,,,,,,,,,,,,,,,,,,,,,,,,,,,,,,,,,,,,,,,,,,,,,,,,,,,,,,,,,,,,,,,,,,,,,,,,,,,,,,,,,,,,,,,,,,,,,,,,,,,,,,,,,,,,,,,,,,,,,,,,,,,,,,,,,,,,,,,,,,,,,,,,,,,,,,,,,,,,,,,,,,,,,,,,,,,,,,,,,,,,,,,,,,,,,,,,,,,,,,,,,,,,,,,,,,,,,,,,,,,,,,,,,,,,,,,,,,,,,,,,,,,,,,,,,,,,,,,,,,,,,,,,,,,,,,,,,,
2026031609,,,,,,,,,,,,,,,,,,,,,,,,,,,,,,,,,0.508,,,,,,,,,,,,,,,,,,,,,,,,,,,,,,,,,,,,,,,,,,,,,,,,,,,,,,,,,,,,,,,,,,,,,,,,,,,,,,,,,,,,,,,,,,,,,,,,,,,,,,,,,,,,,,,,,,,,,,,,,,,,,,,,,,269.13,,,,,,,,,,,,,,,,,,,,,,,,,,,,,,,,,,,,,,,,,,,,,,,,,,,,,,,,,,,,,,,,,,,,,,,,,,,,,,,,,,,,,,,,,,,0.0,1.0,,,,30.0,88886.0,,,,,,30.0,33.0,29.0,36.0,38.0,40.0,41.0,0.0,0.0,0.0,0.0,0.0,36.0,,271.1,1.97,0.0,0.0,1.0,,,,,,,,,,,,,,,,,,,,,,,,,,,,,,,,,,,,,,,,,,,,,,,,,,,,,,9.999e+20,,,,,,,,,,,,,,,,,,,,,,,,,,,,,6.1,0.8,2.8,3.2,3.6,4.0,4.8,5.2,5.2,5.6,2.0,5.6,6.0,6.4,6.8,7.20847,7.25645,8.10196,8.96999,10.2205,11.5958,14.5629,6.06531,3.02,6.0,1.0,0.0,0.0,0.0,0.0,0.0,18.0,,9.999e+20,9.999e+20,9.999e+20,9.999e+20,9.999e+20,,,,,,,,,,,,,,,,,,,,,,,,,,,,,,,,,,,,,,,,,,,,,,,,,,,,,,,,,,,,,,,,,,,,,,,,,,,,,,,,,,,,,,,,,,,,,,,,,,,,,,,,,,,,,,,,,,,,,,,,,,,,0.0,,76.4,0.0,8.2,0.0,,85.0,,,,,,,,,,,,,,,,,,,,,,,,,,,,,,,,,,,,,,,,,,,,,,,,,,,,,,,,,,,,,2.6,1.5,1.8,1.2,2.2,3.3,4.1,4.5,2256.0,1600.0,1832.0,1136.0,2328.0,2664.0,2976.0,3200.0,,,86.0,8.0,,,,,,,273.25,1.97,,,,,,,,,,,,,,,,,,,,,,,,,,,,,,,,,,,,,,,,,,,,,,,,,,,,,,,,,,,,,9.999e+20,210.0,4.4,200.0,4.9,,,,0.0,,2.0,,,,,,,646.0,210.0,210.0,210.0,,272.9,,,,,,,,,,,,,,,,,,,,,,,,,,,,,4.4,0.4,1.6,2.0,2.0,2.4,3.2,3.2,3.6,3.6,1.2,4.0,4.0,4.4,4.8,5.2,5.6,6.0,6.8,7.6,8.8,11.6,4.4,2.4,1.0,0.0,0.0,0.0,59.0,0.0,21.0,6.0,4.8,5.6,
2026031610,,,,,,,,,,,,,,,,,,,,,,,,,,,,,,,,,0.508,,,,,,,,,,,,,,,,,,,,,,,,,,,,,,,,,,,,,,,,,,,,,,,,,,,,,,,,,,,,,,,,,,,,,,,,,,,,,,,,,,,,,,,,,,,,,,,,,,,,,,,,,,,,,,,,,,,,,,,,,,,,,,,,,,,,,,,,,,,,,,,,,,,,,,,,,,,,,,,,,,,,,,,,,,,,,,,,,,,,,,,,,,,,,,,,,,,,,,,,,,,,,,,,,,,,,,,,,,,,,,,,,,,,,,,,,,,,,,,,,,,,,,,,,,,,,,,,,,,,,,,,,,,,,,,,,,,,,,,,,,,,,,,,,,,,,,,,,,,,,,,,,,,,,,,,,,,,,,,,,,,,,,,,,,,,,,,,,,,,,,,,,,,,,,,,,,,,,,,,,,,,,,,,,,,,,,,,,,,,,,,,,,,,,,,,,,,,,,,,,,,,,,,,,,,,,,,,,,,,,,,,,,,,,,,,,,,,,,,,,,,,,,,,,,,,,,,,,,,,,,,,,,,,,,,,,,,,,,,,,,,,,,,,,,,,,,,,,,,,,,,,,,,,,,,,,,,,,,,,,,,,,,,,,,,,,,,,,,,,,,,,,,,,,,,,,,,,,,,,,,,,,,,,,,,,,,,,,,,,,,,,,,,,,,,,,,,,,,,,,,,,,,,,,,,,,,,,,,,,,,,,,,,,,,,,,,,,,,,,,,,,,,,,,,,,,,,,,,,,,,,,,,,,,,,,,,,,,,,,,,,,,,,,,,,,,,,,,,,,,,,,,,,,,,,,,,,,,,,,,,,,,,,,,,,,,,,,
2026031611,,,,,,,,,,,,,,,,,,,,,,,,,,,,,,,,,0.508,,,,,,,,,,,,,,,,,,,,,,,,,,,,,,,,,,,,,,,,,,,,,,,,,,,,,,,,,,,,,,,,,,,,,,,,,,,,,,,,,,,,,,,,,,,,,,,,,,,,,,,,,,,,,,,,,,,,,,,,,,,,,,,,,,,,,,,,,,,,,,,,,,,,,,,,,,,,,,,,,,,,,,,,,,,,,,,,,,,,,,,,,,,,,,,,,,,,,,,,,,,,,,,,,,,,,,,,,,,,,,,,,,,,,,,,,,,,,,,,,,,,,,,,,,,,,,,,,,,,,,,,,,,,,,,,,,,,,,,,,,,,,,,,,,,,,,,,,,,,,,,,,,,,,,,,,,,,,,,,,,,,,,,,,,,,,,,,,,,,,,,,,,,,,,,,,,,,,,,,,,,,,,,,,,,,,,,,,,,,,,,,,,,,,,,,,,,,,,,,,,,,,,,,,,,,,,,,,,,,,,,,,,,,,,,,,,,,,,,,,,,,,,,,,,,,,,,,,,,,,,,,,,,,,,,,,,,,,,,,,,,,,,,,,,,,,,,,,,,,,,,,,,,,,,,,,,,,,,,,,,,,,,,,,,,,,,,,,,,,,,,,,,,,,,,,,,,,,,,,,,,,,,,,,,,,,,,,,,,,,,,,,,,,,,,,,,,,,,,,,,,,,,,,,,,,,,,,,,,,,,,,,,,,,,,,,,,,,,,,,,,,,,,,,,,,,,,,,,,,,,,,,,,,,,,,,,,,,,,,,,,,,,,,,,,,,,,,,,,,,,,,,,,,,,,,,,,,,,,,,,,,,,,,,,,,,,,,
2026031612,5.919,0.0,0.222,0.653,1.076,1.523,1.997,2.59,3.248,3.999,0.0,4.716,5.365,6.132,7.044,7.869,8.772,9.816,11.221,13.63,16.294,22.443,90.0,0.0,11.0,0.0,2.0,65.0,1.0,0.0,39.0,0.0,0.762,,10.738,0.0,1.417,2.17,2.909,3.82,4.833,5.826,6.883,8.154,0.561,9.364,10.761,11.947,13.096,14.35,15.549,17.59,19.428,22.298,26.192,33.373,96.0,0.0,37.0,0.0,0.0,0.0,6.0,0.0,63.0,0.0,11.737,0.054,2.795,3.611,4.625,5.51,6.485,7.435,8.453,9.372,1.703,10.61,11.84,13.069,14.175,15.132,16.322,18.052,20.091,22.539,26.075,32.259,42.0,0.0,91.0,0.0,6.0,0.0,0.0,0.0,0.0,0.0,2.794,0.0,0.0,0.0,0.022,0.23,0.517,0.874,1.209,1.605,0.0,1.942,2.466,2.995,3.446,3.942,4.541,5.293,6.441,7.729,10.26,16.556,75.0,3.0,1.0,44.0,0.0,0.0,0.0,15.0,0.0,0.0,17.922,2.707,6.897,8.662,10.113,11.213,12.468,13.781,14.893,15.731,4.844,16.786,17.869,19.079,20.526,22.132,23.455,25.093,26.741,29.054,33.643,46.026,0.0,0.0,19.0,0.0,0.0,1.0,0.0,92.0,0.0,0.0,269.37,,,,,,,,,,,,,,,,,,,0.036,0.013,0.02,0.008,0.033,0.046,0.058,0.064,91.0,52.0,13.0,1.0,0.0,0.0,0.0,0.0,0.0,0.0,0.038,0.013,0.02,0.008,0.033,0.046,0.061,0.064,55.0,14.0,1.0,0.0,0.0,0.0,0.0,0.0,0.0,0.0,0.0,0.0,0.0,0.0,0.0,0.0,0.0,0.003,3.0,0.0,0.0,0.0,0.0,0.0,0.0,0.0,0.0,0.0,0.086,0.043,0.058,0.041,0.079,0.102,0.137,0.155,86.0,20.0,4.0,1.0,0.0,0.0,0.0,0.0,0.0,0.0,0.0,1.0,,,,30.0,88886.0,,,,,,31.0,36.0,31.0,39.0,40.0,42.0,42.0,0.0,0.0,0.0,0.0,0.0,38.3,,271.73,1.89,0.0,0.0,3.0,,0.0,0.0,0.0,0.0,0.0,0.0,0.0,0.0,0.0,0.0,0.0,0.0,0.0,0.0,0.0,0.0,0.0,0.0,0.0,0.0,0.0,0.0,0.0,0.0,0.0,0.0,0.0,0.0,0.0,0.0,0.0,0.0,0.0,0.0,0.0,0.0,0.0,0.0,0.0,0.0,0.0,0.0,0.0,0.0,0.0,0.0,0.0,0.0,0.0,0.0,0.0,8.0,9.999e+20,,,,,,,,,,,,,,,,,,,,,,,,,,,,,6.51,1.6,3.2,3.6,4.0,4.4,4.8,5.2,5.6,6.0,2.4,6.0,6.4,6.43339,6.87182,7.32959,8.17513,8.63274,9.49273,10.3461,12.073,14.1355,6.5199,2.92,7.0,1.0,0.0,0.0,0.0,0.0,0.0,18.0,2.0,9.999e+20,9.999e+20,9.999e+20,9.999e+20,9.999e+20,,,,,,,,,,,,,,,,,,,,,,,,,,,,,,,,,,,,,,,,,,,,,,,,,,,,,,,,,,,,,,,,,,,,,,,,,,,,,,,,,,,,,,,,,,,,,,,,,,,,,,,,,,,,,,,,,,,,,,,,,,,,0.0,4.0,82.3,0.0,2.4,0.0,,85.0,,,,,,,,,,,,,,,,,,,,,,,,,,,,,,,,,,,,,,,,,,,,,,,,,,,,,,,,,,,,,2.0,1.0,1.4,0.9,1.8,2.7,3.3,3.9,2472.0,1720.0,1992.0,1656.0,2496.0,3016.0,3176.0,3256.0,,,84.0,10.0,,,,271.69,1.45,,274.13,1.87,,,,,,,,,,,,,,,,,,,,,,,,,,,,,,,,,,,,,,,,,,,,,,,,,,,,,,,,,,,,,9.999e+20,200.0,4.8,200.0,5.7,28.0,1.0,,0.0,0.0,2.0,,,,,,,766.0,200.0,200.0,200.0,,273.4,,,,,,,,,,,,,,,,,,,,,,,,,,,,,4.8,0.8,2.0,2.4,2.8,3.2,3.2,3.6,4.0,4.0,1.6,4.4,4.8,4.8,5.2,5.6,6.0,6.4,7.2,8.0,9.2,11.2,4.8,2.32,1.0,0.0,0.0,0.0,66.0,0.0,30.0,6.0,5.2,6.0,
2026031613,,,,,,,,,,,,,,,,,,,,,,,,,,,,,,,,,0.762,,,,,,,,,,,,,,,,,,,,,,,,,,,,,,,,,,,,,,,,,,,,,,,,,,,,,,,,,,,,,,,,,,,,,,,,,,,,,,,,,,,,,,,,,,,,,,,,,,,,,,,,,,,,,,,,,,,,,,,,,,,,,,,,,,,,,,,,,,,,,,,,,,,,,,,,,,,,,,,,,,,,,,,,,,,,,,,,,,,,,,,,,,,,,,,,,,,,,,,,,,,,,,,,,,,,,,,,,,,,,,,,,,,,,,,,,,,,,,,,,,,,,,,,,,,,,,,,,,,,,,,,,,,,,,,,,,,,,,,,,,,,,,,,,,,,,,,,,,,,,,,,,,,,,,,,,,,,,,,,,,,,,,,,,,,,,,,,,,,,,,,,,,,,,,,,,,,,,,,,,,,,,,,,,,,,,,,,,,,,,,,,,,,,,,,,,,,,,,,,,,,,,,,,,,,,,,,,,,,,,,,,,,,,,,,,,,,,,,,,,,,,,,,,,,,,,,,,,,,,,,,,,,,,,,,,,,,,,,,,,,,,,,,,,,,,,,,,,,,,,,,,,,,,,,,,,,,,,,,,,,,,,,,,,,,,,,,,,,,,,,,,,,,,,,,,,,,,,,,,,,,,,,,,,,,,,,,,,,,,,,,,,,,,,,,,,,,,,,,,,,,,,,,,,,,,,,,,,,,,,,,,,,,,,,,,,,,,,,,,,,,,,,,,,,,,,,,,,,,,,,,,,,,,,,,,,,,,,,,,,,,,,,,,,,,,,,,,,,,,,,,,,,,,,,,,,,,,,,,,,,,,,,,,,,,,,,,,
2026031614,,,,,,,,,,,,,,,,,,,,,,,,,,,,,,,,,0.508,,,,,,,,,,,,,,,,,,,,,,,,,,,,,,,,,,,,,,,,,,,,,,,,,,,,,,,,,,,,,,,,,,,,,,,,,,,,,,,,,,,,,,,,,,,,,,,,,,,,,,,,,,,,,,,,,,,,,,,,,,,,,,,,,,,,,,,,,,,,,,,,,,,,,,,,,,,,,,,,,,,,,,,,,,,,,,,,,,,,,,,,,,,,,,,,,,,,,,,,,,,,,,,,,,,,,,,,,,,,,,,,,,,,,,,,,,,,,,,,,,,,,,,,,,,,,,,,,,,,,,,,,,,,,,,,,,,,,,,,,,,,,,,,,,,,,,,,,,,,,,,,,,,,,,,,,,,,,,,,,,,,,,,,,,,,,,,,,,,,,,,,,,,,,,,,,,,,,,,,,,,,,,,,,,,,,,,,,,,,,,,,,,,,,,,,,,,,,,,,,,,,,,,,,,,,,,,,,,,,,,,,,,,,,,,,,,,,,,,,,,,,,,,,,,,,,,,,,,,,,,,,,,,,,,,,,,,,,,,,,,,,,,,,,,,,,,,,,,,,,,,,,,,,,,,,,,,,,,,,,,,,,,,,,,,,,,,,,,,,,,,,,,,,,,,,,,,,,,,,,,,,,,,,,,,,,,,,,,,,,,,,,,,,,,,,,,,,,,,,,,,,,,,,,,,,,,,,,,,,,,,,,,,,,,,,,,,,,,,,,,,,,,,,,,,,,,,,,,,,,,,,,,,,,,,,,,,,,,,,,,,,,,,,,,,,,,,,,,,,,,,,,,,,,,,,,,,,,,,,,,,,,,,,,,,,,,,,
2026031615,,,,,,,,,,,,,,,,,,,,,,,,,,,,,,,,,0.508,,,,,,,,,,,,,,,,,,,,,,,,,,,,,,,,,,,,,,,,,,,,,,,,,,,,,,,,,,,,,,,,,,,,,,,,,,,,,,,,,,,,,,,,,,,,,,,,,,,,,,,,,,,,,,,,,,,,,,,,,,,,,,,,,,269.95,,,,,,,,,,,,,,,,,,,,,,,,,,,,,,,,,,,,,,,,,,,,,,,,,,,,,,,,,,,,,,,,,,,,,,,,,,,,,,,,,,,,,,,,,,,0.0,1.0,,,,,,,,,,,32.0,36.0,32.0,39.0,41.0,42.0,42.0,0.0,0.0,0.0,0.0,0.0,39.1,,272.53,1.79,,0.0,2.0,,,,,,,,,,,,,,,,,,,,,,,,,,,,,,,,,,,,,,,,,,,,,,,,,,,,,,9.999e+20,,,,,,,,,,,,,,,,,,,,,,,,,,,,,6.6,1.2,3.2,3.6,4.0,4.0,4.4,4.8,5.2,5.62475,2.8,6.0356,6.44456,6.8799,7.3225,7.77811,8.66829,9.16427,10.0589,11.337,13.1016,15.8643,6.62719,3.22,9.0,2.0,0.0,0.0,0.0,0.0,0.0,23.0,,9.999e+20,9.999e+20,9.999e+20,9.999e+20,9.999e+20,,,,,,,,,,,,,,,,,,,,,,,,,,,,,,,,,,,,,,,,,,,,,,,,,,,,,,,,,,,,,,,,,,,,,,,,,,,,,,,,,,,,,,,,,,,,,,,,,,,,,,,,,,,,,,,,,,,,,,,,,,,,0.0,,85.6,0.0,0.0,0.0,,85.0,,,,,,,,,,,,,,,,,,,,,,,,,,,,,,,,,,,,,,,,,,,,,,,,,,,,,,,,,,,,,1.7,0.9,1.1,0.7,1.4,2.1,3.4,3.9,2528.0,1800.0,1984.0,1688.0,2592.0,3008.0,3232.0,3264.0,,,84.0,14.0,,,,,,,274.63,1.8,,,,,,,,,,,,,,,,,,,,,,,,,,,,,,,,,,,,,,,,,,,,,,,,,,,,,,,,,,,,,9.999e+20,200.0,5.2,200.0,5.7,,,,,,3.0,,,,,,,839.0,200.0,200.0,200.0,,273.9,,,,,,,,,,,,,,,,,,,,,,,,,,,,,5.2,0.4,2.0,2.0,2.4,2.8,2.8,3.6,4.4,4.4,1.6,4.8,5.2,5.6,5.6,6.0,6.4,6.8,7.6,8.8,10.4,12.8,5.2,2.72,2.0,0.0,0.0,0.0,66.0,0.0,36.0,11.0,5.6,6.4,
2026031616,,,,,,,,,,,,,,,,,,,,,,,,,,,,,,,,,0.762,,,,,,,,,,,,,,,,,,,,,,,,,,,,,,,,,,,,,,,,,,,,,,,,,,,,,,,,,,,,,,,,,,,,,,,,,,,,,,,,,,,,,,,,,,,,,,,,,,,,,,,,,,,,,,,,,,,,,,,,,,,,,,,,,,,,,,,,,,,,,,,,,,,,,,,,,,,,,,,,,,,,,,,,,,,,,,,,,,,,,,,,,,,,,,,,,,,,,,,,,,,,,,,,,,,,,,,,,,,,,,,,,,,,,,,,,,,,,,,,,,,,,,,,,,,,,,,,,,,,,,,,,,,,,,,,,,,,,,,,,,,,,,,,,,,,,,,,,,,,,,,,,,,,,,,,,,,,,,,,,,,,,,,,,,,,,,,,,,,,,,,,,,,,,,,,,,,,,,,,,,,,,,,,,,,,,,,,,,,,,,,,,,,,,,,,,,,,,,,,,,,,,,,,,,,,,,,,,,,,,,,,,,,,,,,,,,,,,,,,,,,,,,,,,,,,,,,,,,,,,,,,,,,,,,,,,,,,,,,,,,,,,,,,,,,,,,,,,,,,,,,,,,,,,,,,,,,,,,,,,,,,,,,,,,,,,,,,,,,,,,,,,,,,,,,,,,,,,,,,,,,,,,,,,,,,,,,,,,,,,,,,,,,,,,,,,,,,,,,,,,,,,,,,,,,,,,,,,,,,,,,,,,,,,,,,,,,,,,,,,,,,,,,,,,,,,,,,,,,,,,,,,,,,,,,,,,,,,,,,,,,,,,,,,,,,,,,,,,,,,,,,,,,,,,,,,,,,,,,,,,,,,,,,,,,,,,,,
2026031617,,,,,,,,,,,,,,,,,,,,,,,,,,,,,,,,,0.762,,,,,,,,,,,,,,,,,,,,,,,,,,,,,,,,,,,,,,,,,,,,,,,,,,,,,,,,,,,,,,,,,,,,,,,,,,,,,,,,,,,,,,,,,,,,,,,,,,,,,,,,,,,,,,,,,,,,,,,,,,,,,,,,,,,,,,,,,,,,,,,,,,,,,,,,,,,,,,,,,,,,,,,,,,,,,,,,,,,,,,,,,,,,,,,,,,,,,,,,,,,,,,,,,,,,,,,,,,,,,,,,,,,,,,,,,,,,,,,,,,,,,,,,,,,,,,,,,,,,,,,,,,,,,,,,,,,,,,,,,,,,,,,,,,,,,,,,,,,,,,,,,,,,,,,,,,,,,,,,,,,,,,,,,,,,,,,,,,,,,,,,,,,,,,,,,,,,,,,,,,,,,,,,,,,,,,,,,,,,,,,,,,,,,,,,,,,,,,,,,,,,,,,,,,,,,,,,,,,,,,,,,,,,,,,,,,,,,,,,,,,,,,,,,,,,,,,,,,,,,,,,,,,,,,,,,,,,,,,,,,,,,,,,,,,,,,,,,,,,,,,,,,,,,,,,,,,,,,,,,,,,,,,,,,,,,,,,,,,,,,,,,,,,,,,,,,,,,,,,,,,,,,,,,,,,,,,,,,,,,,,,,,,,,,,,,,,,,,,,,,,,,,,,,,,,,,,,,,,,,,,,,,,,,,,,,,,,,,,,,,,,,,,,,,,,,,,,,,,,,,,,,,,,,,,,,,,,,,,,,,,,,,,,,,,,,,,,,,,,,,,,,,,,,,,,,,,,,,,,,,,,,,,,,,,,,,,,
2026031618,7.581,0.0,0.129,0.536,0.996,1.574,2.238,2.885,3.632,4.378,0.0,5.225,6.053,7.021,7.993,9.032,10.512,12.252,14.191,16.956,24.245,41.911,89.0,0.0,19.0,0.0,7.0,68.0,5.0,0.0,44.0,0.0,0.762,,,,,,,,,,,,,,,,,,,,,,,,,,,,,,,,,,,,,,,,,,,,,,,,,,,,,,,,,,,,,,,,,,4.064,0.0,0.0,0.135,0.364,0.634,0.981,1.444,1.864,2.323,0.0,2.797,3.334,3.969,4.717,5.417,6.405,7.466,8.792,10.693,16.396,28.781,82.0,8.0,4.0,52.0,2.0,0.0,0.0,25.0,0.0,0.0,,,,,,,,,,,,,,,,,,,,,,,,,,,,,,,,,270.61,,,,,,,,,,,,,,,,,,,0.023,,,,,,,,,,,,,,,,,,0.036,,,,,,,,,,,,,,,,,,0.0,0.0,0.0,0.0,0.0,0.0,0.0,0.0,0.0,0.0,0.0,0.0,0.0,0.0,0.0,0.0,0.0,0.0,0.058,,,,,,,,,,,,,,,,,,0.0,1.0,,,,,,,,,,,34.0,36.0,34.0,39.0,40.0,41.0,41.0,0.0,0.0,0.0,0.0,0.0,38.5,,273.2,2.41,,9.0,2.0,,0.0,,,,,,,,,,,,,,,,,,,,,,,,,0.0,0.0,0.0,0.0,0.0,0.0,0.0,0.0,0.0,0.0,0.0,0.0,0.0,0.0,,,,,,,,,,,,,8.0,9.999e+20,,,,,,,,,,,,,,,,,,,,,,,,,,,,,7.1,1.2,3.2,3.6,4.4,4.8,5.2,5.60367,5.66662,6.11431,2.8,6.54879,6.58066,7.06158,7.54536,8.01006,8.9164,9.81079,10.2952,12.1128,14.7148,19.1504,7.12911,3.82,13.0,5.0,4.0,1.0,0.0,0.0,0.0,27.0,2.0,9.999e+20,9.999e+20,9.999e+20,9.999e+20,9.999e+20,,,,,,,,,,,,,,,,,,,,,,,,,,,,,,,,,,,,,,,,,,,,,,,,,,,,,,,,,,,,,,,,,,,,,,,,,,,,,,,,,,,,,,,,,,,,,,,,,,,,,,,,,,,,,,,,,,,,,,,,,,88.0,,0.0,,86.8,0.0,0.0,0.0,,88.0,,,,,,,,,,,,,,,,,,,,,,,,,,,,,,,,,,,,,,,,,,,,,,,,,,,,,,,,,,,,,1.6,0.6,0.9,0.5,1.3,1.9,3.1,3.4,2544.0,1792.0,2072.0,1744.0,2736.0,3032.0,3184.0,3224.0,,,86.0,10.0,,,,,,1.81144,274.95,2.39,,,,,,,,,,,,,,,,,,,,,,,,,,,,,,,273.932,270.13,271.241,271.179,271.553,271.856,272.025,272.602,273.62,274.246,270.786,274.342,274.428,274.644,274.809,274.902,275.22,275.392,275.531,275.827,276.042,276.927,0.0,0.0,0.0,0.0,0.0,7.0,36.0,0.0,9.999e+20,210.0,5.2,200.0,7.4,,0.0,,,0.0,3.0,,,,,,,1765.0,210.0,210.0,210.0,,274.9,,,,,,,,,,,,,,,,,,,,,,,,,,,,,5.2,0.4,1.6,2.0,2.4,2.8,3.2,3.6,4.0,4.0,1.2,4.4,4.8,5.2,5.6,6.0,6.4,7.2,8.0,9.2,11.6,14.8,5.2,3.2,7.0,1.0,0.0,0.0,62.0,0.0,36.0,12.0,6.0,6.4,
2026031619,,,,,,,,,,,,,,,,,,,,,,,,,,,,,,,,,0.762,,,,,,,,,,,,,,,,,,,,,,,,,,,,,,,,,,,,,,,,,,,,,,,,,,,,,,,,,,,,,,,,,,,,,,,,,,,,,,,,,,,,,,,,,,,,,,,,,,,,,,,,,,,,,,,,,,,,,,,,,,,,,,,,,,,,,,,,,,,,,,,,,,,,,,,,,,,,,,,,,,,,,,,,,,,,,,,,,,,,,,,,,,,,,,,,,,,,,,,,,,,,,,,,,,,,,,,,,,,,,,,,,,,,,,,,,,,,,,,,,,,,,,,,,,,,,,,,,,,,,,,,,,,,,,,,,,,,,,,,,,,,,,,,,,,,,,,,,,,,,,,,,,,,,,,,,,,,,,,,,,,,,,,,,,,,,,,,,,,,,,,,,,,,,,,,,,,,,,,,,,,,,,,,,,,,,,,,,,,,,,,,,,,,,,,,,,,,,,,,,,,,,,,,,,,,,,,,,,,,,,,,,,,,,,,,,,,,,,,,,,,,,,,,,,,,,,,,,,,,,,,,,,,,,,,,,,,,,,,,,,,,,,,,,,,,,,,,,,,,,,,,,,,,,,,,,,,,,,,,,,,,,,,,,,,,,,,,,,,,,,,,,,,,,,,,,,,,,,,,,,,,,,,,,,,,,,,,,,,,,,,,,,,,,,,,,,,,,,,,,,,,,,,,,,,,,,,,,,,,,,,,,,,,,,,,,,,,,,,,,,,,,,,,,,,,,,,,,,,,,,,,,,,,,,,,,,,,,,,,,,,,,,,,,,,,,,,,,,,,,,,,,,,,,,,,,,,,,,,,,,,,,,,,,,,,,,,,
2026031620,,,,,,,,,,,,,,,,,,,,,,,,,,,,,,,,,0.762,,,,,,,,,,,,,,,,,,,,,,,,,,,,,,,,,,,,,,,,,,,,,,,,,,,,,,,,,,,,,,,,,,,,,,,,,,,,,,,,,,,,,,,,,,,,,,,,,,,,,,,,,,,,,,,,,,,,,,,,,,,,,,,,,,,,,,,,,,,,,,,,,,,,,,,,,,,,,,,,,,,,,,,,,,,,,,,,,,,,,,,,,,,,,,,,,,,,,,,,,,,,,,,,,,,,,,,,,,,,,,,,,,,,,,,,,,,,,,,,,,,,,,,,,,,,,,,,,,,,,,,,,,,,,,,,,,,,,,,,,,,,,,,,,,,,,,,,,,,,,,,,,,,,,,,,,,,,,,,,,,,,,,,,,,,,,,,,,,,,,,,,,,,,,,,,,,,,,,,,,,,,,,,,,,,,,,,,,,,,,,,,,,,,,,,,,,,,,,,,,,,,,,,,,,,,,,,,,,,,,,,,,,,,,,,,,,,,,,,,,,,,,,,,,,,,,,,,,,,,,,,,,,,,,,,,,,,,,,,,,,,,,,,,,,,,,,,,,,,,,,,,,,,,,,,,,,,,,,,,,,,,,,,,,,,,,,,,,,,,,,,,,,,,,,,,,,,,,,,,,,,,,,,,,,,,,,,,,,,,,,,,,,,,,,,,,,,,,,,,,,,,,,,,,,,,,,,,,,,,,,,,,,,,,,,,,,,,,,,,,,,,,,,,,,,,,,,,,,,,,,,,,,,,,,,,,,,,,,,,,,,,,,,,,,,,,,,,,,,,,,,,,,,,,,,,,,,,,,,,,,,,,,,,,,,,,,,,
2026031621,,,,,,,,,,,,,,,,,,,,,,,,,,,,,,,,,0.762,,,,,,,,,,,,,,,,,,,,,,,,,,,,,,,,,,,,,,,,,,,,,,,,,,,,,,,,,,,,,,,,,,,,,,,,,,,,,,,,,,,,,,,,,,,,,,,,,,,,,,,,,,,,,,,,,,,,,,,,,,,,,,,,,,271.98,,,,,,,,,,,,,,,,,,,,,,,,,,,,,,,,,,,,,,,,,,,,,,,,,,,,,,,,,,,,,,,,,,,,,,,,,,,,,,,,,,,,,,,,,,,0.0,1.0,,,,,,,,,,,33.0,35.0,32.0,39.0,40.0,40.0,41.0,0.0,0.0,0.0,0.0,0.0,37.7,,274.49,2.33,,45.0,2.0,,,,,,,,,,,,,,,,,,,,,,,,,,,,,,,,,,,,,,,,,,,,,,,,,,,,,,9.999e+20,,,,,,,,,,,,,,,,,,,,,,,,,,,,,7.6,1.2,2.8,3.51443,3.62098,4.5635,5.09547,5.58253,6.09281,6.18078,2.0,6.71029,6.79627,7.68688,8.17538,8.6569,9.18432,10.181,11.4863,13.2723,16.3866,18.8967,7.57653,4.2,16.0,6.0,4.0,0.0,0.0,0.0,0.0,30.0,,9.999e+20,9.999e+20,9.999e+20,9.999e+20,9.999e+20,,,,,,,,,,,,,,,,,,,,,,,,,,,,,,,,,,,,,,,,,,,,,,,,,,,,,,,,,,,,,,,,,,,,,,,,,,,,,,,,,,,,,,,,,,,,,,,,,,,,,,,,,,,,,,,,,,,,,,,,,,,,0.0,,84.4,0.0,0.0,0.0,,90.0,,,,,,,,,,,,,,,,,,,,,,,,,,,,,,,,,,,,,,,,,,,,,,,,,,,,,,,,,,,,,1.5,0.5,0.9,0.5,1.2,1.9,2.6,2.9,2440.0,1784.0,1968.0,1712.0,2504.0,2832.0,3056.0,3160.0,,,82.0,11.0,,,,,,,276.11,2.63,,,,,,,,,,,,,,,,,,,,,,,,,,,,,,,,,,,,,,,,,,,,,,,,,,,,,,,,,,,,,9.999e+20,200.0,5.2,190.0,8.0,,,,,,3.0,,,,,,,3489.0,200.0,200.0,200.0,,276.5,,,,,,,,,,,,,,,,,,,,,,,,,,,,,5.2,0.4,1.6,2.0,2.0,2.4,3.2,3.6,4.0,4.0,1.2,4.4,4.8,5.2,6.0,6.0,6.8,7.2,8.4,9.6,12.4,14.139,5.24009,3.3,6.0,0.0,0.0,0.0,65.0,0.0,38.0,13.0,6.0,6.4,
2026031622,,,,,,,,,,,,,,,,,,,,,,,,,,,,,,,,,0.762,,,,,,,,,,,,,,,,,,,,,,,,,,,,,,,,,,,,,,,,,,,,,,,,,,,,,,,,,,,,,,,,,,,,,,,,,,,,,,,,,,,,,,,,,,,,,,,,,,,,,,,,,,,,,,,,,,,,,,,,,,,,,,,,,,,,,,,,,,,,,,,,,,,,,,,,,,,,,,,,,,,,,,,,,,,,,,,,,,,,,,,,,,,,,,,,,,,,,,,,,,,,,,,,,,,,,,,,,,,,,,,,,,,,,,,,,,,,,,,,,,,,,,,,,,,,,,,,,,,,,,,,,,,,,,,,,,,,,,,,,,,,,,,,,,,,,,,,,,,,,,,,,,,,,,,,,,,,,,,,,,,,,,,,,,,,,,,,,,,,,,,,,,,,,,,,,,,,,,,,,,,,,,,,,,,,,,,,,,,,,,,,,,,,,,,,,,,,,,,,,,,,,,,,,,,,,,,,,,,,,,,,,,,,,,,,,,,,,,,,,,,,,,,,,,,,,,,,,,,,,,,,,,,,,,,,,,,,,,,,,,,,,,,,,,,,,,,,,,,,,,,,,,,,,,,,,,,,,,,,,,,,,,,,,,,,,,,,,,,,,,,,,,,,,,,,,,,,,,,,,,,,,,,,,,,,,,,,,,,,,,,,,,,,,,,,,,,,,,,,,,,,,,,,,,,,,,,,,,,,,,,,,,,,,,,,,,,,,,,,,,,,,,,,,,,,,,,,,,,,,,,,,,,,,,,,,,,,,,,,,,,,,,,,,,,,,,,,,,,,,,,,,,,,,,,,,,,,,,,,,,,,,,,,,,,,,,,,
2026031623,,,,,,,,,,,,,,,,,,,,,,,,,,,,,,,,,0.762,,,,,,,,,,,,,,,,,,,,,,,,,,,,,,,,,,,,,,,,,,,,,,,,,,,,,,,,,,,,,,,,,,,,,,,,,,,,,,,,,,,,,,,,,,,,,,,,,,,,,,,,,,,,,,,,,,,,,,,,,,,,,,,,,,,,,,,,,,,,,,,,,,,,,,,,,,,,,,,,,,,,,,,,,,,,,,,,,,,,,,,,,,,,,,,,,,,,,,,,,,,,,,,,,,,,,,,,,,,,,,,,,,,,,,,,,,,,,,,,,,,,,,,,,,,,,,,,,,,,,,,,,,,,,,,,,,,,,,,,,,,,,,,,,,,,,,,,,,,,,,,,,,,,,,,,,,,,,,,,,,,,,,,,,,,,,,,,,,,,,,,,,,,,,,,,,,,,,,,,,,,,,,,,,,,,,,,,,,,,,,,,,,,,,,,,,,,,,,,,,,,,,,,,,,,,,,,,,,,,,,,,,,,,,,,,,,,,,,,,,,,,,,,,,,,,,,,,,,,,,,,,,,,,,,,,,,,,,,,,,,,,,,,,,,,,,,,,,,,,,,,,,,,,,,,,,,,,,,,,,,,,,,,,,,,,,,,,,,,,,,,,,,,,,,,,,,,,,,,,,,,,,,,,,,,,,,,,,,,,,,,,,,,,,,,,,,,,,,,,,,,,,,,,,,,,,,,,,,,,,,,,,,,,,,,,,,,,,,,,,,,,,,,,,,,,,,,,,,,,,,,,,,,,,,,,,,,,,,,,,,,,,,,,,,,,,,,,,,,,,,,,,,,,,,,,,,,,,,,,,,,,,,,,,,,,,,,,
2026031700,9.128,0.0,0.205,0.601,1.148,1.857,2.596,3.349,4.32,5.116,0.0,6.116,7.092,8.107,9.257,10.575,12.046,13.778,16.752,20.87,32.606,51.884,90.0,0.0,23.0,0.0,11.0,70.0,7.0,1.0,49.0,0.0,1.016,,17.984,0.0,1.311,2.412,3.701,5.241,6.877,8.395,10.103,11.865,0.592,13.75,15.835,17.858,20.103,22.605,25.245,28.172,33.354,39.736,50.708,79.067,97.0,0.0,53.0,0.0,0.0,0.0,25.0,5.0,72.0,1.0,,,,,,,,,,,,,,,,,,,,,,,,,,,,,,,,,6.604,0.0,0.0,0.003,0.207,0.488,0.901,1.352,1.755,2.237,0.0,2.759,3.373,3.877,4.642,5.498,6.592,7.695,9.232,12.622,18.984,28.056,79.0,10.0,5.0,52.0,2.0,0.0,0.0,26.0,0.0,0.0,,,,,,,,,,,,,,,,,,,,,,,,,,,,,,,,,272.08,,,,,,,,,,,,,,,,,,,0.005,0.0,0.0,0.0,0.003,0.005,0.015,0.018,40.0,2.0,0.0,0.0,0.0,0.0,0.0,0.0,0.0,0.0,0.036,0.013,0.02,0.008,0.033,0.046,0.058,0.064,54.0,14.0,1.0,0.0,0.0,0.0,0.0,0.0,0.0,0.0,0.0,0.0,0.0,0.0,0.0,0.0,0.0,0.0,0.0,0.0,0.0,0.0,0.0,0.0,0.0,0.0,0.0,0.0,0.043,0.013,0.025,0.01,0.038,0.058,0.069,0.081,64.0,2.0,0.0,0.0,0.0,0.0,0.0,0.0,0.0,0.0,0.0,1.0,,,,,,,,,,,31.0,35.0,31.0,38.0,40.0,41.0,41.0,0.0,0.0,0.0,0.0,0.0,37.1,,273.74,1.9,,43.0,2.0,,0.0,0.0,0.0,0.0,0.0,0.0,0.0,0.0,0.0,0.0,0.0,0.0,0.0,0.0,0.0,0.0,0.0,0.0,0.0,0.0,0.0,0.0,0.0,0.0,0.0,0.0,0.0,0.0,0.0,0.0,0.0,0.0,0.0,0.0,0.0,0.0,0.0,0.0,0.0,0.0,0.0,0.0,0.0,0.0,0.0,0.0,0.0,0.0,0.0,0.0,0.0,9.0,9.999e+20,,,,,,,,,,,,,,,,,,,,,,,,,,,,,7.2,1.6,3.6,4.0,4.4,4.75433,4.88548,5.38496,5.98909,6.1565,2.8,6.64197,7.15844,7.276,7.74058,8.68484,9.64551,9.91012,10.5151,11.8656,14.2451,17.0398,7.1745,3.5,15.0,4.0,1.0,0.0,0.0,0.0,0.0,28.0,2.0,9.999e+20,9.999e+20,9.999e+20,9.999e+20,9.999e+20,,,,,,,,,,,,,,,,,,,,,,,,,,,,,,,,,,,,,,,,,,,,,,,,,,,,,,,,,,,,,,,,,,,,,,,,,,,,,,,,,,,,,,,,,,,,,,,,,,,,,,,,,,,,,,,,,,,,,,,,,,,,0.0,6.0,85.6,0.0,0.0,0.0,,85.0,,,,,,,,,,,,,,,,,,,,,,,,,,,,,,,,,,,,,,,,,,,,,,,,,,,,,,,,,,,,,1.5,0.6,0.8,0.3,1.2,2.0,2.8,3.2,2392.0,1712.0,1832.0,1640.0,2392.0,2752.0,3104.0,3136.0,,,86.0,8.0,,276.11,2.81,,,,276.01,1.97,,,,,,,,,,,,,,,,,,,,,,,,,,,,,,,,,,,,,,,,,,,,,,,,,,,,,,,,,,,,,9.999e+20,200.0,5.3,200.0,7.2,9.0,0.0,,,0.0,3.0,,,,,,,1726.0,200.0,200.0,200.0,,275.8,,,,,,,,,,,,,,,,,,,,,,,,,,,,,5.3,0.8,2.0,2.4,2.4,2.8,3.2,3.6,4.0,4.4,1.2,4.4,5.2,5.6,6.0,6.4,6.8,6.95876,7.82621,8.78569,10.5512,13.078,4.9182,2.92,5.0,0.0,0.0,0.0,64.0,0.0,40.0,11.0,5.7,6.5,
2026031701,,,,,,,,,,,,,,,,,,,,,,,,,,,,,,,,,1.016,,,,,,,,,,,,,,,,,,,,,,,,,,,,,,,,,,,,,,,,,,,,,,,,,,,,,,,,,,,,,,,,,,,,,,,,,,,,,,,,,,,,,,,,,,,,,,,,,,,,,,,,,,,,,,,,,,,,,,,,,,,,,,,,,,,,,,,,,,,,,,,,,,,,,,,,,,,,,,,,,,,,,,,,,,,,,,,,,,,,,,,,,,,,,,,,,,,,,,,,,,,,,,,,,,,,,,,,,,,,,,,,,,,,,,,,,,,,,,,,,,,,,,,,,,,,,,,,,,,,,,,,,,,,,,,,,,,,,,,,,,,,,,,,,,,,,,,,,,,,,,,,,,,,,,,,,,,,,,,,,,,,,,,,,,,,,,,,,,,,,,,,,,,,,,,,,,,,,,,,,,,,,,,,,,,,,,,,,,,,,,,,,,,,,,,,,,,,,,,,,,,,,,,,,,,,,,,,,,,,,,,,,,,,,,,,,,,,,,,,,,,,,,,,,,,,,,,,,,,,,,,,,,,,,,,,,,,,,,,,,,,,,,,,,,,,,,,,,,,,,,,,,,,,,,,,,,,,,,,,,,,,,,,,,,,,,,,,,,,,,,,,,,,,,,,,,,,,,,,,,,,,,,,,,,,,,,,,,,,,,,,,,,,,,,,,,,,,,,,,,,,,,,,,,,,,,,,,,,,,,,,,,,,,,,,,,,,,,,,,,,,,,,,,,,,,,,,,,,,,,,,,,,,,,,,,,,,,,,,,,,,,,,,,,,,,,,,,,,,,,,,,,,,,,,,,,,,,,,,,,,,,,,,,,,,,,,,,
2026031702,,,,,,,,,,,,,,,,,,,,,,,,,,,,,,,,,0.762,,,,,,,,,,,,,,,,,,,,,,,,,,,,,,,,,,,,,,,,,,,,,,,,,,,,,,,,,,,,,,,,,,,,,,,,,,,,,,,,,,,,,,,,,,,,,,,,,,,,,,,,,,,,,,,,,,,,,,,,,,,,,,,,,,,,,,,,,,,,,,,,,,,,,,,,,,,,,,,,,,,,,,,,,,,,,,,,,,,,,,,,,,,,,,,,,,,,,,,,,,,,,,,,,,,,,,,,,,,,,,,,,,,,,,,,,,,,,,,,,,,,,,,,,,,,,,,,,,,,,,,,,,,,,,,,,,,,,,,,,,,,,,,,,,,,,,,,,,,,,,,,,,,,,,,,,,,,,,,,,,,,,,,,,,,,,,,,,,,,,,,,,,,,,,,,,,,,,,,,,,,,,,,,,,,,,,,,,,,,,,,,,,,,,,,,,,,,,,,,,,,,,,,,,,,,,,,,,,,,,,,,,,,,,,,,,,,,,,,,,,,,,,,,,,,,,,,,,,,,,,,,,,,,,,,,,,,,,,,,,,,,,,,,,,,,,,,,,,,,,,,,,,,,,,,,,,,,,,,,,,,,,,,,,,,,,,,,,,,,,,,,,,,,,,,,,,,,,,,,,,,,,,,,,,,,,,,,,,,,,,,,,,,,,,,,,,,,,,,,,,,,,,,,,,,,,,,,,,,,,,,,,,,,,,,,,,,,,,,,,,,,,,,,,,,,,,,,,,,,,,,,,,,,,,,,,,,,,,,,,,,,,,,,,,,,,,,,,,,,,,,,,,,,,,,,,,,,,,,,,,,,,,,,,,,,,,,,
2026031703,,,,,,,,,,,,,,,,,,,,,,,,,,,,,,,,,0.762,,,,,,,,,,,,,,,,,,,,,,,,,,,,,,,,,,,,,,,,,,,,,,,,,,,,,,,,,,,,,,,,,,,,,,,,,,,,,,,,,,,,,,,,,,,,,,,,,,,,,,,,,,,,,,,,,,,,,,,,,,,,,,,,,,271.04,,,,,,,,,,,,,,,,,,,,,,,,,,,,,,,,,,,,,,,,,,,,,,,,,,,,,,,,,,,,,,,,,,,,,,,,,,,,,,,,,,,,,,,,,,,0.0,1.0,,,,,,,,,,,31.0,35.0,31.0,39.0,40.0,40.0,40.0,0.0,0.0,0.0,0.0,0.0,36.8,,273.4,1.29,,4.0,2.0,,,,,,,,,,,,,,,,,,,,,,,,,,,,,,,,,,,,,,,,,,,,,,,,,,,,,,9.999e+20,,,,,,,,,,,,,,,,,,,,,,,,,,,,,8.5,2.4,3.6,4.0,4.8,5.2,6.0,6.4,6.8,7.27644,3.2,7.73946,8.67086,9.19007,9.71178,10.2252,10.6689,11.5901,12.2075,12.9308,14.3807,17.5515,8.09388,3.72,22.0,4.0,1.0,0.0,0.0,0.0,0.0,43.0,,9.999e+20,9.999e+20,9.999e+20,9.999e+20,9.999e+20,,,,,,,,,,,,,,,,,,,,,,,,,,,,,,,,,,,,,,,,,,,,,,,,,,,,,,,,,,,,,,,,,,,,,,,,,,,,,,,,,,,,,,,,,,,,,,,,,,,,,,,,,,,,,,,,,,,,,,,,,,,,0.0,,83.2,0.0,0.0,0.0,,83.0,,,,,,,,,,,,,,,,,,,,,,,,,,,,,,,,,,,,,,,,,,,,,,,,,,,,,,,,,,,,,1.2,0.4,0.7,0.3,1.0,2.0,2.3,2.5,2368.0,1688.0,1904.0,1600.0,2432.0,2776.0,3128.0,3216.0,,,83.0,11.0,,,,,,,275.69,1.29,,,,,,,,,,,,,,,,,,,,,,,,,,,,,,,,,,,,,,,,,,,,,,,,,,,,,,,,,,,,,9.999e+20,200.0,6.0,200.0,6.6,,,,,,3.0,,,,,,,1038.0,200.0,200.0,200.0,,274.9,,,,,,,,,,,,,,,,,,,,,,,,,,,,,6.0,1.2,2.0,2.4,2.8,3.2,4.0,4.0,4.8,5.2,1.6,5.6,6.4,7.2,7.6,8.0,8.4,8.8,9.6,10.0,11.2,13.4113,6.00859,3.2,5.0,0.0,0.0,0.0,72.0,0.0,50.0,20.0,6.8,7.6,
2026031704,,,,,,,,,,,,,,,,,,,,,,,,,,,,,,,,,0.762,,,,,,,,,,,,,,,,,,,,,,,,,,,,,,,,,,,,,,,,,,,,,,,,,,,,,,,,,,,,,,,,,,,,,,,,,,,,,,,,,,,,,,,,,,,,,,,,,,,,,,,,,,,,,,,,,,,,,,,,,,,,,,,,,,,,,,,,,,,,,,,,,,,,,,,,,,,,,,,,,,,,,,,,,,,,,,,,,,,,,,,,,,,,,,,,,,,,,,,,,,,,,,,,,,,,,,,,,,,,,,,,,,,,,,,,,,,,,,,,,,,,,,,,,,,,,,,,,,,,,,,,,,,,,,,,,,,,,,,,,,,,,,,,,,,,,,,,,,,,,,,,,,,,,,,,,,,,,,,,,,,,,,,,,,,,,,,,,,,,,,,,,,,,,,,,,,,,,,,,,,,,,,,,,,,,,,,,,,,,,,,,,,,,,,,,,,,,,,,,,,,,,,,,,,,,,,,,,,,,,,,,,,,,,,,,,,,,,,,,,,,,,,,,,,,,,,,,,,,,,,,,,,,,,,,,,,,,,,,,,,,,,,,,,,,,,,,,,,,,,,,,,,,,,,,,,,,,,,,,,,,,,,,,,,,,,,,,,,,,,,,,,,,,,,,,,,,,,,,,,,,,,,,,,,,,,,,,,,,,,,,,,,,,,,,,,,,,,,,,,,,,,,,,,,,,,,,,,,,,,,,,,,,,,,,,,,,,,,,,,,,,,,,,,,,,,,,,,,,,,,,,,,,,,,,,,,,,,,,,,,,,,,,,,,,,,,,,,,,,,,,,,,,,,,,,,,,,,,,,,,,,,,,,,,,,,,,,
2026031705,,,,,,,,,,,,,,,,,,,,,,,,,,,,,,,,,0.762,,,,,,,,,,,,,,,,,,,,,,,,,,,,,,,,,,,,,,,,,,,,,,,,,,,,,,,,,,,,,,,,,,,,,,,,,,,,,,,,,,,,,,,,,,,,,,,,,,,,,,,,,,,,,,,,,,,,,,,,,,,,,,,,,,,,,,,,,,,,,,,,,,,,,,,,,,,,,,,,,,,,,,,,,,,,,,,,,,,,,,,,,,,,,,,,,,,,,,,,,,,,,,,,,,,,,,,,,,,,,,,,,,,,,,,,,,,,,,,,,,,,,,,,,,,,,,,,,,,,,,,,,,,,,,,,,,,,,,,,,,,,,,,,,,,,,,,,,,,,,,,,,,,,,,,,,,,,,,,,,,,,,,,,,,,,,,,,,,,,,,,,,,,,,,,,,,,,,,,,,,,,,,,,,,,,,,,,,,,,,,,,,,,,,,,,,,,,,,,,,,,,,,,,,,,,,,,,,,,,,,,,,,,,,,,,,,,,,,,,,,,,,,,,,,,,,,,,,,,,,,,,,,,,,,,,,,,,,,,,,,,,,,,,,,,,,,,,,,,,,,,,,,,,,,,,,,,,,,,,,,,,,,,,,,,,,,,,,,,,,,,,,,,,,,,,,,,,,,,,,,,,,,,,,,,,,,,,,,,,,,,,,,,,,,,,,,,,,,,,,,,,,,,,,,,,,,,,,,,,,,,,,,,,,,,,,,,,,,,,,,,,,,,,,,,,,,,,,,,,,,,,,,,,,,,,,,,,,,,,,,,,,,,,,,,,,,,,,,,,,,,,,,,,,,,,,,,,,,,,,,,,,,,,,,,,,,,,
2026031706,9.376,0.0,0.088,0.543,1.267,1.984,2.671,3.533,4.497,5.504,0.0,6.466,7.399,8.595,9.868,11.456,13.292,15.121,17.574,21.851,30.25,48.704,89.0,0.0,27.0,0.0,13.0,71.0,7.0,1.0,50.0,0.0,0.762,,,,,,,,,,,,,,,,,,,,,,,,,,,,,,,,,,,,,,,,,,,,,,,,,,,,,,,,,,,,,,,,,,5.08,0.0,0.0,0.0,0.014,0.284,0.551,0.938,1.464,2.111,0.0,2.806,3.729,4.541,5.37,6.124,7.197,8.673,9.956,12.437,16.579,27.812,76.0,10.0,4.0,52.0,1.0,0.0,0.0,29.0,0.0,0.0,,,,,,,,,,,,,,,,,,,,,,,,,,,,,,,,,270.59,,,,,,,,,,,,,,,,,,,0.0,,,,,,,,,,,,,,,,,,0.036,,,,,,,,,,,,,,,,,,0.0,0.0,0.0,0.0,0.0,0.0,0.0,0.0,0.0,0.0,0.0,0.0,0.0,0.0,0.0,0.0,0.0,0.0,0.038,,,,,,,,,,,,,,,,,,1.0,1.0,,,,,,,,,,,30.0,36.0,30.0,38.0,40.0,41.0,41.0,0.0,0.0,0.0,0.0,0.0,37.1,,272.86,1.05,,2.0,2.0,,0.0,,,,,,,,,,,,,,,,,,,,,,,,,0.0,0.0,0.0,0.0,0.0,0.0,0.0,0.0,0.0,0.0,0.0,0.0,0.0,0.0,,,,,,,,,,,,,12.2,9.999e+20,12.7108,5.38893,6.81372,7.75499,9.1291,9.70518,10.2152,10.6783,11.157,11.6574,6.0647,12.1262,13.0232,13.5692,14.1057,14.6332,15.1556,16.4809,17.4478,18.8518,21.2775,23.5056,58.0,16.0,6.0,1.0,0.0,0.0,8.8,2.8,4.0,4.4,4.8,5.2,6.4,7.6,7.6,8.01518,3.6,8.88789,8.96773,9.82948,10.3097,10.3968,11.7174,12.2775,13.2028,14.0955,15.5885,17.2381,8.79632,3.82,26.0,6.0,1.0,0.0,0.0,0.0,0.0,50.0,2.0,9.999e+20,9.999e+20,9.999e+20,9.999e+20,9.999e+20,,,,,,,,,,,,,,,,,,,,,,,,,,,,,,,,,,,,,,,,,,,,,,,,,,,,,,,,,,,,,,,,,,,,,,,,,,,,,,,,,,,,,,,,,,,,,,,,,,,,,,,,,,,,,,,,,,,,,,,,,,,82.0,0.0,,84.4,0.0,0.0,0.0,,82.0,,,,,,,,,,,,,,,,,,,,,,,,,,,,,,,,,,,,,,,,,,,,,,,,,,,,,,,,,,,,,1.1,0.4,0.6,0.3,0.9,1.5,2.0,2.1,2520.0,1696.0,2040.0,1640.0,2472.0,3048.0,3216.0,3232.0,,,82.0,12.0,,,,,,2.55925,275.63,1.03,278.901,274.054,275.743,276.16,276.78,276.808,277.571,277.465,278.107,278.373,275.321,278.51,279.137,279.294,279.455,280.375,280.67,281.056,281.387,282.893,283.501,284.338,0.0,0.0,1.0,0.0,0.0,0.0,0.0,0.0,,,,,,,,,,,,,,,,,,,,,,,,,,,,,,,9.999e+20,200.0,6.4,200.0,7.4,,0.0,,,0.0,3.0,,,,,,,985.0,200.0,200.0,200.0,,274.6,10.3336,3.2,4.4,5.2,6.36787,7.20722,7.66374,8.10417,8.54915,9.38882,4.0,10.2209,10.6529,11.1657,11.1979,12.0575,12.8962,13.3875,14.2482,15.4981,18.0527,20.6554,37.0,7.0,0.0,0.0,82.0,58.0,6.4,1.6,2.4,2.4,3.2,3.2,3.6,4.8,5.2,6.0,2.0,6.4,7.2,7.6,8.0,8.0,8.4,9.2,10.0,10.8,12.0,13.6,6.4,3.2,8.0,0.0,0.0,0.0,71.0,0.0,59.0,21.0,7.2,8.0,
2026031707,,,,,,,,,,,,,,,,,,,,,,,,,,,,,,,,,0.762,,,,,,,,,,,,,,,,,,,,,,,,,,,,,,,,,,,,,,,,,,,,,,,,,,,,,,,,,,,,,,,,,,,,,,,,,,,,,,,,,,,,,,,,,,,,,,,,,,,,,,,,,,,,,,,,,,,,,,,,,,,,,,,,,,,,,,,,,,,,,,,,,,,,,,,,,,,,,,,,,,,,,,,,,,,,,,,,,,,,,,,,,,,,,,,,,,,,,,,,,,,,,,,,,,,,,,,,,,,,,,,,,,,,,,,,,,,,,,,,,,,,,,,,,,,,,,,,,,,,,,,,,,,,,,,,,,,,,,,,,,,,,,,,,,,,,,,,,,,,,,,,,,,,,,,,,,,,,,,,,,,,,,,,,,,,,,,,,,,,,,,,,,,,,,,,,,,,,,,,,,,,,,,,,,,,,,,,,,,,,,,,,,,,,,,,,,,,,,,,,,,,,,,,,,,,,,,,,,,,,,,,,,,,,,,,,,,,,,,,,,,,,,,,,,,,,,,,,,,,,,,,,,,,,,,,,,,,,,,,,,,,,,,,,,,,,,,,,,,,,,,,,,,,,,,,,,,,,,,,,,,,,,,,,,,,,,,,,,,,,,,,,,,,,,,,,,,,,,,,,,,,,,,,,,,,,,,,,,,,,,,,,,,,,,,,,,,,,,,,,,,,,,,,,,,,,,,,,,,,,,,,,,,,,,,,,,,,,,,,,,,,,,,,,,,,,,,,,,,,,,,,,,,,,,,,,,,,,,,,,,,,,,,,,,,,,,,,,,,,,,,,,,,,,,,,,,,,,,,,,,,,,,,,,,,,,,,,
2026031708,,,,,,,,,,,,,,,,,,,,,,,,,,,,,,,,,0.762,,,,,,,,,,,,,,,,,,,,,,,,,,,,,,,,,,,,,,,,,,,,,,,,,,,,,,,,,,,,,,,,,,,,,,,,,,,,,,,,,,,,,,,,,,,,,,,,,,,,,,,,,,,,,,,,,,,,,,,,,,,,,,,,,,,,,,,,,,,,,,,,,,,,,,,,,,,,,,,,,,,,,,,,,,,,,,,,,,,,,,,,,,,,,,,,,,,,,,,,,,,,,,,,,,,,,,,,,,,,,,,,,,,,,,,,,,,,,,,,,,,,,,,,,,,,,,,,,,,,,,,,,,,,,,,,,,,,,,,,,,,,,,,,,,,,,,,,,,,,,,,,,,,,,,,,,,,,,,,,,,,,,,,,,,,,,,,,,,,,,,,,,,,,,,,,,,,,,,,,,,,,,,,,,,,,,,,,,,,,,,,,,,,,,,,,,,,,,,,,,,,,,,,,,,,,,,,,,,,,,,,,,,,,,,,,,,,,,,,,,,,,,,,,,,,,,,,,,,,,,,,,,,,,,,,,,,,,,,,,,,,,,,,,,,,,,,,,,,,,,,,,,,,,,,,,,,,,,,,,,,,,,,,,,,,,,,,,,,,,,,,,,,,,,,,,,,,,,,,,,,,,,,,,,,,,,,,,,,,,,,,,,,,,,,,,,,,,,,,,,,,,,,,,,,,,,,,,,,,,,,,,,,,,,,,,,,,,,,,,,,,,,,,,,,,,,,,,,,,,,,,,,,,,,,,,,,,,,,,,,,,,,,,,,,,,,,,,,,,,,,,,,,,,,,,,,,,,,,,,,,,,,,,,,,,,,,,,
2026031709,,,,,,,,,,,,,,,,,,,,,,,,,,,,,,,,,0.762,,,,,,,,,,,,,,,,,,,,,,,,,,,,,,,,,,,,,,,,,,,,,,,,,,,,,,,,,,,,,,,,,,,,,,,,,,,,,,,,,,,,,,,,,,,,,,,,,,,,,,,,,,,,,,,,,,,,,,,,,,,,,,,,,,270.47,,,,,,,,,,,,,,,,,,,,,,,,,,,,,,,,,,,,,,,,,,,,,,,,,,,,,,,,,,,,,,,,,,,,,,,,,,,,,,,,,,,,,,,,,,,1.0,3.0,,,,,,,,,,,28.0,34.0,28.0,37.0,39.0,41.0,41.0,0.0,0.0,0.0,0.0,0.0,35.4,,272.78,1.35,,0.0,3.0,,,,,,,,,,,,,,,,,,,,,,,,,,,,,,,,,,,,,,,,,,,,,,,,,,,,,,9.999e+20,,,,,,,,,,,,,,,,,,,,,,,,,,,,,8.6,2.8,4.0,4.4,4.8,5.6,6.0,6.8,7.2,8.4,3.6,9.2,9.6,10.0255,10.484,10.9384,11.0217,11.8737,12.3599,13.2264,15.4604,16.9391,8.57268,3.62,23.0,4.0,0.0,0.0,0.0,0.0,0.0,53.0,,9.999e+20,9.999e+20,9.999e+20,9.999e+20,9.999e+20,,,,,,,,,,,,,,,,,,,,,,,,,,,,,,,,,,,,,,,,,,,,,,,,,,,,,,,,,,,,,,,,,,,,,,,,,,,,,,,,,,,,,,,,,,,,,,,,,,,,,,,,,,,,,,,,,,,,,,,,,,,,0.0,,91.6,0.0,0.0,0.0,,81.0,,,,,,,,,,,,,,,,,,,,,,,,,,,,,,,,,,,,,,,,,,,,,,,,,,,,,,,,,,,,,1.0,0.3,0.5,0.2,0.9,1.5,1.8,2.3,2568.0,1856.0,2344.0,1672.0,2600.0,2912.0,3104.0,3184.0,,,78.0,16.0,,,,,,,275.38,1.52,,,,,,,,,,,,,,,,,,,,,,,,,,,,,,,,,,,,,,,,,,,,,,,,,,,,,,,,,,,,,9.999e+20,210.0,6.4,200.0,6.9,,,,,,3.0,,,,,,,920.0,210.0,210.0,210.0,,274.8,,,,,,,,,,,,,,,,,,,,,,,,,,,,,6.4,1.6,2.4,2.8,2.8,3.6,4.0,4.8,5.6,6.4,2.0,6.8,7.2,7.6,8.0,8.4,8.8,8.8,9.2,10.4,12.0,13.2,6.4,3.12,7.0,0.0,0.0,0.0,75.0,0.0,60.0,25.0,7.2,8.4,
2026031710,,,,,,,,,,,,,,,,,,,,,,,,,,,,,,,,,0.762,,,,,,,,,,,,,,,,,,,,,,,,,,,,,,,,,,,,,,,,,,,,,,,,,,,,,,,,,,,,,,,,,,,,,,,,,,,,,,,,,,,,,,,,,,,,,,,,,,,,,,,,,,,,,,,,,,,,,,,,,,,,,,,,,,,,,,,,,,,,,,,,,,,,,,,,,,,,,,,,,,,,,,,,,,,,,,,,,,,,,,,,,,,,,,,,,,,,,,,,,,,,,,,,,,,,,,,,,,,,,,,,,,,,,,,,,,,,,,,,,,,,,,,,,,,,,,,,,,,,,,,,,,,,,,,,,,,,,,,,,,,,,,,,,,,,,,,,,,,,,,,,,,,,,,,,,,,,,,,,,,,,,,,,,,,,,,,,,,,,,,,,,,,,,,,,,,,,,,,,,,,,,,,,,,,,,,,,,,,,,,,,,,,,,,,,,,,,,,,,,,,,,,,,,,,,,,,,,,,,,,,,,,,,,,,,,,,,,,,,,,,,,,,,,,,,,,,,,,,,,,,,,,,,,,,,,,,,,,,,,,,,,,,,,,,,,,,,,,,,,,,,,,,,,,,,,,,,,,,,,,,,,,,,,,,,,,,,,,,,,,,,,,,,,,,,,,,,,,,,,,,,,,,,,,,,,,,,,,,,,,,,,,,,,,,,,,,,,,,,,,,,,,,,,,,,,,,,,,,,,,,,,,,,,,,,,,,,,,,,,,,,,,,,,,,,,,,,,,,,,,,,,,,,,,,,,,,,,,,,,,,,,,,,,,,,,,,,,,,,,,,,,,,,,,,,,,,,,,,,,,,,,,,,,,,,,,,,
2026031711,,,,,,,,,,,,,,,,,,,,,,,,,,,,,,,,,1.016,,,,,,,,,,,,,,,,,,,,,,,,,,,,,,,,,,,,,,,,,,,,,,,,,,,,,,,,,,,,,,,,,,,,,,,,,,,,,,,,,,,,,,,,,,,,,,,,,,,,,,,,,,,,,,,,,,,,,,,,,,,,,,,,,,,,,,,,,,,,,,,,,,,,,,,,,,,,,,,,,,,,,,,,,,,,,,,,,,,,,,,,,,,,,,,,,,,,,,,,,,,,,,,,,,,,,,,,,,,,,,,,,,,,,,,,,,,,,,,,,,,,,,,,,,,,,,,,,,,,,,,,,,,,,,,,,,,,,,,,,,,,,,,,,,,,,,,,,,,,,,,,,,,,,,,,,,,,,,,,,,,,,,,,,,,,,,,,,,,,,,,,,,,,,,,,,,,,,,,,,,,,,,,,,,,,,,,,,,,,,,,,,,,,,,,,,,,,,,,,,,,,,,,,,,,,,,,,,,,,,,,,,,,,,,,,,,,,,,,,,,,,,,,,,,,,,,,,,,,,,,,,,,,,,,,,,,,,,,,,,,,,,,,,,,,,,,,,,,,,,,,,,,,,,,,,,,,,,,,,,,,,,,,,,,,,,,,,,,,,,,,,,,,,,,,,,,,,,,,,,,,,,,,,,,,,,,,,,,,,,,,,,,,,,,,,,,,,,,,,,,,,,,,,,,,,,,,,,,,,,,,,,,,,,,,,,,,,,,,,,,,,,,,,,,,,,,,,,,,,,,,,,,,,,,,,,,,,,,,,,,,,,,,,,,,,,,,,,,,,,,,,,,,,,,,,,,,,,,,,,,,,,,,,,,,,,,,,
2026031712,10.499,0.0,0.07,0.675,1.335,2.348,3.406,4.323,5.837,6.946,0.0,8.102,9.421,10.764,12.378,13.806,15.231,17.116,19.077,23.054,31.18,49.13,88.0,0.0,34.0,0.0,15.0,74.0,8.0,1.0,58.0,0.0,1.27,,22.846,0.0,2.631,4.554,6.102,8.482,10.119,12.05,14.218,16.268,0.989,18.248,20.654,22.894,26.089,29.168,31.889,35.863,39.747,48.507,63.459,90.464,97.0,0.0,64.0,0.0,0.0,0.0,36.0,9.0,79.0,2.0,28.14,0.512,6.266,8.989,11.19,13.894,16.186,18.481,20.823,22.922,3.433,24.977,27.17,29.402,31.83,34.766,37.896,41.405,46.276,53.705,63.436,94.047,77.0,0.0,96.0,0.0,49.0,0.0,0.0,0.0,12.0,3.0,7.62,0.0,0.0,0.0,0.196,0.556,1.255,2.063,2.875,3.587,0.0,4.342,5.094,5.957,6.9,7.928,8.895,10.033,11.88,14.919,19.457,26.705,79.0,13.0,5.0,62.0,1.0,0.0,0.0,38.0,0.0,0.0,28.257,1.668,8.152,10.599,13.071,15.54,17.307,19.844,21.871,23.934,5.6,25.866,27.785,29.714,32.602,35.154,38.373,42.084,45.432,52.606,61.134,74.392,0.0,0.0,52.0,0.0,0.0,11.0,0.0,94.0,0.0,1.0,270.91,,,,,,,,,,,,,,,,,,,0.0,0.0,0.0,0.0,0.0,0.0,0.0,0.0,0.0,0.0,0.0,0.0,0.0,0.0,0.0,0.0,0.0,0.0,0.036,0.013,0.02,0.008,0.033,0.046,0.058,0.064,52.0,13.0,1.0,0.0,0.0,0.0,0.0,0.0,0.0,0.0,0.0,0.0,0.0,0.0,0.0,0.0,0.0,0.0,0.0,0.0,0.0,0.0,0.0,0.0,0.0,0.0,0.0,0.0,0.036,0.013,0.02,0.008,0.033,0.046,0.061,0.064,55.0,1.0,0.0,0.0,0.0,0.0,0.0,0.0,0.0,0.0,3.0,5.0,,,,,,,,,,,25.0,32.0,25.0,37.0,39.0,41.0,41.0,1.0,0.0,0.0,0.0,0.0,34.7,,272.47,1.25,,0.0,1.0,,0.0,0.0,0.0,0.0,0.0,0.0,0.0,0.0,0.0,0.0,0.0,0.0,0.0,0.0,0.0,0.0,0.0,0.0,0.0,0.0,0.0,0.0,0.0,0.0,0.0,0.0,0.0,0.0,0.0,0.0,0.0,0.0,0.0,0.0,0.0,0.0,0.0,0.0,0.0,0.0,0.0,0.0,0.0,0.0,0.0,0.0,0.0,0.0,0.0,0.0,0.0,13.2,9.999e+20,,,,,,,,,,,,,,,,,,,,,,,,,,,,,8.1,3.2,4.4,4.8,5.2,5.6,6.0,6.4,6.8,7.6,3.6,8.0,8.0,8.8082,9.25564,9.70444,10.1445,11.0114,11.5109,12.7818,14.7709,16.3831,8.13086,3.3,17.0,4.0,0.0,0.0,0.0,0.0,0.0,40.0,2.0,9.999e+20,9.999e+20,9.999e+20,9.999e+20,9.999e+20,,,,,,,,,,,,,,,,,,,,,,,,,,,,,,,,,,,,,,,,,,,,,,,,,,,,,,,,,,,,,,,,,,,,,,,,,,,,,,,,,,,,,,,,,,,,,,,,,,,,,,,,,,,,,,,,,,,,,,,,,,,,0.0,7.0,87.6,0.0,0.0,0.0,,79.0,,,,,,,,,,,,,,,,,,,,,,,,,,,,,,,,,,,,,,,,,,,,,,,,,,,,,,,,,,,,,1.1,0.3,0.5,0.1,1.1,1.6,2.1,2.5,2504.0,2000.0,2264.0,1776.0,2488.0,2720.0,3080.0,3120.0,,,75.0,21.0,,,,274.62,2.98,,275.59,1.54,,,,,,,,,,,,,,,,,,,,,,,,,,,,,,,,,,,,,,,,,,,,,,,,,,,,,,,,,,,,,9.999e+20,220.0,6.0,200.0,6.9,0.0,4.0,,,4.0,3.0,,,,,,,799.0,220.0,220.0,220.0,,274.7,,,,,,,,,,,,,,,,,,,,,,,,,,,,,6.0,1.6,2.4,2.8,3.2,3.6,4.0,4.8,4.8,5.6,2.4,6.0,6.4,6.8,7.2,7.6,8.0,8.4,8.8,10.0,11.6,12.8,6.0,2.92,6.0,0.0,0.0,0.0,77.0,0.0,55.0,16.0,6.8,7.6,
2026031713,,,,,,,,,,,,,,,,,,,,,,,,,,,,,,,,,1.27,,,,,,,,,,,,,,,,,,,,,,,,,,,,,,,,,,,,,,,,,,,,,,,,,,,,,,,,,,,,,,,,,,,,,,,,,,,,,,,,,,,,,,,,,,,,,,,,,,,,,,,,,,,,,,,,,,,,,,,,,,,,,,,,,,,,,,,,,,,,,,,,,,,,,,,,,,,,,,,,,,,,,,,,,,,,,,,,,,,,,,,,,,,,,,,,,,,,,,,,,,,,,,,,,,,,,,,,,,,,,,,,,,,,,,,,,,,,,,,,,,,,,,,,,,,,,,,,,,,,,,,,,,,,,,,,,,,,,,,,,,,,,,,,,,,,,,,,,,,,,,,,,,,,,,,,,,,,,,,,,,,,,,,,,,,,,,,,,,,,,,,,,,,,,,,,,,,,,,,,,,,,,,,,,,,,,,,,,,,,,,,,,,,,,,,,,,,,,,,,,,,,,,,,,,,,,,,,,,,,,,,,,,,,,,,,,,,,,,,,,,,,,,,,,,,,,,,,,,,,,,,,,,,,,,,,,,,,,,,,,,,,,,,,,,,,,,,,,,,,,,,,,,,,,,,,,,,,,,,,,,,,,,,,,,,,,,,,,,,,,,,,,,,,,,,,,,,,,,,,,,,,,,,,,,,,,,,,,,,,,,,,,,,,,,,,,,,,,,,,,,,,,,,,,,,,,,,,,,,,,,,,,,,,,,,,,,,,,,,,,,,,,,,,,,,,,,,,,,,,,,,,,,,,,,,,,,,,,,,,,,,,,,,,,,,,,,,,,,,,,,,,,,,,,,,,,,,,,,,,,,,,,,,,,,,,,,,,
2026031714,,,,,,,,,,,,,,,,,,,,,,,,,,,,,,,,,1.016,,,,,,,,,,,,,,,,,,,,,,,,,,,,,,,,,,,,,,,,,,,,,,,,,,,,,,,,,,,,,,,,,,,,,,,,,,,,,,,,,,,,,,,,,,,,,,,,,,,,,,,,,,,,,,,,,,,,,,,,,,,,,,,,,,,,,,,,,,,,,,,,,,,,,,,,,,,,,,,,,,,,,,,,,,,,,,,,,,,,,,,,,,,,,,,,,,,,,,,,,,,,,,,,,,,,,,,,,,,,,,,,,,,,,,,,,,,,,,,,,,,,,,,,,,,,,,,,,,,,,,,,,,,,,,,,,,,,,,,,,,,,,,,,,,,,,,,,,,,,,,,,,,,,,,,,,,,,,,,,,,,,,,,,,,,,,,,,,,,,,,,,,,,,,,,,,,,,,,,,,,,,,,,,,,,,,,,,,,,,,,,,,,,,,,,,,,,,,,,,,,,,,,,,,,,,,,,,,,,,,,,,,,,,,,,,,,,,,,,,,,,,,,,,,,,,,,,,,,,,,,,,,,,,,,,,,,,,,,,,,,,,,,,,,,,,,,,,,,,,,,,,,,,,,,,,,,,,,,,,,,,,,,,,,,,,,,,,,,,,,,,,,,,,,,,,,,,,,,,,,,,,,,,,,,,,,,,,,,,,,,,,,,,,,,,,,,,,,,,,,,,,,,,,,,,,,,,,,,,,,,,,,,,,,,,,,,,,,,,,,,,,,,,,,,,,,,,,,,,,,,,,,,,,,,,,,,,,,,,,,,,,,,,,,,,,,,,,,,,,,,,,,,,,,,,,,,,,,,,,,,,,,,,,,,,,,,,,
2026031715,,,,,,,,,,,,,,,,,,,,,,,,,,,,,,,,,0.762,,,,,,,,,,,,,,,,,,,,,,,,,,,,,,,,,,,,,,,,,,,,,,,,,,,,,,,,,,,,,,,,,,,,,,,,,,,,,,,,,,,,,,,,,,,,,,,,,,,,,,,,,,,,,,,,,,,,,,,,,,,,,,,,,,271.39,,,,,,,,,,,,,,,,,,,,,,,,,,,,,,,,,,,,,,,,,,,,,,,,,,,,,,,,,,,,,,,,,,,,,,,,,,,,,,,,,,,,,,,,,,,18.0,25.0,,,,,,,,,,,24.0,33.0,23.0,37.0,38.0,40.0,40.0,0.0,0.0,0.0,0.0,0.0,34.1,,272.06,1.73,,1.0,3.0,,,,,,,,,,,,,,,,,,,,,,,,,,,,,,,,,,,,,,,,,,,,,,,,,,,,,,9.999e+20,,,,,,,,,,,,,,,,,,,,,,,,,,,,,7.5,2.8,3.6,4.0,4.8,4.8,5.6,6.0,6.00212,6.42129,3.2,6.86272,7.30421,7.74403,8.17205,8.66578,9.52284,9.98601,10.8932,12.391,14.715,16.39,7.47233,3.3,12.0,2.0,0.0,0.0,0.0,0.0,0.0,30.0,,9.999e+20,9.999e+20,9.999e+20,9.999e+20,9.999e+20,,,,,,,,,,,,,,,,,,,,,,,,,,,,,,,,,,,,,,,,,,,,,,,,,,,,,,,,,,,,,,,,,,,,,,,,,,,,,,,,,,,,,,,,,,,,,,,,,,,,,,,,,,,,,,,,,,,,,,,,,,,,0.0,,93.6,0.0,0.0,0.0,,76.0,,,,,,,,,,,,,,,,,,,,,,,,,,,,,,,,,,,,,,,,,,,,,,,,,,,,,,,,,,,,,1.3,0.3,0.6,0.2,1.3,1.9,2.6,3.0,2440.0,2048.0,2176.0,1992.0,2400.0,2696.0,2960.0,3080.0,,,77.0,20.0,,,,,,,276.09,1.73,,,,,,,,,,,,,,,,,,,,,,,,,,,,,,,,,,,,,,,,,,,,,,,,,,,,,,,,,,,,,9.999e+20,220.0,5.6,200.0,5.6,,,,,,3.0,,,,,,,616.0,220.0,220.0,220.0,,275.0,,,,,,,,,,,,,,,,,,,,,,,,,,,,,5.6,1.6,2.4,2.4,2.8,3.2,3.6,4.0,4.4,4.8,2.0,5.2,5.6,6.0,6.4,6.8,7.2,7.6,8.0,9.6,11.6,12.8,5.6,2.8,6.0,0.0,0.0,0.0,71.0,0.0,42.0,11.0,6.4,6.8,
2026031716,,,,,,,,,,,,,,,,,,,,,,,,,,,,,,,,,1.016,,,,,,,,,,,,,,,,,,,,,,,,,,,,,,,,,,,,,,,,,,,,,,,,,,,,,,,,,,,,,,,,,,,,,,,,,,,,,,,,,,,,,,,,,,,,,,,,,,,,,,,,,,,,,,,,,,,,,,,,,,,,,,,,,,,,,,,,,,,,,,,,,,,,,,,,,,,,,,,,,,,,,,,,,,,,,,,,,,,,,,,,,,,,,,,,,,,,,,,,,,,,,,,,,,,,,,,,,,,,,,,,,,,,,,,,,,,,,,,,,,,,,,,,,,,,,,,,,,,,,,,,,,,,,,,,,,,,,,,,,,,,,,,,,,,,,,,,,,,,,,,,,,,,,,,,,,,,,,,,,,,,,,,,,,,,,,,,,,,,,,,,,,,,,,,,,,,,,,,,,,,,,,,,,,,,,,,,,,,,,,,,,,,,,,,,,,,,,,,,,,,,,,,,,,,,,,,,,,,,,,,,,,,,,,,,,,,,,,,,,,,,,,,,,,,,,,,,,,,,,,,,,,,,,,,,,,,,,,,,,,,,,,,,,,,,,,,,,,,,,,,,,,,,,,,,,,,,,,,,,,,,,,,,,,,,,,,,,,,,,,,,,,,,,,,,,,,,,,,,,,,,,,,,,,,,,,,,,,,,,,,,,,,,,,,,,,,,,,,,,,,,,,,,,,,,,,,,,,,,,,,,,,,,,,,,,,,,,,,,,,,,,,,,,,,,,,,,,,,,,,,,,,,,,,,,,,,,,,,,,,,,,,,,,,,,,,,,,,,,,,,,,,,,,,,,,,,,,,,,,,,,,,,,,,,,,,,,
2026031717,,,,,,,,,,,,,,,,,,,,,,,,,,,,,,,,,1.016,,,,,,,,,,,,,,,,,,,,,,,,,,,,,,,,,,,,,,,,,,,,,,,,,,,,,,,,,,,,,,,,,,,,,,,,,,,,,,,,,,,,,,,,,,,,,,,,,,,,,,,,,,,,,,,,,,,,,,,,,,,,,,,,,,,,,,,,,,,,,,,,,,,,,,,,,,,,,,,,,,,,,,,,,,,,,,,,,,,,,,,,,,,,,,,,,,,,,,,,,,,,,,,,,,,,,,,,,,,,,,,,,,,,,,,,,,,,,,,,,,,,,,,,,,,,,,,,,,,,,,,,,,,,,,,,,,,,,,,,,,,,,,,,,,,,,,,,,,,,,,,,,,,,,,,,,,,,,,,,,,,,,,,,,,,,,,,,,,,,,,,,,,,,,,,,,,,,,,,,,,,,,,,,,,,,,,,,,,,,,,,,,,,,,,,,,,,,,,,,,,,,,,,,,,,,,,,,,,,,,,,,,,,,,,,,,,,,,,,,,,,,,,,,,,,,,,,,,,,,,,,,,,,,,,,,,,,,,,,,,,,,,,,,,,,,,,,,,,,,,,,,,,,,,,,,,,,,,,,,,,,,,,,,,,,,,,,,,,,,,,,,,,,,,,,,,,,,,,,,,,,,,,,,,,,,,,,,,,,,,,,,,,,,,,,,,,,,,,,,,,,,,,,,,,,,,,,,,,,,,,,,,,,,,,,,,,,,,,,,,,,,,,,,,,,,,,,,,,,,,,,,,,,,,,,,,,,,,,,,,,,,,,,,,,,,,,,,,,,,,,,,,,,,,,,,,,,,,,,,,,,,,,,,,,,,,,,,
2026031718,11.376,0.0,0.217,1.316,2.742,3.976,5.135,6.231,7.35,8.417,0.0,9.372,10.365,11.498,12.652,14.088,15.927,17.658,20.333,24.518,31.338,45.072,90.0,0.0,35.0,0.0,17.0,81.0,9.0,1.0,64.0,0.0,1.016,,,,,,,,,,,,,,,,,,,,,,,,,,,,,,,,,,,,,,,,,,,,,,,,,,,,,,,,,,,,,,,,,,5.334,0.0,0.0,0.521,1.042,1.609,2.13,2.669,3.21,3.689,0.0,4.204,4.814,5.51,6.207,7.16,8.011,9.097,10.287,12.965,16.361,25.625,88.0,11.0,3.0,66.0,1.0,0.0,0.0,34.0,0.0,0.0,,,,,,,,,,,,,,,,,,,,,,,,,,,,,,,,,273.5,,,,,,,,,,,,,,,,,,,0.0,,,,,,,,,,,,,,,,,,0.023,,,,,,,,,,,,,,,,,,0.0,0.0,0.0,0.0,0.0,0.0,0.0,0.0,0.0,0.0,0.0,0.0,0.0,0.0,0.0,0.0,0.0,0.0,0.036,,,,,,,,,,,,,,,,,,1.0,4.0,,,,,,,,,,,24.0,33.0,24.0,38.0,40.0,41.0,41.0,1.0,0.0,0.0,0.0,0.0,35.2,,273.69,1.76,,45.0,1.0,,0.0,,,,,,,,,,,,,,,,,,,,,,,,,0.0,0.0,0.0,0.0,0.0,0.0,0.0,0.0,0.0,0.0,0.0,0.0,0.0,0.0,,,,,,,,,,,,,13.0,9.999e+20,,,,,,,,,,,,,,,,,,,,,,,,,,,,,6.9,2.0,3.6,3.6,4.0,4.4,4.8,5.24303,5.29192,5.73558,2.8,5.84363,6.34188,6.87608,7.70612,8.21491,8.73384,9.63967,9.87836,10.4139,15.0682,16.4223,6.90658,3.32,9.0,1.0,1.0,0.0,0.0,0.0,0.0,23.0,2.0,9.999e+20,9.999e+20,9.999e+20,9.999e+20,9.999e+20,,,,,,,,,,,,,,,,,,,,,,,,,,,,,,,,,,,,,,,,,,,,,,,,,,,,,,,,,,,,,,,,,,,,,,,,,,,,,,,,,,,,,,,,,,,,,,,,,,,,,,,,,,,,,,,,,,,,,,,,,,82.0,,0.0,,93.6,0.0,0.0,0.0,,78.0,,,,,,,,,,,,,,,,,,,,,,,,,,,,,,,,,,,,,,,,,,,,,,,,,,,,,,,,,,,,,1.6,0.5,0.8,0.1,1.5,2.2,3.1,3.3,2400.0,1992.0,2112.0,1904.0,2312.0,2720.0,2984.0,3072.0,,,78.0,14.0,,,,,,1.42521,276.94,2.08,,,,,,,,,,,,,,,,,,,,,,,,,,,,,,,277.8,274.622,276.048,276.442,276.793,276.719,277.074,277.419,277.448,277.474,275.417,278.007,278.21,278.353,278.507,278.689,278.881,279.143,279.531,279.621,280.113,280.968,0.0,0.0,0.0,0.0,0.0,0.0,0.0,0.0,9.999e+20,220.0,4.8,200.0,7.2,,5.0,,,1.0,3.0,,,,,,,987.0,220.0,220.0,220.0,,276.5,,,,,,,,,,,,,,,,,,,,,,,,,,,,,4.8,0.8,2.0,2.4,2.4,2.4,2.8,3.2,3.2,3.6,1.6,4.0,4.4,4.8,5.6,6.0,6.4,6.8,7.2,7.6,10.8,13.2,4.8,2.8,5.0,0.0,0.0,0.0,56.0,0.0,36.0,9.0,5.6,6.0,
2026031719,,,,,,,,,,,,,,,,,,,,,,,,,,,,,,,,,1.016,,,,,,,,,,,,,,,,,,,,,,,,,,,,,,,,,,,,,,,,,,,,,,,,,,,,,,,,,,,,,,,,,,,,,,,,,,,,,,,,,,,,,,,,,,,,,,,,,,,,,,,,,,,,,,,,,,,,,,,,,,,,,,,,,,,,,,,,,,,,,,,,,,,,,,,,,,,,,,,,,,,,,,,,,,,,,,,,,,,,,,,,,,,,,,,,,,,,,,,,,,,,,,,,,,,,,,,,,,,,,,,,,,,,,,,,,,,,,,,,,,,,,,,,,,,,,,,,,,,,,,,,,,,,,,,,,,,,,,,,,,,,,,,,,,,,,,,,,,,,,,,,,,,,,,,,,,,,,,,,,,,,,,,,,,,,,,,,,,,,,,,,,,,,,,,,,,,,,,,,,,,,,,,,,,,,,,,,,,,,,,,,,,,,,,,,,,,,,,,,,,,,,,,,,,,,,,,,,,,,,,,,,,,,,,,,,,,,,,,,,,,,,,,,,,,,,,,,,,,,,,,,,,,,,,,,,,,,,,,,,,,,,,,,,,,,,,,,,,,,,,,,,,,,,,,,,,,,,,,,,,,,,,,,,,,,,,,,,,,,,,,,,,,,,,,,,,,,,,,,,,,,,,,,,,,,,,,,,,,,,,,,,,,,,,,,,,,,,,,,,,,,,,,,,,,,,,,,,,,,,,,,,,,,,,,,,,,,,,,,,,,,,,,,,,,,,,,,,,,,,,,,,,,,,,,,,,,,,,,,,,,,,,,,,,,,,,,,,,,,,,,,,,,,,,,,,,,,,,,,,,,,,,,,,,,,,,,,
2026031720,,,,,,,,,,,,,,,,,,,,,,,,,,,,,,,,,0.762,,,,,,,,,,,,,,,,,,,,,,,,,,,,,,,,,,,,,,,,,,,,,,,,,,,,,,,,,,,,,,,,,,,,,,,,,,,,,,,,,,,,,,,,,,,,,,,,,,,,,,,,,,,,,,,,,,,,,,,,,,,,,,,,,,,,,,,,,,,,,,,,,,,,,,,,,,,,,,,,,,,,,,,,,,,,,,,,,,,,,,,,,,,,,,,,,,,,,,,,,,,,,,,,,,,,,,,,,,,,,,,,,,,,,,,,,,,,,,,,,,,,,,,,,,,,,,,,,,,,,,,,,,,,,,,,,,,,,,,,,,,,,,,,,,,,,,,,,,,,,,,,,,,,,,,,,,,,,,,,,,,,,,,,,,,,,,,,,,,,,,,,,,,,,,,,,,,,,,,,,,,,,,,,,,,,,,,,,,,,,,,,,,,,,,,,,,,,,,,,,,,,,,,,,,,,,,,,,,,,,,,,,,,,,,,,,,,,,,,,,,,,,,,,,,,,,,,,,,,,,,,,,,,,,,,,,,,,,,,,,,,,,,,,,,,,,,,,,,,,,,,,,,,,,,,,,,,,,,,,,,,,,,,,,,,,,,,,,,,,,,,,,,,,,,,,,,,,,,,,,,,,,,,,,,,,,,,,,,,,,,,,,,,,,,,,,,,,,,,,,,,,,,,,,,,,,,,,,,,,,,,,,,,,,,,,,,,,,,,,,,,,,,,,,,,,,,,,,,,,,,,,,,,,,,,,,,,,,,,,,,,,,,,,,,,,,,,,,,,,,,,,,,,,,,,,,,,,,,,,,,,,,,,,,,,,,,,,
2026031721,,,,,,,,,,,,,,,,,,,,,,,,,,,,,,,,,0.762,,,,,,,,,,,,,,,,,,,,,,,,,,,,,,,,,,,,,,,,,,,,,,,,,,,,,,,,,,,,,,,,,,,,,,,,,,,,,,,,,,,,,,,,,,,,,,,,,,,,,,,,,,,,,,,,,,,,,,,,,,,,,,,,,,274.82,,,,,,,,,,,,,,,,,,,,,,,,,,,,,,,,,,,,,,,,,,,,,,,,,,,,,,,,,,,,,,,,,,,,,,,,,,,,,,,,,,,,,,,,,,,1.0,2.0,,,,,,,,,,,25.0,29.0,25.0,37.0,40.0,40.0,41.0,1.0,0.0,0.0,0.0,0.0,35.2,,275.21,1.79,,191.0,3.0,,,,,,,,,,,,,,,,,,,,,,,,,,,,,,,,,,,,,,,,,,,,,,,,,,,,,,9.999e+20,,,,,,,,,,,,,,,,,,,,,,,,,,,,,6.8,2.0,3.6,4.00449,4.19852,4.39918,4.48945,4.97552,5.08638,5.21176,3.2,5.7251,5.84907,6.37215,6.52657,7.37057,8.2279,8.75219,9.64025,11.4072,14.918,18.7858,6.79045,3.52,11.0,4.0,2.0,0.0,0.0,0.0,0.0,23.0,,9.999e+20,9.999e+20,9.999e+20,9.999e+20,9.999e+20,,,,,,,,,,,,,,,,,,,,,,,,,,,,,,,,,,,,,,,,,,,,,,,,,,,,,,,,,,,,,,,,,,,,,,,,,,,,,,,,,,,,,,,,,,,,,,,,,,,,,,,,,,,,,,,,,,,,,,,,,,,,0.0,,95.2,0.0,0.0,0.0,,82.0,,,,,,,,,,,,,,,,,,,,,,,,,,,,,,,,,,,,,,,,,,,,,,,,,,,,,,,,,,,,,1.7,0.4,0.8,0.2,1.5,2.6,3.1,3.4,2424.0,2024.0,2160.0,1936.0,2376.0,2688.0,2960.0,3096.0,,,72.0,19.0,,,,,,,277.87,2.79,,,,,,,,,,,,,,,,,,,,,,,,,,,,,,,,,,,,,,,,,,,,,,,,,,,,,,,,,,,,,9.999e+20,230.0,4.7,200.0,5.8,,,,,,2.0,,,,,,,1630.0,230.0,230.0,230.0,,278.2,,,,,,,,,,,,,,,,,,,,,,,,,,,,,4.7,0.8,2.0,2.0,2.4,2.8,2.8,2.8,3.2,3.2,1.6,3.6,4.0,4.4,4.8,5.2,5.6,5.77332,6.7075,7.68273,9.72419,13.5633,4.33879,2.72,4.0,0.0,0.0,0.0,50.0,0.0,26.0,9.0,5.1,5.6,
2026031722,,,,,,,,,,,,,,,,,,,,,,,,,,,,,,,,,0.762,,,,,,,,,,,,,,,,,,,,,,,,,,,,,,,,,,,,,,,,,,,,,,,,,,,,,,,,,,,,,,,,,,,,,,,,,,,,,,,,,,,,,,,,,,,,,,,,,,,,,,,,,,,,,,,,,,,,,,,,,,,,,,,,,,,,,,,,,,,,,,,,,,,,,,,,,,,,,,,,,,,,,,,,,,,,,,,,,,,,,,,,,,,,,,,,,,,,,,,,,,,,,,,,,,,,,,,,,,,,,,,,,,,,,,,,,,,,,,,,,,,,,,,,,,,,,,,,,,,,,,,,,,,,,,,,,,,,,,,,,,,,,,,,,,,,,,,,,,,,,,,,,,,,,,,,,,,,,,,,,,,,,,,,,,,,,,,,,,,,,,,,,,,,,,,,,,,,,,,,,,,,,,,,,,,,,,,,,,,,,,,,,,,,,,,,,,,,,,,,,,,,,,,,,,,,,,,,,,,,,,,,,,,,,,,,,,,,,,,,,,,,,,,,,,,,,,,,,,,,,,,,,,,,,,,,,,,,,,,,,,,,,,,,,,,,,,,,,,,,,,,,,,,,,,,,,,,,,,,,,,,,,,,,,,,,,,,,,,,,,,,,,,,,,,,,,,,,,,,,,,,,,,,,,,,,,,,,,,,,,,,,,,,,,,,,,,,,,,,,,,,,,,,,,,,,,,,,,,,,,,,,,,,,,,,,,,,,,,,,,,,,,,,,,,,,,,,,,,,,,,,,,,,,,,,,,,,,,,,,,,,,,,,,,,,,,,,,,,,,,,,,,,,,,,,,,,,,,,,,,,,,,,,,,,,,,,,,
2026031723,,,,,,,,,,,,,,,,,,,,,,,,,,,,,,,,,0.762,,,,,,,,,,,,,,,,,,,,,,,,,,,,,,,,,,,,,,,,,,,,,,,,,,,,,,,,,,,,,,,,,,,,,,,,,,,,,,,,,,,,,,,,,,,,,,,,,,,,,,,,,,,,,,,,,,,,,,,,,,,,,,,,,,,,,,,,,,,,,,,,,,,,,,,,,,,,,,,,,,,,,,,,,,,,,,,,,,,,,,,,,,,,,,,,,,,,,,,,,,,,,,,,,,,,,,,,,,,,,,,,,,,,,,,,,,,,,,,,,,,,,,,,,,,,,,,,,,,,,,,,,,,,,,,,,,,,,,,,,,,,,,,,,,,,,,,,,,,,,,,,,,,,,,,,,,,,,,,,,,,,,,,,,,,,,,,,,,,,,,,,,,,,,,,,,,,,,,,,,,,,,,,,,,,,,,,,,,,,,,,,,,,,,,,,,,,,,,,,,,,,,,,,,,,,,,,,,,,,,,,,,,,,,,,,,,,,,,,,,,,,,,,,,,,,,,,,,,,,,,,,,,,,,,,,,,,,,,,,,,,,,,,,,,,,,,,,,,,,,,,,,,,,,,,,,,,,,,,,,,,,,,,,,,,,,,,,,,,,,,,,,,,,,,,,,,,,,,,,,,,,,,,,,,,,,,,,,,,,,,,,,,,,,,,,,,,,,,,,,,,,,,,,,,,,,,,,,,,,,,,,,,,,,,,,,,,,,,,,,,,,,,,,,,,,,,,,,,,,,,,,,,,,,,,,,,,,,,,,,,,,,,,,,,,,,,,,,,,,,,,,,,,,,,,,,,,,,,,,,,,,,,,,,,,,,,,,
2026031800,10.209,0.0,0.71,1.976,3.107,4.105,5.014,5.909,6.819,7.764,0.0,8.534,9.439,10.575,11.624,12.972,14.309,15.817,17.601,20.74,26.825,39.678,92.0,0.0,31.0,0.0,12.0,83.0,6.0,0.0,63.0,0.0,1.016,,25.201,0.0,3.451,6.679,9.765,12.081,14.256,16.327,18.21,20.061,0.573,21.933,23.728,26.565,29.191,31.676,34.536,38.519,42.682,49.054,61.81,86.237,96.0,0.0,74.0,0.0,0.0,0.0,42.0,9.0,86.0,2.0,,,,,,,,,,,,,,,,,,,,,,,,,,,,,,,,,5.842,0.0,0.004,0.369,0.915,1.347,1.812,2.281,2.793,3.325,0.0,3.982,4.537,5.187,5.753,6.381,7.094,7.987,9.133,10.935,14.232,20.046,87.0,7.0,1.0,62.0,0.0,0.0,0.0,30.0,0.0,0.0,,,,,,,,,,,,,,,,,,,,,,,,,,,,,,,,,273.93,,,,,,,,,,,,,,,,,,,0.0,0.0,0.0,0.0,0.0,0.0,0.0,0.0,0.0,0.0,0.0,0.0,0.0,0.0,0.0,0.0,0.0,0.0,0.005,0.0,0.0,0.0,0.003,0.005,0.015,0.018,2.0,0.0,0.0,0.0,0.0,0.0,0.0,0.0,0.0,0.0,0.0,0.0,0.0,0.0,0.0,0.0,0.0,0.0,0.0,0.0,0.0,0.0,0.0,0.0,0.0,0.0,0.0,0.0,0.036,0.013,0.02,0.008,0.033,0.046,0.058,0.064,54.0,1.0,0.0,0.0,0.0,0.0,0.0,0.0,0.0,0.0,1.0,2.0,,,,,,,,,,,23.0,31.0,23.0,38.0,40.0,40.0,40.0,0.0,0.0,0.0,0.0,0.0,35.7,,275.09,2.15,,109.0,3.0,,0.0,0.0,0.0,0.0,0.0,0.0,0.0,0.0,0.0,0.0,0.0,0.0,0.0,0.0,0.0,0.0,0.0,0.0,0.0,0.0,0.0,0.0,0.0,0.0,0.0,0.0,0.0,0.0,0.0,0.0,0.0,0.0,0.0,0.0,0.0,0.0,0.0,0.0,0.0,0.0,0.0,0.0,0.0,0.0,0.0,0.0,0.0,0.0,0.0,0.0,0.0,11.0,9.999e+20,,,,,,,,,,,,,,,,,,,,,,,,,,,,,6.5,2.0,3.2,3.6,3.8289,4.43347,4.53981,4.6075,5.07176,5.57403,2.8,5.79957,5.96928,6.51717,6.71398,6.95231,7.92024,8.46075,9.83872,10.8925,12.5575,17.0341,6.50219,3.2,9.0,2.0,1.0,0.0,0.0,0.0,0.0,19.0,2.0,9.999e+20,9.999e+20,9.999e+20,9.999e+20,9.999e+20,,,,,,,,,,,,,,,,,,,,,,,,,,,,,,,,,,,,,,,,,,,,,,,,,,,,,,,,,,,,,,,,,,,,,,,,,,,,,,,,,,,,,,,,,,,,,,,,,,,,,,,,,,,,,,,,,,,,,,,,,,,,0.0,6.0,95.2,0.0,0.0,0.0,,83.0,,,,,,,,,,,,,,,,,,,,,,,,,,,,,,,,,,,,,,,,,,,,,,,,,,,,,,,,,,,,,1.7,0.4,0.8,0.1,1.4,2.7,3.4,3.8,2432.0,1976.0,2128.0,1864.0,2360.0,2752.0,3024.0,3144.0,,,78.0,14.0,,278.67,3.18,,,,277.62,2.69,,,,,,,,,,,,,,,,,,,,,,,,,,,,,,,,,,,,,,,,,,,,,,,,,,,,,,,,,,,,,9.999e+20,230.0,4.5,210.0,5.0,0.0,1.0,,,0.0,2.0,,,,,,,2596.0,230.0,230.0,230.0,,277.0,,,,,,,,,,,,,,,,,,,,,,,,,,,,,4.5,0.8,2.0,2.0,2.4,2.4,2.8,3.2,3.2,3.6,1.6,4.0,4.0,4.4,4.8,5.2,5.6,6.0,6.8,7.2,9.00663,12.9069,4.5363,2.52,3.0,0.0,0.0,0.0,53.0,0.0,24.0,7.0,4.9,5.7,
2026031801,,,,,,,,,,,,,,,,,,,,,,,,,,,,,,,,,1.016,,,,,,,,,,,,,,,,,,,,,,,,,,,,,,,,,,,,,,,,,,,,,,,,,,,,,,,,,,,,,,,,,,,,,,,,,,,,,,,,,,,,,,,,,,,,,,,,,,,,,,,,,,,,,,,,,,,,,,,,,,,,,,,,,,,,,,,,,,,,,,,,,,,,,,,,,,,,,,,,,,,,,,,,,,,,,,,,,,,,,,,,,,,,,,,,,,,,,,,,,,,,,,,,,,,,,,,,,,,,,,,,,,,,,,,,,,,,,,,,,,,,,,,,,,,,,,,,,,,,,,,,,,,,,,,,,,,,,,,,,,,,,,,,,,,,,,,,,,,,,,,,,,,,,,,,,,,,,,,,,,,,,,,,,,,,,,,,,,,,,,,,,,,,,,,,,,,,,,,,,,,,,,,,,,,,,,,,,,,,,,,,,,,,,,,,,,,,,,,,,,,,,,,,,,,,,,,,,,,,,,,,,,,,,,,,,,,,,,,,,,,,,,,,,,,,,,,,,,,,,,,,,,,,,,,,,,,,,,,,,,,,,,,,,,,,,,,,,,,,,,,,,,,,,,,,,,,,,,,,,,,,,,,,,,,,,,,,,,,,,,,,,,,,,,,,,,,,,,,,,,,,,,,,,,,,,,,,,,,,,,,,,,,,,,,,,,,,,,,,,,,,,,,,,,,,,,,,,,,,,,,,,,,,,,,,,,,,,,,,,,,,,,,,,,,,,,,,,,,,,,,,,,,,,,,,,,,,,,,,,,,,,,,,,,,,,,,,,,,,,,,,,,,,,,,,,,,,,,,,,,,,,,,,,,,,,,,,
2026031802,,,,,,,,,,,,,,,,,,,,,,,,,,,,,,,,,1.016,,,,,,,,,,,,,,,,,,,,,,,,,,,,,,,,,,,,,,,,,,,,,,,,,,,,,,,,,,,,,,,,,,,,,,,,,,,,,,,,,,,,,,,,,,,,,,,,,,,,,,,,,,,,,,,,,,,,,,,,,,,,,,,,,,,,,,,,,,,,,,,,,,,,,,,,,,,,,,,,,,,,,,,,,,,,,,,,,,,,,,,,,,,,,,,,,,,,,,,,,,,,,,,,,,,,,,,,,,,,,,,,,,,,,,,,,,,,,,,,,,,,,,,,,,,,,,,,,,,,,,,,,,,,,,,,,,,,,,,,,,,,,,,,,,,,,,,,,,,,,,,,,,,,,,,,,,,,,,,,,,,,,,,,,,,,,,,,,,,,,,,,,,,,,,,,,,,,,,,,,,,,,,,,,,,,,,,,,,,,,,,,,,,,,,,,,,,,,,,,,,,,,,,,,,,,,,,,,,,,,,,,,,,,,,,,,,,,,,,,,,,,,,,,,,,,,,,,,,,,,,,,,,,,,,,,,,,,,,,,,,,,,,,,,,,,,,,,,,,,,,,,,,,,,,,,,,,,,,,,,,,,,,,,,,,,,,,,,,,,,,,,,,,,,,,,,,,,,,,,,,,,,,,,,,,,,,,,,,,,,,,,,,,,,,,,,,,,,,,,,,,,,,,,,,,,,,,,,,,,,,,,,,,,,,,,,,,,,,,,,,,,,,,,,,,,,,,,,,,,,,,,,,,,,,,,,,,,,,,,,,,,,,,,,,,,,,,,,,,,,,,,,,,,,,,,,,,,,,,,,,,,,,,,,,,,,,,,
2026031803,,,,,,,,,,,,,,,,,,,,,,,,,,,,,,,,,0.762,,,,,,,,,,,,,,,,,,,,,,,,,,,,,,,,,,,,,,,,,,,,,,,,,,,,,,,,,,,,,,,,,,,,,,,,,,,,,,,,,,,,,,,,,,,,,,,,,,,,,,,,,,,,,,,,,,,,,,,,,,,,,,,,,,273.08,,,,,,,,,,,,,,,,,,,,,,,,,,,,,,,,,,,,,,,,,,,,,,,,,,,,,,,,,,,,,,,,,,,,,,,,,,,,,,,,,,,,,,,,,,,1.0,2.0,,,,,,,,,,,26.0,29.0,25.0,38.0,40.0,44.0,44.0,1.0,0.0,0.0,0.0,0.0,36.8,,274.04,3.01,,6.0,3.0,,,,,,,,,,,,,,,,,,,,,,,,,,,,,,,,,,,,,,,,,,,,,,,,,,,,,,9.999e+20,,,,,,,,,,,,,,,,,,,,,,,,,,,,,7.1,2.8,3.6,4.0,4.4,4.4,4.8,5.27767,5.32885,5.48935,3.2,5.92777,6.44976,7.00253,7.52041,7.58909,8.07733,9.32405,10.4203,11.7887,13.314,16.0559,7.05294,3.22,11.0,3.0,1.0,0.0,0.0,0.0,0.0,21.0,,9.999e+20,9.999e+20,9.999e+20,9.999e+20,9.999e+20,,,,,,,,,,,,,,,,,,,,,,,,,,,,,,,,,,,,,,,,,,,,,,,,,,,,,,,,,,,,,,,,,,,,,,,,,,,,,,,,,,,,,,,,,,,,,,,,,,,,,,,,,,,,,,,,,,,,,,,,,,,,0.0,,94.0,0.0,0.0,0.0,,80.0,,,,,,,,,,,,,,,,,,,,,,,,,,,,,,,,,,,,,,,,,,,,,,,,,,,,,,,,,,,,,1.7,0.3,0.7,0.2,1.4,2.6,3.3,4.2,2416.0,1912.0,2128.0,1824.0,2376.0,2720.0,2984.0,3088.0,,,79.0,14.0,,,,,,,276.96,3.01,,,,,,,,,,,,,,,,,,,,,,,,,,,,,,,,,,,,,,,,,,,,,,,,,,,,,,,,,,,,,9.999e+20,230.0,4.8,200.0,4.8,,,,,,0.0,,,,,,,689.0,230.0,230.0,230.0,,275.7,,,,,,,,,,,,,,,,,,,,,,,,,,,,,4.8,1.6,2.4,2.4,2.8,2.8,3.2,3.6,3.6,4.0,2.0,4.4,4.8,5.2,5.2,5.6,6.0,6.8,8.0,8.8,10.0,12.3049,4.81439,2.62,4.0,0.0,0.0,0.0,61.0,0.0,29.0,11.0,5.6,6.4,
2026031804,,,,,,,,,,,,,,,,,,,,,,,,,,,,,,,,,0.762,,,,,,,,,,,,,,,,,,,,,,,,,,,,,,,,,,,,,,,,,,,,,,,,,,,,,,,,,,,,,,,,,,,,,,,,,,,,,,,,,,,,,,,,,,,,,,,,,,,,,,,,,,,,,,,,,,,,,,,,,,,,,,,,,,,,,,,,,,,,,,,,,,,,,,,,,,,,,,,,,,,,,,,,,,,,,,,,,,,,,,,,,,,,,,,,,,,,,,,,,,,,,,,,,,,,,,,,,,,,,,,,,,,,,,,,,,,,,,,,,,,,,,,,,,,,,,,,,,,,,,,,,,,,,,,,,,,,,,,,,,,,,,,,,,,,,,,,,,,,,,,,,,,,,,,,,,,,,,,,,,,,,,,,,,,,,,,,,,,,,,,,,,,,,,,,,,,,,,,,,,,,,,,,,,,,,,,,,,,,,,,,,,,,,,,,,,,,,,,,,,,,,,,,,,,,,,,,,,,,,,,,,,,,,,,,,,,,,,,,,,,,,,,,,,,,,,,,,,,,,,,,,,,,,,,,,,,,,,,,,,,,,,,,,,,,,,,,,,,,,,,,,,,,,,,,,,,,,,,,,,,,,,,,,,,,,,,,,,,,,,,,,,,,,,,,,,,,,,,,,,,,,,,,,,,,,,,,,,,,,,,,,,,,,,,,,,,,,,,,,,,,,,,,,,,,,,,,,,,,,,,,,,,,,,,,,,,,,,,,,,,,,,,,,,,,,,,,,,,,,,,,,,,,,,,,,,,,,,,,,,,,,,,,,,,,,,,,,,,,,,,,,,,,,,,,,,,,,,,,,,,,,,,,,,,,,,,,
2026031805,,,,,,,,,,,,,,,,,,,,,,,,,,,,,,,,,0.762,,,,,,,,,,,,,,,,,,,,,,,,,,,,,,,,,,,,,,,,,,,,,,,,,,,,,,,,,,,,,,,,,,,,,,,,,,,,,,,,,,,,,,,,,,,,,,,,,,,,,,,,,,,,,,,,,,,,,,,,,,,,,,,,,,,,,,,,,,,,,,,,,,,,,,,,,,,,,,,,,,,,,,,,,,,,,,,,,,,,,,,,,,,,,,,,,,,,,,,,,,,,,,,,,,,,,,,,,,,,,,,,,,,,,,,,,,,,,,,,,,,,,,,,,,,,,,,,,,,,,,,,,,,,,,,,,,,,,,,,,,,,,,,,,,,,,,,,,,,,,,,,,,,,,,,,,,,,,,,,,,,,,,,,,,,,,,,,,,,,,,,,,,,,,,,,,,,,,,,,,,,,,,,,,,,,,,,,,,,,,,,,,,,,,,,,,,,,,,,,,,,,,,,,,,,,,,,,,,,,,,,,,,,,,,,,,,,,,,,,,,,,,,,,,,,,,,,,,,,,,,,,,,,,,,,,,,,,,,,,,,,,,,,,,,,,,,,,,,,,,,,,,,,,,,,,,,,,,,,,,,,,,,,,,,,,,,,,,,,,,,,,,,,,,,,,,,,,,,,,,,,,,,,,,,,,,,,,,,,,,,,,,,,,,,,,,,,,,,,,,,,,,,,,,,,,,,,,,,,,,,,,,,,,,,,,,,,,,,,,,,,,,,,,,,,,,,,,,,,,,,,,,,,,,,,,,,,,,,,,,,,,,,,,,,,,,,,,,,,,,,,,,,,,,,,,,,,,,,,,,,,,,,,,,,,,,,,,
2026031806,10.13,0.0,0.808,1.927,2.806,3.893,4.864,5.787,6.755,7.762,0.0,8.682,9.762,10.643,11.795,12.995,14.285,15.684,17.752,20.396,26.732,36.776,92.0,0.0,31.0,0.0,12.0,81.0,6.0,0.0,62.0,0.0,1.016,,,,,,,,,,,,,,,,,,,,,,,,,,,,,,,,,,,,,,,,,,,,,,,,,,,,,,,,,,,,,,,,,,6.604,0.0,0.001,0.42,0.988,1.539,1.955,2.477,3.111,3.715,0.0,4.299,4.935,5.746,6.605,7.546,8.495,9.3,10.478,12.274,15.069,20.487,87.0,9.0,2.0,65.0,0.0,0.0,0.0,36.0,0.0,0.0,,,,,,,,,,,,,,,,,,,,,,,,,,,,,,,,,272.96,,,,,,,,,,,,,,,,,,,0.0,,,,,,,,,,,,,,,,,,0.0,,,,,,,,,,,,,,,,,,0.0,0.0,0.0,0.0,0.0,0.0,0.0,0.0,0.0,0.0,0.0,0.0,0.0,0.0,0.0,0.0,0.0,0.0,0.036,,,,,,,,,,,,,,,,,,1.0,2.0,,,,,,,,,,,26.0,29.0,26.0,37.0,40.0,41.0,41.0,0.0,0.0,0.0,0.0,0.0,34.9,,272.43,3.43,,3.0,3.0,,0.0,,,,,,,,,,,,,,,,,,,,,,,,,0.0,0.0,0.0,0.0,0.0,0.0,0.0,0.0,0.0,0.0,0.0,0.0,0.0,0.0,,,,,,,,,,,,,14.2,9.999e+20,12.6928,6.01514,7.61824,8.34749,9.02057,9.26551,10.3626,11.2452,11.7403,11.8592,6.71701,12.331,12.8611,13.0478,13.6019,14.5111,15.1252,15.5526,16.5041,18.3971,19.8927,22.2677,62.0,13.0,3.0,0.0,0.0,0.0,7.3,2.8,3.6,4.0,4.4,5.2,5.2,5.64334,6.07753,6.11262,3.2,6.57807,7.03026,7.52526,8.04755,8.48129,8.99631,9.84911,11.2006,11.4678,13.3159,15.758,7.30266,3.2,12.0,1.0,0.0,0.0,0.0,0.0,0.0,27.0,2.0,9.999e+20,9.999e+20,9.999e+20,9.999e+20,9.999e+20,,,,,,,,,,,,,,,,,,,,,,,,,,,,,,,,,,,,,,,,,,,,,,,,,,,,,,,,,,,,,,,,,,,,,,,,,,,,,,,,,,,,,,,,,,,,,,,,,,,,,,,,,,,,,,,,,,,,,,,,,,,72.0,0.0,,90.0,0.0,0.0,0.0,,72.0,,,,,,,,,,,,,,,,,,,,,,,,,,,,,,,,,,,,,,,,,,,,,,,,,,,,,,,,,,,,,1.6,0.2,0.7,0.1,1.3,2.4,3.3,3.8,2408.0,1912.0,2168.0,1744.0,2408.0,2688.0,2920.0,2992.0,,,81.0,16.0,,,,,,2.6091,277.07,3.43,280.923,277.152,278.059,278.259,278.704,278.867,279.448,279.683,279.854,279.947,277.398,280.146,280.747,280.821,281.398,281.648,281.914,282.915,283.321,284.378,286.867,289.745,0.0,0.0,0.0,0.0,0.0,0.0,0.0,0.0,,,,,,,,,,,,,,,,,,,,,,,,,,,,,,,9.999e+20,220.0,5.2,200.0,5.4,,0.0,,,0.0,0.0,,,,,,,719.0,220.0,220.0,220.0,,275.7,9.66203,4.0,5.2,5.6,5.81817,6.71467,8.01716,8.882,9.01584,9.53068,4.4,10.0084,10.1091,10.6085,11.0808,11.4975,11.5423,12.4224,13.2751,15.3906,16.7186,19.9852,31.0,4.0,0.0,0.0,83.0,65.0,5.2,2.0,2.4,2.8,3.2,3.6,3.6,4.0,4.4,4.4,2.0,4.8,5.2,5.2,6.0,6.4,6.8,7.6,8.4,8.8,10.0,12.2336,5.20955,2.52,3.0,0.0,0.0,0.0,72.0,0.0,38.0,11.0,6.0,6.8,
2026031807,,,,,,,,,,,,,,,,,,,,,,,,,,,,,,,,,1.016,,,,,,,,,,,,,,,,,,,,,,,,,,,,,,,,,,,,,,,,,,,,,,,,,,,,,,,,,,,,,,,,,,,,,,,,,,,,,,,,,,,,,,,,,,,,,,,,,,,,,,,,,,,,,,,,,,,,,,,,,,,,,,,,,,,,,,,,,,,,,,,,,,,,,,,,,,,,,,,,,,,,,,,,,,,,,,,,,,,,,,,,,,,,,,,,,,,,,,,,,,,,,,,,,,,,,,,,,,,,,,,,,,,,,,,,,,,,,,,,,,,,,,,,,,,,,,,,,,,,,,,,,,,,,,,,,,,,,,,,,,,,,,,,,,,,,,,,,,,,,,,,,,,,,,,,,,,,,,,,,,,,,,,,,,,,,,,,,,,,,,,,,,,,,,,,,,,,,,,,,,,,,,,,,,,,,,,,,,,,,,,,,,,,,,,,,,,,,,,,,,,,,,,,,,,,,,,,,,,,,,,,,,,,,,,,,,,,,,,,,,,,,,,,,,,,,,,,,,,,,,,,,,,,,,,,,,,,,,,,,,,,,,,,,,,,,,,,,,,,,,,,,,,,,,,,,,,,,,,,,,,,,,,,,,,,,,,,,,,,,,,,,,,,,,,,,,,,,,,,,,,,,,,,,,,,,,,,,,,,,,,,,,,,,,,,,,,,,,,,,,,,,,,,,,,,,,,,,,,,,,,,,,,,,,,,,,,,,,,,,,,,,,,,,,,,,,,,,,,,,,,,,,,,,,,,,,,,,,,,,,,,,,,,,,,,,,,,,,,,,,,,,,,,,,,,,,,,,,,,,,,,,,,,,,,,,,,,
2026031808,,,,,,,,,,,,,,,,,,,,,,,,,,,,,,,,,0.762,,,,,,,,,,,,,,,,,,,,,,,,,,,,,,,,,,,,,,,,,,,,,,,,,,,,,,,,,,,,,,,,,,,,,,,,,,,,,,,,,,,,,,,,,,,,,,,,,,,,,,,,,,,,,,,,,,,,,,,,,,,,,,,,,,,,,,,,,,,,,,,,,,,,,,,,,,,,,,,,,,,,,,,,,,,,,,,,,,,,,,,,,,,,,,,,,,,,,,,,,,,,,,,,,,,,,,,,,,,,,,,,,,,,,,,,,,,,,,,,,,,,,,,,,,,,,,,,,,,,,,,,,,,,,,,,,,,,,,,,,,,,,,,,,,,,,,,,,,,,,,,,,,,,,,,,,,,,,,,,,,,,,,,,,,,,,,,,,,,,,,,,,,,,,,,,,,,,,,,,,,,,,,,,,,,,,,,,,,,,,,,,,,,,,,,,,,,,,,,,,,,,,,,,,,,,,,,,,,,,,,,,,,,,,,,,,,,,,,,,,,,,,,,,,,,,,,,,,,,,,,,,,,,,,,,,,,,,,,,,,,,,,,,,,,,,,,,,,,,,,,,,,,,,,,,,,,,,,,,,,,,,,,,,,,,,,,,,,,,,,,,,,,,,,,,,,,,,,,,,,,,,,,,,,,,,,,,,,,,,,,,,,,,,,,,,,,,,,,,,,,,,,,,,,,,,,,,,,,,,,,,,,,,,,,,,,,,,,,,,,,,,,,,,,,,,,,,,,,,,,,,,,,,,,,,,,,,,,,,,,,,,,,,,,,,,,,,,,,,,,,,,,,,,,,,,,,,,,,,,,,,,,,,,,,,,,,,,
2026031809,,,,,,,,,,,,,,,,,,,,,,,,,,,,,,,,,0.762,,,,,,,,,,,,,,,,,,,,,,,,,,,,,,,,,,,,,,,,,,,,,,,,,,,,,,,,,,,,,,,,,,,,,,,,,,,,,,,,,,,,,,,,,,,,,,,,,,,,,,,,,,,,,,,,,,,,,,,,,,,,,,,,,,272.77,,,,,,,,,,,,,,,,,,,,,,,,,,,,,,,,,,,,,,,,,,,,,,,,,,,,,,,,,,,,,,,,,,,,,,,,,,,,,,,,,,,,,,,,,,,3.0,3.0,,,,,,,,,,,25.0,31.0,25.0,33.0,37.0,40.0,40.0,0.0,0.0,0.0,0.0,0.0,34.0,,271.88,3.29,,0.0,3.0,,,,,,,,,,,,,,,,,,,,,,,,,,,,,,,,,,,,,,,,,,,,,,,,,,,,,,9.999e+20,,,,,,,,,,,,,,,,,,,,,,,,,,,,,7.9,2.8,4.0,4.0,4.4,5.2,5.2,5.6,6.4,6.82068,3.6,7.25259,7.74924,8.23241,9.10554,9.57934,10.0277,10.5436,11.0469,11.9594,13.0306,16.1437,7.48924,3.2,13.0,1.0,0.0,0.0,0.0,0.0,0.0,37.0,,9.999e+20,9.999e+20,9.999e+20,9.999e+20,9.999e+20,,,,,,,,,,,,,,,,,,,,,,,,,,,,,,,,,,,,,,,,,,,,,,,,,,,,,,,,,,,,,,,,,,,,,,,,,,,,,,,,,,,,,,,,,,,,,,,,,,,,,,,,,,,,,,,,,,,,,,,,,,,,0.0,,91.6,0.0,1.2,0.0,,69.0,,,,,,,,,,,,,,,,,,,,,,,,,,,,,,,,,,,,,,,,,,,,,,,,,,,,,,,,,,,,,1.6,0.4,0.8,0.2,1.3,2.1,3.1,4.0,2416.0,2040.0,2208.0,1840.0,2440.0,2648.0,2864.0,2920.0,,,79.0,11.0,,,,,,,277.31,3.29,,,,,,,,,,,,,,,,,,,,,,,,,,,,,,,,,,,,,,,,,,,,,,,,,,,,,,,,,,,,,9.999e+20,220.0,5.6,200.0,5.9,,,,,,1.0,,,,,,,767.0,220.0,220.0,220.0,,275.4,,,,,,,,,,,,,,,,,,,,,,,,,,,,,5.6,2.0,2.4,2.8,3.2,3.6,4.0,4.4,4.4,5.2,2.4,5.6,6.0,6.4,6.8,7.2,7.6,8.0,8.4,9.2,10.4,12.5293,5.60626,2.6,3.0,0.0,0.0,0.0,74.0,0.0,45.0,13.0,6.4,7.2,
2026031810,,,,,,,,,,,,,,,,,,,,,,,,,,,,,,,,,0.762,,,,,,,,,,,,,,,,,,,,,,,,,,,,,,,,,,,,,,,,,,,,,,,,,,,,,,,,,,,,,,,,,,,,,,,,,,,,,,,,,,,,,,,,,,,,,,,,,,,,,,,,,,,,,,,,,,,,,,,,,,,,,,,,,,,,,,,,,,,,,,,,,,,,,,,,,,,,,,,,,,,,,,,,,,,,,,,,,,,,,,,,,,,,,,,,,,,,,,,,,,,,,,,,,,,,,,,,,,,,,,,,,,,,,,,,,,,,,,,,,,,,,,,,,,,,,,,,,,,,,,,,,,,,,,,,,,,,,,,,,,,,,,,,,,,,,,,,,,,,,,,,,,,,,,,,,,,,,,,,,,,,,,,,,,,,,,,,,,,,,,,,,,,,,,,,,,,,,,,,,,,,,,,,,,,,,,,,,,,,,,,,,,,,,,,,,,,,,,,,,,,,,,,,,,,,,,,,,,,,,,,,,,,,,,,,,,,,,,,,,,,,,,,,,,,,,,,,,,,,,,,,,,,,,,,,,,,,,,,,,,,,,,,,,,,,,,,,,,,,,,,,,,,,,,,,,,,,,,,,,,,,,,,,,,,,,,,,,,,,,,,,,,,,,,,,,,,,,,,,,,,,,,,,,,,,,,,,,,,,,,,,,,,,,,,,,,,,,,,,,,,,,,,,,,,,,,,,,,,,,,,,,,,,,,,,,,,,,,,,,,,,,,,,,,,,,,,,,,,,,,,,,,,,,,,,,,,,,,,,,,,,,,,,,,,,,,,,,,,,,,,,,,,,,,,,,,,,,,,,,,,,,,,,,,,,,,,,
2026031811,,,,,,,,,,,,,,,,,,,,,,,,,,,,,,,,,1.016,,,,,,,,,,,,,,,,,,,,,,,,,,,,,,,,,,,,,,,,,,,,,,,,,,,,,,,,,,,,,,,,,,,,,,,,,,,,,,,,,,,,,,,,,,,,,,,,,,,,,,,,,,,,,,,,,,,,,,,,,,,,,,,,,,,,,,,,,,,,,,,,,,,,,,,,,,,,,,,,,,,,,,,,,,,,,,,,,,,,,,,,,,,,,,,,,,,,,,,,,,,,,,,,,,,,,,,,,,,,,,,,,,,,,,,,,,,,,,,,,,,,,,,,,,,,,,,,,,,,,,,,,,,,,,,,,,,,,,,,,,,,,,,,,,,,,,,,,,,,,,,,,,,,,,,,,,,,,,,,,,,,,,,,,,,,,,,,,,,,,,,,,,,,,,,,,,,,,,,,,,,,,,,,,,,,,,,,,,,,,,,,,,,,,,,,,,,,,,,,,,,,,,,,,,,,,,,,,,,,,,,,,,,,,,,,,,,,,,,,,,,,,,,,,,,,,,,,,,,,,,,,,,,,,,,,,,,,,,,,,,,,,,,,,,,,,,,,,,,,,,,,,,,,,,,,,,,,,,,,,,,,,,,,,,,,,,,,,,,,,,,,,,,,,,,,,,,,,,,,,,,,,,,,,,,,,,,,,,,,,,,,,,,,,,,,,,,,,,,,,,,,,,,,,,,,,,,,,,,,,,,,,,,,,,,,,,,,,,,,,,,,,,,,,,,,,,,,,,,,,,,,,,,,,,,,,,,,,,,,,,,,,,,,,,,,,,,,,,,,,,,,,,,,,,,,,,,,,,,,,,,,,,,,,,,,,,,,
2026031812,10.873,0.0,0.663,1.963,3.134,4.375,5.503,6.677,7.905,8.98,0.0,9.986,11.022,11.876,13.105,14.301,15.777,17.219,19.3,22.201,26.124,33.352,92.0,0.0,37.0,0.0,16.0,82.0,6.0,0.0,66.0,0.0,1.27,,25.115,0.0,6.051,8.782,11.062,13.23,15.229,17.632,19.542,21.366,0.896,23.211,25.191,27.291,29.499,31.968,34.739,38.387,41.737,46.933,53.67,69.477,95.0,0.0,76.0,0.0,0.0,0.0,45.0,7.0,90.0,0.0,41.948,2.385,12.856,16.688,20.774,23.44,26.02,28.902,31.801,34.669,8.341,37.562,41.056,44.488,47.922,51.037,55.382,60.39,66.677,77.922,91.258,116.946,90.0,1.0,99.0,0.0,72.0,0.0,0.0,0.0,30.0,11.0,8.89,0.0,0.0,0.232,0.807,1.484,2.239,2.837,3.532,4.249,0.0,4.944,5.696,6.312,7.064,7.857,8.817,9.774,10.741,12.395,14.184,19.681,85.0,9.0,1.0,68.0,0.0,0.0,0.0,40.0,0.0,0.0,46.649,5.478,18.169,21.86,25.091,27.895,30.853,33.858,36.972,39.63,13.457,42.976,47.059,49.713,52.853,56.745,60.336,65.447,70.938,77.572,94.885,127.195,1.0,0.0,80.0,0.0,0.0,39.0,0.0,99.0,0.0,11.0,272.77,,,,,,,,,,,,,,,,,,,0.0,0.0,0.0,0.0,0.0,0.0,0.0,0.0,0.0,0.0,0.0,0.0,0.0,0.0,0.0,0.0,0.0,0.0,0.0,0.0,0.0,0.0,0.0,0.0,0.0,0.0,0.0,0.0,0.0,0.0,0.0,0.0,0.0,0.0,0.0,0.0,0.0,0.0,0.0,0.0,0.0,0.0,0.0,0.0,0.0,0.0,0.0,0.0,0.0,0.0,0.0,0.0,0.0,0.0,0.036,0.013,0.02,0.008,0.033,0.046,0.058,0.064,52.0,1.0,0.0,0.0,0.0,0.0,0.0,0.0,0.0,0.0,2.0,3.0,,,,,,,,,,,25.0,30.0,25.0,32.0,34.0,38.0,38.0,0.0,0.0,0.0,0.0,0.0,32.7,,272.39,3.12,,0.0,0.0,,0.0,0.0,0.0,0.0,0.0,0.0,0.0,0.0,0.0,0.0,0.0,0.0,0.0,0.0,0.0,0.0,0.0,0.0,0.0,0.0,0.0,0.0,0.0,0.0,0.0,0.0,0.0,0.0,0.0,0.0,0.0,0.0,0.0,0.0,0.0,0.0,0.0,0.0,0.0,0.0,0.0,0.0,0.0,0.0,0.0,0.0,0.0,0.0,0.0,0.0,0.0,17.2,9.999e+20,,,,,,,,,,,,,,,,,,,,,,,,,,,,,8.1,2.0,4.0,4.4,4.8,5.2,5.6,5.6,6.0,6.8,3.6,7.2,7.6,8.0,8.82122,10.0639,10.513,10.9613,11.8213,12.686,14.7902,16.5725,8.0785,3.62,18.0,4.0,0.0,0.0,0.0,0.0,0.0,36.0,2.0,9.999e+20,9.999e+20,9.999e+20,9.999e+20,9.999e+20,,,,,,,,,,,,,,,,,,,,,,,,,,,,,,,,,,,,,,,,,,,,,,,,,,,,,,,,,,,,,,,,,,,,,,,,,,,,,,,,,,,,,,,,,,,,,,,,,,,,,,,,,,,,,,,,,,,,,,,,,,,,0.0,8.0,91.6,0.0,1.2,0.0,,72.0,,,,,,,,,,,,,,,,,,,,,,,,,,,,,,,,,,,,,,,,,,,,,,,,,,,,,,,,,,,,,1.8,0.4,0.9,0.2,1.5,2.5,3.0,4.0,2416.0,1936.0,2240.0,1864.0,2408.0,2656.0,2824.0,2944.0,,,78.0,17.0,,,,276.44,2.95,,276.96,3.12,,,,,,,,,,,,,,,,,,,,,,,,,,,,,,,,,,,,,,,,,,,,,,,,,,,,,,,,,,,,,9.999e+20,210.0,6.0,200.0,5.8,0.0,0.0,,,0.0,3.0,,,,,,,765.0,210.0,210.0,210.0,,275.3,,,,,,,,,,,,,,,,,,,,,,,,,,,,,6.0,1.2,2.4,3.2,3.2,3.6,3.6,4.0,4.4,4.8,2.4,5.2,5.6,6.4,6.4,7.2,8.0,8.4,8.8,9.6,11.2,13.2,6.0,2.92,6.0,0.0,0.0,0.0,72.0,0.0,46.0,15.0,6.8,7.6,
2026031813,,,,,,,,,,,,,,,,,,,,,,,,,,,,,,,,,1.016,,,,,,,,,,,,,,,,,,,,,,,,,,,,,,,,,,,,,,,,,,,,,,,,,,,,,,,,,,,,,,,,,,,,,,,,,,,,,,,,,,,,,,,,,,,,,,,,,,,,,,,,,,,,,,,,,,,,,,,,,,,,,,,,,,,,,,,,,,,,,,,,,,,,,,,,,,,,,,,,,,,,,,,,,,,,,,,,,,,,,,,,,,,,,,,,,,,,,,,,,,,,,,,,,,,,,,,,,,,,,,,,,,,,,,,,,,,,,,,,,,,,,,,,,,,,,,,,,,,,,,,,,,,,,,,,,,,,,,,,,,,,,,,,,,,,,,,,,,,,,,,,,,,,,,,,,,,,,,,,,,,,,,,,,,,,,,,,,,,,,,,,,,,,,,,,,,,,,,,,,,,,,,,,,,,,,,,,,,,,,,,,,,,,,,,,,,,,,,,,,,,,,,,,,,,,,,,,,,,,,,,,,,,,,,,,,,,,,,,,,,,,,,,,,,,,,,,,,,,,,,,,,,,,,,,,,,,,,,,,,,,,,,,,,,,,,,,,,,,,,,,,,,,,,,,,,,,,,,,,,,,,,,,,,,,,,,,,,,,,,,,,,,,,,,,,,,,,,,,,,,,,,,,,,,,,,,,,,,,,,,,,,,,,,,,,,,,,,,,,,,,,,,,,,,,,,,,,,,,,,,,,,,,,,,,,,,,,,,,,,,,,,,,,,,,,,,,,,,,,,,,,,,,,,,,,,,,,,,,,,,,,,,,,,,,,,,,,,,,,,,,,,,,,,,,,,,,,,,,,,,,,,,,,,,,,,,,,
2026031814,,,,,,,,,,,,,,,,,,,,,,,,,,,,,,,,,1.016,,,,,,,,,,,,,,,,,,,,,,,,,,,,,,,,,,,,,,,,,,,,,,,,,,,,,,,,,,,,,,,,,,,,,,,,,,,,,,,,,,,,,,,,,,,,,,,,,,,,,,,,,,,,,,,,,,,,,,,,,,,,,,,,,,,,,,,,,,,,,,,,,,,,,,,,,,,,,,,,,,,,,,,,,,,,,,,,,,,,,,,,,,,,,,,,,,,,,,,,,,,,,,,,,,,,,,,,,,,,,,,,,,,,,,,,,,,,,,,,,,,,,,,,,,,,,,,,,,,,,,,,,,,,,,,,,,,,,,,,,,,,,,,,,,,,,,,,,,,,,,,,,,,,,,,,,,,,,,,,,,,,,,,,,,,,,,,,,,,,,,,,,,,,,,,,,,,,,,,,,,,,,,,,,,,,,,,,,,,,,,,,,,,,,,,,,,,,,,,,,,,,,,,,,,,,,,,,,,,,,,,,,,,,,,,,,,,,,,,,,,,,,,,,,,,,,,,,,,,,,,,,,,,,,,,,,,,,,,,,,,,,,,,,,,,,,,,,,,,,,,,,,,,,,,,,,,,,,,,,,,,,,,,,,,,,,,,,,,,,,,,,,,,,,,,,,,,,,,,,,,,,,,,,,,,,,,,,,,,,,,,,,,,,,,,,,,,,,,,,,,,,,,,,,,,,,,,,,,,,,,,,,,,,,,,,,,,,,,,,,,,,,,,,,,,,,,,,,,,,,,,,,,,,,,,,,,,,,,,,,,,,,,,,,,,,,,,,,,,,,,,,,,,,,,,,,,,,,,,,,,,,,,,,,,,,,,,,
2026031815,,,,,,,,,,,,,,,,,,,,,,,,,,,,,,,,,0.762,,,,,,,,,,,,,,,,,,,,,,,,,,,,,,,,,,,,,,,,,,,,,,,,,,,,,,,,,,,,,,,,,,,,,,,,,,,,,,,,,,,,,,,,,,,,,,,,,,,,,,,,,,,,,,,,,,,,,,,,,,,,,,,,,,272.98,,,,,,,,,,,,,,,,,,,,,,,,,,,,,,,,,,,,,,,,,,,,,,,,,,,,,,,,,,,,,,,,,,,,,,,,,,,,,,,,,,,,,,,,,,,2.0,3.0,,,,,,,,,,,25.0,27.0,25.0,30.0,35.0,38.0,38.0,0.0,0.0,0.0,0.0,0.0,31.3,,273.95,2.09,,0.0,3.0,,,,,,,,,,,,,,,,,,,,,,,,,,,,,,,,,,,,,,,,,,,,,,,,,,,,,,9.999e+20,,,,,,,,,,,,,,,,,,,,,,,,,,,,,7.3,2.8,3.2,4.0,4.4,4.4,4.8,5.6,6.0,6.4,3.2,6.8,7.6,8.0,8.04302,8.89651,9.73425,9.77205,11.0503,11.8914,14.8408,16.8889,7.29984,3.52,14.0,4.0,1.0,0.0,0.0,0.0,0.0,30.0,,9.999e+20,9.999e+20,9.999e+20,9.999e+20,9.999e+20,,,,,,,,,,,,,,,,,,,,,,,,,,,,,,,,,,,,,,,,,,,,,,,,,,,,,,,,,,,,,,,,,,,,,,,,,,,,,,,,,,,,,,,,,,,,,,,,,,,,,,,,,,,,,,,,,,,,,,,,,,,,0.0,,92.8,0.0,1.2,0.0,,79.0,,,,,,,,,,,,,,,,,,,,,,,,,,,,,,,,,,,,,,,,,,,,,,,,,,,,,,,,,,,,,2.0,0.7,1.1,0.4,1.7,2.6,3.8,4.2,2344.0,1936.0,2200.0,1752.0,2384.0,2552.0,2728.0,2808.0,,,82.0,16.0,,,,,,,277.16,2.11,,,,,,,,,,,,,,,,,,,,,,,,,,,,,,,,,,,,,,,,,,,,,,,,,,,,,,,,,,,,,9.999e+20,210.0,5.6,190.0,6.6,,,,,,3.0,,,,,,,1033.0,210.0,210.0,210.0,,275.8,,,,,,,,,,,,,,,,,,,,,,,,,,,,,5.6,0.8,2.0,2.4,3.2,3.2,3.6,4.0,4.4,4.8,2.0,5.2,5.6,6.0,6.0,6.8,7.2,7.6,8.4,9.6,11.6,13.6,5.60935,3.02,6.0,0.0,0.0,0.0,70.0,0.0,45.0,14.0,6.4,7.2,
2026031816,,,,,,,,,,,,,,,,,,,,,,,,,,,,,,,,,0.762,,,,,,,,,,,,,,,,,,,,,,,,,,,,,,,,,,,,,,,,,,,,,,,,,,,,,,,,,,,,,,,,,,,,,,,,,,,,,,,,,,,,,,,,,,,,,,,,,,,,,,,,,,,,,,,,,,,,,,,,,,,,,,,,,,,,,,,,,,,,,,,,,,,,,,,,,,,,,,,,,,,,,,,,,,,,,,,,,,,,,,,,,,,,,,,,,,,,,,,,,,,,,,,,,,,,,,,,,,,,,,,,,,,,,,,,,,,,,,,,,,,,,,,,,,,,,,,,,,,,,,,,,,,,,,,,,,,,,,,,,,,,,,,,,,,,,,,,,,,,,,,,,,,,,,,,,,,,,,,,,,,,,,,,,,,,,,,,,,,,,,,,,,,,,,,,,,,,,,,,,,,,,,,,,,,,,,,,,,,,,,,,,,,,,,,,,,,,,,,,,,,,,,,,,,,,,,,,,,,,,,,,,,,,,,,,,,,,,,,,,,,,,,,,,,,,,,,,,,,,,,,,,,,,,,,,,,,,,,,,,,,,,,,,,,,,,,,,,,,,,,,,,,,,,,,,,,,,,,,,,,,,,,,,,,,,,,,,,,,,,,,,,,,,,,,,,,,,,,,,,,,,,,,,,,,,,,,,,,,,,,,,,,,,,,,,,,,,,,,,,,,,,,,,,,,,,,,,,,,,,,,,,,,,,,,,,,,,,,,,,,,,,,,,,,,,,,,,,,,,,,,,,,,,,,,,,,,,,,,,,,,,,,,,,,,,,,,,,,,,,,,,,,,,,,,,,,,,,,,,,,,,,,,,,,,,,,,,
2026031817,,,,,,,,,,,,,,,,,,,,,,,,,,,,,,,,,1.016,,,,,,,,,,,,,,,,,,,,,,,,,,,,,,,,,,,,,,,,,,,,,,,,,,,,,,,,,,,,,,,,,,,,,,,,,,,,,,,,,,,,,,,,,,,,,,,,,,,,,,,,,,,,,,,,,,,,,,,,,,,,,,,,,,,,,,,,,,,,,,,,,,,,,,,,,,,,,,,,,,,,,,,,,,,,,,,,,,,,,,,,,,,,,,,,,,,,,,,,,,,,,,,,,,,,,,,,,,,,,,,,,,,,,,,,,,,,,,,,,,,,,,,,,,,,,,,,,,,,,,,,,,,,,,,,,,,,,,,,,,,,,,,,,,,,,,,,,,,,,,,,,,,,,,,,,,,,,,,,,,,,,,,,,,,,,,,,,,,,,,,,,,,,,,,,,,,,,,,,,,,,,,,,,,,,,,,,,,,,,,,,,,,,,,,,,,,,,,,,,,,,,,,,,,,,,,,,,,,,,,,,,,,,,,,,,,,,,,,,,,,,,,,,,,,,,,,,,,,,,,,,,,,,,,,,,,,,,,,,,,,,,,,,,,,,,,,,,,,,,,,,,,,,,,,,,,,,,,,,,,,,,,,,,,,,,,,,,,,,,,,,,,,,,,,,,,,,,,,,,,,,,,,,,,,,,,,,,,,,,,,,,,,,,,,,,,,,,,,,,,,,,,,,,,,,,,,,,,,,,,,,,,,,,,,,,,,,,,,,,,,,,,,,,,,,,,,,,,,,,,,,,,,,,,,,,,,,,,,,,,,,,,,,,,,,,,,,,,,,,,,,,,,,,,,,,,,,,,,,,,,,,,,,,,,,,,,,
2026031818,10.92,0.0,0.552,1.974,3.083,4.351,5.831,7.017,8.164,9.147,0.0,10.362,11.477,12.524,13.569,14.751,15.855,17.083,18.798,20.777,24.665,33.562,91.0,0.0,39.0,0.0,14.0,83.0,4.0,0.0,68.0,0.0,0.762,,,,,,,,,,,,,,,,,,,,,,,,,,,,,,,,,,,,,,,,,,,,,,,,,,,,,,,,,,,,,,,,,,7.112,0.0,0.027,0.418,0.985,1.535,2.063,2.589,3.252,3.949,0.0,4.577,5.226,5.893,6.616,7.369,8.146,9.036,10.38,12.369,15.138,20.572,87.0,9.0,2.0,65.0,0.0,0.0,0.0,37.0,0.0,0.0,,,,,,,,,,,,,,,,,,,,,,,,,,,,,,,,,273.93,,,,,,,,,,,,,,,,,,,0.0,,,,,,,,,,,,,,,,,,0.0,,,,,,,,,,,,,,,,,,0.0,0.0,0.0,0.0,0.0,0.0,0.0,0.0,0.0,0.0,0.0,0.0,0.0,0.0,0.0,0.0,0.0,0.0,0.023,,,,,,,,,,,,,,,,,,3.0,5.0,,,,,,,,,,,23.0,28.0,23.0,30.0,36.0,37.0,37.0,0.0,0.0,0.0,0.0,0.0,31.8,,275.0,1.69,,9.0,3.0,,0.0,,,,,,,,,,,,,,,,,,,,,,,,,0.0,0.0,0.0,0.0,0.0,0.0,0.0,0.0,0.0,0.0,0.0,0.0,0.0,0.0,,,,,,,,,,,,,16.2,9.999e+20,,,,,,,,,,,,,,,,,,,,,,,,,,,,,7.3,1.6,3.2,3.6,4.0,4.4,4.8886,5.41172,5.44363,6.2941,2.8,6.73078,7.15675,8.05931,8.19797,8.70531,9.2209,9.73188,11.5176,12.4741,14.3915,18.0512,7.34103,3.8,16.0,2.0,2.0,1.0,0.0,0.0,0.0,28.0,2.0,9.999e+20,9.999e+20,9.999e+20,9.999e+20,9.999e+20,,,,,,,,,,,,,,,,,,,,,,,,,,,,,,,,,,,,,,,,,,,,,,,,,,,,,,,,,,,,,,,,,,,,,,,,,,,,,,,,,,,,,,,,,,,,,,,,,,,,,,,,,,,,,,,,,,,,,,,,,,81.0,,0.0,,92.8,0.0,1.2,0.0,,81.0,,,,,,,,,,,,,,,,,,,,,,,,,,,,,,,,,,,,,,,,,,,,,,,,,,,,,,,,,,,,,2.1,0.7,1.2,0.6,2.0,2.8,3.6,4.4,2288.0,1824.0,2080.0,1632.0,2344.0,2552.0,2728.0,2824.0,,,80.0,16.0,,,,,,1.4564,277.65,1.71,,,,,,,,,,,,,,,,,,,,,,,,,,,,,,,279.172,274.729,277.027,277.826,278.134,278.288,278.672,278.842,279.145,279.344,276.527,279.254,279.397,279.647,279.778,279.988,279.944,279.918,280.392,280.899,281.692,282.678,0.0,0.0,0.0,0.0,0.0,0.0,1.0,0.0,9.999e+20,210.0,5.2,200.0,7.2,,2.0,,,2.0,3.0,,,,,,,2242.0,210.0,210.0,210.0,,277.4,,,,,,,,,,,,,,,,,,,,,,,,,,,,,5.2,0.8,1.6,2.0,2.4,2.8,2.8,3.2,3.6,4.0,1.2,4.8,5.2,5.2,6.0,6.0,6.8,7.2,8.8,9.2,11.2,14.4,5.2063,3.2,5.0,1.0,0.0,0.0,62.0,0.0,36.0,14.0,6.0,6.4,
2026031819,,,,,,,,,,,,,,,,,,,,,,,,,,,,,,,,,0.762,,,,,,,,,,,,,,,,,,,,,,,,,,,,,,,,,,,,,,,,,,,,,,,,,,,,,,,,,,,,,,,,,,,,,,,,,,,,,,,,,,,,,,,,,,,,,,,,,,,,,,,,,,,,,,,,,,,,,,,,,,,,,,,,,,,,,,,,,,,,,,,,,,,,,,,,,,,,,,,,,,,,,,,,,,,,,,,,,,,,,,,,,,,,,,,,,,,,,,,,,,,,,,,,,,,,,,,,,,,,,,,,,,,,,,,,,,,,,,,,,,,,,,,,,,,,,,,,,,,,,,,,,,,,,,,,,,,,,,,,,,,,,,,,,,,,,,,,,,,,,,,,,,,,,,,,,,,,,,,,,,,,,,,,,,,,,,,,,,,,,,,,,,,,,,,,,,,,,,,,,,,,,,,,,,,,,,,,,,,,,,,,,,,,,,,,,,,,,,,,,,,,,,,,,,,,,,,,,,,,,,,,,,,,,,,,,,,,,,,,,,,,,,,,,,,,,,,,,,,,,,,,,,,,,,,,,,,,,,,,,,,,,,,,,,,,,,,,,,,,,,,,,,,,,,,,,,,,,,,,,,,,,,,,,,,,,,,,,,,,,,,,,,,,,,,,,,,,,,,,,,,,,,,,,,,,,,,,,,,,,,,,,,,,,,,,,,,,,,,,,,,,,,,,,,,,,,,,,,,,,,,,,,,,,,,,,,,,,,,,,,,,,,,,,,,,,,,,,,,,,,,,,,,,,,,,,,,,,,,,,,,,,,,,,,,,,,,,,,,,,,,,,,,,,,,,,,,,,,,,,,,,,,,,,,,,,,,,
2026031820,,,,,,,,,,,,,,,,,,,,,,,,,,,,,,,,,0.762,,,,,,,,,,,,,,,,,,,,,,,,,,,,,,,,,,,,,,,,,,,,,,,,,,,,,,,,,,,,,,,,,,,,,,,,,,,,,,,,,,,,,,,,,,,,,,,,,,,,,,,,,,,,,,,,,,,,,,,,,,,,,,,,,,,,,,,,,,,,,,,,,,,,,,,,,,,,,,,,,,,,,,,,,,,,,,,,,,,,,,,,,,,,,,,,,,,,,,,,,,,,,,,,,,,,,,,,,,,,,,,,,,,,,,,,,,,,,,,,,,,,,,,,,,,,,,,,,,,,,,,,,,,,,,,,,,,,,,,,,,,,,,,,,,,,,,,,,,,,,,,,,,,,,,,,,,,,,,,,,,,,,,,,,,,,,,,,,,,,,,,,,,,,,,,,,,,,,,,,,,,,,,,,,,,,,,,,,,,,,,,,,,,,,,,,,,,,,,,,,,,,,,,,,,,,,,,,,,,,,,,,,,,,,,,,,,,,,,,,,,,,,,,,,,,,,,,,,,,,,,,,,,,,,,,,,,,,,,,,,,,,,,,,,,,,,,,,,,,,,,,,,,,,,,,,,,,,,,,,,,,,,,,,,,,,,,,,,,,,,,,,,,,,,,,,,,,,,,,,,,,,,,,,,,,,,,,,,,,,,,,,,,,,,,,,,,,,,,,,,,,,,,,,,,,,,,,,,,,,,,,,,,,,,,,,,,,,,,,,,,,,,,,,,,,,,,,,,,,,,,,,,,,,,,,,,,,,,,,,,,,,,,,,,,,,,,,,,,,,,,,,,,,,,,,,,,,,,,,,,,,,,,,,,,,,,,,,
2026031821,,,,,,,,,,,,,,,,,,,,,,,,,,,,,,,,,0.762,,,,,,,,,,,,,,,,,,,,,,,,,,,,,,,,,,,,,,,,,,,,,,,,,,,,,,,,,,,,,,,,,,,,,,,,,,,,,,,,,,,,,,,,,,,,,,,,,,,,,,,,,,,,,,,,,,,,,,,,,,,,,,,,,,275.02,,,,,,,,,,,,,,,,,,,,,,,,,,,,,,,,,,,,,,,,,,,,,,,,,,,,,,,,,,,,,,,,,,,,,,,,,,,,,,,,,,,,,,,,,,,6.0,13.0,,,,,,,,,,,25.0,26.0,25.0,30.0,34.0,35.0,35.0,0.0,0.0,0.0,0.0,0.0,30.9,,276.03,1.7,,51.0,1.0,,,,,,,,,,,,,,,,,,,,,,,,,,,,,,,,,,,,,,,,,,,,,,,,,,,,,,9.999e+20,,,,,,,,,,,,,,,,,,,,,,,,,,,,,7.6,0.8,3.2,3.89879,4.49695,5.043,5.53729,5.7111,6.2391,6.80499,2.4,7.30035,7.4398,7.94274,8.53678,9.06832,9.579,10.0231,11.7925,12.6494,14.5069,18.5425,7.56752,3.9,16.0,4.0,4.0,0.0,0.0,0.0,0.0,33.0,,9.999e+20,9.999e+20,9.999e+20,9.999e+20,9.999e+20,,,,,,,,,,,,,,,,,,,,,,,,,,,,,,,,,,,,,,,,,,,,,,,,,,,,,,,,,,,,,,,,,,,,,,,,,,,,,,,,,,,,,,,,,,,,,,,,,,,,,,,,,,,,,,,,,,,,,,,,,,,,0.0,,82.0,0.0,4.8,0.0,,83.0,,,,,,,,,,,,,,,,,,,,,,,,,,,,,,,,,,,,,,,,,,,,,,,,,,,,,,,,,,,,,2.3,0.8,1.3,0.7,2.1,3.2,3.9,4.8,2248.0,1680.0,1976.0,1624.0,2248.0,2544.0,2704.0,2784.0,,,71.0,28.0,,,,,,,278.4,1.71,,,,,,,,,,,,,,,,,,,,,,,,,,,,,,,,,,,,,,,,,,,,,,,,,,,,,,,,,,,,,9.999e+20,220.0,5.1,200.0,7.0,,,,,,2.0,,,,,,,2828.0,220.0,220.0,220.0,,279.0,,,,,,,,,,,,,,,,,,,,,,,,,,,,,5.1,0.4,1.6,2.0,2.4,2.8,3.2,3.6,4.0,4.4,1.2,4.4,4.8,5.2,5.6,6.0,6.8,7.2,8.28184,8.91795,10.6453,13.7888,5.11837,3.12,4.0,0.0,0.0,0.0,62.0,0.0,32.0,11.0,5.9,6.4,
2026031822,,,,,,,,,,,,,,,,,,,,,,,,,,,,,,,,,0.762,,,,,,,,,,,,,,,,,,,,,,,,,,,,,,,,,,,,,,,,,,,,,,,,,,,,,,,,,,,,,,,,,,,,,,,,,,,,,,,,,,,,,,,,,,,,,,,,,,,,,,,,,,,,,,,,,,,,,,,,,,,,,,,,,,,,,,,,,,,,,,,,,,,,,,,,,,,,,,,,,,,,,,,,,,,,,,,,,,,,,,,,,,,,,,,,,,,,,,,,,,,,,,,,,,,,,,,,,,,,,,,,,,,,,,,,,,,,,,,,,,,,,,,,,,,,,,,,,,,,,,,,,,,,,,,,,,,,,,,,,,,,,,,,,,,,,,,,,,,,,,,,,,,,,,,,,,,,,,,,,,,,,,,,,,,,,,,,,,,,,,,,,,,,,,,,,,,,,,,,,,,,,,,,,,,,,,,,,,,,,,,,,,,,,,,,,,,,,,,,,,,,,,,,,,,,,,,,,,,,,,,,,,,,,,,,,,,,,,,,,,,,,,,,,,,,,,,,,,,,,,,,,,,,,,,,,,,,,,,,,,,,,,,,,,,,,,,,,,,,,,,,,,,,,,,,,,,,,,,,,,,,,,,,,,,,,,,,,,,,,,,,,,,,,,,,,,,,,,,,,,,,,,,,,,,,,,,,,,,,,,,,,,,,,,,,,,,,,,,,,,,,,,,,,,,,,,,,,,,,,,,,,,,,,,,,,,,,,,,,,,,,,,,,,,,,,,,,,,,,,,,,,,,,,,,,,,,,,,,,,,,,,,,,,,,,,,,,,,,,,,,,,,,,,,,,,,,,,,,,,,,,,,,,,,,,,,,,
2026031823,,,,,,,,,,,,,,,,,,,,,,,,,,,,,,,,,0.762,,,,,,,,,,,,,,,,,,,,,,,,,,,,,,,,,,,,,,,,,,,,,,,,,,,,,,,,,,,,,,,,,,,,,,,,,,,,,,,,,,,,,,,,,,,,,,,,,,,,,,,,,,,,,,,,,,,,,,,,,,,,,,,,,,,,,,,,,,,,,,,,,,,,,,,,,,,,,,,,,,,,,,,,,,,,,,,,,,,,,,,,,,,,,,,,,,,,,,,,,,,,,,,,,,,,,,,,,,,,,,,,,,,,,,,,,,,,,,,,,,,,,,,,,,,,,,,,,,,,,,,,,,,,,,,,,,,,,,,,,,,,,,,,,,,,,,,,,,,,,,,,,,,,,,,,,,,,,,,,,,,,,,,,,,,,,,,,,,,,,,,,,,,,,,,,,,,,,,,,,,,,,,,,,,,,,,,,,,,,,,,,,,,,,,,,,,,,,,,,,,,,,,,,,,,,,,,,,,,,,,,,,,,,,,,,,,,,,,,,,,,,,,,,,,,,,,,,,,,,,,,,,,,,,,,,,,,,,,,,,,,,,,,,,,,,,,,,,,,,,,,,,,,,,,,,,,,,,,,,,,,,,,,,,,,,,,,,,,,,,,,,,,,,,,,,,,,,,,,,,,,,,,,,,,,,,,,,,,,,,,,,,,,,,,,,,,,,,,,,,,,,,,,,,,,,,,,,,,,,,,,,,,,,,,,,,,,,,,,,,,,,,,,,,,,,,,,,,,,,,,,,,,,,,,,,,,,,,,,,,,,,,,,,,,,,,,,,,,,,,,,,,,,,,,,,,,,,,,,,,,,,,,,,,,,,,,,,
2026031900,9.134,0.0,1.181,2.142,3.06,3.983,4.757,5.58,6.413,7.257,0.019,8.005,8.768,9.624,10.706,11.82,13.051,14.23,15.931,18.209,22.083,30.638,94.0,0.0,26.0,0.0,9.0,83.0,3.0,0.0,60.0,0.0,0.762,,24.487,0.0,6.458,9.373,11.703,13.764,16.273,18.392,20.494,22.232,2.401,24.363,26.222,28.061,29.789,31.895,34.017,35.954,38.536,42.071,46.901,60.455,97.0,0.0,78.0,0.0,0.0,0.0,48.0,3.0,90.0,0.0,,,,,,,,,,,,,,,,,,,,,,,,,,,,,,,,,7.112,0.0,0.01,0.26,0.542,0.949,1.32,1.648,1.993,2.378,0.0,2.903,3.409,3.943,4.461,5.016,5.722,6.671,7.593,8.975,11.376,17.187,85.0,3.0,1.0,54.0,0.0,0.0,0.0,22.0,0.0,0.0,,,,,,,,,,,,,,,,,,,,,,,,,,,,,,,,,274.48,,,,,,,,,,,,,,,,,,,0.0,0.0,0.0,0.0,0.0,0.0,0.0,0.0,2.0,0.0,0.0,0.0,0.0,0.0,0.0,0.0,0.0,0.0,0.0,0.0,0.0,0.0,0.0,0.0,0.0,0.0,0.0,0.0,0.0,0.0,0.0,0.0,0.0,0.0,0.0,0.0,0.0,0.0,0.0,0.0,0.0,0.0,0.0,0.0,1.0,0.0,0.0,0.0,0.0,0.0,0.0,0.0,0.0,0.0,0.005,0.0,0.0,0.0,0.003,0.005,0.015,0.02,2.0,0.0,0.0,0.0,0.0,0.0,0.0,0.0,0.0,0.0,5.0,7.0,,,,,,,,,,,24.0,25.0,24.0,30.0,32.0,33.0,33.0,0.0,0.0,0.0,0.0,0.0,29.8,,275.68,1.25,,39.0,2.0,,0.0,0.0,0.0,0.0,0.0,0.0,0.0,0.0,0.0,0.0,0.0,0.0,0.0,0.0,0.0,0.0,0.0,0.0,0.0,0.0,0.0,0.0,0.0,0.0,0.0,0.0,0.0,0.0,0.0,0.0,0.0,0.0,0.0,0.0,0.0,0.0,0.0,0.0,0.0,0.0,0.0,0.0,0.0,0.0,0.0,0.0,0.0,0.0,0.0,0.0,0.0,10.2,9.999e+20,,,,,,,,,,,,,,,,,,,,,,,,,,,,,7.4,2.0,3.6,4.0,4.4,4.8,5.2,5.6,6.4344,6.62766,2.4,6.91254,7.48072,7.58033,8.48163,8.7343,8.87076,9.59689,10.2574,11.3046,14.4715,17.1038,7.38697,3.42,10.0,4.0,1.0,0.0,0.0,0.0,0.0,28.0,2.0,9.999e+20,9.999e+20,9.999e+20,9.999e+20,9.999e+20,,,,,,,,,,,,,,,,,,,,,,,,,,,,,,,,,,,,,,,,,,,,,,,,,,,,,,,,,,,,,,,,,,,,,,,,,,,,,,,,,,,,,,,,,,,,,,,,,,,,,,,,,,,,,,,,,,,,,,,,,,,,0.0,6.0,82.0,0.0,4.8,0.0,,84.0,,,,,,,,,,,,,,,,,,,,,,,,,,,,,,,,,,,,,,,,,,,,,,,,,,,,,,,,,,,,,2.5,0.7,1.3,0.6,2.4,3.6,4.8,5.8,2192.0,1560.0,1792.0,1400.0,2208.0,2512.0,2752.0,2880.0,,,81.0,16.0,,278.8,1.52,,,,277.9,1.37,,,,,,,,,,,,,,,,,,,,,,,,,,,,,,,,,,,,,,,,,,,,,,,,,,,,,,,,,,,,,9.999e+20,210.0,5.2,200.0,5.3,1.0,2.0,,,0.0,2.0,,,,,,,2235.0,210.0,210.0,210.0,,277.6,,,,,,,,,,,,,,,,,,,,,,,,,,,,,5.2,0.8,2.0,2.4,2.8,3.2,3.2,3.6,4.0,4.0,1.2,4.4,4.8,5.2,5.6,6.0,6.4,6.8,8.0,8.8,10.8,13.2,4.8061,2.82,5.0,0.0,0.0,0.0,61.0,0.0,35.0,10.0,5.6,6.4,
2026031901,,,,,,,,,,,,,,,,,,,,,,,,,,,,,,,,,0.762,,,,,,,,,,,,,,,,,,,,,,,,,,,,,,,,,,,,,,,,,,,,,,,,,,,,,,,,,,,,,,,,,,,,,,,,,,,,,,,,,,,,,,,,,,,,,,,,,,,,,,,,,,,,,,,,,,,,,,,,,,,,,,,,,,,,,,,,,,,,,,,,,,,,,,,,,,,,,,,,,,,,,,,,,,,,,,,,,,,,,,,,,,,,,,,,,,,,,,,,,,,,,,,,,,,,,,,,,,,,,,,,,,,,,,,,,,,,,,,,,,,,,,,,,,,,,,,,,,,,,,,,,,,,,,,,,,,,,,,,,,,,,,,,,,,,,,,,,,,,,,,,,,,,,,,,,,,,,,,,,,,,,,,,,,,,,,,,,,,,,,,,,,,,,,,,,,,,,,,,,,,,,,,,,,,,,,,,,,,,,,,,,,,,,,,,,,,,,,,,,,,,,,,,,,,,,,,,,,,,,,,,,,,,,,,,,,,,,,,,,,,,,,,,,,,,,,,,,,,,,,,,,,,,,,,,,,,,,,,,,,,,,,,,,,,,,,,,,,,,,,,,,,,,,,,,,,,,,,,,,,,,,,,,,,,,,,,,,,,,,,,,,,,,,,,,,,,,,,,,,,,,,,,,,,,,,,,,,,,,,,,,,,,,,,,,,,,,,,,,,,,,,,,,,,,,,,,,,,,,,,,,,,,,,,,,,,,,,,,,,,,,,,,,,,,,,,,,,,,,,,,,,,,,,,,,,,,,,,,,,,,,,,,,,,,,,,,,,,,,,,,,,,,,,,,,,,,,,,,,,,,,,,,,,,,,,,,,
2026031902,,,,,,,,,,,,,,,,,,,,,,,,,,,,,,,,,0.762,,,,,,,,,,,,,,,,,,,,,,,,,,,,,,,,,,,,,,,,,,,,,,,,,,,,,,,,,,,,,,,,,,,,,,,,,,,,,,,,,,,,,,,,,,,,,,,,,,,,,,,,,,,,,,,,,,,,,,,,,,,,,,,,,,,,,,,,,,,,,,,,,,,,,,,,,,,,,,,,,,,,,,,,,,,,,,,,,,,,,,,,,,,,,,,,,,,,,,,,,,,,,,,,,,,,,,,,,,,,,,,,,,,,,,,,,,,,,,,,,,,,,,,,,,,,,,,,,,,,,,,,,,,,,,,,,,,,,,,,,,,,,,,,,,,,,,,,,,,,,,,,,,,,,,,,,,,,,,,,,,,,,,,,,,,,,,,,,,,,,,,,,,,,,,,,,,,,,,,,,,,,,,,,,,,,,,,,,,,,,,,,,,,,,,,,,,,,,,,,,,,,,,,,,,,,,,,,,,,,,,,,,,,,,,,,,,,,,,,,,,,,,,,,,,,,,,,,,,,,,,,,,,,,,,,,,,,,,,,,,,,,,,,,,,,,,,,,,,,,,,,,,,,,,,,,,,,,,,,,,,,,,,,,,,,,,,,,,,,,,,,,,,,,,,,,,,,,,,,,,,,,,,,,,,,,,,,,,,,,,,,,,,,,,,,,,,,,,,,,,,,,,,,,,,,,,,,,,,,,,,,,,,,,,,,,,,,,,,,,,,,,,,,,,,,,,,,,,,,,,,,,,,,,,,,,,,,,,,,,,,,,,,,,,,,,,,,,,,,,,,,,,,,,,,,,,,,,,,,,,,,,,,,,,,,,,,,,
2026031903,,,,,,,,,,,,,,,,,,,,,,,,,,,,,,,,,0.508,,,,,,,,,,,,,,,,,,,,,,,,,,,,,,,,,,,,,,,,,,,,,,,,,,,,,,,,,,,,,,,,,,,,,,,,,,,,,,,,,,,,,,,,,,,,,,,,,,,,,,,,,,,,,,,,,,,,,,,,,,,,,,,,,,273.7,,,,,,,,,,,,,,,,,,,,,,,,,,,,,,,,,,,,,,,,,,,,,,,,,,,,,,,,,,,,,,,,,,,,,,,,,,,,,,,,,,,,,,,,,,,4.0,6.0,,,,,,,,,,,21.0,24.0,21.0,28.0,31.0,31.0,31.0,0.0,0.0,0.0,0.0,0.0,28.1,,274.78,1.19,,7.0,3.0,,,,,,,,,,,,,,,,,,,,,,,,,,,,,,,,,,,,,,,,,,,,,,,,,,,,,,9.999e+20,,,,,,,,,,,,,,,,,,,,,,,,,,,,,7.2,1.6,2.8,3.6,4.0,4.4,4.8,5.6,5.80474,6.27909,2.4,6.4168,6.96839,7.07999,7.95499,8.43876,8.95547,9.504,10.2242,11.8191,14.0932,18.017,7.21979,3.62,13.0,4.0,1.0,0.0,0.0,0.0,0.0,26.0,,9.999e+20,9.999e+20,9.999e+20,9.999e+20,9.999e+20,,,,,,,,,,,,,,,,,,,,,,,,,,,,,,,,,,,,,,,,,,,,,,,,,,,,,,,,,,,,,,,,,,,,,,,,,,,,,,,,,,,,,,,,,,,,,,,,,,,,,,,,,,,,,,,,,,,,,,,,,,,,0.0,,72.4,0.0,6.0,0.0,,84.0,,,,,,,,,,,,,,,,,,,,,,,,,,,,,,,,,,,,,,,,,,,,,,,,,,,,,,,,,,,,,2.9,0.8,1.4,0.6,2.6,4.1,5.4,7.1,2096.0,1392.0,1680.0,1184.0,2136.0,2416.0,2784.0,2904.0,,,80.0,15.0,,,,,,,277.49,1.18,,,,,,,,,,,,,,,,,,,,,,,,,,,,,,,,,,,,,,,,,,,,,,,,,,,,,,,,,,,,,9.999e+20,210.0,4.8,210.0,4.9,,,,,,1.0,,,,,,,979.0,210.0,210.0,210.0,,276.5,,,,,,,,,,,,,,,,,,,,,,,,,,,,,4.8,0.8,2.0,2.0,2.8,2.8,3.2,3.6,3.6,4.0,1.2,4.4,4.8,4.8,5.6,6.0,6.4,6.8,7.6,8.4,9.2,13.6,4.8,2.72,3.0,0.0,0.0,0.0,63.0,0.0,34.0,7.0,5.6,6.4,
2026031904,,,,,,,,,,,,,,,,,,,,,,,,,,,,,,,,,0.508,,,,,,,,,,,,,,,,,,,,,,,,,,,,,,,,,,,,,,,,,,,,,,,,,,,,,,,,,,,,,,,,,,,,,,,,,,,,,,,,,,,,,,,,,,,,,,,,,,,,,,,,,,,,,,,,,,,,,,,,,,,,,,,,,,,,,,,,,,,,,,,,,,,,,,,,,,,,,,,,,,,,,,,,,,,,,,,,,,,,,,,,,,,,,,,,,,,,,,,,,,,,,,,,,,,,,,,,,,,,,,,,,,,,,,,,,,,,,,,,,,,,,,,,,,,,,,,,,,,,,,,,,,,,,,,,,,,,,,,,,,,,,,,,,,,,,,,,,,,,,,,,,,,,,,,,,,,,,,,,,,,,,,,,,,,,,,,,,,,,,,,,,,,,,,,,,,,,,,,,,,,,,,,,,,,,,,,,,,,,,,,,,,,,,,,,,,,,,,,,,,,,,,,,,,,,,,,,,,,,,,,,,,,,,,,,,,,,,,,,,,,,,,,,,,,,,,,,,,,,,,,,,,,,,,,,,,,,,,,,,,,,,,,,,,,,,,,,,,,,,,,,,,,,,,,,,,,,,,,,,,,,,,,,,,,,,,,,,,,,,,,,,,,,,,,,,,,,,,,,,,,,,,,,,,,,,,,,,,,,,,,,,,,,,,,,,,,,,,,,,,,,,,,,,,,,,,,,,,,,,,,,,,,,,,,,,,,,,,,,,,,,,,,,,,,,,,,,,,,,,,,,,,,,,,,,,,,,,,,,,,,,,,,,,,,,,,,,,,,,,,,,,,,,,,,,,,,,,,,,,,,,,,,,,,,,,,,,
2026031905,,,,,,,,,,,,,,,,,,,,,,,,,,,,,,,,,0.508,,,,,,,,,,,,,,,,,,,,,,,,,,,,,,,,,,,,,,,,,,,,,,,,,,,,,,,,,,,,,,,,,,,,,,,,,,,,,,,,,,,,,,,,,,,,,,,,,,,,,,,,,,,,,,,,,,,,,,,,,,,,,,,,,,,,,,,,,,,,,,,,,,,,,,,,,,,,,,,,,,,,,,,,,,,,,,,,,,,,,,,,,,,,,,,,,,,,,,,,,,,,,,,,,,,,,,,,,,,,,,,,,,,,,,,,,,,,,,,,,,,,,,,,,,,,,,,,,,,,,,,,,,,,,,,,,,,,,,,,,,,,,,,,,,,,,,,,,,,,,,,,,,,,,,,,,,,,,,,,,,,,,,,,,,,,,,,,,,,,,,,,,,,,,,,,,,,,,,,,,,,,,,,,,,,,,,,,,,,,,,,,,,,,,,,,,,,,,,,,,,,,,,,,,,,,,,,,,,,,,,,,,,,,,,,,,,,,,,,,,,,,,,,,,,,,,,,,,,,,,,,,,,,,,,,,,,,,,,,,,,,,,,,,,,,,,,,,,,,,,,,,,,,,,,,,,,,,,,,,,,,,,,,,,,,,,,,,,,,,,,,,,,,,,,,,,,,,,,,,,,,,,,,,,,,,,,,,,,,,,,,,,,,,,,,,,,,,,,,,,,,,,,,,,,,,,,,,,,,,,,,,,,,,,,,,,,,,,,,,,,,,,,,,,,,,,,,,,,,,,,,,,,,,,,,,,,,,,,,,,,,,,,,,,,,,,,,,,,,,,,,,,,,,,,,,,,,,,,,,,,,,,,,,,,,,,,,,
2026031906,7.386,0.0,0.6,1.32,1.922,2.512,3.229,3.912,4.583,5.312,0.001,5.893,6.59,7.502,8.341,9.452,10.658,12.041,13.653,15.867,19.237,28.594,93.0,0.0,18.0,0.0,5.0,75.0,2.0,0.0,46.0,0.0,0.508,,,,,,,,,,,,,,,,,,,,,,,,,,,,,,,,,,,,,,,,,,,,,,,,,,,,,,,,,,,,,,,,,,5.842,0.0,0.0,0.024,0.219,0.501,0.787,1.086,1.421,1.788,0.0,2.198,2.703,3.163,3.725,4.459,5.258,6.395,7.675,8.987,11.392,16.537,79.0,4.0,1.0,47.0,0.0,0.0,0.0,20.0,0.0,0.0,,,,,,,,,,,,,,,,,,,,,,,,,,,,,,,,,273.73,,,,,,,,,,,,,,,,,,,0.0,,,,,,,,,,,,,,,,,,0.0,,,,,,,,,,,,,,,,,,0.0,0.0,0.0,0.0,0.0,0.0,0.0,0.0,2.0,0.0,0.0,0.0,0.0,0.0,0.0,0.0,0.0,0.0,0.0,,,,,,,,,,,,,,,,,,4.0,6.0,,,,,,,,,,,20.0,22.0,20.0,26.0,29.0,33.0,33.0,0.0,0.0,0.0,0.0,0.0,27.6,,274.2,1.46,,3.0,3.0,,0.0,,,,,,,,,,,,,,,,,,,,,,,,,0.0,0.0,0.0,0.0,0.0,0.0,0.0,0.0,0.0,0.0,0.0,0.0,0.0,0.0,,,,,,,,,,,,,10.2,9.999e+20,13.1935,6.35044,8.30319,9.25329,9.87533,10.5898,10.8456,11.1371,11.7246,12.2717,7.31151,12.5517,13.1876,13.6341,14.3409,15.0725,16.0704,16.3319,17.4333,18.5808,21.1575,24.5774,63.0,15.0,6.0,1.0,0.0,0.0,6.9,2.0,2.8,3.2,3.6,3.6,4.4,4.80531,5.2324,5.67619,2.4,5.74013,6.18345,6.69128,7.17503,7.78048,8.64911,9.13977,10.5469,11.533,13.4757,17.0969,6.51288,3.62,11.0,4.0,1.0,0.0,0.0,0.0,0.0,23.0,2.0,9.999e+20,9.999e+20,9.999e+20,9.999e+20,9.999e+20,,,,,,,,,,,,,,,,,,,,,,,,,,,,,,,,,,,,,,,,,,,,,,,,,,,,,,,,,,,,,,,,,,,,,,,,,,,,,,,,,,,,,,,,,,,,,,,,,,,,,,,,,,,,,,,,,,,,,,,,,,,80.0,0.0,,73.6,0.0,4.8,0.0,,80.0,,,,,,,,,,,,,,,,,,,,,,,,,,,,,,,,,,,,,,,,,,,,,,,,,,,,,,,,,,,,,3.2,0.9,1.6,0.8,2.9,4.3,6.0,8.2,2016.0,1248.0,1624.0,1112.0,2000.0,2400.0,2800.0,2816.0,,,83.0,18.0,,,,,,2.2561,277.6,1.45,281.297,276.277,278.659,279.354,279.524,280.043,280.267,280.864,280.668,280.983,277.806,281.165,281.46,281.8,281.818,282.118,282.385,282.672,283.615,284.282,284.992,289.316,0.0,0.0,0.0,0.0,0.0,0.0,0.0,0.0,,,,,,,,,,,,,,,,,,,,,,,,,,,,,,,9.999e+20,210.0,4.8,210.0,4.6,,1.0,,,0.0,1.0,,,,,,,566.0,210.0,210.0,210.0,,276.2,10.3603,4.0,5.6,6.8,7.2,7.6,8.0,8.4,8.8,9.2,4.8,9.6,10.4,10.4,11.2469,11.7114,12.19,13.0947,13.6208,15.3046,17.4638,20.5149,33.0,6.0,0.0,0.0,89.0,61.0,4.8,0.8,1.6,2.0,2.4,2.4,3.2,3.6,3.6,4.0,1.2,4.0,4.4,4.8,5.2,5.6,6.0,6.8,7.2,8.0,10.0,13.6,4.81118,2.82,3.0,0.0,0.0,0.0,60.0,0.0,30.0,9.0,5.2,6.0,
2026031907,,,,,,,,,,,,,,,,,,,,,,,,,,,,,,,,,0.508,,,,,,,,,,,,,,,,,,,,,,,,,,,,,,,,,,,,,,,,,,,,,,,,,,,,,,,,,,,,,,,,,,,,,,,,,,,,,,,,,,,,,,,,,,,,,,,,,,,,,,,,,,,,,,,,,,,,,,,,,,,,,,,,,,,,,,,,,,,,,,,,,,,,,,,,,,,,,,,,,,,,,,,,,,,,,,,,,,,,,,,,,,,,,,,,,,,,,,,,,,,,,,,,,,,,,,,,,,,,,,,,,,,,,,,,,,,,,,,,,,,,,,,,,,,,,,,,,,,,,,,,,,,,,,,,,,,,,,,,,,,,,,,,,,,,,,,,,,,,,,,,,,,,,,,,,,,,,,,,,,,,,,,,,,,,,,,,,,,,,,,,,,,,,,,,,,,,,,,,,,,,,,,,,,,,,,,,,,,,,,,,,,,,,,,,,,,,,,,,,,,,,,,,,,,,,,,,,,,,,,,,,,,,,,,,,,,,,,,,,,,,,,,,,,,,,,,,,,,,,,,,,,,,,,,,,,,,,,,,,,,,,,,,,,,,,,,,,,,,,,,,,,,,,,,,,,,,,,,,,,,,,,,,,,,,,,,,,,,,,,,,,,,,,,,,,,,,,,,,,,,,,,,,,,,,,,,,,,,,,,,,,,,,,,,,,,,,,,,,,,,,,,,,,,,,,,,,,,,,,,,,,,,,,,,,,,,,,,,,,,,,,,,,,,,,,,,,,,,,,,,,,,,,,,,,,,,,,,,,,,,,,,,,,,,,,,,,,,,,,,,,,,,,,,,,,,,,,,,,,,,,,,,,,,,,,,,,
2026031908,,,,,,,,,,,,,,,,,,,,,,,,,,,,,,,,,0.508,,,,,,,,,,,,,,,,,,,,,,,,,,,,,,,,,,,,,,,,,,,,,,,,,,,,,,,,,,,,,,,,,,,,,,,,,,,,,,,,,,,,,,,,,,,,,,,,,,,,,,,,,,,,,,,,,,,,,,,,,,,,,,,,,,,,,,,,,,,,,,,,,,,,,,,,,,,,,,,,,,,,,,,,,,,,,,,,,,,,,,,,,,,,,,,,,,,,,,,,,,,,,,,,,,,,,,,,,,,,,,,,,,,,,,,,,,,,,,,,,,,,,,,,,,,,,,,,,,,,,,,,,,,,,,,,,,,,,,,,,,,,,,,,,,,,,,,,,,,,,,,,,,,,,,,,,,,,,,,,,,,,,,,,,,,,,,,,,,,,,,,,,,,,,,,,,,,,,,,,,,,,,,,,,,,,,,,,,,,,,,,,,,,,,,,,,,,,,,,,,,,,,,,,,,,,,,,,,,,,,,,,,,,,,,,,,,,,,,,,,,,,,,,,,,,,,,,,,,,,,,,,,,,,,,,,,,,,,,,,,,,,,,,,,,,,,,,,,,,,,,,,,,,,,,,,,,,,,,,,,,,,,,,,,,,,,,,,,,,,,,,,,,,,,,,,,,,,,,,,,,,,,,,,,,,,,,,,,,,,,,,,,,,,,,,,,,,,,,,,,,,,,,,,,,,,,,,,,,,,,,,,,,,,,,,,,,,,,,,,,,,,,,,,,,,,,,,,,,,,,,,,,,,,,,,,,,,,,,,,,,,,,,,,,,,,,,,,,,,,,,,,,,,,,,,,,,,,,,,,,,,,,,,,,,,,,,,,
2026031909,,,,,,,,,,,,,,,,,,,,,,,,,,,,,,,,,0.508,,,,,,,,,,,,,,,,,,,,,,,,,,,,,,,,,,,,,,,,,,,,,,,,,,,,,,,,,,,,,,,,,,,,,,,,,,,,,,,,,,,,,,,,,,,,,,,,,,,,,,,,,,,,,,,,,,,,,,,,,,,,,,,,,,273.41,,,,,,,,,,,,,,,,,,,,,,,,,,,,,,,,,,,,,,,,,,,,,,,,,,,,,,,,,,,,,,,,,,,,,,,,,,,,,,,,,,,,,,,,,,,7.0,6.0,,,,,,,,,,,20.0,21.0,20.0,25.0,28.0,32.0,32.0,0.0,0.0,0.0,0.0,0.0,26.9,,273.79,1.4,,0.0,2.0,,,,,,,,,,,,,,,,,,,,,,,,,,,,,,,,,,,,,,,,,,,,,,,,,,,,,,9.999e+20,,,,,,,,,,,,,,,,,,,,,,,,,,,,,6.4,1.6,2.8,3.2,3.6,4.0,4.4,4.8,4.8,5.6,2.4,6.0,6.05849,6.56541,7.12484,7.62017,8.45314,9.70829,9.78163,11.4641,13.356,15.5134,6.35041,3.3,10.0,1.0,1.0,0.0,0.0,0.0,0.0,21.0,,9.999e+20,9.999e+20,9.999e+20,9.999e+20,9.999e+20,,,,,,,,,,,,,,,,,,,,,,,,,,,,,,,,,,,,,,,,,,,,,,,,,,,,,,,,,,,,,,,,,,,,,,,,,,,,,,,,,,,,,,,,,,,,,,,,,,,,,,,,,,,,,,,,,,,,,,,,,,,,0.0,,65.2,0.0,10.8,0.0,,80.0,,,,,,,,,,,,,,,,,,,,,,,,,,,,,,,,,,,,,,,,,,,,,,,,,,,,,,,,,,,,,3.7,1.0,2.0,0.9,3.3,4.7,7.9,9.8,1920.0,1064.0,1528.0,1016.0,1872.0,2344.0,2632.0,2808.0,,,80.0,18.0,,,,,,,277.2,1.39,,,,,,,,,,,,,,,,,,,,,,,,,,,,,,,,,,,,,,,,,,,,,,,,,,,,,,,,,,,,,9.999e+20,210.0,4.8,210.0,4.9,,,,,,1.0,,,,,,,674.0,210.0,210.0,210.0,,275.8,,,,,,,,,,,,,,,,,,,,,,,,,,,,,4.8,0.8,1.6,2.0,2.4,2.8,2.8,3.2,3.2,3.6,1.6,4.0,4.4,4.8,5.2,5.6,6.0,6.8,7.2,8.4,10.4,12.0,4.8,2.72,3.0,0.0,0.0,0.0,58.0,0.0,30.0,10.0,5.2,6.0,
2026031910,,,,,,,,,,,,,,,,,,,,,,,,,,,,,,,,,0.508,,,,,,,,,,,,,,,,,,,,,,,,,,,,,,,,,,,,,,,,,,,,,,,,,,,,,,,,,,,,,,,,,,,,,,,,,,,,,,,,,,,,,,,,,,,,,,,,,,,,,,,,,,,,,,,,,,,,,,,,,,,,,,,,,,,,,,,,,,,,,,,,,,,,,,,,,,,,,,,,,,,,,,,,,,,,,,,,,,,,,,,,,,,,,,,,,,,,,,,,,,,,,,,,,,,,,,,,,,,,,,,,,,,,,,,,,,,,,,,,,,,,,,,,,,,,,,,,,,,,,,,,,,,,,,,,,,,,,,,,,,,,,,,,,,,,,,,,,,,,,,,,,,,,,,,,,,,,,,,,,,,,,,,,,,,,,,,,,,,,,,,,,,,,,,,,,,,,,,,,,,,,,,,,,,,,,,,,,,,,,,,,,,,,,,,,,,,,,,,,,,,,,,,,,,,,,,,,,,,,,,,,,,,,,,,,,,,,,,,,,,,,,,,,,,,,,,,,,,,,,,,,,,,,,,,,,,,,,,,,,,,,,,,,,,,,,,,,,,,,,,,,,,,,,,,,,,,,,,,,,,,,,,,,,,,,,,,,,,,,,,,,,,,,,,,,,,,,,,,,,,,,,,,,,,,,,,,,,,,,,,,,,,,,,,,,,,,,,,,,,,,,,,,,,,,,,,,,,,,,,,,,,,,,,,,,,,,,,,,,,,,,,,,,,,,,,,,,,,,,,,,,,,,,,,,,,,,,,,,,,,,,,,,,,,,,,,,,,,,,,,,,,,,,,,,,,,,,,,,,,,,,,,,,,,,,,,,,
2026031911,,,,,,,,,,,,,,,,,,,,,,,,,,,,,,,,,0.508,,,,,,,,,,,,,,,,,,,,,,,,,,,,,,,,,,,,,,,,,,,,,,,,,,,,,,,,,,,,,,,,,,,,,,,,,,,,,,,,,,,,,,,,,,,,,,,,,,,,,,,,,,,,,,,,,,,,,,,,,,,,,,,,,,,,,,,,,,,,,,,,,,,,,,,,,,,,,,,,,,,,,,,,,,,,,,,,,,,,,,,,,,,,,,,,,,,,,,,,,,,,,,,,,,,,,,,,,,,,,,,,,,,,,,,,,,,,,,,,,,,,,,,,,,,,,,,,,,,,,,,,,,,,,,,,,,,,,,,,,,,,,,,,,,,,,,,,,,,,,,,,,,,,,,,,,,,,,,,,,,,,,,,,,,,,,,,,,,,,,,,,,,,,,,,,,,,,,,,,,,,,,,,,,,,,,,,,,,,,,,,,,,,,,,,,,,,,,,,,,,,,,,,,,,,,,,,,,,,,,,,,,,,,,,,,,,,,,,,,,,,,,,,,,,,,,,,,,,,,,,,,,,,,,,,,,,,,,,,,,,,,,,,,,,,,,,,,,,,,,,,,,,,,,,,,,,,,,,,,,,,,,,,,,,,,,,,,,,,,,,,,,,,,,,,,,,,,,,,,,,,,,,,,,,,,,,,,,,,,,,,,,,,,,,,,,,,,,,,,,,,,,,,,,,,,,,,,,,,,,,,,,,,,,,,,,,,,,,,,,,,,,,,,,,,,,,,,,,,,,,,,,,,,,,,,,,,,,,,,,,,,,,,,,,,,,,,,,,,,,,,,,,,,,,,,,,,,,,,,,,,,,,,,,,,,,,,,
2026031912,6.429,0.0,0.008,0.316,0.77,1.227,1.78,2.428,2.946,3.569,0.0,4.37,5.228,5.988,6.886,8.045,9.509,10.992,13.17,15.968,20.343,27.01,86.0,0.0,16.0,0.0,6.0,64.0,2.0,0.0,38.0,0.0,0.762,,19.033,0.0,4.943,6.524,8.4,9.883,11.198,12.629,14.238,15.805,2.777,17.135,18.579,20.115,21.879,23.463,25.613,28.265,31.636,35.756,42.376,57.274,98.0,0.0,65.0,0.0,0.0,0.0,25.0,2.0,85.0,0.0,38.48,1.887,16.716,20.448,23.357,26.224,28.945,31.409,33.456,35.59,12.036,37.37,39.545,41.375,43.549,45.862,48.763,51.54,55.233,60.145,68.715,91.074,94.0,0.0,99.0,0.0,77.0,0.0,0.0,0.0,21.0,3.0,4.826,0.0,0.0,0.0,0.0,0.001,0.104,0.32,0.582,0.854,0.0,1.236,1.672,2.12,2.822,3.409,4.207,5.235,6.363,8.433,12.046,17.274,67.0,4.0,1.0,37.0,0.0,0.0,0.0,15.0,0.0,0.0,55.255,9.065,23.482,27.467,31.895,35.948,39.971,42.406,45.473,48.934,15.912,52.005,56.507,60.485,63.974,67.719,71.469,76.335,80.704,88.517,101.731,135.155,1.0,0.0,88.0,0.0,0.0,52.0,0.0,99.0,0.0,20.0,273.1,,,,,,,,,,,,,,,,,,,0.003,0.0,0.0,0.0,0.0,0.0,0.003,0.008,8.0,0.0,0.0,0.0,0.0,0.0,0.0,0.0,0.0,0.0,0.003,0.0,0.0,0.0,0.0,0.0,0.003,0.008,0.0,0.0,0.0,0.0,0.0,0.0,0.0,0.0,0.0,0.0,0.0,0.0,0.0,0.0,0.0,0.0,0.003,0.003,5.0,0.0,0.0,0.0,0.0,0.0,0.0,0.0,0.0,0.0,0.003,0.0,0.0,0.0,0.0,0.0,0.003,0.008,0.0,0.0,0.0,0.0,0.0,0.0,0.0,0.0,0.0,0.0,9.0,8.0,,,,,,,,,,,19.0,19.0,19.0,24.0,26.0,35.0,35.0,0.0,0.0,0.0,0.0,0.0,26.0,,273.78,1.41,,0.0,3.0,,0.0,0.0,0.0,0.0,0.0,0.0,0.0,0.0,0.0,0.0,0.0,0.0,0.0,0.0,0.0,0.0,0.0,0.0,0.0,0.0,0.0,0.0,0.0,0.0,0.0,0.0,0.0,0.0,0.0,0.0,0.0,0.0,0.0,0.0,0.0,0.0,0.0,0.0,0.0,0.0,0.0,0.0,0.0,0.0,0.0,0.0,0.0,0.0,0.0,0.0,0.0,10.0,9.999e+20,,,,,,,,,,,,,,,,,,,,,,,,,,,,,6.2,1.6,2.8,3.2,3.6,3.6,4.0,4.4,4.8,5.2,2.4,5.20253,5.63263,6.4796,6.9214,7.38212,8.2518,8.72321,9.19025,10.4626,12.2121,15.7489,6.15822,3.2,6.0,2.0,0.0,0.0,0.0,0.0,0.0,19.0,3.0,9.999e+20,9.999e+20,9.999e+20,9.999e+20,9.999e+20,,,,,,,,,,,,,,,,,,,,,,,,,,,,,,,,,,,,,,,,,,,,,,,,,,,,,,,,,,,,,,,,,,,,,,,,,,,,,,,,,,,,,,,,,,,,,,,,,,,,,,,,,,,,,,,,,,,,,,,,,,,,0.0,6.0,64.0,0.0,12.0,0.0,,80.0,,,,,,,,,,,,,,,,,,,,,,,,,,,,,,,,,,,,,,,,,,,,,,,,,,,,,,,,,,,,,4.3,1.3,2.2,0.8,3.9,5.3,9.0,11.1,1824.0,864.0,1360.0,640.0,1824.0,2280.0,2552.0,2824.0,,,79.0,20.0,,,,276.14,1.69,,276.69,1.41,,,,,,,,,,,,,,,,,,,,,,,,,,,,,,,,,,,,,,,,,,,,,,,,,,,,,,,,,,,,,9.999e+20,210.0,4.4,200.0,5.0,4.0,0.0,,,0.0,2.0,,,,,,,655.0,210.0,210.0,210.0,,275.8,,,,,,,,,,,,,,,,,,,,,,,,,,,,,4.4,0.8,1.6,2.0,2.4,2.4,2.8,3.2,3.2,3.6,1.2,3.6,4.0,4.8,4.8,5.6,6.0,6.4,7.2,8.0,8.8,12.4,4.4,2.6,4.0,0.0,0.0,0.0,55.0,0.0,28.0,6.0,5.2,5.6,
2026031913,,,,,,,,,,,,,,,,,,,,,,,,,,,,,,,,,0.508,,,,,,,,,,,,,,,,,,,,,,,,,,,,,,,,,,,,,,,,,,,,,,,,,,,,,,,,,,,,,,,,,,,,,,,,,,,,,,,,,,,,,,,,,,,,,,,,,,,,,,,,,,,,,,,,,,,,,,,,,,,,,,,,,,,,,,,,,,,,,,,,,,,,,,,,,,,,,,,,,,,,,,,,,,,,,,,,,,,,,,,,,,,,,,,,,,,,,,,,,,,,,,,,,,,,,,,,,,,,,,,,,,,,,,,,,,,,,,,,,,,,,,,,,,,,,,,,,,,,,,,,,,,,,,,,,,,,,,,,,,,,,,,,,,,,,,,,,,,,,,,,,,,,,,,,,,,,,,,,,,,,,,,,,,,,,,,,,,,,,,,,,,,,,,,,,,,,,,,,,,,,,,,,,,,,,,,,,,,,,,,,,,,,,,,,,,,,,,,,,,,,,,,,,,,,,,,,,,,,,,,,,,,,,,,,,,,,,,,,,,,,,,,,,,,,,,,,,,,,,,,,,,,,,,,,,,,,,,,,,,,,,,,,,,,,,,,,,,,,,,,,,,,,,,,,,,,,,,,,,,,,,,,,,,,,,,,,,,,,,,,,,,,,,,,,,,,,,,,,,,,,,,,,,,,,,,,,,,,,,,,,,,,,,,,,,,,,,,,,,,,,,,,,,,,,,,,,,,,,,,,,,,,,,,,,,,,,,,,,,,,,,,,,,,,,,,,,,,,,,,,,,,,,,,,,,,,,,,,,,,,,,,,,,,,,,,,,,,,,,,,,,,,,,,,,,,,,,,,,,,,,,,,,,,,,,,,,
2026031914,,,,,,,,,,,,,,,,,,,,,,,,,,,,,,,,,0.508,,,,,,,,,,,,,,,,,,,,,,,,,,,,,,,,,,,,,,,,,,,,,,,,,,,,,,,,,,,,,,,,,,,,,,,,,,,,,,,,,,,,,,,,,,,,,,,,,,,,,,,,,,,,,,,,,,,,,,,,,,,,,,,,,,,,,,,,,,,,,,,,,,,,,,,,,,,,,,,,,,,,,,,,,,,,,,,,,,,,,,,,,,,,,,,,,,,,,,,,,,,,,,,,,,,,,,,,,,,,,,,,,,,,,,,,,,,,,,,,,,,,,,,,,,,,,,,,,,,,,,,,,,,,,,,,,,,,,,,,,,,,,,,,,,,,,,,,,,,,,,,,,,,,,,,,,,,,,,,,,,,,,,,,,,,,,,,,,,,,,,,,,,,,,,,,,,,,,,,,,,,,,,,,,,,,,,,,,,,,,,,,,,,,,,,,,,,,,,,,,,,,,,,,,,,,,,,,,,,,,,,,,,,,,,,,,,,,,,,,,,,,,,,,,,,,,,,,,,,,,,,,,,,,,,,,,,,,,,,,,,,,,,,,,,,,,,,,,,,,,,,,,,,,,,,,,,,,,,,,,,,,,,,,,,,,,,,,,,,,,,,,,,,,,,,,,,,,,,,,,,,,,,,,,,,,,,,,,,,,,,,,,,,,,,,,,,,,,,,,,,,,,,,,,,,,,,,,,,,,,,,,,,,,,,,,,,,,,,,,,,,,,,,,,,,,,,,,,,,,,,,,,,,,,,,,,,,,,,,,,,,,,,,,,,,,,,,,,,,,,,,,,,,,,,,,,,,,,,,,,,,,,,,,,,,,,,,,
2026031915,,,,,,,,,,,,,,,,,,,,,,,,,,,,,,,,,0.508,,,,,,,,,,,,,,,,,,,,,,,,,,,,,,,,,,,,,,,,,,,,,,,,,,,,,,,,,,,,,,,,,,,,,,,,,,,,,,,,,,,,,,,,,,,,,,,,,,,,,,,,,,,,,,,,,,,,,,,,,,,,,,,,,,273.04,,,,,,,,,,,,,,,,,,,,,,,,,,,,,,,,,,,,,,,,,,,,,,,,,,,,,,,,,,,,,,,,,,,,,,,,,,,,,,,,,,,,,,,,,,,6.0,5.0,,,,,,,,,,,19.0,20.0,19.0,23.0,25.0,33.0,33.0,0.0,0.0,0.0,0.0,0.0,25.1,,273.53,1.58,,0.0,2.0,,,,,,,,,,,,,,,,,,,,,,,,,,,,,,,,,,,,,,,,,,,,,,,,,,,,,,9.999e+20,,,,,,,,,,,,,,,,,,,,,,,,,,,,,6.2,1.2,2.8,3.2,3.2,3.6,4.0,4.4,4.8,4.8,2.4,5.21005,5.63996,6.47858,6.89798,7.36597,7.81588,8.66787,9.14756,9.64224,11.0787,12.8412,6.16186,2.9,5.0,1.0,0.0,0.0,0.0,0.0,0.0,18.0,,9.999e+20,9.999e+20,9.999e+20,9.999e+20,9.999e+20,,,,,,,,,,,,,,,,,,,,,,,,,,,,,,,,,,,,,,,,,,,,,,,,,,,,,,,,,,,,,,,,,,,,,,,,,,,,,,,,,,,,,,,,,,,,,,,,,,,,,,,,,,,,,,,,,,,,,,,,,,,,0.0,,54.4,0.0,13.2,0.0,,78.0,,,,,,,,,,,,,,,,,,,,,,,,,,,,,,,,,,,,,,,,,,,,,,,,,,,,,,,,,,,,,4.8,1.2,2.4,0.8,4.5,6.9,9.2,12.2,1712.0,728.0,1192.0,584.0,1672.0,2216.0,2376.0,2736.0,,,78.0,20.0,,,,,,,276.73,1.57,,,,,,,,,,,,,,,,,,,,,,,,,,,,,,,,,,,,,,,,,,,,,,,,,,,,,,,,,,,,,9.999e+20,210.0,4.4,210.0,5.7,,,,,,2.0,,,,,,,875.0,210.0,210.0,210.0,,276.0,,,,,,,,,,,,,,,,,,,,,,,,,,,,,4.4,0.4,1.6,2.0,2.0,2.4,2.8,2.8,3.2,3.2,1.6,3.6,4.4,4.8,5.2,5.6,5.6,6.4,6.8,7.2,8.8,10.0,4.4,2.4,1.0,0.0,0.0,0.0,51.0,0.0,26.0,5.0,4.8,5.6,
2026031916,,,,,,,,,,,,,,,,,,,,,,,,,,,,,,,,,0.508,,,,,,,,,,,,,,,,,,,,,,,,,,,,,,,,,,,,,,,,,,,,,,,,,,,,,,,,,,,,,,,,,,,,,,,,,,,,,,,,,,,,,,,,,,,,,,,,,,,,,,,,,,,,,,,,,,,,,,,,,,,,,,,,,,,,,,,,,,,,,,,,,,,,,,,,,,,,,,,,,,,,,,,,,,,,,,,,,,,,,,,,,,,,,,,,,,,,,,,,,,,,,,,,,,,,,,,,,,,,,,,,,,,,,,,,,,,,,,,,,,,,,,,,,,,,,,,,,,,,,,,,,,,,,,,,,,,,,,,,,,,,,,,,,,,,,,,,,,,,,,,,,,,,,,,,,,,,,,,,,,,,,,,,,,,,,,,,,,,,,,,,,,,,,,,,,,,,,,,,,,,,,,,,,,,,,,,,,,,,,,,,,,,,,,,,,,,,,,,,,,,,,,,,,,,,,,,,,,,,,,,,,,,,,,,,,,,,,,,,,,,,,,,,,,,,,,,,,,,,,,,,,,,,,,,,,,,,,,,,,,,,,,,,,,,,,,,,,,,,,,,,,,,,,,,,,,,,,,,,,,,,,,,,,,,,,,,,,,,,,,,,,,,,,,,,,,,,,,,,,,,,,,,,,,,,,,,,,,,,,,,,,,,,,,,,,,,,,,,,,,,,,,,,,,,,,,,,,,,,,,,,,,,,,,,,,,,,,,,,,,,,,,,,,,,,,,,,,,,,,,,,,,,,,,,,,,,,,,,,,,,,,,,,,,,,,,,,,,,,,,,,,,,,,,,,,,,,,,,,,,,,,,,,,,,,,,,,
2026031917,,,,,,,,,,,,,,,,,,,,,,,,,,,,,,,,,0.508,,,,,,,,,,,,,,,,,,,,,,,,,,,,,,,,,,,,,,,,,,,,,,,,,,,,,,,,,,,,,,,,,,,,,,,,,,,,,,,,,,,,,,,,,,,,,,,,,,,,,,,,,,,,,,,,,,,,,,,,,,,,,,,,,,,,,,,,,,,,,,,,,,,,,,,,,,,,,,,,,,,,,,,,,,,,,,,,,,,,,,,,,,,,,,,,,,,,,,,,,,,,,,,,,,,,,,,,,,,,,,,,,,,,,,,,,,,,,,,,,,,,,,,,,,,,,,,,,,,,,,,,,,,,,,,,,,,,,,,,,,,,,,,,,,,,,,,,,,,,,,,,,,,,,,,,,,,,,,,,,,,,,,,,,,,,,,,,,,,,,,,,,,,,,,,,,,,,,,,,,,,,,,,,,,,,,,,,,,,,,,,,,,,,,,,,,,,,,,,,,,,,,,,,,,,,,,,,,,,,,,,,,,,,,,,,,,,,,,,,,,,,,,,,,,,,,,,,,,,,,,,,,,,,,,,,,,,,,,,,,,,,,,,,,,,,,,,,,,,,,,,,,,,,,,,,,,,,,,,,,,,,,,,,,,,,,,,,,,,,,,,,,,,,,,,,,,,,,,,,,,,,,,,,,,,,,,,,,,,,,,,,,,,,,,,,,,,,,,,,,,,,,,,,,,,,,,,,,,,,,,,,,,,,,,,,,,,,,,,,,,,,,,,,,,,,,,,,,,,,,,,,,,,,,,,,,,,,,,,,,,,,,,,,,,,,,,,,,,,,,,,,,,,,,,,,,,,,,,,,,,,,,,,,,,,,,,,,
2026031918,5.531,0.0,0.0,0.0,0.174,0.474,0.872,1.242,1.672,2.15,0.0,2.685,3.385,4.489,5.519,6.636,7.806,9.773,11.868,15.322,19.972,32.352,78.0,0.0,13.0,0.0,6.0,51.0,3.0,0.0,31.0,0.0,0.508,,,,,,,,,,,,,,,,,,,,,,,,,,,,,,,,,,,,,,,,,,,,,,,,,,,,,,,,,,,,,,,,,,4.064,0.0,0.0,0.0,0.0,0.0,0.058,0.203,0.364,0.551,0.0,0.81,1.1,1.468,1.943,2.688,3.487,4.417,5.793,8.242,11.862,19.621,64.0,4.0,1.0,31.0,0.0,0.0,0.0,14.0,0.0,0.0,,,,,,,,,,,,,,,,,,,,,,,,,,,,,,,,,274.16,,,,,,,,,,,,,,,,,,,0.003,,,,,,,,,,,,,,,,,,0.003,,,,,,,,,,,,,,,,,,0.0,0.0,0.0,0.0,0.0,0.0,0.003,0.008,8.0,1.0,0.0,0.0,0.0,0.0,0.0,0.0,0.0,0.0,0.003,,,,,,,,,,,,,,,,,,6.0,8.0,,,,,,,,,,,18.0,18.0,18.0,23.0,24.0,36.0,36.0,0.0,0.0,0.0,0.0,0.0,24.4,,273.99,1.46,,12.0,2.0,,0.0,,,,,,,,,,,,,,,,,,,,,,,,,0.0,0.0,0.0,0.0,0.0,0.0,0.0,0.0,0.0,0.0,0.0,0.0,0.0,0.0,,,,,,,,,,,,,10.0,9.999e+20,,,,,,,,,,,,,,,,,,,,,,,,,,,,,6.2,1.2,2.8,3.2,3.6,4.0,4.46338,4.98372,5.42585,5.4941,1.6,5.93447,6.04388,6.13377,6.6265,7.49692,7.96269,8.88893,9.8824,10.837,13.064,17.0931,6.18568,3.42,7.0,2.0,1.0,0.0,0.0,0.0,0.0,21.0,3.0,9.999e+20,9.999e+20,9.999e+20,9.999e+20,9.999e+20,,,,,,,,,,,,,,,,,,,,,,,,,,,,,,,,,,,,,,,,,,,,,,,,,,,,,,,,,,,,,,,,,,,,,,,,,,,,,,,,,,,,,,,,,,,,,,,,,,,,,,,,,,,,,,,,,,,,,,,,,,80.0,,0.0,,54.4,0.0,13.2,0.0,,78.0,,,,,,,,,,,,,,,,,,,,,,,,,,,,,,,,,,,,,,,,,,,,,,,,,,,,,,,,,,,,,5.3,1.3,2.6,0.8,4.9,7.8,10.6,12.6,1624.0,704.0,960.0,600.0,1616.0,2112.0,2472.0,2640.0,,,77.0,21.0,,,,,,3.57729,277.67,1.46,,,,,,,,,,,,,,,,,,,,,,,,,,,,,,,277.934,267.877,273.333,274.9,275.51,275.975,276.491,277.242,277.565,278.142,272.095,278.625,278.881,279.34,279.492,279.775,279.974,280.504,280.737,281.267,281.837,284.201,0.0,0.0,0.0,0.0,0.0,5.0,9.0,0.0,9.999e+20,220.0,4.4,210.0,6.6,,1.0,,,1.0,2.0,,,,,,,1817.0,220.0,220.0,220.0,,277.2,,,,,,,,,,,,,,,,,,,,,,,,,,,,,4.4,0.4,1.2,1.6,1.6,2.4,2.4,2.8,3.2,3.6,0.8,4.0,4.0,4.4,4.8,5.2,5.6,6.0,7.2,8.0,9.6,11.6,4.41124,2.7,2.0,0.0,0.0,0.0,53.0,0.0,26.0,8.0,4.8,5.2,
2026031919,,,,,,,,,,,,,,,,,,,,,,,,,,,,,,,,,0.508,,,,,,,,,,,,,,,,,,,,,,,,,,,,,,,,,,,,,,,,,,,,,,,,,,,,,,,,,,,,,,,,,,,,,,,,,,,,,,,,,,,,,,,,,,,,,,,,,,,,,,,,,,,,,,,,,,,,,,,,,,,,,,,,,,,,,,,,,,,,,,,,,,,,,,,,,,,,,,,,,,,,,,,,,,,,,,,,,,,,,,,,,,,,,,,,,,,,,,,,,,,,,,,,,,,,,,,,,,,,,,,,,,,,,,,,,,,,,,,,,,,,,,,,,,,,,,,,,,,,,,,,,,,,,,,,,,,,,,,,,,,,,,,,,,,,,,,,,,,,,,,,,,,,,,,,,,,,,,,,,,,,,,,,,,,,,,,,,,,,,,,,,,,,,,,,,,,,,,,,,,,,,,,,,,,,,,,,,,,,,,,,,,,,,,,,,,,,,,,,,,,,,,,,,,,,,,,,,,,,,,,,,,,,,,,,,,,,,,,,,,,,,,,,,,,,,,,,,,,,,,,,,,,,,,,,,,,,,,,,,,,,,,,,,,,,,,,,,,,,,,,,,,,,,,,,,,,,,,,,,,,,,,,,,,,,,,,,,,,,,,,,,,,,,,,,,,,,,,,,,,,,,,,,,,,,,,,,,,,,,,,,,,,,,,,,,,,,,,,,,,,,,,,,,,,,,,,,,,,,,,,,,,,,,,,,,,,,,,,,,,,,,,,,,,,,,,,,,,,,,,,,,,,,,,,,,,,,,,,,,,,,,,,,,,,,,,,,,,,,,,,,,,,,,,,,,,,,,,,,,,,,,,,,,,,,,,,,
2026031920,,,,,,,,,,,,,,,,,,,,,,,,,,,,,,,,,0.254,,,,,,,,,,,,,,,,,,,,,,,,,,,,,,,,,,,,,,,,,,,,,,,,,,,,,,,,,,,,,,,,,,,,,,,,,,,,,,,,,,,,,,,,,,,,,,,,,,,,,,,,,,,,,,,,,,,,,,,,,,,,,,,,,,,,,,,,,,,,,,,,,,,,,,,,,,,,,,,,,,,,,,,,,,,,,,,,,,,,,,,,,,,,,,,,,,,,,,,,,,,,,,,,,,,,,,,,,,,,,,,,,,,,,,,,,,,,,,,,,,,,,,,,,,,,,,,,,,,,,,,,,,,,,,,,,,,,,,,,,,,,,,,,,,,,,,,,,,,,,,,,,,,,,,,,,,,,,,,,,,,,,,,,,,,,,,,,,,,,,,,,,,,,,,,,,,,,,,,,,,,,,,,,,,,,,,,,,,,,,,,,,,,,,,,,,,,,,,,,,,,,,,,,,,,,,,,,,,,,,,,,,,,,,,,,,,,,,,,,,,,,,,,,,,,,,,,,,,,,,,,,,,,,,,,,,,,,,,,,,,,,,,,,,,,,,,,,,,,,,,,,,,,,,,,,,,,,,,,,,,,,,,,,,,,,,,,,,,,,,,,,,,,,,,,,,,,,,,,,,,,,,,,,,,,,,,,,,,,,,,,,,,,,,,,,,,,,,,,,,,,,,,,,,,,,,,,,,,,,,,,,,,,,,,,,,,,,,,,,,,,,,,,,,,,,,,,,,,,,,,,,,,,,,,,,,,,,,,,,,,,,,,,,,,,,,,,,,,,,,,,,,,,,,,,,,,,,,,,,,,,,,,,,,,,,,,,,
2026031921,,,,,,,,,,,,,,,,,,,,,,,,,,,,,,,,,0.254,,,,,,,,,,,,,,,,,,,,,,,,,,,,,,,,,,,,,,,,,,,,,,,,,,,,,,,,,,,,,,,,,,,,,,,,,,,,,,,,,,,,,,,,,,,,,,,,,,,,,,,,,,,,,,,,,,,,,,,,,,,,,,,,,,274.76,,,,,,,,,,,,,,,,,,,,,,,,,,,,,,,,,,,,,,,,,,,,,,,,,,,,,,,,,,,,,,,,,,,,,,,,,,,,,,,,,,,,,,,,,,,7.0,16.0,,,,,,,,,,,20.0,21.0,20.0,22.0,24.0,34.0,35.0,0.0,0.0,0.0,0.0,0.0,24.3,,274.61,1.43,,47.0,3.0,,,,,,,,,,,,,,,,,,,,,,,,,,,,,,,,,,,,,,,,,,,,,,,,,,,,,,9.999e+20,,,,,,,,,,,,,,,,,,,,,,,,,,,,,6.5,2.0,3.16214,3.2946,3.7887,4.27848,4.39043,5.30573,5.48012,5.70615,2.4,6.34818,6.4368,6.87374,7.33909,8.26664,8.79588,9.24714,9.75988,10.2856,11.5186,15.8707,6.47987,3.1,6.0,1.0,1.0,0.0,0.0,0.0,0.0,26.0,,9.999e+20,9.999e+20,9.999e+20,9.999e+20,9.999e+20,,,,,,,,,,,,,,,,,,,,,,,,,,,,,,,,,,,,,,,,,,,,,,,,,,,,,,,,,,,,,,,,,,,,,,,,,,,,,,,,,,,,,,,,,,,,,,,,,,,,,,,,,,,,,,,,,,,,,,,,,,,,0.0,,42.4,0.0,16.8,0.0,,78.0,,,,,,,,,,,,,,,,,,,,,,,,,,,,,,,,,,,,,,,,,,,,,,,,,,,,,,,,,,,,,5.6,1.5,2.5,0.8,5.2,8.1,11.0,11.4,1592.0,648.0,1032.0,600.0,1632.0,2176.0,2472.0,2592.0,,,72.0,18.0,,,,,,,278.01,1.43,,,,,,,,,,,,,,,,,,,,,,,,,,,,,,,,,,,,,,,,,,,,,,,,,,,,,,,,,,,,,9.999e+20,240.0,4.4,210.0,7.0,,,,,,3.0,,,,,,,1703.0,240.0,240.0,240.0,,277.9,,,,,,,,,,,,,,,,,,,,,,,,,,,,,4.4,0.8,1.2,1.6,2.0,2.0,2.4,2.8,3.2,3.6,1.2,4.0,4.0,4.4,5.2,5.6,6.0,6.31951,6.8518,7.32943,8.22645,11.1707,4.38697,2.52,1.0,0.0,0.0,0.0,55.0,0.0,28.0,4.0,4.9,5.4,
2026031922,,,,,,,,,,,,,,,,,,,,,,,,,,,,,,,,,0.254,,,,,,,,,,,,,,,,,,,,,,,,,,,,,,,,,,,,,,,,,,,,,,,,,,,,,,,,,,,,,,,,,,,,,,,,,,,,,,,,,,,,,,,,,,,,,,,,,,,,,,,,,,,,,,,,,,,,,,,,,,,,,,,,,,,,,,,,,,,,,,,,,,,,,,,,,,,,,,,,,,,,,,,,,,,,,,,,,,,,,,,,,,,,,,,,,,,,,,,,,,,,,,,,,,,,,,,,,,,,,,,,,,,,,,,,,,,,,,,,,,,,,,,,,,,,,,,,,,,,,,,,,,,,,,,,,,,,,,,,,,,,,,,,,,,,,,,,,,,,,,,,,,,,,,,,,,,,,,,,,,,,,,,,,,,,,,,,,,,,,,,,,,,,,,,,,,,,,,,,,,,,,,,,,,,,,,,,,,,,,,,,,,,,,,,,,,,,,,,,,,,,,,,,,,,,,,,,,,,,,,,,,,,,,,,,,,,,,,,,,,,,,,,,,,,,,,,,,,,,,,,,,,,,,,,,,,,,,,,,,,,,,,,,,,,,,,,,,,,,,,,,,,,,,,,,,,,,,,,,,,,,,,,,,,,,,,,,,,,,,,,,,,,,,,,,,,,,,,,,,,,,,,,,,,,,,,,,,,,,,,,,,,,,,,,,,,,,,,,,,,,,,,,,,,,,,,,,,,,,,,,,,,,,,,,,,,,,,,,,,,,,,,,,,,,,,,,,,,,,,,,,,,,,,,,,,,,,,,,,,,,,,,,,,,,,,,,,,,,,,,,,,,,,,,,,,,,,,,,,,,,,,,,,,,,,,,,,
2026031923,,,,,,,,,,,,,,,,,,,,,,,,,,,,,,,,,0.254,,,,,,,,,,,,,,,,,,,,,,,,,,,,,,,,,,,,,,,,,,,,,,,,,,,,,,,,,,,,,,,,,,,,,,,,,,,,,,,,,,,,,,,,,,,,,,,,,,,,,,,,,,,,,,,,,,,,,,,,,,,,,,,,,,,,,,,,,,,,,,,,,,,,,,,,,,,,,,,,,,,,,,,,,,,,,,,,,,,,,,,,,,,,,,,,,,,,,,,,,,,,,,,,,,,,,,,,,,,,,,,,,,,,,,,,,,,,,,,,,,,,,,,,,,,,,,,,,,,,,,,,,,,,,,,,,,,,,,,,,,,,,,,,,,,,,,,,,,,,,,,,,,,,,,,,,,,,,,,,,,,,,,,,,,,,,,,,,,,,,,,,,,,,,,,,,,,,,,,,,,,,,,,,,,,,,,,,,,,,,,,,,,,,,,,,,,,,,,,,,,,,,,,,,,,,,,,,,,,,,,,,,,,,,,,,,,,,,,,,,,,,,,,,,,,,,,,,,,,,,,,,,,,,,,,,,,,,,,,,,,,,,,,,,,,,,,,,,,,,,,,,,,,,,,,,,,,,,,,,,,,,,,,,,,,,,,,,,,,,,,,,,,,,,,,,,,,,,,,,,,,,,,,,,,,,,,,,,,,,,,,,,,,,,,,,,,,,,,,,,,,,,,,,,,,,,,,,,,,,,,,,,,,,,,,,,,,,,,,,,,,,,,,,,,,,,,,,,,,,,,,,,,,,,,,,,,,,,,,,,,,,,,,,,,,,,,,,,,,,,,,,,,,,,,,,,,,,,,,,,,,,,,,,,,,,,,,,
2026032000,4.456,0.0,0.0,0.0,0.0,0.097,0.307,0.562,0.91,1.236,0.0,1.622,2.2,2.914,3.851,4.735,6.016,7.689,9.187,12.258,19.582,29.992,72.0,0.0,10.0,0.0,5.0,42.0,2.0,0.0,24.0,0.0,0.508,,13.369,0.0,0.626,1.588,2.427,3.383,4.304,5.529,6.754,8.123,0.0,9.514,11.1,12.937,14.705,16.95,19.187,21.962,26.438,31.082,39.624,58.701,92.0,0.0,41.0,0.0,0.0,0.0,16.0,2.0,62.0,0.0,,,,,,,,,,,,,,,,,,,,,,,,,,,,,,,,,3.048,0.0,0.0,0.0,0.0,0.0,0.0,0.0,0.032,0.135,0.0,0.281,0.478,0.743,1.054,1.417,2.084,2.864,4.401,6.181,9.749,15.795,51.0,3.0,0.0,22.0,0.0,0.0,0.0,10.0,0.0,0.0,,,,,,,,,,,,,,,,,,,,,,,,,,,,,,,,,274.09,,,,,,,,,,,,,,,,,,,0.003,0.0,0.0,0.0,0.0,0.003,0.013,0.015,18.0,2.0,0.0,0.0,0.0,0.0,0.0,0.0,0.0,0.0,0.003,0.0,0.0,0.0,0.0,0.003,0.013,0.018,2.0,0.0,0.0,0.0,0.0,0.0,0.0,0.0,0.0,0.0,0.0,0.0,0.0,0.0,0.0,0.0,0.0,0.005,5.0,0.0,0.0,0.0,0.0,0.0,0.0,0.0,0.0,0.0,0.003,0.0,0.0,0.0,0.0,0.003,0.013,0.018,2.0,0.0,0.0,0.0,0.0,0.0,0.0,0.0,0.0,0.0,6.0,11.0,,,,,,,,,,,18.0,19.0,18.0,21.0,24.0,33.0,33.0,0.0,0.0,0.0,0.0,0.0,22.6,,273.9,1.6,,62.0,2.0,,0.0,0.0,0.0,0.0,0.0,0.0,0.0,0.0,0.0,0.0,0.0,0.0,0.0,0.0,0.0,0.0,0.0,0.0,0.0,0.0,0.0,0.0,0.0,0.0,0.0,0.0,0.0,0.0,0.0,0.0,0.0,0.0,0.0,0.0,0.0,0.0,0.0,0.0,0.0,0.0,0.0,0.0,0.0,0.0,0.0,0.0,0.0,0.0,0.0,0.0,0.0,10.2,9.999e+20,,,,,,,,,,,,,,,,,,,,,,,,,,,,,6.5,1.6,2.8,3.2,3.6,4.0,4.4,4.64192,5.39247,5.94658,2.4,6.05671,6.26543,6.8266,7.36326,7.9137,8.06092,8.63507,9.64586,9.98163,11.6146,14.5786,6.5268,3.02,6.0,1.0,1.0,0.0,0.0,0.0,0.0,21.0,2.0,9.999e+20,9.999e+20,9.999e+20,9.999e+20,9.999e+20,,,,,,,,,,,,,,,,,,,,,,,,,,,,,,,,,,,,,,,,,,,,,,,,,,,,,,,,,,,,,,,,,,,,,,,,,,,,,,,,,,,,,,,,,,,,,,,,,,,,,,,,,,,,,,,,,,,,,,,,,,,,0.0,4.0,38.4,0.0,16.8,0.0,,77.0,,,,,,,,,,,,,,,,,,,,,,,,,,,,,,,,,,,,,,,,,,,,,,,,,,,,,,,,,,,,,5.7,1.3,2.5,0.8,5.2,8.9,11.1,12.1,1608.0,704.0,920.0,640.0,1528.0,2208.0,2568.0,2712.0,,,72.0,21.0,,278.48,0.9,,,,277.59,1.58,,,,,,,,,,,,,,,,,,,,,,,,,,,,,,,,,,,,,,,,,,,,,,,,,,,,,,,,,,,,,9.999e+20,250.0,4.1,230.0,6.2,7.0,2.0,,,1.0,3.0,,,,,,,1096.0,250.0,250.0,250.0,,276.4,,,,,,,,,,,,,,,,,,,,,,,,,,,,,4.1,0.4,1.6,1.6,2.0,2.4,2.4,2.8,3.6,3.6,1.2,4.0,4.4,4.4,4.8,5.2,5.6,6.0,6.8,7.2,8.4,10.4175,4.08446,2.4,0.0,0.0,0.0,0.0,56.0,0.0,25.0,4.0,4.9,5.3,
2026032001,,,,,,,,,,,,,,,,,,,,,,,,,,,,,,,,,0.508,,,,,,,,,,,,,,,,,,,,,,,,,,,,,,,,,,,,,,,,,,,,,,,,,,,,,,,,,,,,,,,,,,,,,,,,,,,,,,,,,,,,,,,,,,,,,,,,,,,,,,,,,,,,,,,,,,,,,,,,,,,,,,,,,,,,,,,,,,,,,,,,,,,,,,,,,,,,,,,,,,,,,,,,,,,,,,,,,,,,,,,,,,,,,,,,,,,,,,,,,,,,,,,,,,,,,,,,,,,,,,,,,,,,,,,,,,,,,,,,,,,,,,,,,,,,,,,,,,,,,,,,,,,,,,,,,,,,,,,,,,,,,,,,,,,,,,,,,,,,,,,,,,,,,,,,,,,,,,,,,,,,,,,,,,,,,,,,,,,,,,,,,,,,,,,,,,,,,,,,,,,,,,,,,,,,,,,,,,,,,,,,,,,,,,,,,,,,,,,,,,,,,,,,,,,,,,,,,,,,,,,,,,,,,,,,,,,,,,,,,,,,,,,,,,,,,,,,,,,,,,,,,,,,,,,,,,,,,,,,,,,,,,,,,,,,,,,,,,,,,,,,,,,,,,,,,,,,,,,,,,,,,,,,,,,,,,,,,,,,,,,,,,,,,,,,,,,,,,,,,,,,,,,,,,,,,,,,,,,,,,,,,,,,,,,,,,,,,,,,,,,,,,,,,,,,,,,,,,,,,,,,,,,,,,,,,,,,,,,,,,,,,,,,,,,,,,,,,,,,,,,,,,,,,,,,,,,,,,,,,,,,,,,,,,,,,,,,,,,,,,,,,,,,,,,,,,,,,,,,,,,,,,,,,,,,,,,,
2026032002,,,,,,,,,,,,,,,,,,,,,,,,,,,,,,,,,0.254,,,,,,,,,,,,,,,,,,,,,,,,,,,,,,,,,,,,,,,,,,,,,,,,,,,,,,,,,,,,,,,,,,,,,,,,,,,,,,,,,,,,,,,,,,,,,,,,,,,,,,,,,,,,,,,,,,,,,,,,,,,,,,,,,,,,,,,,,,,,,,,,,,,,,,,,,,,,,,,,,,,,,,,,,,,,,,,,,,,,,,,,,,,,,,,,,,,,,,,,,,,,,,,,,,,,,,,,,,,,,,,,,,,,,,,,,,,,,,,,,,,,,,,,,,,,,,,,,,,,,,,,,,,,,,,,,,,,,,,,,,,,,,,,,,,,,,,,,,,,,,,,,,,,,,,,,,,,,,,,,,,,,,,,,,,,,,,,,,,,,,,,,,,,,,,,,,,,,,,,,,,,,,,,,,,,,,,,,,,,,,,,,,,,,,,,,,,,,,,,,,,,,,,,,,,,,,,,,,,,,,,,,,,,,,,,,,,,,,,,,,,,,,,,,,,,,,,,,,,,,,,,,,,,,,,,,,,,,,,,,,,,,,,,,,,,,,,,,,,,,,,,,,,,,,,,,,,,,,,,,,,,,,,,,,,,,,,,,,,,,,,,,,,,,,,,,,,,,,,,,,,,,,,,,,,,,,,,,,,,,,,,,,,,,,,,,,,,,,,,,,,,,,,,,,,,,,,,,,,,,,,,,,,,,,,,,,,,,,,,,,,,,,,,,,,,,,,,,,,,,,,,,,,,,,,,,,,,,,,,,,,,,,,,,,,,,,,,,,,,,,,,,,,,,,,,,,,,,,,,,,,,,,,,,,,,,,,,
2026032003,,,,,,,,,,,,,,,,,,,,,,,,,,,,,,,,,0.254,,,,,,,,,,,,,,,,,,,,,,,,,,,,,,,,,,,,,,,,,,,,,,,,,,,,,,,,,,,,,,,,,,,,,,,,,,,,,,,,,,,,,,,,,,,,,,,,,,,,,,,,,,,,,,,,,,,,,,,,,,,,,,,,,,273.15,,,,,,,,,,,,,,,,,,,,,,,,,,,,,,,,,,,,,,,,,,,,,,,,,,,,,,,,,,,,,,,,,,,,,,,,,,,,,,,,,,,,,,,,,,,3.0,4.0,,,,,,,,,,,17.0,18.0,17.0,21.0,24.0,35.0,35.0,0.0,0.0,0.0,0.0,0.0,22.8,,273.21,1.99,,37.0,3.0,,,,,,,,,,,,,,,,,,,,,,,,,,,,,,,,,,,,,,,,,,,,,,,,,,,,,,9.999e+20,,,,,,,,,,,,,,,,,,,,,,,,,,,,,5.5,1.2,2.4,2.8,3.2,3.6,3.66419,4.10913,4.20979,4.68871,2.0,4.77258,5.26716,5.78628,5.94931,6.11133,6.69833,7.60291,7.89544,8.626,10.086,12.2956,5.52805,2.62,3.0,0.0,0.0,0.0,0.0,0.0,0.0,10.0,,9.999e+20,9.999e+20,9.999e+20,9.999e+20,9.999e+20,,,,,,,,,,,,,,,,,,,,,,,,,,,,,,,,,,,,,,,,,,,,,,,,,,,,,,,,,,,,,,,,,,,,,,,,,,,,,,,,,,,,,,,,,,,,,,,,,,,,,,,,,,,,,,,,,,,,,,,,,,,,0.0,,34.0,0.0,18.0,0.0,,80.0,,,,,,,,,,,,,,,,,,,,,,,,,,,,,,,,,,,,,,,,,,,,,,,,,,,,,,,,,,,,,5.8,1.0,2.3,0.6,5.6,8.9,11.8,12.7,1552.0,664.0,912.0,584.0,1344.0,2136.0,2584.0,2800.0,,,75.0,23.0,,,,,,,276.39,1.99,,,,,,,,,,,,,,,,,,,,,,,,,,,,,,,,,,,,,,,,,,,,,,,,,,,,,,,,,,,,,9.999e+20,,,220.0,5.3,,,,,,2.0,,,,,,,716.0,250.0,250.0,250.0,,275.3,,,,,,,,,,,,,,,,,,,,,,,,,,,,,3.6,0.4,1.2,1.6,2.0,2.0,2.4,2.4,2.8,2.8,1.2,3.2,3.2,3.6,4.0,4.4,4.8,5.2,6.0,6.8,7.6,9.63614,3.6378,2.1,0.0,0.0,0.0,0.0,43.0,0.0,16.0,2.0,4.0,4.4,
2026032004,,,,,,,,,,,,,,,,,,,,,,,,,,,,,,,,,0.254,,,,,,,,,,,,,,,,,,,,,,,,,,,,,,,,,,,,,,,,,,,,,,,,,,,,,,,,,,,,,,,,,,,,,,,,,,,,,,,,,,,,,,,,,,,,,,,,,,,,,,,,,,,,,,,,,,,,,,,,,,,,,,,,,,,,,,,,,,,,,,,,,,,,,,,,,,,,,,,,,,,,,,,,,,,,,,,,,,,,,,,,,,,,,,,,,,,,,,,,,,,,,,,,,,,,,,,,,,,,,,,,,,,,,,,,,,,,,,,,,,,,,,,,,,,,,,,,,,,,,,,,,,,,,,,,,,,,,,,,,,,,,,,,,,,,,,,,,,,,,,,,,,,,,,,,,,,,,,,,,,,,,,,,,,,,,,,,,,,,,,,,,,,,,,,,,,,,,,,,,,,,,,,,,,,,,,,,,,,,,,,,,,,,,,,,,,,,,,,,,,,,,,,,,,,,,,,,,,,,,,,,,,,,,,,,,,,,,,,,,,,,,,,,,,,,,,,,,,,,,,,,,,,,,,,,,,,,,,,,,,,,,,,,,,,,,,,,,,,,,,,,,,,,,,,,,,,,,,,,,,,,,,,,,,,,,,,,,,,,,,,,,,,,,,,,,,,,,,,,,,,,,,,,,,,,,,,,,,,,,,,,,,,,,,,,,,,,,,,,,,,,,,,,,,,,,,,,,,,,,,,,,,,,,,,,,,,,,,,,,,,,,,,,,,,,,,,,,,,,,,,,,,,,,,,,,,,,,,,,,,,,,,,,,,,,,,,,,,,,,,,,,,,,,,,,,,,,,,,,,,,,,,,,,,,,,,,,
2026032005,,,,,,,,,,,,,,,,,,,,,,,,,,,,,,,,,0.254,,,,,,,,,,,,,,,,,,,,,,,,,,,,,,,,,,,,,,,,,,,,,,,,,,,,,,,,,,,,,,,,,,,,,,,,,,,,,,,,,,,,,,,,,,,,,,,,,,,,,,,,,,,,,,,,,,,,,,,,,,,,,,,,,,,,,,,,,,,,,,,,,,,,,,,,,,,,,,,,,,,,,,,,,,,,,,,,,,,,,,,,,,,,,,,,,,,,,,,,,,,,,,,,,,,,,,,,,,,,,,,,,,,,,,,,,,,,,,,,,,,,,,,,,,,,,,,,,,,,,,,,,,,,,,,,,,,,,,,,,,,,,,,,,,,,,,,,,,,,,,,,,,,,,,,,,,,,,,,,,,,,,,,,,,,,,,,,,,,,,,,,,,,,,,,,,,,,,,,,,,,,,,,,,,,,,,,,,,,,,,,,,,,,,,,,,,,,,,,,,,,,,,,,,,,,,,,,,,,,,,,,,,,,,,,,,,,,,,,,,,,,,,,,,,,,,,,,,,,,,,,,,,,,,,,,,,,,,,,,,,,,,,,,,,,,,,,,,,,,,,,,,,,,,,,,,,,,,,,,,,,,,,,,,,,,,,,,,,,,,,,,,,,,,,,,,,,,,,,,,,,,,,,,,,,,,,,,,,,,,,,,,,,,,,,,,,,,,,,,,,,,,,,,,,,,,,,,,,,,,,,,,,,,,,,,,,,,,,,,,,,,,,,,,,,,,,,,,,,,,,,,,,,,,,,,,,,,,,,,,,,,,,,,,,,,,,,,,,,,,,,,,,,,,,,,,,,,,,,,,,,,,,,,,,,,,,,,
2026032006,3.513,0.0,0.0,0.0,0.0,0.0,0.001,0.094,0.352,0.617,0.0,1.015,1.43,1.939,2.558,3.451,4.488,5.971,8.101,10.894,15.605,26.892,62.0,0.0,8.0,0.0,3.0,35.0,1.0,0.0,19.0,0.0,0.254,,,,,,,,,,,,,,,,,,,,,,,,,,,,,,,,,,,,,,,,,,,,,,,,,,,,,,,,,,,,,,,,,,2.286,0.0,0.0,0.0,0.0,0.0,0.0,0.0,0.0,0.002,0.0,0.09,0.296,0.526,0.857,1.314,1.853,2.559,4.023,5.722,8.473,13.37,46.0,2.0,0.0,20.0,0.0,0.0,0.0,8.0,0.0,0.0,,,,,,,,,,,,,,,,,,,,,,,,,,,,,,,,,272.7,,,,,,,,,,,,,,,,,,,0.003,,,,,,,,,,,,,,,,,,0.005,,,,,,,,,,,,,,,,,,0.0,0.0,0.0,0.0,0.0,0.0,0.003,0.01,6.0,0.0,0.0,0.0,0.0,0.0,0.0,0.0,0.0,0.0,0.005,,,,,,,,,,,,,,,,,,2.0,4.0,,,,,,,,,,,15.0,17.0,15.0,21.0,22.0,37.0,37.0,0.0,0.0,0.0,0.0,0.0,22.9,,272.12,2.24,,19.0,2.0,,0.0,,,,,,,,,,,,,,,,,,,,,,,,,0.0,0.0,0.0,0.0,0.0,0.0,0.0,0.0,0.0,0.0,0.0,0.0,0.0,0.0,,,,,,,,,,,,,10.2,9.999e+20,11.0756,5.44942,7.06879,7.7145,7.80983,8.3443,8.98088,9.54166,9.65269,10.5701,6.23299,10.6944,11.2087,11.5686,11.8357,12.5721,12.8633,13.5678,14.7377,15.8926,18.263,20.0428,45.0,8.0,1.0,0.0,0.0,0.0,4.8,0.8,1.6,2.0,2.4,2.8,2.8,3.2,3.6,4.03289,1.6,4.1334,4.641,5.07983,5.55332,6.03927,6.12767,7.03477,7.63101,8.60127,9.4323,12.3324,4.84687,2.72,1.0,1.0,0.0,0.0,0.0,0.0,0.0,10.0,2.0,9.999e+20,9.999e+20,9.999e+20,9.999e+20,9.999e+20,,,,,,,,,,,,,,,,,,,,,,,,,,,,,,,,,,,,,,,,,,,,,,,,,,,,,,,,,,,,,,,,,,,,,,,,,,,,,,,,,,,,,,,,,,,,,,,,,,,,,,,,,,,,,,,,,,,,,,,,,,,77.0,0.0,,34.0,0.0,18.0,0.0,,77.0,,,,,,,,,,,,,,,,,,,,,,,,,,,,,,,,,,,,,,,,,,,,,,,,,,,,,,,,,,,,,5.9,0.9,2.1,0.4,5.5,8.8,12.6,13.8,1536.0,632.0,824.0,528.0,1272.0,2184.0,2640.0,2856.0,,,79.0,23.0,,,,,,3.16404,275.84,2.24,279.727,272.8,275.674,276.24,276.732,277.254,277.624,278.294,279.018,279.502,274.809,279.902,280.275,280.508,280.922,280.906,281.561,281.969,282.351,283.469,284.912,288.394,0.0,0.0,2.0,0.0,0.0,0.0,0.0,0.0,,,,,,,,,,,,,,,,,,,,,,,,,,,,,,,9.999e+20,,,190.0,5.5,,2.0,,,1.0,3.0,,,,,,,575.0,240.0,240.0,240.0,,274.6,8.49036,3.2,4.8,5.2,5.2,5.6,6.0,6.8,7.2,7.5533,4.0,7.99606,8.44689,8.91945,9.35461,9.86691,10.3288,10.7587,11.2541,12.4956,14.2909,16.1163,16.0,0.0,0.0,0.0,75.0,41.0,3.2,0.0,0.8,1.2,1.2,1.6,1.6,2.0,2.4,2.4,0.8,2.8,2.8,3.2,4.0,4.0,4.4,4.8,5.2,6.0,6.8,9.75553,3.21329,2.1,1.0,0.0,0.0,0.0,36.0,0.0,12.0,2.0,3.6,4.0,
2026032007,,,,,,,,,,,,,,,,,,,,,,,,,,,,,,,,,0.254,,,,,,,,,,,,,,,,,,,,,,,,,,,,,,,,,,,,,,,,,,,,,,,,,,,,,,,,,,,,,,,,,,,,,,,,,,,,,,,,,,,,,,,,,,,,,,,,,,,,,,,,,,,,,,,,,,,,,,,,,,,,,,,,,,,,,,,,,,,,,,,,,,,,,,,,,,,,,,,,,,,,,,,,,,,,,,,,,,,,,,,,,,,,,,,,,,,,,,,,,,,,,,,,,,,,,,,,,,,,,,,,,,,,,,,,,,,,,,,,,,,,,,,,,,,,,,,,,,,,,,,,,,,,,,,,,,,,,,,,,,,,,,,,,,,,,,,,,,,,,,,,,,,,,,,,,,,,,,,,,,,,,,,,,,,,,,,,,,,,,,,,,,,,,,,,,,,,,,,,,,,,,,,,,,,,,,,,,,,,,,,,,,,,,,,,,,,,,,,,,,,,,,,,,,,,,,,,,,,,,,,,,,,,,,,,,,,,,,,,,,,,,,,,,,,,,,,,,,,,,,,,,,,,,,,,,,,,,,,,,,,,,,,,,,,,,,,,,,,,,,,,,,,,,,,,,,,,,,,,,,,,,,,,,,,,,,,,,,,,,,,,,,,,,,,,,,,,,,,,,,,,,,,,,,,,,,,,,,,,,,,,,,,,,,,,,,,,,,,,,,,,,,,,,,,,,,,,,,,,,,,,,,,,,,,,,,,,,,,,,,,,,,,,,,,,,,,,,,,,,,,,,,,,,,,,,,,,,,,,,,,,,,,,,,,,,,,,,,,,,,,,,,,,,,,,,,,,,,,,,,,,,,,,,,,,,,,,
2026032008,,,,,,,,,,,,,,,,,,,,,,,,,,,,,,,,,0.254,,,,,,,,,,,,,,,,,,,,,,,,,,,,,,,,,,,,,,,,,,,,,,,,,,,,,,,,,,,,,,,,,,,,,,,,,,,,,,,,,,,,,,,,,,,,,,,,,,,,,,,,,,,,,,,,,,,,,,,,,,,,,,,,,,,,,,,,,,,,,,,,,,,,,,,,,,,,,,,,,,,,,,,,,,,,,,,,,,,,,,,,,,,,,,,,,,,,,,,,,,,,,,,,,,,,,,,,,,,,,,,,,,,,,,,,,,,,,,,,,,,,,,,,,,,,,,,,,,,,,,,,,,,,,,,,,,,,,,,,,,,,,,,,,,,,,,,,,,,,,,,,,,,,,,,,,,,,,,,,,,,,,,,,,,,,,,,,,,,,,,,,,,,,,,,,,,,,,,,,,,,,,,,,,,,,,,,,,,,,,,,,,,,,,,,,,,,,,,,,,,,,,,,,,,,,,,,,,,,,,,,,,,,,,,,,,,,,,,,,,,,,,,,,,,,,,,,,,,,,,,,,,,,,,,,,,,,,,,,,,,,,,,,,,,,,,,,,,,,,,,,,,,,,,,,,,,,,,,,,,,,,,,,,,,,,,,,,,,,,,,,,,,,,,,,,,,,,,,,,,,,,,,,,,,,,,,,,,,,,,,,,,,,,,,,,,,,,,,,,,,,,,,,,,,,,,,,,,,,,,,,,,,,,,,,,,,,,,,,,,,,,,,,,,,,,,,,,,,,,,,,,,,,,,,,,,,,,,,,,,,,,,,,,,,,,,,,,,,,,,,,,,,,,,,,,,,,,,,,,,,,,,,,,,,,,,,,,
2026032009,,,,,,,,,,,,,,,,,,,,,,,,,,,,,,,,,0.254,,,,,,,,,,,,,,,,,,,,,,,,,,,,,,,,,,,,,,,,,,,,,,,,,,,,,,,,,,,,,,,,,,,,,,,,,,,,,,,,,,,,,,,,,,,,,,,,,,,,,,,,,,,,,,,,,,,,,,,,,,,,,,,,,,272.44,,,,,,,,,,,,,,,,,,,,,,,,,,,,,,,,,,,,,,,,,,,,,,,,,,,,,,,,,,,,,,,,,,,,,,,,,,,,,,,,,,,,,,,,,,,1.0,2.0,,,,,,,,,,,16.0,17.0,16.0,21.0,23.0,33.0,33.0,0.0,0.0,0.0,0.0,0.0,22.4,,272.09,2.17,,0.0,2.0,,,,,,,,,,,,,,,,,,,,,,,,,,,,,,,,,,,,,,,,,,,,,,,,,,,,,,9.999e+20,,,,,,,,,,,,,,,,,,,,,,,,,,,,,5.1,0.4,1.6,2.0,2.4,2.8,2.8,3.2,3.6,3.63849,1.2,4.09662,4.55237,5.03422,5.49883,5.95162,6.81159,7.27547,7.7207,8.29307,10.1246,13.8482,4.69923,3.02,4.0,1.0,0.0,0.0,0.0,0.0,0.0,9.0,,9.999e+20,9.999e+20,9.999e+20,9.999e+20,9.999e+20,,,,,,,,,,,,,,,,,,,,,,,,,,,,,,,,,,,,,,,,,,,,,,,,,,,,,,,,,,,,,,,,,,,,,,,,,,,,,,,,,,,,,,,,,,,,,,,,,,,,,,,,,,,,,,,,,,,,,,,,,,,,0.0,,31.2,0.0,19.2,0.0,,78.0,,,,,,,,,,,,,,,,,,,,,,,,,,,,,,,,,,,,,,,,,,,,,,,,,,,,,,,,,,,,,6.1,1.0,2.2,0.2,5.7,9.5,13.6,13.8,1496.0,592.0,696.0,528.0,1328.0,2168.0,2664.0,2784.0,,,78.0,21.0,,,,,,,275.34,2.2,,,,,,,,,,,,,,,,,,,,,,,,,,,,,,,,,,,,,,,,,,,,,,,,,,,,,,,,,,,,,9.999e+20,,,200.0,5.4,,,,,,3.0,,,,,,,416.0,240.0,240.0,240.0,,274.0,,,,,,,,,,,,,,,,,,,,,,,,,,,,,3.2,0.0,0.8,1.2,1.2,1.6,1.6,2.0,2.0,2.4,0.4,2.8,2.8,3.2,4.0,4.4,4.4,5.2,5.6,6.0,7.2,9.2,3.20335,2.2,0.0,0.0,0.0,0.0,38.0,0.0,15.0,1.0,3.6,4.0,
2026032010,,,,,,,,,,,,,,,,,,,,,,,,,,,,,,,,,0.254,,,,,,,,,,,,,,,,,,,,,,,,,,,,,,,,,,,,,,,,,,,,,,,,,,,,,,,,,,,,,,,,,,,,,,,,,,,,,,,,,,,,,,,,,,,,,,,,,,,,,,,,,,,,,,,,,,,,,,,,,,,,,,,,,,,,,,,,,,,,,,,,,,,,,,,,,,,,,,,,,,,,,,,,,,,,,,,,,,,,,,,,,,,,,,,,,,,,,,,,,,,,,,,,,,,,,,,,,,,,,,,,,,,,,,,,,,,,,,,,,,,,,,,,,,,,,,,,,,,,,,,,,,,,,,,,,,,,,,,,,,,,,,,,,,,,,,,,,,,,,,,,,,,,,,,,,,,,,,,,,,,,,,,,,,,,,,,,,,,,,,,,,,,,,,,,,,,,,,,,,,,,,,,,,,,,,,,,,,,,,,,,,,,,,,,,,,,,,,,,,,,,,,,,,,,,,,,,,,,,,,,,,,,,,,,,,,,,,,,,,,,,,,,,,,,,,,,,,,,,,,,,,,,,,,,,,,,,,,,,,,,,,,,,,,,,,,,,,,,,,,,,,,,,,,,,,,,,,,,,,,,,,,,,,,,,,,,,,,,,,,,,,,,,,,,,,,,,,,,,,,,,,,,,,,,,,,,,,,,,,,,,,,,,,,,,,,,,,,,,,,,,,,,,,,,,,,,,,,,,,,,,,,,,,,,,,,,,,,,,,,,,,,,,,,,,,,,,,,,,,,,,,,,,,,,,,,,,,,,,,,,,,,,,,,,,,,,,,,,,,,,,,,,,,,,,,,,,,,,,,,,,,,,,,,,,,,,,
2026032011,,,,,,,,,,,,,,,,,,,,,,,,,,,,,,,,,0.254,,,,,,,,,,,,,,,,,,,,,,,,,,,,,,,,,,,,,,,,,,,,,,,,,,,,,,,,,,,,,,,,,,,,,,,,,,,,,,,,,,,,,,,,,,,,,,,,,,,,,,,,,,,,,,,,,,,,,,,,,,,,,,,,,,,,,,,,,,,,,,,,,,,,,,,,,,,,,,,,,,,,,,,,,,,,,,,,,,,,,,,,,,,,,,,,,,,,,,,,,,,,,,,,,,,,,,,,,,,,,,,,,,,,,,,,,,,,,,,,,,,,,,,,,,,,,,,,,,,,,,,,,,,,,,,,,,,,,,,,,,,,,,,,,,,,,,,,,,,,,,,,,,,,,,,,,,,,,,,,,,,,,,,,,,,,,,,,,,,,,,,,,,,,,,,,,,,,,,,,,,,,,,,,,,,,,,,,,,,,,,,,,,,,,,,,,,,,,,,,,,,,,,,,,,,,,,,,,,,,,,,,,,,,,,,,,,,,,,,,,,,,,,,,,,,,,,,,,,,,,,,,,,,,,,,,,,,,,,,,,,,,,,,,,,,,,,,,,,,,,,,,,,,,,,,,,,,,,,,,,,,,,,,,,,,,,,,,,,,,,,,,,,,,,,,,,,,,,,,,,,,,,,,,,,,,,,,,,,,,,,,,,,,,,,,,,,,,,,,,,,,,,,,,,,,,,,,,,,,,,,,,,,,,,,,,,,,,,,,,,,,,,,,,,,,,,,,,,,,,,,,,,,,,,,,,,,,,,,,,,,,,,,,,,,,,,,,,,,,,,,,,,,,,,,,,,,,,,,,,,,,,,,,,,,,,,,,,
2026032012,3.237,0.0,0.0,0.0,0.0,0.0,0.0,0.0,0.01,0.172,0.0,0.481,0.84,1.368,2.105,3.014,4.503,5.994,8.604,10.897,14.372,23.843,53.0,0.0,7.0,0.0,2.0,32.0,1.0,0.0,19.0,0.0,0.254,,9.445,0.0,0.0,0.031,0.358,0.834,1.321,1.962,2.808,3.894,0.0,5.039,6.169,7.395,9.24,11.317,13.359,15.763,19.92,26.156,35.638,51.856,82.0,0.0,27.0,0.0,0.0,0.0,11.0,1.0,44.0,0.0,25.072,1.298,7.81,10.191,11.982,13.61,15.15,16.682,18.279,19.691,4.835,21.268,22.951,24.89,26.852,29.747,32.534,36.182,40.651,46.252,58.048,84.132,78.0,0.0,98.0,0.0,39.0,0.0,0.0,0.0,8.0,2.0,1.524,0.0,0.0,0.0,0.0,0.0,0.0,0.0,0.0,0.0,0.0,0.0,0.0,0.167,0.509,1.077,1.957,3.1,4.438,5.987,8.025,14.656,39.0,1.0,0.0,22.0,0.0,0.0,0.0,9.0,0.0,0.0,44.77,5.551,19.755,24.063,28.148,31.029,33.263,35.644,38.006,40.102,15.059,42.391,44.587,46.849,49.898,52.735,55.757,58.802,62.756,71.242,82.346,113.735,0.0,0.0,84.0,0.0,0.0,33.0,0.0,99.0,0.0,7.0,271.97,,,,,,,,,,,,,,,,,,,0.005,0.0,0.0,0.0,0.0,0.005,0.015,0.02,20.0,2.0,0.0,0.0,0.0,0.0,0.0,0.0,0.0,0.0,0.005,0.0,0.0,0.0,0.0,0.005,0.02,0.023,3.0,0.0,0.0,0.0,0.0,0.0,0.0,0.0,0.0,0.0,0.0,0.0,0.0,0.0,0.0,0.0,0.003,0.005,7.0,0.0,0.0,0.0,0.0,0.0,0.0,0.0,0.0,0.0,0.005,0.0,0.0,0.0,0.0,0.005,0.02,0.023,3.0,0.0,0.0,0.0,0.0,0.0,0.0,0.0,0.0,0.0,1.0,2.0,,,,,,,,,,,16.0,19.0,16.0,21.0,23.0,30.0,31.0,0.0,0.0,0.0,0.0,0.0,22.0,,271.35,2.25,,0.0,2.0,,0.0,0.0,0.0,0.0,0.0,0.0,0.0,0.0,0.0,0.0,0.0,0.0,0.0,0.0,0.0,0.0,0.0,0.0,0.0,0.0,0.0,0.0,0.0,0.0,0.0,0.0,0.0,0.0,0.0,0.0,0.0,0.0,0.0,0.0,0.0,0.0,0.0,0.0,0.0,0.0,0.0,0.0,0.0,0.0,0.0,0.0,0.0,0.0,0.0,0.0,0.0,9.2,9.999e+20,,,,,,,,,,,,,,,,,,,,,,,,,,,,,5.0,0.4,2.0,2.0,2.4,2.8,3.2,3.2,3.6,4.0,1.2,4.04571,4.90882,5.32165,5.37348,6.22409,6.29398,7.18049,8.06501,8.61946,10.0539,12.0236,5.02471,2.82,1.0,1.0,0.0,0.0,0.0,0.0,0.0,11.0,2.0,9.999e+20,9.999e+20,9.999e+20,9.999e+20,9.999e+20,,,,,,,,,,,,,,,,,,,,,,,,,,,,,,,,,,,,,,,,,,,,,,,,,,,,,,,,,,,,,,,,,,,,,,,,,,,,,,,,,,,,,,,,,,,,,,,,,,,,,,,,,,,,,,,,,,,,,,,,,,,,0.0,4.0,32.4,0.0,19.2,0.0,,75.0,,,,,,,,,,,,,,,,,,,,,,,,,,,,,,,,,,,,,,,,,,,,,,,,,,,,,,,,,,,,,6.4,0.9,1.7,0.0,6.0,10.2,13.7,14.8,1472.0,552.0,680.0,504.0,1192.0,2272.0,2584.0,2712.0,,,78.0,23.0,,,,273.96,1.95,,275.31,2.26,,,,,,,,,,,,,,,,,,,,,,,,,,,,,,,,,,,,,,,,,,,,,,,,,,,,,,,,,,,,,9.999e+20,,,200.0,4.5,7.0,1.0,,,1.0,2.0,,,,,,,519.0,250.0,250.0,250.0,,274.1,,,,,,,,,,,,,,,,,,,,,,,,,,,,,3.2,0.0,0.8,1.2,1.2,1.6,2.0,2.0,2.4,2.8,0.4,2.8,3.2,3.6,4.0,4.4,4.8,5.2,5.6,6.4,7.6,9.2,3.2,2.2,0.0,0.0,0.0,0.0,38.0,0.0,16.0,2.0,3.6,4.0,
2026032013,,,,,,,,,,,,,,,,,,,,,,,,,,,,,,,,,0.254,,,,,,,,,,,,,,,,,,,,,,,,,,,,,,,,,,,,,,,,,,,,,,,,,,,,,,,,,,,,,,,,,,,,,,,,,,,,,,,,,,,,,,,,,,,,,,,,,,,,,,,,,,,,,,,,,,,,,,,,,,,,,,,,,,,,,,,,,,,,,,,,,,,,,,,,,,,,,,,,,,,,,,,,,,,,,,,,,,,,,,,,,,,,,,,,,,,,,,,,,,,,,,,,,,,,,,,,,,,,,,,,,,,,,,,,,,,,,,,,,,,,,,,,,,,,,,,,,,,,,,,,,,,,,,,,,,,,,,,,,,,,,,,,,,,,,,,,,,,,,,,,,,,,,,,,,,,,,,,,,,,,,,,,,,,,,,,,,,,,,,,,,,,,,,,,,,,,,,,,,,,,,,,,,,,,,,,,,,,,,,,,,,,,,,,,,,,,,,,,,,,,,,,,,,,,,,,,,,,,,,,,,,,,,,,,,,,,,,,,,,,,,,,,,,,,,,,,,,,,,,,,,,,,,,,,,,,,,,,,,,,,,,,,,,,,,,,,,,,,,,,,,,,,,,,,,,,,,,,,,,,,,,,,,,,,,,,,,,,,,,,,,,,,,,,,,,,,,,,,,,,,,,,,,,,,,,,,,,,,,,,,,,,,,,,,,,,,,,,,,,,,,,,,,,,,,,,,,,,,,,,,,,,,,,,,,,,,,,,,,,,,,,,,,,,,,,,,,,,,,,,,,,,,,,,,,,,,,,,,,,,,,,,,,,,,,,,,,,,,,,,,,,,,,,,,,,,,,,,,,,,,,,,,,,,,,,,,
2026032014,,,,,,,,,,,,,,,,,,,,,,,,,,,,,,,,,0.254,,,,,,,,,,,,,,,,,,,,,,,,,,,,,,,,,,,,,,,,,,,,,,,,,,,,,,,,,,,,,,,,,,,,,,,,,,,,,,,,,,,,,,,,,,,,,,,,,,,,,,,,,,,,,,,,,,,,,,,,,,,,,,,,,,,,,,,,,,,,,,,,,,,,,,,,,,,,,,,,,,,,,,,,,,,,,,,,,,,,,,,,,,,,,,,,,,,,,,,,,,,,,,,,,,,,,,,,,,,,,,,,,,,,,,,,,,,,,,,,,,,,,,,,,,,,,,,,,,,,,,,,,,,,,,,,,,,,,,,,,,,,,,,,,,,,,,,,,,,,,,,,,,,,,,,,,,,,,,,,,,,,,,,,,,,,,,,,,,,,,,,,,,,,,,,,,,,,,,,,,,,,,,,,,,,,,,,,,,,,,,,,,,,,,,,,,,,,,,,,,,,,,,,,,,,,,,,,,,,,,,,,,,,,,,,,,,,,,,,,,,,,,,,,,,,,,,,,,,,,,,,,,,,,,,,,,,,,,,,,,,,,,,,,,,,,,,,,,,,,,,,,,,,,,,,,,,,,,,,,,,,,,,,,,,,,,,,,,,,,,,,,,,,,,,,,,,,,,,,,,,,,,,,,,,,,,,,,,,,,,,,,,,,,,,,,,,,,,,,,,,,,,,,,,,,,,,,,,,,,,,,,,,,,,,,,,,,,,,,,,,,,,,,,,,,,,,,,,,,,,,,,,,,,,,,,,,,,,,,,,,,,,,,,,,,,,,,,,,,,,,,,,,,,,,,,,,,,,,,,,,,,,,,,,,,,,,,,
2026032015,,,,,,,,,,,,,,,,,,,,,,,,,,,,,,,,,0.254,,,,,,,,,,,,,,,,,,,,,,,,,,,,,,,,,,,,,,,,,,,,,,,,,,,,,,,,,,,,,,,,,,,,,,,,,,,,,,,,,,,,,,,,,,,,,,,,,,,,,,,,,,,,,,,,,,,,,,,,,,,,,,,,,,271.72,,,,,,,,,,,,,,,,,,,,,,,,,,,,,,,,,,,,,,,,,,,,,,,,,,,,,,,,,,,,,,,,,,,,,,,,,,,,,,,,,,,,,,,,,,,2.0,2.0,,,,,,,,,,,16.0,19.0,16.0,20.0,21.0,32.0,32.0,0.0,0.0,0.0,0.0,0.0,21.9,,271.46,2.13,,0.0,0.0,,,,,,,,,,,,,,,,,,,,,,,,,,,,,,,,,,,,,,,,,,,,,,,,,,,,,,9.999e+20,,,,,,,,,,,,,,,,,,,,,,,,,,,,,5.1,1.2,2.4,2.4,2.8,3.2,3.6,3.6,4.0,4.03987,2.0,4.10093,4.92366,4.9537,5.80752,6.23251,6.6692,7.15097,7.74372,8.365,10.2327,14.5185,5.09765,2.82,3.0,1.0,1.0,0.0,0.0,0.0,0.0,9.0,,9.999e+20,9.999e+20,9.999e+20,9.999e+20,9.999e+20,,,,,,,,,,,,,,,,,,,,,,,,,,,,,,,,,,,,,,,,,,,,,,,,,,,,,,,,,,,,,,,,,,,,,,,,,,,,,,,,,,,,,,,,,,,,,,,,,,,,,,,,,,,,,,,,,,,,,,,,,,,,0.0,,33.6,0.0,22.8,0.0,,76.0,,,,,,,,,,,,,,,,,,,,,,,,,,,,,,,,,,,,,,,,,,,,,,,,,,,,,,,,,,,,,6.5,0.7,2.0,0.2,6.1,10.8,13.7,14.9,1440.0,504.0,640.0,424.0,1168.0,2192.0,2560.0,2664.0,,,82.0,11.0,,,,,,,275.38,2.12,,,,,,,,,,,,,,,,,,,,,,,,,,,,,,,,,,,,,,,,,,,,,,,,,,,,,,,,,,,,,9.999e+20,,,200.0,4.5,,,,,,2.0,,,,,,,980.0,210.0,210.0,210.0,,274.2,,,,,,,,,,,,,,,,,,,,,,,,,,,,,3.6,0.4,1.2,1.6,1.6,2.0,2.0,2.4,2.8,2.8,0.8,2.8,3.2,3.6,4.0,4.4,4.8,5.2,5.2,6.4,7.6,11.6,3.6,2.32,1.0,0.0,0.0,0.0,40.0,0.0,12.0,3.0,4.0,4.4,
2026032016,,,,,,,,,,,,,,,,,,,,,,,,,,,,,,,,,0.254,,,,,,,,,,,,,,,,,,,,,,,,,,,,,,,,,,,,,,,,,,,,,,,,,,,,,,,,,,,,,,,,,,,,,,,,,,,,,,,,,,,,,,,,,,,,,,,,,,,,,,,,,,,,,,,,,,,,,,,,,,,,,,,,,,,,,,,,,,,,,,,,,,,,,,,,,,,,,,,,,,,,,,,,,,,,,,,,,,,,,,,,,,,,,,,,,,,,,,,,,,,,,,,,,,,,,,,,,,,,,,,,,,,,,,,,,,,,,,,,,,,,,,,,,,,,,,,,,,,,,,,,,,,,,,,,,,,,,,,,,,,,,,,,,,,,,,,,,,,,,,,,,,,,,,,,,,,,,,,,,,,,,,,,,,,,,,,,,,,,,,,,,,,,,,,,,,,,,,,,,,,,,,,,,,,,,,,,,,,,,,,,,,,,,,,,,,,,,,,,,,,,,,,,,,,,,,,,,,,,,,,,,,,,,,,,,,,,,,,,,,,,,,,,,,,,,,,,,,,,,,,,,,,,,,,,,,,,,,,,,,,,,,,,,,,,,,,,,,,,,,,,,,,,,,,,,,,,,,,,,,,,,,,,,,,,,,,,,,,,,,,,,,,,,,,,,,,,,,,,,,,,,,,,,,,,,,,,,,,,,,,,,,,,,,,,,,,,,,,,,,,,,,,,,,,,,,,,,,,,,,,,,,,,,,,,,,,,,,,,,,,,,,,,,,,,,,,,,,,,,,,,,,,,,,,,,,,,,,,,,,,,,,,,,,,,,,,,,,,,,,,,,,,,,,,,,,,,,,,,,,,,,,,,,,,,,,,,
2026032017,,,,,,,,,,,,,,,,,,,,,,,,,,,,,,,,,0.254,,,,,,,,,,,,,,,,,,,,,,,,,,,,,,,,,,,,,,,,,,,,,,,,,,,,,,,,,,,,,,,,,,,,,,,,,,,,,,,,,,,,,,,,,,,,,,,,,,,,,,,,,,,,,,,,,,,,,,,,,,,,,,,,,,,,,,,,,,,,,,,,,,,,,,,,,,,,,,,,,,,,,,,,,,,,,,,,,,,,,,,,,,,,,,,,,,,,,,,,,,,,,,,,,,,,,,,,,,,,,,,,,,,,,,,,,,,,,,,,,,,,,,,,,,,,,,,,,,,,,,,,,,,,,,,,,,,,,,,,,,,,,,,,,,,,,,,,,,,,,,,,,,,,,,,,,,,,,,,,,,,,,,,,,,,,,,,,,,,,,,,,,,,,,,,,,,,,,,,,,,,,,,,,,,,,,,,,,,,,,,,,,,,,,,,,,,,,,,,,,,,,,,,,,,,,,,,,,,,,,,,,,,,,,,,,,,,,,,,,,,,,,,,,,,,,,,,,,,,,,,,,,,,,,,,,,,,,,,,,,,,,,,,,,,,,,,,,,,,,,,,,,,,,,,,,,,,,,,,,,,,,,,,,,,,,,,,,,,,,,,,,,,,,,,,,,,,,,,,,,,,,,,,,,,,,,,,,,,,,,,,,,,,,,,,,,,,,,,,,,,,,,,,,,,,,,,,,,,,,,,,,,,,,,,,,,,,,,,,,,,,,,,,,,,,,,,,,,,,,,,,,,,,,,,,,,,,,,,,,,,,,,,,,,,,,,,,,,,,,,,,,,,,,,,,,,,,,,,,,,,,,,,,,,,,,,,,,
2026032018,3.57,0.0,0.0,0.0,0.0,0.0,0.0,0.0,0.001,0.214,0.0,0.554,1.102,1.794,2.588,3.688,5.293,6.862,8.441,11.296,15.048,27.372,54.0,0.0,7.0,0.0,3.0,35.0,1.0,0.0,21.0,0.0,0.254,,,,,,,,,,,,,,,,,,,,,,,,,,,,,,,,,,,,,,,,,,,,,,,,,,,,,,,,,,,,,,,,,,2.286,0.0,0.0,0.0,0.0,0.0,0.0,0.0,0.0,0.023,0.0,0.178,0.456,0.875,1.325,1.883,2.593,3.489,4.83,6.286,8.646,16.887,49.0,3.0,1.0,26.0,0.0,0.0,0.0,10.0,0.0,0.0,,,,,,,,,,,,,,,,,,,,,,,,,,,,,,,,,273.49,,,,,,,,,,,,,,,,,,,0.005,,,,,,,,,,,,,,,,,,0.008,,,,,,,,,,,,,,,,,,0.003,0.0,0.0,0.0,0.0,0.0,0.005,0.01,11.0,1.0,0.0,0.0,0.0,0.0,0.0,0.0,0.0,0.0,0.008,,,,,,,,,,,,,,,,,,3.0,2.0,,,,,,,,,,,17.0,19.0,17.0,19.0,21.0,35.0,35.0,0.0,0.0,0.0,0.0,0.0,22.2,,272.67,2.64,,21.0,1.0,,0.0,,,,,,,,,,,,,,,,,,,,,,,,,0.0,0.0,0.0,0.0,0.0,0.0,0.0,0.0,0.0,0.0,0.0,0.0,0.0,0.0,,,,,,,,,,,,,11.0,9.999e+20,,,,,,,,,,,,,,,,,,,,,,,,,,,,,6.1,1.6,2.8,3.2,3.6,3.7055,4.17684,4.2193,4.35563,4.44102,2.4,4.94315,5.50854,6.12759,6.21873,6.73164,7.28633,7.85552,8.76167,9.37604,12.1687,18.8778,6.06634,3.32,7.0,1.0,1.0,1.0,0.0,0.0,0.0,14.0,2.0,9.999e+20,9.999e+20,9.999e+20,9.999e+20,9.999e+20,,,,,,,,,,,,,,,,,,,,,,,,,,,,,,,,,,,,,,,,,,,,,,,,,,,,,,,,,,,,,,,,,,,,,,,,,,,,,,,,,,,,,,,,,,,,,,,,,,,,,,,,,,,,,,,,,,,,,,,,,,78.0,,488.0,,34.8,0.0,22.8,0.0,,73.0,,,,,,,,,,,,,,,,,,,,,,,,,,,,,,,,,,,,,,,,,,,,,,,,,,,,,,,,,,,,,6.5,0.5,2.9,0.1,5.5,10.9,13.5,14.2,1456.0,496.0,704.0,440.0,1320.0,2112.0,2544.0,2696.0,,,78.0,10.0,,,,,,3.91655,276.85,2.66,,,,,,,,,,,,,,,,,,,,,,,,,,,,,,,276.098,268.104,270.701,271.871,272.129,272.751,273.586,273.94,274.963,275.252,269.375,275.732,276.693,277.35,277.503,278.354,278.743,280.049,280.467,281.078,282.323,283.693,0.0,0.0,0.0,0.0,0.0,12.0,29.0,0.0,9.999e+20,,,240.0,3.9,,1.0,,,1.0,2.0,,,,,,,3921.0,250.0,250.0,250.0,,276.3,,,,,,,,,,,,,,,,,,,,,,,,,,,,,4.0,0.8,1.6,1.6,2.0,2.4,2.4,2.8,2.8,2.8,1.2,3.2,3.6,4.0,4.0,4.8,4.8,5.2,6.0,7.2,8.4,14.4,4.01343,2.6,1.0,1.0,0.0,0.0,45.0,0.0,18.0,4.0,4.4,4.8,
2026032019,,,,,,,,,,,,,,,,,,,,,,,,,,,,,,,,,0.254,,,,,,,,,,,,,,,,,,,,,,,,,,,,,,,,,,,,,,,,,,,,,,,,,,,,,,,,,,,,,,,,,,,,,,,,,,,,,,,,,,,,,,,,,,,,,,,,,,,,,,,,,,,,,,,,,,,,,,,,,,,,,,,,,,,,,,,,,,,,,,,,,,,,,,,,,,,,,,,,,,,,,,,,,,,,,,,,,,,,,,,,,,,,,,,,,,,,,,,,,,,,,,,,,,,,,,,,,,,,,,,,,,,,,,,,,,,,,,,,,,,,,,,,,,,,,,,,,,,,,,,,,,,,,,,,,,,,,,,,,,,,,,,,,,,,,,,,,,,,,,,,,,,,,,,,,,,,,,,,,,,,,,,,,,,,,,,,,,,,,,,,,,,,,,,,,,,,,,,,,,,,,,,,,,,,,,,,,,,,,,,,,,,,,,,,,,,,,,,,,,,,,,,,,,,,,,,,,,,,,,,,,,,,,,,,,,,,,,,,,,,,,,,,,,,,,,,,,,,,,,,,,,,,,,,,,,,,,,,,,,,,,,,,,,,,,,,,,,,,,,,,,,,,,,,,,,,,,,,,,,,,,,,,,,,,,,,,,,,,,,,,,,,,,,,,,,,,,,,,,,,,,,,,,,,,,,,,,,,,,,,,,,,,,,,,,,,,,,,,,,,,,,,,,,,,,,,,,,,,,,,,,,,,,,,,,,,,,,,,,,,,,,,,,,,,,,,,,,,,,,,,,,,,,,,,,,,,,,,,,,,,,,,,,,,,,,,,,,,,,,,,,,,,,,,,,,,,,,,,,,,,,,,,,,,,,,,,
2026032020,,,,,,,,,,,,,,,,,,,,,,,,,,,,,,,,,0.254,,,,,,,,,,,,,,,,,,,,,,,,,,,,,,,,,,,,,,,,,,,,,,,,,,,,,,,,,,,,,,,,,,,,,,,,,,,,,,,,,,,,,,,,,,,,,,,,,,,,,,,,,,,,,,,,,,,,,,,,,,,,,,,,,,,,,,,,,,,,,,,,,,,,,,,,,,,,,,,,,,,,,,,,,,,,,,,,,,,,,,,,,,,,,,,,,,,,,,,,,,,,,,,,,,,,,,,,,,,,,,,,,,,,,,,,,,,,,,,,,,,,,,,,,,,,,,,,,,,,,,,,,,,,,,,,,,,,,,,,,,,,,,,,,,,,,,,,,,,,,,,,,,,,,,,,,,,,,,,,,,,,,,,,,,,,,,,,,,,,,,,,,,,,,,,,,,,,,,,,,,,,,,,,,,,,,,,,,,,,,,,,,,,,,,,,,,,,,,,,,,,,,,,,,,,,,,,,,,,,,,,,,,,,,,,,,,,,,,,,,,,,,,,,,,,,,,,,,,,,,,,,,,,,,,,,,,,,,,,,,,,,,,,,,,,,,,,,,,,,,,,,,,,,,,,,,,,,,,,,,,,,,,,,,,,,,,,,,,,,,,,,,,,,,,,,,,,,,,,,,,,,,,,,,,,,,,,,,,,,,,,,,,,,,,,,,,,,,,,,,,,,,,,,,,,,,,,,,,,,,,,,,,,,,,,,,,,,,,,,,,,,,,,,,,,,,,,,,,,,,,,,,,,,,,,,,,,,,,,,,,,,,,,,,,,,,,,,,,,,,,,,,,,,,,,,,,,,,,,,,,,,,,,,,,,,,,,,
2026032021,,,,,,,,,,,,,,,,,,,,,,,,,,,,,,,,,0.254,,,,,,,,,,,,,,,,,,,,,,,,,,,,,,,,,,,,,,,,,,,,,,,,,,,,,,,,,,,,,,,,,,,,,,,,,,,,,,,,,,,,,,,,,,,,,,,,,,,,,,,,,,,,,,,,,,,,,,,,,,,,,,,,,,275.35,,,,,,,,,,,,,,,,,,,,,,,,,,,,,,,,,,,,,,,,,,,,,,,,,,,,,,,,,,,,,,,,,,,,,,,,,,,,,,,,,,,,,,,,,,,4.0,1.0,,,,,,,,,,,15.0,17.0,15.0,19.0,21.0,37.0,37.0,0.0,0.0,0.0,0.0,0.0,21.8,,274.02,3.32,,217.0,1.0,,,,,,,,,,,,,,,,,,,,,,,,,,,,,,,,,,,,,,,,,,,,,,,,,,,,,,9.999e+20,,,,,,,,,,,,,,,,,,,,,,,,,,,,,6.6,1.6,3.2,3.53551,3.65101,4.15775,4.30166,4.58525,5.11685,5.25285,3.2,5.87791,6.39116,6.54692,6.85059,7.37071,8.25166,8.83085,9.70107,12.2768,13.0886,19.7289,6.61266,3.6,13.0,2.0,1.0,1.0,0.0,0.0,0.0,21.0,,9.999e+20,9.999e+20,9.999e+20,9.999e+20,9.999e+20,,,,,,,,,,,,,,,,,,,,,,,,,,,,,,,,,,,,,,,,,,,,,,,,,,,,,,,,,,,,,,,,,,,,,,,,,,,,,,,,,,,,,,,,,,,,,,,,,,,,,,,,,,,,,,,,,,,,,,,,,,,,672.0,,34.8,0.0,24.0,0.0,,72.0,,,,,,,,,,,,,,,,,,,,,,,,,,,,,,,,,,,,,,,,,,,,,,,,,,,,,,,,,,,,,6.4,0.5,2.4,0.0,5.4,10.9,13.2,13.6,1504.0,576.0,792.0,520.0,1336.0,2144.0,2496.0,2760.0,,,61.0,10.0,,,,,,,278.33,3.32,,,,,,,,,,,,,,,,,,,,,,,,,,,,,,,,,,,,,,,,,,,,,,,,,,,,,,,,,,,,,9.999e+20,,,190.0,4.3,,,,,,2.0,,,,,,,5222.0,230.0,230.0,230.0,,278.6,,,,,,,,,,,,,,,,,,,,,,,,,,,,,4.4,0.4,1.6,2.0,2.0,2.4,2.8,2.8,3.2,3.2,1.2,3.6,4.0,4.0,4.4,4.8,5.68869,6.31092,7.25575,8.92369,9.84875,15.5994,4.38711,2.92,2.0,1.0,0.0,0.0,52.0,0.0,26.0,11.0,4.9,5.4,
2026032022,,,,,,,,,,,,,,,,,,,,,,,,,,,,,,,,,0.254,,,,,,,,,,,,,,,,,,,,,,,,,,,,,,,,,,,,,,,,,,,,,,,,,,,,,,,,,,,,,,,,,,,,,,,,,,,,,,,,,,,,,,,,,,,,,,,,,,,,,,,,,,,,,,,,,,,,,,,,,,,,,,,,,,,,,,,,,,,,,,,,,,,,,,,,,,,,,,,,,,,,,,,,,,,,,,,,,,,,,,,,,,,,,,,,,,,,,,,,,,,,,,,,,,,,,,,,,,,,,,,,,,,,,,,,,,,,,,,,,,,,,,,,,,,,,,,,,,,,,,,,,,,,,,,,,,,,,,,,,,,,,,,,,,,,,,,,,,,,,,,,,,,,,,,,,,,,,,,,,,,,,,,,,,,,,,,,,,,,,,,,,,,,,,,,,,,,,,,,,,,,,,,,,,,,,,,,,,,,,,,,,,,,,,,,,,,,,,,,,,,,,,,,,,,,,,,,,,,,,,,,,,,,,,,,,,,,,,,,,,,,,,,,,,,,,,,,,,,,,,,,,,,,,,,,,,,,,,,,,,,,,,,,,,,,,,,,,,,,,,,,,,,,,,,,,,,,,,,,,,,,,,,,,,,,,,,,,,,,,,,,,,,,,,,,,,,,,,,,,,,,,,,,,,,,,,,,,,,,,,,,,,,,,,,,,,,,,,,,,,,,,,,,,,,,,,,,,,,,,,,,,,,,,,,,,,,,,,,,,,,,,,,,,,,,,,,,,,,,,,,,,,,,,,,,,,,,,,,,,,,,,,,,,,,,,,,,,,,,,,,,,,,,,,,,,,,,,,,,,,,,,,,,,,,,,,,,
2026032023,,,,,,,,,,,,,,,,,,,,,,,,,,,,,,,,,0.254,,,,,,,,,,,,,,,,,,,,,,,,,,,,,,,,,,,,,,,,,,,,,,,,,,,,,,,,,,,,,,,,,,,,,,,,,,,,,,,,,,,,,,,,,,,,,,,,,,,,,,,,,,,,,,,,,,,,,,,,,,,,,,,,,,,,,,,,,,,,,,,,,,,,,,,,,,,,,,,,,,,,,,,,,,,,,,,,,,,,,,,,,,,,,,,,,,,,,,,,,,,,,,,,,,,,,,,,,,,,,,,,,,,,,,,,,,,,,,,,,,,,,,,,,,,,,,,,,,,,,,,,,,,,,,,,,,,,,,,,,,,,,,,,,,,,,,,,,,,,,,,,,,,,,,,,,,,,,,,,,,,,,,,,,,,,,,,,,,,,,,,,,,,,,,,,,,,,,,,,,,,,,,,,,,,,,,,,,,,,,,,,,,,,,,,,,,,,,,,,,,,,,,,,,,,,,,,,,,,,,,,,,,,,,,,,,,,,,,,,,,,,,,,,,,,,,,,,,,,,,,,,,,,,,,,,,,,,,,,,,,,,,,,,,,,,,,,,,,,,,,,,,,,,,,,,,,,,,,,,,,,,,,,,,,,,,,,,,,,,,,,,,,,,,,,,,,,,,,,,,,,,,,,,,,,,,,,,,,,,,,,,,,,,,,,,,,,,,,,,,,,,,,,,,,,,,,,,,,,,,,,,,,,,,,,,,,,,,,,,,,,,,,,,,,,,,,,,,,,,,,,,,,,,,,,,,,,,,,,,,,,,,,,,,,,,,,,,,,,,,,,,,,,,,,,,,,,,,,,,,,,,,,,,,,,,,,,,
2026032100,3.751,0.0,0.0,0.0,0.0,0.0,0.0,0.0,0.073,0.401,0.0,0.988,1.648,2.429,3.217,4.379,5.589,6.953,8.979,11.549,15.599,25.639,57.0,0.0,8.0,0.0,3.0,39.0,1.0,0.0,22.0,0.0,0.508,,8.699,0.0,0.0,0.0,0.0,0.009,0.284,0.811,1.485,2.454,0.0,3.689,4.853,6.667,8.536,10.925,13.584,16.946,20.109,24.926,32.602,48.267,70.0,0.0,27.0,0.0,0.0,0.0,10.0,1.0,41.0,0.0,,,,,,,,,,,,,,,,,,,,,,,,,,,,,,,,,2.032,0.0,0.0,0.0,0.0,0.0,0.0,0.0,0.0,0.0,0.0,0.096,0.327,0.773,1.221,1.861,2.584,3.366,4.315,5.864,8.289,15.743,47.0,2.0,0.0,25.0,0.0,0.0,0.0,9.0,0.0,0.0,,,,,,,,,,,,,,,,,,,,,,,,,,,,,,,,,273.79,,,,,,,,,,,,,,,,,,,0.005,0.0,0.0,0.0,0.0,0.008,0.023,0.03,26.0,5.0,0.0,0.0,0.0,0.0,0.0,0.0,0.0,0.0,0.008,0.0,0.0,0.0,0.003,0.015,0.025,0.036,6.0,1.0,0.0,0.0,0.0,0.0,0.0,0.0,0.0,0.0,0.003,0.0,0.0,0.0,0.0,0.0,0.008,0.018,13.0,1.0,0.0,0.0,0.0,0.0,0.0,0.0,0.0,0.0,0.01,0.0,0.0,0.0,0.003,0.015,0.025,0.036,6.0,0.0,0.0,0.0,0.0,0.0,0.0,0.0,0.0,0.0,2.0,3.0,,,,,,,,,,,12.0,16.0,12.0,20.0,23.0,37.0,37.0,0.0,0.0,0.0,0.0,0.0,21.9,,273.53,3.7,,259.0,1.0,,0.0,0.0,0.0,0.0,0.0,0.0,0.0,0.0,0.0,0.0,0.0,0.0,0.0,0.0,0.0,0.0,0.0,0.0,0.0,0.0,0.0,0.0,0.0,0.0,0.0,0.0,0.0,0.0,0.0,0.0,0.0,0.0,0.0,0.0,0.0,0.0,0.0,0.0,0.0,0.0,0.0,0.0,0.0,0.0,0.0,0.0,0.0,0.0,0.0,0.0,0.0,12.2,9.999e+20,,,,,,,,,,,,,,,,,,,,,,,,,,,,,7.0,2.4,3.2,3.6,3.766,4.3159,4.53208,5.09958,5.55664,5.68201,2.8,6.23262,6.74079,7.65124,7.88063,8.04273,8.24213,9.16591,9.84052,11.4081,14.1021,18.6742,6.99727,3.6,11.0,3.0,2.0,0.0,0.0,0.0,0.0,23.0,2.0,9.999e+20,9.999e+20,9.999e+20,9.999e+20,9.999e+20,,,,,,,,,,,,,,,,,,,,,,,,,,,,,,,,,,,,,,,,,,,,,,,,,,,,,,,,,,,,,,,,,,,,,,,,,,,,,,,,,,,,,,,,,,,,,,,,,,,,,,,,,,,,,,,,,,,,,,,,,,,,552.0,4.0,33.6,0.0,24.0,0.0,,75.0,,,,,,,,,,,,,,,,,,,,,,,,,,,,,,,,,,,,,,,,,,,,,,,,,,,,,,,,,,,,,6.4,0.7,2.5,0.0,6.0,11.2,13.1,13.9,1528.0,600.0,768.0,544.0,1376.0,2160.0,2592.0,2800.0,,,54.0,23.0,,278.48,2.95,,,,277.78,3.67,,,,,,,,,,,,,,,,,,,,,,,,,,,,,,,,,,,,,,,,,,,,,,,,,,,,,,,,,,,,,9.999e+20,,,240.0,4.8,9.0,1.0,,,1.0,2.0,,,,,,,5148.0,260.0,260.0,260.0,,276.6,,,,,,,,,,,,,,,,,,,,,,,,,,,,,4.9,0.8,1.6,2.0,2.0,2.4,2.8,3.2,3.6,3.6,1.6,4.0,4.8,5.2,5.6,5.6,6.0,6.8,7.2,8.4,10.5989,14.2906,4.93549,3.0,4.0,0.0,0.0,0.0,58.0,0.0,33.0,9.0,5.3,6.1,
2026032101,,,,,,,,,,,,,,,,,,,,,,,,,,,,,,,,,0.508,,,,,,,,,,,,,,,,,,,,,,,,,,,,,,,,,,,,,,,,,,,,,,,,,,,,,,,,,,,,,,,,,,,,,,,,,,,,,,,,,,,,,,,,,,,,,,,,,,,,,,,,,,,,,,,,,,,,,,,,,,,,,,,,,,,,,,,,,,,,,,,,,,,,,,,,,,,,,,,,,,,,,,,,,,,,,,,,,,,,,,,,,,,,,,,,,,,,,,,,,,,,,,,,,,,,,,,,,,,,,,,,,,,,,,,,,,,,,,,,,,,,,,,,,,,,,,,,,,,,,,,,,,,,,,,,,,,,,,,,,,,,,,,,,,,,,,,,,,,,,,,,,,,,,,,,,,,,,,,,,,,,,,,,,,,,,,,,,,,,,,,,,,,,,,,,,,,,,,,,,,,,,,,,,,,,,,,,,,,,,,,,,,,,,,,,,,,,,,,,,,,,,,,,,,,,,,,,,,,,,,,,,,,,,,,,,,,,,,,,,,,,,,,,,,,,,,,,,,,,,,,,,,,,,,,,,,,,,,,,,,,,,,,,,,,,,,,,,,,,,,,,,,,,,,,,,,,,,,,,,,,,,,,,,,,,,,,,,,,,,,,,,,,,,,,,,,,,,,,,,,,,,,,,,,,,,,,,,,,,,,,,,,,,,,,,,,,,,,,,,,,,,,,,,,,,,,,,,,,,,,,,,,,,,,,,,,,,,,,,,,,,,,,,,,,,,,,,,,,,,,,,,,,,,,,,,,,,,,,,,,,,,,,,,,,,,,,,,,,,,,,,,,,,,,,,,,,,,,,,,,,,,,,,,,,,,,,,
2026032102,,,,,,,,,,,,,,,,,,,,,,,,,,,,,,,,,0.254,,,,,,,,,,,,,,,,,,,,,,,,,,,,,,,,,,,,,,,,,,,,,,,,,,,,,,,,,,,,,,,,,,,,,,,,,,,,,,,,,,,,,,,,,,,,,,,,,,,,,,,,,,,,,,,,,,,,,,,,,,,,,,,,,,,,,,,,,,,,,,,,,,,,,,,,,,,,,,,,,,,,,,,,,,,,,,,,,,,,,,,,,,,,,,,,,,,,,,,,,,,,,,,,,,,,,,,,,,,,,,,,,,,,,,,,,,,,,,,,,,,,,,,,,,,,,,,,,,,,,,,,,,,,,,,,,,,,,,,,,,,,,,,,,,,,,,,,,,,,,,,,,,,,,,,,,,,,,,,,,,,,,,,,,,,,,,,,,,,,,,,,,,,,,,,,,,,,,,,,,,,,,,,,,,,,,,,,,,,,,,,,,,,,,,,,,,,,,,,,,,,,,,,,,,,,,,,,,,,,,,,,,,,,,,,,,,,,,,,,,,,,,,,,,,,,,,,,,,,,,,,,,,,,,,,,,,,,,,,,,,,,,,,,,,,,,,,,,,,,,,,,,,,,,,,,,,,,,,,,,,,,,,,,,,,,,,,,,,,,,,,,,,,,,,,,,,,,,,,,,,,,,,,,,,,,,,,,,,,,,,,,,,,,,,,,,,,,,,,,,,,,,,,,,,,,,,,,,,,,,,,,,,,,,,,,,,,,,,,,,,,,,,,,,,,,,,,,,,,,,,,,,,,,,,,,,,,,,,,,,,,,,,,,,,,,,,,,,,,,,,,,,,,,,,,,,,,,,,,,,,,,,,,,,,,,,,,,
2026032103,,,,,,,,,,,,,,,,,,,,,,,,,,,,,,,,,0.254,,,,,,,,,,,,,,,,,,,,,,,,,,,,,,,,,,,,,,,,,,,,,,,,,,,,,,,,,,,,,,,,,,,,,,,,,,,,,,,,,,,,,,,,,,,,,,,,,,,,,,,,,,,,,,,,,,,,,,,,,,,,,,,,,,,,,,,,,,,,,,,,,,,,,,,,,,,,,,,,,,,,,,,,,,,,,,,,,,,,,,,,,,,,,,,,,,,,,,,,,,,,,,,,,,,,,,,,,,,,,,,,,,,,,,,,,,,,,,,,,,,,,,,,,,,,,,,,,,,,,,,,,,,,,,,,,,,,,,,,,,,,,,,,,,,,,,,,,,,,,,,,,,,,,,,,,,,,,,,,,,,,,,,,,,,,,,,1.6,2.8,3.2,3.68673,4.22237,4.27538,5.14549,5.25484,5.75455,2.0,5.88,6.39687,6.94332,7.07876,7.75453,7.89063,8.98537,10.035,12.2116,13.7963,17.6012,6.73824,3.4612,13.0,4.0,1.0,0.0,0.0,0.0,0.0,21.0,,,,,,,,,,,,,,,,,,,,,,,,,,,,,,,,,,,,,,,,,,,,,,,,,,,,,,,,,,,,,,,,,,,,,,,,,,,,,,,,,,,,,,,,,,,,,,,,,,,,,,,,,,,,,,,,,,,,,,,,,,,,,,,,,,,,,,,,,,,,,,,,,,,,,,,,,,,,,,,,,,,,,,,,,,,,,,,,,,,,,,,,,,,,,,,,,,,,,,,,,,,,,,,,,,,,,,,,,,,,,,,,,,,,,,,,,,,,,,,,,,,,,,,,,,,,,,,,,,,,,,,,,,,,,,,,,,,,,,,,,,,,,,,,,,,,,,,,,,,,,,,,,,,,,,,,,,,,,,,,,,,,,,,,,,,,,,,,,,0.8,1.6,2.0,2.0,2.4,2.8,3.2,3.6,3.6,1.2,4.0,4.4,4.8,5.2,5.6,6.0,6.4,7.6,9.2,10.9711,13.5578,4.88219,3.00978,4.0,0.0,0.0,0.0,57.0,0.0,28.0,12.0,,,
2026032104,,,,,,,,,,,,,,,,,,,,,,,,,,,,,,,,,0.254,,,,,,,,,,,,,,,,,,,,,,,,,,,,,,,,,,,,,,,,,,,,,,,,,,,,,,,,,,,,,,,,,,,,,,,,,,,,,,,,,,,,,,,,,,,,,,,,,,,,,,,,,,,,,,,,,,,,,,,,,,,,,,,,,,,,,,,,,,,,,,,,,,,,,,,,,,,,,,,,,,,,,,,,,,,,,,,,,,,,,,,,,,,,,,,,,,,,,,,,,,,,,,,,,,,,,,,,,,,,,,,,,,,,,,,,,,,,,,,,,,,,,,,,,,,,,,,,,,,,,,,,,,,,,,,,,,,,,,,,,,,,,,,,,,,,,,,,,,,,,,,,,,,,,,,,,,,,,,,,,,,,,,,,,,,,,,,,,,,,,,,,,,,,,,,,,,,,,,,,,,,,,,,,,,,,,,,,,,,,,,,,,,,,,,,,,,,,,,,,,,,,,,,,,,,,,,,,,,,,,,,,,,,,,,,,,,,,,,,,,,,,,,,,,,,,,,,,,,,,,,,,,,,,,,,,,,,,,,,,,,,,,,,,,,,,,,,,,,,,,,,,,,,,,,,,,,,,,,,,,,,,,,,,,,,,,,,,,,,,,,,,,,,,,,,,,,,,,,,,,,,,,,,,,,,,,,,,,,,,,,,,,,,,,,,,,,,,,,,,,,,,,,,,,,,,,,,,,,,,,,,,,,,,,,,,,,,,,,,,,,,,,,,,,,,,,,,,,,,,,,,,,,,,,,,,,,,,,,,,,,,,,,,,,,,,,,,,,,,,,,,,,,,,,,,,,,,,,,,,,,,,,,,,,,,,,,,,
2026032105,,,,,,,,,,,,,,,,,,,,,,,,,,,,,,,,,0.254,,,,,,,,,,,,,,,,,,,,,,,,,,,,,,,,,,,,,,,,,,,,,,,,,,,,,,,,,,,,,,,,,,,,,,,,,,,,,,,,,,,,,,,,,,,,,,,,,,,,,,,,,,,,,,,,,,,,,,,,,,,,,,,,,,,,,,,,,,,,,,,,,,,,,,,,,,,,,,,,,,,,,,,,,,,,,,,,,,,,,,,,,,,,,,,,,,,,,,,,,,,,,,,,,,,,,,,,,,,,,,,,,,,,,,,,,,,,,,,,,,,,,,,,,,,,,,,,,,,,,,,,,,,,,,,,,,,,,,,,,,,,,,,,,,,,,,,,,,,,,,,,,,,,,,,,,,,,,,,,,,,,,,,,,,,,,,,,,,,,,,,,,,,,,,,,,,,,,,,,,,,,,,,,,,,,,,,,,,,,,,,,,,,,,,,,,,,,,,,,,,,,,,,,,,,,,,,,,,,,,,,,,,,,,,,,,,,,,,,,,,,,,,,,,,,,,,,,,,,,,,,,,,,,,,,,,,,,,,,,,,,,,,,,,,,,,,,,,,,,,,,,,,,,,,,,,,,,,,,,,,,,,,,,,,,,,,,,,,,,,,,,,,,,,,,,,,,,,,,,,,,,,,,,,,,,,,,,,,,,,,,,,,,,,,,,,,,,,,,,,,,,,,,,,,,,,,,,,,,,,,,,,,,,,,,,,,,,,,,,,,,,,,,,,,,,,,,,,,,,,,,,,,,,,,,,,,,,,,,,,,,,,,,,,,,,,,,,,,,,,,,,,,,,,,,,,,,,,,,,,,,,,,,,,,,,,,,,
2026032106,3.719,0.0,0.0,0.0,0.0,0.0,0.0,0.0,0.233,0.616,0.0,1.133,1.695,2.526,3.303,4.348,5.736,6.965,8.724,10.746,14.505,26.266,60.0,0.0,7.0,0.0,2.0,40.0,1.0,0.0,23.0,0.0,0.254,,,,,,,,,,,,,,,,,,,,,,,,,,,,,,,,,,,,,,,,,,,,,,,,,,,,,,,,,,,,,,,,,,1.27,0.0,0.0,0.0,0.0,0.0,0.0,0.0,0.0,0.029,0.0,0.173,0.445,0.817,1.336,1.974,2.685,3.717,4.794,6.233,8.622,15.423,48.0,2.0,0.0,26.0,0.0,0.0,0.0,10.0,0.0,0.0,,,,,,,,,,,,,,,,,,,,,,,,,,,,,,,,,271.3,,,,,,,,,,,,,,,,,,,0.008,,,,,,,,,,,,,,,,,,0.01,,,,,,,,,,,,,,,,,,0.003,0.0,0.0,0.0,0.0,0.0,0.013,0.023,14.0,2.0,0.0,0.0,0.0,0.0,0.0,0.0,0.0,0.0,0.013,,,,,,,,,,,,,,,,,,1.0,1.0,,,,,,,,,,,12.0,15.0,11.0,24.0,26.0,35.0,35.0,0.0,0.0,0.0,0.0,0.0,22.4,,272.21,3.75,,37.0,0.0,,0.0,,,,,,,,,,,,,,,,,,,,,,,,,0.0,0.0,0.0,0.0,0.0,0.0,0.0,0.0,0.0,0.0,0.0,0.0,0.0,0.0,,,,,,,,,,,,,12.2,9.999e+20,11.0185,4.05949,7.01867,7.20566,7.78082,8.28253,8.42052,9.31193,9.52593,9.70574,5.82806,10.3419,10.3778,10.9961,11.2873,11.9951,13.4119,14.1587,14.5502,16.9174,19.4292,26.5232,37.0,9.0,4.0,2.0,0.0,0.0,6.2,0.8,2.4,2.8,3.2,3.6,4.02783,4.50469,4.94792,5.07461,2.0,5.57408,5.6548,6.52767,6.68528,7.15083,7.74034,9.09486,10.4126,10.6578,13.7336,17.6433,6.23266,3.7,8.0,4.0,1.0,1.0,0.0,0.0,0.0,21.0,2.0,9.999e+20,9.999e+20,9.999e+20,9.999e+20,9.999e+20,,,,,,,,,,,,,,,,,,,,,,,,,,,,,,,,,,,,,,,,,,,,,,,,,,,,,,,,,,,,,,,,,,,,,,,,,,,,,,,,,,,,,,,,,,,,,,,,,,,,,,,,,,,,,,,,,,,,,,,,,,,73.0,0.0,,27.6,0.0,25.2,0.0,,80.0,,,,,,,,,,,,,,,,,,,,,,,,,,,,,,,,,,,,,,,,,,,,,,,,,,,,,,,,,,,,,7.4,0.5,2.9,0.0,6.4,13.0,15.2,16.6,1336.0,392.0,608.0,264.0,1136.0,1856.0,2504.0,2752.0,,,72.0,14.0,,,,,,3.99505,275.29,4.25,279.782,273.239,275.195,275.647,276.291,276.228,277.183,277.575,277.741,278.407,274.493,279.104,279.768,280.108,280.848,281.615,282.109,282.551,283.582,286.15,287.767,291.383,0.0,0.0,0.0,0.0,0.0,0.0,0.0,0.0,,,,,,,,,,,,,,,,,,,,,,,,,,,,,,,9.999e+20,,,200.0,4.5,,,,,,1.0,,,,,,,548.0,240.0,240.0,240.0,,274.6,8.59392,2.8,4.4,5.2,5.6,5.6,6.0,6.4,6.8,7.2,3.6,7.19763,7.68225,8.17459,9.03288,9.9168,10.3797,10.9085,12.5716,13.9212,16.8549,22.3135,17.0,4.0,0.0,0.0,77.0,36.0,4.5,0.4,1.2,1.6,2.0,2.4,2.4,2.8,3.2,3.6,0.8,3.6,4.0,4.4,4.8,5.2,6.0,7.2,7.6,8.0,10.4247,13.5482,4.4548,3.0,4.0,1.0,0.0,0.0,52.0,0.0,27.0,8.0,5.3,5.7,
2026032107,,,,,,,,,,,,,,,,,,,,,,,,,,,,,,,,,0.254,,,,,,,,,,,,,,,,,,,,,,,,,,,,,,,,,,,,,,,,,,,,,,,,,,,,,,,,,,,,,,,,,,,,,,,,,,,,,,,,,,,,,,,,,,,,,,,,,,,,,,,,,,,,,,,,,,,,,,,,,,,,,,,,,,,,,,,,,,,,,,,,,,,,,,,,,,,,,,,,,,,,,,,,,,,,,,,,,,,,,,,,,,,,,,,,,,,,,,,,,,,,,,,,,,,,,,,,,,,,,,,,,,,,,,,,,,,,,,,,,,,,,,,,,,,,,,,,,,,,,,,,,,,,,,,,,,,,,,,,,,,,,,,,,,,,,,,,,,,,,,,,,,,,,,,,,,,,,,,,,,,,,,,,,,,,,,,,,,,,,,,,,,,,,,,,,,,,,,,,,,,,,,,,,,,,,,,,,,,,,,,,,,,,,,,,,,,,,,,,,,,,,,,,,,,,,,,,,,,,,,,,,,,,,,,,,,,,,,,,,,,,,,,,,,,,,,,,,,,,,,,,,,,,,,,,,,,,,,,,,,,,,,,,,,,,,,,,,,,,,,,,,,,,,,,,,,,,,,,,,,,,,,,,,,,,,,,,,,,,,,,,,,,,,,,,,,,,,,,,,,,,,,,,,,,,,,,,,,,,,,,,,,,,,,,,,,,,,,,,,,,,,,,,,,,,,,,,,,,,,,,,,,,,,,,,,,,,,,,,,,,,,,,,,,,,,,,,,,,,,,,,,,,,,,,,,,,,,,,,,,,,,,,,,,,,,,,,,,,,,,,,,,,,,,,,,,,,,,,,,,,,,,,,,,,,,,,,
2026032108,,,,,,,,,,,,,,,,,,,,,,,,,,,,,,,,,0.254,,,,,,,,,,,,,,,,,,,,,,,,,,,,,,,,,,,,,,,,,,,,,,,,,,,,,,,,,,,,,,,,,,,,,,,,,,,,,,,,,,,,,,,,,,,,,,,,,,,,,,,,,,,,,,,,,,,,,,,,,,,,,,,,,,,,,,,,,,,,,,,,,,,,,,,,,,,,,,,,,,,,,,,,,,,,,,,,,,,,,,,,,,,,,,,,,,,,,,,,,,,,,,,,,,,,,,,,,,,,,,,,,,,,,,,,,,,,,,,,,,,,,,,,,,,,,,,,,,,,,,,,,,,,,,,,,,,,,,,,,,,,,,,,,,,,,,,,,,,,,,,,,,,,,,,,,,,,,,,,,,,,,,,,,,,,,,,,,,,,,,,,,,,,,,,,,,,,,,,,,,,,,,,,,,,,,,,,,,,,,,,,,,,,,,,,,,,,,,,,,,,,,,,,,,,,,,,,,,,,,,,,,,,,,,,,,,,,,,,,,,,,,,,,,,,,,,,,,,,,,,,,,,,,,,,,,,,,,,,,,,,,,,,,,,,,,,,,,,,,,,,,,,,,,,,,,,,,,,,,,,,,,,,,,,,,,,,,,,,,,,,,,,,,,,,,,,,,,,,,,,,,,,,,,,,,,,,,,,,,,,,,,,,,,,,,,,,,,,,,,,,,,,,,,,,,,,,,,,,,,,,,,,,,,,,,,,,,,,,,,,,,,,,,,,,,,,,,,,,,,,,,,,,,,,,,,,,,,,,,,,,,,,,,,,,,,,,,,,,,,,,,,,,,,,,,,,,,,,,,,,,,,,,,,,,,,,,,
2026032109,,,,,,,,,,,,,,,,,,,,,,,,,,,,,,,,,0.254,,,,,,,,,,,,,,,,,,,,,,,,,,,,,,,,,,,,,,,,,,,,,,,,,,,,,,,,,,,,,,,,,,,,,,,,,,,,,,,,,,,,,,,,,,,,,,,,,,,,,,,,,,,,,,,,,,,,,,,,,,,,,,,,,,,,,,,,,,,,,,,,,,,,,,,,,,,,,,,,,,,,,,,,,,,,,,,,,,,,,,,,,,,,,,,,,,,,,,,,,,,,,,,,,,,,,,,,,,,,,,,,,,,,,,,,,,,,,,,,,,,,,,,,,,,,,,,,,,,,,,,,,,,,,,,,,,,,,,,,,,,,,,,,,,,,,,,,,,,,,,,,,,,,,,,,,,,,,,,,,,,,,,,,,,,,,,,,,,,,,,,,,,,,,,,,,,,,,,,,,,,,,,,,,,,,,,,,,,,,,,,,,,,,,,,,,,,,,,,,,,,,,,,,,,,,,,,,,,,,,,,,,,,,,,,,,,,,,,,,,,,,,,,,,,,,,,,,,,,,,,,,,,,,,,,,,,,,,,,,,,,,,,,,,,,,,,,,,,,,,,,,,,,,,,,,,,,,,,,,,,,,,,,,,,,,,,,,,,,,,,,,,,,,,,,,,,,,,,,,,,,,,,,,,,,,,,,,,,,,,,,,,,,,,,,,,,,,,,,,,,,,,,,,,,,,,,,,,,,,,,,,,,,,,,,,,,,,,,,,,,,,,,,,,,,,,,,,,,,,,,,,,,,,,,,,,,,,,,,,,,,,,,,,,,,,,,,,,,,,,,,,,,,,,,,,,,,,,,,,,,,,,,,,,,,,,,,,
2026032110,,,,,,,,,,,,,,,,,,,,,,,,,,,,,,,,,0.254,,,,,,,,,,,,,,,,,,,,,,,,,,,,,,,,,,,,,,,,,,,,,,,,,,,,,,,,,,,,,,,,,,,,,,,,,,,,,,,,,,,,,,,,,,,,,,,,,,,,,,,,,,,,,,,,,,,,,,,,,,,,,,,,,,,,,,,,,,,,,,,,,,,,,,,,,,,,,,,,,,,,,,,,,,,,,,,,,,,,,,,,,,,,,,,,,,,,,,,,,,,,,,,,,,,,,,,,,,,,,,,,,,,,,,,,,,,,,,,,,,,,,,,,,,,,,,,,,,,,,,,,,,,,,,,,,,,,,,,,,,,,,,,,,,,,,,,,,,,,,,,,,,,,,,,,,,,,,,,,,,,,,,,,,,,,,,,,,,,,,,,,,,,,,,,,,,,,,,,,,,,,,,,,,,,,,,,,,,,,,,,,,,,,,,,,,,,,,,,,,,,,,,,,,,,,,,,,,,,,,,,,,,,,,,,,,,,,,,,,,,,,,,,,,,,,,,,,,,,,,,,,,,,,,,,,,,,,,,,,,,,,,,,,,,,,,,,,,,,,,,,,,,,,,,,,,,,,,,,,,,,,,,,,,,,,,,,,,,,,,,,,,,,,,,,,,,,,,,,,,,,,,,,,,,,,,,,,,,,,,,,,,,,,,,,,,,,,,,,,,,,,,,,,,,,,,,,,,,,,,,,,,,,,,,,,,,,,,,,,,,,,,,,,,,,,,,,,,,,,,,,,,,,,,,,,,,,,,,,,,,,,,,,,,,,,,,,,,,,,,,,,,,,,,,,,,,,,,,,,,,,,,,,,,,,,,,,,
2026032111,,,,,,,,,,,,,,,,,,,,,,,,,,,,,,,,,0.254,,,,,,,,,,,,,,,,,,,,,,,,,,,,,,,,,,,,,,,,,,,,,,,,,,,,,,,,,,,,,,,,,,,,,,,,,,,,,,,,,,,,,,,,,,,,,,,,,,,,,,,,,,,,,,,,,,,,,,,,,,,,,,,,,,,,,,,,,,,,,,,,,,,,,,,,,,,,,,,,,,,,,,,,,,,,,,,,,,,,,,,,,,,,,,,,,,,,,,,,,,,,,,,,,,,,,,,,,,,,,,,,,,,,,,,,,,,,,,,,,,,,,,,,,,,,,,,,,,,,,,,,,,,,,,,,,,,,,,,,,,,,,,,,,,,,,,,,,,,,,,,,,,,,,,,,,,,,,,,,,,,,,,,,,,,,,,,,,,,,,,,,,,,,,,,,,,,,,,,,,,,,,,,,,,,,,,,,,,,,,,,,,,,,,,,,,,,,,,,,,,,,,,,,,,,,,,,,,,,,,,,,,,,,,,,,,,,,,,,,,,,,,,,,,,,,,,,,,,,,,,,,,,,,,,,,,,,,,,,,,,,,,,,,,,,,,,,,,,,,,,,,,,,,,,,,,,,,,,,,,,,,,,,,,,,,,,,,,,,,,,,,,,,,,,,,,,,,,,,,,,,,,,,,,,,,,,,,,,,,,,,,,,,,,,,,,,,,,,,,,,,,,,,,,,,,,,,,,,,,,,,,,,,,,,,,,,,,,,,,,,,,,,,,,,,,,,,,,,,,,,,,,,,,,,,,,,,,,,,,,,,,,,,,,,,,,,,,,,,,,,,,,,,,,,,,,,,,,,,,,,,,,,,,,,,,,,,,
2026032112,3.579,0.0,0.0,0.0,0.0,0.0,0.0,0.026,0.214,0.529,0.0,0.915,1.472,2.206,2.926,3.971,5.017,6.659,8.612,11.028,14.676,23.998,59.0,0.0,7.0,0.0,2.0,37.0,1.0,0.0,21.0,0.0,0.508,,8.975,0.0,0.0,0.0,0.0,0.331,0.97,1.822,2.695,3.61,0.0,4.652,5.926,7.398,9.08,11.213,13.687,16.923,20.145,24.225,31.214,49.742,76.0,0.0,27.0,0.0,0.0,0.0,9.0,1.0,44.0,0.0,16.604,0.0,0.688,1.937,3.248,4.589,5.895,7.044,8.717,10.649,0.0,12.731,15.037,17.205,19.479,22.494,24.935,27.848,31.503,37.786,45.52,64.36,50.0,0.0,83.0,0.0,24.0,0.0,0.0,0.0,3.0,1.0,0.762,0.0,0.0,0.0,0.0,0.0,0.0,0.0,0.0,0.0,0.0,0.0,0.134,0.475,0.896,1.45,2.202,3.02,4.214,5.627,8.139,14.812,43.0,1.0,0.0,23.0,0.0,0.0,0.0,8.0,0.0,0.0,31.25,1.654,10.496,13.074,15.405,17.506,19.626,21.742,23.362,25.3,7.171,27.521,29.952,32.48,34.688,37.751,40.512,43.907,48.924,55.975,66.777,98.925,0.0,0.0,55.0,0.0,0.0,13.0,0.0,96.0,0.0,3.0,270.05,,,,,,,,,,,,,,,,,,,0.01,0.0,0.0,0.0,0.0,0.01,0.036,0.043,30.0,10.0,2.0,0.0,0.0,0.0,0.0,0.0,0.0,0.0,0.013,0.0,0.0,0.0,0.003,0.018,0.043,0.051,12.0,3.0,0.0,0.0,0.0,0.0,0.0,0.0,0.0,0.0,0.003,0.0,0.0,0.0,0.0,0.0,0.008,0.018,13.0,0.0,0.0,0.0,0.0,0.0,0.0,0.0,0.0,0.0,0.015,0.0,0.0,0.0,0.005,0.023,0.043,0.051,13.0,0.0,0.0,0.0,0.0,0.0,0.0,0.0,0.0,0.0,1.0,2.0,,,,,,,,,,,13.0,15.0,13.0,23.0,27.0,31.0,31.0,0.0,0.0,0.0,0.0,0.0,21.9,,271.12,4.18,,0.0,2.0,,0.0,0.0,0.0,0.0,0.0,0.0,0.0,0.0,0.0,0.0,0.0,0.0,0.0,0.0,0.0,0.0,0.0,0.0,0.0,0.0,0.0,0.0,0.0,0.0,0.0,0.0,0.0,0.0,0.0,0.0,0.0,0.0,0.0,0.0,0.0,0.0,0.0,0.0,0.0,0.0,0.0,0.0,0.0,0.0,0.0,0.0,0.0,0.0,0.0,0.0,0.0,10.0,9.999e+20,,,,,,,,,,,,,,,,,,,,,,,,,,,,,6.2,1.2,2.4,3.2,3.6,4.4,4.8,5.2,5.2,5.6,1.6,5.6,6.0,6.4594,6.48699,6.99043,7.01484,7.52651,8.4292,10.0804,13.7677,17.6271,6.1616,3.5,8.0,4.0,1.0,1.0,0.0,0.0,0.0,14.0,3.0,9.999e+20,9.999e+20,9.999e+20,9.999e+20,9.999e+20,,,,,,,,,,,,,,,,,,,,,,,,,,,,,,,,,,,,,,,,,,,,,,,,,,,,,,,,,,,,,,,,,,,,,,,,,,,,,,,,,,,,,,,,,,,,,,,,,,,,,,,,,,,,,,,,,,,,,,,,,,,,0.0,3.0,18.0,0.0,22.8,0.0,,78.0,,,,,,,,,,,,,,,,,,,,,,,,,,,,,,,,,,,,,,,,,,,,,,,,,,,,,,,,,,,,,8.8,1.1,4.3,0.7,8.7,14.5,16.4,17.2,1112.0,256.0,464.0,0.0,832.0,1808.0,2312.0,2608.0,,,62.0,16.0,,,,273.25,5.79,,274.54,4.42,,,,,,,,,,,,,,,,,,,,,,,,,,,,,,,,,,,,,,,,,,,,,,,,,,,,,,,,,,,,,9.999e+20,,,210.0,4.4,10.0,,,,,0.0,,,,,,,464.0,240.0,240.0,240.0,,273.6,,,,,,,,,,,,,,,,,,,,,,,,,,,,,4.4,0.8,1.2,2.0,2.4,2.8,3.2,3.6,3.6,4.0,0.8,4.0,4.4,4.8,5.2,5.2,5.6,6.0,6.4,7.6,10.8,13.6,4.4,2.8,4.0,1.0,0.0,0.0,62.0,0.0,22.0,6.0,5.2,5.6,
2026032113,,,,,,,,,,,,,,,,,,,,,,,,,,,,,,,,,0.254,,,,,,,,,,,,,,,,,,,,,,,,,,,,,,,,,,,,,,,,,,,,,,,,,,,,,,,,,,,,,,,,,,,,,,,,,,,,,,,,,,,,,,,,,,,,,,,,,,,,,,,,,,,,,,,,,,,,,,,,,,,,,,,,,,,,,,,,,,,,,,,,,,,,,,,,,,,,,,,,,,,,,,,,,,,,,,,,,,,,,,,,,,,,,,,,,,,,,,,,,,,,,,,,,,,,,,,,,,,,,,,,,,,,,,,,,,,,,,,,,,,,,,,,,,,,,,,,,,,,,,,,,,,,,,,,,,,,,,,,,,,,,,,,,,,,,,,,,,,,,,,,,,,,,,,,,,,,,,,,,,,,,,,,,,,,,,,,,,,,,,,,,,,,,,,,,,,,,,,,,,,,,,,,,,,,,,,,,,,,,,,,,,,,,,,,,,,,,,,,,,,,,,,,,,,,,,,,,,,,,,,,,,,,,,,,,,,,,,,,,,,,,,,,,,,,,,,,,,,,,,,,,,,,,,,,,,,,,,,,,,,,,,,,,,,,,,,,,,,,,,,,,,,,,,,,,,,,,,,,,,,,,,,,,,,,,,,,,,,,,,,,,,,,,,,,,,,,,,,,,,,,,,,,,,,,,,,,,,,,,,,,,,,,,,,,,,,,,,,,,,,,,,,,,,,,,,,,,,,,,,,,,,,,,,,,,,,,,,,,,,,,,,,,,,,,,,,,,,,,,,,,,,,,,,,,,,,,,,,,,,,,,,,,,,,,,,,,,,,,,,,,,,,,,,,,,,,,,,,,,,,,,,,,,,,,,,,,
2026032114,,,,,,,,,,,,,,,,,,,,,,,,,,,,,,,,,0.254,,,,,,,,,,,,,,,,,,,,,,,,,,,,,,,,,,,,,,,,,,,,,,,,,,,,,,,,,,,,,,,,,,,,,,,,,,,,,,,,,,,,,,,,,,,,,,,,,,,,,,,,,,,,,,,,,,,,,,,,,,,,,,,,,,,,,,,,,,,,,,,,,,,,,,,,,,,,,,,,,,,,,,,,,,,,,,,,,,,,,,,,,,,,,,,,,,,,,,,,,,,,,,,,,,,,,,,,,,,,,,,,,,,,,,,,,,,,,,,,,,,,,,,,,,,,,,,,,,,,,,,,,,,,,,,,,,,,,,,,,,,,,,,,,,,,,,,,,,,,,,,,,,,,,,,,,,,,,,,,,,,,,,,,,,,,,,,,,,,,,,,,,,,,,,,,,,,,,,,,,,,,,,,,,,,,,,,,,,,,,,,,,,,,,,,,,,,,,,,,,,,,,,,,,,,,,,,,,,,,,,,,,,,,,,,,,,,,,,,,,,,,,,,,,,,,,,,,,,,,,,,,,,,,,,,,,,,,,,,,,,,,,,,,,,,,,,,,,,,,,,,,,,,,,,,,,,,,,,,,,,,,,,,,,,,,,,,,,,,,,,,,,,,,,,,,,,,,,,,,,,,,,,,,,,,,,,,,,,,,,,,,,,,,,,,,,,,,,,,,,,,,,,,,,,,,,,,,,,,,,,,,,,,,,,,,,,,,,,,,,,,,,,,,,,,,,,,,,,,,,,,,,,,,,,,,,,,,,,,,,,,,,,,,,,,,,,,,,,,,,,,,,,,,,,,,,,,,,,,,,,,,,,,,,,,,,,,,
2026032115,,,,,,,,,,,,,,,,,,,,,,,,,,,,,,,,,0.254,,,,,,,,,,,,,,,,,,,,,,,,,,,,,,,,,,,,,,,,,,,,,,,,,,,,,,,,,,,,,,,,,,,,,,,,,,,,,,,,,,,,,,,,,,,,,,,,,,,,,,,,,,,,,,,,,,,,,,,,,,,,,,,,,,,,,,,,,,,,,,,,,,,,,,,,,,,,,,,,,,,,,,,,,,,,,,,,,,,,,,,,,,,,,,,,,,,,,,,,,,,,,,,,,,,,,,,,,,,,,,,,,,,,,,,,,,,,,,,,,,,,,,,,,,,,,,,,,,,,,,,,,,,,,,,,,,,,,,,,,,,,,,,,,,,,,,,,,,,,,,,,,,,,,,,,,,,,,,,,,,,,,,,,,,,,,,,,,,,,,,,,,,,,,,,,,,,,,,,,,,,,,,,,,,,,,,,,,,,,,,,,,,,,,,,,,,,,,,,,,,,,,,,,,,,,,,,,,,,,,,,,,,,,,,,,,,,,,,,,,,,,,,,,,,,,,,,,,,,,,,,,,,,,,,,,,,,,,,,,,,,,,,,,,,,,,,,,,,,,,,,,,,,,,,,,,,,,,,,,,,,,,,,,,,,,,,,,,,,,,,,,,,,,,,,,,,,,,,,,,,,,,,,,,,,,,,,,,,,,,,,,,,,,,,,,,,,,,,,,,,,,,,,,,,,,,,,,,,,,,,,,,,,,,,,,,,,,,,,,,,,,,,,,,,,,,,,,,,,,,,,,,,,,,,,,,,,,,,,,,,,,,,,,,,,,,,,,,,,,,,,,,,,,,,,,,,,,,,,,,,,,,,,,,,,,,,,,
2026032116,,,,,,,,,,,,,,,,,,,,,,,,,,,,,,,,,0.254,,,,,,,,,,,,,,,,,,,,,,,,,,,,,,,,,,,,,,,,,,,,,,,,,,,,,,,,,,,,,,,,,,,,,,,,,,,,,,,,,,,,,,,,,,,,,,,,,,,,,,,,,,,,,,,,,,,,,,,,,,,,,,,,,,,,,,,,,,,,,,,,,,,,,,,,,,,,,,,,,,,,,,,,,,,,,,,,,,,,,,,,,,,,,,,,,,,,,,,,,,,,,,,,,,,,,,,,,,,,,,,,,,,,,,,,,,,,,,,,,,,,,,,,,,,,,,,,,,,,,,,,,,,,,,,,,,,,,,,,,,,,,,,,,,,,,,,,,,,,,,,,,,,,,,,,,,,,,,,,,,,,,,,,,,,,,,,,,,,,,,,,,,,,,,,,,,,,,,,,,,,,,,,,,,,,,,,,,,,,,,,,,,,,,,,,,,,,,,,,,,,,,,,,,,,,,,,,,,,,,,,,,,,,,,,,,,,,,,,,,,,,,,,,,,,,,,,,,,,,,,,,,,,,,,,,,,,,,,,,,,,,,,,,,,,,,,,,,,,,,,,,,,,,,,,,,,,,,,,,,,,,,,,,,,,,,,,,,,,,,,,,,,,,,,,,,,,,,,,,,,,,,,,,,,,,,,,,,,,,,,,,,,,,,,,,,,,,,,,,,,,,,,,,,,,,,,,,,,,,,,,,,,,,,,,,,,,,,,,,,,,,,,,,,,,,,,,,,,,,,,,,,,,,,,,,,,,,,,,,,,,,,,,,,,,,,,,,,,,,,,,,,,,,,,,,,,,,,,,,,,,,,,,,,,,,,,,,
2026032117,,,,,,,,,,,,,,,,,,,,,,,,,,,,,,,,,0.254,,,,,,,,,,,,,,,,,,,,,,,,,,,,,,,,,,,,,,,,,,,,,,,,,,,,,,,,,,,,,,,,,,,,,,,,,,,,,,,,,,,,,,,,,,,,,,,,,,,,,,,,,,,,,,,,,,,,,,,,,,,,,,,,,,,,,,,,,,,,,,,,,,,,,,,,,,,,,,,,,,,,,,,,,,,,,,,,,,,,,,,,,,,,,,,,,,,,,,,,,,,,,,,,,,,,,,,,,,,,,,,,,,,,,,,,,,,,,,,,,,,,,,,,,,,,,,,,,,,,,,,,,,,,,,,,,,,,,,,,,,,,,,,,,,,,,,,,,,,,,,,,,,,,,,,,,,,,,,,,,,,,,,,,,,,,,,,,,,,,,,,,,,,,,,,,,,,,,,,,,,,,,,,,,,,,,,,,,,,,,,,,,,,,,,,,,,,,,,,,,,,,,,,,,,,,,,,,,,,,,,,,,,,,,,,,,,,,,,,,,,,,,,,,,,,,,,,,,,,,,,,,,,,,,,,,,,,,,,,,,,,,,,,,,,,,,,,,,,,,,,,,,,,,,,,,,,,,,,,,,,,,,,,,,,,,,,,,,,,,,,,,,,,,,,,,,,,,,,,,,,,,,,,,,,,,,,,,,,,,,,,,,,,,,,,,,,,,,,,,,,,,,,,,,,,,,,,,,,,,,,,,,,,,,,,,,,,,,,,,,,,,,,,,,,,,,,,,,,,,,,,,,,,,,,,,,,,,,,,,,,,,,,,,,,,,,,,,,,,,,,,,,,,,,,,,,,,,,,,,,,,,,,,,,,,,,,,,
2026032118,3.245,0.0,0.0,0.0,0.0,0.0,0.0,0.001,0.174,0.513,0.0,0.933,1.444,1.859,2.723,3.585,4.512,6.275,8.105,10.052,13.912,20.118,59.0,0.0,6.0,0.0,2.0,36.0,0.0,0.0,20.0,0.0,0.254,,,,,,,,,,,,,,,,,,,,,,,,,,,,,,,,,,,,,,,,,,,,,,,,,,,,,,,,,,,,,,,,,,0.762,0.0,0.0,0.0,0.0,0.0,0.0,0.0,0.0,0.026,0.0,0.153,0.4,0.687,1.027,1.441,1.993,2.79,3.694,5.326,7.329,11.766,48.0,1.0,0.0,22.0,0.0,0.0,0.0,8.0,0.0,0.0,,,,,,,,,,,,,,,,,,,,,,,,,,,,,,,,,272.73,,,,,,,,,,,,,,,,,,,0.01,,,,,,,,,,,,,,,,,,0.015,,,,,,,,,,,,,,,,,,0.005,0.0,0.0,0.0,0.0,0.0,0.01,0.025,18.0,5.0,2.0,0.0,0.0,0.0,0.0,0.0,0.0,0.0,0.018,,,,,,,,,,,,,,,,,,3.0,5.0,,,,,,,,,,,14.0,15.0,14.0,18.0,28.0,28.0,28.0,0.0,0.0,0.0,0.0,0.0,19.6,,270.94,4.39,,105.0,2.0,,0.0,,,,,,,,,,,,,,,,,,,,,,,,,0.0,0.0,0.0,0.0,0.0,0.0,0.0,0.0,0.0,0.0,0.0,0.0,0.0,0.0,,,,,,,,,,,,,17.0,9.999e+20,,,,,,,,,,,,,,,,,,,,,,,,,,,,,7.5,1.6,3.2,3.6,4.05071,4.53427,5.08237,5.17605,5.64101,6.25371,2.4,6.80864,6.96322,7.13038,8.16342,9.06728,9.57276,10.5344,11.6273,12.9906,17.4082,20.3664,7.52077,4.42,17.0,8.0,4.0,1.0,0.0,0.0,0.0,31.0,3.0,9.999e+20,9.999e+20,9.999e+20,9.999e+20,9.999e+20,,,,,,,,,,,,,,,,,,,,,,,,,,,,,,,,,,,,,,,,,,,,,,,,,,,,,,,,,,,,,,,,,,,,,,,,,,,,,,,,,,,,,,,,,,,,,,,,,,,,,,,,,,,,,,,,,,,,,,,,,,80.0,,424.0,,16.8,0.0,27.6,0.0,,65.0,,,,,,,,,,,,,,,,,,,,,,,,,,,,,,,,,,,,,,,,,,,,,,,,,,,,,,,,,,,,,9.9,2.3,6.2,0.5,10.9,14.4,16.3,17.6,984.0,304.0,448.0,200.0,728.0,1248.0,2144.0,2416.0,,,40.0,33.0,,,,,,5.07448,277.07,4.69,,,,,,,,,,,,,,,,,,,,,,,,,,,,,,,275.0,265.1,267.386,269.055,270.691,271.193,271.49,273.584,274.246,274.771,266.376,275.353,275.958,277.237,277.728,278.391,279.144,279.475,279.997,281.094,281.695,282.868,0.0,0.0,0.0,0.0,0.0,23.0,34.0,0.0,9.999e+20,,,260.0,5.5,,,,,,1.0,,,,,,,5070.0,290.0,290.0,290.0,,276.5,,,,,,,,,,,,,,,,,,,,,,,,,,,,,5.4,0.8,1.6,2.0,2.8,3.2,3.2,3.6,3.6,4.4,1.2,4.4,4.8,5.6,6.0,6.4,7.2,8.0,8.4,10.0284,13.7484,16.0503,5.3703,3.62,8.0,2.0,1.0,0.0,64.0,0.0,38.0,13.0,6.2,6.7,
2026032119,,,,,,,,,,,,,,,,,,,,,,,,,,,,,,,,,0.254,,,,,,,,,,,,,,,,,,,,,,,,,,,,,,,,,,,,,,,,,,,,,,,,,,,,,,,,,,,,,,,,,,,,,,,,,,,,,,,,,,,,,,,,,,,,,,,,,,,,,,,,,,,,,,,,,,,,,,,,,,,,,,,,,,,,,,,,,,,,,,,,,,,,,,,,,,,,,,,,,,,,,,,,,,,,,,,,,,,,,,,,,,,,,,,,,,,,,,,,,,,,,,,,,,,,,,,,,,,,,,,,,,,,,,,,,,,,,,,,,,,,,,,,,,,,,,,,,,,,,,,,,,,,,,,,,,,,,,,,,,,,,,,,,,,,,,,,,,,,,,,,,,,,,,,,,,,,,,,,,,,,,,,,,,,,,,,,,,,,,,,,,,,,,,,,,,,,,,,,,,,,,,,,,,,,,,,,,,,,,,,,,,,,,,,,,,,,,,,,,,,,,,,,,,,,,,,,,,,,,,,,,,,,,,,,,,,,,,,,,,,,,,,,,,,,,,,,,,,,,,,,,,,,,,,,,,,,,,,,,,,,,,,,,,,,,,,,,,,,,,,,,,,,,,,,,,,,,,,,,,,,,,,,,,,,,,,,,,,,,,,,,,,,,,,,,,,,,,,,,,,,,,,,,,,,,,,,,,,,,,,,,,,,,,,,,,,,,,,,,,,,,,,,,,,,,,,,,,,,,,,,,,,,,,,,,,,,,,,,,,,,,,,,,,,,,,,,,,,,,,,,,,,,,,,,,,,,,,,,,,,,,,,,,,,,,,,,,,,,,,,,,,,,,,,,,,,,,,,,,,,,,,,,,,,,,,,,
2026032120,,,,,,,,,,,,,,,,,,,,,,,,,,,,,,,,,0.254,,,,,,,,,,,,,,,,,,,,,,,,,,,,,,,,,,,,,,,,,,,,,,,,,,,,,,,,,,,,,,,,,,,,,,,,,,,,,,,,,,,,,,,,,,,,,,,,,,,,,,,,,,,,,,,,,,,,,,,,,,,,,,,,,,,,,,,,,,,,,,,,,,,,,,,,,,,,,,,,,,,,,,,,,,,,,,,,,,,,,,,,,,,,,,,,,,,,,,,,,,,,,,,,,,,,,,,,,,,,,,,,,,,,,,,,,,,,,,,,,,,,,,,,,,,,,,,,,,,,,,,,,,,,,,,,,,,,,,,,,,,,,,,,,,,,,,,,,,,,,,,,,,,,,,,,,,,,,,,,,,,,,,,,,,,,,,,,,,,,,,,,,,,,,,,,,,,,,,,,,,,,,,,,,,,,,,,,,,,,,,,,,,,,,,,,,,,,,,,,,,,,,,,,,,,,,,,,,,,,,,,,,,,,,,,,,,,,,,,,,,,,,,,,,,,,,,,,,,,,,,,,,,,,,,,,,,,,,,,,,,,,,,,,,,,,,,,,,,,,,,,,,,,,,,,,,,,,,,,,,,,,,,,,,,,,,,,,,,,,,,,,,,,,,,,,,,,,,,,,,,,,,,,,,,,,,,,,,,,,,,,,,,,,,,,,,,,,,,,,,,,,,,,,,,,,,,,,,,,,,,,,,,,,,,,,,,,,,,,,,,,,,,,,,,,,,,,,,,,,,,,,,,,,,,,,,,,,,,,,,,,,,,,,,,,,,,,,,,,,,,,,,,,,,,,,,,,,,,,,,,,,,,,,,,,,,,,,
2026032121,,,,,,,,,,,,,,,,,,,,,,,,,,,,,,,,,0.254,,,,,,,,,,,,,,,,,,,,,,,,,,,,,,,,,,,,,,,,,,,,,,,,,,,,,,,,,,,,,,,,,,,,,,,,,,,,,,,,,,,,,,,,,,,,,,,,,,,,,,,,,,,,,,,,,,,,,,,,,,,,,,,,,,,,,,,,,,,,,,,,,,,,,,,,,,,,,,,,,,,,,,,,,,,,,,,,,,,,,,,,,,,,,,,,,,,,,,,,,,,,,,,,,,,,,,,,,,,,,,,,,,,,,,,,,,,,,,,,,,,,,,,,,,,,,,,,,,,,,,,,,,,,,,,,,,,,,,,,,,,,,,,,,,,,,,,,,,,,,,,,,,,,,,,,,,,,,,,,,,,,,,,,,,,,,,,,,,,,,,,,,,,,,,,,,,,,,,,,,,,,,,,,,,,,,,,,,,,,,,,,,,,,,,,,,,,,,,,,,,,,,,,,,,,,,,,,,,,,,,,,,,,,,,,,,,,,,,,,,,,,,,,,,,,,,,,,,,,,,,,,,,,,,,,,,,,,,,,,,,,,,,,,,,,,,,,,,,,,,,,,,,,,,,,,,,,,,,,,,,,,,,,,,,,,,,,,,,,,,,,,,,,,,,,,,,,,,,,,,,,,,,,,,,,,,,,,,,,,,,,,,,,,,,,,,,,,,,,,,,,,,,,,,,,,,,,,,,,,,,,,,,,,,,,,,,,,,,,,,,,,,,,,,,,,,,,,,,,,,,,,,,,,,,,,,,,,,,,,,,,,,,,,,,,,,,,,,,,,,,,,,,,,,,,,,,,,,,,,,,,,,,,,,,,,,,,,
2026032122,,,,,,,,,,,,,,,,,,,,,,,,,,,,,,,,,0.254,,,,,,,,,,,,,,,,,,,,,,,,,,,,,,,,,,,,,,,,,,,,,,,,,,,,,,,,,,,,,,,,,,,,,,,,,,,,,,,,,,,,,,,,,,,,,,,,,,,,,,,,,,,,,,,,,,,,,,,,,,,,,,,,,,,,,,,,,,,,,,,,,,,,,,,,,,,,,,,,,,,,,,,,,,,,,,,,,,,,,,,,,,,,,,,,,,,,,,,,,,,,,,,,,,,,,,,,,,,,,,,,,,,,,,,,,,,,,,,,,,,,,,,,,,,,,,,,,,,,,,,,,,,,,,,,,,,,,,,,,,,,,,,,,,,,,,,,,,,,,,,,,,,,,,,,,,,,,,,,,,,,,,,,,,,,,,,,,,,,,,,,,,,,,,,,,,,,,,,,,,,,,,,,,,,,,,,,,,,,,,,,,,,,,,,,,,,,,,,,,,,,,,,,,,,,,,,,,,,,,,,,,,,,,,,,,,,,,,,,,,,,,,,,,,,,,,,,,,,,,,,,,,,,,,,,,,,,,,,,,,,,,,,,,,,,,,,,,,,,,,,,,,,,,,,,,,,,,,,,,,,,,,,,,,,,,,,,,,,,,,,,,,,,,,,,,,,,,,,,,,,,,,,,,,,,,,,,,,,,,,,,,,,,,,,,,,,,,,,,,,,,,,,,,,,,,,,,,,,,,,,,,,,,,,,,,,,,,,,,,,,,,,,,,,,,,,,,,,,,,,,,,,,,,,,,,,,,,,,,,,,,,,,,,,,,,,,,,,,,,,,,,,,,,,,,,,,,,,,,,,,,,,,,,,,,,,,,
2026032123,,,,,,,,,,,,,,,,,,,,,,,,,,,,,,,,,0.254,,,,,,,,,,,,,,,,,,,,,,,,,,,,,,,,,,,,,,,,,,,,,,,,,,,,,,,,,,,,,,,,,,,,,,,,,,,,,,,,,,,,,,,,,,,,,,,,,,,,,,,,,,,,,,,,,,,,,,,,,,,,,,,,,,,,,,,,,,,,,,,,,,,,,,,,,,,,,,,,,,,,,,,,,,,,,,,,,,,,,,,,,,,,,,,,,,,,,,,,,,,,,,,,,,,,,,,,,,,,,,,,,,,,,,,,,,,,,,,,,,,,,,,,,,,,,,,,,,,,,,,,,,,,,,,,,,,,,,,,,,,,,,,,,,,,,,,,,,,,,,,,,,,,,,,,,,,,,,,,,,,,,,,,,,,,,,,,,,,,,,,,,,,,,,,,,,,,,,,,,,,,,,,,,,,,,,,,,,,,,,,,,,,,,,,,,,,,,,,,,,,,,,,,,,,,,,,,,,,,,,,,,,,,,,,,,,,,,,,,,,,,,,,,,,,,,,,,,,,,,,,,,,,,,,,,,,,,,,,,,,,,,,,,,,,,,,,,,,,,,,,,,,,,,,,,,,,,,,,,,,,,,,,,,,,,,,,,,,,,,,,,,,,,,,,,,,,,,,,,,,,,,,,,,,,,,,,,,,,,,,,,,,,,,,,,,,,,,,,,,,,,,,,,,,,,,,,,,,,,,,,,,,,,,,,,,,,,,,,,,,,,,,,,,,,,,,,,,,,,,,,,,,,,,,,,,,,,,,,,,,,,,,,,,,,,,,,,,,,,,,,,,,,,,,,,,,,,,,,,,,,,,,,,,,,,,,,,
2026032200,2.722,0.0,0.0,0.0,0.0,0.0,0.0,0.0,0.151,0.499,0.0,0.861,1.277,1.685,2.191,2.946,3.926,5.096,6.457,8.26,11.526,17.632,58.0,0.0,4.0,0.0,1.0,32.0,0.0,0.0,15.0,0.0,0.254,,7.737,0.0,0.0,0.0,0.0,0.213,0.737,1.305,1.943,2.769,0.0,3.713,5.208,6.572,7.903,9.645,11.91,14.493,17.181,21.162,28.559,40.97,75.0,0.0,24.0,0.0,0.0,0.0,6.0,0.0,41.0,0.0,,,,,,,,,,,,,,,,,,,,,,,,,,,,,,,,,0.508,0.0,0.0,0.0,0.0,0.0,0.0,0.0,0.0,0.0,0.0,0.025,0.157,0.375,0.634,0.953,1.39,1.951,2.656,3.624,5.82,9.708,43.0,0.0,0.0,16.0,0.0,0.0,0.0,5.0,0.0,0.0,,,,,,,,,,,,,,,,,,,,,,,,,,,,,,,,,271.77,,,,,,,,,,,,,,,,,,,0.013,0.0,0.0,0.0,0.0,0.013,0.048,0.069,36.0,12.0,7.0,0.0,0.0,0.0,0.0,0.0,0.0,0.0,0.018,0.0,0.0,0.0,0.005,0.028,0.066,0.081,18.0,10.0,1.0,0.0,0.0,0.0,0.0,0.0,0.0,0.0,0.003,0.0,0.0,0.0,0.0,0.003,0.013,0.018,22.0,2.0,0.0,0.0,0.0,0.0,0.0,0.0,0.0,0.0,0.02,0.0,0.0,0.0,0.008,0.03,0.071,0.086,20.0,1.0,0.0,0.0,0.0,0.0,0.0,0.0,0.0,0.0,19.0,18.0,,,,,,,,,,,14.0,16.0,14.0,19.0,26.0,32.0,33.0,0.0,0.0,0.0,0.0,0.0,21.0,,271.89,3.96,,215.0,0.0,,0.0,0.0,0.0,0.0,0.0,0.0,0.0,0.0,0.0,0.0,0.0,0.0,0.0,0.0,0.0,0.0,0.0,0.0,0.0,0.0,0.0,0.0,0.0,0.0,0.0,0.0,0.0,0.0,0.0,0.0,0.0,0.0,0.0,0.0,0.0,0.0,0.0,0.0,0.0,0.0,0.0,0.0,0.0,0.0,0.0,0.0,0.0,0.0,0.0,0.0,0.0,17.2,9.999e+20,,,,,,,,,,,,,,,,,,,,,,,,,,,,,8.6,2.4,3.6,4.0,4.83661,5.52781,5.72592,6.37976,6.9268,7.37168,2.8,7.96429,8.46635,8.57451,9.44488,9.94412,10.481,11.9298,12.9478,14.2181,15.8953,17.6786,8.21373,4.02,22.0,7.0,1.0,0.0,0.0,0.0,0.0,38.0,2.0,9.999e+20,9.999e+20,9.999e+20,9.999e+20,9.999e+20,,,,,,,,,,,,,,,,,,,,,,,,,,,,,,,,,,,,,,,,,,,,,,,,,,,,,,,,,,,,,,,,,,,,,,,,,,,,,,,,,,,,,,,,,,,,,,,,,,,,,,,,,,,,,,,,,,,,,,,,,,,,184.0,1.0,12.4,0.0,31.2,0.0,,72.0,,,,,,,,,,,,,,,,,,,,,,,,,,,,,,,,,,,,,,,,,,,,,,,,,,,,,,,,,,,,,9.9,3.5,6.8,1.3,11.4,13.4,15.2,15.7,968.0,392.0,528.0,344.0,728.0,1168.0,1848.0,2216.0,,,67.0,23.0,,277.66,3.94,,,,276.37,3.98,,,,,,,,,,,,,,,,,,,,,,,,,,,,,,,,,,,,,,,,,,,,,,,,,,,,,,,,,,,,,9.999e+20,,,240.0,6.3,11.0,,,,,2.0,,,,,,,4293.0,290.0,290.0,290.0,,274.8,,,,,,,,,,,,,,,,,,,,,,,,,,,,,6.3,1.2,2.0,2.4,2.8,3.6,4.0,4.4,4.8,5.2,1.6,5.6,6.0,6.4,6.8,7.6,8.0,9.6,10.0,10.953,12.1703,13.3302,6.25385,3.3,9.0,0.0,0.0,0.0,74.0,0.0,49.0,24.0,7.1,7.6,
2026032201,,,,,,,,,,,,,,,,,,,,,,,,,,,,,,,,,0.254,,,,,,,,,,,,,,,,,,,,,,,,,,,,,,,,,,,,,,,,,,,,,,,,,,,,,,,,,,,,,,,,,,,,,,,,,,,,,,,,,,,,,,,,,,,,,,,,,,,,,,,,,,,,,,,,,,,,,,,,,,,,,,,,,,,,,,,,,,,,,,,,,,,,,,,,,,,,,,,,,,,,,,,,,,,,,,,,,,,,,,,,,,,,,,,,,,,,,,,,,,,,,,,,,,,,,,,,,,,,,,,,,,,,,,,,,,,,,,,,,,,,,,,,,,,,,,,,,,,,,,,,,,,,,,,,,,,,,,,,,,,,,,,,,,,,,,,,,,,,,,,,,,,,,,,,,,,,,,,,,,,,,,,,,,,,,,,,,,,,,,,,,,,,,,,,,,,,,,,,,,,,,,,,,,,,,,,,,,,,,,,,,,,,,,,,,,,,,,,,,,,,,,,,,,,,,,,,,,,,,,,,,,,,,,,,,,,,,,,,,,,,,,,,,,,,,,,,,,,,,,,,,,,,,,,,,,,,,,,,,,,,,,,,,,,,,,,,,,,,,,,,,,,,,,,,,,,,,,,,,,,,,,,,,,,,,,,,,,,,,,,,,,,,,,,,,,,,,,,,,,,,,,,,,,,,,,,,,,,,,,,,,,,,,,,,,,,,,,,,,,,,,,,,,,,,,,,,,,,,,,,,,,,,,,,,,,,,,,,,,,,,,,,,,,,,,,,,,,,,,,,,,,,,,,,,,,,,,,,,,,,,,,,,,,,,,,,,,,,,,,,,,,,,,,,,,,,,,,,,,,,,,,,,,,,,,,,,
2026032202,,,,,,,,,,,,,,,,,,,,,,,,,,,,,,,,,0.254,,,,,,,,,,,,,,,,,,,,,,,,,,,,,,,,,,,,,,,,,,,,,,,,,,,,,,,,,,,,,,,,,,,,,,,,,,,,,,,,,,,,,,,,,,,,,,,,,,,,,,,,,,,,,,,,,,,,,,,,,,,,,,,,,,,,,,,,,,,,,,,,,,,,,,,,,,,,,,,,,,,,,,,,,,,,,,,,,,,,,,,,,,,,,,,,,,,,,,,,,,,,,,,,,,,,,,,,,,,,,,,,,,,,,,,,,,,,,,,,,,,,,,,,,,,,,,,,,,,,,,,,,,,,,,,,,,,,,,,,,,,,,,,,,,,,,,,,,,,,,,,,,,,,,,,,,,,,,,,,,,,,,,,,,,,,,,,,,,,,,,,,,,,,,,,,,,,,,,,,,,,,,,,,,,,,,,,,,,,,,,,,,,,,,,,,,,,,,,,,,,,,,,,,,,,,,,,,,,,,,,,,,,,,,,,,,,,,,,,,,,,,,,,,,,,,,,,,,,,,,,,,,,,,,,,,,,,,,,,,,,,,,,,,,,,,,,,,,,,,,,,,,,,,,,,,,,,,,,,,,,,,,,,,,,,,,,,,,,,,,,,,,,,,,,,,,,,,,,,,,,,,,,,,,,,,,,,,,,,,,,,,,,,,,,,,,,,,,,,,,,,,,,,,,,,,,,,,,,,,,,,,,,,,,,,,,,,,,,,,,,,,,,,,,,,,,,,,,,,,,,,,,,,,,,,,,,,,,,,,,,,,,,,,,,,,,,,,,,,,,,,,,,,,,,,,,,,,,,,,,,,,,,,,,,,,,,,,
2026032203,,,,,,,,,,,,,,,,,,,,,,,,,,,,,,,,,0.254,,,,,,,,,,,,,,,,,,,,,,,,,,,,,,,,,,,,,,,,,,,,,,,,,,,,,,,,,,,,,,,,,,,,,,,,,,,,,,,,,,,,,,,,,,,,,,,,,,,,,,,,,,,,,,,,,,,,,,,,,,,,,,,,,,,,,,,,,,,,,,,,,,,,,,,,,,,,,,,,,,,,,,,,,,,,,,,,,,,,,,,,,,,,,,,,,,,,,,,,,,,,,,,,,,,,,,,,,,,,,,,,,,,,,,,,,,,,,,,,,,,,,,,,,,,,,,,,,,,,,,,,,,,,,,,,,,,,,,,,,,,,,,,,,,,,,,,,,,,,,,,,,,,,,,,,,,,,,,,,,,,,,,,,,,,,,,,,,,,,,,,,,,,,,,,,,,,,,,,,,,,,,,,,,,,,,,,,,,,,,,,,,,,,,,,,,,,,,,,,,,,,,,,,,,,,,,,,,,,,,,,,,,,,,,,,,,,,,,,,,,,,,,,,,,,,,,,,,,,,,,,,,,,,,,,,,,,,,,,,,,,,,,,,,,,,,,,,,,,,,,,,,,,,,,,,,,,,,,,,,,,,,,,,,,,,,,,,,,,,,,,,,,,,,,,,,,,,,,,,,,,,,,,,,,,,,,,,,,,,,,,,,,,,,,,,,,,,,,,,,,,,,,,,,,,,,,,,,,,,,,,,,,,,,,,,,,,,,,,,,,,,,,,,,,,,,,,,,,,,,,,,,,,,,,,,,,,,,,,,,,,,,,,,,,,,,,,,,,,,,,,,,,,,,,,,,,,,,,,,,,,,,,,,,,,,,,,,
2026032204,,,,,,,,,,,,,,,,,,,,,,,,,,,,,,,,,0.254,,,,,,,,,,,,,,,,,,,,,,,,,,,,,,,,,,,,,,,,,,,,,,,,,,,,,,,,,,,,,,,,,,,,,,,,,,,,,,,,,,,,,,,,,,,,,,,,,,,,,,,,,,,,,,,,,,,,,,,,,,,,,,,,,,,,,,,,,,,,,,,,,,,,,,,,,,,,,,,,,,,,,,,,,,,,,,,,,,,,,,,,,,,,,,,,,,,,,,,,,,,,,,,,,,,,,,,,,,,,,,,,,,,,,,,,,,,,,,,,,,,,,,,,,,,,,,,,,,,,,,,,,,,,,,,,,,,,,,,,,,,,,,,,,,,,,,,,,,,,,,,,,,,,,,,,,,,,,,,,,,,,,,,,,,,,,,,,,,,,,,,,,,,,,,,,,,,,,,,,,,,,,,,,,,,,,,,,,,,,,,,,,,,,,,,,,,,,,,,,,,,,,,,,,,,,,,,,,,,,,,,,,,,,,,,,,,,,,,,,,,,,,,,,,,,,,,,,,,,,,,,,,,,,,,,,,,,,,,,,,,,,,,,,,,,,,,,,,,,,,,,,,,,,,,,,,,,,,,,,,,,,,,,,,,,,,,,,,,,,,,,,,,,,,,,,,,,,,,,,,,,,,,,,,,,,,,,,,,,,,,,,,,,,,,,,,,,,,,,,,,,,,,,,,,,,,,,,,,,,,,,,,,,,,,,,,,,,,,,,,,,,,,,,,,,,,,,,,,,,,,,,,,,,,,,,,,,,,,,,,,,,,,,,,,,,,,,,,,,,,,,,,,,,,,,,,,,,,,,,,,,,,,,,,,,,,,,,
2026032205,,,,,,,,,,,,,,,,,,,,,,,,,,,,,,,,,0.254,,,,,,,,,,,,,,,,,,,,,,,,,,,,,,,,,,,,,,,,,,,,,,,,,,,,,,,,,,,,,,,,,,,,,,,,,,,,,,,,,,,,,,,,,,,,,,,,,,,,,,,,,,,,,,,,,,,,,,,,,,,,,,,,,,,,,,,,,,,,,,,,,,,,,,,,,,,,,,,,,,,,,,,,,,,,,,,,,,,,,,,,,,,,,,,,,,,,,,,,,,,,,,,,,,,,,,,,,,,,,,,,,,,,,,,,,,,,,,,,,,,,,,,,,,,,,,,,,,,,,,,,,,,,,,,,,,,,,,,,,,,,,,,,,,,,,,,,,,,,,,,,,,,,,,,,,,,,,,,,,,,,,,,,,,,,,,,,,,,,,,,,,,,,,,,,,,,,,,,,,,,,,,,,,,,,,,,,,,,,,,,,,,,,,,,,,,,,,,,,,,,,,,,,,,,,,,,,,,,,,,,,,,,,,,,,,,,,,,,,,,,,,,,,,,,,,,,,,,,,,,,,,,,,,,,,,,,,,,,,,,,,,,,,,,,,,,,,,,,,,,,,,,,,,,,,,,,,,,,,,,,,,,,,,,,,,,,,,,,,,,,,,,,,,,,,,,,,,,,,,,,,,,,,,,,,,,,,,,,,,,,,,,,,,,,,,,,,,,,,,,,,,,,,,,,,,,,,,,,,,,,,,,,,,,,,,,,,,,,,,,,,,,,,,,,,,,,,,,,,,,,,,,,,,,,,,,,,,,,,,,,,,,,,,,,,,,,,,,,,,,,,,,,,,,,,,,,,,,,,,,,,,,,,,,,,,,,,
2026032206,2.018,0.0,0.0,0.0,0.0,0.0,0.0,0.0,0.001,0.119,0.0,0.353,0.689,1.095,1.549,2.078,2.66,3.452,4.476,6.145,8.942,15.32,52.0,0.0,2.0,0.0,0.0,26.0,0.0,0.0,9.0,0.0,0.254,,,,,,,,,,,,,,,,,,,,,,,,,,,,,,,,,,,,,,,,,,,,,,,,,,,,,,,,,,,,,,,,,,0.508,0.0,0.0,0.0,0.0,0.0,0.0,0.0,0.0,0.0,0.0,0.0,0.006,0.109,0.292,0.501,0.842,1.26,1.734,2.535,4.28,9.222,36.0,0.0,0.0,10.0,0.0,0.0,0.0,2.0,0.0,0.0,,,,,,,,,,,,,,,,,,,,,,,,,,,,,,,,,269.07,,,,,,,,,,,,,,,,,,,0.013,,,,,,,,,,,,,,,,,,0.02,,,,,,,,,,,,,,,,,,0.003,0.0,0.0,0.0,0.0,0.0,0.013,0.03,17.0,4.0,1.0,0.0,0.0,0.0,0.0,0.0,0.0,0.0,0.025,,,,,,,,,,,,,,,,,,2.0,4.0,,,,,,,,,,,11.0,18.0,11.0,20.0,25.0,32.0,32.0,0.0,0.0,0.0,0.0,0.0,21.0,,270.44,4.32,,5.0,3.0,,0.0,,,,,,,,,,,,,,,,,,,,,,,,,0.0,0.0,0.0,0.0,0.0,0.0,0.0,0.0,0.0,0.0,0.0,0.0,0.0,0.0,,,,,,,,,,,,,16.0,9.999e+20,12.6795,6.26593,8.07111,8.25029,8.51584,9.12177,9.7024,9.92732,10.4911,10.7834,7.38522,11.5152,12.5123,12.9496,13.2906,14.3033,14.9106,16.8443,17.9709,19.5785,21.2833,25.9626,52.0,17.0,6.0,2.0,0.0,0.0,6.6,1.2,2.8,3.6,4.0,4.0,4.4,4.8,5.20065,5.6396,2.4,6.08877,6.20403,6.8241,7.39167,7.57825,8.47973,8.98999,9.57851,11.3413,12.3548,16.4218,6.6142,3.22,9.0,2.0,0.0,0.0,0.0,0.0,0.0,23.0,2.0,9.999e+20,9.999e+20,9.999e+20,9.999e+20,9.999e+20,,,,,,,,,,,,,,,,,,,,,,,,,,,,,,,,,,,,,,,,,,,,,,,,,,,,,,,,,,,,,,,,,,,,,,,,,,,,,,,,,,,,,,,,,,,,,,,,,,,,,,,,,,,,,,,,,,,,,,,,,,,65.0,0.0,,8.4,0.0,24.0,0.0,,79.0,,,,,,,,,,,,,,,,,,,,,,,,,,,,,,,,,,,,,,,,,,,,,,,,,,,,,,,,,,,,,11.2,3.3,9.2,1.7,12.8,15.0,16.9,17.8,776.0,120.0,384.0,0.0,528.0,920.0,1768.0,2344.0,,,73.0,29.0,,,,,,4.39339,273.84,4.32,279.069,270.86,274.365,274.673,275.158,275.93,276.444,276.829,277.245,277.917,273.638,278.059,278.154,279.308,279.899,280.716,281.913,282.286,284.358,285.751,287.919,290.675,0.0,2.0,3.0,0.0,0.0,0.0,0.0,0.0,,,,,,,,,,,,,,,,,,,,,,,,,,,,,,,9.999e+20,,,200.0,4.7,,,,,,2.0,,,,,,,351.0,250.0,250.0,250.0,,272.4,10.3107,3.2,5.6,6.4,6.4,7.2,7.12366,7.61242,8.07488,8.91292,4.8,9.34022,9.76459,10.6363,11.1608,11.6262,12.5392,13.4181,14.7494,15.8752,17.4297,21.8945,35.0,7.0,0.0,0.0,89.0,57.0,4.9,0.4,1.6,2.0,2.4,2.8,2.8,3.2,3.6,4.0,1.2,4.4,4.4,5.2,5.2,5.6,6.0,6.8,7.2,8.4,9.35877,12.7027,4.47325,2.62,2.0,0.0,0.0,0.0,62.0,0.0,30.0,8.0,5.3,6.1,
2026032207,,,,,,,,,,,,,,,,,,,,,,,,,,,,,,,,,0.254,,,,,,,,,,,,,,,,,,,,,,,,,,,,,,,,,,,,,,,,,,,,,,,,,,,,,,,,,,,,,,,,,,,,,,,,,,,,,,,,,,,,,,,,,,,,,,,,,,,,,,,,,,,,,,,,,,,,,,,,,,,,,,,,,,,,,,,,,,,,,,,,,,,,,,,,,,,,,,,,,,,,,,,,,,,,,,,,,,,,,,,,,,,,,,,,,,,,,,,,,,,,,,,,,,,,,,,,,,,,,,,,,,,,,,,,,,,,,,,,,,,,,,,,,,,,,,,,,,,,,,,,,,,,,,,,,,,,,,,,,,,,,,,,,,,,,,,,,,,,,,,,,,,,,,,,,,,,,,,,,,,,,,,,,,,,,,,,,,,,,,,,,,,,,,,,,,,,,,,,,,,,,,,,,,,,,,,,,,,,,,,,,,,,,,,,,,,,,,,,,,,,,,,,,,,,,,,,,,,,,,,,,,,,,,,,,,,,,,,,,,,,,,,,,,,,,,,,,,,,,,,,,,,,,,,,,,,,,,,,,,,,,,,,,,,,,,,,,,,,,,,,,,,,,,,,,,,,,,,,,,,,,,,,,,,,,,,,,,,,,,,,,,,,,,,,,,,,,,,,,,,,,,,,,,,,,,,,,,,,,,,,,,,,,,,,,,,,,,,,,,,,,,,,,,,,,,,,,,,,,,,,,,,,,,,,,,,,,,,,,,,,,,,,,,,,,,,,,,,,,,,,,,,,,,,,,,,,,,,,,,,,,,,,,,,,,,,,,,,,,,,,,,,,,,,,,,,,,,,,,,,,,,,,,,,,,,,,
2026032208,,,,,,,,,,,,,,,,,,,,,,,,,,,,,,,,,0.0,,,,,,,,,,,,,,,,,,,,,,,,,,,,,,,,,,,,,,,,,,,,,,,,,,,,,,,,,,,,,,,,,,,,,,,,,,,,,,,,,,,,,,,,,,,,,,,,,,,,,,,,,,,,,,,,,,,,,,,,,,,,,,,,,,,,,,,,,,,,,,,,,,,,,,,,,,,,,,,,,,,,,,,,,,,,,,,,,,,,,,,,,,,,,,,,,,,,,,,,,,,,,,,,,,,,,,,,,,,,,,,,,,,,,,,,,,,,,,,,,,,,,,,,,,,,,,,,,,,,,,,,,,,,,,,,,,,,,,,,,,,,,,,,,,,,,,,,,,,,,,,,,,,,,,,,,,,,,,,,,,,,,,,,,,,,,,,,,,,,,,,,,,,,,,,,,,,,,,,,,,,,,,,,,,,,,,,,,,,,,,,,,,,,,,,,,,,,,,,,,,,,,,,,,,,,,,,,,,,,,,,,,,,,,,,,,,,,,,,,,,,,,,,,,,,,,,,,,,,,,,,,,,,,,,,,,,,,,,,,,,,,,,,,,,,,,,,,,,,,,,,,,,,,,,,,,,,,,,,,,,,,,,,,,,,,,,,,,,,,,,,,,,,,,,,,,,,,,,,,,,,,,,,,,,,,,,,,,,,,,,,,,,,,,,,,,,,,,,,,,,,,,,,,,,,,,,,,,,,,,,,,,,,,,,,,,,,,,,,,,,,,,,,,,,,,,,,,,,,,,,,,,,,,,,,,,,,,,,,,,,,,,,,,,,,,,,,,,,,,,,,,,,,,,,,,,,,,,,,,,,,,,,,,,,,,,,,,
2026032209,,,,,,,,,,,,,,,,,,,,,,,,,,,,,,,,,0.0,,,,,,,,,,,,,,,,,,,,,,,,,,,,,,,,,,,,,,,,,,,,,,,,,,,,,,,,,,,,,,,,,,,,,,,,,,,,,,,,,,,,,,,,,,,,,,,,,,,,,,,,,,,,,,,,,,,,,,,,,,,,,,,,,,,,,,,,,,,,,,,,,,,,,,,,,,,,,,,,,,,,,,,,,,,,,,,,,,,,,,,,,,,,,,,,,,,,,,,,,,,,,,,,,,,,,,,,,,,,,,,,,,,,,,,,,,,,,,,,,,,,,,,,,,,,,,,,,,,,,,,,,,,,,,,,,,,,,,,,,,,,,,,,,,,,,,,,,,,,,,,,,,,,,,,,,,,,,,,,,,,,,,,,,,,,,,,,,,,,,,,,,,,,,,,,,,,,,,,,,,,,,,,,,,,,,,,,,,,,,,,,,,,,,,,,,,,,,,,,,,,,,,,,,,,,,,,,,,,,,,,,,,,,,,,,,,,,,,,,,,,,,,,,,,,,,,,,,,,,,,,,,,,,,,,,,,,,,,,,,,,,,,,,,,,,,,,,,,,,,,,,,,,,,,,,,,,,,,,,,,,,,,,,,,,,,,,,,,,,,,,,,,,,,,,,,,,,,,,,,,,,,,,,,,,,,,,,,,,,,,,,,,,,,,,,,,,,,,,,,,,,,,,,,,,,,,,,,,,,,,,,,,,,,,,,,,,,,,,,,,,,,,,,,,,,,,,,,,,,,,,,,,,,,,,,,,,,,,,,,,,,,,,,,,,,,,,,,,,,,,,,,,,,,,,,,,,,,,,,,,,,,,,,,,,,,,,,
2026032210,,,,,,,,,,,,,,,,,,,,,,,,,,,,,,,,,0.0,,,,,,,,,,,,,,,,,,,,,,,,,,,,,,,,,,,,,,,,,,,,,,,,,,,,,,,,,,,,,,,,,,,,,,,,,,,,,,,,,,,,,,,,,,,,,,,,,,,,,,,,,,,,,,,,,,,,,,,,,,,,,,,,,,,,,,,,,,,,,,,,,,,,,,,,,,,,,,,,,,,,,,,,,,,,,,,,,,,,,,,,,,,,,,,,,,,,,,,,,,,,,,,,,,,,,,,,,,,,,,,,,,,,,,,,,,,,,,,,,,,,,,,,,,,,,,,,,,,,,,,,,,,,,,,,,,,,,,,,,,,,,,,,,,,,,,,,,,,,,,,,,,,,,,,,,,,,,,,,,,,,,,,,,,,,,,,,,,,,,,,,,,,,,,,,,,,,,,,,,,,,,,,,,,,,,,,,,,,,,,,,,,,,,,,,,,,,,,,,,,,,,,,,,,,,,,,,,,,,,,,,,,,,,,,,,,,,,,,,,,,,,,,,,,,,,,,,,,,,,,,,,,,,,,,,,,,,,,,,,,,,,,,,,,,,,,,,,,,,,,,,,,,,,,,,,,,,,,,,,,,,,,,,,,,,,,,,,,,,,,,,,,,,,,,,,,,,,,,,,,,,,,,,,,,,,,,,,,,,,,,,,,,,,,,,,,,,,,,,,,,,,,,,,,,,,,,,,,,,,,,,,,,,,,,,,,,,,,,,,,,,,,,,,,,,,,,,,,,,,,,,,,,,,,,,,,,,,,,,,,,,,,,,,,,,,,,,,,,,,,,,,,,,,,,,,,,,,,,,,,,,,,,,,,,,,,,,
2026032211,,,,,,,,,,,,,,,,,,,,,,,,,,,,,,,,,0.0,,,,,,,,,,,,,,,,,,,,,,,,,,,,,,,,,,,,,,,,,,,,,,,,,,,,,,,,,,,,,,,,,,,,,,,,,,,,,,,,,,,,,,,,,,,,,,,,,,,,,,,,,,,,,,,,,,,,,,,,,,,,,,,,,,,,,,,,,,,,,,,,,,,,,,,,,,,,,,,,,,,,,,,,,,,,,,,,,,,,,,,,,,,,,,,,,,,,,,,,,,,,,,,,,,,,,,,,,,,,,,,,,,,,,,,,,,,,,,,,,,,,,,,,,,,,,,,,,,,,,,,,,,,,,,,,,,,,,,,,,,,,,,,,,,,,,,,,,,,,,,,,,,,,,,,,,,,,,,,,,,,,,,,,,,,,,,,,,,,,,,,,,,,,,,,,,,,,,,,,,,,,,,,,,,,,,,,,,,,,,,,,,,,,,,,,,,,,,,,,,,,,,,,,,,,,,,,,,,,,,,,,,,,,,,,,,,,,,,,,,,,,,,,,,,,,,,,,,,,,,,,,,,,,,,,,,,,,,,,,,,,,,,,,,,,,,,,,,,,,,,,,,,,,,,,,,,,,,,,,,,,,,,,,,,,,,,,,,,,,,,,,,,,,,,,,,,,,,,,,,,,,,,,,,,,,,,,,,,,,,,,,,,,,,,,,,,,,,,,,,,,,,,,,,,,,,,,,,,,,,,,,,,,,,,,,,,,,,,,,,,,,,,,,,,,,,,,,,,,,,,,,,,,,,,,,,,,,,,,,,,,,,,,,,,,,,,,,,,,,,,,,,,,,,,,,,,,,,,,,,,,,,,,,,,,,,,,,
2026032212,1.423,0.0,0.0,0.0,0.0,0.0,0.0,0.0,0.0,0.0,0.0,0.008,0.13,0.358,0.598,0.997,1.544,2.172,3.007,4.388,7.02,14.398,42.0,0.0,1.0,0.0,0.0,18.0,0.0,0.0,6.0,0.0,0.254,,4.897,0.0,0.0,0.0,0.0,0.0,0.137,0.486,0.989,1.624,0.0,2.127,2.82,3.534,4.399,5.537,6.748,8.315,10.836,13.234,19.041,34.724,68.0,0.0,11.0,0.0,0.0,0.0,2.0,0.0,26.0,0.0,12.091,0.0,0.063,1.093,2.202,3.098,3.979,5.17,6.24,7.312,0.0,8.432,9.845,11.343,13.153,15.282,17.525,20.046,23.313,27.919,35.985,54.68,36.0,0.0,78.0,0.0,12.0,0.0,0.0,0.0,2.0,0.0,0.0,0.0,0.0,0.0,0.0,0.0,0.0,0.0,0.0,0.0,0.0,0.0,0.0,0.0,0.0,0.009,0.226,0.554,1.097,2.103,3.761,8.033,25.0,0.0,0.0,8.0,0.0,0.0,0.0,2.0,0.0,0.0,19.951,0.0,2.776,4.357,6.282,7.354,9.237,10.895,12.466,14.239,0.792,16.498,18.577,20.999,23.661,26.009,28.296,31.743,34.799,40.488,49.421,70.62,0.0,0.0,31.0,0.0,0.0,4.0,0.0,80.0,0.0,1.0,268.5,,,,,,,,,,,,,,,,,,,0.013,0.0,0.0,0.0,0.0,0.01,0.041,0.071,37.0,11.0,4.0,0.0,0.0,0.0,0.0,0.0,0.0,0.0,0.02,0.0,0.0,0.0,0.005,0.03,0.066,0.094,20.0,10.0,2.0,0.0,0.0,0.0,0.0,0.0,0.0,0.0,0.0,0.0,0.0,0.0,0.0,0.0,0.003,0.005,8.0,0.0,0.0,0.0,0.0,0.0,0.0,0.0,0.0,0.0,0.025,0.0,0.0,0.0,0.01,0.041,0.081,0.107,22.0,3.0,0.0,0.0,0.0,0.0,0.0,0.0,0.0,0.0,1.0,2.0,,,,,,,,,,,18.0,19.0,18.0,21.0,22.0,34.0,35.0,0.0,0.0,0.0,0.0,0.0,23.3,,268.73,4.65,,0.0,1.0,,0.0,0.0,0.0,0.0,0.0,0.0,0.0,0.0,0.0,0.0,0.0,0.0,0.0,0.0,0.0,0.0,0.0,0.0,0.0,0.0,0.0,0.0,0.0,0.0,0.0,0.0,0.0,0.0,0.0,0.0,0.0,0.0,0.0,0.0,0.0,0.0,0.0,0.0,0.0,0.0,0.0,0.0,0.0,0.0,0.0,0.0,0.0,0.0,0.0,0.0,0.0,12.0,9.999e+20,,,,,,,,,,,,,,,,,,,,,,,,,,,,,6.1,2.0,2.8,3.2,3.6,4.0,4.8,4.8,5.2,5.6,2.0,5.6,6.0,6.4,6.4,7.2,7.6,8.01592,8.92902,10.2085,12.6855,15.4318,6.05632,3.1,7.0,2.0,0.0,0.0,0.0,0.0,0.0,15.0,2.0,9.999e+20,9.999e+20,9.999e+20,9.999e+20,9.999e+20,,,,,,,,,,,,,,,,,,,,,,,,,,,,,,,,,,,,,,,,,,,,,,,,,,,,,,,,,,,,,,,,,,,,,,,,,,,,,,,,,,,,,,,,,,,,,,,,,,,,,,,,,,,,,,,,,,,,,,,,,,,,0.0,1.0,7.2,0.0,21.6,0.0,,73.0,,,,,,,,,,,,,,,,,,,,,,,,,,,,,,,,,,,,,,,,,,,,,,,,,,,,,,,,,,,,,11.7,3.7,9.6,1.8,13.9,15.3,17.3,17.3,688.0,0.0,280.0,0.0,416.0,792.0,1272.0,2224.0,,,57.0,26.0,,,,272.26,5.65,,273.19,4.66,,,,,,,,,,,,,,,,,,,,,,,,,,,,,,,,,,,,,,,,,,,,,,,,,,,,,,,,,,,,,9.999e+20,,,200.0,4.5,7.0,,,,,2.0,,,,,,,488.0,260.0,260.0,260.0,,272.2,,,,,,,,,,,,,,,,,,,,,,,,,,,,,4.4,0.8,1.6,2.0,2.0,2.4,2.8,3.2,3.6,3.6,1.2,4.0,4.0,4.4,4.8,5.2,5.6,6.0,6.8,7.6,9.6,12.4,4.4,2.52,2.0,0.0,0.0,0.0,58.0,0.0,23.0,7.0,5.2,5.6,
2026032213,,,,,,,,,,,,,,,,,,,,,,,,,,,,,,,,,0.254,,,,,,,,,,,,,,,,,,,,,,,,,,,,,,,,,,,,,,,,,,,,,,,,,,,,,,,,,,,,,,,,,,,,,,,,,,,,,,,,,,,,,,,,,,,,,,,,,,,,,,,,,,,,,,,,,,,,,,,,,,,,,,,,,,,,,,,,,,,,,,,,,,,,,,,,,,,,,,,,,,,,,,,,,,,,,,,,,,,,,,,,,,,,,,,,,,,,,,,,,,,,,,,,,,,,,,,,,,,,,,,,,,,,,,,,,,,,,,,,,,,,,,,,,,,,,,,,,,,,,,,,,,,,,,,,,,,,,,,,,,,,,,,,,,,,,,,,,,,,,,,,,,,,,,,,,,,,,,,,,,,,,,,,,,,,,,,,,,,,,,,,,,,,,,,,,,,,,,,,,,,,,,,,,,,,,,,,,,,,,,,,,,,,,,,,,,,,,,,,,,,,,,,,,,,,,,,,,,,,,,,,,,,,,,,,,,,,,,,,,,,,,,,,,,,,,,,,,,,,,,,,,,,,,,,,,,,,,,,,,,,,,,,,,,,,,,,,,,,,,,,,,,,,,,,,,,,,,,,,,,,,,,,,,,,,,,,,,,,,,,,,,,,,,,,,,,,,,,,,,,,,,,,,,,,,,,,,,,,,,,,,,,,,,,,,,,,,,,,,,,,,,,,,,,,,,,,,,,,,,,,,,,,,,,,,,,,,,,,,,,,,,,,,,,,,,,,,,,,,,,,,,,,,,,,,,,,,,,,,,,,,,,,,,,,,,,,,,,,,,,,,,,,,,,,,,,,,,,,,,,,,,,,,,,,,,,,,
2026032214,,,,,,,,,,,,,,,,,,,,,,,,,,,,,,,,,0.254,,,,,,,,,,,,,,,,,,,,,,,,,,,,,,,,,,,,,,,,,,,,,,,,,,,,,,,,,,,,,,,,,,,,,,,,,,,,,,,,,,,,,,,,,,,,,,,,,,,,,,,,,,,,,,,,,,,,,,,,,,,,,,,,,,,,,,,,,,,,,,,,,,,,,,,,,,,,,,,,,,,,,,,,,,,,,,,,,,,,,,,,,,,,,,,,,,,,,,,,,,,,,,,,,,,,,,,,,,,,,,,,,,,,,,,,,,,,,,,,,,,,,,,,,,,,,,,,,,,,,,,,,,,,,,,,,,,,,,,,,,,,,,,,,,,,,,,,,,,,,,,,,,,,,,,,,,,,,,,,,,,,,,,,,,,,,,,,,,,,,,,,,,,,,,,,,,,,,,,,,,,,,,,,,,,,,,,,,,,,,,,,,,,,,,,,,,,,,,,,,,,,,,,,,,,,,,,,,,,,,,,,,,,,,,,,,,,,,,,,,,,,,,,,,,,,,,,,,,,,,,,,,,,,,,,,,,,,,,,,,,,,,,,,,,,,,,,,,,,,,,,,,,,,,,,,,,,,,,,,,,,,,,,,,,,,,,,,,,,,,,,,,,,,,,,,,,,,,,,,,,,,,,,,,,,,,,,,,,,,,,,,,,,,,,,,,,,,,,,,,,,,,,,,,,,,,,,,,,,,,,,,,,,,,,,,,,,,,,,,,,,,,,,,,,,,,,,,,,,,,,,,,,,,,,,,,,,,,,,,,,,,,,,,,,,,,,,,,,,,,,,,,,,,,,,,,,,,,,,,,,,,,,,,,,,,,,,,
2026032215,,,,,,,,,,,,,,,,,,,,,,,,,,,,,,,,,0.0,,,,,,,,,,,,,,,,,,,,,,,,,,,,,,,,,,,,,,,,,,,,,,,,,,,,,,,,,,,,,,,,,,,,,,,,,,,,,,,,,,,,,,,,,,,,,,,,,,,,,,,,,,,,,,,,,,,,,,,,,,,,,,,,,,,,,,,,,,,,,,,,,,,,,,,,,,,,,,,,,,,,,,,,,,,,,,,,,,,,,,,,,,,,,,,,,,,,,,,,,,,,,,,,,,,,,,,,,,,,,,,,,,,,,,,,,,,,,,,,,,,,,,,,,,,,,,,,,,,,,,,,,,,,,,,,,,,,,,,,,,,,,,,,,,,,,,,,,,,,,,,,,,,,,,,,,,,,,,,,,,,,,,,,,,,,,,,,,,,,,,,,,,,,,,,,,,,,,,,,,,,,,,,,,,,,,,,,,,,,,,,,,,,,,,,,,,,,,,,,,,,,,,,,,,,,,,,,,,,,,,,,,,,,,,,,,,,,,,,,,,,,,,,,,,,,,,,,,,,,,,,,,,,,,,,,,,,,,,,,,,,,,,,,,,,,,,,,,,,,,,,,,,,,,,,,,,,,,,,,,,,,,,,,,,,,,,,,,,,,,,,,,,,,,,,,,,,,,,,,,,,,,,,,,,,,,,,,,,,,,,,,,,,,,,,,,,,,,,,,,,,,,,,,,,,,,,,,,,,,,,,,,,,,,,,,,,,,,,,,,,,,,,,,,,,,,,,,,,,,,,,,,,,,,,,,,,,,,,,,,,,,,,,,,,,,,,,,,,,,,,,,,,,,,,,,,,,,,,,,,,,,,,,,,,,,,,,,
2026032216,,,,,,,,,,,,,,,,,,,,,,,,,,,,,,,,,0.254,,,,,,,,,,,,,,,,,,,,,,,,,,,,,,,,,,,,,,,,,,,,,,,,,,,,,,,,,,,,,,,,,,,,,,,,,,,,,,,,,,,,,,,,,,,,,,,,,,,,,,,,,,,,,,,,,,,,,,,,,,,,,,,,,,,,,,,,,,,,,,,,,,,,,,,,,,,,,,,,,,,,,,,,,,,,,,,,,,,,,,,,,,,,,,,,,,,,,,,,,,,,,,,,,,,,,,,,,,,,,,,,,,,,,,,,,,,,,,,,,,,,,,,,,,,,,,,,,,,,,,,,,,,,,,,,,,,,,,,,,,,,,,,,,,,,,,,,,,,,,,,,,,,,,,,,,,,,,,,,,,,,,,,,,,,,,,,,,,,,,,,,,,,,,,,,,,,,,,,,,,,,,,,,,,,,,,,,,,,,,,,,,,,,,,,,,,,,,,,,,,,,,,,,,,,,,,,,,,,,,,,,,,,,,,,,,,,,,,,,,,,,,,,,,,,,,,,,,,,,,,,,,,,,,,,,,,,,,,,,,,,,,,,,,,,,,,,,,,,,,,,,,,,,,,,,,,,,,,,,,,,,,,,,,,,,,,,,,,,,,,,,,,,,,,,,,,,,,,,,,,,,,,,,,,,,,,,,,,,,,,,,,,,,,,,,,,,,,,,,,,,,,,,,,,,,,,,,,,,,,,,,,,,,,,,,,,,,,,,,,,,,,,,,,,,,,,,,,,,,,,,,,,,,,,,,,,,,,,,,,,,,,,,,,,,,,,,,,,,,,,,,,,,,,,,,,,,,,,,,,,,,,,,,,,,,,,,,
2026032217,,,,,,,,,,,,,,,,,,,,,,,,,,,,,,,,,0.254,,,,,,,,,,,,,,,,,,,,,,,,,,,,,,,,,,,,,,,,,,,,,,,,,,,,,,,,,,,,,,,,,,,,,,,,,,,,,,,,,,,,,,,,,,,,,,,,,,,,,,,,,,,,,,,,,,,,,,,,,,,,,,,,,,,,,,,,,,,,,,,,,,,,,,,,,,,,,,,,,,,,,,,,,,,,,,,,,,,,,,,,,,,,,,,,,,,,,,,,,,,,,,,,,,,,,,,,,,,,,,,,,,,,,,,,,,,,,,,,,,,,,,,,,,,,,,,,,,,,,,,,,,,,,,,,,,,,,,,,,,,,,,,,,,,,,,,,,,,,,,,,,,,,,,,,,,,,,,,,,,,,,,,,,,,,,,,,,,,,,,,,,,,,,,,,,,,,,,,,,,,,,,,,,,,,,,,,,,,,,,,,,,,,,,,,,,,,,,,,,,,,,,,,,,,,,,,,,,,,,,,,,,,,,,,,,,,,,,,,,,,,,,,,,,,,,,,,,,,,,,,,,,,,,,,,,,,,,,,,,,,,,,,,,,,,,,,,,,,,,,,,,,,,,,,,,,,,,,,,,,,,,,,,,,,,,,,,,,,,,,,,,,,,,,,,,,,,,,,,,,,,,,,,,,,,,,,,,,,,,,,,,,,,,,,,,,,,,,,,,,,,,,,,,,,,,,,,,,,,,,,,,,,,,,,,,,,,,,,,,,,,,,,,,,,,,,,,,,,,,,,,,,,,,,,,,,,,,,,,,,,,,,,,,,,,,,,,,,,,,,,,,,,,,,,,,,,,,,,,,,,,,,,,,,,,,,,,
2026032218,1.501,0.0,0.0,0.0,0.0,0.0,0.0,0.0,0.0,0.0,0.0,0.0,0.008,0.206,0.566,1.013,1.65,2.523,3.313,4.797,7.297,15.232,39.0,0.0,1.0,0.0,0.0,20.0,0.0,0.0,6.0,0.0,0.254,,,,,,,,,,,,,,,,,,,,,,,,,,,,,,,,,,,,,,,,,,,,,,,,,,,,,,,,,,,,,,,,,,0.254,0.0,0.0,0.0,0.0,0.0,0.0,0.0,0.0,0.0,0.0,0.0,0.0,0.0,0.051,0.3,0.613,1.099,1.942,2.926,4.879,9.145,31.0,0.0,0.0,12.0,0.0,0.0,0.0,3.0,0.0,0.0,,,,,,,,,,,,,,,,,,,,,,,,,,,,,,,,,272.25,,,,,,,,,,,,,,,,,,,0.013,,,,,,,,,,,,,,,,,,0.025,,,,,,,,,,,,,,,,,,0.005,0.0,0.0,0.0,0.0,0.0,0.015,0.03,18.0,6.0,2.0,2.0,0.0,0.0,0.0,0.0,0.0,0.0,0.028,,,,,,,,,,,,,,,,,,6.0,12.0,,,,,,,,,,,19.0,19.0,19.0,22.0,26.0,33.0,34.0,0.0,0.0,0.0,0.0,0.0,25.7,,268.59,4.27,,108.0,2.0,,0.0,,,,,,,,,,,,,,,,,,,,,,,,,0.0,0.0,0.0,0.0,0.0,0.0,0.0,0.0,0.0,0.0,0.0,0.0,0.0,0.0,,,,,,,,,,,,,17.0,9.999e+20,,,,,,,,,,,,,,,,,,,,,,,,,,,,,6.6,1.6,3.2,3.20181,3.67175,4.16203,4.62106,4.66648,5.10745,5.60621,2.8,5.67766,6.13774,6.63289,7.14659,7.32176,8.08169,8.57859,9.66811,10.7413,13.436,18.0171,6.55644,3.4,10.0,3.0,2.0,0.0,0.0,0.0,0.0,19.0,2.0,9.999e+20,9.999e+20,9.999e+20,9.999e+20,9.999e+20,,,,,,,,,,,,,,,,,,,,,,,,,,,,,,,,,,,,,,,,,,,,,,,,,,,,,,,,,,,,,,,,,,,,,,,,,,,,,,,,,,,,,,,,,,,,,,,,,,,,,,,,,,,,,,,,,,,,,,,,,,79.0,,56.0,,3.6,0.0,34.8,0.0,,57.0,,,,,,,,,,,,,,,,,,,,,,,,,,,,,,,,,,,,,,,,,,,,,,,,,,,,,,,,,,,,,11.3,4.6,9.2,2.2,13.1,14.2,15.9,17.4,688.0,160.0,368.0,0.0,512.0,752.0,1512.0,1944.0,,,49.0,25.0,,,,,,4.65862,276.25,4.92,,,,,,,,,,,,,,,,,,,,,,,,,,,,,,,271.93,264.564,266.87,267.158,267.733,268.522,269.223,269.286,269.829,270.431,266.259,271.079,271.649,272.349,272.719,273.897,274.347,275.386,276.154,278.548,280.825,282.535,0.0,0.0,0.0,0.0,0.0,50.0,67.0,0.0,9.999e+20,,,210.0,5.8,,,,,,2.0,,,,,,,3269.0,290.0,290.0,290.0,,275.1,,,,,,,,,,,,,,,,,,,,,,,,,,,,,4.7,0.4,2.0,2.4,2.4,2.8,3.2,3.2,3.2,3.6,1.2,4.0,4.0,4.4,4.8,4.8,5.49323,5.94255,6.88031,7.93057,9.97152,14.166,4.65249,2.7,3.0,0.0,0.0,0.0,55.0,0.0,22.0,9.0,5.1,5.6,
2026032219,,,,,,,,,,,,,,,,,,,,,,,,,,,,,,,,,0.254,,,,,,,,,,,,,,,,,,,,,,,,,,,,,,,,,,,,,,,,,,,,,,,,,,,,,,,,,,,,,,,,,,,,,,,,,,,,,,,,,,,,,,,,,,,,,,,,,,,,,,,,,,,,,,,,,,,,,,,,,,,,,,,,,,,,,,,,,,,,,,,,,,,,,,,,,,,,,,,,,,,,,,,,,,,,,,,,,,,,,,,,,,,,,,,,,,,,,,,,,,,,,,,,,,,,,,,,,,,,,,,,,,,,,,,,,,,,,,,,,,,,,,,,,,,,,,,,,,,,,,,,,,,,,,,,,,,,,,,,,,,,,,,,,,,,,,,,,,,,,,,,,,,,,,,,,,,,,,,,,,,,,,,,,,,,,,,,,,,,,,,,,,,,,,,,,,,,,,,,,,,,,,,,,,,,,,,,,,,,,,,,,,,,,,,,,,,,,,,,,,,,,,,,,,,,,,,,,,,,,,,,,,,,,,,,,,,,,,,,,,,,,,,,,,,,,,,,,,,,,,,,,,,,,,,,,,,,,,,,,,,,,,,,,,,,,,,,,,,,,,,,,,,,,,,,,,,,,,,,,,,,,,,,,,,,,,,,,,,,,,,,,,,,,,,,,,,,,,,,,,,,,,,,,,,,,,,,,,,,,,,,,,,,,,,,,,,,,,,,,,,,,,,,,,,,,,,,,,,,,,,,,,,,,,,,,,,,,,,,,,,,,,,,,,,,,,,,,,,,,,,,,,,,,,,,,,,,,,,,,,,,,,,,,,,,,,,,,,,,,,,,,,,,,,,,,,,,,,,,,,,,,,,,,,,,,,,,
2026032220,,,,,,,,,,,,,,,,,,,,,,,,,,,,,,,,,0.254,,,,,,,,,,,,,,,,,,,,,,,,,,,,,,,,,,,,,,,,,,,,,,,,,,,,,,,,,,,,,,,,,,,,,,,,,,,,,,,,,,,,,,,,,,,,,,,,,,,,,,,,,,,,,,,,,,,,,,,,,,,,,,,,,,,,,,,,,,,,,,,,,,,,,,,,,,,,,,,,,,,,,,,,,,,,,,,,,,,,,,,,,,,,,,,,,,,,,,,,,,,,,,,,,,,,,,,,,,,,,,,,,,,,,,,,,,,,,,,,,,,,,,,,,,,,,,,,,,,,,,,,,,,,,,,,,,,,,,,,,,,,,,,,,,,,,,,,,,,,,,,,,,,,,,,,,,,,,,,,,,,,,,,,,,,,,,,,,,,,,,,,,,,,,,,,,,,,,,,,,,,,,,,,,,,,,,,,,,,,,,,,,,,,,,,,,,,,,,,,,,,,,,,,,,,,,,,,,,,,,,,,,,,,,,,,,,,,,,,,,,,,,,,,,,,,,,,,,,,,,,,,,,,,,,,,,,,,,,,,,,,,,,,,,,,,,,,,,,,,,,,,,,,,,,,,,,,,,,,,,,,,,,,,,,,,,,,,,,,,,,,,,,,,,,,,,,,,,,,,,,,,,,,,,,,,,,,,,,,,,,,,,,,,,,,,,,,,,,,,,,,,,,,,,,,,,,,,,,,,,,,,,,,,,,,,,,,,,,,,,,,,,,,,,,,,,,,,,,,,,,,,,,,,,,,,,,,,,,,,,,,,,,,,,,,,,,,,,,,,,,,,,,,,,,,,,,,,,,,,,,,,,,,,,,,,,,,,
2026032221,,,,,,,,,,,,,,,,,,,,,,,,,,,,,,,,,0.254,,,,,,,,,,,,,,,,,,,,,,,,,,,,,,,,,,,,,,,,,,,,,,,,,,,,,,,,,,,,,,,,,,,,,,,,,,,,,,,,,,,,,,,,,,,,,,,,,,,,,,,,,,,,,,,,,,,,,,,,,,,,,,,,,,,,,,,,,,,,,,,,,,,,,,,,,,,,,,,,,,,,,,,,,,,,,,,,,,,,,,,,,,,,,,,,,,,,,,,,,,,,,,,,,,,,,,,,,,,,,,,,,,,,,,,,,,,,,,,,,,,,,,,,,,,,,,,,,,,,,,,,,,,,,,,,,,,,,,,,,,,,,,,,,,,,,,,,,,,,,,,,,,,,,,,,,,,,,,,,,,,,,,,,,,,,,,,,,,,,,,,,,,,,,,,,,,,,,,,,,,,,,,,,,,,,,,,,,,,,,,,,,,,,,,,,,,,,,,,,,,,,,,,,,,,,,,,,,,,,,,,,,,,,,,,,,,,,,,,,,,,,,,,,,,,,,,,,,,,,,,,,,,,,,,,,,,,,,,,,,,,,,,,,,,,,,,,,,,,,,,,,,,,,,,,,,,,,,,,,,,,,,,,,,,,,,,,,,,,,,,,,,,,,,,,,,,,,,,,,,,,,,,,,,,,,,,,,,,,,,,,,,,,,,,,,,,,,,,,,,,,,,,,,,,,,,,,,,,,,,,,,,,,,,,,,,,,,,,,,,,,,,,,,,,,,,,,,,,,,,,,,,,,,,,,,,,,,,,,,,,,,,,,,,,,,,,,,,,,,,,,,,,,,,,,,,,,,,,,,,,,,,,,,,,,,,,,,
2026032222,,,,,,,,,,,,,,,,,,,,,,,,,,,,,,,,,0.254,,,,,,,,,,,,,,,,,,,,,,,,,,,,,,,,,,,,,,,,,,,,,,,,,,,,,,,,,,,,,,,,,,,,,,,,,,,,,,,,,,,,,,,,,,,,,,,,,,,,,,,,,,,,,,,,,,,,,,,,,,,,,,,,,,,,,,,,,,,,,,,,,,,,,,,,,,,,,,,,,,,,,,,,,,,,,,,,,,,,,,,,,,,,,,,,,,,,,,,,,,,,,,,,,,,,,,,,,,,,,,,,,,,,,,,,,,,,,,,,,,,,,,,,,,,,,,,,,,,,,,,,,,,,,,,,,,,,,,,,,,,,,,,,,,,,,,,,,,,,,,,,,,,,,,,,,,,,,,,,,,,,,,,,,,,,,,,,,,,,,,,,,,,,,,,,,,,,,,,,,,,,,,,,,,,,,,,,,,,,,,,,,,,,,,,,,,,,,,,,,,,,,,,,,,,,,,,,,,,,,,,,,,,,,,,,,,,,,,,,,,,,,,,,,,,,,,,,,,,,,,,,,,,,,,,,,,,,,,,,,,,,,,,,,,,,,,,,,,,,,,,,,,,,,,,,,,,,,,,,,,,,,,,,,,,,,,,,,,,,,,,,,,,,,,,,,,,,,,,,,,,,,,,,,,,,,,,,,,,,,,,,,,,,,,,,,,,,,,,,,,,,,,,,,,,,,,,,,,,,,,,,,,,,,,,,,,,,,,,,,,,,,,,,,,,,,,,,,,,,,,,,,,,,,,,,,,,,,,,,,,,,,,,,,,,,,,,,,,,,,,,,,,,,,,,,,,,,,,,,,,,,,,,,,,,,,,,,
2026032223,,,,,,,,,,,,,,,,,,,,,,,,,,,,,,,,,0.254,,,,,,,,,,,,,,,,,,,,,,,,,,,,,,,,,,,,,,,,,,,,,,,,,,,,,,,,,,,,,,,,,,,,,,,,,,,,,,,,,,,,,,,,,,,,,,,,,,,,,,,,,,,,,,,,,,,,,,,,,,,,,,,,,,,,,,,,,,,,,,,,,,,,,,,,,,,,,,,,,,,,,,,,,,,,,,,,,,,,,,,,,,,,,,,,,,,,,,,,,,,,,,,,,,,,,,,,,,,,,,,,,,,,,,,,,,,,,,,,,,,,,,,,,,,,,,,,,,,,,,,,,,,,,,,,,,,,,,,,,,,,,,,,,,,,,,,,,,,,,,,,,,,,,,,,,,,,,,,,,,,,,,,,,,,,,,,,,,,,,,,,,,,,,,,,,,,,,,,,,,,,,,,,,,,,,,,,,,,,,,,,,,,,,,,,,,,,,,,,,,,,,,,,,,,,,,,,,,,,,,,,,,,,,,,,,,,,,,,,,,,,,,,,,,,,,,,,,,,,,,,,,,,,,,,,,,,,,,,,,,,,,,,,,,,,,,,,,,,,,,,,,,,,,,,,,,,,,,,,,,,,,,,,,,,,,,,,,,,,,,,,,,,,,,,,,,,,,,,,,,,,,,,,,,,,,,,,,,,,,,,,,,,,,,,,,,,,,,,,,,,,,,,,,,,,,,,,,,,,,,,,,,,,,,,,,,,,,,,,,,,,,,,,,,,,,,,,,,,,,,,,,,,,,,,,,,,,,,,,,,,,,,,,,,,,,,,,,,,,,,,,,,,,,,,,,,,,,,,,,,,,,,,,,,,,,,,,
2026032300,1.708,0.0,0.0,0.0,0.0,0.0,0.0,0.0,0.0,0.0,0.0,0.0,0.13,0.423,0.899,1.452,2.126,3.16,4.132,5.353,8.027,13.096,43.0,0.0,1.0,0.0,0.0,23.0,0.0,0.0,9.0,0.0,0.254,,3.882,0.0,0.0,0.0,0.0,0.0,0.0,0.011,0.217,0.525,0.0,0.929,1.516,2.307,3.313,4.273,5.283,6.685,8.511,10.931,16.328,27.547,60.0,0.0,8.0,0.0,0.0,0.0,1.0,0.0,21.0,0.0,,,,,,,,,,,,,,,,,,,,,,,,,,,,,,,,,3.81,0.0,0.0,0.0,0.0,0.0,0.0,0.0,0.0,0.0,0.0,0.0,0.0,0.03,0.188,0.465,0.829,1.237,1.893,2.734,4.272,7.319,34.0,0.0,0.0,11.0,0.0,0.0,0.0,2.0,0.0,0.0,,,,,,,,,,,,,,,,,,,,,,,,,,,,,,,,,272.11,,,,,,,,,,,,,,,,,,,0.018,0.0,0.0,0.0,0.0,0.028,0.058,0.069,40.0,22.0,11.0,3.0,1.0,0.0,0.0,0.0,0.0,0.0,0.03,0.0,0.0,0.0,0.01,0.053,0.094,0.117,31.0,21.0,5.0,1.0,0.0,0.0,0.0,0.0,0.0,0.0,0.008,0.0,0.0,0.0,0.0,0.01,0.036,0.051,28.0,12.0,4.0,1.0,0.0,0.0,0.0,0.0,0.0,0.0,0.038,0.0,0.0,0.0,0.015,0.066,0.107,0.119,35.0,7.0,1.0,0.0,0.0,0.0,0.0,0.0,0.0,0.0,23.0,12.0,,,,,,,,,,,20.0,20.0,20.0,21.0,23.0,24.0,25.0,0.0,0.0,0.0,0.0,0.0,21.7,,269.99,2.26,,487.0,,,0.0,0.0,0.0,0.0,0.0,0.0,0.0,0.0,0.0,0.0,0.0,0.0,0.0,0.0,0.0,0.0,0.0,0.0,0.0,0.0,0.0,0.0,0.0,0.0,0.0,0.0,0.0,0.0,0.0,0.0,0.0,0.0,0.0,0.0,0.0,0.0,0.0,0.0,0.0,0.0,0.0,0.0,0.0,0.0,0.0,0.0,0.0,0.0,0.0,0.0,0.0,18.0,9.999e+20,,,,,,,,,,,,,,,,,,,,,,,,,,,,,7.5,2.0,3.6,3.71345,4.29475,5.34689,5.88616,6.38049,6.57471,6.77335,2.8,6.93462,7.42554,7.63222,7.85311,8.42262,9.01715,9.99454,10.9484,11.8852,13.0818,16.4492,7.53359,3.2,14.0,2.0,0.0,0.0,0.0,0.0,0.0,26.0,2.0,9.999e+20,9.999e+20,9.999e+20,9.999e+20,9.999e+20,,,,,,,,,,,,,,,,,,,,,,,,,,,,,,,,,,,,,,,,,,,,,,,,,,,,,,,,,,,,,,,,,,,,,,,,,,,,,,,,,,,,,,,,,,,,,,,,,,,,,,,,,,,,,,,,,,,,,,,,,,,,,4.0,6.0,0.0,32.4,0.0,,62.0,,,,,,,,,,,,,,,,,,,,,,,,,,,,,,,,,,,,,,,,,,,,,,,,,,,,,,,,,,,,,11.3,4.9,8.9,2.9,12.1,14.4,15.7,17.4,800.0,360.0,536.0,320.0,696.0,872.0,1280.0,1944.0,,,51.0,17.0,,278.33,5.8,,,,276.53,5.11,,,,,,,,,,,,,,,,,,,,,,,,,,,,,,,,,,,,,,,,,,,,,,,,,,,,,,,,,,,,,9.999e+20,,,190.0,,6.0,,,,,3.0,,,,,,,,290.0,290.0,290.0,,275.4,,,,,,,,,,,,,,,,,,,,,,,,,,,,,5.4,1.2,2.0,2.8,3.2,3.2,3.6,4.0,4.4,4.4,1.6,4.8,5.2,5.6,5.6,6.0,6.4,6.8,7.6,8.8,9.73632,12.478,5.02899,2.5,3.0,0.0,0.0,0.0,73.0,0.0,36.0,10.0,5.8,6.7,
2026032301,,,,,,,,,,,,,,,,,,,,,,,,,,,,,,,,,0.254,,,,,,,,,,,,,,,,,,,,,,,,,,,,,,,,,,,,,,,,,,,,,,,,,,,,,,,,,,,,,,,,,,,,,,,,,,,,,,,,,,,,,,,,,,,,,,,,,,,,,,,,,,,,,,,,,,,,,,,,,,,,,,,,,,,,,,,,,,,,,,,,,,,,,,,,,,,,,,,,,,,,,,,,,,,,,,,,,,,,,,,,,,,,,,,,,,,,,,,,,,,,,,,,,,,,,,,,,,,,,,,,,,,,,,,,,,,,,,,,,,,,,,,,,,,,,,,,,,,,,,,,,,,,,,,,,,,,,,,,,,,,,,,,,,,,,,,,,,,,,,,,,,,,,,,,,,,,,,,,,,,,,,,,,,,,,,,,,,,,,,,,,,,,,,,,,,,,,,,,,,,,,,,,,,,,,,,,,,,,,,,,,,,,,,,,,,,,,,,,,,,,,,,,,,,,,,,,,,,,,,,,,,,,,,,,,,,,,,,,,,,,,,,,,,,,,,,,,,,,,,,,,,,,,,,,,,,,,,,,,,,,,,,,,,,,,,,,,,,,,,,,,,,,,,,,,,,,,,,,,,,,,,,,,,,,,,,,,,,,,,,,,,,,,,,,,,,,,,,,,,,,,,,,,,,,,,,,,,,,,,,,,,,,,,,,,,,,,,,,,,,,,,,,,,,,,,,,,,,,,,,,,,,,,,,,,,,,,,,,,,,,,,,,,,,,,,,,,,,,,,,,,,,,,,,,,,,,,,,,,,,,,,,,,,,,,,,,,,,,,,,,,,,,,,,,,,,,,,,,,,,,,,,,,,,,,,,,
2026032302,,,,,,,,,,,,,,,,,,,,,,,,,,,,,,,,,0.254,,,,,,,,,,,,,,,,,,,,,,,,,,,,,,,,,,,,,,,,,,,,,,,,,,,,,,,,,,,,,,,,,,,,,,,,,,,,,,,,,,,,,,,,,,,,,,,,,,,,,,,,,,,,,,,,,,,,,,,,,,,,,,,,,,,,,,,,,,,,,,,,,,,,,,,,,,,,,,,,,,,,,,,,,,,,,,,,,,,,,,,,,,,,,,,,,,,,,,,,,,,,,,,,,,,,,,,,,,,,,,,,,,,,,,,,,,,,,,,,,,,,,,,,,,,,,,,,,,,,,,,,,,,,,,,,,,,,,,,,,,,,,,,,,,,,,,,,,,,,,,,,,,,,,,,,,,,,,,,,,,,,,,,,,,,,,,,,,,,,,,,,,,,,,,,,,,,,,,,,,,,,,,,,,,,,,,,,,,,,,,,,,,,,,,,,,,,,,,,,,,,,,,,,,,,,,,,,,,,,,,,,,,,,,,,,,,,,,,,,,,,,,,,,,,,,,,,,,,,,,,,,,,,,,,,,,,,,,,,,,,,,,,,,,,,,,,,,,,,,,,,,,,,,,,,,,,,,,,,,,,,,,,,,,,,,,,,,,,,,,,,,,,,,,,,,,,,,,,,,,,,,,,,,,,,,,,,,,,,,,,,,,,,,,,,,,,,,,,,,,,,,,,,,,,,,,,,,,,,,,,,,,,,,,,,,,,,,,,,,,,,,,,,,,,,,,,,,,,,,,,,,,,,,,,,,,,,,,,,,,,,,,,,,,,,,,,,,,,,,,,,,,,,,,,,,,,,,,,,,,,,,,,,,,,,,,,,,
2026032303,,,,,,,,,,,,,,,,,,,,,,,,,,,,,,,,,0.254,,,,,,,,,,,,,,,,,,,,,,,,,,,,,,,,,,,,,,,,,,,,,,,,,,,,,,,,,,,,,,,,,,,,,,,,,,,,,,,,,,,,,,,,,,,,,,,,,,,,,,,,,,,,,,,,,,,,,,,,,,,,,,,,,,,,,,,,,,,,,,,,,,,,,,,,,,,,,,,,,,,,,,,,,,,,,,,,,,,,,,,,,,,,,,,,,,,,,,,,,,,,,,,,,,,,,,,,,,,,,,,,,,,,,,,,,,,,,,,,,,,,,,,,,,,,,,,,,,,,,,,,,,,,,,,,,,,,,,,,,,,,,,,,,,,,,,,,,,,,,,,,,,,,,,,,,,,,,,,,,,,,,,,,,,,,,,,,,,,,,,,,,,,,,,,,,,,,,,,,,,,,,,,,,,,,,,,,,,,,,,,,,,,,,,,,,,,,,,,,,,,,,,,,,,,,,,,,,,,,,,,,,,,,,,,,,,,,,,,,,,,,,,,,,,,,,,,,,,,,,,,,,,,,,,,,,,,,,,,,,,,,,,,,,,,,,,,,,,,,,,,,,,,,,,,,,,,,,,,,,,,,,,,,,,,,,,,,,,,,,,,,,,,,,,,,,,,,,,,,,,,,,,,,,,,,,,,,,,,,,,,,,,,,,,,,,,,,,,,,,,,,,,,,,,,,,,,,,,,,,,,,,,,,,,,,,,,,,,,,,,,,,,,,,,,,,,,,,,,,,,,,,,,,,,,,,,,,,,,,,,,,,,,,,,,,,,,,,,,,,,,,,,,,,,,,,,,,,,,,,,,,,,,,,,,,,,,,
2026032304,,,,,,,,,,,,,,,,,,,,,,,,,,,,,,,,,0.254,,,,,,,,,,,,,,,,,,,,,,,,,,,,,,,,,,,,,,,,,,,,,,,,,,,,,,,,,,,,,,,,,,,,,,,,,,,,,,,,,,,,,,,,,,,,,,,,,,,,,,,,,,,,,,,,,,,,,,,,,,,,,,,,,,,,,,,,,,,,,,,,,,,,,,,,,,,,,,,,,,,,,,,,,,,,,,,,,,,,,,,,,,,,,,,,,,,,,,,,,,,,,,,,,,,,,,,,,,,,,,,,,,,,,,,,,,,,,,,,,,,,,,,,,,,,,,,,,,,,,,,,,,,,,,,,,,,,,,,,,,,,,,,,,,,,,,,,,,,,,,,,,,,,,,,,,,,,,,,,,,,,,,,,,,,,,,,,,,,,,,,,,,,,,,,,,,,,,,,,,,,,,,,,,,,,,,,,,,,,,,,,,,,,,,,,,,,,,,,,,,,,,,,,,,,,,,,,,,,,,,,,,,,,,,,,,,,,,,,,,,,,,,,,,,,,,,,,,,,,,,,,,,,,,,,,,,,,,,,,,,,,,,,,,,,,,,,,,,,,,,,,,,,,,,,,,,,,,,,,,,,,,,,,,,,,,,,,,,,,,,,,,,,,,,,,,,,,,,,,,,,,,,,,,,,,,,,,,,,,,,,,,,,,,,,,,,,,,,,,,,,,,,,,,,,,,,,,,,,,,,,,,,,,,,,,,,,,,,,,,,,,,,,,,,,,,,,,,,,,,,,,,,,,,,,,,,,,,,,,,,,,,,,,,,,,,,,,,,,,,,,,,,,,,,,,,,,,,,,,,,,,,,,,,,,,,,,,
2026032305,,,,,,,,,,,,,,,,,,,,,,,,,,,,,,,,,0.0,,,,,,,,,,,,,,,,,,,,,,,,,,,,,,,,,,,,,,,,,,,,,,,,,,,,,,,,,,,,,,,,,,,,,,,,,,,,,,,,,,,,,,,,,,,,,,,,,,,,,,,,,,,,,,,,,,,,,,,,,,,,,,,,,,,,,,,,,,,,,,,,,,,,,,,,,,,,,,,,,,,,,,,,,,,,,,,,,,,,,,,,,,,,,,,,,,,,,,,,,,,,,,,,,,,,,,,,,,,,,,,,,,,,,,,,,,,,,,,,,,,,,,,,,,,,,,,,,,,,,,,,,,,,,,,,,,,,,,,,,,,,,,,,,,,,,,,,,,,,,,,,,,,,,,,,,,,,,,,,,,,,,,,,,,,,,,,,,,,,,,,,,,,,,,,,,,,,,,,,,,,,,,,,,,,,,,,,,,,,,,,,,,,,,,,,,,,,,,,,,,,,,,,,,,,,,,,,,,,,,,,,,,,,,,,,,,,,,,,,,,,,,,,,,,,,,,,,,,,,,,,,,,,,,,,,,,,,,,,,,,,,,,,,,,,,,,,,,,,,,,,,,,,,,,,,,,,,,,,,,,,,,,,,,,,,,,,,,,,,,,,,,,,,,,,,,,,,,,,,,,,,,,,,,,,,,,,,,,,,,,,,,,,,,,,,,,,,,,,,,,,,,,,,,,,,,,,,,,,,,,,,,,,,,,,,,,,,,,,,,,,,,,,,,,,,,,,,,,,,,,,,,,,,,,,,,,,,,,,,,,,,,,,,,,,,,,,,,,,,,,,,,,,,,,,,,,,,,,,,,,,,,,,,,,,,,,,,
2026032306,1.576,0.0,0.0,0.0,0.0,0.0,0.0,0.0,0.0,0.0,0.0,0.001,0.204,0.608,1.043,1.624,2.258,3.113,3.885,4.94,7.223,11.897,44.0,0.0,1.0,0.0,0.0,24.0,0.0,0.0,6.0,0.0,0.254,,,,,,,,,,,,,,,,,,,,,,,,,,,,,,,,,,,,,,,,,,,,,,,,,,,,,,,,,,,,,,,,,,0.508,0.0,0.0,0.0,0.0,0.0,0.0,0.0,0.0,0.0,0.0,0.0,0.0,0.011,0.155,0.407,0.797,1.187,1.766,2.747,3.86,6.793,33.0,0.0,0.0,11.0,0.0,0.0,0.0,1.0,0.0,0.0,,,,,,,,,,,,,,,,,,,,,,,,,,,,,,,,,267.96,,,,,,,,,,,,,,,,,,,0.02,,,,,,,,,,,,,,,,,,0.033,,,,,,,,,,,,,,,,,,0.005,0.0,0.0,0.0,0.0,0.0,0.015,0.02,19.0,3.0,2.0,0.0,0.0,0.0,0.0,0.0,0.0,0.0,0.041,,,,,,,,,,,,,,,,,,3.0,1.0,,,,,,,,,,,17.0,20.0,17.0,23.0,25.0,25.0,26.0,0.0,0.0,0.0,0.0,0.0,21.2,,268.68,2.95,,50.0,1.0,,0.0,,,,,,,,,,,,,,,,,,,,,,,,,0.0,0.0,0.0,0.0,0.0,0.0,0.0,0.0,0.0,0.0,0.0,0.0,0.0,0.0,,,,,,,,,,,,,18.0,,11.6109,6.0605,7.67248,8.33423,8.53894,9.04786,9.58403,9.67989,10.4119,10.7255,6.36716,10.989,11.6562,11.9819,12.2592,13.0564,14.2414,14.7124,15.6273,16.1763,19.5759,21.7972,48.0,8.0,2.0,0.0,0.0,0.0,6.1,1.2,2.4,2.8,3.6,3.6,4.0,4.4,4.4,4.8,2.0,4.8,5.62713,6.07524,6.20947,6.73991,7.78308,8.49474,9.08899,10.1698,12.0124,14.1989,5.65208,3.22,7.0,1.0,0.0,0.0,0.0,0.0,0.0,18.0,2.0,,,,,,,,,,,,,,,,,,,,,,,,,,,,,,,,,,,,,,,,,,,,,,,,,,,,,,,,,,,,,,,,,,,,,,,,,,,,,,,,,,,,,,,,,,,,,,,,,,,,,,,,,,,,,,,,,,,,,,,,,,,,,,,,57.0,0.0,,7.2,0.0,31.6,0.0,,76.0,,,,,,,,,,,,,,,,,,,,,,,,,,,,,,,,,,,,,,,,,,,,,,,,,,,,,,,,,,,,,13.2,4.9,11.1,3.1,14.8,17.0,18.2,19.0,688.0,0.0,416.0,0.0,592.0,768.0,1344.0,1904.0,,,46.0,15.0,,,,,,4.32532,272.51,3.43,277.587,271.535,273.54,273.95,274.619,274.987,275.635,275.435,275.857,276.242,272.046,276.595,276.917,277.405,277.507,278.317,279.284,280.421,281.725,283.849,287.813,288.769,0.0,1.0,9.0,0.0,0.0,0.0,0.0,0.0,,,,,,,,,,,,,,,,,,,,,,,,,,,,,,,9.999e+20,,,180.0,5.9,,,,,,3.0,,,,,,,2381.0,260.0,260.0,260.0,,271.7,9.09261,3.6,5.2,6.0,6.0,6.4,6.8,7.16142,8.03498,8.09859,4.4,8.5548,8.59092,9.43457,9.8865,10.0543,10.9173,11.3732,11.9904,13.192,16.2489,18.2712,21.0,2.0,0.0,0.0,87.0,45.0,4.1,0.4,1.6,1.6,2.0,2.4,2.4,2.8,2.8,3.2,0.8,3.2,3.6,4.0,4.4,4.4,5.6,6.0,6.4,7.2,8.92443,10.9337,4.07952,2.4,1.0,0.0,0.0,0.0,45.0,0.0,23.0,6.0,4.5,4.9,
2026032307,,,,,,,,,,,,,,,,,,,,,,,,,,,,,,,,,0.254,,,,,,,,,,,,,,,,,,,,,,,,,,,,,,,,,,,,,,,,,,,,,,,,,,,,,,,,,,,,,,,,,,,,,,,,,,,,,,,,,,,,,,,,,,,,,,,,,,,,,,,,,,,,,,,,,,,,,,,,,,,,,,,,,,,,,,,,,,,,,,,,,,,,,,,,,,,,,,,,,,,,,,,,,,,,,,,,,,,,,,,,,,,,,,,,,,,,,,,,,,,,,,,,,,,,,,,,,,,,,,,,,,,,,,,,,,,,,,,,,,,,,,,,,,,,,,,,,,,,,,,,,,,,,,,,,,,,,,,,,,,,,,,,,,,,,,,,,,,,,,,,,,,,,,,,,,,,,,,,,,,,,,,,,,,,,,,,,,,,,,,,,,,,,,,,,,,,,,,,,,,,,,,,,,,,,,,,,,,,,,,,,,,,,,,,,,,,,,,,,,,,,,,,,,,,,,,,,,,,,,,,,,,,,,,,,,,,,,,,,,,,,,,,,,,,,,,,,,,,,,,,,,,,,,,,,,,,,,,,,,,,,,,,,,,,,,,,,,,,,,,,,,,,,,,,,,,,,,,,,,,,,,,,,,,,,,,,,,,,,,,,,,,,,,,,,,,,,,,,,,,,,,,,,,,,,,,,,,,,,,,,,,,,,,,,,,,,,,,,,,,,,,,,,,,,,,,,,,,,,,,,,,,,,,,,,,,,,,,,,,,,,,,,,,,,,,,,,,,,,,,,,,,,,,,,,,,,,,,,,,,,,,,,,,,,,,,,,,,,,,,,,,,,,,,,,,,,,,,,,,,,,,,,,,,,,,,,
2026032308,,,,,,,,,,,,,,,,,,,,,,,,,,,,,,,,,0.0,,,,,,,,,,,,,,,,,,,,,,,,,,,,,,,,,,,,,,,,,,,,,,,,,,,,,,,,,,,,,,,,,,,,,,,,,,,,,,,,,,,,,,,,,,,,,,,,,,,,,,,,,,,,,,,,,,,,,,,,,,,,,,,,,,,,,,,,,,,,,,,,,,,,,,,,,,,,,,,,,,,,,,,,,,,,,,,,,,,,,,,,,,,,,,,,,,,,,,,,,,,,,,,,,,,,,,,,,,,,,,,,,,,,,,,,,,,,,,,,,,,,,,,,,,,,,,,,,,,,,,,,,,,,,,,,,,,,,,,,,,,,,,,,,,,,,,,,,,,,,,,,,,,,,,,,,,,,,,,,,,,,,,,,,,,,,,,,,,,,,,,,,,,,,,,,,,,,,,,,,,,,,,,,,,,,,,,,,,,,,,,,,,,,,,,,,,,,,,,,,,,,,,,,,,,,,,,,,,,,,,,,,,,,,,,,,,,,,,,,,,,,,,,,,,,,,,,,,,,,,,,,,,,,,,,,,,,,,,,,,,,,,,,,,,,,,,,,,,,,,,,,,,,,,,,,,,,,,,,,,,,,,,,,,,,,,,,,,,,,,,,,,,,,,,,,,,,,,,,,,,,,,,,,,,,,,,,,,,,,,,,,,,,,,,,,,,,,,,,,,,,,,,,,,,,,,,,,,,,,,,,,,,,,,,,,,,,,,,,,,,,,,,,,,,,,,,,,,,,,,,,,,,,,,,,,,,,,,,,,,,,,,,,,,,,,,,,,,,,,,,,,,,,,,,,,,,,,,,,,,,,,,,,,,,,,,,,,
2026032309,,,,,,,,,,,,,,,,,,,,,,,,,,,,,,,,,0.254,,,,,,,,,,,,,,,,,,,,,,,,,,,,,,,,,,,,,,,,,,,,,,,,,,,,,,,,,,,,,,,,,,,,,,,,,,,,,,,,,,,,,,,,,,,,,,,,,,,,,,,,,,,,,,,,,,,,,,,,,,,,,,,,,,,,,,,,,,,,,,,,,,,,,,,,,,,,,,,,,,,,,,,,,,,,,,,,,,,,,,,,,,,,,,,,,,,,,,,,,,,,,,,,,,,,,,,,,,,,,,,,,,,,,,,,,,,,,,,,,,,,,,,,,,,,,,,,,,,,,,,,,,,,,,,,,,,,,,,,,,,,,,,,,,,,,,,,,,,,,,,,,,,,,,,,,,,,,,,,,,,,,,,,,,,,,,,,,,,,,,,,,,,,,,,,,,,,,,,,,,,,,,,,,,,,,,,,,,,,,,,,,,,,,,,,,,,,,,,,,,,,,,,,,,,,,,,,,,,,,,,,,,,,,,,,,,,,,,,,,,,,,,,,,,,,,,,,,,,,,,,,,,,,,,,,,,,,,,,,,,,,,,,,,,,,,,,,,,,,,,,,,,,,,,,,,,,,,,,,,,,,,,,,,,,,,,,,,,,,,,,,,,,,,,,,,,,,,,,,,,,,,,,,,,,,,,,,,,,,,,,,,,,,,,,,,,,,,,,,,,,,,,,,,,,,,,,,,,,,,,,,,,,,,,,,,,,,,,,,,,,,,,,,,,,,,,,,,,,,,,,,,,,,,,,,,,,,,,,,,,,,,,,,,,,,,,,,,,,,,,,,,,,,,,,,,,,,,,,,,,,,,,,,,,,,,,,,
2026032310,,,,,,,,,,,,,,,,,,,,,,,,,,,,,,,,,0.254,,,,,,,,,,,,,,,,,,,,,,,,,,,,,,,,,,,,,,,,,,,,,,,,,,,,,,,,,,,,,,,,,,,,,,,,,,,,,,,,,,,,,,,,,,,,,,,,,,,,,,,,,,,,,,,,,,,,,,,,,,,,,,,,,,,,,,,,,,,,,,,,,,,,,,,,,,,,,,,,,,,,,,,,,,,,,,,,,,,,,,,,,,,,,,,,,,,,,,,,,,,,,,,,,,,,,,,,,,,,,,,,,,,,,,,,,,,,,,,,,,,,,,,,,,,,,,,,,,,,,,,,,,,,,,,,,,,,,,,,,,,,,,,,,,,,,,,,,,,,,,,,,,,,,,,,,,,,,,,,,,,,,,,,,,,,,,,,,,,,,,,,,,,,,,,,,,,,,,,,,,,,,,,,,,,,,,,,,,,,,,,,,,,,,,,,,,,,,,,,,,,,,,,,,,,,,,,,,,,,,,,,,,,,,,,,,,,,,,,,,,,,,,,,,,,,,,,,,,,,,,,,,,,,,,,,,,,,,,,,,,,,,,,,,,,,,,,,,,,,,,,,,,,,,,,,,,,,,,,,,,,,,,,,,,,,,,,,,,,,,,,,,,,,,,,,,,,,,,,,,,,,,,,,,,,,,,,,,,,,,,,,,,,,,,,,,,,,,,,,,,,,,,,,,,,,,,,,,,,,,,,,,,,,,,,,,,,,,,,,,,,,,,,,,,,,,,,,,,,,,,,,,,,,,,,,,,,,,,,,,,,,,,,,,,,,,,,,,,,,,,,,,,,,,,,,,,,,,,,,,,,,,,,,,,,,,,,,
2026032311,,,,,,,,,,,,,,,,,,,,,,,,,,,,,,,,,0.254,,,,,,,,,,,,,,,,,,,,,,,,,,,,,,,,,,,,,,,,,,,,,,,,,,,,,,,,,,,,,,,,,,,,,,,,,,,,,,,,,,,,,,,,,,,,,,,,,,,,,,,,,,,,,,,,,,,,,,,,,,,,,,,,,,,,,,,,,,,,,,,,,,,,,,,,,,,,,,,,,,,,,,,,,,,,,,,,,,,,,,,,,,,,,,,,,,,,,,,,,,,,,,,,,,,,,,,,,,,,,,,,,,,,,,,,,,,,,,,,,,,,,,,,,,,,,,,,,,,,,,,,,,,,,,,,,,,,,,,,,,,,,,,,,,,,,,,,,,,,,,,,,,,,,,,,,,,,,,,,,,,,,,,,,,,,,,,,,,,,,,,,,,,,,,,,,,,,,,,,,,,,,,,,,,,,,,,,,,,,,,,,,,,,,,,,,,,,,,,,,,,,,,,,,,,,,,,,,,,,,,,,,,,,,,,,,,,,,,,,,,,,,,,,,,,,,,,,,,,,,,,,,,,,,,,,,,,,,,,,,,,,,,,,,,,,,,,,,,,,,,,,,,,,,,,,,,,,,,,,,,,,,,,,,,,,,,,,,,,,,,,,,,,,,,,,,,,,,,,,,,,,,,,,,,,,,,,,,,,,,,,,,,,,,,,,,,,,,,,,,,,,,,,,,,,,,,,,,,,,,,,,,,,,,,,,,,,,,,,,,,,,,,,,,,,,,,,,,,,,,,,,,,,,,,,,,,,,,,,,,,,,,,,,,,,,,,,,,,,,,,,,,,,,,,,,,,,,,,,,,,,,,,,,,,,,,,,,
2026032312,1.556,0.0,0.0,0.0,0.0,0.0,0.0,0.0,0.0,0.0,0.0,0.002,0.183,0.557,0.974,1.49,1.956,2.993,4.323,5.519,7.574,10.712,44.0,0.0,0.0,0.0,0.0,22.0,0.0,0.0,8.0,0.0,0.254,,4.091,0.0,0.0,0.0,0.0,0.0,0.0,0.0,0.185,0.71,0.0,1.273,1.947,3.023,4.007,5.29,6.41,7.851,9.668,12.14,15.588,24.112,60.0,0.0,9.0,0.0,0.0,0.0,1.0,0.0,25.0,0.0,8.339,0.0,0.0,0.202,0.853,1.692,2.451,3.356,4.154,5.193,0.0,6.098,7.001,7.816,9.004,10.482,11.868,13.66,16.131,19.324,24.817,39.694,23.0,0.0,70.0,0.0,5.0,0.0,0.0,0.0,1.0,0.0,0.508,0.0,0.0,0.0,0.0,0.0,0.0,0.0,0.0,0.0,0.0,0.0,0.0,0.0,0.129,0.39,0.702,1.18,1.834,2.763,4.784,7.174,32.0,0.0,0.0,11.0,0.0,0.0,0.0,2.0,0.0,0.0,15.214,0.0,1.907,3.329,5.108,6.165,7.525,8.715,9.805,11.091,0.252,12.285,13.62,15.265,16.937,18.852,20.482,22.59,26.88,31.223,40.0,65.611,0.0,0.0,17.0,0.0,0.0,2.0,0.0,74.0,0.0,1.0,267.37,,,,,,,,,,,,,,,,,,,0.028,0.0,0.0,0.0,0.003,0.03,0.086,0.13,43.0,24.0,15.0,8.0,3.0,1.0,1.0,1.0,0.0,0.0,0.041,0.0,0.0,0.0,0.01,0.066,0.119,0.14,33.0,25.0,10.0,3.0,1.0,1.0,0.0,0.0,0.0,0.0,0.01,0.0,0.0,0.0,0.0,0.005,0.015,0.084,23.0,7.0,6.0,5.0,2.0,0.0,0.0,0.0,0.0,0.0,0.048,0.0,0.003,0.0,0.02,0.076,0.127,0.142,38.0,14.0,3.0,2.0,1.0,0.0,0.0,0.0,0.0,0.0,5.0,1.0,,,,,,,,,,,14.0,20.0,14.0,23.0,24.0,25.0,26.0,0.0,0.0,0.0,0.0,0.0,19.7,,266.45,4.63,,0.0,,,0.0,0.0,0.0,0.0,0.0,0.0,0.0,0.0,0.0,0.0,0.0,0.0,0.0,0.0,0.0,0.0,0.0,0.0,0.0,0.0,0.0,0.0,0.0,0.0,0.0,0.0,0.0,0.0,0.0,0.0,0.0,0.0,0.0,0.0,0.0,0.0,0.0,0.0,0.0,0.0,0.0,0.0,0.0,0.0,0.0,0.0,0.0,0.0,0.0,0.0,0.0,13.2,,,,,,,,,,,,,,,,,,,,,,,,,,,,,,6.11,1.6,2.4,2.8,3.2,3.6,4.0,4.4,4.4,5.2,2.0,5.2,5.6,6.0,6.8,7.2,7.6,8.4,9.65031,10.2741,12.605,14.8913,6.08465,3.2,7.0,0.0,0.0,0.0,0.0,0.0,0.0,18.0,2.0,,,,,,,,,,,,,,,,,,,,,,,,,,,,,,,,,,,,,,,,,,,,,,,,,,,,,,,,,,,,,,,,,,,,,,,,,,,,,,,,,,,,,,,,,,,,,,,,,,,,,,,,,,,,,,,,,,,,,,,,,,,,,,,,,,2.0,6.0,0.0,37.2,0.0,,67.0,,,,,,,,,,,,,,,,,,,,,,,,,,,,,,,,,,,,,,,,,,,,,,,,,,,,,,,,,,,,,13.9,6.0,12.6,4.6,15.0,17.3,18.7,19.3,592.0,0.0,312.0,0.0,528.0,680.0,1224.0,1584.0,,,46.0,19.0,,,,270.59,4.01,,272.05,4.6,,,,,,,,,,,,,,,,,,,,,,,,,,,,,,,,,,,,,,,,,,,,,,,,,,,,,,,,,,,,,9.999e+20,,,200.0,,8.0,,,,,1.0,,,,,,,,270.0,270.0,270.0,,271.1,,,,,,,,,,,,,,,,,,,,,,,,,,,,,4.0,0.4,1.2,1.6,2.0,2.4,2.8,2.8,3.2,3.2,1.2,3.6,3.6,4.4,4.4,4.8,5.2,6.0,7.2,7.6,8.97349,10.9264,4.04761,2.5,1.0,0.0,0.0,0.0,47.0,0.0,22.0,6.0,4.8,5.2,
2026032313,,,,,,,,,,,,,,,,,,,,,,,,,,,,,,,,,0.254,,,,,,,,,,,,,,,,,,,,,,,,,,,,,,,,,,,,,,,,,,,,,,,,,,,,,,,,,,,,,,,,,,,,,,,,,,,,,,,,,,,,,,,,,,,,,,,,,,,,,,,,,,,,,,,,,,,,,,,,,,,,,,,,,,,,,,,,,,,,,,,,,,,,,,,,,,,,,,,,,,,,,,,,,,,,,,,,,,,,,,,,,,,,,,,,,,,,,,,,,,,,,,,,,,,,,,,,,,,,,,,,,,,,,,,,,,,,,,,,,,,,,,,,,,,,,,,,,,,,,,,,,,,,,,,,,,,,,,,,,,,,,,,,,,,,,,,,,,,,,,,,,,,,,,,,,,,,,,,,,,,,,,,,,,,,,,,,,,,,,,,,,,,,,,,,,,,,,,,,,,,,,,,,,,,,,,,,,,,,,,,,,,,,,,,,,,,,,,,,,,,,,,,,,,,,,,,,,,,,,,,,,,,,,,,,,,,,,,,,,,,,,,,,,,,,,,,,,,,,,,,,,,,,,,,,,,,,,,,,,,,,,,,,,,,,,,,,,,,,,,,,,,,,,,,,,,,,,,,,,,,,,,,,,,,,,,,,,,,,,,,,,,,,,,,,,,,,,,,,,,,,,,,,,,,,,,,,,,,,,,,,,,,,,,,,,,,,,,,,,,,,,,,,,,,,,,,,,,,,,,,,,,,,,,,,,,,,,,,,,,,,,,,,,,,,,,,,,,,,,,,,,,,,,,,,,,,,,,,,,,,,,,,,,,,,,,,,,,,,,,,,,,,,,,,,,,,,,,,,,,,,,,,,,,,,,,,,
2026032314,,,,,,,,,,,,,,,,,,,,,,,,,,,,,,,,,0.254,,,,,,,,,,,,,,,,,,,,,,,,,,,,,,,,,,,,,,,,,,,,,,,,,,,,,,,,,,,,,,,,,,,,,,,,,,,,,,,,,,,,,,,,,,,,,,,,,,,,,,,,,,,,,,,,,,,,,,,,,,,,,,,,,,,,,,,,,,,,,,,,,,,,,,,,,,,,,,,,,,,,,,,,,,,,,,,,,,,,,,,,,,,,,,,,,,,,,,,,,,,,,,,,,,,,,,,,,,,,,,,,,,,,,,,,,,,,,,,,,,,,,,,,,,,,,,,,,,,,,,,,,,,,,,,,,,,,,,,,,,,,,,,,,,,,,,,,,,,,,,,,,,,,,,,,,,,,,,,,,,,,,,,,,,,,,,,,,,,,,,,,,,,,,,,,,,,,,,,,,,,,,,,,,,,,,,,,,,,,,,,,,,,,,,,,,,,,,,,,,,,,,,,,,,,,,,,,,,,,,,,,,,,,,,,,,,,,,,,,,,,,,,,,,,,,,,,,,,,,,,,,,,,,,,,,,,,,,,,,,,,,,,,,,,,,,,,,,,,,,,,,,,,,,,,,,,,,,,,,,,,,,,,,,,,,,,,,,,,,,,,,,,,,,,,,,,,,,,,,,,,,,,,,,,,,,,,,,,,,,,,,,,,,,,,,,,,,,,,,,,,,,,,,,,,,,,,,,,,,,,,,,,,,,,,,,,,,,,,,,,,,,,,,,,,,,,,,,,,,,,,,,,,,,,,,,,,,,,,,,,,,,,,,,,,,,,,,,,,,,,,,,,,,,,,,,,,,,,,,,,,,,,,,,,,,,,,,
2026032315,,,,,,,,,,,,,,,,,,,,,,,,,,,,,,,,,0.254,,,,,,,,,,,,,,,,,,,,,,,,,,,,,,,,,,,,,,,,,,,,,,,,,,,,,,,,,,,,,,,,,,,,,,,,,,,,,,,,,,,,,,,,,,,,,,,,,,,,,,,,,,,,,,,,,,,,,,,,,,,,,,,,,,,,,,,,,,,,,,,,,,,,,,,,,,,,,,,,,,,,,,,,,,,,,,,,,,,,,,,,,,,,,,,,,,,,,,,,,,,,,,,,,,,,,,,,,,,,,,,,,,,,,,,,,,,,,,,,,,,,,,,,,,,,,,,,,,,,,,,,,,,,,,,,,,,,,,,,,,,,,,,,,,,,,,,,,,,,,,,,,,,,,,,,,,,,,,,,,,,,,,,,,,,,,,,,,,,,,,,,,,,,,,,,,,,,,,,,,,,,,,,,,,,,,,,,,,,,,,,,,,,,,,,,,,,,,,,,,,,,,,,,,,,,,,,,,,,,,,,,,,,,,,,,,,,,,,,,,,,,,,,,,,,,,,,,,,,,,,,,,,,,,,,,,,,,,,,,,,,,,,,,,,,,,,,,,,,,,,,,,,,,,,,,,,,,,,,,,,,,,,,,,,,,,,,,,,,,,,,,,,,,,,,,,,,,,,,,,,,,,,,,,,,,,,,,,,,,,,,,,,,,,,,,,,,,,,,,,,,,,,,,,,,,,,,,,,,,,,,,,,,,,,,,,,,,,,,,,,,,,,,,,,,,,,,,,,,,,,,,,,,,,,,,,,,,,,,,,,,,,,,,,,,,,,,,,,,,,,,,,,,,,,,,,,,,,,,,,,,,,,,,,,,,,,,,
2026032316,,,,,,,,,,,,,,,,,,,,,,,,,,,,,,,,,0.254,,,,,,,,,,,,,,,,,,,,,,,,,,,,,,,,,,,,,,,,,,,,,,,,,,,,,,,,,,,,,,,,,,,,,,,,,,,,,,,,,,,,,,,,,,,,,,,,,,,,,,,,,,,,,,,,,,,,,,,,,,,,,,,,,,,,,,,,,,,,,,,,,,,,,,,,,,,,,,,,,,,,,,,,,,,,,,,,,,,,,,,,,,,,,,,,,,,,,,,,,,,,,,,,,,,,,,,,,,,,,,,,,,,,,,,,,,,,,,,,,,,,,,,,,,,,,,,,,,,,,,,,,,,,,,,,,,,,,,,,,,,,,,,,,,,,,,,,,,,,,,,,,,,,,,,,,,,,,,,,,,,,,,,,,,,,,,,,,,,,,,,,,,,,,,,,,,,,,,,,,,,,,,,,,,,,,,,,,,,,,,,,,,,,,,,,,,,,,,,,,,,,,,,,,,,,,,,,,,,,,,,,,,,,,,,,,,,,,,,,,,,,,,,,,,,,,,,,,,,,,,,,,,,,,,,,,,,,,,,,,,,,,,,,,,,,,,,,,,,,,,,,,,,,,,,,,,,,,,,,,,,,,,,,,,,,,,,,,,,,,,,,,,,,,,,,,,,,,,,,,,,,,,,,,,,,,,,,,,,,,,,,,,,,,,,,,,,,,,,,,,,,,,,,,,,,,,,,,,,,,,,,,,,,,,,,,,,,,,,,,,,,,,,,,,,,,,,,,,,,,,,,,,,,,,,,,,,,,,,,,,,,,,,,,,,,,,,,,,,,,,,,,,,,,,,,,,,,,,,,,,,,,,,,,,,,,,,,
2026032317,,,,,,,,,,,,,,,,,,,,,,,,,,,,,,,,,0.254,,,,,,,,,,,,,,,,,,,,,,,,,,,,,,,,,,,,,,,,,,,,,,,,,,,,,,,,,,,,,,,,,,,,,,,,,,,,,,,,,,,,,,,,,,,,,,,,,,,,,,,,,,,,,,,,,,,,,,,,,,,,,,,,,,,,,,,,,,,,,,,,,,,,,,,,,,,,,,,,,,,,,,,,,,,,,,,,,,,,,,,,,,,,,,,,,,,,,,,,,,,,,,,,,,,,,,,,,,,,,,,,,,,,,,,,,,,,,,,,,,,,,,,,,,,,,,,,,,,,,,,,,,,,,,,,,,,,,,,,,,,,,,,,,,,,,,,,,,,,,,,,,,,,,,,,,,,,,,,,,,,,,,,,,,,,,,,,,,,,,,,,,,,,,,,,,,,,,,,,,,,,,,,,,,,,,,,,,,,,,,,,,,,,,,,,,,,,,,,,,,,,,,,,,,,,,,,,,,,,,,,,,,,,,,,,,,,,,,,,,,,,,,,,,,,,,,,,,,,,,,,,,,,,,,,,,,,,,,,,,,,,,,,,,,,,,,,,,,,,,,,,,,,,,,,,,,,,,,,,,,,,,,,,,,,,,,,,,,,,,,,,,,,,,,,,,,,,,,,,,,,,,,,,,,,,,,,,,,,,,,,,,,,,,,,,,,,,,,,,,,,,,,,,,,,,,,,,,,,,,,,,,,,,,,,,,,,,,,,,,,,,,,,,,,,,,,,,,,,,,,,,,,,,,,,,,,,,,,,,,,,,,,,,,,,,,,,,,,,,,,,,,,,,,,,,,,,,,,,,,,,,,,,,,,,,,,,,
2026032318,,,,,,,,,,,,,,,,,,,,,,,48.0,,,,,,,,,,0.254,,,,,,,,,,,,,,,,,,,,,,,,,,,,,,,,,,,,,,,,,,,,,,,,,,,,,,,,,,,,,,,,,,1.016,,,,,,,,,,,,,,,,,,,,,,41.0,,,,,,,,,,,,,,,,,,,,,,,,,,,,,,,,,,,,,,,,,,270.47,,,,,,,,,,,,,,,,,,,0.038,,,,,,,,,,,,,,,,,,0.051,,,,,,,,,,,,,,,,,,0.015,0.0,0.0,0.0,0.0,0.018,0.053,0.066,31.0,18.0,9.0,3.0,2.0,2.0,1.0,1.0,0.0,0.0,0.064,,,,,,,,,,,,,,,,,,78.0,41.0,,,,,,,,,,,20.0,22.0,20.0,23.0,23.0,24.0,25.0,0.0,0.0,0.0,0.0,0.0,22.3,,268.22,1.45,,37.0,3.0,,0.0,,,,,,,,,,,,,,,,,,,,,,,,,0.0,0.0,0.0,0.0,0.0,0.0,0.0,0.0,0.0,0.0,0.0,0.0,0.0,0.0,,,,,,,,,,,,,13.0,,,,,,,,,,,,,,,,,,,,,,,,,,,,,,6.1,,,,,,,,,,,,,,,,,,,,,,,3.2,,,,,,,,,2.0,,,,,,,,,,,,,,,,,,,,,,,,,,,,,,,,,,,,,,,,,,,,,,,,,,,,,,,,,,,,,,,,,,,,,,,,,,,,,,,,,,,,,,,,,,,,,,,,,,,,,,,,,,,,,,,,,,,,,,,,,,,,,,,76.0,,184.0,,2.4,0.0,55.6,0.0,,64.0,,,,,,,,,,,,,,,,,,,,,,,,,,,,,,,,,,,,,,,,,,,,,,,,,,,,,,,,,,,,,13.9,7.3,12.2,5.8,14.8,17.7,18.8,19.4,640.0,88.0,392.0,0.0,576.0,864.0,1088.0,1328.0,,,49.0,14.0,,,,,,,274.22,1.42,,,,,,,,,,,,,,,,,,,,,,,,,,,,,,,,,,,,,,,,,,,,,,,,,,,,,,,,,,,,,9.999e+20,,,210.0,6.2,,,,,,2.0,,,,,,,4274.0,220.0,220.0,220.0,,273.9,,,,,,,,,,,,,,,,,,,,,,,,,,,,,3.9,,,,,,,,,,,,,,,,,,,,,,,2.6,,,,,,,,,4.3,4.8,
2026032319,,,,,,,,,,,,,,,,,,,,,,,,,,,,,,,,,0.254,,,,,,,,,,,,,,,,,,,,,,,,,,,,,,,,,,,,,,,,,,,,,,,,,,,,,,,,,,,,,,,,,,,,,,,,,,,,,,,,,,,,,,,,,,,,,,,,,,,,,,,,,,,,,,,,,,,,,,,,,,,,,,,,,,,,,,,,,,,,,,,,,,,,,,,,,,,,,,,,,,,,,,,,,,,,,,,,,,,,,,,,,,,,,,,,,,,,,,,,,,,,,,,,,,,,,,,,,,,,,,,,,,,,,,,,,,,,,,,,,,,,,,,,,,,,,,,,,,,,,,,,,,,,,,,,,,,,,,,,,,,,,,,,,,,,,,,,,,,,,,,,,,,,,,,,,,,,,,,,,,,,,,,,,,,,,,,,,,,,,,,,,,,,,,,,,,,,,,,,,,,,,,,,,,,,,,,,,,,,,,,,,,,,,,,,,,,,,,,,,,,,,,,,,,,,,,,,,,,,,,,,,,,,,,,,,,,,,,,,,,,,,,,,,,,,,,,,,,,,,,,,,,,,,,,,,,,,,,,,,,,,,,,,,,,,,,,,,,,,,,,,,,,,,,,,,,,,,,,,,,,,,,,,,,,,,,,,,,,,,,,,,,,,,,,,,,,,,,,,,,,,,,,,,,,,,,,,,,,,,,,,,,,,,,,,,,,,,,,,,,,,,,,,,,,,,,,,,,,,,,,,,,,,,,,,,,,,,,,,,,,,,,,,,,,,,,,,,,,,,,,,,,,,,,,,,,,,,,,,,,,,,,,,,,,,,,,,,,,,,,,,,,,,,,,,,,,,,,,,,,,,,,,,,,,,,,,,
2026032320,,,,,,,,,,,,,,,,,,,,,,,,,,,,,,,,,0.254,,,,,,,,,,,,,,,,,,,,,,,,,,,,,,,,,,,,,,,,,,,,,,,,,,,,,,,,,,,,,,,,,,,,,,,,,,,,,,,,,,,,,,,,,,,,,,,,,,,,,,,,,,,,,,,,,,,,,,,,,,,,,,,,,,,,,,,,,,,,,,,,,,,,,,,,,,,,,,,,,,,,,,,,,,,,,,,,,,,,,,,,,,,,,,,,,,,,,,,,,,,,,,,,,,,,,,,,,,,,,,,,,,,,,,,,,,,,,,,,,,,,,,,,,,,,,,,,,,,,,,,,,,,,,,,,,,,,,,,,,,,,,,,,,,,,,,,,,,,,,,,,,,,,,,,,,,,,,,,,,,,,,,,,,,,,,,,,,,,,,,,,,,,,,,,,,,,,,,,,,,,,,,,,,,,,,,,,,,,,,,,,,,,,,,,,,,,,,,,,,,,,,,,,,,,,,,,,,,,,,,,,,,,,,,,,,,,,,,,,,,,,,,,,,,,,,,,,,,,,,,,,,,,,,,,,,,,,,,,,,,,,,,,,,,,,,,,,,,,,,,,,,,,,,,,,,,,,,,,,,,,,,,,,,,,,,,,,,,,,,,,,,,,,,,,,,,,,,,,,,,,,,,,,,,,,,,,,,,,,,,,,,,,,,,,,,,,,,,,,,,,,,,,,,,,,,,,,,,,,,,,,,,,,,,,,,,,,,,,,,,,,,,,,,,,,,,,,,,,,,,,,,,,,,,,,,,,,,,,,,,,,,,,,,,,,,,,,,,,,,,,,,,,,,,,,,,,,,,,,,,,,,,,,,,,,,,,,
2026032321,,,,,,,,,,,,,,,,,,,,,,,,,,,,,,,,,0.254,,,,,,,,,,,,,,,,,,,,,,,,,,,,,,,,,,,,,,,,,,,,,,,,,,,,,,,,,,,,,,,,,,,,,,,,,,,,,,,,,,,,,,,,,,,,,,,,,,,,,,,,,,,,,,,,,,,,,,,,,,,,,,,,,,,,,,,,,,,,,,,,,,,,,,,,,,,,,,,,,,,,,,,,,,,,,,,,,,,,,,,,,,,,,,,,,,,,,,,,,,,,,,,,,,,,,,,,,,,,,,,,,,,,,,,,,,,,,,,,,,,,,,,,,,,,,,,,,,,,,,,,,,,,,,,,,,,,,,,,,,,,,,,,,,,,,,,,,,,,,,,,,,,,,,,,,,,,,,,,,,,,,,,,,,,,,,,,,,,,,,,,,,,,,,,,,,,,,,,,,,,,,,,,,,,,,,,,,,,,,,,,,,,,,,,,,,,,,,,,,,,,,,,,,,,,,,,,,,,,,,,,,,,,,,,,,,,,,,,,,,,,,,,,,,,,,,,,,,,,,,,,,,,,,,,,,,,,,,,,,,,,,,,,,,,,,,,,,,,,,,,,,,,,,,,,,,,,,,,,,,,,,,,,,,,,,,,,,,,,,,,,,,,,,,,,,,,,,,,,,,,,,,,,,,,,,,,,,,,,,,,,,,,,,,,,,,,,,,,,,,,,,,,,,,,,,,,,,,,,,,,,,,,,,,,,,,,,,,,,,,,,,,,,,,,,,,,,,,,,,,,,,,,,,,,,,,,,,,,,,,,,,,,,,,,,,,,,,,,,,,,,,,,,,,,,,,,,,,,,,,,,,,,,,,,,,,,,
