ValidTime,APCP12hr_surface,APCP12hr_surface_1% level,APCP12hr_surface_10% level,APCP12hr_surface_15% level,APCP12hr_surface_20% level,APCP12hr_surface_25% level,APCP12hr_surface_30% level,APCP12hr_surface_35% level,APCP12hr_surface_40% level,APCP12hr_surface_45% level,APCP12hr_surface_5% level,APCP12hr_surface_50% level,APCP12hr_surface_55% level,APCP12hr_surface_60% level,APCP12hr_surface_65% level,APCP12hr_surface_70% level,APCP12hr_surface_75% level,APCP12hr_surface_80% level,APCP12hr_surface_85% level,APCP12hr_surface_90% level,APCP12hr_surface_95% level,APCP12hr_surface_99% level,APCP12hr_surface_prob >0.254,APCP12hr_surface_prob >101.6,APCP12hr_surface_prob >12.7,APCP12hr_surface_prob >127,APCP12hr_surface_prob >19.05,APCP12hr_surface_prob >2.54,APCP12hr_surface_prob >25.4,APCP12hr_surface_prob >50.8,APCP12hr_surface_prob >6.35,APCP12hr_surface_prob >76.2,APCP1hr_surface,APCP1hr_surface_prob >0.254,APCP24hr_surface,APCP24hr_surface_1% level,APCP24hr_surface_10% level,APCP24hr_surface_15% level,APCP24hr_surface_20% level,APCP24hr_surface_25% level,APCP24hr_surface_30% level,APCP24hr_surface_35% level,APCP24hr_surface_40% level,APCP24hr_surface_45% level,APCP24hr_surface_5% level,APCP24hr_surface_50% level,APCP24hr_surface_55% level,APCP24hr_surface_60% level,APCP24hr_surface_65% level,APCP24hr_surface_70% level,APCP24hr_surface_75% level,APCP24hr_surface_80% level,APCP24hr_surface_85% level,APCP24hr_surface_90% level,APCP24hr_surface_95% level,APCP24hr_surface_99% level,APCP24hr_surface_prob >0.254,APCP24hr_surface_prob >101.6,APCP24hr_surface_prob >12.7,APCP24hr_surface_prob >127,APCP24hr_surface_prob >152.4,APCP24hr_surface_prob >203.2,APCP24hr_surface_prob >25.4,APCP24hr_surface_prob >50.8,APCP24hr_surface_prob >6.35,APCP24hr_surface_prob >76.2,APCP48hr_surface,APCP48hr_surface_1% level,APCP48hr_surface_10% level,APCP48hr_surface_15% level,APCP48hr_surface_20% level,APCP48hr_surface_25% level,APCP48hr_surface_30% level,APCP48hr_surface_35% level,APCP48hr_surface_40% level,APCP48hr_surface_45% level,APCP48hr_surface_5% level,APCP48hr_surface_50% level,APCP48hr_surface_55% level,APCP48hr_surface_60% level,APCP48hr_surface_65% level,APCP48hr_surface_70% level,APCP48hr_surface_75% level,APCP48hr_surface_80% level,APCP48hr_surface_85% level,APCP48hr_surface_90% level,APCP48hr_surface_95% level,APCP48hr_surface_99% level,APCP48hr_surface_prob >12.7,APCP48hr_surface_prob >127,APCP48hr_surface_prob >2.54,APCP48hr_surface_prob >203.2,APCP48hr_surface_prob >25.4,APCP48hr_surface_prob >254,APCP48hr_surface_prob >304.8,APCP48hr_surface_prob >381,APCP48hr_surface_prob >50.8,APCP48hr_surface_prob >76.2,APCP6hr_surface,APCP6hr_surface_1% level,APCP6hr_surface_10% level,APCP6hr_surface_15% level,APCP6hr_surface_20% level,APCP6hr_surface_25% level,APCP6hr_surface_30% level,APCP6hr_surface_35% level,APCP6hr_surface_40% level,APCP6hr_surface_45% level,APCP6hr_surface_5% level,APCP6hr_surface_50% level,APCP6hr_surface_55% level,APCP6hr_surface_60% level,APCP6hr_surface_65% level,APCP6hr_surface_70% level,APCP6hr_surface_75% level,APCP6hr_surface_80% level,APCP6hr_surface_85% level,APCP6hr_surface_90% level,APCP6hr_surface_95% level,APCP6hr_surface_99% level,APCP6hr_surface_prob >0.254,APCP6hr_surface_prob >12.7,APCP6hr_surface_prob >19.05,APCP6hr_surface_prob >2.54,APCP6hr_surface_prob >25.4,APCP6hr_surface_prob >38.1,APCP6hr_surface_prob >50.8,APCP6hr_surface_prob >6.35,APCP6hr_surface_prob >63.5,APCP6hr_surface_prob >76.2,APCP72hr_surface,APCP72hr_surface_1% level,APCP72hr_surface_10% level,APCP72hr_surface_15% level,APCP72hr_surface_20% level,APCP72hr_surface_25% level,APCP72hr_surface_30% level,APCP72hr_surface_35% level,APCP72hr_surface_40% level,APCP72hr_surface_45% level,APCP72hr_surface_5% level,APCP72hr_surface_50% level,APCP72hr_surface_55% level,APCP72hr_surface_60% level,APCP72hr_surface_65% level,APCP72hr_surface_70% level,APCP72hr_surface_75% level,APCP72hr_surface_80% level,APCP72hr_surface_85% level,APCP72hr_surface_90% level,APCP72hr_surface_95% level,APCP72hr_surface_99% level,APCP72hr_surface_prob >127,APCP72hr_surface_prob >203.2,APCP72hr_surface_prob >25.4,APCP72hr_surface_prob >254,APCP72hr_surface_prob >381,APCP72hr_surface_prob >50.8,APCP72hr_surface_prob >508,APCP72hr_surface_prob >6.35,APCP72hr_surface_prob >635,APCP72hr_surface_prob >76.2,APTMP_2 m above ground,ASNOW1hr_surface,ASNOW1hr_surface_10% level,ASNOW1hr_surface_25% level,ASNOW1hr_surface_5% level,ASNOW1hr_surface_50% level,ASNOW1hr_surface_75% level,ASNOW1hr_surface_90% level,ASNOW1hr_surface_95% level,ASNOW1hr_surface_prob >0.00254,ASNOW1hr_surface_prob >0.00762,ASNOW1hr_surface_prob >0.0127,ASNOW1hr_surface_prob >0.01778,ASNOW1hr_surface_prob >0.0254,ASNOW1hr_surface_prob >0.0381,ASNOW1hr_surface_prob >0.0508,ASNOW1hr_surface_prob >0.0635,ASNOW1hr_surface_prob >0.0762,ASNOW1hr_surface_prob >0.1016,ASNOW24hr_surface,ASNOW24hr_surface_10% level,ASNOW24hr_surface_25% level,ASNOW24hr_surface_5% level,ASNOW24hr_surface_50% level,ASNOW24hr_surface_75% level,ASNOW24hr_surface_90% level,ASNOW24hr_surface_95% level,ASNOW24hr_surface_prob >0.00254,ASNOW24hr_surface_prob >0.0254,ASNOW24hr_surface_prob >0.0508,ASNOW24hr_surface_prob >0.1016,ASNOW24hr_surface_prob >0.1524,ASNOW24hr_surface_prob >0.2032,ASNOW24hr_surface_prob >0.254,ASNOW24hr_surface_prob >0.3048,ASNOW24hr_surface_prob >0.4572,ASNOW24hr_surface_prob >0.6096,ASNOW48hr_surface,ASNOW48hr_surface_10% level,ASNOW48hr_surface_25% level,ASNOW48hr_surface_5% level,ASNOW48hr_surface_50% level,ASNOW48hr_surface_75% level,ASNOW48hr_surface_90% level,ASNOW48hr_surface_95% level,ASNOW48hr_surface_prob >0.0254,ASNOW48hr_surface_prob >0.0508,ASNOW48hr_surface_prob >0.1016,ASNOW48hr_surface_prob >0.1524,ASNOW48hr_surface_prob >0.2032,ASNOW48hr_surface_prob >0.3048,ASNOW48hr_surface_prob >0.4572,ASNOW48hr_surface_prob >0.6096,ASNOW48hr_surface_prob >0.762,ASNOW48hr_surface_prob >0.9144,ASNOW6hr_surface,ASNOW6hr_surface_10% level,ASNOW6hr_surface_25% level,ASNOW6hr_surface_5% level,ASNOW6hr_surface_50% level,ASNOW6hr_surface_75% level,ASNOW6hr_surface_90% level,ASNOW6hr_surface_95% level,ASNOW6hr_surface_prob >0.00254,ASNOW6hr_surface_prob >0.0254,ASNOW6hr_surface_prob >0.0508,ASNOW6hr_surface_prob >0.0762,ASNOW6hr_surface_prob >0.1016,ASNOW6hr_surface_prob >0.127,ASNOW6hr_surface_prob >0.1524,ASNOW6hr_surface_prob >0.2032,ASNOW6hr_surface_prob >0.254,ASNOW6hr_surface_prob >0.3048,ASNOW72hr_surface,ASNOW72hr_surface_10% level,ASNOW72hr_surface_25% level,ASNOW72hr_surface_5% level,ASNOW72hr_surface_50% level,ASNOW72hr_surface_75% level,ASNOW72hr_surface_90% level,ASNOW72hr_surface_95% level,ASNOW72hr_surface_prob >0.0254,ASNOW72hr_surface_prob >0.1016,ASNOW72hr_surface_prob >0.1524,ASNOW72hr_surface_prob >0.2032,ASNOW72hr_surface_prob >0.3048,ASNOW72hr_surface_prob >0.4572,ASNOW72hr_surface_prob >0.6096,ASNOW72hr_surface_prob >0.762,ASNOW72hr_surface_prob >0.9144,ASNOW72hr_surface_prob >1.219,CAPE_surface,CAPE_surface_ens std dev,CDCB_high cloud layer,CDCB_reserved,CDCTOP_reserved,CEIL_cloud base,CEIL_cloud ceiling,CEIL_cloud ceiling_prob <152.4,CEIL_cloud ceiling_prob <2011.68,CEIL_cloud ceiling_prob <304.8,CEIL_cloud ceiling_prob <609.6,CEIL_cloud ceiling_prob <914.5,CWASP_surface_10% level,CWASP_surface_25% level,CWASP_surface_5% level,CWASP_surface_50% level,CWASP_surface_75% level,CWASP_surface_90% level,CWASP_surface_95% level,CWASP_surface_prob >50,CWASP_surface_prob >65,CWASP_surface_prob >70,CWASP_surface_prob >75,CWASP_surface_prob >85,CWASP_surface_unknown derived fcst,DIST_surface - 610 m above ground,DPT_2 m above ground,DPT_2 m above ground_ens std dev,DRYTPROB3hr_surface_prob >0,DSWRF_surface,ELLINX_400-300 mb,FICEAC1hr_surface,FICEAC24hr_surface,FICEAC24hr_surface_10% level,FICEAC24hr_surface_25% level,FICEAC24hr_surface_5% level,FICEAC24hr_surface_50% level,FICEAC24hr_surface_75% level,FICEAC24hr_surface_90% level,FICEAC24hr_surface_95% level,FICEAC24hr_surface_prob >0.254,FICEAC24hr_surface_prob >12.7,FICEAC24hr_surface_prob >2.54,FICEAC24hr_surface_prob >25.4,FICEAC24hr_surface_prob >6.35,FICEAC48hr_surface_10% level,FICEAC48hr_surface_25% level,FICEAC48hr_surface_5% level,FICEAC48hr_surface_50% level,FICEAC48hr_surface_75% level,FICEAC48hr_surface_90% level,FICEAC48hr_surface_95% level,FICEAC48hr_surface_prob >0.254,FICEAC48hr_surface_prob >12.7,FICEAC48hr_surface_prob >2.54,FICEAC48hr_surface_prob >25.4,FICEAC48hr_surface_prob >6.35,FICEAC6hr_surface,FICEAC6hr_surface_10% level,FICEAC6hr_surface_25% level,FICEAC6hr_surface_5% level,FICEAC6hr_surface_50% level,FICEAC6hr_surface_75% level,FICEAC6hr_surface_90% level,FICEAC6hr_surface_95% level,FICEAC6hr_surface_prob >0.254,FICEAC6hr_surface_prob >12.7,FICEAC6hr_surface_prob >2.54,FICEAC6hr_surface_prob >25.4,FICEAC6hr_surface_prob >6.35,FICEAC72hr_surface,FICEAC72hr_surface_10% level,FICEAC72hr_surface_25% level,FICEAC72hr_surface_5% level,FICEAC72hr_surface_50% level,FICEAC72hr_surface_75% level,FICEAC72hr_surface_90% level,FICEAC72hr_surface_95% level,FICEAC72hr_surface_prob >0.254,FICEAC72hr_surface_prob >12.7,FICEAC72hr_surface_prob >2.54,FICEAC72hr_surface_prob >25.4,FICEAC72hr_surface_prob >6.35,FOSINDX6hr_surface,FRZSPR_surface,GUST_10 m above ground,GUST_10 m above ground_1% level,GUST_10 m above ground_10% level,GUST_10 m above ground_15% level,GUST_10 m above ground_20% level,GUST_10 m above ground_25% level,GUST_10 m above ground_30% level,GUST_10 m above ground_35% level,GUST_10 m above ground_40% level,GUST_10 m above ground_45% level,GUST_10 m above ground_5% level,GUST_10 m above ground_50% level,GUST_10 m above ground_55% level,GUST_10 m above ground_60% level,GUST_10 m above ground_65% level,GUST_10 m above ground_70% level,GUST_10 m above ground_75% level,GUST_10 m above ground_80% level,GUST_10 m above ground_85% level,GUST_10 m above ground_90% level,GUST_10 m above ground_95% level,GUST_10 m above ground_99% level,GUST_10 m above ground_ens mean,GUST_10 m above ground_ens std dev,GUST_10 m above ground_prob >11,GUST_10 m above ground_prob >15,GUST_10 m above ground_prob >17,GUST_10 m above ground_prob >21,GUST_10 m above ground_prob >24,GUST_10 m above ground_prob >28,GUST_10 m above ground_prob >32,GUST_10 m above ground_prob >8,HINDEX6hr_entire atmosphere (considered as a single layer),HTSGW_surface,HTSGW_surface_10% level,HTSGW_surface_50% level,HTSGW_surface_90% level,HTSGW_surface_ens std dev,ICPRB_1066.8 m above mean sea level,ICPRB_1219.2 m above mean sea level,ICPRB_1371.6 m above mean sea level,ICPRB_152.4 m above mean sea level,ICPRB_1524 m above mean sea level,ICPRB_1676.4 m above mean sea level,ICPRB_1828.8 m above mean sea level,ICPRB_1981.2 m above mean sea level,ICPRB_2133.6 m above mean sea level,ICPRB_2286 m above mean sea level,ICPRB_2438.4 m above mean sea level,ICPRB_2590.8 m above mean sea level,ICPRB_2743.2 m above mean sea level,ICPRB_2895.6 m above mean sea level,ICPRB_304.8 m above mean sea level,ICPRB_3048 m above mean sea level,ICPRB_3200.4 m above mean sea level,ICPRB_3352.8 m above mean sea level,ICPRB_3505.2 m above mean sea level,ICPRB_3657.6 m above mean sea level,ICPRB_3810 m above mean sea level,ICPRB_3962.4 m above mean sea level,ICPRB_4114.8 m above mean sea level,ICPRB_4267.2 m above mean sea level,ICPRB_4419.6 m above mean sea level,ICPRB_457.2 m above mean sea level,ICPRB_4572 m above mean sea level,ICPRB_4724.4 m above mean sea level,ICPRB_4876.8 m above mean sea level,ICPRB_5029.2 m above mean sea level,ICPRB_5181.6 m above mean sea level,ICPRB_5334 m above mean sea level,ICPRB_5486.4 m above mean sea level,ICPRB_5638.8 m above mean sea level,ICPRB_5791.2 m above mean sea level,ICPRB_5943.6 m above mean sea level,ICPRB_609.6 m above mean sea level,ICPRB_6096 m above mean sea level,ICPRB_6248.4 m above mean sea level,ICPRB_6400.8 m above mean sea level,ICPRB_6553.2 m above mean sea level,ICPRB_6705.6 m above mean sea level,ICPRB_6858 m above mean sea level,ICPRB_7010.4 m above mean sea level,ICPRB_7162.8 m above mean sea level,ICPRB_7315.2 m above mean sea level,ICPRB_7467.6 m above mean sea level,ICPRB_762 m above mean sea level,ICPRB_7620 m above mean sea level,ICPRB_7772.4 m above mean sea level,ICPRB_7924.8 m above mean sea level,ICPRB_8077.2 m above mean sea level,ICPRB_8229.6 m above mean sea level,ICPRB_8382 m above mean sea level,ICPRB_8534.4 m above mean sea level,ICPRB_8686.8 m above mean sea level,ICPRB_8839.2 m above mean sea level,ICPRB_8991.6 m above mean sea level,ICPRB_914.4 m above mean sea level,ICPRB_9144 m above mean sea level,ICSEV_1066.8 m above mean sea level,ICSEV_1219.2 m above mean sea level,ICSEV_1371.6 m above mean sea level,ICSEV_152.4 m above mean sea level,ICSEV_1524 m above mean sea level,ICSEV_1676.4 m above mean sea level,ICSEV_1828.8 m above mean sea level,ICSEV_1981.2 m above mean sea level,ICSEV_2133.6 m above mean sea level,ICSEV_2286 m above mean sea level,ICSEV_2438.4 m above mean sea level,ICSEV_2590.8 m above mean sea level,ICSEV_2743.2 m above mean sea level,ICSEV_2895.6 m above mean sea level,ICSEV_304.8 m above mean sea level,ICSEV_3048 m above mean sea level,ICSEV_3200.4 m above mean sea level,ICSEV_3352.8 m above mean sea level,ICSEV_3505.2 m above mean sea level,ICSEV_3657.6 m above mean sea level,ICSEV_3810 m above mean sea level,ICSEV_3962.4 m above mean sea level,ICSEV_4114.8 m above mean sea level,ICSEV_4267.2 m above mean sea level,ICSEV_4419.6 m above mean sea level,ICSEV_457.2 m above mean sea level,ICSEV_4572 m above mean sea level,ICSEV_4724.4 m above mean sea level,ICSEV_4876.8 m above mean sea level,ICSEV_5029.2 m above mean sea level,ICSEV_5181.6 m above mean sea level,ICSEV_5334 m above mean sea level,ICSEV_5486.4 m above mean sea level,ICSEV_5638.8 m above mean sea level,ICSEV_5791.2 m above mean sea level,ICSEV_5943.6 m above mean sea level,ICSEV_609.6 m above mean sea level,ICSEV_6096 m above mean sea level,ICSEV_6248.4 m above mean sea level,ICSEV_6400.8 m above mean sea level,ICSEV_6553.2 m above mean sea level,ICSEV_6705.6 m above mean sea level,ICSEV_6858 m above mean sea level,ICSEV_7010.4 m above mean sea level,ICSEV_7162.8 m above mean sea level,ICSEV_7315.2 m above mean sea level,ICSEV_7467.6 m above mean sea level,ICSEV_762 m above mean sea level,ICSEV_7620 m above mean sea level,ICSEV_7772.4 m above mean sea level,ICSEV_7924.8 m above mean sea level,ICSEV_8077.2 m above mean sea level,ICSEV_8229.6 m above mean sea level,ICSEV_8382 m above mean sea level,ICSEV_8534.4 m above mean sea level,ICSEV_8686.8 m above mean sea level,ICSEV_8839.2 m above mean sea level,ICSEV_8991.6 m above mean sea level,ICSEV_914.4 m above mean sea level,ICSEV_9144 m above mean sea level,MAXREF1hr_1000 m above ground,MAXRH12hr_2 m above ground,MINRH12hr_2 m above ground,MIXHT_entire atmosphere (considered as a single layer),PCPDUR12hr_surface,PTYPE_surface_prob >=1 <2,PTYPE_surface_prob >=3 <4,PTYPE_surface_prob >=5 <7,PTYPE_surface_prob >=8 <9,RETOP_cloud top,RH_2 m above ground,SIPD_1066.8 m above mean sea level,SIPD_1219.2 m above mean sea level,SIPD_1371.6 m above mean sea level,SIPD_152.4 m above mean sea level,SIPD_1524 m above mean sea level,SIPD_1676.4 m above mean sea level,SIPD_1828.8 m above mean sea level,SIPD_1981.2 m above mean sea level,SIPD_2133.6 m above mean sea level,SIPD_2286 m above mean sea level,SIPD_2438.4 m above mean sea level,SIPD_2590.8 m above mean sea level,SIPD_2743.2 m above mean sea level,SIPD_2895.6 m above mean sea level,SIPD_304.8 m above mean sea level,SIPD_3048 m above mean sea level,SIPD_3200.4 m above mean sea level,SIPD_3352.8 m above mean sea level,SIPD_3505.2 m above mean sea level,SIPD_3657.6 m above mean sea level,SIPD_3810 m above mean sea level,SIPD_3962.4 m above mean sea level,SIPD_4114.8 m above mean sea level,SIPD_4267.2 m above mean sea level,SIPD_4419.6 m above mean sea level,SIPD_457.2 m above mean sea level,SIPD_4572 m above mean sea level,SIPD_4724.4 m above mean sea level,SIPD_4876.8 m above mean sea level,SIPD_5029.2 m above mean sea level,SIPD_5181.6 m above mean sea level,SIPD_5334 m above mean sea level,SIPD_5486.4 m above mean sea level,SIPD_5638.8 m above mean sea level,SIPD_5791.2 m above mean sea level,SIPD_5943.6 m above mean sea level,SIPD_609.6 m above mean sea level,SIPD_6096 m above mean sea level,SIPD_6248.4 m above mean sea level,SIPD_6400.8 m above mean sea level,SIPD_6553.2 m above mean sea level,SIPD_6705.6 m above mean sea level,SIPD_6858 m above mean sea level,SIPD_7010.4 m above mean sea level,SIPD_7162.8 m above mean sea level,SIPD_7315.2 m above mean sea level,SIPD_7467.6 m above mean sea level,SIPD_762 m above mean sea level,SIPD_7620 m above mean sea level,SIPD_7772.4 m above mean sea level,SIPD_7924.8 m above mean sea level,SIPD_8077.2 m above mean sea level,SIPD_8229.6 m above mean sea level,SIPD_8382 m above mean sea level,SIPD_8534.4 m above mean sea level,SIPD_8686.8 m above mean sea level,SIPD_8839.2 m above mean sea level,SIPD_8991.6 m above mean sea level,SIPD_914.4 m above mean sea level,SIPD_9144 m above mean sea level,SNOWLR_surface,SNOWLR_surface_10% level,SNOWLR_surface_25% level,SNOWLR_surface_5% level,SNOWLR_surface_50% level,SNOWLR_surface_75% level,SNOWLR_surface_90% level,SNOWLR_surface_95% level,SNOWLVL_0 m above mean sea level,SNOWLVL_surface_10% level,SNOWLVL_surface_25% level,SNOWLVL_surface_5% level,SNOWLVL_surface_50% level,SNOWLVL_surface_75% level,SNOWLVL_surface_90% level,SNOWLVL_surface_95% level,TCDC_high cloud layer,TCDC_reserved,TCDC_surface,TCDC_surface_ens std dev,THUNC1hr_entire atmosphere,TMAX12hr_2 m above ground,TMAX12hr_2 m above ground_ens std dev,TMIN12hr_2 m above ground,TMIN12hr_2 m above ground_ens std dev,TMP18hr_2 m above ground,TMP_2 m above ground,TMP_2 m above ground_ens std dev,TMP_Max_2 m above ground,TMP_Max_2 m above ground_1% level,TMP_Max_2 m above ground_10% level,TMP_Max_2 m above ground_15% level,TMP_Max_2 m above ground_20% level,TMP_Max_2 m above ground_25% level,TMP_Max_2 m above ground_30% level,TMP_Max_2 m above ground_35% level,TMP_Max_2 m above ground_40% level,TMP_Max_2 m above ground_45% level,TMP_Max_2 m above ground_5% level,TMP_Max_2 m above ground_50% level,TMP_Max_2 m above ground_55% level,TMP_Max_2 m above ground_60% level,TMP_Max_2 m above ground_65% level,TMP_Max_2 m above ground_70% level,TMP_Max_2 m above ground_75% level,TMP_Max_2 m above ground_80% level,TMP_Max_2 m above ground_85% level,TMP_Max_2 m above ground_90% level,TMP_Max_2 m above ground_95% level,TMP_Max_2 m above ground_99% level,TMP_Max_2 m above ground_prob <255,TMP_Max_2 m above ground_prob <270,TMP_Max_2 m above ground_prob <273,TMP_Max_2 m above ground_prob >299,TMP_Max_2 m above ground_prob >305,TMP_Max_2 m above ground_prob >310,TMP_Max_2 m above ground_prob >316,TMP_Max_2 m above ground_prob >322,TMP_Min_2 m above ground,TMP_Min_2 m above ground_1% level,TMP_Min_2 m above ground_10% level,TMP_Min_2 m above ground_15% level,TMP_Min_2 m above ground_20% level,TMP_Min_2 m above ground_25% level,TMP_Min_2 m above ground_30% level,TMP_Min_2 m above ground_35% level,TMP_Min_2 m above ground_40% level,TMP_Min_2 m above ground_45% level,TMP_Min_2 m above ground_5% level,TMP_Min_2 m above ground_50% level,TMP_Min_2 m above ground_55% level,TMP_Min_2 m above ground_60% level,TMP_Min_2 m above ground_65% level,TMP_Min_2 m above ground_70% level,TMP_Min_2 m above ground_75% level,TMP_Min_2 m above ground_80% level,TMP_Min_2 m above ground_85% level,TMP_Min_2 m above ground_90% level,TMP_Min_2 m above ground_95% level,TMP_Min_2 m above ground_99% level,TMP_Min_2 m above ground_prob <233,TMP_Min_2 m above ground_prob <244,TMP_Min_2 m above ground_prob <249,TMP_Min_2 m above ground_prob <255,TMP_Min_2 m above ground_prob <260,TMP_Min_2 m above ground_prob <270,TMP_Min_2 m above ground_prob <273,TMP_Min_2 m above ground_prob >299,TMP_surface,TPWDIR_10 m above ground,TPWSPD_10 m above ground,TRWDIR_entire atmosphere (considered as a single layer),TRWSPD_entire atmosphere (considered as a single layer),TSRWE24hr_surface_prob >7.35e-05,TSTM12hr_surface_probability forecast,TSTM1hr_surface_probability forecast,TSTM3hr_surface_probability forecast,TSTM6hr_surface_probability forecast,TURB_surface - 1372 m above ground,VIL_entire atmosphere,VIS_surface,VIS_surface_prob <1609.34,VIS_surface_prob <3218.69,VIS_surface_prob <4828.03,VIS_surface_prob <8046.73,VRATE_entire atmosphere (considered as a single layer),WDIR_10 m above ground,WDIR_30 m above ground,WDIR_80 m above ground,WDIR_surface - 610 m above ground,WETGLBT_surface,WIND_10 m above ground,WIND_10 m above ground_1% level,WIND_10 m above ground_10% level,WIND_10 m above ground_15% level,WIND_10 m above ground_20% level,WIND_10 m above ground_25% level,WIND_10 m above ground_30% level,WIND_10 m above ground_35% level,WIND_10 m above ground_40% level,WIND_10 m above ground_45% level,WIND_10 m above ground_5% level,WIND_10 m above ground_50% level,WIND_10 m above ground_55% level,WIND_10 m above ground_60% level,WIND_10 m above ground_65% level,WIND_10 m above ground_70% level,WIND_10 m above ground_75% level,WIND_10 m above ground_80% level,WIND_10 m above ground_85% level,WIND_10 m above ground_90% level,WIND_10 m above ground_95% level,WIND_10 m above ground_99% level,WIND_10 m above ground_ens mean,WIND_10 m above ground_ens std dev,WIND_10 m above ground_prob >11,WIND_10 m above ground_prob >15,WIND_10 m above ground_prob >17,WIND_10 m above ground_prob >24,WIND_10 m above ground_prob >3,WIND_10 m above ground_prob >32,WIND_10 m above ground_prob >5,WIND_10 m above ground_prob >8,WIND_30 m above ground,WIND_80 m above ground,WIND_surface - 610 m above ground
2025120507,,,,,,,,,,,,,,,,,,,,,,,,,,,,,,,,,0.303,,,,,,,,,,,,,,,,,,,,,,,,,,,,,,,,,,,,,,,,,,,,,,,,,,,,,,,,,,,,,,,,,,,,,,,,,,,,,,,,,,,,,,,,,,,,,,,,,,,,,,,,,,,,,,,,,,,,,,,,,,,,,,,,,,,,,,,,,,,,,,,,,,,,,,,,,,,,,,,,,,,,,,,,,,,,,,,,,,,,,,,,,,,,,,,,,,,,,,,,,,,,,,,,,,,,,,,,,,,,,,,,,,,,,,,,,,,,,,,,,,,,,,,,,,,,,,,,,,,,,,,,,,,,,,,,,,,,,,,,,,,,,,,,,,,,,,,,,,,,,,,,,,,0.4,0.4,0.8,1.2,1.6,1.6,1.6,2.0,2.0,0.4,2.0,2.4,2.4,2.4,2.8,2.8,2.8,3.2,3.22493,3.75516,4.42831,2.03934,0.921737,0.0,0.0,0.0,0.0,0.0,0.0,0.0,0.0,,,,,,,,,,,,,,,,,,,,,,,,,,,,,,,,,,,,,,,,,,,,,,,,,,,,,,,,,,,,,,,,,,,,,,,,,,,,,,,,,,,,,,,,,,,,,,,,,,,,,,,,,,,,,,,,,,,,,,,,,,,,,,,,,,,,,,,,,,,,,,,,,,,,,,,,,,,,,,,,,,,,,,,,,,,,,,,,,,,,,,,,,,,,,,,,,,,,,,,,,,,,,,,,,,,,,,,,,,,,,,,,,,,,,,,,,,,,,,,,,,,,,,,,,,,,,,,,,,,,,,,,,,,,,,,,,,,,,,,,,,,,,,,,,,,,,,,,,,,,,,,,,,,,,,0.0,0.0,0.4,0.4,0.8,0.8,0.8,0.8,1.2,0.0,1.2,1.2,1.2,1.2,1.6,1.6,1.6,2.0,2.0,2.4,3.2,1.2,0.8,0.0,0.0,0.0,0.0,1.0,0.0,0.0,0.0,,,
2025120508,,,,,,,,,,,,,,,,,,,,,,,,,,,,,,,,,0.333,,,,,,,,,,,,,,,,,,,,,,,,,,,,,,,,,,,,,,,,,,,,,,,,,,,,,,,,,,,,,,,,,,,,,,,,,,,,,,,,,,,,,,,,,,,,,,,,,,,,,,,,,,,,,,,,,,,,,,,,,,,,,,,,,,,,,,,,,,,,,,,,,,,,,,,,,,,,,,,,,,,,,,,,,,,,,,,,,,,,,,,,,,,,,,,,,,,,,,,,,,,,,,,,,,,,,,,,,,,,,,,,,,,,,,,,,,,,,,,,,,,,,,,,,,,,,,,,,,,,,,,,,,,,,,,,,,,,,,,,,,,,,,,,,,,,,,,,,,,,,,,,,,,0.4,0.8,1.2,1.2,1.6,1.6,2.0,2.0,2.4,0.4,2.4,2.4,2.8,2.8,3.2,3.2,3.2,3.6,3.61724,4.13118,4.37549,2.42207,0.909047,0.0,0.0,0.0,0.0,0.0,0.0,0.0,0.0,,,,,,,,,,,,,,,,,,,,,,,,,,,,,,,,,,,,,,,,,,,,,,,,,,,,,,,,,,,,,,,,,,,,,,,,,,,,,,,,,,,,,,,,,,,,,,,,,,,,,,,,,,,,,,,,,,,,,,,,,,,,,,,,,,,,,,,,,,,,,,,,,,,,,,,,,,,,,,,,,,,,,,,,,,,,,,,,,,,,,,,,,,,,,,,,,,,,,,,,,,,,,,,,,,,,,,,,,,,,,,,,,,,,,,,,,,,,,,,,,,,,,,,,,,,,,,,,,,,,,,,,,,,,,,,,,,,,,,,,,,,,,,,,,,,,,,,,,,,,,,,,,,,,,,0.0,0.4,0.4,0.8,0.8,0.8,0.8,1.2,1.2,0.0,1.2,1.2,1.6,1.6,1.6,1.6,2.0,2.0,2.4,2.4,3.2,1.2,0.8,0.0,0.0,0.0,0.0,0.0,0.0,0.0,0.0,,,
2025120509,,,,,,,,,,,,,,,,,,,,,,,,,,,,,,,,,0.311,,,,,,,,,,,,,,,,,,,,,,,,,,,,,,,,,,,,,,,,,,,,,,,,,,,,,,,,,,,,,,,,,,,,,,,,,,,,,,,,,,,,,,,,,,,,,,,,,,,,,,,,,,,,,,,,,,,,,,,,,,,,,,,,,,,,,,,,,,,,,,,,,,,,,,,,,,,,,,,,,,,,,,,,,,,,,,,,,,,,,,,,,,,,,,,,,,,,,,,,,,,,,,,,,,,,,,,,,,,,,,,,,,,,,,,,,,,,,,,,,,,,,,,,,,,,,,,,,,,,,,,,,,,,,,,,,,,,,,,,,,,,,,,,,,,,,,,,,,,,,,,,,,,0.4,1.2,1.2,1.6,2.0,2.0,2.4,2.4,2.8,0.8,2.8,3.2,3.2,3.2,3.6,3.6,4.0,4.0,4.46899,4.59018,5.02223,2.83184,1.32139,0.0,0.0,0.0,0.0,0.0,0.0,0.0,0.0,,,,,,,,,,,,,,,,,,,,,,,,,,,,,,,,,,,,,,,,,,,,,,,,,,,,,,,,,,,,,,,,,,,,,,,,,,,,,,,,,,,,,,,,,,,,,,,,,,,,,,,,,,,,,,,,,,,,,,,,,,,,,,,,,,,,,,,,,,,,,,,,,,,,,,,,,,,,,,,,,,,,,,,,,,,,,,,,,,,,,,,,,,,,,,,,,,,,,,,,,,,,,,,,,,,,,,,,,,,,,,,,,,,,,,,,,,,,,,,,,,,,,,,,,,,,,,,,,,,,,,,,,,,,,,,,,,,,,,,,,,,,,,,,,,,,,,,,,,,,,,,,,,,,,,0.0,0.4,0.4,0.8,0.8,0.8,1.2,1.2,1.2,0.4,1.6,1.6,1.6,2.0,2.0,2.0,2.4,2.4,2.8,3.2,3.2,1.6,0.8,0.0,0.0,0.0,0.0,1.0,0.0,0.0,0.0,,,
2025120510,,,,,,,,,,,,,,,,,,,,,,,,,,,,,,,,,0.321,,,,,,,,,,,,,,,,,,,,,,,,,,,,,,,,,,,,,,,,,,,,,,,,,,,,,,,,,,,,,,,,,,,,,,,,,,,,,,,,,,,,,,,,,,,,,,,,,,,,,,,,,,,,,,,,,,,,,,,,,,,,,,,,,,,,,,,,,,,,,,,,,,,,,,,,,,,,,,,,,,,,,,,,,,,,,,,,,,,,,,,,,,,,,,,,,,,,,,,,,,,,,,,,,,,,,,,,,,,,,,,,,,,,,,,,,,,,,,,,,,,,,,,,,,,,,,,,,,,,,,,,,,,,,,,,,,,,,,,,,,,,,,,,,,,,,,,,,,,,,,,,,,,0.4,1.2,1.6,1.6,2.0,2.4,2.4,2.8,2.8,0.8,3.2,3.2,3.6,3.6,4.0,4.0,4.4,4.4,4.8,4.97112,5.64673,3.22207,1.28323,0.0,0.0,0.0,0.0,0.0,0.0,0.0,0.0,,,,,,,,,,,,,,,,,,,,,,,,,,,,,,,,,,,,,,,,,,,,,,,,,,,,,,,,,,,,,,,,,,,,,,,,,,,,,,,,,,,,,,,,,,,,,,,,,,,,,,,,,,,,,,,,,,,,,,,,,,,,,,,,,,,,,,,,,,,,,,,,,,,,,,,,,,,,,,,,,,,,,,,,,,,,,,,,,,,,,,,,,,,,,,,,,,,,,,,,,,,,,,,,,,,,,,,,,,,,,,,,,,,,,,,,,,,,,,,,,,,,,,,,,,,,,,,,,,,,,,,,,,,,,,,,,,,,,,,,,,,,,,,,,,,,,,,,,,,,,,,,,,,,,,0.0,0.4,0.8,0.8,1.2,1.2,1.2,1.6,1.6,0.4,1.6,2.0,2.0,2.0,2.4,2.4,2.4,2.8,3.2,3.6,4.0,1.6,0.8,0.0,0.0,0.0,0.0,2.0,0.0,0.0,0.0,,,
2025120511,,,,,,,,,,,,,,,,,,,,,,,,,,,,,,,,,0.278,,,,,,,,,,,,,,,,,,,,,,,,,,,,,,,,,,,,,,,,,,,,,,,,,,,,,,,,,,,,,,,,,,,,,,,,,,,,,,,,,,,,,,,,,,,,,,,,,,,,,,,,,,,,,,,,,,,,,,,,,,,,,,,,,,,,,,,,,,,,,,,,,,,,,,,,,,,,,,,,,,,,,,,,,,,,,,,,,,,,,,,,,,,,,,,,,,,,,,,,,,,,,,,,,,,,,,,,,,,,,,,,,,,,,,,,,,,,,,,,,,,,,,,,,,,,,,,,,,,,,,,,,,,,,,,,,,,,,,,,,,,,,,,,,,,,,,,,,,,,,,,,,,,0.4,1.6,1.6,2.0,2.4,2.4,2.8,3.2,3.2,1.2,3.6,3.6,3.6,4.0,4.4,4.4,4.8,4.8,5.27015,5.78571,6.01089,3.22663,1.29628,0.0,0.0,0.0,0.0,0.0,0.0,0.0,0.0,,,,,,,,,,,,,,,,,,,,,,,,,,,,,,,,,,,,,,,,,,,,,,,,,,,,,,,,,,,,,,,,,,,,,,,,,,,,,,,,,,,,,,,,,,,,,,,,,,,,,,,,,,,,,,,,,,,,,,,,,,,,,,,,,,,,,,,,,,,,,,,,,,,,,,,,,,,,,,,,,,,,,,,,,,,,,,,,,,,,,,,,,,,,,,,,,,,,,,,,,,,,,,,,,,,,,,,,,,,,,,,,,,,,,,,,,,,,,,,,,,,,,,,,,,,,,,,,,,,,,,,,,,,,,,,,,,,,,,,,,,,,,,,,,,,,,,,,,,,,,,,,,,,,,,0.4,0.8,0.8,1.2,1.2,1.6,1.6,1.6,1.6,0.4,2.0,2.0,2.0,2.4,2.4,2.8,2.8,3.2,3.6,4.0,4.0,2.0,1.2,0.0,0.0,0.0,0.0,9.0,0.0,0.0,0.0,,,
2025120512,,,,,,,,,,,,,,,,,,,,,,,,,,,,,,,,,0.334,,,,,,,,,,,,,,,,,,,,,,,,,,,,,,,,,,,,,,,,,,,,,,,,,,,,,,,,,,,,,,,,,,,0.0,0.049,0.216,0.426,0.606,0.74,0.892,1.065,1.221,0.0,1.398,1.595,1.81,2.052,2.254,2.595,3.0,3.46,4.108,5.318,9.047,,0.0,0.0,26.0,0.0,0.0,0.0,3.0,0.0,0.0,,,,,,,,,,,,,,,,,,,,,,,,,,,,,,,,,,,,,,,,,,,,,,,,,,,,,,,,,,,,,,,,,,,,,,,,,,,,,,,,,,,,,,,,,,,,,,,,,,,,,,,,,,,,,,,,,,,,,,,,,,,,,,,,,,,,,,,,,,,,,,,,,,,,,,,,,,,,,,,,,,,,,,,,,,,,,,,,,,,,,,,,,,,,,,,,,,,,,,,,,,,,,,,,,,0.8,1.6,2.0,2.4,2.8,2.8,3.2,3.6,3.6,1.2,3.6,4.0,4.4,4.4,4.8,4.8,5.2,5.6,5.72634,6.32821,6.80387,3.65029,1.37286,0.0,0.0,0.0,0.0,0.0,0.0,0.0,0.0,,,,,,,,,,,,,,,,,,,,,,,,,,,,,,,,,,,,,,,,,,,,,,,,,,,,,,,,,,,,,,,,,,,,,,,,,,,,,,,,,,,,,,,,,,,,,,,,,,,,,,,,,,,,,,,,,,,,,,,,,,,,,,,,,,,,,,,,,,,,,,,,,,,,,,,,,,,,,,,,,,,,,,,,,,,,,,,,,,,,,,,,,,,,,,,,,,,,,,,,,,,,,,,,,,,,,,,,,,,,,,,,,,,,,,,,,,,,,,,,,,,,,,,,,,,,,,,,,,,,,,,,,,,,,,,,,,,,,,,,,,,,,,,,,,,,,,,,,,,,,,,,,,,,,,0.4,0.8,1.2,1.2,1.2,1.6,2.0,2.0,2.0,0.8,2.0,2.4,2.4,2.8,2.8,3.2,3.2,3.6,4.0,4.4,4.8,2.4,1.2,0.0,0.0,0.0,0.0,16.0,0.0,1.0,0.0,,,
2025120513,,,,,,,,,,,,,,,,,,,,,,,,,,,,,,,,,0.347,,,,,,,,,,,,,,,,,,,,,,,,,,,,,,,,,,,,,,,,,,,,,,,,,,,,,,,,,,,,,,,,,,,,,,,,,,,,,,,,,,,,,,,,,,,,,,,,,,,,,,,,,,,,,,,,,,,,,,,,,,,,,,,,,,,,,,,,,,,,,,,,,,,,,,,,,,,,,,,,,,,,,,,,,,,,,,,,,,,,,,,,,,,,,,,,,,,,,,,,,,,,,,,,,,,,,,,,,,,,,,,,,,,,,,,,,,,,,,,,,,,,,,,,,,,,,,,,,,,,,,,,,,,,,,,,,,,,,,,,,,,,,,,,,,,,,,,,,,,,,,,,,,,1.6,2.4,2.8,3.2,3.6,3.6,4.0,4.0,4.4,2.0,4.8,4.8,5.2,5.6,5.6,5.6,6.0,6.4335,6.91881,7.49688,8.76902,4.45088,1.77021,0.0,0.0,0.0,0.0,0.0,0.0,0.0,1.0,,,,,,,,,,,,,,,,,,,,,,,,,,,,,,,,,,,,,,,,,,,,,,,,,,,,,,,,,,,,,,,,,,,,,,,,,,,,,,,,,,,,,,,,,,,,,,,,,,,,,,,,,,,,,,,,,,,,,,,,,,,,,,,,,,,,,,,,,,,,,,,,,,,,,,,,,,,,,,,,,,,,,,,,,,,,,,,,,,,,,,,,,,,,,,,,,,,,,,,,,,,,,,,,,,,,,,,,,,,,,,,,,,,,,,,,,,,,,,,,,,,,,,,,,,,,,,,,,,,,,,,,,,,,,,,,,,,,,,,,,,,,,,,,,,,,,,,,,,,,,,,,,,,,,,0.8,1.6,1.6,2.0,2.0,2.0,2.4,2.4,2.4,1.2,2.8,2.8,3.2,3.2,3.6,3.6,4.0,4.4,4.8,5.6,6.4,2.8,1.2,0.0,0.0,0.0,0.0,28.0,0.0,6.0,0.0,,,
2025120514,,,,,,,,,,,,,,,,,,,,,,,,,,,,,,,,,0.353,39.0,,,,,,,,,,,,,,,,,,,,,,,,,,,,,,,,,,,,,,,,,,,,,,,,,,,,,,,,,,,,,,,,,,,,,,,,,,,,,,,,,,,,,,,,,,,,,,,,,,,,,,,,,,,,,,,,,,,,,,,,,,,,,,,,,272.41,0.0,0.0,0.0,0.0,0.0,0.0,0.0,0.0,0.0,0.0,0.0,0.0,0.0,0.0,0.0,0.0,0.0,0.0,,,,,,,,,,,,,,,,,,,,,,,,,,,,,,,,,,,,,,,,,,,,,,,,,,,,,,,,,,,,,,,,,,,,,,,,,0.0,4.0,7620.0,88.0,13717.0,64.0,88.0,55.0,100.0,84.0,94.0,95.0,24.0,26.0,23.0,27.0,29.0,31.0,32.0,0.0,0.0,0.0,0.0,0.0,27.9,0.0,274.58,2.23,,0.0,1.0,0.0,,,,,,,,,,,,,,,,,,,,,,,,,,,,,,,,,,,,,,,,,,,,,,,,,,,,,,5.7,2.4,3.2,3.6,4.0,4.4,4.4,4.8,4.8,5.2,2.4,5.6,6.0,6.0,6.4,6.8,6.82862,7.36597,7.82729,8.32301,9.36631,10.8679,5.70056,2.21464,0.0,0.0,0.0,0.0,0.0,0.0,0.0,7.0,,,,,,,0.0,0.0,0.0,0.0,0.0,0.0,0.0,0.0,0.0,0.0,0.0,0.0,0.0,0.04,0.0,0.08,0.04,0.02,0.02,0.02,0.01,0.01,0.0,0.0,0.0,0.0,0.0,0.02,0.04,0.07,0.09,0.11,0.13,0.14,0.15,0.16,0.0,0.16,0.16,0.15,0.09,0.03,0.0,0.0,0.0,0.0,0.0,0.0,0.0,0.0,0.0,0.0,0.0,0.0,0.0,0.0,0.0,0.0,0.0,0.0,0.0,0.0,0.0,0.0,0.0,0.0,0.0,0.0,0.0,0.0,0.0,0.0,4.0,4.0,0.0,4.0,4.0,4.0,4.0,4.0,4.0,4.0,4.0,0.0,0.0,0.0,4.0,4.0,4.0,4.0,4.0,4.0,4.0,4.0,4.0,4.0,0.0,1.0,1.0,1.0,4.0,4.0,0.0,0.0,0.0,0.0,0.0,0.0,0.0,0.0,0.0,0.0,0.0,0.0,0.0,0.0,0.0,0.0,0.0,0.0,28.8,,,0.0,,75.0,0.0,0.0,0.0,1360.0,90.0,0.0,0.0,0.0,0.0,0.0,0.0,0.0,0.0,0.0,0.0,0.0,0.0,0.0,-0.09,0.0,-0.09,-0.09,-0.09,-0.09,-0.09,-0.09,-0.09,0.0,0.0,0.0,0.0,0.0,-0.09,-0.09,-0.09,-0.09,-0.09,-0.09,-0.09,-0.09,-0.09,0.0,-0.09,-0.09,-0.09,-0.09,-0.09,0.0,0.0,0.0,0.0,0.0,0.0,0.0,0.0,0.0,0.0,0.0,0.0,0.0,0.0,0.0,0.0,0.0,0.0012,1.0,1.6,2.0,0.6,2.5,2.8,2.9,3.1,2504.0,2032.0,2080.0,2008.0,2152.0,2352.0,2456.0,2584.0,0.0,57.0,91.0,8.0,0.0,,,,,,275.9,2.24,,,,,,,,,,,,,,,,,,,,,,,,,,,,,,,,,,,,,,,,,,,,,,,,,,,,,,,,,,,,,9.999e+20,170.0,4.0,190.0,6.0,,,0.0,,,3.0,0.028,3281.0,21.0,32.0,42.0,68.0,824.0,170.0,170.0,170.0,0.0,275.6,4.0,1.2,2.0,2.0,2.4,2.4,2.8,2.8,3.2,3.2,1.6,3.6,3.6,4.0,4.0,4.4,4.8,5.2,5.6,6.0,7.2,8.4,3.6,1.6,0.0,0.0,0.0,0.0,45.0,0.0,15.0,0.0,4.4,4.8,0.0
2025120515,,,,,,,,,,,,,,,,,,,,,,,,,,,,,,,,,0.392,27.0,,,,,,,,,,,,,,,,,,,,,,,,,,,,,,,,,,,,,,,,,,,,,,,,,,,,,,,,,,,,,,,,,,,,,,,,,,,,,,,,,,,,,,,,,,,,,,,,,,,,,,,,,,,,,,,,,,,,,,,,,,,,,,,,,272.41,0.0,0.0,0.0,0.0,0.0,0.0,0.0,0.0,0.0,0.0,0.0,0.0,0.0,0.0,0.0,0.0,0.0,0.0,,,,,,,,,,,,,,,,,,,,,,,,,,,,,,,,,,,,,,,,,,,,,,,,,,,,,,,,,,,,,,,,,,,,,,,,,0.0,5.0,7620.0,64.0,10433.0,48.0,64.0,55.0,100.0,84.0,96.0,99.0,24.0,26.0,23.0,28.0,30.0,31.0,32.0,0.0,0.0,0.0,0.0,0.0,28.9,0.0,275.03,2.29,,0.0,1.0,0.0,,,,,,,,,,,,,,,,,,,,,,,,,,,,,,,,,,,,,,,,,,,,,,,,,,,,,9.999e+20,6.7,2.4,3.6,4.4,4.4,4.8,5.2,5.6,6.0,6.4,3.2,6.8,6.92224,7.00494,7.50024,7.95516,7.99544,8.89543,9.41702,10.3534,11.7715,12.9779,6.7016,2.30553,6.0,0.0,0.0,0.0,0.0,0.0,0.0,20.0,,9.999e+20,9.999e+20,9.999e+20,9.999e+20,9.999e+20,0.0,0.0,0.0,0.0,0.0,0.0,0.0,0.0,0.0,0.0,0.0,0.0,0.0,0.08,0.0,0.15,0.15,0.14,0.12,0.11,0.13,0.15,0.15,0.17,0.17,0.0,0.18,0.19,0.2,0.21,0.22,0.22,0.22,0.22,0.22,0.21,0.0,0.2,0.2,0.19,0.11,0.04,0.0,0.0,0.0,0.0,0.0,0.0,0.0,0.0,0.0,0.0,0.0,0.0,0.0,0.0,0.0,0.0,0.0,0.0,0.0,0.0,0.0,0.0,0.0,0.0,0.0,0.0,0.0,0.0,0.0,0.0,4.0,4.0,0.0,4.0,4.0,4.0,4.0,4.0,4.0,4.0,4.0,4.0,1.0,0.0,1.0,1.0,1.0,1.0,1.0,1.0,2.0,2.0,2.0,2.0,0.0,2.0,2.0,1.0,1.0,4.0,0.0,0.0,0.0,0.0,0.0,0.0,0.0,0.0,0.0,0.0,0.0,0.0,0.0,0.0,0.0,0.0,0.0,0.0,21.2,,,0.0,,41.0,0.0,0.0,0.0,927.2,91.0,0.0,0.0,0.0,0.0,0.0,0.0,0.0,0.0,0.0,0.0,0.0,0.0,0.0,-0.09,0.0,-0.09,-0.09,-0.09,-0.09,-0.09,-0.09,-0.09,-0.09,-0.09,-0.09,0.0,-0.09,-0.09,-0.09,-0.09,-0.09,-0.09,-0.09,-0.09,-0.09,-0.09,0.0,-0.09,-0.09,-0.09,-0.09,-0.09,0.0,0.0,0.0,0.0,0.0,0.0,0.0,0.0,0.0,0.0,0.0,0.0,0.0,0.0,0.0,0.0,0.0,0.0,0.8,1.4,1.8,0.4,2.4,2.6,2.8,2.9,2504.0,2040.0,2096.0,2016.0,2176.0,2408.0,2472.0,2632.0,0.0,57.0,93.0,7.0,0.0,,,,,,276.25,2.31,,,,,,,,,,,,,,,,,,,,,,,,,,,,,,,,,,,,,,,,,,,,,,,,,,,,,,,,,,,,,9.999e+20,210.0,4.8,200.0,6.9,,,0.0,,,3.0,0.045,1233.0,26.0,38.0,47.0,72.0,1108.0,210.0,210.0,210.0,0.0,275.6,4.8,1.2,2.0,2.4,2.8,2.8,3.2,3.6,3.6,4.0,1.6,4.4,4.4,4.8,5.2,5.2,5.6,6.0,6.8,8.0,9.2,10.4,4.4,2.0,0.0,0.0,0.0,0.0,64.0,0.0,26.0,6.0,5.2,6.0,0.0
2025120516,,,,,,,,,,,,,,,,,,,,,,,,,,,,,,,,,0.508,33.0,,,,,,,,,,,,,,,,,,,,,,,,,,,,,,,,,,,,,,,,,,,,,,,,,,,,,,,,,,,,,,,,,,,,,,,,,,,,,,,,,,,,,,,,,,,,,,,,,,,,,,,,,,,,,,,,,,,,,,,,,,,,,,,,,271.57,0.0,0.0,0.0,0.0,0.0,0.0,0.0,0.0,0.0,0.0,0.0,0.0,0.0,0.0,0.0,0.0,0.0,0.0,,,,,,,,,,,,,,,,,,,,,,,,,,,,,,,,,,,,,,,,,,,,,,,,,,,,,,,,,,,,,,,,,,,,,,,,,1.0,8.0,7620.0,65.0,13716.0,48.0,64.0,58.0,100.0,77.0,89.0,92.0,24.0,25.0,22.0,28.0,29.0,31.0,32.0,0.0,0.0,0.0,0.0,0.0,28.5,0.0,274.58,1.94,,0.0,2.0,0.0,,,,,,,,,,,,,,,,,,,,,,,,,,,,,,,,,,,,,,,,,,,,,,,,,,,,,,8.3,3.2,4.8,5.2,6.0,6.4,6.8,7.2,7.2,7.66143,4.0,8.09525,8.52785,9.01799,9.08578,9.57512,10.4486,10.9414,11.8219,12.7731,13.7637,14.6401,8.28718,2.71975,17.0,0.0,0.0,0.0,0.0,0.0,0.0,41.0,,,,,,,0.0,0.0,0.0,0.0,0.0,0.0,0.0,0.0,0.0,0.0,0.0,0.0,0.0,0.23,0.0,0.3,0.14,0.0,0.0,0.0,0.01,0.01,0.02,0.02,0.03,0.0,0.04,0.04,0.05,0.05,0.05,0.04,0.04,0.03,0.05,0.07,0.0,0.08,0.1,0.12,0.13,0.14,0.13,0.07,0.02,0.0,0.0,0.0,0.0,0.0,0.0,0.0,0.0,0.0,0.0,0.0,0.0,0.0,0.0,0.0,0.0,0.0,0.0,0.0,0.0,0.0,0.0,0.0,0.0,0.0,0.0,0.0,0.0,4.0,0.0,4.0,4.0,4.0,4.0,4.0,4.0,4.0,4.0,4.0,1.0,0.0,1.0,1.0,1.0,1.0,1.0,1.0,1.0,1.0,1.0,1.0,0.0,1.0,1.0,1.0,1.0,1.0,1.0,4.0,4.0,0.0,0.0,0.0,0.0,0.0,0.0,0.0,0.0,0.0,0.0,0.0,0.0,0.0,0.0,0.0,22.8,,,0.0,,41.0,0.0,0.0,0.0,2405.2,90.0,0.0,0.0,0.0,0.0,0.0,0.0,0.0,0.0,0.0,0.0,0.0,0.0,0.0,-0.09,0.0,-0.09,-0.09,0.0,0.0,0.0,-0.09,-0.09,-0.09,-0.09,-0.09,0.0,-0.09,-0.09,-0.09,-0.09,-0.09,-0.09,-0.09,-0.09,-0.09,-0.09,0.0,-0.09,-0.09,-0.09,-0.09,-0.09,-0.09,-0.09,-0.09,0.0,0.0,0.0,0.0,0.0,0.0,0.0,0.0,0.0,0.0,0.0,0.0,0.0012,0.0,0.0012,0.9,1.7,2.0,0.5,2.4,2.7,2.8,2.9,2432.0,2016.0,2072.0,1984.0,2152.0,2344.0,2432.0,2520.0,0.0,57.0,89.0,9.0,0.0,,,,,,276.26,1.94,,,,,,,,,,,,,,,,,,,,,,,,,,,,,,,,,,,,,,,,,,,,,,,,,,,,,,,,,,,,,9.999e+20,190.0,6.0,210.0,7.7,,,1.0,,,3.0,0.037,1745.0,25.0,33.0,40.0,65.0,1438.0,190.0,190.0,190.0,0.0,275.5,6.0,1.6,2.8,3.2,3.6,4.0,4.4,4.4,4.8,4.8,2.4,5.2,5.6,6.0,6.4,6.8,7.6,8.4,8.8,9.6,10.8,11.6,6.0,2.4,2.0,0.0,0.0,0.0,81.0,0.0,43.0,16.0,6.4,7.2,0.0
2025120517,,,,,,,,,,,,,,,,,,,,,,,,,,,,,,,,,0.568,28.0,,,,,,,,,,,,,,,,,,,,,,,,,,,,,,,,,,,,,,,,,,,,,,,,,,,,,,,,,,,,,,,,,,,,,,,,,,,,,,,,,,,,,,,,,,,,,,,,,,,,,,,,,,,,,,,,,,,,,,,,,,,,,,,,,271.07,0.0,0.0,0.0,0.0,0.0,0.0,0.0,0.0,0.0,0.0,0.0,0.0,0.0,0.0,0.0,0.0,0.0,0.0,,,,,,,,,,,,,,,,,,,,,,,,,,,,,,,,,,,,,,,,,,,,,,,,,,,,,,,,,,,,,,,,,,,,,,,,,3.0,13.0,7620.0,61.0,3043.0,47.0,62.0,61.0,100.0,79.0,91.0,95.0,23.0,24.0,22.0,26.0,27.0,28.0,30.0,0.0,0.0,0.0,0.0,0.0,26.3,608.0,275.09,1.71,,36.0,1.0,0.0,,,,,,,,,,,,,,,,,,,,,,,,,,,,,,,,,,,,,,,,,,,,,,,,,,,,,,9.9,3.6,5.6,6.4,7.2,7.6,8.4,8.8,8.8,9.2,4.8,9.61457,9.65699,10.1224,10.5755,11.0505,11.5694,12.4873,13.4426,14.0966,14.3108,15.2932,9.54199,3.13557,27.0,1.0,0.0,0.0,0.0,0.0,0.0,64.0,,,,,,,0.0,0.0,0.0,0.0,0.0,0.0,0.0,0.0,0.0,0.0,0.0,0.21,0.43,0.32,0.0,0.21,0.19,0.17,0.15,0.12,0.09,0.06,0.04,0.02,0.01,0.0,0.0,0.01,0.01,0.02,0.02,0.02,0.02,0.03,0.02,0.02,0.0,0.02,0.01,0.01,0.0,0.0,0.0,0.0,0.0,0.0,0.0,0.0,0.0,0.0,0.0,0.0,0.0,0.0,0.0,0.0,0.0,0.0,0.0,0.0,0.0,0.0,0.0,0.0,0.0,0.0,0.0,0.0,0.0,0.0,0.0,4.0,1.0,1.0,0.0,1.0,1.0,4.0,4.0,4.0,4.0,4.0,4.0,4.0,4.0,0.0,4.0,4.0,4.0,4.0,4.0,4.0,4.0,4.0,4.0,4.0,0.0,4.0,4.0,4.0,4.0,4.0,0.0,0.0,0.0,0.0,0.0,0.0,0.0,0.0,0.0,0.0,0.0,0.0,0.0,0.0,0.0,0.0,0.0,0.0,19.2,,,0.0,,58.0,0.0,0.0,0.0,545.2,93.0,0.0,0.0,0.0,0.0,0.0,0.0,0.0,0.0,0.0,0.0,0.0,-0.09,-0.09,-0.09,0.0,-0.09,-0.09,-0.09,-0.09,-0.09,-0.09,-0.09,-0.09,-0.09,-0.09,0.0,0.0,-0.09,-0.09,-0.09,-0.09,-0.09,-0.09,-0.09,-0.09,-0.09,0.0,-0.09,-0.09,-0.09,0.0,0.0,0.0,0.0,0.0,0.0,0.0,0.0,0.0,0.0,0.0,0.0,0.0,0.0,0.0,0.0,0.0,0.0,0.0,0.0012,1.1,1.7,2.1,0.6,2.4,2.6,2.8,2.9,2328.0,1984.0,2040.0,1960.0,2136.0,2288.0,2368.0,2416.0,0.0,57.0,87.0,11.0,0.0,,,,,,275.97,1.69,,,,,,,,,,,,,,,,,,,,,,,,,,,,,,,,,,,,,,,,,,,,,,,,,,,,,,,,,,,,,9.999e+20,210.0,6.8,230.0,7.7,,,1.0,,,3.0,0.009,849.0,27.0,37.0,47.0,72.0,1710.0,210.0,210.0,210.0,240.0,275.7,6.8,1.6,3.2,3.6,4.4,5.2,5.2,5.6,6.0,6.0,2.8,6.4,6.8,7.2,7.6,8.0,8.4,9.2,10.0,10.4,10.8,11.6,6.8,2.4,2.0,0.0,0.0,0.0,87.0,0.0,63.0,24.0,7.6,8.4,22.0
2025120518,5.311,0.0,1.35,1.938,2.538,2.985,3.367,3.732,4.114,4.436,0.72,4.797,5.16,5.541,5.941,6.411,6.962,7.728,8.581,9.691,11.614,16.48,,0.0,3.0,0.0,0.0,80.0,0.0,0.0,31.0,0.0,0.674,34.0,,,,,,,,,,,,,,,,,,,,,,,,,,,,,,,,,,,,,,,,,,,,,,,,,,,,,,,,,,,,,,,,,,0.0,0.508,0.854,1.249,1.635,1.954,2.219,2.476,2.755,0.193,3.028,3.277,3.549,3.91,4.218,4.622,5.209,5.9,6.798,8.329,12.578,,1.0,0.0,59.0,0.0,0.0,0.0,12.0,0.0,0.0,,,,,,,,,,,,,,,,,,,,,,,,,,,,,,,,,271.2,0.0,0.0,0.0,0.0,0.0,0.0,0.0,0.0,0.0,0.0,0.0,0.0,0.0,0.0,0.0,0.0,0.0,0.0,,,,,,,,,,,,,,,,,,,,,,,,,,,,,,,,,,,,,,,,,,,,,,,,,,,,,,,,,,,,,,,,,,,,,,,,,6.0,18.0,8796.0,61.0,3029.0,48.0,62.0,61.0,100.0,82.0,92.0,96.0,22.0,23.0,21.0,24.0,25.0,27.0,29.0,0.0,0.0,0.0,0.0,0.0,24.1,608.0,275.66,1.47,0.0,57.0,1.0,0.0,,,,,,,,,,,,,,,,,,,,,,,,,,,,,,,,,,,,,,,,,,,,,,,,,,,,,9.999e+20,10.3,4.0,6.4,7.2,8.0,8.4,9.2,9.6,10.0,10.0,5.2,10.4268,10.4823,10.9487,11.4226,11.5012,11.9556,12.4327,12.9306,13.9652,14.5792,15.691,10.3015,2.77374,35.0,2.0,0.0,0.0,0.0,0.0,0.0,71.0,,9.999e+20,9.999e+20,9.999e+20,9.999e+20,9.999e+20,0.0,0.0,0.0,0.0,0.0,0.0,0.0,0.0,0.0,0.0,0.0,0.2,0.51,0.45,0.0,0.4,0.37,0.31,0.09,0.0,0.0,0.0,0.0,0.0,0.0,0.0,0.0,0.0,0.0,0.03,0.06,0.07,0.07,0.07,0.06,0.06,0.0,0.05,0.04,0.03,0.03,0.02,0.0,0.0,0.0,0.0,0.0,0.0,0.0,0.0,0.0,0.0,0.0,0.0,0.0,0.0,0.0,0.0,0.0,0.0,0.0,0.0,0.0,0.0,0.0,0.0,0.0,0.0,0.0,0.0,0.0,4.0,1.0,1.0,0.0,1.0,1.0,1.0,4.0,0.0,0.0,0.0,0.0,0.0,0.0,0.0,0.0,0.0,0.0,4.0,4.0,4.0,4.0,4.0,4.0,4.0,0.0,4.0,4.0,4.0,4.0,4.0,4.0,4.0,4.0,0.0,0.0,0.0,0.0,0.0,0.0,0.0,0.0,0.0,0.0,0.0,0.0,0.0,0.0,0.0,24.4,,,0.0,,46.0,0.0,0.0,0.0,986.0,95.0,0.0,0.0,0.0,0.0,0.0,0.0,0.0,0.0,0.0,0.0,0.0,-0.09,-0.09,-0.09,0.0,-0.09,-0.09,-0.09,-0.09,0.0,0.0,0.0,0.0,0.0,0.0,0.0,0.0,0.0,0.0,-0.09,-0.09,-0.09,-0.09,-0.09,-0.09,-0.09,0.0,-0.09,-0.09,-0.09,-0.09,-0.09,0.0,0.0,0.0,0.0,0.0,0.0,0.0,0.0,0.0,0.0,0.0,0.0,0.0,0.0,0.0,0.0012,0.0,0.0012,1.7,1.7,2.2,1.4,2.5,2.7,2.9,3.0,2192.0,1952.0,2008.0,1920.0,2112.0,2224.0,2328.0,2376.0,72.0,57.0,83.0,10.0,0.0,,,,,,276.41,1.45,,,,,,,,,,,,,,,,,,,,,,,,,,,,,,,,,,,,,,,,,,,,,,,,,,,,,,,,,,,,,9.999e+20,240.0,6.8,250.0,8.2,,,0.0,2.0,,3.0,0.013,465.0,30.0,38.0,46.0,68.0,1964.0,240.0,240.0,240.0,250.0,276.3,6.8,2.0,3.6,4.4,4.8,5.2,5.6,6.0,6.4,6.8,2.8,6.8,7.2,7.2,7.6,8.0,8.4,8.8,9.6,10.4,10.8,11.6,6.8,2.4,2.0,0.0,0.0,0.0,90.0,0.0,72.0,22.0,8.0,8.8,19.6
2025120519,,,,,,,,,,,,,,,,,,,,,,,,,,,,,,,,,0.598,31.0,,,,,,,,,,,,,,,,,,,,,,,,,,,,,,,,,,,,,,,,,,,,,,,,,,,,,,,,,,,,,,,,,,,,,,,,,,,,,,,,,,,,,,,,,,,,,,,,,,,,,,,,,,,,,,,,,,,,,,,,,,,,,,,,,271.42,0.0,0.0,0.0,0.0,0.0,0.0,0.0,0.0,0.0,0.0,0.0,0.0,0.0,0.0,0.0,0.0,0.0,0.0,,,,,,,,,,,,,,,,,,,,,,,,,,,,,,,,,,,,,,,,,,,,,,,,,,,,,,,,,,,,,,,,,,,,,,,,,13.0,21.0,8774.0,61.0,2228.0,47.0,62.0,59.0,100.0,81.0,92.0,98.0,21.0,21.0,21.0,23.0,24.0,26.0,28.0,0.0,0.0,0.0,0.0,0.0,23.0,608.0,275.72,1.15,,79.0,1.0,0.0,,,,,,,,,,,,,,,,,,,,,,,,,,,,,,,,,,,,,,,,,,,,,,,,,,,,,,10.8,4.0,6.8,8.0,8.4,9.6,10.0,10.4,10.8,11.2,5.6,11.2421,11.7284,11.8138,12.2815,12.3805,12.9098,13.0233,13.5268,14.0812,14.7111,15.9197,10.8006,2.74988,50.0,3.0,0.0,0.0,0.0,0.0,0.0,78.0,,,,,,,0.0,0.0,0.0,0.0,0.0,0.0,0.0,0.0,0.0,0.2,0.44,0.41,0.33,0.21,0.0,0.1,0.02,0.0,0.0,0.0,0.0,0.0,0.0,0.0,0.0,0.0,0.04,0.11,0.16,0.17,0.18,0.18,0.19,0.19,0.19,0.18,0.0,0.18,0.17,0.17,0.16,0.16,0.12,0.07,0.02,0.0,0.0,0.0,0.0,0.0,0.0,0.0,0.0,0.0,0.0,0.0,0.0,0.0,0.0,0.0,0.0,0.0,0.0,0.0,0.0,0.0,0.0,0.0,0.0,4.0,1.0,4.0,1.0,1.0,0.0,1.0,4.0,0.0,0.0,0.0,0.0,0.0,0.0,0.0,0.0,0.0,4.0,4.0,1.0,1.0,1.0,1.0,1.0,1.0,1.0,1.0,0.0,1.0,1.0,1.0,1.0,1.0,4.0,4.0,4.0,0.0,0.0,0.0,0.0,0.0,0.0,0.0,0.0,0.0,0.0,0.0,0.0,0.0,0.0,0.0,22.4,,,0.0,,45.9,0.0,0.0,0.0,88888.0,95.0,0.0,0.0,0.0,0.0,0.0,0.0,0.0,0.0,0.0,-0.09,-0.09,-0.09,-0.09,-0.09,0.0,-0.09,-0.09,0.0,0.0,0.0,0.0,0.0,0.0,0.0,0.0,0.0,-0.09,-0.09,-0.09,-0.09,-0.09,-0.09,-0.09,-0.09,-0.09,-0.09,0.0,-0.09,-0.09,-0.09,-0.09,-0.09,-0.09,-0.09,-0.09,0.0,0.0,0.0,0.0,0.0,0.0,0.0,0.0,0.0,0.0,0.0,0.0,0.0,0.0,0.0,2.4,2.5,2.8,2.1,3.0,3.2,3.4,3.4,2048.0,1864.0,1912.0,1840.0,2000.0,2080.0,2168.0,2184.0,64.0,57.0,77.0,13.0,0.0,,,,,,276.51,1.12,,,,,,,,,,,,,,,,,,,,,,,,,,,,,,,,,,,,,,,,,,,,,,,,,,,,,,,,,,,,,9.999e+20,240.0,7.6,260.0,11.1,,,0.0,,,3.0,0.02,465.0,30.0,40.0,47.0,66.0,4651.0,240.0,240.0,240.0,250.0,276.5,7.6,2.4,4.4,4.8,5.2,6.0,6.4,7.2,7.2,7.6,3.6,7.6,8.0,8.4,8.4,8.8,9.2,9.2,9.6,10.4,10.8,11.761,7.60892,2.08167,3.0,0.0,0.0,0.0,96.0,0.0,78.0,31.0,8.4,9.6,20.8
2025120520,,,,,,,,,,,,,,,,,,,,,,,,,,,,,,,,,0.489,24.0,,,,,,,,,,,,,,,,,,,,,,,,,,,,,,,,,,,,,,,,,,,,,,,,,,,,,,,,,,,,,,,,,,,,,,,,,,,,,,,,,,,,,,,,,,,,,,,,,,,,,,,,,,,,,,,,,,,,,,,,,,,,,,,,,271.44,0.0,0.0,0.0,0.0,0.0,0.0,0.0,0.0,0.0,0.0,0.0,0.0,0.0,0.0,0.0,0.0,0.0,0.0,,,,,,,,,,,,,,,,,,,,,,,,,,,,,,,,,,,,,,,,,,,,,,,,,,,,,,,,,,,,,,,,,,,,,,,,,20.0,18.0,8772.0,61.0,2178.0,47.0,62.0,54.0,100.0,77.0,88.0,96.0,19.0,21.0,19.0,22.0,23.0,25.0,27.0,0.0,0.0,0.0,0.0,0.0,22.1,0.0,275.58,1.0,,111.0,1.0,0.0,,,,,,,,,,,,,,,,,,,,,,,,,,,,,,,,,,,,,,,,,,,,,,,,,,,,,,11.2,4.4,7.2,8.0,8.8,9.2,9.6,10.0,10.4,10.8,6.0,11.2,12.0,12.4,12.5003,13.027,13.2448,13.8101,14.3811,14.7777,15.1967,15.8161,11.21,2.71221,52.0,2.0,0.0,0.0,0.0,0.0,0.0,80.0,,,,,,,0.0,0.0,0.0,0.0,0.0,0.0,0.0,0.0,0.0,0.0,0.0,0.0,0.0,0.0,0.0,0.0,0.0,0.0,0.0,0.0,0.0,0.0,0.0,0.0,0.0,0.0,0.03,0.09,0.14,0.14,0.15,0.15,0.16,0.17,0.17,0.17,0.0,0.17,0.16,0.15,0.15,0.15,0.15,0.15,0.14,0.09,0.05,0.0,0.0,0.0,0.0,0.0,0.0,0.0,0.0,0.0,0.0,0.0,0.0,0.0,0.0,0.0,0.0,0.0,0.0,0.0,0.0,0.0,0.0,0.0,0.0,0.0,0.0,0.0,0.0,0.0,0.0,0.0,0.0,0.0,0.0,0.0,0.0,0.0,0.0,0.0,4.0,4.0,4.0,4.0,1.0,1.0,1.0,1.0,1.0,1.0,0.0,1.0,1.0,1.0,1.0,1.0,1.0,1.0,1.0,4.0,4.0,0.0,4.0,0.0,0.0,0.0,0.0,0.0,0.0,0.0,0.0,0.0,0.0,0.0,13.6,,,0.0,,57.9,0.0,0.0,0.0,88888.0,95.0,0.0,0.0,0.0,0.0,0.0,0.0,0.0,0.0,0.0,0.0,0.0,0.0,0.0,0.0,0.0,0.0,0.0,0.0,0.0,0.0,0.0,0.0,0.0,0.0,0.0,0.0,-0.09,-0.09,-0.09,-0.09,-0.09,-0.09,-0.09,-0.09,-0.09,-0.09,0.0,-0.09,-0.09,-0.09,-0.09,-0.09,-0.09,-0.09,-0.09,-0.09,-0.09,0.0,0.0,0.0,0.0,0.0,0.0,0.0,0.0,0.0,0.0,0.0,0.0,0.0,2.9,3.1,3.3,2.9,3.5,3.7,3.9,4.0,1872.0,1776.0,1816.0,1760.0,1888.0,1944.0,1984.0,2008.0,49.0,57.0,71.0,16.0,0.0,,,,,,276.53,0.99,,,,,,,,,,,,,,,,,,,,,,,,,,,,,,,,,,,,,,,,,,,,,,,,,,,,,,,,,,,,,9.999e+20,240.0,7.6,260.0,11.1,,,0.0,,,3.0,0.025,465.0,32.0,41.0,48.0,67.0,5055.0,240.0,240.0,240.0,0.0,277.1,7.6,2.8,4.4,4.8,5.6,6.0,6.4,6.8,7.2,7.6,4.0,8.0,8.4,8.4,9.2,9.2,9.6,10.0,10.4,10.8,10.8,11.5498,7.62235,2.4956,3.0,0.0,0.0,0.0,96.0,0.0,78.0,38.0,8.8,9.6,0.0
2025120521,,,,,,,,,,,,,,,,,,,,,,,,,,,,,,,,,0.436,15.0,,,,,,,,,,,,,,,,,,,,,,,,,,,,,,,,,,,,,,,,,,,,,,,,,,,,,,,,,,,,,,,,,,,,,,,,,,,,,,,,,,,,,,,,,,,,,,,,,,,,,,,,,,,,,,,,,,,,,,,,,,,,,,,,,270.98,0.0,0.0,0.0,0.0,0.0,0.0,0.0,0.0,0.0,0.0,0.0,0.0,0.0,0.0,0.0,0.0,0.0,0.0,,,,,,,,,,,,,,,,,,,,,,,,,,,,,,,,,,,,,,,,,,,,,,,,,,,,,,,,,,,,,,,,,,,,,,,,,23.0,17.0,9192.0,61.0,1830.0,48.0,62.0,57.0,100.0,78.0,86.0,94.0,16.0,20.0,15.0,22.0,23.0,25.0,26.0,0.0,0.0,0.0,0.0,0.0,21.5,0.0,275.42,0.9,0.0,127.0,1.0,0.0,,,,,,,,,,,,,,,,,,,,,,,,,,,,,,,,,,,,,,,,,,,,,,,,,,,,,9.999e+20,10.9,5.2,6.4,7.2,8.0,8.4,8.8,9.6,10.4,10.8,6.0,11.2,11.6175,11.7487,12.3357,12.9122,13.4818,14.0046,14.2882,14.5462,15.1517,15.9965,10.8974,3.14821,47.0,3.0,0.0,0.0,0.0,0.0,0.0,72.0,,9.999e+20,9.999e+20,9.999e+20,9.999e+20,9.999e+20,0.0,0.0,0.0,0.0,0.0,0.0,0.0,0.0,0.0,0.0,0.0,0.0,0.0,0.0,0.0,0.0,0.0,0.0,0.0,0.0,0.0,0.0,0.0,0.0,0.0,0.0,0.0,0.0,0.0,0.0,0.0,0.0,0.0,0.0,0.0,0.0,0.0,0.0,0.0,0.0,0.0,0.0,0.0,0.0,0.0,0.0,0.0,0.0,0.0,0.0,0.0,0.0,0.0,0.0,0.0,0.0,0.0,0.0,0.0,0.0,0.0,0.0,0.0,0.0,0.0,0.0,0.0,0.0,0.0,0.0,0.0,0.0,0.0,0.0,0.0,0.0,0.0,0.0,0.0,0.0,0.0,0.0,0.0,0.0,0.0,0.0,0.0,0.0,0.0,0.0,0.0,0.0,0.0,0.0,0.0,0.0,0.0,0.0,0.0,0.0,0.0,0.0,0.0,0.0,0.0,0.0,0.0,0.0,0.0,0.0,0.0,0.0,0.0,0.0,0.0,0.0,0.0,0.0,0.0,0.0,2.8,,,112.0,,27.9,0.0,2.0,0.0,88888.0,96.0,0.0,0.0,0.0,0.0,0.0,0.0,0.0,0.0,0.0,0.0,0.0,0.0,0.0,0.0,0.0,0.0,0.0,0.0,0.0,0.0,0.0,0.0,0.0,0.0,0.0,0.0,0.0,0.0,0.0,0.0,0.0,0.0,0.0,0.0,0.0,0.0,0.0,0.0,0.0,0.0,0.0,0.0,0.0,0.0,0.0,0.0,0.0,0.0,0.0,0.0,0.0,0.0,0.0,0.0,0.0,0.0,0.0,0.0012,0.0,0.0012,3.5,3.5,3.9,3.3,4.1,4.3,4.5,4.6,1688.0,1688.0,1712.0,1656.0,1752.0,1816.0,1840.0,1888.0,28.0,57.0,66.0,20.0,0.0,,,,,,276.05,0.91,,,,,,,,,,,,,,,,,,,,,,,,,,,,,,,,,,,,,,,,,,,,,,,,,,,,,,,,,,,,,9.999e+20,250.0,7.6,260.0,13.0,,,0.0,1.0,,3.0,0.019,465.0,32.0,43.0,49.0,65.0,8099.0,250.0,250.0,250.0,0.0,276.3,7.6,2.8,4.0,4.4,4.8,5.6,6.0,6.4,7.2,7.6,3.2,8.0,8.0,8.4,8.8,9.2,10.0,10.4,10.8,10.8,10.8,12.0,7.61055,2.45715,2.0,0.0,0.0,0.0,93.0,0.0,74.0,38.0,8.8,9.6,0.0
2025120522,,,,,,,,,,,,,,,,,,,,,,,,,,,,,,,,,0.382,15.0,,,,,,,,,,,,,,,,,,,,,,,,,,,,,,,,,,,,,,,,,,,,,,,,,,,,,,,,,,,,,,,,,,,,,,,,,,,,,,,,,,,,,,,,,,,,,,,,,,,,,,,,,,,,,,,,,,,,,,,,,,,,,,,,,269.82,0.0,0.0,0.0,0.0,0.0,0.0,0.0,0.0,0.0,0.0,0.0,0.0,0.0,0.0,0.0,0.0,0.0,0.0,,,,,,,,,,,,,,,,,,,,,,,,,,,,,,,,,,,,,,,,,,,,,,,,,,,,,,,,,,,,,,,,,,,,,,,,,21.0,15.0,7620.0,61.0,1544.0,47.0,62.0,50.0,100.0,73.0,85.0,95.0,17.0,19.0,16.0,21.0,22.0,23.0,24.0,0.0,0.0,0.0,0.0,0.0,20.7,0.0,274.61,0.81,,96.0,1.0,0.0,,,,,,,,,,,,,,,,,,,,,,,,,,,,,,,,,,,,,,,,,,,,,,,,,,,,,,11.7,4.4,7.2,8.0,8.8,9.2,9.6,10.4,10.8,11.2,6.0,11.6112,12.5573,13.0799,13.5838,14.0988,14.6573,14.8175,14.9415,15.2691,15.8444,16.656,11.6715,3.08314,54.0,10.0,0.0,0.0,0.0,0.0,0.0,80.0,,,,,,,0.0,0.0,0.0,0.0,0.0,0.0,0.2,0.32,0.31,0.17,0.0,0.0,0.0,0.0,0.0,0.0,0.0,0.0,0.0,0.0,0.0,0.0,0.0,0.0,0.0,0.0,0.0,0.0,0.0,0.0,0.0,0.0,0.0,0.0,0.0,0.0,0.0,0.0,0.0,0.0,0.0,0.0,0.0,0.0,0.0,0.0,0.0,0.0,0.0,0.0,0.0,0.0,0.0,0.0,0.0,0.0,0.0,0.0,0.0,0.0,0.0,0.0,0.0,0.0,0.0,0.0,4.0,1.0,4.0,4.0,0.0,0.0,0.0,0.0,0.0,0.0,0.0,0.0,0.0,0.0,0.0,0.0,0.0,0.0,0.0,0.0,0.0,0.0,0.0,0.0,0.0,0.0,0.0,0.0,0.0,0.0,0.0,0.0,0.0,0.0,0.0,0.0,0.0,0.0,0.0,0.0,0.0,0.0,0.0,0.0,0.0,0.0,0.0,0.0,0.0,0.0,0.0,0.0,0.0,0.0,0.4,,,72.0,,21.9,0.0,2.0,0.0,88888.0,95.0,0.0,0.0,0.0,0.0,0.0,0.0,-0.09,-0.09,-0.09,-0.09,0.0,0.0,0.0,0.0,0.0,0.0,0.0,0.0,0.0,0.0,0.0,0.0,0.0,0.0,0.0,0.0,0.0,0.0,0.0,0.0,0.0,0.0,0.0,0.0,0.0,0.0,0.0,0.0,0.0,0.0,0.0,0.0,0.0,0.0,0.0,0.0,0.0,0.0,0.0,0.0,0.0,0.0,0.0,0.0,0.0,0.0,0.0,0.0012,0.0,0.0012,4.3,4.2,4.4,4.1,4.7,4.9,5.3,5.4,1592.0,1576.0,1624.0,1552.0,1656.0,1712.0,1744.0,1768.0,0.0,82.0,66.0,22.0,0.0,,,,,,275.56,0.8,,,,,,,,,,,,,,,,,,,,,,,,,,,,,,,,,,,,,,,,,,,,,,,,,,,,,,,,,,,,,9.999e+20,250.0,8.4,250.0,12.5,,,0.0,,,3.0,0.052,465.0,31.0,40.0,46.0,61.0,7307.0,250.0,250.0,250.0,0.0,275.4,8.4,2.4,4.0,5.2,5.6,6.4,6.8,7.2,7.6,8.0,3.2,8.4,9.2,9.6,10.4,10.8,10.8,10.8,11.2,11.2,11.6,12.0,8.4,2.8,7.0,0.0,0.0,0.0,93.0,0.0,80.0,47.0,9.2,10.4,0.0
2025120523,,,,,,,,,,,,,,,,,,,,,,,,,,,,,,,,,0.369,16.0,,,,,,,,,,,,,,,,,,,,,,,,,,,,,,,,,,,,,,,,,,,,,,,,,,,,,,,,,,,,,,,,,,,,,,,,,,,,,,,,,,,,,,,,,,,,,,,,,,,,,,,,,,,,,,,,,,,,,,,,,,,,,,,,,268.93,0.0,0.0,0.0,0.0,0.0,0.0,0.0,0.003,5.0,0.0,0.0,0.0,0.0,0.0,0.0,0.0,0.0,0.0,,,,,,,,,,,,,,,,,,,,,,,,,,,,,,,,,,,,,,,,,,,,,,,,,,,,,,,,,,,,,,,,,,,,,,,,,19.0,15.0,7620.0,61.0,1538.0,48.0,62.0,48.0,99.0,69.0,80.0,90.0,17.0,19.0,12.0,20.0,21.0,22.0,23.0,0.0,0.0,0.0,0.0,0.0,19.7,0.0,274.14,0.77,,49.0,1.0,0.0,,,,,,,,,,,,,,,,,,,,,,,,,,,,,,,,,,,,,,,,,,,,,,,,,,,,,,12.1,4.0,6.8,8.0,8.8,9.6,10.0,10.4,11.2,12.0,5.6,12.5475,13.4065,13.4713,13.9767,14.5104,14.6205,15.1665,15.2411,15.7194,16.2774,17.4859,12.0854,3.4706,60.0,13.0,2.0,0.0,0.0,0.0,0.0,81.0,,,,,,,0.0,0.0,0.0,0.0,0.14,0.27,0.31,0.3,0.28,0.15,0.0,0.0,0.0,0.0,0.0,0.0,0.0,0.0,0.0,0.0,0.0,0.0,0.0,0.0,0.0,0.0,0.0,0.0,0.0,0.0,0.0,0.0,0.0,0.0,0.0,0.0,0.0,0.0,0.0,0.0,0.0,0.0,0.0,0.0,0.0,0.0,0.0,0.0,0.0,0.0,0.0,0.0,0.0,0.0,0.0,0.0,0.0,0.0,0.0,0.0,0.0,0.0,0.0,0.0,4.0,1.0,1.0,1.0,4.0,4.0,0.0,0.0,0.0,0.0,0.0,0.0,0.0,0.0,0.0,0.0,0.0,0.0,0.0,0.0,0.0,0.0,0.0,0.0,0.0,0.0,0.0,0.0,0.0,0.0,0.0,0.0,0.0,0.0,0.0,0.0,0.0,0.0,0.0,0.0,0.0,0.0,0.0,0.0,0.0,0.0,0.0,0.0,0.0,0.0,0.0,0.0,0.0,0.0,0.0,0.0,2.0,,,32.0,,16.4,0.0,12.4,0.0,88888.0,94.0,0.0,0.0,0.0,0.0,-0.09,-0.09,-0.09,-0.09,-0.09,-0.09,0.0,0.0,0.0,0.0,0.0,0.0,0.0,0.0,0.0,0.0,0.0,0.0,0.0,0.0,0.0,0.0,0.0,0.0,0.0,0.0,0.0,0.0,0.0,0.0,0.0,0.0,0.0,0.0,0.0,0.0,0.0,0.0,0.0,0.0,0.0,0.0,0.0,0.0,0.0,0.0,0.0,0.0,0.0,0.0,0.0,0.0,0.0,0.0012,0.0,0.0012,5.2,4.8,5.0,4.7,5.3,5.7,6.1,6.3,1512.0,1496.0,1528.0,1464.0,1568.0,1608.0,1640.0,1656.0,0.0,79.0,65.0,24.0,0.0,,,,,,275.09,0.79,,,,,,,,,,,,,,,,,,,,,,,,,,,,,,,,,,,,,,,,,,,,,,,,,,,,,,,,,,,,,9.999e+20,260.0,8.4,250.0,12.5,,,0.0,,,3.0,0.006,465.0,28.0,38.0,45.0,60.0,6802.0,260.0,260.0,260.0,0.0,274.5,8.4,2.0,4.0,5.2,6.0,6.4,7.2,7.6,8.0,8.4,3.2,9.2,9.6,10.4,10.8,10.8,11.2,11.2,11.2,11.2,11.6,12.0,8.4,2.8,13.0,0.0,0.0,0.0,93.0,0.0,81.0,53.0,9.6,10.8,0.0
2025120600,5.802,0.0,1.257,1.959,2.553,3.18,3.776,4.252,4.693,5.139,0.661,5.559,5.998,6.429,6.869,7.359,7.914,8.609,9.233,10.06,11.79,16.635,,0.0,4.0,0.0,0.0,80.0,0.0,0.0,41.0,0.0,0.394,16.0,,,,,,,,,,,,,,,,,,,,,,,,,,,,,,,,,,,,,,,,,,,,,,,,,,,,,,,,,,,,,,,,,0.762,0.0,0.0,0.014,0.211,0.445,0.75,1.095,1.401,1.639,0.0,1.872,2.091,2.325,2.589,2.878,3.158,3.572,4.021,4.673,5.36,7.074,66.0,0.0,0.0,36.0,0.0,0.0,0.0,2.0,0.0,0.0,,,,,,,,,,,,,,,,,,,,,,,,,,,,,,,,,267.84,0.0,0.0,0.0,0.0,0.0,0.003,0.003,0.003,18.0,0.0,0.0,0.0,0.0,0.0,0.0,0.0,0.0,0.0,,,,,,,,,,,,,,,,,,,,,,,,,,,,,,,,,,,,,0.0,0.0,0.0,0.0,0.0,0.0,0.003,0.003,18.0,0.0,0.0,0.0,0.0,0.0,0.0,0.0,0.0,0.0,,,,,,,,,,,,,,,,,,,17.0,12.0,7620.0,61.0,1845.0,48.0,62.0,44.0,97.0,65.0,76.0,85.0,16.0,18.0,13.0,20.0,20.0,21.0,22.0,0.0,0.0,0.0,0.0,0.0,19.1,0.0,273.26,0.76,0.0,8.0,2.0,0.0,,,,,,,,,,,,,,,,,,,,,,,,,,0.0,0.0,0.0,0.0,0.0,0.0,0.0,0.0,0.0,0.0,0.0,0.0,0.0,,,,,,,,,,,,,,9.2,9.999e+20,11.8,3.6,6.4,7.2,8.4,9.2,9.6,10.8,11.6,12.0,4.8,12.4485,12.8838,13.7263,14.1811,14.6429,14.7137,15.1767,15.3165,15.4047,16.169,18.8579,11.8336,3.88562,61.0,13.0,2.0,0.0,0.0,0.0,0.0,78.0,3.0,9.999e+20,9.999e+20,9.999e+20,9.999e+20,9.999e+20,0.0,0.0,0.03,0.0,0.19,0.29,0.34,0.33,0.31,0.28,0.23,0.08,0.0,0.0,0.0,0.0,0.0,0.0,0.0,0.0,0.0,0.0,0.0,0.0,0.0,0.0,0.0,0.0,0.0,0.0,0.0,0.0,0.0,0.0,0.0,0.0,0.0,0.0,0.0,0.0,0.0,0.0,0.0,0.0,0.0,0.0,0.0,0.0,0.0,0.0,0.0,0.0,0.0,0.0,0.0,0.0,0.0,0.0,0.0,0.0,0.0,0.0,4.0,0.0,4.0,1.0,1.0,1.0,1.0,1.0,1.0,4.0,0.0,0.0,0.0,0.0,0.0,0.0,0.0,0.0,0.0,0.0,0.0,0.0,0.0,0.0,0.0,0.0,0.0,0.0,0.0,0.0,0.0,0.0,0.0,0.0,0.0,0.0,0.0,0.0,0.0,0.0,0.0,0.0,0.0,0.0,0.0,0.0,0.0,0.0,0.0,0.0,0.0,0.0,0.0,0.0,0.0,0.0,0.0,0.0,2.4,,,16.0,,39.4,0.0,12.4,0.0,88888.0,92.0,0.0,0.0,-0.09,0.0,-0.09,-0.09,-0.09,-0.09,-0.09,-0.09,-0.09,-0.09,0.0,0.0,0.0,0.0,0.0,0.0,0.0,0.0,0.0,0.0,0.0,0.0,0.0,0.0,0.0,0.0,0.0,0.0,0.0,0.0,0.0,0.0,0.0,0.0,0.0,0.0,0.0,0.0,0.0,0.0,0.0,0.0,0.0,0.0,0.0,0.0,0.0,0.0,0.0,0.0,0.0,0.0,0.0,0.0,0.0,0.0,0.0,0.0,5.9,5.3,5.6,5.2,5.9,6.4,6.9,7.2,1424.0,1392.0,1432.0,1360.0,1480.0,1512.0,1536.0,1568.0,0.0,86.0,68.0,22.0,0.0,,,,,,274.22,0.82,,,,,,,,,,,,,,,,,,,,,,,,,,,,,,,,,,,,,,,,,,,,,,,,,,,,,,,,,,,,,9.999e+20,250.0,8.4,250.0,12.0,,,0.0,1.0,4.0,3.0,0.001,402.0,26.0,35.0,41.0,57.0,6364.0,250.0,250.0,250.0,0.0,273.7,8.4,2.0,4.0,4.4,5.2,6.4,6.8,7.6,8.0,8.8,2.8,9.2,9.6,10.4,10.8,10.8,10.8,11.2,11.2,11.2,11.6,12.0,8.4,2.8,10.0,0.0,0.0,0.0,90.0,0.0,78.0,53.0,9.6,10.4,0.0
2025120601,,,,,,,,,,,,,,,,,,,,,,,,,,,,,,,,,0.423,26.0,,,,,,,,,,,,,,,,,,,,,,,,,,,,,,,,,,,,,,,,,,,,,,,,,,,,,,,,,,,,,,,,,,,,,,,,,,,,,,,,,,,,,,,,,,,,,,,,,,,,,,,,,,,,,,,,,,,,,,,,,,,,,,,,,267.65,0.0,0.0,0.0,0.0,0.0,0.003,0.003,0.005,19.0,1.0,0.0,0.0,0.0,0.0,0.0,0.0,0.0,0.0,,,,,,,,,,,,,,,,,,,,,,,,,,,,,,,,,,,,,,,,,,,,,,,,,,,,,,,,,,,,,,,,,,,,,,,,,5.0,9.0,7620.0,61.0,1844.0,48.0,62.0,41.0,100.0,63.0,75.0,85.0,16.0,17.0,12.0,18.0,20.0,20.0,22.0,0.0,0.0,0.0,0.0,0.0,18.0,608.0,272.83,0.71,,0.0,2.0,0.0,,,,,,,,,,,,,,,,,,,,,,,,,,,,,,,,,,,,,,,,,,,,,,,,,,,,,,13.3,4.0,7.6,9.6,10.4,12.0,12.4,12.8,13.6,14.4,5.6,14.8,14.8,15.2,15.2,15.6,15.6102,16.0422,16.1315,16.6457,17.2975,20.1242,13.2863,3.42786,76.0,30.0,4.0,1.0,0.0,0.0,0.0,87.0,,,,,,,0.0,0.0,0.03,0.0,0.18,0.27,0.31,0.33,0.34,0.33,0.33,0.3,0.28,0.26,0.0,0.15,0.03,0.0,0.0,0.0,0.0,0.0,0.0,0.0,0.0,0.0,0.0,0.0,0.0,0.0,0.0,0.0,0.0,0.0,0.0,0.0,0.0,0.0,0.0,0.0,0.0,0.0,0.0,0.0,0.0,0.0,0.0,0.0,0.0,0.0,0.0,0.0,0.0,0.0,0.0,0.0,0.0,0.0,0.0,0.0,0.0,0.0,4.0,0.0,4.0,1.0,1.0,1.0,1.0,1.0,1.0,1.0,1.0,4.0,0.0,4.0,4.0,0.0,0.0,0.0,0.0,0.0,0.0,0.0,0.0,0.0,0.0,0.0,0.0,0.0,0.0,0.0,0.0,0.0,0.0,0.0,0.0,0.0,0.0,0.0,0.0,0.0,0.0,0.0,0.0,0.0,0.0,0.0,0.0,0.0,0.0,0.0,0.0,0.0,0.0,0.0,0.0,0.0,0.0,0.0,3.6,,,0.0,,33.6,0.0,14.4,0.0,88888.0,92.0,0.0,0.0,-0.09,0.0,-0.09,0.04,0.1,0.05,-0.09,-0.09,-0.09,-0.09,-0.09,-0.09,0.0,-0.09,-0.09,0.0,0.0,0.0,0.0,0.0,0.0,0.0,0.0,0.0,0.0,0.0,0.0,0.0,0.0,0.0,0.0,0.0,0.0,0.0,0.0,0.0,0.0,0.0,0.0,0.0,0.0,0.0,0.0,0.0,0.0,0.0,0.0,0.0,0.0,0.0,0.0,0.0,0.0,0.0,0.0,0.0,0.0,0.0012,6.6,5.8,6.0,5.7,6.3,6.8,7.3,7.6,1384.0,1368.0,1408.0,1328.0,1448.0,1472.0,1504.0,1528.0,0.0,92.0,71.0,21.0,0.0,,,,,,273.92,0.76,,,,,,,,,,,,,,,,,,,,,,,,,,,,,,,,,,,,,,,,,,,,,,,,,,,,,,,,,,,,,9.999e+20,250.0,9.6,250.0,11.7,,,0.0,,,3.0,0.005,402.0,22.0,31.0,37.0,56.0,4595.0,250.0,250.0,250.0,250.0,273.3,9.6,2.4,4.8,6.0,7.6,8.4,8.8,9.6,10.0,10.8,3.6,11.2,11.2,11.2,11.6,11.6,11.6,11.6,11.6,12.0,12.4,12.8,9.6,2.8,39.0,0.0,0.0,0.0,93.0,0.0,87.0,72.0,10.8,12.0,21.2
2025120602,,,,,,,,,,,,,,,,,,,,,,,,,,,,,,,,,0.408,29.0,,,,,,,,,,,,,,,,,,,,,,,,,,,,,,,,,,,,,,,,,,,,,,,,,,,,,,,,,,,,,,,,,,,,,,,,,,,,,,,,,,,,,,,,,,,,,,,,,,,,,,,,,,,,,,,,,,,,,,,,,,,,,,,,,267.07,0.0,0.0,0.0,0.0,0.0,0.003,0.005,0.005,20.0,3.0,0.0,0.0,0.0,0.0,0.0,0.0,0.0,0.0,,,,,,,,,,,,,,,,,,,,,,,,,,,,,,,,,,,,,,,,,,,,,,,,,,,,,,,,,,,,,,,,,,,,,,,,,4.0,7.0,7620.0,61.0,2949.0,48.0,62.0,42.0,100.0,63.0,75.0,85.0,14.0,16.0,14.0,17.0,19.0,21.0,22.0,0.0,0.0,0.0,0.0,0.0,17.0,608.0,272.63,0.79,,0.0,3.0,0.0,,,,,,,,,,,,,,,,,,,,,,,,,,,,,,,,,,,,,,,,,,,,,,,,,,,,,,14.0,4.8,9.2,10.8,11.6,12.4,13.2,14.0,14.4,14.8,6.4,14.8,15.2,15.2,15.6,16.0,16.0,16.4,16.8049,17.2606,18.2377,20.592,14.0384,3.34056,82.0,39.0,8.0,1.0,0.0,0.0,0.0,91.0,,,,,,,0.0,0.0,0.0,0.0,0.15,0.26,0.29,0.3,0.31,0.32,0.33,0.32,0.3,0.29,0.0,0.27,0.25,0.23,0.2,0.1,0.0,0.0,0.0,0.0,0.0,0.0,0.0,0.0,0.0,0.0,0.0,0.0,0.0,0.0,0.0,0.0,0.0,0.0,0.0,0.0,0.0,0.0,0.0,0.0,0.0,0.0,0.0,0.0,0.0,0.0,0.0,0.0,0.0,0.0,0.0,0.0,0.0,0.0,0.0,0.0,0.0,0.0,0.0,0.0,4.0,1.0,1.0,1.0,1.0,1.0,1.0,1.0,1.0,1.0,0.0,1.0,1.0,4.0,4.0,4.0,0.0,0.0,0.0,0.0,0.0,0.0,0.0,0.0,0.0,0.0,0.0,0.0,0.0,0.0,0.0,0.0,0.0,0.0,0.0,0.0,0.0,0.0,0.0,0.0,0.0,0.0,0.0,0.0,0.0,0.0,0.0,0.0,0.0,0.0,0.0,0.0,0.0,0.0,0.0,0.0,11.2,,,0.0,,41.9,6.0,30.2,0.0,88888.0,91.0,0.0,0.0,0.0,0.0,-0.09,0.05,0.15,0.08,0.03,0.01,-0.09,-0.09,-0.09,-0.09,0.0,-0.09,-0.09,-0.09,-0.09,-0.09,0.0,0.0,0.0,0.0,0.0,0.0,0.0,0.0,0.0,0.0,0.0,0.0,0.0,0.0,0.0,0.0,0.0,0.0,0.0,0.0,0.0,0.0,0.0,0.0,0.0,0.0,0.0,0.0,0.0,0.0,0.0,0.0,0.0,0.0,0.0,0.0,0.0,0.0012,0.0,0.0012,7.0,6.1,6.4,6.0,6.7,7.2,7.5,7.9,1352.0,1336.0,1376.0,1304.0,1416.0,1448.0,1472.0,1488.0,0.0,57.0,79.0,13.0,0.0,,,,,,274.11,0.77,,,,,,,,,,,,,,,,,,,,,,,,,,,,,,,,,,,,,,,,,,,,,,,,,,,,,,,,,,,,,9.999e+20,250.0,10.0,250.0,11.6,,,0.0,,,3.0,0.018,402.0,23.0,30.0,35.0,55.0,3374.0,250.0,250.0,250.0,250.0,273.3,10.0,2.8,6.0,7.6,8.4,9.2,9.6,10.4,10.8,10.8,4.0,11.2,11.2,11.2,11.2,11.6,11.6,11.6,12.0,12.0,12.4,12.8,10.0,2.4,38.0,0.0,0.0,0.0,97.0,0.0,92.0,78.0,11.2,12.8,23.6
2025120603,,,,,,,,,,,,,,,,,,,,,,,,,,,,,,,,,0.399,35.0,,,,,,,,,,,,,,,,,,,,,,,,,,,,,,,,,,,,,,,,,,,,,,,,,,,,,,,,,,,,,,,,,,,,,,,,,,,,,,,,,,,,,,,,,,,,,,,,,,,,,,,,,,,,,,,,,,,,,,,,,,,,,,,,,267.2,0.0,0.0,0.0,0.0,0.003,0.005,0.008,0.008,25.0,6.0,1.0,0.0,0.0,0.0,0.0,0.0,0.0,0.0,,,,,,,,,,,,,,,,,,,,,,,,,,,,,,,,,,,,,,,,,,,,,,,,,,,,,,,,,,,,,,,,,,,,,,,,,3.0,6.0,7620.0,29.0,2946.0,32.0,30.0,42.0,100.0,60.0,73.0,84.0,14.0,16.0,14.0,18.0,19.0,21.0,22.0,0.0,0.0,0.0,0.0,0.0,17.6,560.0,272.54,0.77,0.0,0.0,3.0,0.0,,,,,,,,,,,,,,,,,,,,,,,,,,,,,,,,,,,,,,,,,,,,,,,,,,,,,9.999e+20,14.0,5.6,9.6,10.8,11.6,12.0,12.8,13.2,14.0,14.0,7.6,14.4,14.4,15.2,15.6,16.0,16.4,16.4,16.8,17.6441,18.9788,20.973,14.0284,3.30362,82.0,39.0,11.0,1.0,0.0,0.0,0.0,94.0,,9.999e+20,9.999e+20,9.999e+20,9.999e+20,9.999e+20,0.0,0.0,0.03,0.0,0.17,0.23,0.26,0.28,0.29,0.28,0.27,0.26,0.24,0.22,0.0,0.21,0.17,0.08,0.0,0.0,0.0,0.0,0.0,0.0,0.0,0.0,0.0,0.0,0.0,0.0,0.0,0.0,0.0,0.0,0.0,0.0,0.0,0.0,0.0,0.0,0.0,0.0,0.0,0.0,0.0,0.0,0.0,0.0,0.0,0.0,0.0,0.0,0.0,0.0,0.0,0.0,0.0,0.0,0.0,0.0,0.0,0.0,4.0,0.0,4.0,1.0,1.0,1.0,1.0,1.0,1.0,1.0,1.0,1.0,0.0,1.0,4.0,4.0,0.0,0.0,0.0,0.0,0.0,0.0,0.0,0.0,0.0,0.0,0.0,0.0,0.0,0.0,0.0,0.0,0.0,0.0,0.0,0.0,0.0,0.0,0.0,0.0,0.0,0.0,0.0,0.0,0.0,0.0,0.0,0.0,0.0,0.0,0.0,0.0,0.0,0.0,0.0,0.0,0.0,0.0,11.2,,,0.0,,37.4,6.0,34.7,0.0,1438.0,91.0,0.0,0.0,-0.09,0.0,-0.09,0.08,0.21,0.12,0.05,0.01,-0.09,-0.09,-0.09,-0.09,0.0,-0.09,-0.09,-0.09,0.0,0.0,0.0,0.0,0.0,0.0,0.0,0.0,0.0,0.0,0.0,0.0,0.0,0.0,0.0,0.0,0.0,0.0,0.0,0.0,0.0,0.0,0.0,0.0,0.0,0.0,0.0,0.0,0.0,0.0,0.0,0.0,0.0,0.0,0.0,0.0,0.0,0.0,0.0,0.0012,0.0,0.0012,7.4,6.4,6.6,6.4,6.9,7.5,8.0,8.3,1336.0,1296.0,1352.0,1280.0,1384.0,1432.0,1448.0,1472.0,0.0,57.0,79.0,13.0,0.0,,,,,,273.85,0.87,,,,,,,,,,,,,,,,,,,,,,,,,,,,,,,,,,,,,,,,,,,,,,,,,,,,,,,,,,,,,9.999e+20,250.0,10.0,250.0,11.3,,,0.0,2.0,,4.0,0.011,402.0,24.0,30.0,35.0,54.0,2248.0,250.0,250.0,250.0,250.0,273.3,10.0,3.2,6.8,7.6,8.4,9.2,9.2,9.6,10.4,10.8,4.8,10.8,10.8,10.8,11.2,11.2,11.6,11.6,11.6,12.0,12.4,13.2,10.0,2.4,28.0,0.0,0.0,0.0,98.0,0.0,93.0,78.0,11.2,12.4,24.8
2025120604,,,,,,,,,,,,,,,,,,,,,,,,,,,,,,,,,0.427,47.0,,,,,,,,,,,,,,,,,,,,,,,,,,,,,,,,,,,,,,,,,,,,,,,,,,,,,,,,,,,,,,,,,,,,,,,,,,,,,,,,,,,,,,,,,,,,,,,,,,,,,,,,,,,,,,,,,,,,,,,,,,,,,,,,,267.04,0.0,0.0,0.003,0.0,0.005,0.005,0.008,0.008,28.0,8.0,1.0,0.0,0.0,0.0,0.0,0.0,0.0,0.0,,,,,,,,,,,,,,,,,,,,,,,,,,,,,,,,,,,,,,,,,,,,,,,,,,,,,,,,,,,,,,,,,,,,,,,,,7.0,8.0,7620.0,30.0,2948.0,32.0,30.0,41.0,100.0,60.0,73.0,85.0,16.0,18.0,15.0,20.0,21.0,23.0,23.0,0.0,0.0,0.0,0.0,0.0,19.2,560.0,272.41,0.74,,0.0,2.0,0.0,,,,,,,,,,,,,,,,,,,,,,,,,,,,,,,,,,,,,,,,,,,,,,,,,,,,,,14.4,6.4,10.0,11.2,12.0,12.8,13.6,14.0,14.0,14.4,8.4,14.4,14.8,15.2,16.0,16.4,16.4,16.8,17.2,18.0,18.8235,21.5457,14.414,3.26831,85.0,40.0,13.0,2.0,0.0,0.0,0.0,94.0,,,,,,,0.0,0.0,0.0,0.0,0.14,0.23,0.25,0.26,0.27,0.27,0.27,0.25,0.24,0.22,0.0,0.2,0.19,0.1,0.0,0.0,0.0,0.0,0.0,0.0,0.0,0.0,0.0,0.0,0.0,0.0,0.0,0.0,0.0,0.0,0.0,0.0,0.0,0.0,0.0,0.0,0.0,0.0,0.0,0.0,0.0,0.0,0.0,0.0,0.0,0.0,0.0,0.0,0.0,0.0,0.0,0.0,0.0,0.0,0.0,0.0,0.0,0.0,0.0,0.0,4.0,1.0,1.0,1.0,2.0,2.0,2.0,1.0,1.0,1.0,0.0,1.0,4.0,4.0,0.0,0.0,0.0,0.0,0.0,0.0,0.0,0.0,0.0,0.0,0.0,0.0,0.0,0.0,0.0,0.0,0.0,0.0,0.0,0.0,0.0,0.0,0.0,0.0,0.0,0.0,0.0,0.0,0.0,0.0,0.0,0.0,0.0,0.0,0.0,0.0,0.0,0.0,0.0,0.0,0.0,0.0,13.2,,,0.0,,31.4,22.0,34.7,0.0,1082.0,91.0,0.0,0.0,0.0,0.0,0.22,0.3,0.24,0.15,0.08,0.03,-0.09,-0.09,-0.09,-0.09,0.0,-0.09,-0.09,-0.09,0.0,0.0,0.0,0.0,0.0,0.0,0.0,0.0,0.0,0.0,0.0,0.0,0.0,0.0,0.0,0.0,0.0,0.0,0.0,0.0,0.0,0.0,0.0,0.0,0.0,0.0,0.0,0.0,0.0,0.0,0.0,0.0,0.0,0.0,0.0,0.0,0.0,0.0,0.0,0.0012,0.0,0.0012,7.5,6.6,6.8,6.5,7.1,7.7,8.0,8.6,1344.0,1296.0,1352.0,1280.0,1392.0,1424.0,1448.0,1472.0,0.0,57.0,77.0,16.0,0.0,,,,,,273.84,0.88,,,,,,,,,,,,,,,,,,,,,,,,,,,,,,,,,,,,,,,,,,,,,,,,,,,,,,,,,,,,,9.999e+20,250.0,10.4,250.0,11.7,,,0.0,,,3.0,0.02,402.0,23.0,29.0,35.0,58.0,3296.0,250.0,250.0,250.0,250.0,273.4,10.4,4.0,7.2,8.0,9.2,9.6,10.0,10.4,10.8,10.8,5.2,10.8,11.2,11.2,11.2,11.2,11.6,11.6,12.0,12.4,12.8,13.6,10.4,2.0,31.0,0.0,0.0,0.0,99.0,0.0,94.0,83.0,11.6,12.8,24.8
2025120605,,,,,,,,,,,,,,,,,,,,,,,,,,,,,,,,,0.495,51.0,,,,,,,,,,,,,,,,,,,,,,,,,,,,,,,,,,,,,,,,,,,,,,,,,,,,,,,,,,,,,,,,,,,,,,,,,,,,,,,,,,,,,,,,,,,,,,,,,,,,,,,,,,,,,,,,,,,,,,,,,,,,,,,,,266.87,0.0,0.0,0.003,0.0,0.005,0.005,0.008,0.008,29.0,8.0,1.0,0.0,0.0,0.0,0.0,0.0,0.0,0.0,,,,,,,,,,,,,,,,,,,,,,,,,,,,,,,,,,,,,,,,,,,,,,,,,,,,,,,,,,,,,,,,,,,,,,,,,4.0,6.0,7620.0,30.0,2942.0,31.0,30.0,45.0,100.0,63.0,75.0,87.0,16.0,20.0,16.0,21.0,22.0,23.0,24.0,0.0,0.0,0.0,0.0,0.0,20.5,560.0,272.31,0.69,,0.0,2.0,0.0,,,,,,,,,,,,,,,,,,,,,,,,,,,,,,,,,,,,,,,,,,,,,,,,,,,,,,14.8,6.8,10.0,11.2,12.0,12.8,13.2,14.0,14.0,14.0,8.8,14.4,14.8,15.2,16.0,16.4,16.8,17.2,17.6,18.4,19.2,22.0755,14.4085,3.27461,84.0,39.0,17.0,3.0,0.0,0.0,0.0,95.0,,,,,,,0.0,0.0,0.03,0.0,0.16,0.21,0.23,0.24,0.24,0.24,0.24,0.22,0.21,0.19,0.0,0.17,0.13,0.06,0.0,0.0,0.0,0.0,0.0,0.0,0.0,0.0,0.0,0.0,0.0,0.0,0.0,0.0,0.0,0.0,0.0,0.0,0.0,0.0,0.0,0.0,0.0,0.0,0.0,0.0,0.0,0.0,0.0,0.0,0.0,0.0,0.0,0.0,0.0,0.0,0.0,0.0,0.0,0.0,0.0,0.0,0.0,0.0,4.0,0.0,1.0,1.0,1.0,1.0,2.0,2.0,1.0,1.0,1.0,1.0,0.0,4.0,4.0,4.0,0.0,0.0,0.0,0.0,0.0,0.0,0.0,0.0,0.0,0.0,0.0,0.0,0.0,0.0,0.0,0.0,0.0,0.0,0.0,0.0,0.0,0.0,0.0,0.0,0.0,0.0,0.0,0.0,0.0,0.0,0.0,0.0,0.0,0.0,0.0,0.0,0.0,0.0,0.0,0.0,0.0,0.0,15.2,,,0.0,,31.5,22.0,34.5,0.0,1203.2,91.0,0.0,0.0,0.05,0.0,0.21,0.21,0.12,0.05,-0.09,-0.09,-0.09,-0.09,-0.09,-0.09,0.0,-0.09,-0.09,-0.09,0.0,0.0,0.0,0.0,0.0,0.0,0.0,0.0,0.0,0.0,0.0,0.0,0.0,0.0,0.0,0.0,0.0,0.0,0.0,0.0,0.0,0.0,0.0,0.0,0.0,0.0,0.0,0.0,0.0,0.0,0.0,0.0,0.0,0.0,0.0,0.0,0.0,0.0,0.0,0.0012,0.0,0.0012,7.8,6.8,6.9,6.6,7.3,7.9,8.5,8.6,1328.0,1280.0,1352.0,1248.0,1384.0,1424.0,1464.0,1480.0,0.0,57.0,80.0,12.0,0.0,,,,,,273.8,0.96,,,,,,,,,,,,,,,,,,,,,,,,,,,,,,,,,,,,,,,,,,,,,,,,,,,,,,,,,,,,,9.999e+20,250.0,10.4,260.0,11.4,,,0.0,,,3.0,0.027,465.0,24.0,30.0,35.0,60.0,2697.0,250.0,250.0,250.0,250.0,273.5,10.4,4.4,7.2,8.0,8.4,9.6,10.0,10.4,10.4,10.8,5.6,10.8,10.8,11.2,11.2,11.6,11.6,11.6,12.0,12.4,12.8,13.6,10.4,2.0,34.0,0.0,0.0,0.0,99.0,0.0,95.0,79.0,11.6,12.8,25.2
2025120606,5.393,0.0,0.548,1.04,1.652,2.227,2.766,3.336,3.916,4.46,0.1,5.023,5.584,6.166,6.746,7.339,7.87,8.543,9.506,10.713,12.307,15.076,93.0,0.0,4.0,0.0,0.0,72.0,0.0,0.0,39.0,0.0,0.568,57.0,,,,,,,,,,,,,,,,,,,,,,,,,,,,,,,,,,,,,,,,,,,,,,,,,,,,,,,,,,,,,,,,,1.524,0.0,0.148,0.51,0.836,1.199,1.55,1.862,2.201,2.512,0.0,2.811,3.142,3.506,3.873,4.28,4.746,5.253,5.777,6.554,7.756,9.514,88.0,0.0,0.0,55.0,0.0,0.0,0.0,11.0,0.0,0.0,,,,,,,,,,,,,,,,,,,,,,,,,,,,,,,,,266.86,0.003,0.0,0.003,0.0,0.005,0.005,0.008,0.008,30.0,9.0,1.0,0.0,0.0,0.0,0.0,0.0,0.0,0.0,,,,,,,,,,,,,,,,,,,,,,,,,,,,,,,,,,,,,0.005,0.0,0.008,0.0,0.018,0.028,0.036,0.041,30.0,15.0,2.0,0.0,0.0,0.0,0.0,0.0,0.0,0.0,,,,,,,,,,,,,,,,,,,6.0,8.0,7620.0,62.0,2946.0,48.0,62.0,42.0,100.0,57.0,71.0,84.0,18.0,20.0,17.0,23.0,24.0,25.0,26.0,0.0,0.0,0.0,0.0,0.0,22.0,568.0,272.21,0.67,0.0,0.0,2.0,0.0,,,,,,,,,,,,,,,,,,,,,,,,,,0.0,0.0,0.0,0.0,0.0,0.0,0.0,0.0,0.0,0.0,0.0,0.0,0.0,,,,,,,,,,,,,,12.0,9.999e+20,14.4,7.2,9.6,10.0,10.8,12.0,12.4,12.8,13.2,14.0,8.4,14.0,14.4,15.6,16.0,16.4,16.8,17.2,17.6,18.4,20.0,22.1862,14.4141,3.71195,78.0,40.0,17.0,3.0,1.0,0.0,0.0,93.0,2.0,9.999e+20,9.999e+20,9.999e+20,9.999e+20,9.999e+20,0.0,0.02,0.1,0.0,0.16,0.19,0.21,0.22,0.22,0.23,0.23,0.24,0.22,0.2,0.0,0.18,0.16,0.08,0.0,0.0,0.0,0.0,0.0,0.0,0.0,0.0,0.0,0.0,0.0,0.0,0.0,0.0,0.0,0.0,0.0,0.0,0.0,0.0,0.0,0.0,0.0,0.0,0.0,0.0,0.0,0.0,0.0,0.0,0.0,0.0,0.0,0.0,0.0,0.0,0.0,0.0,0.0,0.0,0.0,0.0,0.0,4.0,4.0,0.0,1.0,1.0,2.0,2.0,2.0,2.0,2.0,2.0,2.0,1.0,0.0,1.0,4.0,4.0,0.0,0.0,0.0,0.0,0.0,0.0,0.0,0.0,0.0,0.0,0.0,0.0,0.0,0.0,0.0,0.0,0.0,0.0,0.0,0.0,0.0,0.0,0.0,0.0,0.0,0.0,0.0,0.0,0.0,0.0,0.0,0.0,0.0,0.0,0.0,0.0,0.0,0.0,0.0,0.0,0.0,0.0,15.2,,90.0,0.0,,22.5,17.0,37.5,0.0,216.0,90.0,0.0,-0.09,-0.09,0.0,0.17,0.22,0.13,0.05,-0.09,-0.09,-0.09,-0.09,-0.09,-0.09,0.0,-0.09,-0.09,-0.09,0.0,0.0,0.0,0.0,0.0,0.0,0.0,0.0,0.0,0.0,0.0,0.0,0.0,0.0,0.0,0.0,0.0,0.0,0.0,0.0,0.0,0.0,0.0,0.0,0.0,0.0,0.0,0.0,0.0,0.0,0.0,0.0,0.0,0.0,0.0,0.0,0.0,0.0,0.0,0.0012,0.0,0.0012,7.9,6.9,7.1,6.7,7.4,7.9,8.7,8.9,1320.0,1280.0,1344.0,1240.0,1384.0,1432.0,1456.0,1488.0,0.0,57.0,81.0,11.0,0.0,,,,,0.972047,273.61,1.02,277.012,273.533,275.483,275.8,275.954,276.126,276.326,276.458,277.001,276.851,274.514,277.111,277.32,277.143,277.629,277.702,277.523,277.699,277.964,277.805,278.316,279.048,0.0,0.0,0.0,0.0,0.0,0.0,0.0,0.0,,,,,,,,,,,,,,,,,,,,,,,,,,,,,,,9.999e+20,250.0,10.0,260.0,12.1,,7.0,0.0,1.0,4.0,3.0,0.013,465.0,25.0,30.0,36.0,61.0,2810.0,250.0,250.0,250.0,260.0,273.5,10.0,4.4,6.8,7.2,8.0,8.8,9.2,9.6,10.0,10.4,5.6,10.8,10.8,10.8,11.2,11.2,11.6,11.6,12.0,12.4,12.8,13.6,10.0,2.4,30.0,0.0,0.0,0.0,99.0,0.0,94.0,74.0,11.2,12.8,24.8
2025120607,,,,,,,,,,,,,,,,,,,,,,,,,,,,,,,,,0.515,51.0,,,,,,,,,,,,,,,,,,,,,,,,,,,,,,,,,,,,,,,,,,,,,,,,,,,,,,,,,,,,,,,,,,,,,,,,,,,,,,,,,,,,,,,,,,,,,,,,,,,,,,,,,,,,,,,,,,,,,,,,,,,,,,,,,267.04,0.003,0.0,0.003,0.0,0.005,0.005,0.008,0.01,30.0,10.0,1.0,0.0,0.0,0.0,0.0,0.0,0.0,0.0,,,,,,,,,,,,,,,,,,,,,,,,,,,,,,,,,,,,,,,,,,,,,,,,,,,,,,,,,,,,,,,,,,,,,,,,,8.0,9.0,7620.0,29.0,2186.0,32.0,30.0,42.0,100.0,55.0,66.0,80.0,19.0,21.0,18.0,23.0,24.0,27.0,27.0,0.0,0.0,0.0,0.0,0.0,22.9,560.0,272.26,0.64,,0.0,2.0,0.0,,,,,,,,,,,,,,,,,,,,,,,,,,,,,,,,,,,,,,,,,,,,,,,,,,,,,,14.4,7.2,9.6,10.4,11.6,12.4,12.8,13.2,13.6,13.6,8.8,14.0,14.4,15.2,16.0,16.4,16.8,17.2,17.6,18.4,19.6,21.7022,14.4114,3.28969,81.0,38.0,16.0,2.0,0.0,0.0,0.0,94.0,,,,,,,0.0,0.02,0.09,0.0,0.13,0.16,0.18,0.18,0.19,0.19,0.19,0.19,0.18,0.16,0.0,0.12,0.07,0.03,0.0,0.0,0.0,0.0,0.0,0.0,0.0,0.0,0.0,0.0,0.0,0.0,0.0,0.0,0.0,0.0,0.0,0.0,0.0,0.0,0.0,0.0,0.0,0.0,0.0,0.0,0.0,0.0,0.0,0.0,0.0,0.0,0.0,0.0,0.0,0.0,0.0,0.0,0.0,0.0,0.0,0.0,0.0,4.0,4.0,0.0,1.0,1.0,2.0,2.0,2.0,2.0,2.0,2.0,2.0,1.0,0.0,1.0,4.0,4.0,0.0,0.0,0.0,0.0,0.0,0.0,0.0,0.0,0.0,0.0,0.0,0.0,0.0,0.0,0.0,0.0,0.0,0.0,0.0,0.0,0.0,0.0,0.0,0.0,0.0,0.0,0.0,0.0,0.0,0.0,0.0,0.0,0.0,0.0,0.0,0.0,0.0,0.0,0.0,0.0,0.0,0.0,13.2,,,0.0,,39.5,0.0,37.5,0.0,127.2,90.0,0.0,-0.09,-0.09,0.0,0.08,0.19,0.08,0.05,-0.09,-0.09,-0.09,-0.09,-0.09,-0.09,0.0,-0.09,-0.09,-0.09,0.0,0.0,0.0,0.0,0.0,0.0,0.0,0.0,0.0,0.0,0.0,0.0,0.0,0.0,0.0,0.0,0.0,0.0,0.0,0.0,0.0,0.0,0.0,0.0,0.0,0.0,0.0,0.0,0.0,0.0,0.0,0.0,0.0,0.0,0.0,0.0,0.0,0.0,0.0,0.0,0.0,0.0,7.9,7.0,7.2,6.8,7.6,8.3,8.8,9.0,1320.0,1272.0,1328.0,1240.0,1368.0,1416.0,1440.0,1464.0,0.0,97.0,83.0,11.0,0.0,,,,,,273.78,1.03,,,,,,,,,,,,,,,,,,,,,,,,,,,,,,,,,,,,,,,,,,,,,,,,,,,,,,,,,,,,,9.999e+20,250.0,10.0,260.0,11.4,,,1.0,,,3.0,0.016,465.0,26.0,32.0,38.0,62.0,2046.0,250.0,250.0,250.0,260.0,273.5,10.0,4.4,6.8,7.6,8.4,9.2,9.6,10.0,10.0,10.4,5.6,10.8,10.8,10.8,11.2,11.2,11.6,12.0,12.0,12.4,12.8,13.6,10.0,2.0,29.0,0.0,0.0,0.0,99.0,0.0,95.0,77.0,11.6,12.8,24.4
2025120608,,,,,,,,,,,,,,,,,,,,,,,,,,,,,,,,,0.568,48.0,,,,,,,,,,,,,,,,,,,,,,,,,,,,,,,,,,,,,,,,,,,,,,,,,,,,,,,,,,,,,,,,,,,,,,,,,,,,,,,,,,,,,,,,,,,,,,,,,,,,,,,,,,,,,,,,,,,,,,,,,,,,,,,,,266.84,0.003,0.0,0.003,0.0,0.005,0.008,0.008,0.01,30.0,12.0,1.0,0.0,0.0,0.0,0.0,0.0,0.0,0.0,,,,,,,,,,,,,,,,,,,,,,,,,,,,,,,,,,,,,,,,,,,,,,,,,,,,,,,,,,,,,,,,,,,,,,,,,7.0,9.0,7620.0,62.0,1838.0,48.0,62.0,40.0,100.0,52.0,62.0,76.0,19.0,22.0,19.0,24.0,25.0,27.0,29.0,0.0,0.0,0.0,0.0,0.0,24.3,608.0,272.29,0.69,,0.0,2.0,0.0,,,,,,,,,,,,,,,,,,,,,,,,,,,,,,,,,,,,,,,,,,,,,,,,,,,,,,14.4,7.2,9.6,10.4,11.6,12.0,12.4,12.8,13.6,14.0,8.8,14.0,14.4,14.8,15.6,16.0,16.4,17.2,17.6,18.4,19.2,20.8577,14.4064,3.25809,81.0,37.0,16.0,1.0,0.0,0.0,0.0,94.0,,,,,,,0.0,0.02,0.08,0.0,0.12,0.14,0.15,0.15,0.16,0.15,0.14,0.13,0.11,0.1,0.0,0.06,0.01,0.0,0.0,0.0,0.0,0.0,0.0,0.0,0.0,0.0,0.0,0.0,0.0,0.0,0.0,0.0,0.0,0.0,0.0,0.0,0.0,0.0,0.0,0.0,0.0,0.0,0.0,0.0,0.0,0.0,0.0,0.0,0.0,0.0,0.0,0.0,0.0,0.0,0.0,0.0,0.0,0.0,0.0,0.0,0.0,4.0,4.0,0.0,1.0,1.0,1.0,2.0,2.0,2.0,1.0,1.0,4.0,4.0,0.0,4.0,4.0,0.0,0.0,0.0,0.0,0.0,0.0,0.0,0.0,0.0,0.0,0.0,0.0,0.0,0.0,0.0,0.0,0.0,0.0,0.0,0.0,0.0,0.0,0.0,0.0,0.0,0.0,0.0,0.0,0.0,0.0,0.0,0.0,0.0,0.0,0.0,0.0,0.0,0.0,0.0,0.0,0.0,0.0,0.0,12.4,,,0.0,,39.2,0.0,37.8,0.0,117.2,90.0,0.0,-0.09,-0.09,0.0,0.05,0.12,0.05,0.01,-0.09,-0.09,-0.09,-0.09,-0.09,-0.09,0.0,-0.09,-0.09,0.0,0.0,0.0,0.0,0.0,0.0,0.0,0.0,0.0,0.0,0.0,0.0,0.0,0.0,0.0,0.0,0.0,0.0,0.0,0.0,0.0,0.0,0.0,0.0,0.0,0.0,0.0,0.0,0.0,0.0,0.0,0.0,0.0,0.0,0.0,0.0,0.0,0.0,0.0,0.0,0.0,0.0,0.0012,8.1,7.1,7.3,6.8,7.6,8.5,8.8,9.2,1304.0,1264.0,1312.0,1240.0,1352.0,1400.0,1416.0,1432.0,0.0,93.0,80.0,12.0,0.0,,,,,,273.69,1.15,,,,,,,,,,,,,,,,,,,,,,,,,,,,,,,,,,,,,,,,,,,,,,,,,,,,,,,,,,,,,9.999e+20,260.0,10.0,260.0,11.8,,,0.0,,,3.0,0.03,465.0,27.0,33.0,38.0,59.0,4122.0,260.0,260.0,260.0,260.0,273.2,10.0,4.4,7.2,7.6,8.4,9.2,9.6,10.0,10.4,10.4,6.0,10.8,10.8,10.8,11.2,11.2,11.6,12.0,12.0,12.4,12.8,13.6,10.0,2.0,31.0,0.0,0.0,0.0,99.0,0.0,95.0,77.0,11.6,12.8,24.4
2025120609,,,,,,,,,,,,,,,,,,,,,,,,,,,,,,,,,0.535,42.0,,,,,,,,,,,,,,,,,,,,,,,,,,,,,,,,,,,,,,,,,,,,,,,,,,,,,,,,,,,,,,,,,,,,,,,,,,,,,,,,,,,,,,,,,,,,,,,,,,,,,,,,,,,,,,,,,,,,,,,,,,,,,,,,,266.89,0.003,0.003,0.005,0.0,0.005,0.008,0.01,0.01,31.0,13.0,2.0,0.0,0.0,0.0,0.0,0.0,0.0,0.0,,,,,,,,,,,,,,,,,,,,,,,,,,,,,,,,,,,,,,,,,,,,,,,,,,,,,,,,,,,,,,,,,,,,,,,,,8.0,7.0,7620.0,62.0,1837.0,48.0,62.0,37.0,100.0,47.0,56.0,69.0,19.0,22.0,18.0,25.0,26.0,28.0,28.0,0.0,0.0,0.0,0.0,0.0,24.6,608.0,272.4,0.78,0.0,0.0,3.0,0.0,,,,,,,,,,,,,,,,,,,,,,,,,,,,,,,,,,,,,,,,,,,,,,,,,,,,,9.999e+20,14.0,7.2,9.6,10.4,10.8,11.6,12.0,12.4,13.2,13.6,8.8,14.0,14.4,14.8,15.2,15.6,16.4,16.8,17.6,18.0,18.803,20.2701,14.0131,3.26211,77.0,32.0,16.0,1.0,0.0,0.0,0.0,94.0,,9.999e+20,9.999e+20,9.999e+20,9.999e+20,9.999e+20,0.0,0.02,0.07,0.0,0.1,0.11,0.12,0.13,0.13,0.12,0.11,0.1,0.09,0.08,0.0,0.05,0.0,0.0,0.0,0.0,0.0,0.0,0.0,0.0,0.0,0.0,0.0,0.0,0.0,0.0,0.0,0.0,0.0,0.0,0.0,0.0,0.0,0.0,0.0,0.0,0.0,0.0,0.0,0.0,0.0,0.0,0.0,0.0,0.0,0.0,0.0,0.0,0.0,0.0,0.0,0.0,0.0,0.0,0.0,0.0,0.0,4.0,4.0,0.0,1.0,1.0,1.0,2.0,2.0,2.0,1.0,1.0,4.0,4.0,0.0,4.0,4.0,0.0,0.0,0.0,0.0,0.0,0.0,0.0,0.0,0.0,0.0,0.0,0.0,0.0,0.0,0.0,0.0,0.0,0.0,0.0,0.0,0.0,0.0,0.0,0.0,0.0,0.0,0.0,0.0,0.0,0.0,0.0,0.0,0.0,0.0,0.0,0.0,0.0,0.0,0.0,0.0,0.0,0.0,0.0,11.6,,,0.0,,34.1,0.0,40.9,0.0,2374.0,89.0,0.0,-0.09,-0.09,0.0,0.07,0.15,0.08,0.03,-0.09,-0.09,-0.09,-0.09,-0.09,-0.09,0.0,-0.09,0.0,0.0,0.0,0.0,0.0,0.0,0.0,0.0,0.0,0.0,0.0,0.0,0.0,0.0,0.0,0.0,0.0,0.0,0.0,0.0,0.0,0.0,0.0,0.0,0.0,0.0,0.0,0.0,0.0,0.0,0.0,0.0,0.0,0.0,0.0,0.0,0.0,0.0,0.0,0.0,0.0,0.0012,0.0,0.0012,8.1,7.1,7.3,6.9,7.7,8.6,9.1,9.4,1280.0,1248.0,1288.0,1216.0,1336.0,1384.0,1408.0,1424.0,0.0,96.0,80.0,14.0,0.0,,,,,,273.9,1.27,,,,,,,,,,,,,,,,,,,,,,,,,,,,,,,,,,,,,,,,,,,,,,,,,,,,,,,,,,,,,9.999e+20,260.0,10.0,260.0,10.4,,,0.0,2.0,,3.0,0.04,465.0,27.0,34.0,38.0,55.0,3495.0,260.0,260.0,260.0,260.0,273.2,10.0,4.4,6.8,7.6,8.0,8.4,9.2,9.6,10.0,10.4,6.0,10.4,10.8,10.8,11.2,11.2,11.6,11.6,12.0,12.4,12.4,13.2,10.0,2.0,29.0,0.0,0.0,0.0,99.0,0.0,96.0,73.0,11.2,12.4,25.2
2025120610,,,,,,,,,,,,,,,,,,,,,,,,,,,,,,,,,0.555,34.0,,,,,,,,,,,,,,,,,,,,,,,,,,,,,,,,,,,,,,,,,,,,,,,,,,,,,,,,,,,,,,,,,,,,,,,,,,,,,,,,,,,,,,,,,,,,,,,,,,,,,,,,,,,,,,,,,,,,,,,,,,,,,,,,,266.9,0.003,0.003,0.005,0.0,0.005,0.008,0.01,0.01,32.0,14.0,2.0,0.0,0.0,0.0,0.0,0.0,0.0,0.0,,,,,,,,,,,,,,,,,,,,,,,,,,,,,,,,,,,,,,,,,,,,,,,,,,,,,,,,,,,,,,,,,,,,,,,,,12.0,12.0,7620.0,30.0,1837.0,32.0,30.0,38.0,100.0,47.0,56.0,69.0,21.0,23.0,20.0,25.0,26.0,28.0,29.0,0.0,0.0,0.0,0.0,0.0,25.2,608.0,271.82,0.8,,0.0,3.0,0.0,,,,,,,,,,,,,,,,,,,,,,,,,,,,,,,,,,,,,,,,,,,,,,,,,,,,,,13.6,6.8,9.6,10.4,10.8,11.6,12.0,12.4,13.2,13.6,8.4,13.6,14.0,14.4,14.4,15.2,15.6,16.4,17.2,17.6,18.0898,19.5704,13.6151,2.87035,77.0,27.0,10.0,1.0,0.0,0.0,0.0,93.0,,,,,,,,,,,,,,,,,,,,,,,,,,,,,,,,,,,,,,,,,,,,,,,,,,,,,,,,,,,,,,,,,,,,,,,,,,,,,,,,,,,,,,,,,,,,,,,,,,,,,,,,,,,,,,,,,,,,,,,,,,,,,,,12.4,,,0.0,,17.2,17.0,40.9,0.0,88888.0,87.0,,,,,,,,,,,,,,,,,,,,,,,,,,,,,,,,,,,,,,,,,,,,,,,,,,,,,,,,,,,,,8.1,7.1,7.4,6.9,7.9,8.6,9.2,9.5,1280.0,1224.0,1280.0,1208.0,1320.0,1360.0,1392.0,1408.0,0.0,91.0,77.0,15.0,0.0,,,,,,273.95,1.27,,,,,,,,,,,,,,,,,,,,,,,,,,,,,,,,,,,,,,,,,,,,,,,,,,,,,,,,,,,,,9.999e+20,250.0,10.0,260.0,9.8,,,0.0,,,3.0,0.026,465.0,25.0,31.0,36.0,55.0,1507.0,250.0,250.0,250.0,260.0,272.8,10.0,4.0,6.4,7.6,8.4,8.8,8.8,9.2,10.0,10.4,5.6,10.4,10.8,10.8,10.8,11.2,11.2,11.6,11.6,12.0,12.4,13.2,10.0,2.0,23.0,0.0,0.0,0.0,99.0,0.0,94.0,73.0,11.2,12.4,23.6
2025120611,,,,,,,,,,,,,,,,,,,,,,,,,,,,,,,,,0.485,29.0,,,,,,,,,,,,,,,,,,,,,,,,,,,,,,,,,,,,,,,,,,,,,,,,,,,,,,,,,,,,,,,,,,,,,,,,,,,,,,,,,,,,,,,,,,,,,,,,,,,,,,,,,,,,,,,,,,,,,,,,,,,,,,,,,266.66,0.003,0.003,0.005,0.0,0.005,0.005,0.008,0.01,32.0,9.0,1.0,0.0,0.0,0.0,0.0,0.0,0.0,0.0,,,,,,,,,,,,,,,,,,,,,,,,,,,,,,,,,,,,,,,,,,,,,,,,,,,,,,,,,,,,,,,,,,,,,,,,,8.0,7.0,7620.0,30.0,1837.0,32.0,30.0,39.0,100.0,47.0,54.0,66.0,21.0,23.0,20.0,26.0,27.0,29.0,30.0,0.0,0.0,0.0,0.0,0.0,26.1,608.0,271.96,0.76,,0.0,3.0,0.0,,,,,,,,,,,,,,,,,,,,,,,,,,,,,,,,,,,,,,,,,,,,,,,,,,,,,,13.2,6.8,9.6,10.4,10.8,11.2,11.6,12.4,12.8,13.6,8.0,13.6,13.6,14.0,14.4,14.8,15.6,16.0,16.4,16.8,17.3827,18.5622,13.2253,2.91542,75.0,25.0,5.0,0.0,0.0,0.0,0.0,92.0,,,,,,,,,,,,,,,,,,,,,,,,,,,,,,,,,,,,,,,,,,,,,,,,,,,,,,,,,,,,,,,,,,,,,,,,,,,,,,,,,,,,,,,,,,,,,,,,,,,,,,,,,,,,,,,,,,,,,,,,,,,,,,,11.2,,,0.0,,17.2,17.0,40.9,0.0,88888.0,87.0,,,,,,,,,,,,,,,,,,,,,,,,,,,,,,,,,,,,,,,,,,,,,,,,,,,,,,,,,,,,,8.3,7.1,7.4,6.9,8.1,8.8,9.3,9.6,1248.0,1200.0,1264.0,1184.0,1296.0,1344.0,1376.0,1392.0,0.0,95.0,79.0,15.0,0.0,,,,,,273.65,1.25,,,,,,,,,,,,,,,,,,,,,,,,,,,,,,,,,,,,,,,,,,,,,,,,,,,,,,,,,,,,,9.999e+20,250.0,10.0,260.0,9.8,,,0.0,,,3.0,0.019,465.0,24.0,28.0,33.0,55.0,2224.0,250.0,250.0,250.0,260.0,272.8,10.0,4.0,6.4,7.6,8.4,8.4,8.8,9.6,10.0,10.4,5.6,10.4,10.8,10.8,10.8,10.8,11.2,11.6,11.6,12.0,12.4,12.8,9.6,2.0,22.0,0.0,0.0,0.0,99.0,0.0,94.0,72.0,11.2,12.4,22.0
2025120612,6.449,0.0,1.159,1.819,2.631,3.232,3.816,4.451,5.005,5.577,0.104,6.158,6.722,7.249,7.848,8.448,9.056,9.754,10.641,11.63,13.563,18.93,94.0,0.0,7.0,0.0,1.0,81.0,0.0,0.0,48.0,0.0,0.585,23.0,14.778,0.177,4.075,5.465,7.318,8.87,10.125,11.416,12.516,13.738,2.227,14.666,15.666,16.684,17.687,18.654,19.752,21.122,22.824,24.766,28.695,35.957,99.0,0.0,59.0,0.0,0.0,0.0,9.0,0.0,83.0,0.0,,,,,,,,,,,,,,,,,,,,,,,,,,,,,,,,,1.524,0.0,0.416,0.793,1.214,1.609,1.942,2.259,2.531,2.797,0.0,3.025,3.291,3.589,3.893,4.23,4.569,4.937,5.402,6.001,7.401,11.464,88.0,0.0,0.0,60.0,0.0,0.0,0.0,8.0,0.0,0.0,,,,,,,,,,,,,,,,,,,,,,,,,,,,,,,,,266.78,0.003,0.003,0.003,0.0,0.005,0.005,0.008,0.008,33.0,6.0,1.0,0.0,0.0,0.0,0.0,0.0,0.0,0.0,,,,,,,,,,,,,,,,,,,,,,,,,,,,,,,,,,,,,0.01,0.015,0.023,0.005,0.036,0.043,0.053,0.064,34.0,26.0,6.0,1.0,0.0,0.0,0.0,0.0,0.0,0.0,,,,,,,,,,,,,,,,,,,9.0,10.0,7620.0,30.0,1834.0,32.0,30.0,42.0,100.0,50.0,57.0,68.0,21.0,23.0,20.0,25.0,27.0,29.0,31.0,0.0,0.0,0.0,0.0,0.0,26.0,608.0,271.63,0.83,0.0,0.0,2.0,0.0,,,,,,,,,,,,,,,,,,,,,,,,,,0.0,0.0,0.0,0.0,0.0,0.0,0.0,0.0,0.0,0.0,0.0,0.0,0.0,,,,,,,,,,,,,,14.0,9.999e+20,12.8,6.0,8.8,10.0,10.4,10.8,11.6,12.0,12.0,12.8,7.6,13.2,13.6,13.6,14.0,14.0,14.8,15.2,15.6,16.0,16.6078,18.2767,12.8299,2.93325,70.0,19.0,3.0,0.0,0.0,0.0,0.0,90.0,2.0,9.999e+20,9.999e+20,9.999e+20,9.999e+20,9.999e+20,,,,,,,,,,,,,,,,,,,,,,,,,,,,,,,,,,,,,,,,,,,,,,,,,,,,,,,,,,,,,,,,,,,,,,,,,,,,,,,,,,,,,,,,,,,,,,,,,,,,,,,,,,,,,,,,,,,,,,,,,12.4,,,0.0,8.0,17.2,17.0,24.9,0.0,88888.0,87.0,,,,,,,,,,,,,,,,,,,,,,,,,,,,,,,,,,,,,,,,,,,,,,,,,,,,,,,,,,,,,8.6,7.2,7.5,7.0,8.2,9.0,9.6,9.9,1232.0,1184.0,1240.0,1160.0,1280.0,1328.0,1368.0,1376.0,0.0,95.0,82.0,16.0,0.0,,,272.75,1.42,,273.57,1.19,,,,,,,,,,,,,,,,,,,,,,,,,,,,,,,,,,,,,,,,,,,,,,,,,,,,,,,,,,,,,9.999e+20,250.0,9.6,260.0,9.7,,10.0,0.0,1.0,5.0,3.0,0.057,465.0,24.0,29.0,35.0,54.0,2243.0,250.0,250.0,250.0,260.0,272.8,9.6,3.6,6.4,7.2,7.6,8.0,8.4,9.2,9.2,9.6,5.2,10.0,10.4,10.8,10.8,10.8,11.2,11.2,11.6,11.6,12.0,12.8,9.6,2.0,20.0,0.0,0.0,0.0,99.0,0.0,92.0,69.0,10.8,12.0,21.6
2025120613,,,,,,,,,,,,,,,,,,,,,,,,,,,,,,,,,0.484,23.0,,,,,,,,,,,,,,,,,,,,,,,,,,,,,,,,,,,,,,,,,,,,,,,,,,,,,,,,,,,,,,,,,,,,,,,,,,,,,,,,,,,,,,,,,,,,,,,,,,,,,,,,,,,,,,,,,,,,,,,,,,,,,,,,,266.49,0.0,0.003,0.003,0.0,0.003,0.005,0.005,0.008,32.0,3.0,0.0,0.0,0.0,0.0,0.0,0.0,0.0,0.0,,,,,,,,,,,,,,,,,,,,,,,,,,,,,,,,,,,,,,,,,,,,,,,,,,,,,,,,,,,,,,,,,,,,,,,,,7.0,7.0,7620.0,30.0,2941.0,32.0,30.0,40.0,100.0,47.0,54.0,64.0,21.0,22.0,21.0,25.0,27.0,28.0,30.0,0.0,0.0,0.0,0.0,0.0,25.8,608.0,271.45,0.77,,0.0,2.0,0.0,,,,,,,,,,,,,,,,,,,,,,,,,,,,,,,,,,,,,,,,,,,,,,,,,,,,,,12.9,6.4,9.2,10.4,10.8,11.2,11.6,12.0,12.8,13.2,8.0,13.6,13.6,14.0,14.0,14.4,14.8,15.2,15.2,15.7142,16.4554,17.48,12.8621,2.57078,73.0,14.0,1.0,0.0,0.0,0.0,0.0,91.0,,,,,,,,,,,,,,,,,,,,,,,,,,,,,,,,,,,,,,,,,,,,,,,,,,,,,,,,,,,,,,,,,,,,,,,,,,,,,,,,,,,,,,,,,,,,,,,,,,,,,,,,,,,,,,,,,,,,,,,,,,,,,,,11.6,,,0.0,,17.2,17.0,24.7,0.0,2301.2,87.0,,,,,,,,,,,,,,,,,,,,,,,,,,,,,,,,,,,,,,,,,,,,,,,,,,,,,,,,,,,,,8.6,7.5,7.7,7.4,8.4,9.1,9.6,10.0,1184.0,1168.0,1224.0,1144.0,1256.0,1304.0,1344.0,1352.0,0.0,57.0,85.0,9.0,0.0,,,,,,273.41,1.15,,,,,,,,,,,,,,,,,,,,,,,,,,,,,,,,,,,,,,,,,,,,,,,,,,,,,,,,,,,,,9.999e+20,230.0,9.6,250.0,9.7,,,0.0,,,3.0,0.043,465.0,22.0,27.0,31.0,51.0,2329.0,230.0,230.0,230.0,250.0,272.7,9.6,4.0,6.8,7.6,8.0,8.4,8.8,9.2,9.6,10.0,5.6,10.4,10.8,10.8,11.2,11.2,11.2,11.2,11.6,11.6,12.0,12.4,9.6,2.0,23.0,0.0,0.0,0.0,99.0,0.0,94.0,71.0,10.8,12.4,20.8
2025120614,,,,,,,,,,,,,,,,,,,,,,,,,,,,,,,,,0.394,22.0,,,,,,,,,,,,,,,,,,,,,,,,,,,,,,,,,,,,,,,,,,,,,,,,,,,,,,,,,,,,,,,,,,,,,,,,,,,,,,,,,,,,,,,,,,,,,,,,,,,,,,,,,,,,,,,,,,,,,,,,,,,,,,,,,265.96,0.0,0.0,0.003,0.0,0.003,0.003,0.005,0.005,30.0,2.0,0.0,0.0,0.0,0.0,0.0,0.0,0.0,0.0,,,,,,,,,,,,,,,,,,,,,,,,,,,,,,,,,,,,,,,,,,,,,,,,,,,,,,,,,,,,,,,,,,,,,,,,,9.0,8.0,7620.0,32.0,2519.0,32.0,32.0,40.0,100.0,45.0,51.0,60.0,21.0,22.0,20.0,23.0,26.0,27.0,27.0,0.0,0.0,0.0,0.0,0.0,24.8,0.0,271.59,0.78,,0.0,2.0,0.0,,,,,,,,,,,,,,,,,,,,,,,,,,,,,,,,,,,,,,,,,,,,,,,,,,,,,,12.5,5.6,8.8,10.0,10.4,10.8,11.2,11.6,12.0,12.8,7.2,13.2,13.6,14.0,14.0,14.4,14.5218,14.9554,15.0686,15.5803,16.1299,17.1048,12.4972,2.58669,71.0,11.0,1.0,0.0,0.0,0.0,0.0,90.0,,,,,,,,,,,,,,,,,,,,,,,,,,,,,,,,,,,,,,,,,,,,,,,,,,,,,,,,,,,,,,,,,,,,,,,,,,,,,,,,,,,,,,,,,,,,,,,,,,,,,,,,,,,,,,,,,,,,,,,,,,,,,,,12.0,,,0.0,,17.0,0.0,41.9,17.0,88888.0,89.0,,,,,,,,,,,,,,,,,,,,,,,,,,,,,,,,,,,,,,,,,,,,,,,,,,,,,,,,,,,,,8.7,7.7,8.0,7.6,8.5,9.1,9.6,9.9,1168.0,1168.0,1200.0,1144.0,1248.0,1288.0,1320.0,1328.0,0.0,57.0,75.0,15.0,0.0,,,,,,273.22,1.28,,,,,,,,,,,,,,,,,,,,,,,,,,,,,,,,,,,,,,,,,,,,,,,,,,,,,,,,,,,,,9.999e+20,220.0,9.6,250.0,9.4,,,1.0,,,3.0,0.028,201.0,21.0,24.0,28.0,43.0,2329.0,220.0,220.0,220.0,0.0,272.4,9.6,3.2,6.4,7.2,8.0,8.4,8.4,8.8,9.2,9.6,5.2,10.0,10.4,10.8,11.2,11.2,11.2,11.2,11.6,11.6,12.0,12.4,9.6,2.0,22.0,0.0,0.0,0.0,98.0,0.0,93.0,70.0,10.8,12.0,0.0
2025120615,,,,,,,,,,,,,,,,,,,,,,,,,,,,,,,,,0.349,23.0,,,,,,,,,,,,,,,,,,,,,,,,,,,,,,,,,,,,,,,,,,,,,,,,,,,,,,,,,,,,,,,,,,,,,,,,,,,,,,,,,,,,,,,,,,,,,,,,,,,,,,,,,,,,,,,,,,,,,,,,,,,,,,,,,266.21,0.0,0.0,0.0,0.0,0.003,0.003,0.005,0.005,23.0,1.0,0.0,0.0,0.0,0.0,0.0,0.0,0.0,0.0,,,,,,,,,,,,,,,,,,,,,,,,,,,,,,,,,,,,,,,,,,,,,,,,,,,,,,,,,,,,,,,,,,,,,,,,,6.0,9.0,7620.0,32.0,2512.0,32.0,32.0,37.0,100.0,44.0,50.0,59.0,20.0,21.0,19.0,22.0,25.0,27.0,27.0,0.0,0.0,0.0,0.0,0.0,24.0,0.0,271.55,0.77,0.0,0.0,2.0,0.0,,,,,,,,,,,,,,,,,,,,,,,,,,,,,,,,,,,,,,,,,,,,,,,,,,,,,9.999e+20,12.1,4.4,8.0,9.2,9.6,10.4,10.8,11.2,11.6,12.0,6.4,12.0,12.409,13.2208,13.6389,14.0645,14.0974,14.1439,14.612,14.7731,15.3794,16.407,11.7408,2.70199,61.0,5.0,0.0,0.0,0.0,0.0,0.0,86.0,,9.999e+20,9.999e+20,9.999e+20,9.999e+20,9.999e+20,,,,,,,,,,,,,,,,,,,,,,,,,,,,,,,,,,,,,,,,,,,,,,,,,,,,,,,,,,,,,,,,,,,,,,,,,,,,,,,,,,,,,,,,,,,,,,,,,,,,,,,,,,,,,,,,,,,,,,,,,11.2,,,0.0,,3.0,0.0,41.9,17.0,613.2,91.0,,,,,,,,,,,,,,,,,,,,,,,,,,,,,,,,,,,,,,,,,,,,,,,,,,,,,,,,,,,,,8.8,7.9,8.1,7.8,8.6,9.3,9.7,10.1,1184.0,1144.0,1176.0,1120.0,1232.0,1272.0,1304.0,1312.0,0.0,57.0,81.0,13.0,0.0,,,,,,272.71,1.19,,,,,,,,,,,,,,,,,,,,,,,,,,,,,,,,,,,,,,,,,,,,,,,,,,,,,,,,,,,,,9.999e+20,240.0,8.8,250.0,9.0,,,1.0,2.0,,3.0,0.015,457.0,19.0,21.0,24.0,36.0,2334.0,240.0,240.0,240.0,0.0,272.5,8.8,2.4,5.6,6.4,6.8,7.2,7.6,8.0,8.8,8.8,4.4,9.2,9.2,10.0,10.4,10.4,10.8,11.2,11.2,11.2,11.6,12.0,8.8,2.4,10.0,0.0,0.0,0.0,97.0,0.0,89.0,58.0,10.0,11.2,0.0
2025120616,,,,,,,,,,,,,,,,,,,,,,,,,,,,,,,,,0.36,19.0,,,,,,,,,,,,,,,,,,,,,,,,,,,,,,,,,,,,,,,,,,,,,,,,,,,,,,,,,,,,,,,,,,,,,,,,,,,,,,,,,,,,,,,,,,,,,,,,,,,,,,,,,,,,,,,,,,,,,,,,,,,,,,,,,265.99,0.0,0.0,0.0,0.0,0.003,0.003,0.005,0.005,23.0,1.0,0.0,0.0,0.0,0.0,0.0,0.0,0.0,0.0,,,,,,,,,,,,,,,,,,,,,,,,,,,,,,,,,,,,,,,,,,,,,,,,,,,,,,,,,,,,,,,,,,,,,,,,,9.0,8.0,7620.0,32.0,2935.0,32.0,32.0,34.0,100.0,42.0,48.0,58.0,20.0,21.0,18.0,23.0,24.0,26.0,28.0,0.0,0.0,0.0,0.0,0.0,24.2,0.0,271.06,0.7,,1.0,1.0,0.0,,,,,,,,,,,,,,,,,,,,,,,,,,,,,,,,,,,,,,,,,,,,,,,,,,,,,,12.1,4.0,8.0,8.8,9.6,10.4,10.8,11.2,11.2,12.0,6.0,12.8,13.2,13.6,14.0662,14.1018,14.5232,14.5524,14.6281,14.7183,15.1244,16.1924,12.1313,3.09152,59.0,3.0,0.0,0.0,0.0,0.0,0.0,86.0,,,,,,,,,,,,,,,,,,,,,,,,,,,,,,,,,,,,,,,,,,,,,,,,,,,,,,,,,,,,,,,,,,,,,,,,,,,,,,,,,,,,,,,,,,,,,,,,,,,,,,,,,,,,,,,,,,,,,,,,,,,,,,,12.4,,,0.0,,3.0,0.0,41.9,17.0,1163.2,90.0,,,,,,,,,,,,,,,,,,,,,,,,,,,,,,,,,,,,,,,,,,,,,,,,,,,,,,,,,,,,,8.9,8.1,8.3,8.1,8.7,9.4,9.9,10.0,1168.0,1144.0,1176.0,1136.0,1232.0,1264.0,1296.0,1304.0,0.0,57.0,67.0,22.0,0.0,,,,,,272.65,1.11,,,,,,,,,,,,,,,,,,,,,,,,,,,,,,,,,,,,,,,,,,,,,,,,,,,,,,,,,,,,,9.999e+20,230.0,9.2,250.0,8.9,,,1.0,,,3.0,0.033,457.0,15.0,18.0,20.0,30.0,3075.0,230.0,230.0,230.0,0.0,272.3,9.2,2.4,5.2,6.0,6.8,7.6,8.0,8.0,8.4,9.2,4.4,9.6,10.0,10.4,10.8,11.2,11.2,11.2,11.2,11.6,11.6,12.4,8.80849,2.44947,17.0,0.0,0.0,0.0,97.0,0.0,88.0,57.0,10.4,11.2,0.0
2025120617,,,,,,,,,,,,,,,,,,,,,,,,,,,,,,,,,0.315,28.0,,,,,,,,,,,,,,,,,,,,,,,,,,,,,,,,,,,,,,,,,,,,,,,,,,,,,,,,,,,,,,,,,,,,,,,,,,,,,,,,,,,,,,,,,,,,,,,,,,,,,,,,,,,,,,,,,,,,,,,,,,,,,,,,,266.17,0.003,0.0,0.003,0.0,0.003,0.003,0.005,0.005,28.0,2.0,0.0,0.0,0.0,0.0,0.0,0.0,0.0,0.0,,,,,,,,,,,,,,,,,,,,,,,,,,,,,,,,,,,,,,,,,,,,,,,,,,,,,,,,,,,,,,,,,,,,,,,,,8.0,11.0,7620.0,32.0,3926.0,32.0,32.0,29.0,99.0,38.0,48.0,56.0,20.0,22.0,18.0,23.0,25.0,26.0,28.0,0.0,0.0,0.0,0.0,0.0,24.6,0.0,271.22,0.77,,46.0,1.0,0.0,,,,,,,,,,,,,,,,,,,,,,,,,,,,,,,,,,,,,,,,,,,,,,,,,,,,,,11.0,4.0,6.8,7.6,8.4,9.2,9.2,10.0,10.4,11.2,6.0,11.6,12.0,12.4,12.8881,12.9384,13.3617,13.8939,14.3595,14.5046,14.6663,15.9248,10.963,3.08399,52.0,2.0,0.0,0.0,0.0,0.0,0.0,76.0,,,,,,,,,,,,,,,,,,,,,,,,,,,,,,,,,,,,,,,,,,,,,,,,,,,,,,,,,,,,,,,,,,,,,,,,,,,,,,,,,,,,,,,,,,,,,,,,,,,,,,,,,,,,,,,,,,,,,,,,,,,,,,,6.4,,,0.0,,3.0,0.0,40.9,0.0,88888.0,90.0,,,,,,,,,,,,,,,,,,,,,,,,,,,,,,,,,,,,,,,,,,,,,,,,,,,,,,,,,,,,,8.9,8.3,8.5,8.2,8.8,9.5,9.9,10.2,1152.0,1144.0,1168.0,1136.0,1224.0,1256.0,1280.0,1296.0,0.0,57.0,60.0,25.0,0.0,,,,,,272.53,1.0,,,,,,,,,,,,,,,,,,,,,,,,,,,,,,,,,,,,,,,,,,,,,,,,,,,,,,,,,,,,,9.999e+20,230.0,8.0,250.0,8.1,,,1.0,,,3.0,0.014,457.0,13.0,15.0,17.0,26.0,3527.0,230.0,230.0,230.0,0.0,272.4,8.0,2.4,4.4,5.2,5.6,6.4,6.4,7.2,7.6,8.0,3.6,8.4,8.8,9.2,9.6,10.0,10.4,10.8,10.8,11.2,11.2,12.0,8.0,2.4,5.0,0.0,0.0,0.0,94.0,0.0,82.0,47.0,9.2,10.4,0.0
2025120618,4.546,0.0,0.455,0.999,1.493,2.057,2.677,3.167,3.607,4.049,0.026,4.46,4.798,5.14,5.489,5.894,6.3,6.801,7.506,8.412,9.825,14.676,92.0,0.0,2.0,0.0,0.0,71.0,0.0,0.0,24.0,0.0,0.287,26.0,11.813,0.0,1.611,2.66,4.055,5.689,7.302,8.648,9.753,10.891,0.568,11.901,12.921,13.761,14.73,15.729,16.96,18.053,19.519,21.299,24.155,30.38,96.0,0.0,46.0,0.0,0.0,0.0,4.0,0.0,73.0,0.0,,,,,,,,,,,,,,,,,,,,,,,,,,,,,,,,,1.016,0.0,0.0,0.0,0.105,0.277,0.469,0.646,0.838,0.999,0.0,1.201,1.375,1.543,1.725,1.92,2.141,2.471,2.856,3.312,4.182,6.254,65.0,0.0,0.0,19.0,0.0,0.0,0.0,1.0,0.0,0.0,,,,,,,,,,,,,,,,,,,,,,,,,,,,,,,,,266.81,0.003,0.0,0.003,0.0,0.003,0.005,0.005,0.008,29.0,3.0,0.0,0.0,0.0,0.0,0.0,0.0,0.0,0.0,0.023,0.025,0.046,0.008,0.066,0.076,0.099,0.109,38.0,32.0,26.0,5.0,1.0,0.0,0.0,0.0,0.0,0.0,,,,,,,,,,,,,,,,,,,0.005,0.0,0.005,0.0,0.01,0.015,0.025,0.03,35.0,4.0,1.0,0.0,0.0,0.0,0.0,0.0,0.0,0.0,,,,,,,,,,,,,,,,,,,9.0,20.0,7620.0,65.0,3928.0,48.0,64.0,19.0,89.0,29.0,40.0,50.0,19.0,22.0,19.0,23.0,25.0,27.0,28.0,0.0,0.0,0.0,0.0,0.0,25.0,0.0,271.48,0.65,0.0,115.0,2.0,0.0,0.025,0.0,0.0,0.0,0.0,0.0,0.0,0.0,0.0,0.0,0.0,0.0,0.0,,,,,,,,,,,,,0.025,0.0,0.0,0.0,0.0,0.0,0.0,0.0,0.0,0.0,0.0,0.0,0.0,,,,,,,,,,,,,,14.0,9.999e+20,9.9,2.8,6.0,6.8,7.2,8.0,8.0,8.8,9.2,9.6,5.2,10.0,10.4,10.8837,11.4076,11.4356,11.8973,12.0503,12.5901,13.5767,14.2156,15.2425,9.85179,2.7375,34.0,1.0,0.0,0.0,0.0,0.0,0.0,64.0,2.0,9.999e+20,9.999e+20,9.999e+20,9.999e+20,9.999e+20,,,,,,,,,,,,,,,,,,,,,,,,,,,,,,,,,,,,,,,,,,,,,,,,,,,,,,,,,,,,,,,,,,,,,,,,,,,,,,,,,,,,,,,,,,,,,,,,,,,,,,,,,,,,,,,,,,,,,,,,,10.4,91.0,,0.0,,3.0,17.0,53.9,0.0,4048.0,90.0,,,,,,,,,,,,,,,,,,,,,,,,,,,,,,,,,,,,,,,,,,,,,,,,,,,,,,,,,,,,,9.0,8.5,8.6,8.3,9.0,9.5,9.9,10.2,1168.0,1144.0,1176.0,1112.0,1216.0,1256.0,1280.0,1296.0,0.0,57.0,65.0,23.0,0.0,,,,,1.05391,272.88,0.99,,,,,,,,,,,,,,,,,,,,,,,,,,,,,,,273.084,271.291,271.941,271.921,272.09,272.314,272.182,272.681,272.503,273.102,271.375,273.275,273.216,273.5,273.373,273.596,273.827,273.931,273.807,274.081,274.066,275.229,0.0,0.0,0.0,0.0,0.0,1.0,50.0,0.0,9.999e+20,230.0,6.8,240.0,8.6,20.0,10.0,1.0,2.0,4.0,3.0,0.073,457.0,11.0,13.0,15.0,23.0,4331.0,230.0,230.0,230.0,0.0,272.6,6.8,1.6,3.6,4.0,4.8,5.2,5.6,6.0,6.4,6.8,3.2,7.2,7.2,7.6,8.0,8.4,8.4,8.8,9.2,9.6,10.4,11.3349,6.80595,2.44193,1.0,0.0,0.0,0.0,91.0,0.0,66.0,23.0,7.6,8.4,0.0
2025120619,,,,,,,,,,,,,,,,,,,,,,,,,,,,,,,,,0.309,27.0,,,,,,,,,,,,,,,,,,,,,,,,,,,,,,,,,,,,,,,,,,,,,,,,,,,,,,,,,,,,,,,,,,,,,,,,,,,,,,,,,,,,,,,,,,,,,,,,,,,,,,,,,,,,,,,,,,,,,,,,,,,,,,,,,267.57,0.0,0.0,0.003,0.0,0.003,0.005,0.008,0.01,28.0,6.0,1.0,0.0,0.0,0.0,0.0,0.0,0.0,0.0,,,,,,,,,,,,,,,,,,,,,,,,,,,,,,,,,,,,,,,,,,,,,,,,,,,,,,,,,,,,,,,,,,,,,,,,,22.0,24.0,7620.0,401.0,3002.0,216.0,400.0,13.0,88.0,23.0,36.0,48.0,20.0,22.0,19.0,23.0,25.0,26.0,27.0,0.0,0.0,0.0,0.0,0.0,24.0,0.0,271.93,0.91,,126.0,1.0,0.0,,,,,,,,,,,,,,,,,,,,,,,,,,,,,,,,,,,,,,,,,,,,,,,,,,,,,,9.6,2.8,5.6,6.4,6.8,7.2,7.6,8.0,8.8,9.2,4.8,9.6,10.0,10.2815,11.127,11.6246,11.7326,11.8717,12.439,13.359,14.199,15.7575,9.57465,3.1465,32.0,2.0,0.0,0.0,0.0,0.0,0.0,59.0,,,,,,,,,,,,,,,,,,,,,,,,,,,,,,,,,,,,,,,,,,,,,,,,,,,,,,,,,,,,,,,,,,,,,,,,,,,,,,,,,,,,,,,,,,,,,,,,,,,,,,,,,,,,,,,,,,,,,,,,,,,,,,,16.4,,,56.0,,17.0,17.0,40.1,0.0,88888.0,90.0,,,,,,,,,,,,,,,,,,,,,,,,,,,,,,,,,,,,,,,,,,,,,,,,,,,,,,,,,,,,,9.2,8.4,8.6,8.3,9.0,9.5,10.0,10.2,1176.0,1152.0,1176.0,1128.0,1224.0,1248.0,1280.0,1296.0,0.0,57.0,65.0,22.0,0.0,,,,,,273.12,0.91,,,,,,,,,,,,,,,,,,,,,,,,,,,,,,,,,,,,,,,,,,,,,,,,,,,,,,,,,,,,,9.999e+20,240.0,6.8,260.0,10.3,,,1.0,,,3.0,0.023,457.0,12.0,13.0,14.0,21.0,5826.0,240.0,240.0,240.0,0.0,273.2,6.8,1.2,3.2,4.0,4.0,4.8,4.8,5.2,6.0,6.4,2.8,6.8,7.2,7.6,8.0,8.4,8.4,8.8,9.2,9.6,10.8,11.2993,6.80335,2.42524,1.0,0.0,0.0,0.0,87.0,0.0,63.0,22.0,7.6,8.4,0.0
2025120620,,,,,,,,,,,,,,,,,,,,,,,,,,,,,,,,,0.304,31.0,,,,,,,,,,,,,,,,,,,,,,,,,,,,,,,,,,,,,,,,,,,,,,,,,,,,,,,,,,,,,,,,,,,,,,,,,,,,,,,,,,,,,,,,,,,,,,,,,,,,,,,,,,,,,,,,,,,,,,,,,,,,,,,,,267.59,0.003,0.0,0.0,0.0,0.003,0.005,0.008,0.01,27.0,6.0,2.0,0.0,0.0,0.0,0.0,0.0,0.0,0.0,,,,,,,,,,,,,,,,,,,,,,,,,,,,,,,,,,,,,,,,,,,,,,,,,,,,,,,,,,,,,,,,,,,,,,,,,30.0,27.0,7620.0,401.0,2180.0,216.0,400.0,10.0,87.0,22.0,37.0,49.0,19.0,21.0,17.0,23.0,25.0,26.0,27.0,0.0,0.0,0.0,0.0,0.0,23.3,0.0,271.65,1.19,,117.0,2.0,0.0,,,,,,,,,,,,,,,,,,,,,,,,,,,,,,,,,,,,,,,,,,,,,,,,,,,,,,8.9,2.4,4.8,5.6,6.0,6.4,6.8,7.2,8.0,8.4,3.6,8.94429,9.41661,9.93114,10.4431,10.9377,11.0157,11.5564,12.1597,13.171,13.723,15.0713,8.86834,3.17356,22.0,1.0,0.0,0.0,0.0,0.0,0.0,54.0,,,,,,,,,,,,,,,,,,,,,,,,,,,,,,,,,,,,,,,,,,,,,,,,,,,,,,,,,,,,,,,,,,,,,,,,,,,,,,,,,,,,,,,,,,,,,,,,,,,,,,,,,,,,,,,,,,,,,,,,,,,,,,,14.0,,,88.0,,3.0,17.0,37.1,0.0,15.2,90.0,,,,,,,,,,,,,,,,,,,,,,,,,,,,,,,,,,,,,,,,,,,,,,,,,,,,,,,,,,,,,9.3,8.3,8.6,8.1,9.0,9.4,10.1,10.3,1168.0,1152.0,1184.0,1112.0,1224.0,1248.0,1288.0,1320.0,0.0,78.0,73.0,15.0,0.0,,,,,,273.19,1.17,,,,,,,,,,,,,,,,,,,,,,,,,,,,,,,,,,,,,,,,,,,,,,,,,,,,,,,,,,,,,9.999e+20,240.0,6.0,260.0,10.8,,,1.0,,,3.0,0.046,457.0,11.0,12.0,13.0,20.0,6511.0,240.0,240.0,240.0,0.0,273.4,6.0,0.8,2.8,3.2,3.6,4.0,4.4,4.8,5.2,5.6,1.6,6.4,6.4,7.2,7.6,7.6,8.0,8.4,8.8,9.6,10.4,11.2041,6.02429,2.48845,1.0,0.0,0.0,0.0,80.0,0.0,56.0,18.0,6.8,7.6,0.0
2025120621,,,,,,,,,,,,,,,,,,,,,,,,,,,,,,,,,0.324,31.0,,,,,,,,,,,,,,,,,,,,,,,,,,,,,,,,,,,,,,,,,,,,,,,,,,,,,,,,,,,,,,,,,,,,,,,,,,,,,,,,,,,,,,,,,,,,,,,,,,,,,,,,,,,,,,,,,,,,,,,,,,,,,,,,,267.88,0.0,0.0,0.0,0.0,0.003,0.005,0.008,0.01,25.0,7.0,2.0,0.0,0.0,0.0,0.0,0.0,0.0,0.0,,,,,,,,,,,,,,,,,,,,,,,,,,,,,,,,,,,,,,,,,,,,,,,,,,,,,,,,,,,,,,,,,,,,,,,,,30.0,32.0,7620.0,401.0,2178.0,216.0,400.0,8.0,86.0,20.0,35.0,49.0,16.0,22.0,16.0,23.0,25.0,26.0,27.0,0.0,0.0,0.0,0.0,0.0,23.4,0.0,271.82,1.49,0.0,109.0,2.0,0.0,,,,,,,,,,,,,,,,,,,,,,,,,,,,,,,,,,,,,,,,,,,,,,,,,,,,,9.999e+20,8.2,2.0,3.6,4.4,5.2,5.6,6.0,6.8,7.2,7.77781,2.8,7.88656,8.36509,8.87348,9.37255,9.87333,10.4181,10.5954,11.5941,12.1715,13.5425,14.4285,8.18049,3.18672,17.0,1.0,0.0,0.0,0.0,0.0,0.0,43.0,,9.999e+20,9.999e+20,9.999e+20,9.999e+20,9.999e+20,,,,,,,,,,,,,,,,,,,,,,,,,,,,,,,,,,,,,,,,,,,,,,,,,,,,,,,,,,,,,,,,,,,,,,,,,,,,,,,,,,,,,,,,,,,,,,,,,,,,,,,,,,,,,,,,,,,,,,,,,6.4,,,40.0,,3.8,0.0,40.4,17.0,88888.0,90.0,,,,,,,,,,,,,,,,,,,,,,,,,,,,,,,,,,,,,,,,,,,,,,,,,,,,,,,,,,,,,9.3,8.1,8.6,7.9,9.0,9.4,10.3,10.6,1168.0,1144.0,1184.0,1096.0,1224.0,1264.0,1312.0,1344.0,0.0,95.0,76.0,16.0,0.0,,,,,,273.17,1.5,,,,,,,,,,,,,,,,,,,,,,,,,,,,,,,,,,,,,,,,,,,,,,,,,,,,,,,,,,,,,9.999e+20,240.0,5.6,250.0,10.1,,,1.0,2.0,,3.0,0.032,457.0,11.0,12.0,13.0,21.0,5514.0,240.0,240.0,240.0,0.0,272.9,5.6,0.8,1.6,2.4,3.2,3.2,3.6,4.0,4.8,5.2,1.2,5.6,6.0,6.4,6.8,7.2,7.2,8.0,8.4,9.2,9.6,11.2,5.60808,2.50633,1.0,0.0,0.0,0.0,72.0,0.0,48.0,13.0,6.4,6.8,0.0
2025120622,,,,,,,,,,,,,,,,,,,,,,,,,,,,,,,,,0.339,44.0,,,,,,,,,,,,,,,,,,,,,,,,,,,,,,,,,,,,,,,,,,,,,,,,,,,,,,,,,,,,,,,,,,,,,,,,,,,,,,,,,,,,,,,,,,,,,,,,,,,,,,,,,,,,,,,,,,,,,,,,,,,,,,,,,267.63,0.0,0.0,0.0,0.0,0.003,0.005,0.008,0.01,26.0,7.0,2.0,0.0,0.0,0.0,0.0,0.0,0.0,0.0,,,,,,,,,,,,,,,,,,,,,,,,,,,,,,,,,,,,,,,,,,,,,,,,,,,,,,,,,,,,,,,,,,,,,,,,,29.0,30.0,7620.0,673.0,1833.0,248.0,672.0,8.0,81.0,18.0,30.0,44.0,16.0,21.0,15.0,22.0,24.0,25.0,26.0,0.0,0.0,0.0,0.0,0.0,22.9,0.0,271.57,1.43,,99.0,2.0,0.0,,,,,,,,,,,,,,,,,,,,,,,,,,,,,,,,,,,,,,,,,,,,,,,,,,,,,,8.1,2.0,4.0,4.4,5.2,5.6,6.0,6.4,6.8,7.6,3.2,7.9013,8.40614,8.86982,8.9594,9.47434,10.3344,10.8537,10.9714,11.9164,12.9044,14.8571,7.73927,3.16857,13.0,1.0,0.0,0.0,0.0,0.0,0.0,39.0,,,,,,,,,,,,,,,,,,,,,,,,,,,,,,,,,,,,,,,,,,,,,,,,,,,,,,,,,,,,,,,,,,,,,,,,,,,,,,,,,,,,,,,,,,,,,,,,,,,,,,,,,,,,,,,,,,,,,,,,,,,,,,,22.0,,,16.0,,17.8,17.0,36.4,0.0,3252.0,91.0,,,,,,,,,,,,,,,,,,,,,,,,,,,,,,,,,,,,,,,,,,,,,,,,,,,,,,,,,,,,,9.1,7.8,8.5,7.7,8.9,9.5,10.3,10.6,1152.0,1120.0,1168.0,1088.0,1208.0,1256.0,1336.0,1368.0,0.0,66.0,77.0,15.0,1.0,,,,,,272.98,1.41,,,,,,,,,,,,,,,,,,,,,,,,,,,,,,,,,,,,,,,,,,,,,,,,,,,,,,,,,,,,,9.999e+20,240.0,5.6,240.0,10.0,,,2.0,,,3.0,0.07,457.0,11.0,12.0,14.0,20.0,5424.0,240.0,240.0,240.0,0.0,272.6,5.6,0.8,2.0,2.4,2.8,3.2,3.6,4.0,4.4,4.8,1.6,5.2,5.6,6.0,6.4,6.8,7.6,7.6,8.0,9.2,10.0,11.2,5.2,2.8,1.0,0.0,0.0,0.0,68.0,0.0,45.0,12.0,6.0,6.8,0.0
2025120623,,,,,,,,,,,,,,,,,,,,,,,,,,,,,,,,,0.392,37.0,,,,,,,,,,,,,,,,,,,,,,,,,,,,,,,,,,,,,,,,,,,,,,,,,,,,,,,,,,,,,,,,,,,,,,,,,,,,,,,,,,,,,,,,,,,,,,,,,,,,,,,,,,,,,,,,,,,,,,,,,,,,,,,,,267.5,0.0,0.0,0.0,0.0,0.003,0.005,0.005,0.008,23.0,5.0,1.0,0.0,0.0,0.0,0.0,0.0,0.0,0.0,,,,,,,,,,,,,,,,,,,,,,,,,,,,,,,,,,,,,,,,,,,,,,,,,,,,,,,,,,,,,,,,,,,,,,,,,24.0,24.0,7620.0,673.0,3479.0,240.0,672.0,10.0,77.0,18.0,30.0,41.0,16.0,19.0,15.0,21.0,24.0,25.0,25.0,0.0,0.0,0.0,0.0,0.0,21.7,0.0,271.51,1.36,,75.0,2.0,0.0,,,,,,,,,,,,,,,,,,,,,,,,,,,,,,,,,,,,,,,,,,,,,,,,,,,,,,7.4,2.0,4.0,4.4,4.8,5.2,5.6,6.0,6.8,7.02315,3.2,7.48725,7.97046,8.44048,8.54019,9.03252,9.60729,10.5666,10.7047,11.3015,12.6871,13.8945,7.39018,2.76594,10.0,0.0,0.0,0.0,0.0,0.0,0.0,33.0,,,,,,,,,,,,,,,,,,,,,,,,,,,,,,,,,,,,,,,,,,,,,,,,,,,,,,,,,,,,,,,,,,,,,,,,,,,,,,,,,,,,,,,,,,,,,,,,,,,,,,,,,,,,,,,,,,,,,,,,,,,,,,,18.0,,,0.0,,17.8,0.0,16.4,0.0,88888.0,92.0,,,,,,,,,,,,,,,,,,,,,,,,,,,,,,,,,,,,,,,,,,,,,,,,,,,,,,,,,,,,,9.1,7.6,8.4,7.3,8.8,9.6,10.4,10.6,1120.0,1088.0,1144.0,1048.0,1200.0,1264.0,1384.0,1416.0,0.0,100.0,70.0,20.0,1.0,,,,,,272.57,1.37,,,,,,,,,,,,,,,,,,,,,,,,,,,,,,,,,,,,,,,,,,,,,,,,,,,,,,,,,,,,,9.999e+20,250.0,5.2,260.0,9.4,,,2.0,,,3.0,0.039,457.0,11.0,13.0,15.0,22.0,4238.0,250.0,250.0,250.0,0.0,272.5,5.2,0.8,2.0,2.4,2.8,3.2,3.2,3.6,4.0,4.4,1.6,5.2,5.2,5.6,6.0,6.4,6.8,7.6,8.0,8.8,10.0,10.8,5.2,2.4,1.0,0.0,0.0,0.0,64.0,0.0,43.0,10.0,6.0,6.4,0.0
2025120700,4.273,0.0,0.375,0.823,1.264,1.727,2.195,2.548,2.869,3.245,0.049,3.653,4.045,4.529,5.064,5.568,6.186,6.827,7.626,8.922,10.502,14.443,91.0,0.0,2.0,0.0,0.0,65.0,0.0,0.0,24.0,0.0,0.501,19.0,13.361,0.0,2.562,4.201,5.748,7.043,8.301,9.629,10.808,11.914,1.205,12.892,13.986,14.952,16.035,17.291,18.496,19.854,21.619,23.785,28.141,36.053,97.0,0.0,51.0,0.0,0.0,0.0,8.0,0.0,78.0,0.0,,,,,,,,,,,,,,,,,,,,,,,,,,,,,,,,,1.016,0.0,0.03,0.197,0.417,0.62,0.821,1.1,1.367,1.589,0.0,1.87,2.17,2.523,2.974,3.451,3.995,4.627,5.349,6.44,7.824,11.588,83.0,0.0,0.0,40.0,0.0,0.0,0.0,10.0,0.0,0.0,,,,,,,,,,,,,,,,,,,,,,,,,,,,,,,,,267.24,0.0,0.0,0.0,0.0,0.003,0.003,0.005,0.008,23.0,3.0,0.0,0.0,0.0,0.0,0.0,0.0,0.0,0.0,0.028,0.033,0.056,0.008,0.089,0.104,0.14,0.157,41.0,33.0,29.0,14.0,3.0,0.0,0.0,0.0,0.0,0.0,,,,,,,,,,,,,,,,,,,0.005,0.0,0.005,0.0,0.015,0.03,0.048,0.064,36.0,12.0,4.0,1.0,0.0,0.0,0.0,0.0,0.0,0.0,,,,,,,,,,,,,,,,,,,10.0,19.0,7620.0,673.0,3480.0,192.0,672.0,11.0,72.0,19.0,29.0,39.0,16.0,18.0,15.0,21.0,23.0,25.0,26.0,0.0,0.0,0.0,0.0,0.0,21.4,0.0,270.9,1.41,0.0,16.0,1.0,0.0,0.025,0.0,0.0,0.0,0.0,0.0,0.0,0.0,0.0,0.0,0.0,0.0,0.0,,,,,,,,,,,,,0.0,0.0,0.0,0.0,0.0,0.0,0.0,0.0,0.0,0.0,0.0,0.0,0.0,,,,,,,,,,,,,,8.0,9.999e+20,6.9,2.0,3.2,4.0,4.4,4.8,5.2,5.6,6.4,6.4,2.8,6.8,7.29791,7.49528,8.01315,8.51064,9.03417,9.18836,10.1754,10.8191,11.9122,14.3695,6.84995,2.74898,7.0,0.0,0.0,0.0,0.0,0.0,0.0,29.0,2.0,9.999e+20,9.999e+20,9.999e+20,9.999e+20,9.999e+20,,,,,,,,,,,,,,,,,,,,,,,,,,,,,,,,,,,,,,,,,,,,,,,,,,,,,,,,,,,,,,,,,,,,,,,,,,,,,,,,,,,,,,,,,,,,,,,,,,,,,,,,,,,,,,,,,,,,,,,,,8.8,,,0.0,7.0,17.8,0.0,19.4,0.0,2794.0,91.0,,,,,,,,,,,,,,,,,,,,,,,,,,,,,,,,,,,,,,,,,,,,,,,,,,,,,,,,,,,,,9.1,7.3,8.2,7.1,8.7,9.7,10.4,10.8,1096.0,1040.0,1120.0,1016.0,1208.0,1272.0,1408.0,1456.0,0.0,79.0,54.0,29.0,0.0,274.17,0.97,,,,272.08,1.38,,,,,,,,,,,,,,,,,,,,,,,,,,,,,,,,,,,,,,,,,,,,,,,,,,,,,,,,,,,,,9.999e+20,250.0,4.8,260.0,7.8,26.0,11.0,1.0,3.0,7.0,2.0,0.008,457.0,11.0,12.0,14.0,23.0,2800.0,250.0,250.0,250.0,0.0,272.1,4.8,0.8,1.6,2.0,2.4,2.8,3.2,3.6,4.0,4.4,1.2,4.8,4.8,5.2,5.6,5.6,6.4,6.8,7.6,8.0,8.8,10.8,4.8,2.4,0.0,0.0,0.0,0.0,63.0,0.0,33.0,6.0,5.2,6.0,0.0
2025120701,,,,,,,,,,,,,,,,,,,,,,,,,,,,,,,,,0.445,11.0,,,,,,,,,,,,,,,,,,,,,,,,,,,,,,,,,,,,,,,,,,,,,,,,,,,,,,,,,,,,,,,,,,,,,,,,,,,,,,,,,,,,,,,,,,,,,,,,,,,,,,,,,,,,,,,,,,,,,,,,,,,,,,,,,267.07,0.0,0.0,0.0,0.0,0.0,0.003,0.005,0.005,19.0,2.0,0.0,0.0,0.0,0.0,0.0,0.0,0.0,0.0,,,,,,,,,,,,,,,,,,,,,,,,,,,,,,,,,,,,,,,,,,,,,,,,,,,,,,,,,,,,,,,,,,,,,,,,,7.0,14.0,7620.0,825.0,1834.0,168.0,824.0,12.0,75.0,19.0,27.0,39.0,18.0,18.0,15.0,20.0,23.0,24.0,26.0,0.0,0.0,0.0,0.0,0.0,21.1,0.0,270.85,1.5,,0.0,1.0,0.0,,,,,,,,,,,,,,,,,,,,,,,,,,,,,,,,,,,,,,,,,,,,,,,,,,,,,,7.1,1.6,3.6,4.0,4.8,5.2,5.6,6.0,6.4,6.8,3.2,7.2,7.6,7.6,8.13899,8.69769,8.83889,9.31026,9.85219,10.7894,12.3101,14.6164,7.09869,2.72456,8.0,1.0,0.0,0.0,0.0,0.0,0.0,27.0,,,,,,,,,,,,,,,,,,,,,,,,,,,,,,,,,,,,,,,,,,,,,,,,,,,,,,,,,,,,,,,,,,,,,,,,,,,,,,,,,,,,,,,,,,,,,,,,,,,,,,,,,,,,,,,,,,,,,,,,,,,,,,,0.0,,,0.0,,1.0,0.0,20.8,0.0,88888.2,90.0,,,,,,,,,,,,,,,,,,,,,,,,,,,,,,,,,,,,,,,,,,,,,,,,,,,,,,,,,,,,,9.1,7.2,8.0,7.0,8.6,9.6,10.4,10.6,1080.0,1040.0,1112.0,1016.0,1216.0,1304.0,1432.0,1472.0,0.0,57.0,51.0,27.0,0.0,,,,,,272.53,1.5,,,,,,,,,,,,,,,,,,,,,,,,,,,,,,,,,,,,,,,,,,,,,,,,,,,,,,,,,,,,,9.999e+20,240.0,5.2,240.0,6.2,,,0.0,,,3.0,0.014,457.0,10.0,12.0,14.0,23.0,2128.0,240.0,240.0,240.0,0.0,272.1,5.2,0.8,2.0,2.4,2.8,3.2,3.6,4.0,4.4,4.8,1.6,4.8,5.2,5.6,5.6,6.4,6.4,6.8,7.6,8.0,9.2,11.2,5.2,2.4,1.0,0.0,0.0,0.0,66.0,0.0,36.0,6.0,5.6,6.4,0.0
2025120702,,,,,,,,,,,,,,,,,,,,,,,,,,,,,,,,,0.352,,,,,,,,,,,,,,,,,,,,,,,,,,,,,,,,,,,,,,,,,,,,,,,,,,,,,,,,,,,,,,,,,,,,,,,,,,,,,,,,,,,,,,,,,,,,,,,,,,,,,,,,,,,,,,,,,,,,,,,,,,,,,,,,,,,,,,,,,,,,,,,,,,,,,,,,,,,,,,,,,,,,,,,,,,,,,,,,,,,,,,,,,,,,,,,,,,,,,,,,,,,,,,,,,,,,,,,,,,,,,,,,,,,,,,,,,,,,,,,,,,,,,,,,,,,,,,,,,,,,,,,,,,,,,,,,,,,,,,,,,,,,,,,,,,,,,,,,,,,,,,,,,,,2.0,4.0,4.8,5.2,5.6,5.6,6.0,6.4,6.8,3.6,7.2,7.6,8.0,8.0,8.4,8.8,9.38801,9.56768,10.1461,10.9983,13.8134,7.37896,2.3237,5.0,0.0,0.0,0.0,0.0,0.0,0.0,28.0,,,,,,,,,,,,,,,,,,,,,,,,,,,,,,,,,,,,,,,,,,,,,,,,,,,,,,,,,,,,,,,,,,,,,,,,,,,,,,,,,,,,,,,,,,,,,,,,,,,,,,,,,,,,,,,,,,,,,,,,,,,,,,,,,,,,,,,,,,,,,,,,,,,,,,,,,,,,,,,,,,,,,,,,,,,,,,,,,,,,,,,,,,,,,,,,,,,,,,,,,,,,,,,,,,,,,,,,,,,,,,,,,,,,,,,,,,,,,,,,,,,,,,,,,,,,,,,,,,,,,,,,,,,,,,,,,,,,,,,,,,,,,,,,,,,,,,,,,,,,,,,,,,,,,,0.8,2.4,2.8,3.2,3.6,4.0,4.0,4.4,4.8,2.0,5.2,5.2,5.6,5.6,6.0,6.4,6.8,7.2,7.6,8.4,10.4,5.2,2.0,1.0,0.0,0.0,0.0,74.0,0.0,40.0,5.0,,,
2025120703,,,,,,,,,,,,,,,,,,,,,,,,,,,,,,,,,0.28,,,,,,,,,,,,,,,,,,,,,,,,,,,,,,,,,,,,,,,,,,,,,,,,,,,,,,,,,,,,,,,,,,,,,,,,,,,,,,,,,,,,,,,,,,,,,,,,,,,,,,,,,,,,,,,,,,,,,,,,,,,,,,,,,,267.39,,,,,,,,,,,,,,,,,,,,,,,,,,,,,,,,,,,,,,,,,,,,,,,,,,,,,,,,,,,,,,,,,,,,,,,,,,,,,,,,,,,,,,,,,,,4.0,5.0,,,,24.0,1248.0,,,,,,18.0,20.0,15.0,21.0,23.0,24.0,26.0,0.0,0.0,0.0,0.0,0.0,21.6,,270.93,1.4,0.0,0.0,1.0,,,,,,,,,,,,,,,,,,,,,,,,,,,,,,,,,,,,,,,,,,,,,,,,,,,,,,9.999e+20,6.9,2.0,4.4,4.8,5.2,5.2,5.6,6.0,6.0,6.8,4.0,7.2,7.2,7.6,7.6,8.0,8.48371,8.59568,9.10414,9.69547,10.2895,12.9124,6.94467,2.31587,3.0,0.0,0.0,0.0,0.0,0.0,0.0,17.0,,9.999e+20,9.999e+20,9.999e+20,9.999e+20,9.999e+20,,,,,,,,,,,,,,,,,,,,,,,,,,,,,,,,,,,,,,,,,,,,,,,,,,,,,,,,,,,,,,,,,,,,,,,,,,,,,,,,,,,,,,,,,,,,,,,,,,,,,,,,,,,,,,,,,,,,,,,,,,,,0.0,,10.1,0.0,15.7,0.0,,89.0,,,,,,,,,,,,,,,,,,,,,,,,,,,,,,,,,,,,,,,,,,,,,,,,,,,,,,,,,,,,,8.6,6.9,7.6,6.7,8.4,9.4,10.2,10.4,1096.0,1024.0,1080.0,1000.0,1216.0,1376.0,1480.0,1536.0,,,75.0,14.0,,,,,,,272.75,1.4,,,,,,,,,,,,,,,,,,,,,,,,,,,,,,,,,,,,,,,,,,,,,,,,,,,,,,,,,,,,,9.999e+20,230.0,4.8,230.0,5.6,,,,2.0,,2.0,,16256.0,,,,,1413.0,230.0,230.0,230.0,,272.1,4.8,1.2,2.8,3.2,3.2,3.6,4.0,4.0,4.4,4.8,2.4,4.8,5.2,5.2,5.6,5.6,6.0,6.4,6.8,7.2,7.6,9.6,4.8,1.6,0.0,0.0,0.0,0.0,75.0,0.0,31.0,2.0,5.6,6.4,
2025120704,,,,,,,,,,,,,,,,,,,,,,,,,,,,,,,,,0.239,,,,,,,,,,,,,,,,,,,,,,,,,,,,,,,,,,,,,,,,,,,,,,,,,,,,,,,,,,,,,,,,,,,,,,,,,,,,,,,,,,,,,,,,,,,,,,,,,,,,,,,,,,,,,,,,,,,,,,,,,,,,,,,,,,,,,,,,,,,,,,,,,,,,,,,,,,,,,,,,,,,,,,,,,,,,,,,,,,,,,,,,,,,,,,,,,,,,,,,,,,,,,,,,,,,,,,,,,,,,,,,,,,,,3.0,,8.0,,30.0,,,,,,,,,,,,,,,,,,,,,,,,,,,,,,,,,,,,,,,,,,,,,,,,,,,,,,,,,,,,,,,,,,,,,,,,,,,2.4,4.4,4.8,5.2,5.2,5.6,6.0,6.0,6.4,3.6,6.8,6.8,7.2,7.6,7.6,7.63551,8.12634,8.59545,9.54128,10.7482,12.2812,6.92486,2.26413,2.0,0.0,0.0,0.0,0.0,0.0,0.0,15.0,,,,,,,,,,,,,,,,,,,,,,,,,,,,,,,,,,,,,,,,,,,,,,,,,,,,,,,,,,,,,,,,,,,,,,,,,,,,,,,,,,,,,,,,,,,,,,,,,,,,,,,,,,,,,,,,,,,,,,,,,,,,,,,,,,,,,,,,,,,,,,,,,,,,,,,,,,,,,,,,,,,,,,,,,,,,,,,,,,,,,,,,,,,,,,,,,,,,,,,,,,,,,,,,,,,,,,,,,,,,,,,,,,,,,,,,,,,,,,,,,,,,,,,,,,,,,,,,,,,,,,,,,,,,,,,,,,,,,,,,,,,,,,,,,,,,,,,,,,,10.0,,13.0,18.0,,,,,,,,1.2,2.8,3.2,3.2,3.6,3.6,4.0,4.4,4.4,2.4,4.8,4.8,5.2,5.2,5.6,6.0,6.0,6.4,6.8,7.6,9.2,4.8,1.6,0.0,0.0,0.0,0.0,74.0,0.0,27.0,2.0,,,
2025120705,,,,,,,,,,,,,,,,,,,,,,,,,,,,,,,,,0.216,,,,,,,,,,,,,,,,,,,,,,,,,,,,,,,,,,,,,,,,,,,,,,,,,,,,,,,,,,,,,,,,,,,,,,,,,,,,,,,,,,,,,,,,,,,,,,,,,,,,,,,,,,,,,,,,,,,,,,,,,,,,,,,,,,,,,,,,,,,,,,,,,,,,,,,,,,,,,,,,,,,,,,,,,,,,,,,,,,,,,,,,,,,,,,,,,,,,,,,,,,,,,,,,,,,,,,,,,,,,,,,,,,,,,,,,,,,,,,,,,,,,,,,,,,,,,,,,,,,,,,,,,,,,,,,,,,,,,,,,,,,,,,,,,,,,,,,,,,,,,,,,,,,2.4,4.0,4.8,4.8,5.2,5.2,5.6,5.6,6.0,3.6,6.0,6.4,6.4,6.8,7.2,7.2,7.67141,8.58428,9.08139,10.493,11.1495,6.51224,1.81131,1.0,0.0,0.0,0.0,0.0,0.0,0.0,13.0,,,,,,,,,,,,,,,,,,,,,,,,,,,,,,,,,,,,,,,,,,,,,,,,,,,,,,,,,,,,,,,,,,,,,,,,,,,,,,,,,,,,,,,,,,,,,,,,,,,,,,,,,,,,,,,,,,,,,,,,,,,,,,,,,,,,,,,,,,,,,,,,,,,,,,,,,,,,,,,,,,,,,,,,,,,,,,,,,,,,,,,,,,,,,,,,,,,,,,,,,,,,,,,,,,,,,,,,,,,,,,,,,,,,,,,,,,,,,,,,,,,,,,,,,,,,,,,,,,,,,,,,,,,,,,,,,,,,,,,,,,,,,,,,,,,,,,,,,,,,,,,,,,,,,,1.2,2.4,2.8,3.2,3.6,3.6,4.0,4.0,4.0,2.0,4.4,4.4,4.8,4.8,5.2,5.2,5.6,6.0,6.4,7.6,8.4,4.4,1.6,0.0,0.0,0.0,0.0,72.0,0.0,20.0,1.0,,,
2025120706,3.577,0.0,0.133,0.43,0.708,0.997,1.314,1.637,1.966,2.309,0.0,2.707,3.08,3.57,4.083,4.669,5.285,6.023,6.944,8.212,10.444,13.765,88.0,0.0,2.0,0.0,0.0,52.0,0.0,0.0,18.0,0.0,0.184,,,,,,,,,,,,,,,,,,,,,,,,,,,,,,,,,,,,,,,,,,,,,,,,,,,,,,,,,,,,,,,,,,0.254,0.0,0.0,0.0,0.0,0.0,0.0,0.015,0.085,0.181,0.0,0.304,0.439,0.62,0.859,1.153,1.492,1.831,2.386,3.238,4.472,6.5,52.0,0.0,0.0,14.0,0.0,0.0,0.0,1.0,0.0,0.0,,,,,,,,,,,,,,,,,,,,,,,,,,,,,,,,,267.71,,,,,,,,,,,,,,,,,,,0.028,0.03,0.046,0.02,0.066,0.089,0.114,0.14,42.0,34.0,26.0,7.0,1.0,0.0,0.0,0.0,0.0,0.0,,,,,,,,,,,,,,,,,,,0.0,0.0,0.0,0.0,0.0,0.003,0.008,0.01,15.0,1.0,0.0,0.0,0.0,0.0,0.0,0.0,0.0,0.0,,,,,,,,,,,,,,,,,,,3.0,4.0,,,,24.0,696.0,,,,,,19.0,20.0,18.0,22.0,23.0,25.0,25.0,0.0,0.0,0.0,0.0,0.0,21.7,,270.33,1.79,0.0,0.0,1.0,,0.051,0.0,0.0,0.0,0.0,0.0,0.0,0.0,0.0,0.0,0.0,0.0,0.0,,,,,,,,,,,,,0.0,0.0,0.0,0.0,0.0,0.0,0.0,0.0,0.0,0.0,0.0,0.0,0.0,,,,,,,,,,,,,,7.2,9.999e+20,6.1,2.8,4.0,4.0,4.4,4.8,4.8,5.2,5.2,5.6,3.6,5.6,6.0,6.0,6.4,6.4,7.2,7.21957,7.77262,8.77212,9.3816,10.894,6.10853,1.83385,1.0,0.0,0.0,0.0,0.0,0.0,0.0,12.0,2.0,9.999e+20,9.999e+20,9.999e+20,9.999e+20,9.999e+20,,,,,,,,,,,,,,,,,,,,,,,,,,,,,,,,,,,,,,,,,,,,,,,,,,,,,,,,,,,,,,,,,,,,,,,,,,,,,,,,,,,,,,,,,,,,,,,,,,,,,,,,,,,,,,,,,,,,,,,,,,,86.0,0.0,,6.1,0.0,15.7,0.0,,86.0,,,,,,,,,,,,,,,,,,,,,,,,,,,,,,,,,,,,,,,,,,,,,,,,,,,,,,,,,,,,,8.4,6.4,6.8,6.3,8.0,9.0,9.8,10.2,1104.0,1024.0,1088.0,968.0,1272.0,1472.0,1552.0,1584.0,,,77.0,13.0,,,,,,0.5914,272.46,1.77,273.671,272.396,272.759,272.879,273.013,273.171,273.086,273.308,273.469,273.615,272.532,273.747,273.679,273.877,273.812,274.192,274.145,274.103,274.326,274.799,274.699,275.119,0.0,0.0,26.0,0.0,0.0,0.0,0.0,0.0,,,,,,,,,,,,,,,,,,,,,,,,,,,,,,,9.999e+20,220.0,4.4,220.0,4.7,23.0,11.0,,1.0,4.0,2.0,,16256.0,,,,,754.0,220.0,220.0,220.0,,272.1,4.4,1.2,2.4,2.8,2.8,3.2,3.2,3.6,3.6,3.6,2.0,4.0,4.4,4.4,4.4,4.8,5.2,5.6,5.6,6.4,7.2,8.4,4.0,1.6,0.0,0.0,0.0,0.0,61.0,0.0,17.0,1.0,4.8,5.2,
2025120707,,,,,,,,,,,,,,,,,,,,,,,,,,,,,,,,,0.193,,,,,,,,,,,,,,,,,,,,,,,,,,,,,,,,,,,,,,,,,,,,,,,,,,,,,,,,,,,,,,,,,,,,,,,,,,,,,,,,,,,,,,,,,,,,,,,,,,,,,,,,,,,,,,,,,,,,,,,,,,,,,,,,,,,,,,,,,,,,,,,,,,,,,,,,,,,,,,,,,,,,,,,,,,,,,,,,,,,,,,,,,,,,,,,,,,,,,,,,,,,,,,,,,,,,,,,,,,,,,,,,,,,,6.0,,14.0,,41.0,,,,,,,,,,,,,,,,,,,,,,,,,,,,,,,,,,,,,,,,,,,,,,,,,,,,,,,,,,,,,,,,,,,,,,,,,,,,,,,,,,,,,,,,,,,,,,,,,,,,,,,,,,,,,,,,,,,,,,,,,,,,,,,,,,,,,,,,,,,,,,,,,,,,,,,,,,,,,,,,,,,,,,,,,,,,,,,,,,,,,,,,,,,,,,,,,,,,,,,,,,,,,,,,,,,,,,,,,,,,,,,,,,,,,,,,,,,,,,,,,,,,,,,,,,,,,,,,,,,,,,,,,,,,,,,,,,,,,,,,,,,,,,,,,,,,,,,,,,,,,,,,,,,,,,,,,,,,,,,,,,,,,,,,,,,,,,,,,,,,,,,,,,,,,,,,,,,,,,,,,,,,,,,,,,,,,,,,,,,,,,,,,,,,,,,,,,,,,,,,,,,,9.0,,11.0,16.0,,,,,,,,,,,,,,,,,,,,,,,,,,,,,,,,,,,,,,,,,
2025120708,,,,,,,,,,,,,,,,,,,,,,,,,,,,,,,,,0.24,,,,,,,,,,,,,,,,,,,,,,,,,,,,,,,,,,,,,,,,,,,,,,,,,,,,,,,,,,,,,,,,,,,,,,,,,,,,,,,,,,,,,,,,,,,,,,,,,,,,,,,,,,,,,,,,,,,,,,,,,,,,,,,,,,,,,,,,,,,,,,,,,,,,,,,,,,,,,,,,,,,,,,,,,,,,,,,,,,,,,,,,,,,,,,,,,,,,,,,,,,,,,,,,,,,,,,,,,,,,,,,,,,,,,,,,,,,,,,,,,,,,,,,,,,,,,,,,,,,,,,,,,,,,,,,,,,,,,,,,,,,,,,,,,,,,,,,,,,,,,,,,,,,,,,,,,,,,,,,,,,,,,,,,,,,,,,,,,,,,,,,,,,,,,,,,,,,,,,,,,,,,,,,,,,,,,,,,,,,,,,,,,,,,,,,,,,,,,,,,,,,,,,,,,,,,,,,,,,,,,,,,,,,,,,,,,,,,,,,,,,,,,,,,,,,,,,,,,,,,,,,,,,,,,,,,,,,,,,,,,,,,,,,,,,,,,,,,,,,,,,,,,,,,,,,,,,,,,,,,,,,,,,,,,,,,,,,,,,,,,,,,,,,,,,,,,,,,,,,,,,,,,,,,,,,,,,,,,,,,,,,,,,,,,,,,,,,,,,,,,,,,,,,,,,,,,,,,,,,,,,,,,,,,,,,,,,,,,,,,,,,,,,,,,,,,,,,,,,,,,,,,,,,,,,,,,,,,,,,,
2025120709,,,,,,,,,,,,,,,,,,,,,,,,,,,,,,,,,0.252,,,,,,,,,,,,,,,,,,,,,,,,,,,,,,,,,,,,,,,,,,,,,,,,,,,,,,,,,,,,,,,,,,,,,,,,,,,,,,,,,,,,,,,,,,,,,,,,,,,,,,,,,,,,,,,,,,,,,,,,,,,,,,,,,,268.24,,,,,,,,,,,,,,,,,,,,,,,,,,,,,,,,,,,,,,,,,,,,,,,,,,,,,,,,,,,,,,,,,,,,,,,,,,,,,,,,,,,,,,,,,,,1.0,1.0,,,,24.0,984.0,,,,,,20.0,21.0,19.0,25.0,27.0,27.0,28.0,0.0,0.0,0.0,0.0,0.0,23.9,,270.82,2.1,0.0,0.0,2.0,,,,,,,,,,,,,,,,,,,,,,,,,,,,,,,,,,,,,,,,,,,,,,,,,,,,,,9.999e+20,6.2,2.4,3.6,4.0,4.4,4.4,4.8,5.2,5.6,5.6,3.2,6.0,6.0,6.4,6.4,6.89212,7.39175,7.90556,8.10599,8.63678,9.64223,10.8803,6.18257,1.83723,1.0,0.0,0.0,0.0,0.0,0.0,0.0,10.0,,9.999e+20,9.999e+20,9.999e+20,9.999e+20,9.999e+20,,,,,,,,,,,,,,,,,,,,,,,,,,,,,,,,,,,,,,,,,,,,,,,,,,,,,,,,,,,,,,,,,,,,,,,,,,,,,,,,,,,,,,,,,,,,,,,,,,,,,,,,,,,,,,,,,,,,,,,,,,,,0.0,,13.2,0.0,36.0,0.0,,87.0,,,,,,,,,,,,,,,,,,,,,,,,,,,,,,,,,,,,,,,,,,,,,,,,,,,,,,,,,,,,,8.0,6.1,6.5,5.7,7.2,8.5,9.0,9.3,1224.0,1056.0,1176.0,976.0,1368.0,1472.0,1528.0,1576.0,,,74.0,11.0,,,,,,,272.9,2.07,,,,,,,,,,,,,,,,,,,,,,,,,,,,,,,,,,,,,,,,,,,,,,,,,,,,,,,,,,,,,9.999e+20,210.0,4.4,210.0,4.4,,,,1.0,,2.0,,16256.0,,,,,552.0,210.0,210.0,210.0,,272.5,4.4,1.2,2.0,2.4,2.8,3.2,3.2,3.6,3.6,4.0,1.6,4.0,4.4,4.4,4.4,4.8,5.2,5.6,6.0,6.4,7.2,8.0,4.0,1.6,0.0,0.0,0.0,0.0,63.0,0.0,20.0,0.0,4.8,5.2,
2025120710,,,,,,,,,,,,,,,,,,,,,,,,,,,,,,,,,0.288,,,,,,,,,,,,,,,,,,,,,,,,,,,,,,,,,,,,,,,,,,,,,,,,,,,,,,,,,,,,,,,,,,,,,,,,,,,,,,,,,,,,,,,,,,,,,,,,,,,,,,,,,,,,,,,,,,,,,,,,,,,,,,,,,,,,,,,,,,,,,,,,,,,,,,,,,,,,,,,,,,,,,,,,,,,,,,,,,,,,,,,,,,,,,,,,,,,,,,,,,,,,,,,,,,,,,,,,,,,,,,,,,,,,6.0,,12.0,,40.0,,,,,,,,,,,,,,,,,,,,,,,,,,,,,,,,,,,,,,,,,,,,,,,,,,,,,,,,,,,,,,,,,,,,,,,,,,,,,,,,,,,,,,,,,,,,,,,,,,,,,,,,,,,,,,,,,,,,,,,,,,,,,,,,,,,,,,,,,,,,,,,,,,,,,,,,,,,,,,,,,,,,,,,,,,,,,,,,,,,,,,,,,,,,,,,,,,,,,,,,,,,,,,,,,,,,,,,,,,,,,,,,,,,,,,,,,,,,,,,,,,,,,,,,,,,,,,,,,,,,,,,,,,,,,,,,,,,,,,,,,,,,,,,,,,,,,,,,,,,,,,,,,,,,,,,,,,,,,,,,,,,,,,,,,,,,,,,,,,,,,,,,,,,,,,,,,,,,,,,,,,,,,,,,,,,,,,,,,,,,,,,,,,,,,,,,,,,,,,,,,,,,10.0,,11.0,18.0,,,,,,,,,,,,,,,,,,,,,,,,,,,,,,,,,,,,,,,,,
2025120711,,,,,,,,,,,,,,,,,,,,,,,,,,,,,,,,,0.274,,,,,,,,,,,,,,,,,,,,,,,,,,,,,,,,,,,,,,,,,,,,,,,,,,,,,,,,,,,,,,,,,,,,,,,,,,,,,,,,,,,,,,,,,,,,,,,,,,,,,,,,,,,,,,,,,,,,,,,,,,,,,,,,,,,,,,,,,,,,,,,,,,,,,,,,,,,,,,,,,,,,,,,,,,,,,,,,,,,,,,,,,,,,,,,,,,,,,,,,,,,,,,,,,,,,,,,,,,,,,,,,,,,,,,,,,,,,,,,,,,,,,,,,,,,,,,,,,,,,,,,,,,,,,,,,,,,,,,,,,,,,,,,,,,,,,,,,,,,,,,,,,,,,,,,,,,,,,,,,,,,,,,,,,,,,,,,,,,,,,,,,,,,,,,,,,,,,,,,,,,,,,,,,,,,,,,,,,,,,,,,,,,,,,,,,,,,,,,,,,,,,,,,,,,,,,,,,,,,,,,,,,,,,,,,,,,,,,,,,,,,,,,,,,,,,,,,,,,,,,,,,,,,,,,,,,,,,,,,,,,,,,,,,,,,,,,,,,,,,,,,,,,,,,,,,,,,,,,,,,,,,,,,,,,,,,,,,,,,,,,,,,,,,,,,,,,,,,,,,,,,,,,,,,,,,,,,,,,,,,,,,,,,,,,,,,,,,,,,,,,,,,,,,,,,,,,,,,,,,,,,,,,,,,,,,,,,,,,,,,,,,,,,,,,,,,,,,,,,,,,,,,,,,,,,,,,,,,,,,
2025120712,3.071,0.0,0.0,0.0,0.102,0.311,0.584,0.874,1.244,1.632,0.0,2.054,2.481,3.036,3.551,4.076,4.857,5.657,6.639,7.787,9.763,13.074,77.0,0.0,1.0,0.0,0.0,44.0,0.0,0.0,16.0,0.0,0.358,,8.652,0.0,1.521,2.592,3.331,4.156,4.948,5.657,6.515,7.355,0.409,7.99,8.683,9.432,10.367,11.321,12.443,13.425,14.683,16.165,19.305,25.054,96.0,0.0,24.0,0.0,0.0,0.0,1.0,0.0,61.0,0.0,20.678,1.45,8.109,9.943,11.775,13.387,14.975,16.438,17.926,19.305,4.863,20.579,21.98,23.152,24.483,25.697,27.257,28.896,30.674,33.52,36.973,46.173,77.0,0.0,98.0,0.0,31.0,0.0,0.0,0.0,0.0,0.0,1.27,0.0,0.0,0.0,0.0,0.003,0.15,0.343,0.606,0.882,0.0,1.164,1.449,1.816,2.203,2.681,3.16,3.65,4.379,5.458,7.005,10.529,67.0,0.0,0.0,31.0,0.0,0.0,0.0,7.0,0.0,0.0,,,,,,,,,,,,,,,,,,,,,,,,,,,,,,,,,268.6,,,,,,,,,,,,,,,,,,,0.033,0.013,0.02,0.01,0.038,0.061,0.084,0.102,41.0,27.0,15.0,3.0,0.0,0.0,0.0,0.0,0.0,0.0,,,,,,,,,,,,,,,,,,,0.005,0.0,0.0,0.0,0.003,0.013,0.02,0.033,24.0,5.0,1.0,0.0,0.0,0.0,0.0,0.0,0.0,0.0,,,,,,,,,,,,,,,,,,,3.0,4.0,,,,112.0,672.0,,,,,,23.0,24.0,22.0,28.0,29.0,30.0,30.0,0.0,0.0,0.0,0.0,0.0,26.9,,271.18,2.34,0.0,0.0,1.0,,0.0,0.0,0.0,0.0,0.0,0.0,0.0,0.0,0.0,0.0,0.0,0.0,0.0,,,,,,,,,,,,,0.0,0.0,0.0,0.0,0.0,0.0,0.0,0.0,0.0,0.0,0.0,0.0,0.0,,,,,,,,,,,,,,8.0,9.999e+20,6.6,2.4,4.0,4.4,4.8,5.2,5.6,5.6,6.0,6.0,3.6,6.4,6.8,6.81754,7.31645,7.41195,7.85601,8.30413,8.75896,9.33351,10.2414,12.4989,6.58617,2.21902,2.0,0.0,0.0,0.0,0.0,0.0,0.0,15.0,2.0,9.999e+20,9.999e+20,9.999e+20,9.999e+20,9.999e+20,,,,,,,,,,,,,,,,,,,,,,,,,,,,,,,,,,,,,,,,,,,,,,,,,,,,,,,,,,,,,,,,,,,,,,,,,,,,,,,,,,,,,,,,,,,,,,,,,,,,,,,,,,,,,,,,,,,,,,,,,,,,0.0,2.0,37.4,0.0,38.6,0.0,,85.0,,,,,,,,,,,,,,,,,,,,,,,,,,,,,,,,,,,,,,,,,,,,,,,,,,,,,,,,,,,,,7.0,5.6,6.2,5.5,6.5,7.6,8.6,8.8,1336.0,1144.0,1328.0,1104.0,1432.0,1504.0,1560.0,1600.0,,,85.0,7.0,,,,271.76,1.8,,273.23,2.34,,,,,,,,,,,,,,,,,,,,,,,,,,,,,,,,,,,,,,,,,,,,,,,,,,,,,,,,,,,,,9.999e+20,200.0,4.8,200.0,4.6,20.0,5.0,,0.0,1.0,2.0,,14592.0,,,,,627.0,200.0,200.0,200.0,,272.5,4.8,1.6,2.4,2.8,2.8,3.2,3.6,3.6,4.0,4.0,2.0,4.4,4.8,4.8,5.2,5.2,5.6,6.0,6.4,7.2,7.6,8.8,4.4,1.6,0.0,0.0,0.0,0.0,67.0,0.0,25.0,1.0,5.2,6.0,
2025120713,,,,,,,,,,,,,,,,,,,,,,,,,,,,,,,,,0.42,,,,,,,,,,,,,,,,,,,,,,,,,,,,,,,,,,,,,,,,,,,,,,,,,,,,,,,,,,,,,,,,,,,,,,,,,,,,,,,,,,,,,,,,,,,,,,,,,,,,,,,,,,,,,,,,,,,,,,,,,,,,,,,,,,,,,,,,,,,,,,,,,,,,,,,,,,,,,,,,,,,,,,,,,,,,,,,,,,,,,,,,,,,,,,,,,,,,,,,,,,,,,,,,,,,,,,,,,,,,,,,,,,,,9.0,,18.0,,54.0,,,,,,,,,,,,,,,,,,,,,,,,,,,,,,,,,,,,,,,,,,,,,,,,,,,,,,,,,,,,,,,,,,,,,,,,,,,,,,,,,,,,,,,,,,,,,,,,,,,,,,,,,,,,,,,,,,,,,,,,,,,,,,,,,,,,,,,,,,,,,,,,,,,,,,,,,,,,,,,,,,,,,,,,,,,,,,,,,,,,,,,,,,,,,,,,,,,,,,,,,,,,,,,,,,,,,,,,,,,,,,,,,,,,,,,,,,,,,,,,,,,,,,,,,,,,,,,,,,,,,,,,,,,,,,,,,,,,,,,,,,,,,,,,,,,,,,,,,,,,,,,,,,,,,,,,,,,,,,,,,,,,,,,,,,,,,,,,,,,,,,,,,,,,,,,,,,,,,,,,,,,,,,,,,,,,,,,,,,,,,,,,,,,,,,,,,,,,,,,,,,,,10.0,,13.0,25.0,,,,,,,,,,,,,,,,,,,,,,,,,,,,,,,,,,,,,,,,,
2025120714,,,,,,,,,,,,,,,,,,,,,,,,,,,,,,,,,0.465,,,,,,,,,,,,,,,,,,,,,,,,,,,,,,,,,,,,,,,,,,,,,,,,,,,,,,,,,,,,,,,,,,,,,,,,,,,,,,,,,,,,,,,,,,,,,,,,,,,,,,,,,,,,,,,,,,,,,,,,,,,,,,,,,,,,,,,,,,,,,,,,,,,,,,,,,,,,,,,,,,,,,,,,,,,,,,,,,,,,,,,,,,,,,,,,,,,,,,,,,,,,,,,,,,,,,,,,,,,,,,,,,,,,,,,,,,,,,,,,,,,,,,,,,,,,,,,,,,,,,,,,,,,,,,,,,,,,,,,,,,,,,,,,,,,,,,,,,,,,,,,,,,,,,,,,,,,,,,,,,,,,,,,,,,,,,,,,,,,,,,,,,,,,,,,,,,,,,,,,,,,,,,,,,,,,,,,,,,,,,,,,,,,,,,,,,,,,,,,,,,,,,,,,,,,,,,,,,,,,,,,,,,,,,,,,,,,,,,,,,,,,,,,,,,,,,,,,,,,,,,,,,,,,,,,,,,,,,,,,,,,,,,,,,,,,,,,,,,,,,,,,,,,,,,,,,,,,,,,,,,,,,,,,,,,,,,,,,,,,,,,,,,,,,,,,,,,,,,,,,,,,,,,,,,,,,,,,,,,,,,,,,,,,,,,,,,,,,,,,,,,,,,,,,,,,,,,,,,,,,,,,,,,,,,,,,,,,,,,,,,,,,,,,,,,,,,,,,,,,,,,,,,,,,,,,,,,,,,,,
2025120715,,,,,,,,,,,,,,,,,,,,,,,,,,,,,,,,,0.55,,,,,,,,,,,,,,,,,,,,,,,,,,,,,,,,,,,,,,,,,,,,,,,,,,,,,,,,,,,,,,,,,,,,,,,,,,,,,,,,,,,,,,,,,,,,,,,,,,,,,,,,,,,,,,,,,,,,,,,,,,,,,,,,,,268.24,,,,,,,,,,,,,,,,,,,,,,,,,,,,,,,,,,,,,,,,,,,,,,,,,,,,,,,,,,,,,,,,,,,,,,,,,,,,,,,,,,,,,,,,,,,1.0,3.0,,,,32.0,336.0,,,,,,26.0,26.0,25.0,28.0,32.0,33.0,36.0,0.0,0.0,0.0,0.0,0.0,28.4,,271.65,1.77,0.0,0.0,1.0,,,,,,,,,,,,,,,,,,,,,,,,,,,,,,,,,,,,,,,,,,,,,,,,,,,,,,9.999e+20,7.71,3.2,4.4,4.8,5.2,6.0,6.4,6.4,6.8,7.2,4.0,7.61591,7.63907,8.06471,8.5179,8.96812,9.44294,9.89444,10.7366,11.6684,13.4838,14.1352,7.74902,2.63474,12.0,1.0,0.0,0.0,0.0,0.0,0.0,34.0,,9.999e+20,9.999e+20,9.999e+20,9.999e+20,9.999e+20,,,,,,,,,,,,,,,,,,,,,,,,,,,,,,,,,,,,,,,,,,,,,,,,,,,,,,,,,,,,,,,,,,,,,,,,,,,,,,,,,,,,,,,,,,,,,,,,,,,,,,,,,,,,,,,,,,,,,,,,,,,,0.0,,48.2,0.0,27.7,0.0,,89.0,,,,,,,,,,,,,,,,,,,,,,,,,,,,,,,,,,,,,,,,,,,,,,,,,,,,,,,,,,,,,6.4,4.8,5.2,4.6,6.0,6.9,7.7,8.1,1400.0,1288.0,1408.0,1208.0,1528.0,1608.0,1712.0,1744.0,,,83.0,7.0,,,,,,,273.5,1.79,,,,,,,,,,,,,,,,,,,,,,,,,,,,,,,,,,,,,,,,,,,,,,,,,,,,,,,,,,,,,9.999e+20,210.0,5.2,190.0,5.4,,,,1.0,,2.0,,13696.0,,,,,722.0,210.0,210.0,210.0,,272.8,5.2,1.6,2.4,2.8,3.2,3.6,4.0,4.4,4.4,4.8,2.0,4.8,5.2,5.6,6.0,6.4,6.4,6.8,7.6,8.8,10.4,11.2,5.2,2.4,1.0,0.0,0.0,0.0,76.0,0.0,39.0,10.0,6.0,6.8,
2025120716,,,,,,,,,,,,,,,,,,,,,,,,,,,,,,,,,0.749,,,,,,,,,,,,,,,,,,,,,,,,,,,,,,,,,,,,,,,,,,,,,,,,,,,,,,,,,,,,,,,,,,,,,,,,,,,,,,,,,,,,,,,,,,,,,,,,,,,,,,,,,,,,,,,,,,,,,,,,,,,,,,,,,,,,,,,,,,,,,,,,,,,,,,,,,,,,,,,,,,,,,,,,,,,,,,,,,,,,,,,,,,,,,,,,,,,,,,,,,,,,,,,,,,,,,,,,,,,,,,,,,,,,9.0,,21.0,,63.0,,,,,,,,,,,,,,,,,,,,,,,,,,,,,,,,,,,,,,,,,,,,,,,,,,,,,,,,,,,,,,,,,,,,,,,,,,,,,,,,,,,,,,,,,,,,,,,,,,,,,,,,,,,,,,,,,,,,,,,,,,,,,,,,,,,,,,,,,,,,,,,,,,,,,,,,,,,,,,,,,,,,,,,,,,,,,,,,,,,,,,,,,,,,,,,,,,,,,,,,,,,,,,,,,,,,,,,,,,,,,,,,,,,,,,,,,,,,,,,,,,,,,,,,,,,,,,,,,,,,,,,,,,,,,,,,,,,,,,,,,,,,,,,,,,,,,,,,,,,,,,,,,,,,,,,,,,,,,,,,,,,,,,,,,,,,,,,,,,,,,,,,,,,,,,,,,,,,,,,,,,,,,,,,,,,,,,,,,,,,,,,,,,,,,,,,,,,,,,,,,,,,10.0,,12.0,26.0,,,,,,,,,,,,,,,,,,,,,,,,,,,,,,,,,,,,,,,,,
2025120717,,,,,,,,,,,,,,,,,,,,,,,,,,,,,,,,,0.87,,,,,,,,,,,,,,,,,,,,,,,,,,,,,,,,,,,,,,,,,,,,,,,,,,,,,,,,,,,,,,,,,,,,,,,,,,,,,,,,,,,,,,,,,,,,,,,,,,,,,,,,,,,,,,,,,,,,,,,,,,,,,,,,,,,,,,,,,,,,,,,,,,,,,,,,,,,,,,,,,,,,,,,,,,,,,,,,,,,,,,,,,,,,,,,,,,,,,,,,,,,,,,,,,,,,,,,,,,,,,,,,,,,,,,,,,,,,,,,,,,,,,,,,,,,,,,,,,,,,,,,,,,,,,,,,,,,,,,,,,,,,,,,,,,,,,,,,,,,,,,,,,,,,,,,,,,,,,,,,,,,,,,,,,,,,,,,,,,,,,,,,,,,,,,,,,,,,,,,,,,,,,,,,,,,,,,,,,,,,,,,,,,,,,,,,,,,,,,,,,,,,,,,,,,,,,,,,,,,,,,,,,,,,,,,,,,,,,,,,,,,,,,,,,,,,,,,,,,,,,,,,,,,,,,,,,,,,,,,,,,,,,,,,,,,,,,,,,,,,,,,,,,,,,,,,,,,,,,,,,,,,,,,,,,,,,,,,,,,,,,,,,,,,,,,,,,,,,,,,,,,,,,,,,,,,,,,,,,,,,,,,,,,,,,,,,,,,,,,,,,,,,,,,,,,,,,,,,,,,,,,,,,,,,,,,,,,,,,,,,,,,,,,,,,,,,,,,,,,,,,,,,,,,,,,,,,,,,,,,
2025120718,7.309,0.0,0.858,1.609,2.421,3.087,3.731,4.529,5.163,5.829,0.133,6.348,6.919,7.776,8.61,9.511,10.511,11.678,12.974,14.534,17.459,24.48,94.0,0.0,16.0,0.0,3.0,79.0,1.0,0.0,50.0,0.0,1.067,,13.452,0.0,3.359,4.723,5.973,7.126,8.251,9.474,10.557,11.509,1.501,12.641,13.771,14.769,15.835,17.199,18.489,20.122,22.102,24.382,28.272,37.327,98.0,0.0,50.0,0.0,0.0,0.0,8.0,0.0,78.0,0.0,,,,,,,,,,,,,,,,,,,,,,,,,,,,,,,,,4.318,0.0,0.338,0.746,1.243,1.745,2.261,2.734,3.349,3.909,0.008,4.445,5.012,5.707,6.354,6.993,7.834,8.771,10.206,12.098,15.261,21.42,91.0,8.0,2.0,67.0,0.0,0.0,0.0,35.0,0.0,0.0,,,,,,,,,,,,,,,,,,,,,,,,,,,,,,,,,267.95,,,,,,,,,,,,,,,,,,,0.033,0.008,0.018,0.008,0.038,0.064,0.079,0.104,41.0,27.0,16.0,3.0,1.0,0.0,0.0,0.0,0.0,0.0,0.102,0.048,0.081,0.041,0.107,0.142,0.17,0.198,36.0,32.0,23.0,9.0,2.0,0.0,0.0,0.0,0.0,0.0,0.008,0.0,0.0,0.0,0.003,0.01,0.043,0.053,25.0,9.0,3.0,1.0,0.0,0.0,0.0,0.0,0.0,0.0,,,,,,,,,,,,,,,,,,,2.0,7.0,,,,32.0,384.0,,,,,,28.0,28.0,27.0,30.0,32.0,34.0,41.0,0.0,0.0,0.0,0.0,0.0,29.6,,272.27,1.13,0.0,19.0,2.0,,0.0,0.0,0.0,0.0,0.0,0.0,0.0,0.0,0.0,0.0,0.0,0.0,0.0,0.0,0.0,0.0,0.0,0.0,0.0,0.0,0.0,0.0,0.0,0.0,0.0,0.0,0.0,0.0,0.0,0.0,0.0,0.0,0.0,0.0,0.0,0.0,0.0,0.0,,,,,,,,,,,,,,8.0,9.999e+20,8.6,3.2,4.8,5.6,6.0,6.4,6.4,6.8,7.6,8.0,4.0,8.4,8.8,9.27642,9.74403,9.81567,10.2721,11.5795,12.087,13.525,14.9,15.8526,8.62362,3.11432,21.0,4.0,0.0,0.0,0.0,0.0,0.0,47.0,2.0,9.999e+20,9.999e+20,9.999e+20,9.999e+20,9.999e+20,,,,,,,,,,,,,,,,,,,,,,,,,,,,,,,,,,,,,,,,,,,,,,,,,,,,,,,,,,,,,,,,,,,,,,,,,,,,,,,,,,,,,,,,,,,,,,,,,,,,,,,,,,,,,,,,,,,,,,,,,,92.0,,0.0,,54.0,0.0,21.9,0.0,,92.0,,,,,,,,,,,,,,,,,,,,,,,,,,,,,,,,,,,,,,,,,,,,,,,,,,,,,,,,,,,,,5.6,3.6,4.7,3.4,5.6,6.4,6.9,7.1,1544.0,1432.0,1488.0,1376.0,1584.0,1696.0,1888.0,1944.0,,,82.0,9.0,,,,,,1.47525,273.43,1.2,,,,,,,,,,,,,,,,,,,,,,,,,,,,,,,271.882,268.766,269.799,270.509,270.701,270.86,271.354,271.643,271.624,271.813,269.41,272.113,272.349,272.721,272.731,272.885,272.995,273.505,273.418,273.743,274.134,274.853,0.0,0.0,0.0,0.0,0.0,24.0,74.0,0.0,9.999e+20,210.0,6.0,200.0,6.6,23.0,1.0,,1.0,1.0,2.0,,14080.0,,,,,911.0,210.0,210.0,210.0,,272.8,6.0,1.6,2.8,3.2,3.6,4.0,4.0,4.4,4.8,5.2,2.4,5.2,6.0,6.0,6.4,6.8,7.2,7.6,8.8,9.6,11.2,11.6,6.0,2.4,4.0,0.0,0.0,0.0,82.0,0.0,48.0,15.0,6.4,7.2,
2025120719,,,,,,,,,,,,,,,,,,,,,,,,,,,,,,,,,0.944,,,,,,,,,,,,,,,,,,,,,,,,,,,,,,,,,,,,,,,,,,,,,,,,,,,,,,,,,,,,,,,,,,,,,,,,,,,,,,,,,,,,,,,,,,,,,,,,,,,,,,,,,,,,,,,,,,,,,,,,,,,,,,,,,,,,,,,,,,,,,,,,,,,,,,,,,,,,,,,,,,,,,,,,,,,,,,,,,,,,,,,,,,,,,,,,,,,,,,,,,,,,,,,,,,,,,,,,,,,,,,,,,,,,8.0,,22.0,,65.0,,,,,,,,,,,,,,,,,,,,,,,,,,,,,,,,,,,,,,,,,,,,,,,,,,,,,,,,,,,,,,,,,,,,,,,,,,,,,,,,,,,,,,,,,,,,,,,,,,,,,,,,,,,,,,,,,,,,,,,,,,,,,,,,,,,,,,,,,,,,,,,,,,,,,,,,,,,,,,,,,,,,,,,,,,,,,,,,,,,,,,,,,,,,,,,,,,,,,,,,,,,,,,,,,,,,,,,,,,,,,,,,,,,,,,,,,,,,,,,,,,,,,,,,,,,,,,,,,,,,,,,,,,,,,,,,,,,,,,,,,,,,,,,,,,,,,,,,,,,,,,,,,,,,,,,,,,,,,,,,,,,,,,,,,,,,,,,,,,,,,,,,,,,,,,,,,,,,,,,,,,,,,,,,,,,,,,,,,,,,,,,,,,,,,,,,,,,,,,,,,,,,10.0,,16.0,29.0,,,,,,,,,,,,,,,,,,,,,,,,,,,,,,,,,,,,,,,,,
2025120720,,,,,,,,,,,,,,,,,,,,,,,,,,,,,,,,,0.771,,,,,,,,,,,,,,,,,,,,,,,,,,,,,,,,,,,,,,,,,,,,,,,,,,,,,,,,,,,,,,,,,,,,,,,,,,,,,,,,,,,,,,,,,,,,,,,,,,,,,,,,,,,,,,,,,,,,,,,,,,,,,,,,,,,,,,,,,,,,,,,,,,,,,,,,,,,,,,,,,,,,,,,,,,,,,,,,,,,,,,,,,,,,,,,,,,,,,,,,,,,,,,,,,,,,,,,,,,,,,,,,,,,,,,,,,,,,,,,,,,,,,,,,,,,,,,,,,,,,,,,,,,,,,,,,,,,,,,,,,,,,,,,,,,,,,,,,,,,,,,,,,,,,,,,,,,,,,,,,,,,,,,,,,,,,,,,,,,,,,,,,,,,,,,,,,,,,,,,,,,,,,,,,,,,,,,,,,,,,,,,,,,,,,,,,,,,,,,,,,,,,,,,,,,,,,,,,,,,,,,,,,,,,,,,,,,,,,,,,,,,,,,,,,,,,,,,,,,,,,,,,,,,,,,,,,,,,,,,,,,,,,,,,,,,,,,,,,,,,,,,,,,,,,,,,,,,,,,,,,,,,,,,,,,,,,,,,,,,,,,,,,,,,,,,,,,,,,,,,,,,,,,,,,,,,,,,,,,,,,,,,,,,,,,,,,,,,,,,,,,,,,,,,,,,,,,,,,,,,,,,,,,,,,,,,,,,,,,,,,,,,,,,,,,,,,,,,,,,,,,,,,,,,,,,,,,,,,,,,
2025120721,,,,,,,,,,,,,,,,,,,,,,,,,,,,,,,,,0.686,,,,,,,,,,,,,,,,,,,,,,,,,,,,,,,,,,,,,,,,,,,,,,,,,,,,,,,,,,,,,,,,,,,,,,,,,,,,,,,,,,,,,,,,,,,,,,,,,,,,,,,,,,,,,,,,,,,,,,,,,,,,,,,,,,270.67,,,,,,,,,,,,,,,,,,,,,,,,,,,,,,,,,,,,,,,,,,,,,,,,,,,,,,,,,,,,,,,,,,,,,,,,,,,,,,,,,,,,,,,,,,,12.0,27.0,,,,32.0,304.0,,,,,,24.0,26.0,23.0,28.0,31.0,33.0,40.0,0.0,0.0,0.0,0.0,0.0,27.8,,273.95,1.34,0.0,18.0,1.0,,,,,,,,,,,,,,,,,,,,,,,,,,,,,,,,,,,,,,,,,,,,,,,,,,,,,,9.999e+20,7.3,1.6,3.2,3.6,4.8,4.8,5.2,6.0,6.0,6.56588,2.8,7.04952,7.52783,8.03725,8.1378,8.64911,9.53264,10.0006,10.877,11.8752,12.6196,14.388,7.34552,3.14876,14.0,0.0,0.0,0.0,0.0,0.0,0.0,28.0,,9.999e+20,9.999e+20,9.999e+20,9.999e+20,9.999e+20,,,,,,,,,,,,,,,,,,,,,,,,,,,,,,,,,,,,,,,,,,,,,,,,,,,,,,,,,,,,,,,,,,,,,,,,,,,,,,,,,,,,,,,,,,,,,,,,,,,,,,,,,,,,,,,,,,,,,,,,,,,,48.0,,65.8,0.0,17.3,0.0,,94.0,,,,,,,,,,,,,,,,,,,,,,,,,,,,,,,,,,,,,,,,,,,,,,,,,,,,,,,,,,,,,5.8,4.6,5.3,4.5,6.0,6.7,7.1,7.6,1592.0,1408.0,1488.0,1352.0,1560.0,1640.0,1752.0,1824.0,,,75.0,12.0,,,,,,,274.65,1.32,,,,,,,,,,,,,,,,,,,,,,,,,,,,,,,,,,,,,,,,,,,,,,,,,,,,,,,,,,,,,9.999e+20,230.0,4.8,230.0,6.5,,,,2.0,,2.0,,14105.0,,,,,3661.0,230.0,230.0,230.0,,274.7,4.8,0.4,1.6,2.0,2.4,2.8,3.2,3.6,3.6,4.0,1.2,4.4,4.8,4.8,5.2,5.6,6.0,6.4,7.2,8.4,8.8,10.8,4.8,2.4,0.0,0.0,0.0,0.0,64.0,0.0,31.0,9.0,5.2,6.0,
2025120722,,,,,,,,,,,,,,,,,,,,,,,,,,,,,,,,,0.599,,,,,,,,,,,,,,,,,,,,,,,,,,,,,,,,,,,,,,,,,,,,,,,,,,,,,,,,,,,,,,,,,,,,,,,,,,,,,,,,,,,,,,,,,,,,,,,,,,,,,,,,,,,,,,,,,,,,,,,,,,,,,,,,,,,,,,,,,,,,,,,,,,,,,,,,,,,,,,,,,,,,,,,,,,,,,,,,,,,,,,,,,,,,,,,,,,,,,,,,,,,,,,,,,,,,,,,,,,,,,,,,,,,,3.0,,20.0,,60.0,,,,,,,,,,,,,,,,,,,,,,,,,,,,,,,,,,,,,,,,,,,,,,,,,,,,,,,,,,,,,,,,,,,,,,,,,,,,,,,,,,,,,,,,,,,,,,,,,,,,,,,,,,,,,,,,,,,,,,,,,,,,,,,,,,,,,,,,,,,,,,,,,,,,,,,,,,,,,,,,,,,,,,,,,,,,,,,,,,,,,,,,,,,,,,,,,,,,,,,,,,,,,,,,,,,,,,,,,,,,,,,,,,,,,,,,,,,,,,,,,,,,,,,,,,,,,,,,,,,,,,,,,,,,,,,,,,,,,,,,,,,,,,,,,,,,,,,,,,,,,,,,,,,,,,,,,,,,,,,,,,,,,,,,,,,,,,,,,,,,,,,,,,,,,,,,,,,,,,,,,,,,,,,,,,,,,,,,,,,,,,,,,,,,,,,,,,,,,,,,,,,,11.0,,19.0,31.0,,,,,,,,,,,,,,,,,,,,,,,,,,,,,,,,,,,,,,,,,
2025120723,,,,,,,,,,,,,,,,,,,,,,,,,,,,,,,,,0.577,,,,,,,,,,,,,,,,,,,,,,,,,,,,,,,,,,,,,,,,,,,,,,,,,,,,,,,,,,,,,,,,,,,,,,,,,,,,,,,,,,,,,,,,,,,,,,,,,,,,,,,,,,,,,,,,,,,,,,,,,,,,,,,,,,,,,,,,,,,,,,,,,,,,,,,,,,,,,,,,,,,,,,,,,,,,,,,,,,,,,,,,,,,,,,,,,,,,,,,,,,,,,,,,,,,,,,,,,,,,,,,,,,,,,,,,,,,,,,,,,,,,,,,,,,,,,,,,,,,,,,,,,,,,,,,,,,,,,,,,,,,,,,,,,,,,,,,,,,,,,,,,,,,,,,,,,,,,,,,,,,,,,,,,,,,,,,,,,,,,,,,,,,,,,,,,,,,,,,,,,,,,,,,,,,,,,,,,,,,,,,,,,,,,,,,,,,,,,,,,,,,,,,,,,,,,,,,,,,,,,,,,,,,,,,,,,,,,,,,,,,,,,,,,,,,,,,,,,,,,,,,,,,,,,,,,,,,,,,,,,,,,,,,,,,,,,,,,,,,,,,,,,,,,,,,,,,,,,,,,,,,,,,,,,,,,,,,,,,,,,,,,,,,,,,,,,,,,,,,,,,,,,,,,,,,,,,,,,,,,,,,,,,,,,,,,,,,,,,,,,,,,,,,,,,,,,,,,,,,,,,,,,,,,,,,,,,,,,,,,,,,,,,,,,,,,,,,,,,,,,,,,,,,,,,,,,,,,,,,,
2025120800,9.0,0.046,1.892,2.905,3.729,4.567,5.255,5.909,6.656,7.222,0.966,7.98,8.753,9.615,10.467,11.291,12.286,13.555,15.102,17.281,20.954,26.422,98.0,0.0,23.0,0.0,7.0,87.0,1.0,0.0,62.0,0.0,0.614,,14.908,0.176,4.173,5.929,7.285,8.536,9.674,10.689,11.776,12.964,2.258,14.12,15.197,16.26,17.561,18.835,20.216,21.898,23.999,26.53,30.842,37.885,99.0,0.0,56.0,0.0,0.0,0.0,12.0,0.0,84.0,0.0,24.303,2.593,10.573,12.837,14.908,16.723,18.276,20.087,21.496,22.667,7.677,23.917,25.406,26.775,28.51,29.964,31.671,33.377,35.366,37.704,41.817,49.105,85.0,0.0,99.0,0.0,45.0,0.0,0.0,0.0,1.0,0.0,3.302,0.0,0.171,0.418,0.638,0.877,1.13,1.371,1.64,1.949,0.002,2.27,2.667,3.115,3.569,4.101,4.702,5.466,6.338,7.541,9.43,14.713,89.0,2.0,0.0,47.0,0.0,0.0,0.0,15.0,0.0,0.0,,,,,,,,,,,,,,,,,,,,,,,,,,,,,,,,,270.29,,,,,,,,,,,,,,,,,,,0.023,0.003,0.005,0.0,0.018,0.038,0.053,0.064,37.0,18.0,9.0,1.0,0.0,0.0,0.0,0.0,0.0,0.0,0.127,0.064,0.084,0.043,0.109,0.145,0.17,0.198,36.0,33.0,24.0,11.0,3.0,0.0,0.0,0.0,0.0,0.0,0.003,0.0,0.0,0.0,0.0,0.003,0.01,0.015,17.0,2.0,0.0,0.0,0.0,0.0,0.0,0.0,0.0,0.0,,,,,,,,,,,,,,,,,,,8.0,13.0,,,,120.0,384.0,,,,,,23.0,24.0,22.0,26.0,29.0,31.0,37.0,0.0,0.0,0.0,0.0,0.0,26.5,,272.89,1.23,0.0,15.0,3.0,,0.0,0.0,0.0,0.0,0.0,0.0,0.0,0.0,0.0,0.0,0.0,0.0,0.0,0.0,0.0,0.0,0.0,0.0,0.0,0.0,0.0,0.0,0.0,0.0,0.0,0.0,0.0,0.0,0.0,0.0,0.0,0.0,0.0,0.0,0.0,0.0,0.0,0.0,,,,,,,,,,,,,,6.0,9.999e+20,6.2,1.2,2.8,3.2,3.6,4.4,4.4,4.8,5.2,5.65521,2.4,5.77823,6.35038,6.83082,6.98421,7.49143,7.99938,8.5246,9.04725,9.52912,10.0759,13.0508,6.16259,2.67118,2.0,0.0,0.0,0.0,0.0,0.0,0.0,16.0,2.0,9.999e+20,9.999e+20,9.999e+20,9.999e+20,9.999e+20,,,,,,,,,,,,,,,,,,,,,,,,,,,,,,,,,,,,,,,,,,,,,,,,,,,,,,,,,,,,,,,,,,,,,,,,,,,,,,,,,,,,,,,,,,,,,,,,,,,,,,,,,,,,,,,,,,,,,,,,,,,,0.0,5.0,63.9,0.0,23.6,0.0,,92.0,,,,,,,,,,,,,,,,,,,,,,,,,,,,,,,,,,,,,,,,,,,,,,,,,,,,,,,,,,,,,6.6,5.7,6.3,5.5,6.6,7.2,7.8,8.2,1520.0,1312.0,1408.0,1216.0,1496.0,1560.0,1608.0,1680.0,,,80.0,11.0,,275.68,1.55,,,,274.34,1.22,,,,,,,,,,,,,,,,,,,,,,,,,,,,,,,,,,,,,,,,,,,,,,,,,,,,,,,,,,,,,9.999e+20,230.0,4.0,210.0,5.1,20.0,5.0,,2.0,5.0,2.0,,16256.0,,,,,1108.0,230.0,230.0,230.0,,273.9,4.0,0.4,1.6,2.0,2.0,2.4,2.8,2.8,3.2,3.2,1.2,3.6,4.0,4.4,4.4,4.8,5.2,5.6,6.0,6.4,6.8,8.4,4.0,2.0,0.0,0.0,0.0,0.0,49.0,0.0,19.0,1.0,4.4,4.8,
2025120801,,,,,,,,,,,,,,,,,,,,,,,,,,,,,,,,,0.536,,,,,,,,,,,,,,,,,,,,,,,,,,,,,,,,,,,,,,,,,,,,,,,,,,,,,,,,,,,,,,,,,,,,,,,,,,,,,,,,,,,,,,,,,,,,,,,,,,,,,,,,,,,,,,,,,,,,,,,,,,,,,,,,,,,,,,,,,,,,,,,,,,,,,,,,,,,,,,,,,,,,,,,,,,,,,,,,,,,,,,,,,,,,,,,,,,,,,,,,,,,,,,,,,,,,,,,,,,,,,,,,,,,,16.0,,26.0,,59.0,,,,,,,,,,,,,,,,,,,,,,,,,,,,,,,,,,,,,,,,,,,,,,,,,,,,,,,,,,,,,,,,,,,,,,,,,,,,,,,,,,,,,,,,,,,,,,,,,,,,,,,,,,,,,,,,,,,,,,,,,,,,,,,,,,,,,,,,,,,,,,,,,,,,,,,,,,,,,,,,,,,,,,,,,,,,,,,,,,,,,,,,,,,,,,,,,,,,,,,,,,,,,,,,,,,,,,,,,,,,,,,,,,,,,,,,,,,,,,,,,,,,,,,,,,,,,,,,,,,,,,,,,,,,,,,,,,,,,,,,,,,,,,,,,,,,,,,,,,,,,,,,,,,,,,,,,,,,,,,,,,,,,,,,,,,,,,,,,,,,,,,,,,,,,,,,,,,,,,,,,,,,,,,,,,,,,,,,,,,,,,,,,,,,,,,,,,,,,,,,,,,,11.0,,17.0,27.0,,,,,,,,,,,,,,,,,,,,,,,,,,,,,,,,,,,,,,,,,
2025120802,,,,,,,,,,,,,,,,,,,,,,,,,,,,,,,,,0.416,,,,,,,,,,,,,,,,,,,,,,,,,,,,,,,,,,,,,,,,,,,,,,,,,,,,,,,,,,,,,,,,,,,,,,,,,,,,,,,,,,,,,,,,,,,,,,,,,,,,,,,,,,,,,,,,,,,,,,,,,,,,,,,,,,,,,,,,,,,,,,,,,,,,,,,,,,,,,,,,,,,,,,,,,,,,,,,,,,,,,,,,,,,,,,,,,,,,,,,,,,,,,,,,,,,,,,,,,,,,,,,,,,,,,,,,,,,,,,,,,,,,,,,,,,,,,,,,,,,,,,,,,,,,,,,,,,,,,,,,,,,,,,,,,,,,,,,,,,,,,,,,,,,,,,,,,,,,,,,,,,,,,,,,,,,,,,,,,,,,,,,,,,,,,,,,,,,,,,,,,,,,,,,,,,,,,,,,,,,,,,,,,,,,,,,,,,,,,,,,,,,,,,,,,,,,,,,,,,,,,,,,,,,,,,,,,,,,,,,,,,,,,,,,,,,,,,,,,,,,,,,,,,,,,,,,,,,,,,,,,,,,,,,,,,,,,,,,,,,,,,,,,,,,,,,,,,,,,,,,,,,,,,,,,,,,,,,,,,,,,,,,,,,,,,,,,,,,,,,,,,,,,,,,,,,,,,,,,,,,,,,,,,,,,,,,,,,,,,,,,,,,,,,,,,,,,,,,,,,,,,,,,,,,,,,,,,,,,,,,,,,,,,,,,,,,,,,,,,,,,,,,,,,,,,,,,,,,,,,,
2025120803,,,,,,,,,,,,,,,,,,,,,,,,,,,,,,,,,0.322,,,,,,,,,,,,,,,,,,,,,,,,,,,,,,,,,,,,,,,,,,,,,,,,,,,,,,,,,,,,,,,,,,,,,,,,,,,,,,,,,,,,,,,,,,,,,,,,,,,,,,,,,,,,,,,,,,,,,,,,,,,,,,,,,,269.8,,,,,,,,,,,,,,,,,,,,,,,,,,,,,,,,,,,,,,,,,,,,,,,,,,,,,,,,,,,,,,,,,,,,,,,,,,,,,,,,,,,,,,,,,,,7.0,7.0,,,,224.0,448.0,,,,,,24.0,26.0,24.0,27.0,29.0,32.0,32.0,0.0,0.0,0.0,0.0,0.0,26.8,,272.24,1.33,0.0,0.0,2.0,,,,,,,,,,,,,,,,,,,,,,,,,,,,,,,,,,,,,,,,,,,,,,,,,,,,,,9.999e+20,6.8,2.4,4.0,4.4,4.8,5.2,5.6,6.0,6.0,6.4,3.6,6.8,6.89368,7.00099,7.51716,7.64287,8.14088,8.74109,9.22367,9.75709,10.7627,13.2071,6.79448,2.41676,3.0,0.0,0.0,0.0,0.0,0.0,0.0,19.0,,9.999e+20,9.999e+20,9.999e+20,9.999e+20,9.999e+20,,,,,,,,,,,,,,,,,,,,,,,,,,,,,,,,,,,,,,,,,,,,,,,,,,,,,,,,,,,,,,,,,,,,,,,,,,,,,,,,,,,,,,,,,,,,,,,,,,,,,,,,,,,,,,,,,,,,,,,,,,,,0.0,,31.2,0.0,31.4,0.0,,87.0,,,,,,,,,,,,,,,,,,,,,,,,,,,,,,,,,,,,,,,,,,,,,,,,,,,,,,,,,,,,,6.7,5.8,6.2,5.4,6.8,7.3,7.6,8.4,1416.0,1224.0,1296.0,1160.0,1416.0,1496.0,1592.0,1616.0,,,75.0,13.0,,,,,,,274.1,1.46,,,,,,,,,,,,,,,,,,,,,,,,,,,,,,,,,,,,,,,,,,,,,,,,,,,,,,,,,,,,,9.999e+20,230.0,4.8,220.0,4.7,,,,1.0,,2.0,,14336.0,,,,,681.0,230.0,230.0,230.0,,273.6,4.8,1.2,2.4,2.8,3.2,3.6,3.6,4.0,4.0,4.4,2.0,4.8,4.8,5.2,5.2,5.6,5.6,6.0,6.8,7.2,7.6,9.2,4.8,1.6,0.0,0.0,0.0,0.0,71.0,0.0,25.0,2.0,5.2,6.0,
2025120804,,,,,,,,,,,,,,,,,,,,,,,,,,,,,,,,,0.264,,,,,,,,,,,,,,,,,,,,,,,,,,,,,,,,,,,,,,,,,,,,,,,,,,,,,,,,,,,,,,,,,,,,,,,,,,,,,,,,,,,,,,,,,,,,,,,,,,,,,,,,,,,,,,,,,,,,,,,,,,,,,,,,,,,,,,,,,,,,,,,,,,,,,,,,,,,,,,,,,,,,,,,,,,,,,,,,,,,,,,,,,,,,,,,,,,,,,,,,,,,,,,,,,,,,,,,,,,,,,,,,,,,,15.0,,24.0,,55.0,,,,,,,,,,,,,,,,,,,,,,,,,,,,,,,,,,,,,,,,,,,,,,,,,,,,,,,,,,,,,,,,,,,,,,,,,,,,,,,,,,,,,,,,,,,,,,,,,,,,,,,,,,,,,,,,,,,,,,,,,,,,,,,,,,,,,,,,,,,,,,,,,,,,,,,,,,,,,,,,,,,,,,,,,,,,,,,,,,,,,,,,,,,,,,,,,,,,,,,,,,,,,,,,,,,,,,,,,,,,,,,,,,,,,,,,,,,,,,,,,,,,,,,,,,,,,,,,,,,,,,,,,,,,,,,,,,,,,,,,,,,,,,,,,,,,,,,,,,,,,,,,,,,,,,,,,,,,,,,,,,,,,,,,,,,,,,,,,,,,,,,,,,,,,,,,,,,,,,,,,,,,,,,,,,,,,,,,,,,,,,,,,,,,,,,,,,,,,,,,,,,,11.0,,15.0,23.0,,,,,,,,,,,,,,,,,,,,,,,,,,,,,,,,,,,,,,,,,
2025120805,,,,,,,,,,,,,,,,,,,,,,,,,,,,,,,,,0.225,,,,,,,,,,,,,,,,,,,,,,,,,,,,,,,,,,,,,,,,,,,,,,,,,,,,,,,,,,,,,,,,,,,,,,,,,,,,,,,,,,,,,,,,,,,,,,,,,,,,,,,,,,,,,,,,,,,,,,,,,,,,,,,,,,,,,,,,,,,,,,,,,,,,,,,,,,,,,,,,,,,,,,,,,,,,,,,,,,,,,,,,,,,,,,,,,,,,,,,,,,,,,,,,,,,,,,,,,,,,,,,,,,,,,,,,,,,,,,,,,,,,,,,,,,,,,,,,,,,,,,,,,,,,,,,,,,,,,,,,,,,,,,,,,,,,,,,,,,,,,,,,,,,,,,,,,,,,,,,,,,,,,,,,,,,,,,,,,,,,,,,,,,,,,,,,,,,,,,,,,,,,,,,,,,,,,,,,,,,,,,,,,,,,,,,,,,,,,,,,,,,,,,,,,,,,,,,,,,,,,,,,,,,,,,,,,,,,,,,,,,,,,,,,,,,,,,,,,,,,,,,,,,,,,,,,,,,,,,,,,,,,,,,,,,,,,,,,,,,,,,,,,,,,,,,,,,,,,,,,,,,,,,,,,,,,,,,,,,,,,,,,,,,,,,,,,,,,,,,,,,,,,,,,,,,,,,,,,,,,,,,,,,,,,,,,,,,,,,,,,,,,,,,,,,,,,,,,,,,,,,,,,,,,,,,,,,,,,,,,,,,,,,,,,,,,,,,,,,,,,,,,,,,,,,,,,,,,,,,,
2025120806,3.927,0.0,0.486,0.828,1.104,1.384,1.655,1.917,2.287,2.593,0.101,2.927,3.317,3.788,4.254,4.814,5.366,6.113,6.959,8.387,10.971,17.094,93.0,0.0,3.0,0.0,1.0,56.0,0.0,0.0,18.0,0.0,0.175,,,,,,,,,,,,,,,,,,,,,,,,,,,,,,,,,,,,,,,,,,,,,,,,,,,,,,,,,,,,,,,,,,0.508,0.0,0.0,0.0,0.0,0.001,0.057,0.143,0.233,0.331,0.0,0.446,0.58,0.73,0.899,1.08,1.29,1.542,1.907,2.458,3.931,7.362,59.0,0.0,0.0,9.0,0.0,0.0,0.0,2.0,0.0,0.0,,,,,,,,,,,,,,,,,,,,,,,,,,,,,,,,,269.83,,,,,,,,,,,,,,,,,,,0.02,0.0,0.005,0.0,0.015,0.036,0.053,0.064,35.0,17.0,7.0,1.0,0.0,0.0,0.0,0.0,0.0,0.0,0.099,0.043,0.071,0.038,0.089,0.122,0.145,0.165,36.0,32.0,18.0,5.0,1.0,0.0,0.0,0.0,0.0,0.0,0.0,0.0,0.0,0.0,0.0,0.0,0.003,0.005,8.0,0.0,0.0,0.0,0.0,0.0,0.0,0.0,0.0,0.0,,,,,,,,,,,,,,,,,,,2.0,5.0,,,,32.0,552.0,,,,,,24.0,25.0,21.0,27.0,29.0,30.0,33.0,0.0,0.0,0.0,0.0,0.0,27.4,,271.41,1.72,0.0,0.0,3.0,,0.0,0.0,0.0,0.0,0.0,0.0,0.0,0.0,0.0,0.0,0.0,0.0,0.0,0.0,0.0,0.0,0.0,0.0,0.0,0.0,0.0,0.0,0.0,0.0,0.0,0.0,0.0,0.0,0.0,0.0,0.0,0.0,0.0,0.0,0.0,0.0,0.0,0.0,,,,,,,,,,,,,,8.0,9.999e+20,6.4,2.4,4.0,4.4,4.8,4.8,5.2,5.2,5.6,6.02214,3.2,6.07377,6.50815,6.60907,7.07796,7.1627,7.68237,7.80812,8.81079,9.08346,9.74013,13.2252,6.38187,2.34385,2.0,0.0,0.0,0.0,0.0,0.0,0.0,13.0,3.0,9.999e+20,9.999e+20,9.999e+20,9.999e+20,9.999e+20,,,,,,,,,,,,,,,,,,,,,,,,,,,,,,,,,,,,,,,,,,,,,,,,,,,,,,,,,,,,,,,,,,,,,,,,,,,,,,,,,,,,,,,,,,,,,,,,,,,,,,,,,,,,,,,,,,,,,,,,,,,82.0,0.0,,21.4,0.0,31.3,0.0,,82.0,,,,,,,,,,,,,,,,,,,,,,,,,,,,,,,,,,,,,,,,,,,,,,,,,,,,,,,,,,,,,6.4,5.3,6.0,5.1,6.5,7.4,7.9,8.0,1384.0,1168.0,1256.0,1120.0,1360.0,1480.0,1560.0,1624.0,,,74.0,12.0,,,,,,1.00438,274.34,1.74,275.271,273.077,274.31,274.551,274.685,274.798,274.814,274.931,275.139,275.432,273.706,275.585,275.818,275.684,275.864,276.088,276.295,276.11,276.497,276.518,277.16,277.792,0.0,0.0,1.0,0.0,0.0,0.0,0.0,0.0,,,,,,,,,,,,,,,,,,,,,,,,,,,,,,,9.999e+20,220.0,4.4,200.0,4.6,23.0,7.0,,0.0,4.0,2.0,,14208.0,,,,,623.0,220.0,220.0,220.0,,273.3,4.4,1.2,2.4,2.8,2.8,3.2,3.6,3.6,4.0,4.0,1.6,4.4,4.4,4.8,5.2,5.2,5.6,6.0,6.4,6.4,7.2,9.6,4.4,1.6,0.0,0.0,0.0,0.0,65.0,0.0,22.0,2.0,5.2,5.6,
2025120807,,,,,,,,,,,,,,,,,,,,,,,,,,,,,,,,,0.178,,,,,,,,,,,,,,,,,,,,,,,,,,,,,,,,,,,,,,,,,,,,,,,,,,,,,,,,,,,,,,,,,,,,,,,,,,,,,,,,,,,,,,,,,,,,,,,,,,,,,,,,,,,,,,,,,,,,,,,,,,,,,,,,,,,,,,,,,,,,,,,,,,,,,,,,,,,,,,,,,,,,,,,,,,,,,,,,,,,,,,,,,,,,,,,,,,,,,,,,,,,,,,,,,,,,,,,,,,,,,,,,,,,,13.0,,22.0,,51.0,,,,,,,,,,,,,,,,,,,,,,,,,,,,,,,,,,,,,,,,,,,,,,,,,,,,,,,,,,,,,,,,,,,,,,,,,,,,,,,,,,,,,,,,,,,,,,,,,,,,,,,,,,,,,,,,,,,,,,,,,,,,,,,,,,,,,,,,,,,,,,,,,,,,,,,,,,,,,,,,,,,,,,,,,,,,,,,,,,,,,,,,,,,,,,,,,,,,,,,,,,,,,,,,,,,,,,,,,,,,,,,,,,,,,,,,,,,,,,,,,,,,,,,,,,,,,,,,,,,,,,,,,,,,,,,,,,,,,,,,,,,,,,,,,,,,,,,,,,,,,,,,,,,,,,,,,,,,,,,,,,,,,,,,,,,,,,,,,,,,,,,,,,,,,,,,,,,,,,,,,,,,,,,,,,,,,,,,,,,,,,,,,,,,,,,,,,,,,,,,,,,,10.0,,14.0,24.0,,,,,,,,,,,,,,,,,,,,,,,,,,,,,,,,,,,,,,,,,
2025120808,,,,,,,,,,,,,,,,,,,,,,,,,,,,,,,,,0.217,,,,,,,,,,,,,,,,,,,,,,,,,,,,,,,,,,,,,,,,,,,,,,,,,,,,,,,,,,,,,,,,,,,,,,,,,,,,,,,,,,,,,,,,,,,,,,,,,,,,,,,,,,,,,,,,,,,,,,,,,,,,,,,,,,,,,,,,,,,,,,,,,,,,,,,,,,,,,,,,,,,,,,,,,,,,,,,,,,,,,,,,,,,,,,,,,,,,,,,,,,,,,,,,,,,,,,,,,,,,,,,,,,,,,,,,,,,,,,,,,,,,,,,,,,,,,,,,,,,,,,,,,,,,,,,,,,,,,,,,,,,,,,,,,,,,,,,,,,,,,,,,,,,,,,,,,,,,,,,,,,,,,,,,,,,,,,,,,,,,,,,,,,,,,,,,,,,,,,,,,,,,,,,,,,,,,,,,,,,,,,,,,,,,,,,,,,,,,,,,,,,,,,,,,,,,,,,,,,,,,,,,,,,,,,,,,,,,,,,,,,,,,,,,,,,,,,,,,,,,,,,,,,,,,,,,,,,,,,,,,,,,,,,,,,,,,,,,,,,,,,,,,,,,,,,,,,,,,,,,,,,,,,,,,,,,,,,,,,,,,,,,,,,,,,,,,,,,,,,,,,,,,,,,,,,,,,,,,,,,,,,,,,,,,,,,,,,,,,,,,,,,,,,,,,,,,,,,,,,,,,,,,,,,,,,,,,,,,,,,,,,,,,,,,,,,,,,,,,,,,,,,,,,,,,,,,,,,,,,,
2025120809,,,,,,,,,,,,,,,,,,,,,,,,,,,,,,,,,0.224,,,,,,,,,,,,,,,,,,,,,,,,,,,,,,,,,,,,,,,,,,,,,,,,,,,,,,,,,,,,,,,,,,,,,,,,,,,,,,,,,,,,,,,,,,,,,,,,,,,,,,,,,,,,,,,,,,,,,,,,,,,,,,,,,,270.33,,,,,,,,,,,,,,,,,,,,,,,,,,,,,,,,,,,,,,,,,,,,,,,,,,,,,,,,,,,,,,,,,,,,,,,,,,,,,,,,,,,,,,,,,,,1.0,2.0,,,,120.0,504.0,,,,,,24.0,26.0,23.0,27.0,29.0,33.0,37.0,0.0,0.0,0.0,0.0,0.0,29.1,,271.36,2.12,0.0,0.0,3.0,,,,,,,,,,,,,,,,,,,,,,,,,,,,,,,,,,,,,,,,,,,,,,,,,,,,,,9.999e+20,6.7,2.4,4.0,4.4,4.8,4.8,5.6,5.6,6.0,6.4,3.2,6.44959,6.54433,6.63753,7.12234,7.20367,8.11129,8.5999,9.47212,9.65068,11.5296,12.8119,6.7154,2.36196,5.0,0.0,0.0,0.0,0.0,0.0,0.0,20.0,,9.999e+20,9.999e+20,9.999e+20,9.999e+20,9.999e+20,,,,,,,,,,,,,,,,,,,,,,,,,,,,,,,,,,,,,,,,,,,,,,,,,,,,,,,,,,,,,,,,,,,,,,,,,,,,,,,,,,,,,,,,,,,,,,,,,,,,,,,,,,,,,,,,,,,,,,,,,,,,0.0,,35.6,0.0,48.2,0.0,,79.0,,,,,,,,,,,,,,,,,,,,,,,,,,,,,,,,,,,,,,,,,,,,,,,,,,,,,,,,,,,,,6.1,4.8,5.6,4.0,6.5,7.0,7.9,8.1,1440.0,1168.0,1240.0,1128.0,1360.0,1472.0,1584.0,1808.0,,,84.0,8.0,,,,,,,274.51,2.12,,,,,,,,,,,,,,,,,,,,,,,,,,,,,,,,,,,,,,,,,,,,,,,,,,,,,,,,,,,,,9.999e+20,210.0,4.8,190.0,5.3,,,,1.0,,2.0,,13824.0,,,,,737.0,210.0,210.0,210.0,,273.8,4.8,1.2,2.4,2.8,2.8,3.2,3.2,4.0,4.0,4.4,2.0,4.8,4.8,5.2,5.2,5.2,5.6,6.4,6.8,7.2,8.0,10.0,4.8,2.0,0.0,0.0,0.0,0.0,68.0,0.0,26.0,3.0,5.2,6.0,
2025120810,,,,,,,,,,,,,,,,,,,,,,,,,,,,,,,,,0.253,,,,,,,,,,,,,,,,,,,,,,,,,,,,,,,,,,,,,,,,,,,,,,,,,,,,,,,,,,,,,,,,,,,,,,,,,,,,,,,,,,,,,,,,,,,,,,,,,,,,,,,,,,,,,,,,,,,,,,,,,,,,,,,,,,,,,,,,,,,,,,,,,,,,,,,,,,,,,,,,,,,,,,,,,,,,,,,,,,,,,,,,,,,,,,,,,,,,,,,,,,,,,,,,,,,,,,,,,,,,,,,,,,,,14.0,,22.0,,52.0,,,,,,,,,,,,,,,,,,,,,,,,,,,,,,,,,,,,,,,,,,,,,,,,,,,,,,,,,,,,,,,,,,,,,,,,,,,,,,,,,,,,,,,,,,,,,,,,,,,,,,,,,,,,,,,,,,,,,,,,,,,,,,,,,,,,,,,,,,,,,,,,,,,,,,,,,,,,,,,,,,,,,,,,,,,,,,,,,,,,,,,,,,,,,,,,,,,,,,,,,,,,,,,,,,,,,,,,,,,,,,,,,,,,,,,,,,,,,,,,,,,,,,,,,,,,,,,,,,,,,,,,,,,,,,,,,,,,,,,,,,,,,,,,,,,,,,,,,,,,,,,,,,,,,,,,,,,,,,,,,,,,,,,,,,,,,,,,,,,,,,,,,,,,,,,,,,,,,,,,,,,,,,,,,,,,,,,,,,,,,,,,,,,,,,,,,,,,,,,,,,,,12.0,,17.0,28.0,,,,,,,,,,,,,,,,,,,,,,,,,,,,,,,,,,,,,,,,,
2025120811,,,,,,,,,,,,,,,,,,,,,,,,,,,,,,,,,0.238,,,,,,,,,,,,,,,,,,,,,,,,,,,,,,,,,,,,,,,,,,,,,,,,,,,,,,,,,,,,,,,,,,,,,,,,,,,,,,,,,,,,,,,,,,,,,,,,,,,,,,,,,,,,,,,,,,,,,,,,,,,,,,,,,,,,,,,,,,,,,,,,,,,,,,,,,,,,,,,,,,,,,,,,,,,,,,,,,,,,,,,,,,,,,,,,,,,,,,,,,,,,,,,,,,,,,,,,,,,,,,,,,,,,,,,,,,,,,,,,,,,,,,,,,,,,,,,,,,,,,,,,,,,,,,,,,,,,,,,,,,,,,,,,,,,,,,,,,,,,,,,,,,,,,,,,,,,,,,,,,,,,,,,,,,,,,,,,,,,,,,,,,,,,,,,,,,,,,,,,,,,,,,,,,,,,,,,,,,,,,,,,,,,,,,,,,,,,,,,,,,,,,,,,,,,,,,,,,,,,,,,,,,,,,,,,,,,,,,,,,,,,,,,,,,,,,,,,,,,,,,,,,,,,,,,,,,,,,,,,,,,,,,,,,,,,,,,,,,,,,,,,,,,,,,,,,,,,,,,,,,,,,,,,,,,,,,,,,,,,,,,,,,,,,,,,,,,,,,,,,,,,,,,,,,,,,,,,,,,,,,,,,,,,,,,,,,,,,,,,,,,,,,,,,,,,,,,,,,,,,,,,,,,,,,,,,,,,,,,,,,,,,,,,,,,,,,,,,,,,,,,,,,,,,,,,,,,,,,,,
2025120812,2.825,0.0,0.0,0.003,0.167,0.349,0.545,0.756,1.002,1.297,0.0,1.546,1.871,2.199,2.544,3.082,3.631,4.253,5.361,7.211,10.278,20.094,78.0,0.0,3.0,0.0,1.0,35.0,0.0,0.0,12.0,0.0,0.308,,13.571,0.877,4.616,5.795,6.718,7.732,8.63,9.442,10.27,11.064,3.159,12.075,13.142,14.299,15.209,16.312,17.642,19.251,21.292,24.53,29.44,38.885,99.0,0.0,47.0,0.0,0.0,0.0,9.0,0.0,82.0,0.0,20.173,3.284,9.051,11.071,12.629,13.886,15.168,16.059,17.265,18.348,6.577,19.537,20.64,21.64,22.677,23.709,25.028,26.88,29.351,32.291,35.862,47.944,80.0,0.0,99.0,0.0,24.0,0.0,0.0,0.0,1.0,0.0,2.032,0.0,0.0,0.0,0.0,0.0,0.002,0.101,0.259,0.412,0.0,0.591,0.831,1.094,1.384,1.706,2.088,2.723,3.734,4.995,7.108,14.183,60.0,1.0,0.0,21.0,0.0,0.0,0.0,6.0,0.0,0.0,30.872,7.259,16.157,18.699,21.443,23.095,24.631,26.302,27.892,28.999,12.49,30.454,31.904,33.156,34.771,36.364,37.953,39.697,42.108,45.058,50.713,63.344,0.0,0.0,68.0,0.0,0.0,5.0,0.0,99.0,0.0,0.0,270.6,,,,,,,,,,,,,,,,,,,0.015,0.0,0.003,0.0,0.008,0.023,0.048,0.058,31.0,12.0,5.0,1.0,0.0,0.0,0.0,0.0,0.0,0.0,0.064,0.018,0.033,0.015,0.053,0.081,0.112,0.119,32.0,24.0,8.0,2.0,1.0,0.0,0.0,0.0,0.0,0.0,0.003,0.0,0.0,0.0,0.0,0.0,0.005,0.008,10.0,0.0,0.0,0.0,0.0,0.0,0.0,0.0,0.0,0.0,,,,,,,,,,,,,,,,,,,1.0,2.0,,,,32.0,360.0,,,,,,26.0,26.0,25.0,27.0,29.0,31.0,32.0,0.0,0.0,0.0,0.0,0.0,27.6,,271.71,2.81,0.0,0.0,3.0,,0.0,0.0,0.0,0.0,0.0,0.0,0.0,0.0,0.0,0.0,0.0,0.0,0.0,0.0,0.0,0.0,0.0,0.0,0.0,0.0,0.0,0.0,0.0,0.0,0.0,0.0,0.0,0.0,0.0,0.0,0.0,0.0,0.0,0.0,0.0,0.0,0.0,0.0,,,,,,,,,,,,,,11.2,9.999e+20,7.0,2.4,4.0,4.4,4.8,5.2,5.6,6.0,6.0,6.4,3.6,6.8,6.84597,7.27617,7.71087,8.13861,8.63307,9.17002,9.68386,10.6839,12.1009,14.0853,6.98533,3.10355,7.0,1.0,1.0,1.0,1.0,0.0,0.0,22.0,3.0,9.999e+20,9.999e+20,9.999e+20,9.999e+20,9.999e+20,,,,,,,,,,,,,,,,,,,,,,,,,,,,,,,,,,,,,,,,,,,,,,,,,,,,,,,,,,,,,,,,,,,,,,,,,,,,,,,,,,,,,,,,,,,,,,,,,,,,,,,,,,,,,,,,,,,,,,,,,,,,0.0,3.0,46.3,0.0,42.2,0.0,,79.0,,,,,,,,,,,,,,,,,,,,,,,,,,,,,,,,,,,,,,,,,,,,,,,,,,,,,,,,,,,,,5.6,4.0,5.1,2.8,6.1,7.0,7.6,8.1,1568.0,1224.0,1288.0,1184.0,1392.0,1552.0,1928.0,2160.0,,,86.0,7.0,,,,273.9,2.36,,275.1,2.79,,,,,,,,,,,,,,,,,,,,,,,,,,,,,,,,,,,,,,,,,,,,,,,,,,,,,,,,,,,,,9.999e+20,220.0,5.2,210.0,5.5,26.0,6.0,,1.0,2.0,3.0,,13440.0,,,,,743.0,220.0,220.0,220.0,,273.9,5.2,1.2,2.4,2.8,3.2,3.2,3.6,3.6,4.0,4.4,2.0,4.8,4.8,5.2,5.6,6.0,6.0,6.4,7.2,8.0,9.6,11.2,4.8,2.4,1.0,1.0,1.0,0.0,69.0,0.0,33.0,7.0,5.6,6.4,
2025120813,,,,,,,,,,,,,,,,,,,,,,,,,,,,,,,,,0.402,,,,,,,,,,,,,,,,,,,,,,,,,,,,,,,,,,,,,,,,,,,,,,,,,,,,,,,,,,,,,,,,,,,,,,,,,,,,,,,,,,,,,,,,,,,,,,,,,,,,,,,,,,,,,,,,,,,,,,,,,,,,,,,,,,,,,,,,,,,,,,,,,,,,,,,,,,,,,,,,,,,,,,,,,,,,,,,,,,,,,,,,,,,,,,,,,,,,,,,,,,,,,,,,,,,,,,,,,,,,,,,,,,,,13.0,,26.0,,66.0,,,,,,,,,,,,,,,,,,,,,,,,,,,,,,,,,,,,,,,,,,,,,,,,,,,,,,,,,,,,,,,,,,,,,,,,,,,,,,,,,,,,,,,,,,,,,,,,,,,,,,,,,,,,,,,,,,,,,,,,,,,,,,,,,,,,,,,,,,,,,,,,,,,,,,,,,,,,,,,,,,,,,,,,,,,,,,,,,,,,,,,,,,,,,,,,,,,,,,,,,,,,,,,,,,,,,,,,,,,,,,,,,,,,,,,,,,,,,,,,,,,,,,,,,,,,,,,,,,,,,,,,,,,,,,,,,,,,,,,,,,,,,,,,,,,,,,,,,,,,,,,,,,,,,,,,,,,,,,,,,,,,,,,,,,,,,,,,,,,,,,,,,,,,,,,,,,,,,,,,,,,,,,,,,,,,,,,,,,,,,,,,,,,,,,,,,,,,,,,,,,,,11.0,,17.0,31.0,,,,,,,,,,,,,,,,,,,,,,,,,,,,,,,,,,,,,,,,,
2025120814,,,,,,,,,,,,,,,,,,,,,,,,,,,,,,,,,0.473,,,,,,,,,,,,,,,,,,,,,,,,,,,,,,,,,,,,,,,,,,,,,,,,,,,,,,,,,,,,,,,,,,,,,,,,,,,,,,,,,,,,,,,,,,,,,,,,,,,,,,,,,,,,,,,,,,,,,,,,,,,,,,,,,,,,,,,,,,,,,,,,,,,,,,,,,,,,,,,,,,,,,,,,,,,,,,,,,,,,,,,,,,,,,,,,,,,,,,,,,,,,,,,,,,,,,,,,,,,,,,,,,,,,,,,,,,,,,,,,,,,,,,,,,,,,,,,,,,,,,,,,,,,,,,,,,,,,,,,,,,,,,,,,,,,,,,,,,,,,,,,,,,,,,,,,,,,,,,,,,,,,,,,,,,,,,,,,,,,,,,,,,,,,,,,,,,,,,,,,,,,,,,,,,,,,,,,,,,,,,,,,,,,,,,,,,,,,,,,,,,,,,,,,,,,,,,,,,,,,,,,,,,,,,,,,,,,,,,,,,,,,,,,,,,,,,,,,,,,,,,,,,,,,,,,,,,,,,,,,,,,,,,,,,,,,,,,,,,,,,,,,,,,,,,,,,,,,,,,,,,,,,,,,,,,,,,,,,,,,,,,,,,,,,,,,,,,,,,,,,,,,,,,,,,,,,,,,,,,,,,,,,,,,,,,,,,,,,,,,,,,,,,,,,,,,,,,,,,,,,,,,,,,,,,,,,,,,,,,,,,,,,,,,,,,,,,,,,,,,,,,,,,,,,,,,,,,,,,,,
2025120815,,,,,,,,,,,,,,,,,,,,,,,,,,,,,,,,,0.582,,,,,,,,,,,,,,,,,,,,,,,,,,,,,,,,,,,,,,,,,,,,,,,,,,,,,,,,,,,,,,,,,,,,,,,,,,,,,,,,,,,,,,,,,,,,,,,,,,,,,,,,,,,,,,,,,,,,,,,,,,,,,,,,,,270.18,,,,,,,,,,,,,,,,,,,,,,,,,,,,,,,,,,,,,,,,,,,,,,,,,,,,,,,,,,,,,,,,,,,,,,,,,,,,,,,,,,,,,,,,,,,2.0,2.0,,,,32.0,320.0,,,,,,25.0,27.0,25.0,28.0,32.0,33.0,33.0,0.0,0.0,0.0,0.0,0.0,29.9,,272.16,2.77,0.0,0.0,2.0,,,,,,,,,,,,,,,,,,,,,,,,,,,,,,,,,,,,,,,,,,,,,,,,,,,,,,9.999e+20,8.4,3.2,4.8,5.2,6.0,6.0,6.4,6.8,7.2,7.32266,3.6,7.90451,8.3666,8.82328,8.84625,9.30614,10.2247,11.0858,12.4011,14.1204,15.4878,20.7775,8.79708,3.95138,18.0,5.0,3.0,1.0,0.0,0.0,0.0,40.0,,9.999e+20,9.999e+20,9.999e+20,9.999e+20,9.999e+20,,,,,,,,,,,,,,,,,,,,,,,,,,,,,,,,,,,,,,,,,,,,,,,,,,,,,,,,,,,,,,,,,,,,,,,,,,,,,,,,,,,,,,,,,,,,,,,,,,,,,,,,,,,,,,,,,,,,,,,,,,,,0.0,,75.5,0.0,24.4,0.0,,83.0,,,,,,,,,,,,,,,,,,,,,,,,,,,,,,,,,,,,,,,,,,,,,,,,,,,,,,,,,,,,,4.7,2.6,3.8,2.3,5.2,6.4,7.2,7.4,1744.0,1264.0,1344.0,1232.0,1560.0,1872.0,2240.0,2368.0,,,86.0,6.0,,,,,,,275.0,2.77,,,,,,,,,,,,,,,,,,,,,,,,,,,,,,,,,,,,,,,,,,,,,,,,,,,,,,,,,,,,,9.999e+20,210.0,6.0,210.0,7.4,,,,1.0,,3.0,,13312.0,,,,,1033.0,210.0,210.0,210.0,,273.9,6.0,1.2,2.4,2.8,3.2,3.6,4.4,4.4,4.8,5.2,2.0,5.2,5.6,6.0,6.0,6.4,7.2,7.6,8.8,10.4,12.0,15.6,6.00803,3.25297,8.0,1.0,1.0,0.0,76.0,0.0,44.0,15.0,6.8,7.6,
2025120816,,,,,,,,,,,,,,,,,,,,,,,,,,,,,,,,,0.817,,,,,,,,,,,,,,,,,,,,,,,,,,,,,,,,,,,,,,,,,,,,,,,,,,,,,,,,,,,,,,,,,,,,,,,,,,,,,,,,,,,,,,,,,,,,,,,,,,,,,,,,,,,,,,,,,,,,,,,,,,,,,,,,,,,,,,,,,,,,,,,,,,,,,,,,,,,,,,,,,,,,,,,,,,,,,,,,,,,,,,,,,,,,,,,,,,,,,,,,,,,,,,,,,,,,,,,,,,,,,,,,,,,,11.0,,22.0,,63.0,,,,,,,,,,,,,,,,,,,,,,,,,,,,,,,,,,,,,,,,,,,,,,,,,,,,,,,,,,,,,,,,,,,,,,,,,,,,,,,,,,,,,,,,,,,,,,,,,,,,,,,,,,,,,,,,,,,,,,,,,,,,,,,,,,,,,,,,,,,,,,,,,,,,,,,,,,,,,,,,,,,,,,,,,,,,,,,,,,,,,,,,,,,,,,,,,,,,,,,,,,,,,,,,,,,,,,,,,,,,,,,,,,,,,,,,,,,,,,,,,,,,,,,,,,,,,,,,,,,,,,,,,,,,,,,,,,,,,,,,,,,,,,,,,,,,,,,,,,,,,,,,,,,,,,,,,,,,,,,,,,,,,,,,,,,,,,,,,,,,,,,,,,,,,,,,,,,,,,,,,,,,,,,,,,,,,,,,,,,,,,,,,,,,,,,,,,,,,,,,,,,,11.0,,17.0,33.0,,,,,,,,,,,,,,,,,,,,,,,,,,,,,,,,,,,,,,,,,
2025120817,,,,,,,,,,,,,,,,,,,,,,,,,,,,,,,,,0.969,,,,,,,,,,,,,,,,,,,,,,,,,,,,,,,,,,,,,,,,,,,,,,,,,,,,,,,,,,,,,,,,,,,,,,,,,,,,,,,,,,,,,,,,,,,,,,,,,,,,,,,,,,,,,,,,,,,,,,,,,,,,,,,,,,,,,,,,,,,,,,,,,,,,,,,,,,,,,,,,,,,,,,,,,,,,,,,,,,,,,,,,,,,,,,,,,,,,,,,,,,,,,,,,,,,,,,,,,,,,,,,,,,,,,,,,,,,,,,,,,,,,,,,,,,,,,,,,,,,,,,,,,,,,,,,,,,,,,,,,,,,,,,,,,,,,,,,,,,,,,,,,,,,,,,,,,,,,,,,,,,,,,,,,,,,,,,,,,,,,,,,,,,,,,,,,,,,,,,,,,,,,,,,,,,,,,,,,,,,,,,,,,,,,,,,,,,,,,,,,,,,,,,,,,,,,,,,,,,,,,,,,,,,,,,,,,,,,,,,,,,,,,,,,,,,,,,,,,,,,,,,,,,,,,,,,,,,,,,,,,,,,,,,,,,,,,,,,,,,,,,,,,,,,,,,,,,,,,,,,,,,,,,,,,,,,,,,,,,,,,,,,,,,,,,,,,,,,,,,,,,,,,,,,,,,,,,,,,,,,,,,,,,,,,,,,,,,,,,,,,,,,,,,,,,,,,,,,,,,,,,,,,,,,,,,,,,,,,,,,,,,,,,,,,,,,,,,,,,,,,,,,,,,,,,,,,,,,,,,,
2025120818,7.895,0.0,0.178,0.594,1.107,1.642,2.066,2.652,3.3,3.951,0.0,4.756,5.548,6.525,7.778,8.995,10.509,12.363,14.894,19.009,25.967,45.748,89.0,0.0,19.0,0.0,10.0,66.0,5.0,1.0,41.0,0.0,1.208,,14.555,0.14,2.761,3.699,4.717,5.827,6.611,7.434,8.324,9.4,1.596,10.773,12.033,13.647,15.205,17.489,19.54,21.947,25.686,30.745,41.457,63.2,99.0,0.0,43.0,0.0,0.0,0.0,15.0,2.0,72.0,0.0,,,,,,,,,,,,,,,,,,,,,,,,,,,,,,,,,12.7,0.0,0.008,0.197,0.533,0.944,1.301,1.741,2.241,2.787,0.0,3.447,4.333,5.236,6.202,7.443,8.927,10.463,12.666,15.776,21.497,37.539,84.0,15.0,7.0,58.0,3.0,1.0,0.0,34.0,0.0,0.0,,,,,,,,,,,,,,,,,,,,,,,,,,,,,,,,,269.54,,,,,,,,,,,,,,,,,,,0.008,0.0,0.0,0.0,0.005,0.01,0.018,0.028,26.0,5.0,1.0,0.0,0.0,0.0,0.0,0.0,0.0,0.0,0.051,0.013,0.025,0.008,0.046,0.076,0.089,0.117,31.0,20.0,5.0,1.0,0.0,0.0,0.0,0.0,0.0,0.0,0.003,0.0,0.0,0.0,0.0,0.003,0.008,0.013,15.0,1.0,0.0,0.0,0.0,0.0,0.0,0.0,0.0,0.0,0.127,0.066,0.091,0.046,0.114,0.15,0.173,0.203,36.0,26.0,13.0,4.0,0.0,0.0,0.0,0.0,0.0,0.0,1.0,2.0,,,,32.0,296.0,,,,,,25.0,28.0,25.0,30.0,34.0,36.0,37.0,0.0,0.0,0.0,0.0,0.0,31.0,,272.77,2.77,0.0,2.0,3.0,,0.0,0.0,0.0,0.0,0.0,0.0,0.0,0.0,0.0,0.0,0.0,0.0,0.0,0.0,0.0,0.0,0.0,0.0,0.0,0.0,0.0,0.0,0.0,0.0,0.0,0.0,0.0,0.0,0.0,0.0,0.0,0.0,0.0,0.0,0.0,0.0,0.0,0.0,0.0,0.0,0.0,0.0,0.0,0.0,0.0,0.0,0.0,0.0,0.0,0.0,0.0,11.2,9.999e+20,9.9,3.2,5.2,6.0,6.0,6.4,7.2,7.88156,8.33234,8.80438,4.0,8.89479,9.39605,10.2525,10.7769,11.6558,12.1353,13.4363,14.7751,15.3532,19.5833,23.0134,9.8933,4.3778,32.0,10.0,7.0,3.0,0.0,0.0,0.0,55.0,2.0,9.999e+20,9.999e+20,9.999e+20,9.999e+20,9.999e+20,,,,,,,,,,,,,,,,,,,,,,,,,,,,,,,,,,,,,,,,,,,,,,,,,,,,,,,,,,,,,,,,,,,,,,,,,,,,,,,,,,,,,,,,,,,,,,,,,,,,,,,,,,,,,,,,,,,,,,,,,,88.0,,0.0,,83.5,0.0,16.5,0.0,,88.0,,,,,,,,,,,,,,,,,,,,,,,,,,,,,,,,,,,,,,,,,,,,,,,,,,,,,,,,,,,,,3.8,1.8,2.6,1.6,3.9,5.6,6.3,6.8,1960.0,1384.0,1480.0,1368.0,1880.0,2264.0,2456.0,2488.0,,,86.0,6.0,,,,,,1.47668,274.51,2.78,,,,,,,,,,,,,,,,,,,,,,,,,,,,,,,273.351,269.894,271.359,272.054,272.425,272.544,272.628,273.023,273.126,273.322,271.012,273.646,273.587,273.558,273.927,273.781,274.213,274.445,274.668,275.187,275.759,277.141,0.0,0.0,0.0,0.0,0.0,3.0,38.0,0.0,9.999e+20,220.0,6.4,210.0,7.7,21.0,3.0,,1.0,2.0,3.0,,5888.0,,,,,1264.0,220.0,220.0,220.0,,273.9,6.4,1.6,3.2,3.6,3.6,4.0,4.4,4.4,4.8,5.2,2.4,5.6,6.0,6.4,6.4,7.2,8.0,8.8,10.0,11.2,14.0,16.4,6.4,3.6,9.0,3.0,0.0,0.0,82.0,0.0,52.0,22.0,7.2,8.4,
2025120819,,,,,,,,,,,,,,,,,,,,,,,,,,,,,,,,,1.441,,,,,,,,,,,,,,,,,,,,,,,,,,,,,,,,,,,,,,,,,,,,,,,,,,,,,,,,,,,,,,,,,,,,,,,,,,,,,,,,,,,,,,,,,,,,,,,,,,,,,,,,,,,,,,,,,,,,,,,,,,,,,,,,,,,,,,,,,,,,,,,,,,,,,,,,,,,,,,,,,,,,,,,,,,,,,,,,,,,,,,,,,,,,,,,,,,,,,,,,,,,,,,,,,,,,,,,,,,,,,,,,,,,,17.0,,29.0,,69.0,,,,,,,,,,,,,,,,,,,,,,,,,,,,,,,,,,,,,,,,,,,,,,,,,,,,,,,,,,,,,,,,,,,,,,,,,,,,,,,,,,,,,,,,,,,,,,,,,,,,,,,,,,,,,,,,,,,,,,,,,,,,,,,,,,,,,,,,,,,,,,,,,,,,,,,,,,,,,,,,,,,,,,,,,,,,,,,,,,,,,,,,,,,,,,,,,,,,,,,,,,,,,,,,,,,,,,,,,,,,,,,,,,,,,,,,,,,,,,,,,,,,,,,,,,,,,,,,,,,,,,,,,,,,,,,,,,,,,,,,,,,,,,,,,,,,,,,,,,,,,,,,,,,,,,,,,,,,,,,,,,,,,,,,,,,,,,,,,,,,,,,,,,,,,,,,,,,,,,,,,,,,,,,,,,,,,,,,,,,,,,,,,,,,,,,,,,,,,,,,,,,,10.0,,22.0,41.0,,,,,,,,,,,,,,,,,,,,,,,,,,,,,,,,,,,,,,,,,
2025120820,,,,,,,,,,,,,,,,,,,,,,,,,,,,,,,,,1.527,,,,,,,,,,,,,,,,,,,,,,,,,,,,,,,,,,,,,,,,,,,,,,,,,,,,,,,,,,,,,,,,,,,,,,,,,,,,,,,,,,,,,,,,,,,,,,,,,,,,,,,,,,,,,,,,,,,,,,,,,,,,,,,,,,,,,,,,,,,,,,,,,,,,,,,,,,,,,,,,,,,,,,,,,,,,,,,,,,,,,,,,,,,,,,,,,,,,,,,,,,,,,,,,,,,,,,,,,,,,,,,,,,,,,,,,,,,,,,,,,,,,,,,,,,,,,,,,,,,,,,,,,,,,,,,,,,,,,,,,,,,,,,,,,,,,,,,,,,,,,,,,,,,,,,,,,,,,,,,,,,,,,,,,,,,,,,,,,,,,,,,,,,,,,,,,,,,,,,,,,,,,,,,,,,,,,,,,,,,,,,,,,,,,,,,,,,,,,,,,,,,,,,,,,,,,,,,,,,,,,,,,,,,,,,,,,,,,,,,,,,,,,,,,,,,,,,,,,,,,,,,,,,,,,,,,,,,,,,,,,,,,,,,,,,,,,,,,,,,,,,,,,,,,,,,,,,,,,,,,,,,,,,,,,,,,,,,,,,,,,,,,,,,,,,,,,,,,,,,,,,,,,,,,,,,,,,,,,,,,,,,,,,,,,,,,,,,,,,,,,,,,,,,,,,,,,,,,,,,,,,,,,,,,,,,,,,,,,,,,,,,,,,,,,,,,,,,,,,,,,,,,,,,,,,,,,,,,,,,,
2025120821,,,,,,,,,,,,,,,,,,,,,,,,,,,,,,,,,1.722,,,,,,,,,,,,,,,,,,,,,,,,,,,,,,,,,,,,,,,,,,,,,,,,,,,,,,,,,,,,,,,,,,,,,,,,,,,,,,,,,,,,,,,,,,,,,,,,,,,,,,,,,,,,,,,,,,,,,,,,,,,,,,,,,,270.08,,,,,,,,,,,,,,,,,,,,,,,,,,,,,,,,,,,,,,,,,,,,,,,,,,,,,,,,,,,,,,,,,,,,,,,,,,,,,,,,,,,,,,,,,,,1.0,2.0,,,,30.0,88886.0,,,,,,21.0,26.0,21.0,30.0,35.0,36.0,36.0,0.0,0.0,0.0,0.0,0.0,29.4,,274.58,2.75,0.0,22.0,2.0,,,,,,,,,,,,,,,,,,,,,,,,,,,,,,,,,,,,,,,,,,,,,,,,,,,,,,9.999e+20,10.4,3.6,4.8,5.6,6.4,7.2,7.49262,8.34329,8.77608,9.66504,4.4,10.1224,11.0159,11.512,12.4109,14.0743,14.1595,14.2988,14.9157,16.1773,17.6151,21.429,10.7891,4.31047,41.0,13.0,6.0,2.0,0.0,0.0,0.0,60.0,,9.999e+20,9.999e+20,9.999e+20,9.999e+20,9.999e+20,,,,,,,,,,,,,,,,,,,,,,,,,,,,,,,,,,,,,,,,,,,,,,,,,,,,,,,,,,,,,,,,,,,,,,,,,,,,,,,,,,,,,,,,,,,,,,,,,,,,,,,,,,,,,,,,,,,,,,,,,,,,0.0,,96.5,0.0,3.5,0.0,,96.0,,,,,,,,,,,,,,,,,,,,,,,,,,,,,,,,,,,,,,,,,,,,,,,,,,,,,,,,,,,,,3.1,1.6,2.2,1.3,2.9,3.9,5.1,5.3,2112.0,1560.0,1904.0,1440.0,2168.0,2336.0,2528.0,2632.0,,,86.0,4.0,,,,,,,275.12,2.75,,,,,,,,,,,,,,,,,,,,,,,,,,,,,,,,,,,,,,,,,,,,,,,,,,,,,,,,,,,,,9.999e+20,220.0,6.8,190.0,7.0,,,,1.0,,3.0,,,,,,,2989.0,220.0,220.0,220.0,,275.2,6.8,1.6,2.8,3.2,4.0,4.0,4.4,5.2,5.2,6.0,2.4,6.4,6.8,7.2,7.6,8.4,9.2,10.0,10.8,11.2,11.2,15.6485,6.82184,3.30045,7.0,2.0,0.0,0.0,83.0,0.0,57.0,29.0,7.6,8.4,
2025120822,,,,,,,,,,,,,,,,,,,,,,,,,,,,,,,,,1.882,,,,,,,,,,,,,,,,,,,,,,,,,,,,,,,,,,,,,,,,,,,,,,,,,,,,,,,,,,,,,,,,,,,,,,,,,,,,,,,,,,,,,,,,,,,,,,,,,,,,,,,,,,,,,,,,,,,,,,,,,,,,,,,,,,,,,,,,,,,,,,,,,,,,,,,,,,,,,,,,,,,,,,,,,,,,,,,,,,,,,,,,,,,,,,,,,,,,,,,,,,,,,,,,,,,,,,,,,,,,,,,,,,,,,,,,,,,,,,,,,,,,,,,,,,,,,,,,,,,,,,,,,,,,,,,,,,,,,,,,,,,,,,,,,,,,,,,,,,,,,,,,,,,,,,,,,,,,,,,,,,,,,,,,,,,,,,,,,,,,,,,,,,,,,,,,,,,,,,,,,,,,,,,,,,,,,,,,,,,,,,,,,,,,,,,,,,,,,,,,,,,,,,,,,,,,,,,,,,,,,,,,,,,,,,,,,,,,,,,,,,,,,,,,,,,,,,,,,,,,,,,,,,,,,,,,,,,,,,,,,,,,,,,,,,,,,,,,,,,,,,,,,,,,,,,,,,,,,,,,,,,,,,,,,,,,,,,,,,,,,,,,,,,,,,,,,,,,,,,,,,,,,,,,,,,,,,,,,,,,,,,,,,,,,,,,,,,,,,,,,,,,,,,,,,,,,,,,,,,,,,,,,,,,,,,,,,,,,,,,,,,,,,,,,,,,,,,,,,,,,,,,,,,,,,,,,,,,,,,,
2025120823,,,,,,,,,,,,,,,,,,,,,,,,,,,,,,,,,2.252,,,,,,,,,,,,,,,,,,,,,,,,,,,,,,,,,,,,,,,,,,,,,,,,,,,,,,,,,,,,,,,,,,,,,,,,,,,,,,,,,,,,,,,,,,,,,,,,,,,,,,,,,,,,,,,,,,,,,,,,,,,,,,,,,,,,,,,,,,,,,,,,,,,,,,,,,,,,,,,,,,,,,,,,,,,,,,,,,,,,,,,,,,,,,,,,,,,,,,,,,,,,,,,,,,,,,,,,,,,,,,,,,,,,,,,,,,,,,,,,,,,,,,,,,,,,,,,,,,,,,,,,,,,,,,,,,,,,,,,,,,,,,,,,,,,,,,,,,,,,,,,,,,,,,,,,,,,,,,,,,,,,,,,,,,,,,,,,,,,,,,,,,,,,,,,,,,,,,,,,,,,,,,,,,,,,,,,,,,,,,,,,,,,,,,,,,,,,,,,,,,,,,,,,,,,,,,,,,,,,,,,,,,,,,,,,,,,,,,,,,,,,,,,,,,,,,,,,,,,,,,,,,,,,,,,,,,,,,,,,,,,,,,,,,,,,,,,,,,,,,,,,,,,,,,,,,,,,,,,,,,,,,,,,,,,,,,,,,,,,,,,,,,,,,,,,,,,,,,,,,,,,,,,,,,,,,,,,,,,,,,,,,,,,,,,,,,,,,,,,,,,,,,,,,,,,,,,,,,,,,,,,,,,,,,,,,,,,,,,,,,,,,,,,,,,,,,,,,,,,,,,,,,,,,,,,,,,,,,,,
2025120900,20.447,0.931,5.557,7.312,9.161,10.482,11.921,13.218,14.721,16.077,3.293,17.715,19.469,21.066,22.85,24.999,27.386,29.988,33.158,37.285,47.893,65.592,100.0,0.0,67.0,0.0,46.0,97.0,29.0,4.0,88.0,0.0,2.964,,26.642,1.765,8.247,10.534,12.486,14.22,16.182,17.915,19.831,21.663,5.623,23.217,25.27,27.376,30.258,32.404,35.518,38.747,42.726,48.828,59.858,79.591,100.0,0.0,79.0,0.0,0.0,0.0,45.0,9.0,94.0,1.0,37.183,6.979,17.468,20.896,23.363,25.532,27.636,29.943,32.14,33.993,13.804,35.799,37.84,39.737,41.726,43.884,46.266,49.533,53.151,58.148,67.076,82.787,96.0,0.0,100.0,0.0,75.0,0.0,0.0,0.0,18.0,1.0,21.844,0.251,3.965,5.675,7.325,8.621,9.77,10.762,11.768,13.198,2.333,14.409,15.905,17.42,18.521,20.022,21.697,23.643,25.787,28.303,33.718,43.076,99.0,57.0,33.0,95.0,16.0,3.0,0.0,83.0,0.0,0.0,46.025,14.209,24.413,28.009,31.284,33.546,36.156,38.136,40.709,42.809,19.17,44.64,46.91,49.139,51.242,53.486,56.338,59.484,63.83,68.94,76.829,95.599,0.0,0.0,89.0,0.0,0.0,36.0,0.0,100.0,0.0,5.0,269.98,,,,,,,,,,,,,,,,,,,0.008,0.0,0.0,0.0,0.003,0.01,0.023,0.03,24.0,5.0,1.0,0.0,0.0,0.0,0.0,0.0,0.0,0.0,0.033,0.003,0.01,0.0,0.025,0.051,0.064,0.089,23.0,15.0,3.0,0.0,0.0,0.0,0.0,0.0,0.0,0.0,0.003,0.0,0.0,0.0,0.0,0.0,0.008,0.01,10.0,1.0,0.0,0.0,0.0,0.0,0.0,0.0,0.0,0.0,0.117,0.064,0.091,0.046,0.112,0.147,0.173,0.203,36.0,26.0,13.0,4.0,0.0,0.0,0.0,0.0,0.0,0.0,3.0,3.0,,,,30.0,88886.0,,,,,,15.0,22.0,14.0,27.0,33.0,34.0,35.0,0.0,0.0,0.0,0.0,0.0,26.1,,274.79,3.07,0.0,15.0,2.0,,0.0,0.0,0.0,0.0,0.0,0.0,0.0,0.0,0.0,0.0,0.0,0.0,0.0,0.0,0.0,0.0,0.0,0.0,0.0,0.0,0.0,0.0,0.0,0.0,0.0,0.0,0.0,0.0,0.0,0.0,0.0,0.0,0.0,0.0,0.0,0.0,0.0,0.0,0.0,0.0,0.0,0.0,0.0,0.0,0.0,0.0,0.0,0.0,0.0,0.0,0.0,9.2,9.999e+20,12.5,3.2,7.2,7.6,8.8,9.6,10.0,10.8,11.6174,12.1931,5.2,12.7036,13.5314,14.398,14.5278,15.0829,15.5642,16.0682,16.5448,17.7994,19.6422,22.3695,12.4696,4.28812,61.0,25.0,11.0,3.0,1.0,0.0,0.0,79.0,2.0,9.999e+20,9.999e+20,9.999e+20,9.999e+20,9.999e+20,,,,,,,,,,,,,,,,,,,,,,,,,,,,,,,,,,,,,,,,,,,,,,,,,,,,,,,,,,,,,,,,,,,,,,,,,,,,,,,,,,,,,,,,,,,,,,,,,,,,,,,,,,,,,,,,,,,,,,,,,,,,0.0,10.0,97.6,0.0,2.4,0.0,,92.0,,,,,,,,,,,,,,,,,,,,,,,,,,,,,,,,,,,,,,,,,,,,,,,,,,,,,,,,,,,,,2.4,1.2,1.4,1.1,2.2,3.0,3.8,4.2,2296.0,1808.0,2104.0,1648.0,2352.0,2592.0,2648.0,2752.0,,,91.0,4.0,,276.88,1.68,,,,275.76,3.07,,,,,,,,,,,,,,,,,,,,,,,,,,,,,,,,,,,,,,,,,,,,,,,,,,,,,,,,,,,,,9.999e+20,220.0,8.4,210.0,8.2,23.0,3.0,,2.0,2.0,3.0,,,,,,,3721.0,220.0,220.0,220.0,,275.4,8.4,2.0,4.4,4.8,5.2,6.0,6.4,6.8,7.6,8.0,2.8,8.4,9.2,9.6,10.0,10.4,10.8,11.2,11.6,12.0,12.8,16.0,8.4,3.2,17.0,2.0,1.0,0.0,92.0,0.0,77.0,48.0,9.6,10.4,
2025120901,,,,,,,,,,,,,,,,,,,,,,,,,,,,,,,,,2.843,,,,,,,,,,,,,,,,,,,,,,,,,,,,,,,,,,,,,,,,,,,,,,,,,,,,,,,,,,,,,,,,,,,,,,,,,,,,,,,,,,,,,,,,,,,,,,,,,,,,,,,,,,,,,,,,,,,,,,,,,,,,,,,,,,,,,,,,,,,,,,,,,,,,,,,,,,,,,,,,,,,,,,,,,,,,,,,,,,,,,,,,,,,,,,,,,,,,,,,,,,,,,,,,,,,,,,,,,,,,,,,,,,,,,,,,,,,,,,,,,,,,,,,,,,,,,,,,,,,,,,,,,,,,,,,,,,,,,,,,,,,,,,,,,,,,,,,,,,,,,,,,,,,,,,,,,,,,,,,,,,,,,,,,,,,,,,,,,,,,,,,,,,,,,,,,,,,,,,,,,,,,,,,,,,,,,,,,,,,,,,,,,,,,,,,,,,,,,,,,,,,,,,,,,,,,,,,,,,,,,,,,,,,,,,,,,,,,,,,,,,,,,,,,,,,,,,,,,,,,,,,,,,,,,,,,,,,,,,,,,,,,,,,,,,,,,,,,,,,,,,,,,,,,,,,,,,,,,,,,,,,,,,,,,,,,,,,,,,,,,,,,,,,,,,,,,,,,,,,,,,,,,,,,,,,,,,,,,,,,,,,,,,,,,,,,,,,,,,,,,,,,,,,,,,,,,,,,,,,,,,,,,,,,,,,,,,,,,,,,,,,,,,,,,,,,,,,,,,,,,,,,,,,,,,,,,,,,,,,,
2025120902,,,,,,,,,,,,,,,,,,,,,,,,,,,,,,,,,2.462,,,,,,,,,,,,,,,,,,,,,,,,,,,,,,,,,,,,,,,,,,,,,,,,,,,,,,,,,,,,,,,,,,,,,,,,,,,,,,,,,,,,,,,,,,,,,,,,,,,,,,,,,,,,,,,,,,,,,,,,,,,,,,,,,,,,,,,,,,,,,,,,,,,,,,,,,,,,,,,,,,,,,,,,,,,,,,,,,,,,,,,,,,,,,,,,,,,,,,,,,,,,,,,,,,,,,,,,,,,,,,,,,,,,,,,,,,,,,,,,,,,,,,,,,,,,,,,,,,,,,,,,,,,,,,,,,,,,,,,,,,,,,,,,,,,,,,,,,,,,,,,,,,,,,,,,,,,,,,,,,,,,,,,,,,,,,,,,,,,,,,,,,,,,,,,,,,,,,,,,,,,,,,,,,,,,,,,,,,,,,,,,,,,,,,,,,,,,,,,,,,,,,,,,,,,,,,,,,,,,,,,,,,,,,,,,,,,,,,,,,,,,,,,,,,,,,,,,,,,,,,,,,,,,,,,,,,,,,,,,,,,,,,,,,,,,,,,,,,,,,,,,,,,,,,,,,,,,,,,,,,,,,,,,,,,,,,,,,,,,,,,,,,,,,,,,,,,,,,,,,,,,,,,,,,,,,,,,,,,,,,,,,,,,,,,,,,,,,,,,,,,,,,,,,,,,,,,,,,,,,,,,,,,,,,,,,,,,,,,,,,,,,,,,,,,,,,,,,,,,,,,,,,,,,,,,,,,,,,,,
2025120903,,,,,,,,,,,,,,,,,,,,,,,,,,,,,,,,,2.175,,,,,,,,,,,,,,,,,,,,,,,,,,,,,,,,,,,,,,,,,,,,,,,,,,,,,,,,,,,,,,,,,,,,,,,,,,,,,,,,,,,,,,,,,,,,,,,,,,,,,,,,,,,,,,,,,,,,,,,,,,,,,,,,,,270.42,,,,,,,,,,,,,,,,,,,,,,,,,,,,,,,,,,,,,,,,,,,,,,,,,,,,,,,,,,,,,,,,,,,,,,,,,,,,,,,,,,,,,,,,,,,8.0,5.0,,,,,,,,,,,14.0,20.0,14.0,26.0,30.0,31.0,31.0,0.0,0.0,0.0,0.0,0.0,23.7,,274.06,2.92,,0.0,3.0,,,,,,,,,,,,,,,,,,,,,,,,,,,,,,,,,,,,,,,,,,,,,,,,,,,,,,9.999e+20,13.9,6.0,9.2,9.6,10.4,11.6,12.4,12.8,13.6,14.0862,6.8,14.1449,14.5827,15.0465,15.1395,15.6226,16.1,16.5529,17.0755,18.0588,21.0194,22.5424,13.9484,3.9671,76.0,34.0,14.0,5.0,0.0,0.0,0.0,90.0,,9.999e+20,9.999e+20,9.999e+20,9.999e+20,9.999e+20,,,,,,,,,,,,,,,,,,,,,,,,,,,,,,,,,,,,,,,,,,,,,,,,,,,,,,,,,,,,,,,,,,,,,,,,,,,,,,,,,,,,,,,,,,,,,,,,,,,,,,,,,,,,,,,,,,,,,,,,,,,,0.0,,82.0,0.0,18.0,0.0,,87.0,,,,,,,,,,,,,,,,,,,,,,,,,,,,,,,,,,,,,,,,,,,,,,,,,,,,,,,,,,,,,2.8,1.3,1.8,1.1,2.3,3.2,4.8,6.0,2192.0,1632.0,1936.0,1512.0,2264.0,2520.0,2592.0,2688.0,,,85.0,13.0,,,,,,,276.02,2.9,,,,,,,,,,,,,,,,,,,,,,,,,,,,,,,,,,,,,,,,,,,,,,,,,,,,,,,,,,,,,9.999e+20,240.0,9.6,240.0,9.6,,,,,,2.0,,,,,,,1977.0,240.0,240.0,240.0,,275.6,9.6,3.6,6.0,6.4,6.8,7.6,8.0,8.4,8.8,9.2,4.4,10.0,10.4,10.8,10.8,10.8,11.2,11.6,11.6,12.4,12.4,14.8,9.2,2.8,23.0,1.0,0.0,0.0,99.0,0.0,91.0,61.0,10.8,12.0,
2025120904,,,,,,,,,,,,,,,,,,,,,,,,,,,,,,,,,2.105,,,,,,,,,,,,,,,,,,,,,,,,,,,,,,,,,,,,,,,,,,,,,,,,,,,,,,,,,,,,,,,,,,,,,,,,,,,,,,,,,,,,,,,,,,,,,,,,,,,,,,,,,,,,,,,,,,,,,,,,,,,,,,,,,,,,,,,,,,,,,,,,,,,,,,,,,,,,,,,,,,,,,,,,,,,,,,,,,,,,,,,,,,,,,,,,,,,,,,,,,,,,,,,,,,,,,,,,,,,,,,,,,,,,,,,,,,,,,,,,,,,,,,,,,,,,,,,,,,,,,,,,,,,,,,,,,,,,,,,,,,,,,,,,,,,,,,,,,,,,,,,,,,,,,,,,,,,,,,,,,,,,,,,,,,,,,,,,,,,,,,,,,,,,,,,,,,,,,,,,,,,,,,,,,,,,,,,,,,,,,,,,,,,,,,,,,,,,,,,,,,,,,,,,,,,,,,,,,,,,,,,,,,,,,,,,,,,,,,,,,,,,,,,,,,,,,,,,,,,,,,,,,,,,,,,,,,,,,,,,,,,,,,,,,,,,,,,,,,,,,,,,,,,,,,,,,,,,,,,,,,,,,,,,,,,,,,,,,,,,,,,,,,,,,,,,,,,,,,,,,,,,,,,,,,,,,,,,,,,,,,,,,,,,,,,,,,,,,,,,,,,,,,,,,,,,,,,,,,,,,,,,,,,,,,,,,,,,,,,,,,,,,,,,,,,,,,,,,,,,,,,,,,,,,,,,,,,,,,,,
2025120905,,,,,,,,,,,,,,,,,,,,,,,,,,,,,,,,,2.216,,,,,,,,,,,,,,,,,,,,,,,,,,,,,,,,,,,,,,,,,,,,,,,,,,,,,,,,,,,,,,,,,,,,,,,,,,,,,,,,,,,,,,,,,,,,,,,,,,,,,,,,,,,,,,,,,,,,,,,,,,,,,,,,,,,,,,,,,,,,,,,,,,,,,,,,,,,,,,,,,,,,,,,,,,,,,,,,,,,,,,,,,,,,,,,,,,,,,,,,,,,,,,,,,,,,,,,,,,,,,,,,,,,,,,,,,,,,,,,,,,,,,,,,,,,,,,,,,,,,,,,,,,,,,,,,,,,,,,,,,,,,,,,,,,,,,,,,,,,,,,,,,,,,,,,,,,,,,,,,,,,,,,,,,,,,,,,,,,,,,,,,,,,,,,,,,,,,,,,,,,,,,,,,,,,,,,,,,,,,,,,,,,,,,,,,,,,,,,,,,,,,,,,,,,,,,,,,,,,,,,,,,,,,,,,,,,,,,,,,,,,,,,,,,,,,,,,,,,,,,,,,,,,,,,,,,,,,,,,,,,,,,,,,,,,,,,,,,,,,,,,,,,,,,,,,,,,,,,,,,,,,,,,,,,,,,,,,,,,,,,,,,,,,,,,,,,,,,,,,,,,,,,,,,,,,,,,,,,,,,,,,,,,,,,,,,,,,,,,,,,,,,,,,,,,,,,,,,,,,,,,,,,,,,,,,,,,,,,,,,,,,,,,,,,,,,,,,,,,,,,,,,,,,,,,,,,,,,,,,
2025120906,27.909,4.05,11.768,13.67,15.514,17.172,19.132,20.966,22.646,24.178,8.802,26.007,27.581,29.299,31.544,33.814,36.387,39.246,42.769,47.246,54.184,64.85,100.0,0.0,88.0,0.0,70.0,100.0,52.0,7.0,98.0,0.0,2.311,,,,,,,,,,,,,,,,,,,,,,,,,,,,,,,,,,,,,,,,,,,,,,,,,,,,,,,,,,,,,,,,,,19.558,0.0,2.748,4.032,5.118,6.102,7.026,8.04,9.127,10.376,1.337,11.313,12.158,13.623,15.125,16.505,18.354,20.352,22.907,25.817,29.664,35.216,98.0,43.0,23.0,91.0,11.0,1.0,0.0,74.0,0.0,0.0,,,,,,,,,,,,,,,,,,,,,,,,,,,,,,,,,270.2,,,,,,,,,,,,,,,,,,,0.013,,,,,,,,,,,,,,,,,,0.036,,,,,,,,,,,,,,,,,,0.005,0.0,0.0,0.0,0.0,0.005,0.023,0.025,13.0,4.0,0.0,0.0,0.0,0.0,0.0,0.0,0.0,0.0,0.104,,,,,,,,,,,,,,,,,,11.0,9.0,,,,,,,,,,,17.0,20.0,16.0,24.0,27.0,28.0,28.0,0.0,0.0,0.0,0.0,0.0,22.5,,272.87,2.67,,0.0,2.0,,0.0,,,,,,,,,,,,,,,,,,,,,,,,,0.0,0.0,0.0,0.0,0.0,0.0,0.0,0.0,0.0,0.0,0.0,0.0,0.0,0.0,,,,,,,,,,,,,16.0,9.999e+20,12.2,4.0,6.8,7.6,8.4,8.8,9.2,10.0,10.4,11.6,6.0,12.4465,12.8904,13.737,14.1662,14.2636,15.1318,15.6473,16.5411,17.542,19.3041,21.2488,12.241,4.32409,57.0,22.0,11.0,2.0,0.0,0.0,0.0,76.0,2.0,9.999e+20,9.999e+20,9.999e+20,9.999e+20,9.999e+20,,,,,,,,,,,,,,,,,,,,,,,,,,,,,,,,,,,,,,,,,,,,,,,,,,,,,,,,,,,,,,,,,,,,,,,,,,,,,,,,,,,,,,,,,,,,,,,,,,,,,,,,,,,,,,,,,,,,,,,,,,,81.0,0.0,,68.4,0.0,27.6,0.0,,81.0,,,,,,,,,,,,,,,,,,,,,,,,,,,,,,,,,,,,,,,,,,,,,,,,,,,,,,,,,,,,,3.7,1.4,2.0,1.2,2.9,4.9,6.8,8.5,1960.0,1184.0,1376.0,1120.0,2200.0,2432.0,2600.0,2672.0,,,80.0,11.0,,,,,,1.38231,275.88,2.65,276.663,273.433,275.106,275.237,275.63,275.949,276.222,276.248,276.573,276.775,273.76,277.032,277.061,277.486,277.585,277.741,278.031,277.813,277.998,278.319,279.117,280.001,0.0,0.0,2.0,0.0,0.0,0.0,0.0,0.0,,,,,,,,,,,,,,,,,,,,,,,,,,,,,,,9.999e+20,240.0,8.4,240.0,8.2,,5.0,,,5.0,3.0,,,,,,,1307.0,240.0,240.0,240.0,,274.9,8.4,2.4,4.8,5.2,5.6,6.0,6.8,7.2,7.2,8.0,3.6,8.4,8.8,9.6,10.0,10.4,10.8,11.2,11.2,11.6,12.0,14.0,8.4,2.8,15.0,0.0,0.0,0.0,95.0,0.0,78.0,48.0,9.6,10.4,
2025120907,,,,,,,,,,,,,,,,,,,,,,,,,,,,,,,,,1.891,,,,,,,,,,,,,,,,,,,,,,,,,,,,,,,,,,,,,,,,,,,,,,,,,,,,,,,,,,,,,,,,,,,,,,,,,,,,,,,,,,,,,,,,,,,,,,,,,,,,,,,,,,,,,,,,,,,,,,,,,,,,,,,,,,,,,,,,,,,,,,,,,,,,,,,,,,,,,,,,,,,,,,,,,,,,,,,,,,,,,,,,,,,,,,,,,,,,,,,,,,,,,,,,,,,,,,,,,,,,,,,,,,,,,,,,,,,,,,,,,,,,,,,,,,,,,,,,,,,,,,,,,,,,,,,,,,,,,,,,,,,,,,,,,,,,,,,,,,,,,,,,,,,,,,,,,,,,,,,,,,,,,,,,,,,,,,,,,,,,,,,,,,,,,,,,,,,,,,,,,,,,,,,,,,,,,,,,,,,,,,,,,,,,,,,,,,,,,,,,,,,,,,,,,,,,,,,,,,,,,,,,,,,,,,,,,,,,,,,,,,,,,,,,,,,,,,,,,,,,,,,,,,,,,,,,,,,,,,,,,,,,,,,,,,,,,,,,,,,,,,,,,,,,,,,,,,,,,,,,,,,,,,,,,,,,,,,,,,,,,,,,,,,,,,,,,,,,,,,,,,,,,,,,,,,,,,,,,,,,,,,,,,,,,,,,,,,,,,,,,,,,,,,,,,,,,,,,,,,,,,,,,,,,,,,,,,,,,,,,,,,,,,,,,,,,,,,,,,,,,,,,,,,,,,,,,,,,,,,,
2025120908,,,,,,,,,,,,,,,,,,,,,,,,,,,,,,,,,1.862,,,,,,,,,,,,,,,,,,,,,,,,,,,,,,,,,,,,,,,,,,,,,,,,,,,,,,,,,,,,,,,,,,,,,,,,,,,,,,,,,,,,,,,,,,,,,,,,,,,,,,,,,,,,,,,,,,,,,,,,,,,,,,,,,,,,,,,,,,,,,,,,,,,,,,,,,,,,,,,,,,,,,,,,,,,,,,,,,,,,,,,,,,,,,,,,,,,,,,,,,,,,,,,,,,,,,,,,,,,,,,,,,,,,,,,,,,,,,,,,,,,,,,,,,,,,,,,,,,,,,,,,,,,,,,,,,,,,,,,,,,,,,,,,,,,,,,,,,,,,,,,,,,,,,,,,,,,,,,,,,,,,,,,,,,,,,,,,,,,,,,,,,,,,,,,,,,,,,,,,,,,,,,,,,,,,,,,,,,,,,,,,,,,,,,,,,,,,,,,,,,,,,,,,,,,,,,,,,,,,,,,,,,,,,,,,,,,,,,,,,,,,,,,,,,,,,,,,,,,,,,,,,,,,,,,,,,,,,,,,,,,,,,,,,,,,,,,,,,,,,,,,,,,,,,,,,,,,,,,,,,,,,,,,,,,,,,,,,,,,,,,,,,,,,,,,,,,,,,,,,,,,,,,,,,,,,,,,,,,,,,,,,,,,,,,,,,,,,,,,,,,,,,,,,,,,,,,,,,,,,,,,,,,,,,,,,,,,,,,,,,,,,,,,,,,,,,,,,,,,,,,,,,,,,,,,,,,,,,,,
2025120909,,,,,,,,,,,,,,,,,,,,,,,,,,,,,,,,,1.543,,,,,,,,,,,,,,,,,,,,,,,,,,,,,,,,,,,,,,,,,,,,,,,,,,,,,,,,,,,,,,,,,,,,,,,,,,,,,,,,,,,,,,,,,,,,,,,,,,,,,,,,,,,,,,,,,,,,,,,,,,,,,,,,,,269.46,,,,,,,,,,,,,,,,,,,,,,,,,,,,,,,,,,,,,,,,,,,,,,,,,,,,,,,,,,,,,,,,,,,,,,,,,,,,,,,,,,,,,,,,,,,5.0,5.0,,,,,,,,,,,16.0,18.0,16.0,19.0,23.0,26.0,26.0,0.0,0.0,0.0,0.0,0.0,20.4,,272.03,2.14,,0.0,0.0,,,,,,,,,,,,,,,,,,,,,,,,,,,,,,,,,,,,,,,,,,,,,,,,,,,,,,9.999e+20,11.5,2.8,6.4,7.2,7.6,8.0,8.8,9.2,9.6,10.4,5.6,10.8,11.6,12.4749,12.9287,13.758,13.9393,14.8461,15.4305,16.365,18.5422,21.4889,11.4811,4.31861,46.0,16.0,7.0,2.0,0.0,0.0,0.0,69.0,,9.999e+20,9.999e+20,9.999e+20,9.999e+20,9.999e+20,,,,,,,,,,,,,,,,,,,,,,,,,,,,,,,,,,,,,,,,,,,,,,,,,,,,,,,,,,,,,,,,,,,,,,,,,,,,,,,,,,,,,,,,,,,,,,,,,,,,,,,,,,,,,,,,,,,,,,,,,,,,0.0,,39.6,0.0,43.2,0.0,,79.0,,,,,,,,,,,,,,,,,,,,,,,,,,,,,,,,,,,,,,,,,,,,,,,,,,,,,,,,,,,,,4.7,1.6,2.6,1.3,4.5,6.4,7.6,9.3,1696.0,1048.0,1168.0,976.0,1712.0,2200.0,2512.0,2600.0,,,83.0,6.0,,,,,,,274.98,2.12,,,,,,,,,,,,,,,,,,,,,,,,,,,,,,,,,,,,,,,,,,,,,,,,,,,,,,,,,,,,,9.999e+20,230.0,8.0,230.0,8.1,,,,,,3.0,,,,,,,1183.0,230.0,230.0,230.0,,274.1,8.0,2.0,4.4,4.8,5.2,6.0,6.4,6.8,7.2,7.6,3.6,8.0,8.4,9.2,9.2,10.0,10.0,10.8,10.8,11.6,12.0,13.2,8.0,2.8,11.0,0.0,0.0,0.0,95.0,0.0,76.0,42.0,9.2,10.0,
2025120910,,,,,,,,,,,,,,,,,,,,,,,,,,,,,,,,,1.388,,,,,,,,,,,,,,,,,,,,,,,,,,,,,,,,,,,,,,,,,,,,,,,,,,,,,,,,,,,,,,,,,,,,,,,,,,,,,,,,,,,,,,,,,,,,,,,,,,,,,,,,,,,,,,,,,,,,,,,,,,,,,,,,,,,,,,,,,,,,,,,,,,,,,,,,,,,,,,,,,,,,,,,,,,,,,,,,,,,,,,,,,,,,,,,,,,,,,,,,,,,,,,,,,,,,,,,,,,,,,,,,,,,,,,,,,,,,,,,,,,,,,,,,,,,,,,,,,,,,,,,,,,,,,,,,,,,,,,,,,,,,,,,,,,,,,,,,,,,,,,,,,,,,,,,,,,,,,,,,,,,,,,,,,,,,,,,,,,,,,,,,,,,,,,,,,,,,,,,,,,,,,,,,,,,,,,,,,,,,,,,,,,,,,,,,,,,,,,,,,,,,,,,,,,,,,,,,,,,,,,,,,,,,,,,,,,,,,,,,,,,,,,,,,,,,,,,,,,,,,,,,,,,,,,,,,,,,,,,,,,,,,,,,,,,,,,,,,,,,,,,,,,,,,,,,,,,,,,,,,,,,,,,,,,,,,,,,,,,,,,,,,,,,,,,,,,,,,,,,,,,,,,,,,,,,,,,,,,,,,,,,,,,,,,,,,,,,,,,,,,,,,,,,,,,,,,,,,,,,,,,,,,,,,,,,,,,,,,,,,,,,,,,,,,,,,,,,,,,,,,,,,,,,,,,,,,,,,,,,
2025120911,,,,,,,,,,,,,,,,,,,,,,,,,,,,,,,,,1.028,,,,,,,,,,,,,,,,,,,,,,,,,,,,,,,,,,,,,,,,,,,,,,,,,,,,,,,,,,,,,,,,,,,,,,,,,,,,,,,,,,,,,,,,,,,,,,,,,,,,,,,,,,,,,,,,,,,,,,,,,,,,,,,,,,,,,,,,,,,,,,,,,,,,,,,,,,,,,,,,,,,,,,,,,,,,,,,,,,,,,,,,,,,,,,,,,,,,,,,,,,,,,,,,,,,,,,,,,,,,,,,,,,,,,,,,,,,,,,,,,,,,,,,,,,,,,,,,,,,,,,,,,,,,,,,,,,,,,,,,,,,,,,,,,,,,,,,,,,,,,,,,,,,,,,,,,,,,,,,,,,,,,,,,,,,,,,,,,,,,,,,,,,,,,,,,,,,,,,,,,,,,,,,,,,,,,,,,,,,,,,,,,,,,,,,,,,,,,,,,,,,,,,,,,,,,,,,,,,,,,,,,,,,,,,,,,,,,,,,,,,,,,,,,,,,,,,,,,,,,,,,,,,,,,,,,,,,,,,,,,,,,,,,,,,,,,,,,,,,,,,,,,,,,,,,,,,,,,,,,,,,,,,,,,,,,,,,,,,,,,,,,,,,,,,,,,,,,,,,,,,,,,,,,,,,,,,,,,,,,,,,,,,,,,,,,,,,,,,,,,,,,,,,,,,,,,,,,,,,,,,,,,,,,,,,,,,,,,,,,,,,,,,,,,,,,,,,,,,,,,,,,,,,,,,,,,,,,,,,,
2025120912,17.8,0.122,4.073,5.504,6.694,8.098,9.435,10.972,12.141,13.392,2.413,14.792,16.451,18.452,20.422,22.407,24.861,27.669,31.059,34.925,42.295,55.828,99.0,0.0,58.0,0.0,38.0,95.0,24.0,2.0,82.0,0.0,1.021,,44.877,10.69,21.489,24.357,27.419,29.563,32.261,35.04,37.431,39.93,17.353,42.448,45.072,47.472,50.131,53.143,55.97,59.878,64.821,71.809,80.803,103.839,100.0,1.0,98.0,0.0,0.0,0.0,84.0,34.0,100.0,7.0,52.25,15.936,29.353,32.583,35.834,38.73,41.518,43.794,45.75,47.915,24.078,50.007,52.64,54.998,57.25,60.165,63.383,67.071,71.379,76.217,85.563,110.866,99.0,1.0,100.0,0.0,94.0,0.0,0.0,0.0,49.0,10.0,8.89,0.0,0.0,0.0,0.206,0.479,0.886,1.304,1.824,2.293,0.0,3.047,3.979,5.16,6.15,7.168,8.582,9.911,12.0,15.281,20.31,31.445,79.0,14.0,6.0,53.0,3.0,0.0,0.0,34.0,0.0,0.0,58.763,19.961,35.039,38.602,42.094,44.921,47.512,50.022,52.152,54.303,29.192,56.659,59.391,62.227,65.137,67.827,70.758,74.069,78.219,83.735,93.361,114.127,1.0,0.0,97.0,0.0,0.0,64.0,0.0,100.0,0.0,17.0,269.0,,,,,,,,,,,,,,,,,,,0.015,0.0,0.003,0.0,0.013,0.02,0.043,0.048,33.0,12.0,3.0,0.0,0.0,0.0,0.0,0.0,0.0,0.0,0.033,0.005,0.015,0.003,0.025,0.048,0.069,0.081,24.0,12.0,3.0,0.0,0.0,0.0,0.0,0.0,0.0,0.0,0.005,0.0,0.0,0.0,0.0,0.008,0.015,0.023,20.0,3.0,0.0,0.0,0.0,0.0,0.0,0.0,0.0,0.0,0.076,0.028,0.046,0.015,0.069,0.099,0.127,0.152,36.0,13.0,4.0,1.0,0.0,0.0,0.0,0.0,0.0,0.0,3.0,4.0,,,,,,,,,,,14.0,15.0,14.0,17.0,22.0,25.0,25.0,0.0,0.0,0.0,0.0,0.0,19.1,,271.05,1.73,,0.0,2.0,,0.0,0.0,0.0,0.0,0.0,0.0,0.0,0.0,0.0,0.0,0.0,0.0,0.0,0.0,0.0,0.0,0.0,0.0,0.0,0.0,0.0,0.0,0.0,0.0,0.0,0.0,0.0,0.0,0.0,0.0,0.0,0.0,0.0,0.0,0.0,0.0,0.0,0.0,0.0,0.0,0.0,0.0,0.0,0.0,0.0,0.0,0.0,0.0,0.0,0.0,0.0,17.2,9.999e+20,9.9,2.4,5.2,5.2,6.4,6.8,7.6,8.0,8.8,8.8,3.6,9.2,10.0229,10.8757,11.4187,12.276,12.7542,13.2694,13.7882,15.1037,17.3634,20.7248,9.87784,4.27731,37.0,9.0,4.0,1.0,1.0,0.0,0.0,59.0,2.0,9.999e+20,9.999e+20,9.999e+20,9.999e+20,9.999e+20,,,,,,,,,,,,,,,,,,,,,,,,,,,,,,,,,,,,,,,,,,,,,,,,,,,,,,,,,,,,,,,,,,,,,,,,,,,,,,,,,,,,,,,,,,,,,,,,,,,,,,,,,,,,,,,,,,,,,,,,,,,,0.0,8.0,34.8,0.0,46.8,0.0,,77.0,,,,,,,,,,,,,,,,,,,,,,,,,,,,,,,,,,,,,,,,,,,,,,,,,,,,,,,,,,,,,5.5,1.6,3.8,1.3,5.4,7.2,8.9,10.1,1520.0,1008.0,1112.0,984.0,1296.0,1752.0,2520.0,2680.0,,,84.0,5.0,,,,273.22,2.27,,274.51,1.73,,,,,,,,,,,,,,,,,,,,,,,,,,,,,,,,,,,,,,,,,,,,,,,,,,,,,,,,,,,,,9.999e+20,230.0,7.2,210.0,7.2,25.0,5.0,,,0.0,2.0,,,,,,,963.0,230.0,230.0,230.0,,273.7,7.2,1.2,3.2,4.0,4.0,4.8,5.6,6.0,6.4,6.8,2.0,7.2,7.6,7.6,8.4,8.8,9.2,9.6,10.4,10.8,11.2,13.6,7.2,2.8,6.0,1.0,0.0,0.0,86.0,0.0,67.0,32.0,8.0,8.8,
2025120913,,,,,,,,,,,,,,,,,,,,,,,,,,,,,,,,,0.882,,,,,,,,,,,,,,,,,,,,,,,,,,,,,,,,,,,,,,,,,,,,,,,,,,,,,,,,,,,,,,,,,,,,,,,,,,,,,,,,,,,,,,,,,,,,,,,,,,,,,,,,,,,,,,,,,,,,,,,,,,,,,,,,,,,,,,,,,,,,,,,,,,,,,,,,,,,,,,,,,,,,,,,,,,,,,,,,,,,,,,,,,,,,,,,,,,,,,,,,,,,,,,,,,,,,,,,,,,,,,,,,,,,,,,,,,,,,,,,,,,,,,,,,,,,,,,,,,,,,,,,,,,,,,,,,,,,,,,,,,,,,,,,,,,,,,,,,,,,,,,,,,,,,,,,,,,,,,,,,,,,,,,,,,,,,,,,,,,,,,,,,,,,,,,,,,,,,,,,,,,,,,,,,,,,,,,,,,,,,,,,,,,,,,,,,,,,,,,,,,,,,,,,,,,,,,,,,,,,,,,,,,,,,,,,,,,,,,,,,,,,,,,,,,,,,,,,,,,,,,,,,,,,,,,,,,,,,,,,,,,,,,,,,,,,,,,,,,,,,,,,,,,,,,,,,,,,,,,,,,,,,,,,,,,,,,,,,,,,,,,,,,,,,,,,,,,,,,,,,,,,,,,,,,,,,,,,,,,,,,,,,,,,,,,,,,,,,,,,,,,,,,,,,,,,,,,,,,,,,,,,,,,,,,,,,,,,,,,,,,,,,,,,,,,,,,,,,,,,,,,,,,,,,,,,,,,,,,,,,
2025120914,,,,,,,,,,,,,,,,,,,,,,,,,,,,,,,,,0.753,,,,,,,,,,,,,,,,,,,,,,,,,,,,,,,,,,,,,,,,,,,,,,,,,,,,,,,,,,,,,,,,,,,,,,,,,,,,,,,,,,,,,,,,,,,,,,,,,,,,,,,,,,,,,,,,,,,,,,,,,,,,,,,,,,,,,,,,,,,,,,,,,,,,,,,,,,,,,,,,,,,,,,,,,,,,,,,,,,,,,,,,,,,,,,,,,,,,,,,,,,,,,,,,,,,,,,,,,,,,,,,,,,,,,,,,,,,,,,,,,,,,,,,,,,,,,,,,,,,,,,,,,,,,,,,,,,,,,,,,,,,,,,,,,,,,,,,,,,,,,,,,,,,,,,,,,,,,,,,,,,,,,,,,,,,,,,,,,,,,,,,,,,,,,,,,,,,,,,,,,,,,,,,,,,,,,,,,,,,,,,,,,,,,,,,,,,,,,,,,,,,,,,,,,,,,,,,,,,,,,,,,,,,,,,,,,,,,,,,,,,,,,,,,,,,,,,,,,,,,,,,,,,,,,,,,,,,,,,,,,,,,,,,,,,,,,,,,,,,,,,,,,,,,,,,,,,,,,,,,,,,,,,,,,,,,,,,,,,,,,,,,,,,,,,,,,,,,,,,,,,,,,,,,,,,,,,,,,,,,,,,,,,,,,,,,,,,,,,,,,,,,,,,,,,,,,,,,,,,,,,,,,,,,,,,,,,,,,,,,,,,,,,,,,,,,,,,,,,,,,,,,,,,,,,,,,,,,,,,,
2025120915,,,,,,,,,,,,,,,,,,,,,,,,,,,,,,,,,0.708,,,,,,,,,,,,,,,,,,,,,,,,,,,,,,,,,,,,,,,,,,,,,,,,,,,,,,,,,,,,,,,,,,,,,,,,,,,,,,,,,,,,,,,,,,,,,,,,,,,,,,,,,,,,,,,,,,,,,,,,,,,,,,,,,,268.43,,,,,,,,,,,,,,,,,,,,,,,,,,,,,,,,,,,,,,,,,,,,,,,,,,,,,,,,,,,,,,,,,,,,,,,,,,,,,,,,,,,,,,,,,,,3.0,5.0,,,,,,,,,,,14.0,15.0,14.0,17.0,20.0,23.0,23.0,0.0,0.0,0.0,0.0,0.0,18.4,,271.24,1.3,,0.0,0.0,,,,,,,,,,,,,,,,,,,,,,,,,,,,,,,,,,,,,,,,,,,,,,,,,,,,,,9.999e+20,9.1,2.0,4.0,4.4,4.8,5.2,5.6,6.0,6.8,7.2,3.6,8.10651,9.7242,10.1854,11.0363,11.5231,12.3796,13.7563,14.3439,14.9292,16.5272,18.9237,9.13622,4.3518,32.0,8.0,3.0,1.0,0.0,0.0,0.0,49.0,,9.999e+20,9.999e+20,9.999e+20,9.999e+20,9.999e+20,,,,,,,,,,,,,,,,,,,,,,,,,,,,,,,,,,,,,,,,,,,,,,,,,,,,,,,,,,,,,,,,,,,,,,,,,,,,,,,,,,,,,,,,,,,,,,,,,,,,,,,,,,,,,,,,,,,,,,,,,,,,0.0,,32.4,0.0,46.8,0.0,,83.0,,,,,,,,,,,,,,,,,,,,,,,,,,,,,,,,,,,,,,,,,,,,,,,,,,,,,,,,,,,,,6.1,2.2,4.6,1.5,6.4,7.8,9.3,10.2,1472.0,1008.0,1152.0,952.0,1304.0,1696.0,2400.0,2560.0,,,83.0,8.0,,,,,,,274.01,1.28,,,,,,,,,,,,,,,,,,,,,,,,,,,,,,,,,,,,,,,,,,,,,,,,,,,,,,,,,,,,,9.999e+20,230.0,6.4,200.0,6.4,,,,,,0.0,,,,,,,862.0,230.0,230.0,230.0,,273.1,6.4,0.8,2.4,2.8,3.2,3.6,4.0,4.0,4.8,5.2,2.0,6.0,6.4,7.6,8.0,8.4,8.8,9.6,10.8,11.2,11.6,13.6,6.41498,3.27429,9.0,0.0,0.0,0.0,77.0,0.0,53.0,27.0,7.2,8.0,
2025120916,,,,,,,,,,,,,,,,,,,,,,,,,,,,,,,,,0.783,,,,,,,,,,,,,,,,,,,,,,,,,,,,,,,,,,,,,,,,,,,,,,,,,,,,,,,,,,,,,,,,,,,,,,,,,,,,,,,,,,,,,,,,,,,,,,,,,,,,,,,,,,,,,,,,,,,,,,,,,,,,,,,,,,,,,,,,,,,,,,,,,,,,,,,,,,,,,,,,,,,,,,,,,,,,,,,,,,,,,,,,,,,,,,,,,,,,,,,,,,,,,,,,,,,,,,,,,,,,,,,,,,,,,,,,,,,,,,,,,,,,,,,,,,,,,,,,,,,,,,,,,,,,,,,,,,,,,,,,,,,,,,,,,,,,,,,,,,,,,,,,,,,,,,,,,,,,,,,,,,,,,,,,,,,,,,,,,,,,,,,,,,,,,,,,,,,,,,,,,,,,,,,,,,,,,,,,,,,,,,,,,,,,,,,,,,,,,,,,,,,,,,,,,,,,,,,,,,,,,,,,,,,,,,,,,,,,,,,,,,,,,,,,,,,,,,,,,,,,,,,,,,,,,,,,,,,,,,,,,,,,,,,,,,,,,,,,,,,,,,,,,,,,,,,,,,,,,,,,,,,,,,,,,,,,,,,,,,,,,,,,,,,,,,,,,,,,,,,,,,,,,,,,,,,,,,,,,,,,,,,,,,,,,,,,,,,,,,,,,,,,,,,,,,,,,,,,,,,,,,,,,,,,,,,,,,,,,,,,,,,,,,,,,,,,,,,,,,,,,,,,,,,,,,,,,,,,,,,,
2025120917,,,,,,,,,,,,,,,,,,,,,,,,,,,,,,,,,0.748,,,,,,,,,,,,,,,,,,,,,,,,,,,,,,,,,,,,,,,,,,,,,,,,,,,,,,,,,,,,,,,,,,,,,,,,,,,,,,,,,,,,,,,,,,,,,,,,,,,,,,,,,,,,,,,,,,,,,,,,,,,,,,,,,,,,,,,,,,,,,,,,,,,,,,,,,,,,,,,,,,,,,,,,,,,,,,,,,,,,,,,,,,,,,,,,,,,,,,,,,,,,,,,,,,,,,,,,,,,,,,,,,,,,,,,,,,,,,,,,,,,,,,,,,,,,,,,,,,,,,,,,,,,,,,,,,,,,,,,,,,,,,,,,,,,,,,,,,,,,,,,,,,,,,,,,,,,,,,,,,,,,,,,,,,,,,,,,,,,,,,,,,,,,,,,,,,,,,,,,,,,,,,,,,,,,,,,,,,,,,,,,,,,,,,,,,,,,,,,,,,,,,,,,,,,,,,,,,,,,,,,,,,,,,,,,,,,,,,,,,,,,,,,,,,,,,,,,,,,,,,,,,,,,,,,,,,,,,,,,,,,,,,,,,,,,,,,,,,,,,,,,,,,,,,,,,,,,,,,,,,,,,,,,,,,,,,,,,,,,,,,,,,,,,,,,,,,,,,,,,,,,,,,,,,,,,,,,,,,,,,,,,,,,,,,,,,,,,,,,,,,,,,,,,,,,,,,,,,,,,,,,,,,,,,,,,,,,,,,,,,,,,,,,,,,,,,,,,,,,,,,,,,,,,,,,,,,,,,,,
2025120918,9.741,0.0,0.194,0.633,1.113,1.573,2.126,2.767,3.592,4.569,0.0,5.594,6.921,8.047,9.551,11.177,13.256,16.37,19.437,25.506,34.602,52.645,89.0,0.0,27.0,0.0,15.0,66.0,10.0,1.0,47.0,0.0,0.761,,,,,,,,,,,,,,,,,,,,,,,,,,,,,,,,,,,,,,,,,,,,,,,,,,,,,,,,,,,,,,,,,,7.112,0.0,0.0,0.0,0.0,0.011,0.106,0.297,0.524,0.819,0.0,1.153,1.566,2.179,2.919,3.768,4.779,6.301,8.732,11.721,17.484,29.493,66.0,9.0,4.0,37.0,2.0,0.0,0.0,20.0,0.0,0.0,,,,,,,,,,,,,,,,,,,,,,,,,,,,,,,,,268.34,,,,,,,,,,,,,,,,,,,0.018,,,,,,,,,,,,,,,,,,0.025,,,,,,,,,,,,,,,,,,0.005,0.0,0.0,0.0,0.0,0.005,0.02,0.033,16.0,3.0,0.0,0.0,0.0,0.0,0.0,0.0,0.0,0.0,0.069,,,,,,,,,,,,,,,,,,4.0,5.0,,,,,,,,,,,14.0,15.0,14.0,17.0,21.0,22.0,23.0,0.0,0.0,0.0,0.0,0.0,18.4,,271.52,1.16,,7.0,2.0,,0.0,,,,,,,,,,,,,,,,,,,,,,,,,0.0,0.0,0.0,0.0,0.0,0.0,0.0,0.0,0.0,0.0,0.0,0.0,0.0,0.0,,,,,,,,,,,,,16.0,9.999e+20,8.0,1.2,2.8,3.2,3.6,4.4,5.23351,5.25762,5.68666,6.13531,2.0,6.96756,7.39526,8.67807,9.11931,9.96046,11.2348,11.28,12.6877,14.2491,16.8729,17.7467,7.96048,4.25971,21.0,7.0,2.0,0.0,0.0,0.0,0.0,40.0,2.0,9.999e+20,9.999e+20,9.999e+20,9.999e+20,9.999e+20,,,,,,,,,,,,,,,,,,,,,,,,,,,,,,,,,,,,,,,,,,,,,,,,,,,,,,,,,,,,,,,,,,,,,,,,,,,,,,,,,,,,,,,,,,,,,,,,,,,,,,,,,,,,,,,,,,,,,,,,,,88.0,,0.0,,33.6,0.0,49.6,0.0,,88.0,,,,,,,,,,,,,,,,,,,,,,,,,,,,,,,,,,,,,,,,,,,,,,,,,,,,,,,,,,,,,6.2,2.1,4.1,1.9,6.4,8.1,8.9,9.8,1472.0,1040.0,1152.0,936.0,1288.0,1632.0,2400.0,2456.0,,,79.0,12.0,,,,,,2.20896,273.34,1.13,,,,,,,,,,,,,,,,,,,,,,,,,,,,,,,273.995,270.688,272.085,272.156,272.467,272.498,272.916,272.95,273.251,273.541,271.398,273.644,273.875,274.261,274.273,274.738,275.373,275.867,276.698,277.306,277.478,278.617,0.0,0.0,0.0,0.0,0.0,2.0,36.0,0.0,9.999e+20,230.0,5.2,190.0,6.0,,3.0,,,3.0,2.0,,,,,,,1482.0,230.0,230.0,230.0,,273.0,5.2,0.4,1.2,2.0,2.0,2.4,3.2,3.6,3.6,4.0,0.8,4.4,4.8,5.6,6.0,6.8,7.6,8.0,9.2,10.4,11.6,12.4,5.2,3.2,6.0,0.0,0.0,0.0,61.0,0.0,40.0,17.0,6.0,6.4,
2025120919,,,,,,,,,,,,,,,,,,,,,,,,,,,,,,,,,0.728,,,,,,,,,,,,,,,,,,,,,,,,,,,,,,,,,,,,,,,,,,,,,,,,,,,,,,,,,,,,,,,,,,,,,,,,,,,,,,,,,,,,,,,,,,,,,,,,,,,,,,,,,,,,,,,,,,,,,,,,,,,,,,,,,,,,,,,,,,,,,,,,,,,,,,,,,,,,,,,,,,,,,,,,,,,,,,,,,,,,,,,,,,,,,,,,,,,,,,,,,,,,,,,,,,,,,,,,,,,,,,,,,,,,,,,,,,,,,,,,,,,,,,,,,,,,,,,,,,,,,,,,,,,,,,,,,,,,,,,,,,,,,,,,,,,,,,,,,,,,,,,,,,,,,,,,,,,,,,,,,,,,,,,,,,,,,,,,,,,,,,,,,,,,,,,,,,,,,,,,,,,,,,,,,,,,,,,,,,,,,,,,,,,,,,,,,,,,,,,,,,,,,,,,,,,,,,,,,,,,,,,,,,,,,,,,,,,,,,,,,,,,,,,,,,,,,,,,,,,,,,,,,,,,,,,,,,,,,,,,,,,,,,,,,,,,,,,,,,,,,,,,,,,,,,,,,,,,,,,,,,,,,,,,,,,,,,,,,,,,,,,,,,,,,,,,,,,,,,,,,,,,,,,,,,,,,,,,,,,,,,,,,,,,,,,,,,,,,,,,,,,,,,,,,,,,,,,,,,,,,,,,,,,,,,,,,,,,,,,,,,,,,,,,,,,,,,,,,,,,,,,,,,,,,,,,,,,,,,,,
2025120920,,,,,,,,,,,,,,,,,,,,,,,,,,,,,,,,,0.646,,,,,,,,,,,,,,,,,,,,,,,,,,,,,,,,,,,,,,,,,,,,,,,,,,,,,,,,,,,,,,,,,,,,,,,,,,,,,,,,,,,,,,,,,,,,,,,,,,,,,,,,,,,,,,,,,,,,,,,,,,,,,,,,,,,,,,,,,,,,,,,,,,,,,,,,,,,,,,,,,,,,,,,,,,,,,,,,,,,,,,,,,,,,,,,,,,,,,,,,,,,,,,,,,,,,,,,,,,,,,,,,,,,,,,,,,,,,,,,,,,,,,,,,,,,,,,,,,,,,,,,,,,,,,,,,,,,,,,,,,,,,,,,,,,,,,,,,,,,,,,,,,,,,,,,,,,,,,,,,,,,,,,,,,,,,,,,,,,,,,,,,,,,,,,,,,,,,,,,,,,,,,,,,,,,,,,,,,,,,,,,,,,,,,,,,,,,,,,,,,,,,,,,,,,,,,,,,,,,,,,,,,,,,,,,,,,,,,,,,,,,,,,,,,,,,,,,,,,,,,,,,,,,,,,,,,,,,,,,,,,,,,,,,,,,,,,,,,,,,,,,,,,,,,,,,,,,,,,,,,,,,,,,,,,,,,,,,,,,,,,,,,,,,,,,,,,,,,,,,,,,,,,,,,,,,,,,,,,,,,,,,,,,,,,,,,,,,,,,,,,,,,,,,,,,,,,,,,,,,,,,,,,,,,,,,,,,,,,,,,,,,,,,,,,,,,,,,,,,,,,,,,,,,,,,,,,,,,,,,
2025120921,,,,,,,,,,,,,,,,,,,,,,,,,,,,,,,,,0.628,,,,,,,,,,,,,,,,,,,,,,,,,,,,,,,,,,,,,,,,,,,,,,,,,,,,,,,,,,,,,,,,,,,,,,,,,,,,,,,,,,,,,,,,,,,,,,,,,,,,,,,,,,,,,,,,,,,,,,,,,,,,,,,,,,269.63,,,,,,,,,,,,,,,,,,,,,,,,,,,,,,,,,,,,,,,,,,,,,,,,,,,,,,,,,,,,,,,,,,,,,,,,,,,,,,,,,,,,,,,,,,,6.0,4.0,,,,,,,,,,,15.0,16.0,15.0,16.0,19.0,22.0,22.0,0.0,0.0,0.0,0.0,0.0,17.5,,272.61,0.98,,38.0,0.0,,,,,,,,,,,,,,,,,,,,,,,,,,,,,,,,,,,,,,,,,,,,,,,,,,,,,,9.999e+20,7.0,0.8,1.6,2.4,2.8,3.2,3.6,4.19166,4.21739,5.07302,1.6,5.50784,6.34196,6.79448,8.06322,9.37523,10.3156,11.6516,13.9496,14.5497,15.3178,17.6872,7.01576,4.7204,21.0,4.0,2.0,0.0,0.0,0.0,0.0,32.0,,9.999e+20,9.999e+20,9.999e+20,9.999e+20,9.999e+20,,,,,,,,,,,,,,,,,,,,,,,,,,,,,,,,,,,,,,,,,,,,,,,,,,,,,,,,,,,,,,,,,,,,,,,,,,,,,,,,,,,,,,,,,,,,,,,,,,,,,,,,,,,,,,,,,,,,,,,,,,,,0.0,,42.4,0.0,39.6,0.0,,91.0,,,,,,,,,,,,,,,,,,,,,,,,,,,,,,,,,,,,,,,,,,,,,,,,,,,,,,,,,,,,,6.0,2.4,3.3,2.1,6.4,8.1,9.4,10.2,1536.0,1056.0,1160.0,1016.0,1344.0,2024.0,2352.0,2512.0,,,84.0,8.0,,,,,,,273.8,0.98,,,,,,,,,,,,,,,,,,,,,,,,,,,,,,,,,,,,,,,,,,,,,,,,,,,,,,,,,,,,,9.999e+20,230.0,4.5,190.0,5.3,,,,,,2.0,,,,,,,2188.0,230.0,230.0,230.0,,273.7,4.5,0.4,0.8,0.8,1.2,1.6,1.6,2.0,2.8,3.2,0.4,3.2,4.0,4.4,5.2,6.4,7.2,8.0,8.8,10.4,10.8,11.4683,4.49046,3.31605,2.0,0.0,0.0,0.0,46.0,0.0,33.0,16.0,4.9,5.7,
2025120922,,,,,,,,,,,,,,,,,,,,,,,,,,,,,,,,,0.604,,,,,,,,,,,,,,,,,,,,,,,,,,,,,,,,,,,,,,,,,,,,,,,,,,,,,,,,,,,,,,,,,,,,,,,,,,,,,,,,,,,,,,,,,,,,,,,,,,,,,,,,,,,,,,,,,,,,,,,,,,,,,,,,,,,,,,,,,,,,,,,,,,,,,,,,,,,,,,,,,,,,,,,,,,,,,,,,,,,,,,,,,,,,,,,,,,,,,,,,,,,,,,,,,,,,,,,,,,,,,,,,,,,,,,,,,,,,,,,,,,,,,,,,,,,,,,,,,,,,,,,,,,,,,,,,,,,,,,,,,,,,,,,,,,,,,,,,,,,,,,,,,,,,,,,,,,,,,,,,,,,,,,,,,,,,,,,,,,,,,,,,,,,,,,,,,,,,,,,,,,,,,,,,,,,,,,,,,,,,,,,,,,,,,,,,,,,,,,,,,,,,,,,,,,,,,,,,,,,,,,,,,,,,,,,,,,,,,,,,,,,,,,,,,,,,,,,,,,,,,,,,,,,,,,,,,,,,,,,,,,,,,,,,,,,,,,,,,,,,,,,,,,,,,,,,,,,,,,,,,,,,,,,,,,,,,,,,,,,,,,,,,,,,,,,,,,,,,,,,,,,,,,,,,,,,,,,,,,,,,,,,,,,,,,,,,,,,,,,,,,,,,,,,,,,,,,,,,,,,,,,,,,,,,,,,,,,,,,,,,,,,,,,,,,,,,,,,,,,,,,,,,,,,,,,,,,,,,,,,
2025120923,,,,,,,,,,,,,,,,,,,,,,,,,,,,,,,,,0.646,,,,,,,,,,,,,,,,,,,,,,,,,,,,,,,,,,,,,,,,,,,,,,,,,,,,,,,,,,,,,,,,,,,,,,,,,,,,,,,,,,,,,,,,,,,,,,,,,,,,,,,,,,,,,,,,,,,,,,,,,,,,,,,,,,,,,,,,,,,,,,,,,,,,,,,,,,,,,,,,,,,,,,,,,,,,,,,,,,,,,,,,,,,,,,,,,,,,,,,,,,,,,,,,,,,,,,,,,,,,,,,,,,,,,,,,,,,,,,,,,,,,,,,,,,,,,,,,,,,,,,,,,,,,,,,,,,,,,,,,,,,,,,,,,,,,,,,,,,,,,,,,,,,,,,,,,,,,,,,,,,,,,,,,,,,,,,,,,,,,,,,,,,,,,,,,,,,,,,,,,,,,,,,,,,,,,,,,,,,,,,,,,,,,,,,,,,,,,,,,,,,,,,,,,,,,,,,,,,,,,,,,,,,,,,,,,,,,,,,,,,,,,,,,,,,,,,,,,,,,,,,,,,,,,,,,,,,,,,,,,,,,,,,,,,,,,,,,,,,,,,,,,,,,,,,,,,,,,,,,,,,,,,,,,,,,,,,,,,,,,,,,,,,,,,,,,,,,,,,,,,,,,,,,,,,,,,,,,,,,,,,,,,,,,,,,,,,,,,,,,,,,,,,,,,,,,,,,,,,,,,,,,,,,,,,,,,,,,,,,,,,,,,,,,,,,,,,,,,,,,,,,,,,,,,,,,,,,,,,,
2025121000,7.983,0.0,0.02,0.322,0.714,1.139,1.657,2.239,2.885,3.466,0.0,4.117,4.849,5.698,6.855,8.188,9.81,12.247,15.175,20.852,30.7,52.767,86.0,0.0,19.0,0.0,12.0,63.0,6.0,1.0,37.0,0.0,0.77,,33.047,2.723,10.231,12.334,14.43,17.003,18.814,21.11,22.812,24.671,7.166,27.547,30.178,33.489,36.867,40.243,43.779,48.71,53.885,61.501,75.782,112.979,100.0,2.0,84.0,1.0,0.0,0.0,54.0,18.0,96.0,5.0,,,,,,,,,,,,,,,,,,,,,,,,,,,,,,,,,8.382,0.0,0.0,0.0,0.0,0.027,0.198,0.461,0.783,1.197,0.0,1.687,2.143,2.717,3.428,4.215,5.165,6.699,8.248,11.321,15.87,30.589,68.0,8.0,3.0,42.0,2.0,1.0,0.0,21.0,0.0,0.0,,,,,,,,,,,,,,,,,,,,,,,,,,,,,,,,,269.32,,,,,,,,,,,,,,,,,,,0.02,0.0,0.0,0.0,0.015,0.03,0.051,0.058,35.0,14.0,5.0,0.0,0.0,0.0,0.0,0.0,0.0,0.0,0.028,0.003,0.008,0.0,0.02,0.038,0.061,0.079,20.0,7.0,1.0,0.0,0.0,0.0,0.0,0.0,0.0,0.0,0.005,0.0,0.0,0.0,0.0,0.005,0.013,0.018,15.0,1.0,1.0,0.0,0.0,0.0,0.0,0.0,0.0,0.0,0.053,0.015,0.023,0.008,0.046,0.069,0.109,0.124,30.0,7.0,1.0,0.0,0.0,0.0,0.0,0.0,0.0,0.0,3.0,3.0,,,,,,,,,,,15.0,15.0,15.0,17.0,19.0,22.0,23.0,0.0,0.0,0.0,0.0,0.0,17.3,,272.24,0.85,,21.0,0.0,,0.0,0.0,0.0,0.0,0.0,0.0,0.0,0.0,0.0,0.0,0.0,0.0,0.0,0.0,0.0,0.0,0.0,0.0,0.0,0.0,0.0,0.0,0.0,0.0,0.0,0.0,0.0,0.0,0.0,0.0,0.0,0.0,0.0,0.0,0.0,0.0,0.0,0.0,0.0,0.0,0.0,0.0,0.0,0.0,0.0,0.0,0.0,0.0,0.0,0.0,0.0,7.0,9.999e+20,6.7,0.8,1.6,2.0,2.4,2.8,3.2,3.6,4.0,4.4,1.2,5.2,5.73707,6.62334,7.46286,8.3721,9.23372,10.1226,11.4078,13.5384,16.3152,22.3154,6.69712,5.10316,16.0,7.0,4.0,2.0,1.0,0.0,0.0,28.0,2.0,9.999e+20,9.999e+20,9.999e+20,9.999e+20,9.999e+20,,,,,,,,,,,,,,,,,,,,,,,,,,,,,,,,,,,,,,,,,,,,,,,,,,,,,,,,,,,,,,,,,,,,,,,,,,,,,,,,,,,,,,,,,,,,,,,,,,,,,,,,,,,,,,,,,,,,,,,,,,,,0.0,8.0,48.4,0.0,33.6,0.0,,92.0,,,,,,,,,,,,,,,,,,,,,,,,,,,,,,,,,,,,,,,,,,,,,,,,,,,,,,,,,,,,,5.5,1.7,3.2,1.5,5.8,7.8,9.0,10.3,1640.0,1056.0,1144.0,1000.0,1392.0,2056.0,2560.0,2656.0,,,90.0,6.0,,275.09,0.48,,,,273.6,0.87,,,,,,,,,,,,,,,,,,,,,,,,,,,,,,,,,,,,,,,,,,,,,,,,,,,,,,,,,,,,,9.999e+20,240.0,4.0,220.0,4.9,33.0,3.0,,,1.0,3.0,,,,,,,478.0,240.0,240.0,240.0,,273.1,4.0,0.0,0.8,0.8,1.2,1.2,1.6,2.0,2.4,2.4,0.4,2.8,3.6,4.4,4.8,5.2,6.4,7.2,8.0,10.0,10.8,12.0,4.0,3.2,2.0,0.0,0.0,0.0,46.0,0.0,28.0,12.0,4.8,5.2,
2025121001,,,,,,,,,,,,,,,,,,,,,,,,,,,,,,,,,0.781,,,,,,,,,,,,,,,,,,,,,,,,,,,,,,,,,,,,,,,,,,,,,,,,,,,,,,,,,,,,,,,,,,,,,,,,,,,,,,,,,,,,,,,,,,,,,,,,,,,,,,,,,,,,,,,,,,,,,,,,,,,,,,,,,,,,,,,,,,,,,,,,,,,,,,,,,,,,,,,,,,,,,,,,,,,,,,,,,,,,,,,,,,,,,,,,,,,,,,,,,,,,,,,,,,,,,,,,,,,,,,,,,,,,,,,,,,,,,,,,,,,,,,,,,,,,,,,,,,,,,,,,,,,,,,,,,,,,,,,,,,,,,,,,,,,,,,,,,,,,,,,,,,,,,,,,,,,,,,,,,,,,,,,,,,,,,,,,,,,,,,,,,,,,,,,,,,,,,,,,,,,,,,,,,,,,,,,,,,,,,,,,,,,,,,,,,,,,,,,,,,,,,,,,,,,,,,,,,,,,,,,,,,,,,,,,,,,,,,,,,,,,,,,,,,,,,,,,,,,,,,,,,,,,,,,,,,,,,,,,,,,,,,,,,,,,,,,,,,,,,,,,,,,,,,,,,,,,,,,,,,,,,,,,,,,,,,,,,,,,,,,,,,,,,,,,,,,,,,,,,,,,,,,,,,,,,,,,,,,,,,,,,,,,,,,,,,,,,,,,,,,,,,,,,,,,,,,,,,,,,,,,,,,,,,,,,,,,,,,,,,,,,,,,,,,,,,,,,,,,,,,,,,,,,,,,,,,,,,,,
2025121002,,,,,,,,,,,,,,,,,,,,,,,,,,,,,,,,,0.714,,,,,,,,,,,,,,,,,,,,,,,,,,,,,,,,,,,,,,,,,,,,,,,,,,,,,,,,,,,,,,,,,,,,,,,,,,,,,,,,,,,,,,,,,,,,,,,,,,,,,,,,,,,,,,,,,,,,,,,,,,,,,,,,,,,,,,,,,,,,,,,,,,,,,,,,,,,,,,,,,,,,,,,,,,,,,,,,,,,,,,,,,,,,,,,,,,,,,,,,,,,,,,,,,,,,,,,,,,,,,,,,,,,,,,,,,,,,,,,,,,,,,,,,,,,,,,,,,,,,,,,,,,,,,,,,,,,,,,,,,,,,,,,,,,,,,,,,,,,,,,,,,,,,,,,,,,,,,,,,,,,,,,,,,,,,,,,,,,,,,,,,,,,,,,,,,,,,,,,,,,,,,,,,,,,,,,,,,,,,,,,,,,,,,,,,,,,,,,,,,,,,,,,,,,,,,,,,,,,,,,,,,,,,,,,,,,,,,,,,,,,,,,,,,,,,,,,,,,,,,,,,,,,,,,,,,,,,,,,,,,,,,,,,,,,,,,,,,,,,,,,,,,,,,,,,,,,,,,,,,,,,,,,,,,,,,,,,,,,,,,,,,,,,,,,,,,,,,,,,,,,,,,,,,,,,,,,,,,,,,,,,,,,,,,,,,,,,,,,,,,,,,,,,,,,,,,,,,,,,,,,,,,,,,,,,,,,,,,,,,,,,,,,,,,,,,,,,,,,,,,,,,,,,,,,,,,,,,,,,
2025121003,,,,,,,,,,,,,,,,,,,,,,,,,,,,,,,,,0.667,,,,,,,,,,,,,,,,,,,,,,,,,,,,,,,,,,,,,,,,,,,,,,,,,,,,,,,,,,,,,,,,,,,,,,,,,,,,,,,,,,,,,,,,,,,,,,,,,,,,,,,,,,,,,,,,,,,,,,,,,,,,,,,,,,269.27,,,,,,,,,,,,,,,,,,,,,,,,,,,,,,,,,,,,,,,,,,,,,,,,,,,,,,,,,,,,,,,,,,,,,,,,,,,,,,,,,,,,,,,,,,,2.0,4.0,,,,,,,,,,,14.0,16.0,14.0,19.0,21.0,23.0,24.0,0.0,0.0,0.0,0.0,0.0,18.9,,272.33,1.26,,0.0,0.0,,,,,,,,,,,,,,,,,,,,,,,,,,,,,,,,,,,,,,,,,,,,,,,,,,,,,,9.999e+20,8.0,1.2,2.4,2.8,3.6,4.4,4.8,5.6,6.0,6.4,2.0,7.2,7.6,8.0,8.88622,9.44699,10.4165,10.6769,12.0325,14.2333,15.6286,22.262,7.99667,4.78794,17.0,7.0,4.0,2.0,0.0,0.0,0.0,35.0,,9.999e+20,9.999e+20,9.999e+20,9.999e+20,9.999e+20,,,,,,,,,,,,,,,,,,,,,,,,,,,,,,,,,,,,,,,,,,,,,,,,,,,,,,,,,,,,,,,,,,,,,,,,,,,,,,,,,,,,,,,,,,,,,,,,,,,,,,,,,,,,,,,,,,,,,,,,,,,,0.0,,55.6,0.0,34.8,0.0,,88.0,,,,,,,,,,,,,,,,,,,,,,,,,,,,,,,,,,,,,,,,,,,,,,,,,,,,,,,,,,,,,5.1,1.1,3.1,0.9,5.0,6.8,7.9,10.1,1688.0,1024.0,1184.0,912.0,1592.0,2072.0,2648.0,2784.0,,,89.0,6.0,,,,,,,274.16,1.27,,,,,,,,,,,,,,,,,,,,,,,,,,,,,,,,,,,,,,,,,,,,,,,,,,,,,,,,,,,,,9.999e+20,220.0,4.8,210.0,5.1,,,,,,3.0,,,,,,,604.0,220.0,220.0,220.0,,273.5,4.8,0.4,1.2,1.6,2.0,2.4,2.8,3.6,4.0,4.0,0.8,4.4,4.8,5.2,5.6,6.4,6.8,7.6,8.4,9.2,10.8,12.0,4.8,3.2,2.0,0.0,0.0,0.0,65.0,0.0,38.0,12.0,5.6,6.4,
2025121004,,,,,,,,,,,,,,,,,,,,,,,,,,,,,,,,,0.683,,,,,,,,,,,,,,,,,,,,,,,,,,,,,,,,,,,,,,,,,,,,,,,,,,,,,,,,,,,,,,,,,,,,,,,,,,,,,,,,,,,,,,,,,,,,,,,,,,,,,,,,,,,,,,,,,,,,,,,,,,,,,,,,,,,,,,,,,,,,,,,,,,,,,,,,,,,,,,,,,,,,,,,,,,,,,,,,,,,,,,,,,,,,,,,,,,,,,,,,,,,,,,,,,,,,,,,,,,,,,,,,,,,,,,,,,,,,,,,,,,,,,,,,,,,,,,,,,,,,,,,,,,,,,,,,,,,,,,,,,,,,,,,,,,,,,,,,,,,,,,,,,,,,,,,,,,,,,,,,,,,,,,,,,,,,,,,,,,,,,,,,,,,,,,,,,,,,,,,,,,,,,,,,,,,,,,,,,,,,,,,,,,,,,,,,,,,,,,,,,,,,,,,,,,,,,,,,,,,,,,,,,,,,,,,,,,,,,,,,,,,,,,,,,,,,,,,,,,,,,,,,,,,,,,,,,,,,,,,,,,,,,,,,,,,,,,,,,,,,,,,,,,,,,,,,,,,,,,,,,,,,,,,,,,,,,,,,,,,,,,,,,,,,,,,,,,,,,,,,,,,,,,,,,,,,,,,,,,,,,,,,,,,,,,,,,,,,,,,,,,,,,,,,,,,,,,,,,,,,,,,,,,,,,,,,,,,,,,,,,,,,,,,,,,,,,,,,,,,,,,,,,,,,,,,,,,,,,,,,
2025121005,,,,,,,,,,,,,,,,,,,,,,,,,,,,,,,,,0.761,,,,,,,,,,,,,,,,,,,,,,,,,,,,,,,,,,,,,,,,,,,,,,,,,,,,,,,,,,,,,,,,,,,,,,,,,,,,,,,,,,,,,,,,,,,,,,,,,,,,,,,,,,,,,,,,,,,,,,,,,,,,,,,,,,,,,,,,,,,,,,,,,,,,,,,,,,,,,,,,,,,,,,,,,,,,,,,,,,,,,,,,,,,,,,,,,,,,,,,,,,,,,,,,,,,,,,,,,,,,,,,,,,,,,,,,,,,,,,,,,,,,,,,,,,,,,,,,,,,,,,,,,,,,,,,,,,,,,,,,,,,,,,,,,,,,,,,,,,,,,,,,,,,,,,,,,,,,,,,,,,,,,,,,,,,,,,,,,,,,,,,,,,,,,,,,,,,,,,,,,,,,,,,,,,,,,,,,,,,,,,,,,,,,,,,,,,,,,,,,,,,,,,,,,,,,,,,,,,,,,,,,,,,,,,,,,,,,,,,,,,,,,,,,,,,,,,,,,,,,,,,,,,,,,,,,,,,,,,,,,,,,,,,,,,,,,,,,,,,,,,,,,,,,,,,,,,,,,,,,,,,,,,,,,,,,,,,,,,,,,,,,,,,,,,,,,,,,,,,,,,,,,,,,,,,,,,,,,,,,,,,,,,,,,,,,,,,,,,,,,,,,,,,,,,,,,,,,,,,,,,,,,,,,,,,,,,,,,,,,,,,,,,,,,,,,,,,,,,,,,,,,,,,,,,,,,,,,,,,,
2025121006,8.851,0.0,0.0,0.137,0.587,1.256,1.899,2.605,3.356,4.378,0.0,5.224,6.381,7.718,8.914,10.635,12.544,14.787,17.834,21.907,28.33,51.232,84.0,0.0,25.0,0.0,13.0,66.0,7.0,1.0,45.0,0.0,0.841,,,,,,,,,,,,,,,,,,,,,,,,,,,,,,,,,,,,,,,,,,,,,,,,,,,,,,,,,,,,,,,,,,10.922,0.0,0.0,0.0,0.0,0.197,0.546,0.973,1.425,1.939,0.0,2.588,3.197,3.974,4.763,5.924,7.029,8.424,10.339,12.461,16.136,26.502,74.0,10.0,3.0,50.0,1.0,0.0,0.0,28.0,0.0,0.0,,,,,,,,,,,,,,,,,,,,,,,,,,,,,,,,,270.38,,,,,,,,,,,,,,,,,,,0.02,,,,,,,,,,,,,,,,,,0.03,,,,,,,,,,,,,,,,,,0.005,0.0,0.0,0.0,0.0,0.005,0.015,0.02,16.0,2.0,1.0,0.0,0.0,0.0,0.0,0.0,0.0,0.0,0.056,,,,,,,,,,,,,,,,,,6.0,4.0,,,,,,,,,,,14.0,15.0,14.0,17.0,21.0,27.0,27.0,0.0,0.0,0.0,0.0,0.0,19.3,,272.6,1.12,,0.0,3.0,,0.0,,,,,,,,,,,,,,,,,,,,,,,,,0.0,0.0,0.0,0.0,0.0,0.0,0.0,0.0,0.0,0.0,0.0,0.0,0.0,0.0,,,,,,,,,,,,,9.2,9.999e+20,7.9,1.6,3.2,3.6,4.0,4.4,4.8,5.6,6.4,6.8,2.4,7.6,8.13312,8.59588,9.03473,9.89785,9.99266,10.439,11.3203,13.153,14.4067,21.651,7.90816,3.98765,16.0,5.0,2.0,2.0,0.0,0.0,0.0,39.0,2.0,9.999e+20,9.999e+20,9.999e+20,9.999e+20,9.999e+20,,,,,,,,,,,,,,,,,,,,,,,,,,,,,,,,,,,,,,,,,,,,,,,,,,,,,,,,,,,,,,,,,,,,,,,,,,,,,,,,,,,,,,,,,,,,,,,,,,,,,,,,,,,,,,,,,,,,,,,,,,,84.0,0.0,,58.0,0.0,32.4,0.0,,84.0,,,,,,,,,,,,,,,,,,,,,,,,,,,,,,,,,,,,,,,,,,,,,,,,,,,,,,,,,,,,,4.7,1.2,2.7,0.7,4.4,6.7,7.7,9.6,1784.0,1088.0,1272.0,896.0,1656.0,2264.0,2744.0,2856.0,,,84.0,7.0,,,,,,1.81979,274.92,1.15,275.006,272.514,272.894,273.487,273.634,273.578,273.914,274.252,274.244,274.631,272.505,275.001,275.027,275.381,275.807,276.129,276.243,276.582,277.6,277.893,278.924,280.503,0.0,0.0,12.0,0.0,0.0,0.0,0.0,0.0,,,,,,,,,,,,,,,,,,,,,,,,,,,,,,,9.999e+20,220.0,5.2,210.0,5.1,,5.0,,,5.0,3.0,,,,,,,667.0,220.0,220.0,220.0,,273.9,5.2,0.8,2.0,2.0,2.4,2.4,2.8,3.2,4.0,4.4,1.2,4.8,5.2,5.6,6.0,6.4,6.8,7.2,7.6,8.8,10.8,11.2,5.2,2.8,2.0,0.0,0.0,0.0,64.0,0.0,39.0,11.0,5.6,6.4,
2025121007,,,,,,,,,,,,,,,,,,,,,,,,,,,,,,,,,0.793,,,,,,,,,,,,,,,,,,,,,,,,,,,,,,,,,,,,,,,,,,,,,,,,,,,,,,,,,,,,,,,,,,,,,,,,,,,,,,,,,,,,,,,,,,,,,,,,,,,,,,,,,,,,,,,,,,,,,,,,,,,,,,,,,,,,,,,,,,,,,,,,,,,,,,,,,,,,,,,,,,,,,,,,,,,,,,,,,,,,,,,,,,,,,,,,,,,,,,,,,,,,,,,,,,,,,,,,,,,,,,,,,,,,,,,,,,,,,,,,,,,,,,,,,,,,,,,,,,,,,,,,,,,,,,,,,,,,,,,,,,,,,,,,,,,,,,,,,,,,,,,,,,,,,,,,,,,,,,,,,,,,,,,,,,,,,,,,,,,,,,,,,,,,,,,,,,,,,,,,,,,,,,,,,,,,,,,,,,,,,,,,,,,,,,,,,,,,,,,,,,,,,,,,,,,,,,,,,,,,,,,,,,,,,,,,,,,,,,,,,,,,,,,,,,,,,,,,,,,,,,,,,,,,,,,,,,,,,,,,,,,,,,,,,,,,,,,,,,,,,,,,,,,,,,,,,,,,,,,,,,,,,,,,,,,,,,,,,,,,,,,,,,,,,,,,,,,,,,,,,,,,,,,,,,,,,,,,,,,,,,,,,,,,,,,,,,,,,,,,,,,,,,,,,,,,,,,,,,,,,,,,,,,,,,,,,,,,,,,,,,,,,,,,,,,,,,,,,,,,,,,,,,,,,,,,,,,,,,,,
2025121008,,,,,,,,,,,,,,,,,,,,,,,,,,,,,,,,,0.907,,,,,,,,,,,,,,,,,,,,,,,,,,,,,,,,,,,,,,,,,,,,,,,,,,,,,,,,,,,,,,,,,,,,,,,,,,,,,,,,,,,,,,,,,,,,,,,,,,,,,,,,,,,,,,,,,,,,,,,,,,,,,,,,,,,,,,,,,,,,,,,,,,,,,,,,,,,,,,,,,,,,,,,,,,,,,,,,,,,,,,,,,,,,,,,,,,,,,,,,,,,,,,,,,,,,,,,,,,,,,,,,,,,,,,,,,,,,,,,,,,,,,,,,,,,,,,,,,,,,,,,,,,,,,,,,,,,,,,,,,,,,,,,,,,,,,,,,,,,,,,,,,,,,,,,,,,,,,,,,,,,,,,,,,,,,,,,,,,,,,,,,,,,,,,,,,,,,,,,,,,,,,,,,,,,,,,,,,,,,,,,,,,,,,,,,,,,,,,,,,,,,,,,,,,,,,,,,,,,,,,,,,,,,,,,,,,,,,,,,,,,,,,,,,,,,,,,,,,,,,,,,,,,,,,,,,,,,,,,,,,,,,,,,,,,,,,,,,,,,,,,,,,,,,,,,,,,,,,,,,,,,,,,,,,,,,,,,,,,,,,,,,,,,,,,,,,,,,,,,,,,,,,,,,,,,,,,,,,,,,,,,,,,,,,,,,,,,,,,,,,,,,,,,,,,,,,,,,,,,,,,,,,,,,,,,,,,,,,,,,,,,,,,,,,,,,,,,,,,,,,,,,,,,,,,,,,,,,,,,
2025121009,,,,,,,,,,,,,,,,,,,,,,,,,,,,,,,,,0.883,,,,,,,,,,,,,,,,,,,,,,,,,,,,,,,,,,,,,,,,,,,,,,,,,,,,,,,,,,,,,,,,,,,,,,,,,,,,,,,,,,,,,,,,,,,,,,,,,,,,,,,,,,,,,,,,,,,,,,,,,,,,,,,,,,271.06,,,,,,,,,,,,,,,,,,,,,,,,,,,,,,,,,,,,,,,,,,,,,,,,,,,,,,,,,,,,,,,,,,,,,,,,,,,,,,,,,,,,,,,,,,,3.0,1.0,,,,,,,,,,,12.0,16.0,12.0,19.0,23.0,35.0,35.0,0.0,0.0,0.0,0.0,0.0,21.8,,272.99,1.01,,0.0,2.0,,,,,,,,,,,,,,,,,,,,,,,,,,,,,,,,,,,,,,,,,,,,,,,,,,,,,,9.999e+20,8.7,0.8,2.8,4.4,5.2,5.6,6.0,6.4,7.2,7.6,2.0,8.0,8.43813,9.31076,9.77131,10.2242,10.678,11.5885,12.9177,13.9198,16.5709,19.1594,8.27949,4.31257,21.0,8.0,4.0,1.0,0.0,0.0,0.0,45.0,,9.999e+20,9.999e+20,9.999e+20,9.999e+20,9.999e+20,,,,,,,,,,,,,,,,,,,,,,,,,,,,,,,,,,,,,,,,,,,,,,,,,,,,,,,,,,,,,,,,,,,,,,,,,,,,,,,,,,,,,,,,,,,,,,,,,,,,,,,,,,,,,,,,,,,,,,,,,,,,0.0,,76.8,0.0,19.6,0.0,,83.0,,,,,,,,,,,,,,,,,,,,,,,,,,,,,,,,,,,,,,,,,,,,,,,,,,,,,,,,,,,,,4.2,0.7,2.0,0.6,3.7,5.8,7.3,9.5,1944.0,1112.0,1464.0,920.0,1984.0,2512.0,2840.0,2960.0,,,84.0,6.0,,,,,,,275.53,1.13,,,,,,,,,,,,,,,,,,,,,,,,,,,,,,,,,,,,,,,,,,,,,,,,,,,,,,,,,,,,,9.999e+20,220.0,5.6,210.0,5.8,,,,,,3.0,,,,,,,950.0,220.0,220.0,220.0,,274.7,5.6,0.4,1.6,2.8,3.2,3.2,3.6,4.4,4.8,5.2,1.2,5.6,6.0,6.4,6.8,7.2,8.0,8.0,8.8,9.6,10.8,11.6,5.6,2.8,2.0,0.0,0.0,0.0,72.0,0.0,46.0,14.0,6.4,7.2,
2025121010,,,,,,,,,,,,,,,,,,,,,,,,,,,,,,,,,0.948,,,,,,,,,,,,,,,,,,,,,,,,,,,,,,,,,,,,,,,,,,,,,,,,,,,,,,,,,,,,,,,,,,,,,,,,,,,,,,,,,,,,,,,,,,,,,,,,,,,,,,,,,,,,,,,,,,,,,,,,,,,,,,,,,,,,,,,,,,,,,,,,,,,,,,,,,,,,,,,,,,,,,,,,,,,,,,,,,,,,,,,,,,,,,,,,,,,,,,,,,,,,,,,,,,,,,,,,,,,,,,,,,,,,,,,,,,,,,,,,,,,,,,,,,,,,,,,,,,,,,,,,,,,,,,,,,,,,,,,,,,,,,,,,,,,,,,,,,,,,,,,,,,,,,,,,,,,,,,,,,,,,,,,,,,,,,,,,,,,,,,,,,,,,,,,,,,,,,,,,,,,,,,,,,,,,,,,,,,,,,,,,,,,,,,,,,,,,,,,,,,,,,,,,,,,,,,,,,,,,,,,,,,,,,,,,,,,,,,,,,,,,,,,,,,,,,,,,,,,,,,,,,,,,,,,,,,,,,,,,,,,,,,,,,,,,,,,,,,,,,,,,,,,,,,,,,,,,,,,,,,,,,,,,,,,,,,,,,,,,,,,,,,,,,,,,,,,,,,,,,,,,,,,,,,,,,,,,,,,,,,,,,,,,,,,,,,,,,,,,,,,,,,,,,,,,,,,,,,,,,,,,,,,,,,,,,,,,,,,,,,,,,,,,,,,,,,,,,,,,,,,,,,,,,,,,,,,,,,,,
2025121011,,,,,,,,,,,,,,,,,,,,,,,,,,,,,,,,,0.854,,,,,,,,,,,,,,,,,,,,,,,,,,,,,,,,,,,,,,,,,,,,,,,,,,,,,,,,,,,,,,,,,,,,,,,,,,,,,,,,,,,,,,,,,,,,,,,,,,,,,,,,,,,,,,,,,,,,,,,,,,,,,,,,,,,,,,,,,,,,,,,,,,,,,,,,,,,,,,,,,,,,,,,,,,,,,,,,,,,,,,,,,,,,,,,,,,,,,,,,,,,,,,,,,,,,,,,,,,,,,,,,,,,,,,,,,,,,,,,,,,,,,,,,,,,,,,,,,,,,,,,,,,,,,,,,,,,,,,,,,,,,,,,,,,,,,,,,,,,,,,,,,,,,,,,,,,,,,,,,,,,,,,,,,,,,,,,,,,,,,,,,,,,,,,,,,,,,,,,,,,,,,,,,,,,,,,,,,,,,,,,,,,,,,,,,,,,,,,,,,,,,,,,,,,,,,,,,,,,,,,,,,,,,,,,,,,,,,,,,,,,,,,,,,,,,,,,,,,,,,,,,,,,,,,,,,,,,,,,,,,,,,,,,,,,,,,,,,,,,,,,,,,,,,,,,,,,,,,,,,,,,,,,,,,,,,,,,,,,,,,,,,,,,,,,,,,,,,,,,,,,,,,,,,,,,,,,,,,,,,,,,,,,,,,,,,,,,,,,,,,,,,,,,,,,,,,,,,,,,,,,,,,,,,,,,,,,,,,,,,,,,,,,,,,,,,,,,,,,,,,,,,,,,,,,,,,,,,,,,
2025121012,10.681,0.0,0.218,1.194,2.276,3.18,4.09,5.169,6.205,7.056,0.0,8.076,9.08,10.275,11.488,13.337,15.203,17.012,19.334,23.257,31.503,46.793,90.0,0.0,32.0,0.0,16.0,79.0,8.0,1.0,59.0,0.0,1.062,,22.839,0.0,3.656,5.415,7.339,8.718,10.227,11.686,13.392,15.299,1.351,17.479,19.636,22.162,24.873,27.891,30.779,35.456,41.923,48.596,61.329,90.998,98.0,1.0,62.0,0.0,0.0,0.0,35.0,9.0,83.0,2.0,58.1,14.939,28.604,32.401,35.679,38.821,41.529,44.304,46.938,49.486,23.43,52.014,54.857,57.909,61.38,65.691,70.356,75.336,82.438,92.336,112.734,170.342,99.0,3.0,100.0,0.0,94.0,0.0,0.0,0.0,53.0,19.0,14.224,0.0,0.0,0.394,0.861,1.447,1.948,2.564,3.132,3.668,0.0,4.37,5.029,5.812,6.569,7.358,8.437,9.893,11.348,14.002,19.0,28.079,86.0,12.0,5.0,65.0,2.0,0.0,0.0,37.0,0.0,0.0,68.1,23.076,38.543,41.834,45.793,49.231,51.937,54.031,56.751,59.587,32.458,62.142,64.949,68.415,71.719,76.189,80.62,85.725,93.538,103.184,122.245,178.11,4.0,1.0,98.0,0.0,0.0,72.0,0.0,100.0,0.0,30.0,270.99,,,,,,,,,,,,,,,,,,,0.02,0.0,0.0,0.0,0.01,0.025,0.064,0.081,34.0,12.0,6.0,1.0,0.0,0.0,0.0,0.0,0.0,0.0,0.036,0.003,0.008,0.0,0.025,0.053,0.097,0.109,23.0,12.0,3.0,0.0,0.0,0.0,0.0,0.0,0.0,0.0,0.008,0.0,0.0,0.0,0.0,0.003,0.02,0.038,16.0,4.0,1.0,0.0,0.0,0.0,0.0,0.0,0.0,0.0,0.053,0.01,0.02,0.005,0.041,0.081,0.119,0.135,29.0,7.0,2.0,0.0,0.0,0.0,0.0,0.0,0.0,0.0,3.0,3.0,,,,,,,,,,,12.0,16.0,12.0,18.0,29.0,32.0,32.0,0.0,0.0,0.0,0.0,0.0,22.0,,272.8,1.33,,0.0,1.0,,0.0,0.0,0.0,0.0,0.0,0.0,0.0,0.0,0.0,0.0,0.0,0.0,0.0,0.0,0.0,0.0,0.0,0.0,0.0,0.0,0.0,0.0,0.0,0.0,0.0,0.0,0.0,0.0,0.0,0.0,0.0,0.0,0.0,0.0,0.0,0.0,0.0,0.0,0.0,0.0,0.0,0.0,0.0,0.0,0.0,0.0,0.0,0.0,0.0,0.0,0.0,12.0,9.999e+20,9.1,1.2,3.6,4.0,4.8,4.8,6.0,6.4,7.2,8.0,2.4,8.8,9.64791,10.5293,10.6103,11.0825,11.9581,12.8915,13.4343,14.4082,15.9049,22.042,9.11128,4.66506,30.0,7.0,3.0,2.0,1.0,0.0,0.0,50.0,2.0,9.999e+20,9.999e+20,9.999e+20,9.999e+20,9.999e+20,,,,,,,,,,,,,,,,,,,,,,,,,,,,,,,,,,,,,,,,,,,,,,,,,,,,,,,,,,,,,,,,,,,,,,,,,,,,,,,,,,,,,,,,,,,,,,,,,,,,,,,,,,,,,,,,,,,,,,,,,,,,0.0,8.0,76.8,0.0,20.8,0.0,,82.0,,,,,,,,,,,,,,,,,,,,,,,,,,,,,,,,,,,,,,,,,,,,,,,,,,,,,,,,,,,,,3.8,0.9,1.1,0.7,2.8,5.3,7.1,11.3,2064.0,1192.0,1488.0,888.0,2248.0,2696.0,2896.0,3016.0,,,88.0,7.0,,,,273.73,1.31,,275.94,1.45,,,,,,,,,,,,,,,,,,,,,,,,,,,,,,,,,,,,,,,,,,,,,,,,,,,,,,,,,,,,,9.999e+20,220.0,6.0,220.0,6.2,30.0,8.0,,,4.0,3.0,,,,,,,888.0,220.0,220.0,220.0,,274.7,6.0,0.4,2.0,2.4,2.8,3.2,3.6,4.0,4.8,5.6,1.6,6.0,6.8,7.2,8.0,8.4,8.8,9.2,10.0,10.8,11.2,11.6,6.0,3.2,3.0,0.0,0.0,0.0,70.0,0.0,53.0,25.0,6.8,7.6,
2025121013,,,,,,,,,,,,,,,,,,,,,,,,,,,,,,,,,1.028,,,,,,,,,,,,,,,,,,,,,,,,,,,,,,,,,,,,,,,,,,,,,,,,,,,,,,,,,,,,,,,,,,,,,,,,,,,,,,,,,,,,,,,,,,,,,,,,,,,,,,,,,,,,,,,,,,,,,,,,,,,,,,,,,,,,,,,,,,,,,,,,,,,,,,,,,,,,,,,,,,,,,,,,,,,,,,,,,,,,,,,,,,,,,,,,,,,,,,,,,,,,,,,,,,,,,,,,,,,,,,,,,,,,,,,,,,,,,,,,,,,,,,,,,,,,,,,,,,,,,,,,,,,,,,,,,,,,,,,,,,,,,,,,,,,,,,,,,,,,,,,,,,,,,,,,,,,,,,,,,,,,,,,,,,,,,,,,,,,,,,,,,,,,,,,,,,,,,,,,,,,,,,,,,,,,,,,,,,,,,,,,,,,,,,,,,,,,,,,,,,,,,,,,,,,,,,,,,,,,,,,,,,,,,,,,,,,,,,,,,,,,,,,,,,,,,,,,,,,,,,,,,,,,,,,,,,,,,,,,,,,,,,,,,,,,,,,,,,,,,,,,,,,,,,,,,,,,,,,,,,,,,,,,,,,,,,,,,,,,,,,,,,,,,,,,,,,,,,,,,,,,,,,,,,,,,,,,,,,,,,,,,,,,,,,,,,,,,,,,,,,,,,,,,,,,,,,,,,,,,,,,,,,,,,,,,,,,,,,,,,,,,,,,,,,,,,,,,,,,,,,,,,,,,,,,,,,,,,,,
2025121014,,,,,,,,,,,,,,,,,,,,,,,,,,,,,,,,,0.983,,,,,,,,,,,,,,,,,,,,,,,,,,,,,,,,,,,,,,,,,,,,,,,,,,,,,,,,,,,,,,,,,,,,,,,,,,,,,,,,,,,,,,,,,,,,,,,,,,,,,,,,,,,,,,,,,,,,,,,,,,,,,,,,,,,,,,,,,,,,,,,,,,,,,,,,,,,,,,,,,,,,,,,,,,,,,,,,,,,,,,,,,,,,,,,,,,,,,,,,,,,,,,,,,,,,,,,,,,,,,,,,,,,,,,,,,,,,,,,,,,,,,,,,,,,,,,,,,,,,,,,,,,,,,,,,,,,,,,,,,,,,,,,,,,,,,,,,,,,,,,,,,,,,,,,,,,,,,,,,,,,,,,,,,,,,,,,,,,,,,,,,,,,,,,,,,,,,,,,,,,,,,,,,,,,,,,,,,,,,,,,,,,,,,,,,,,,,,,,,,,,,,,,,,,,,,,,,,,,,,,,,,,,,,,,,,,,,,,,,,,,,,,,,,,,,,,,,,,,,,,,,,,,,,,,,,,,,,,,,,,,,,,,,,,,,,,,,,,,,,,,,,,,,,,,,,,,,,,,,,,,,,,,,,,,,,,,,,,,,,,,,,,,,,,,,,,,,,,,,,,,,,,,,,,,,,,,,,,,,,,,,,,,,,,,,,,,,,,,,,,,,,,,,,,,,,,,,,,,,,,,,,,,,,,,,,,,,,,,,,,,,,,,,,,,,,,,,,,,,,,,,,,,,,,,,,,,,,,,,
2025121015,,,,,,,,,,,,,,,,,,,,,,,,,,,,,,,,,1.036,,,,,,,,,,,,,,,,,,,,,,,,,,,,,,,,,,,,,,,,,,,,,,,,,,,,,,,,,,,,,,,,,,,,,,,,,,,,,,,,,,,,,,,,,,,,,,,,,,,,,,,,,,,,,,,,,,,,,,,,,,,,,,,,,,269.89,,,,,,,,,,,,,,,,,,,,,,,,,,,,,,,,,,,,,,,,,,,,,,,,,,,,,,,,,,,,,,,,,,,,,,,,,,,,,,,,,,,,,,,,,,,3.0,4.0,,,,,,,,,,,11.0,17.0,11.0,21.0,29.0,34.0,34.0,0.0,0.0,0.0,0.0,0.0,22.6,,273.12,1.72,,0.0,0.0,,,,,,,,,,,,,,,,,,,,,,,,,,,,,,,,,,,,,,,,,,,,,,,,,,,,,,9.999e+20,10.3,1.6,3.6,4.8,5.2,6.4,6.8,7.6,8.0,8.8505,3.2,9.65905,10.4862,11.7138,12.5431,13.3866,14.252,14.7772,16.5107,17.6237,19.6725,22.6223,10.2507,5.22046,42.0,16.0,12.0,4.0,1.0,0.0,0.0,56.0,,9.999e+20,9.999e+20,9.999e+20,9.999e+20,9.999e+20,,,,,,,,,,,,,,,,,,,,,,,,,,,,,,,,,,,,,,,,,,,,,,,,,,,,,,,,,,,,,,,,,,,,,,,,,,,,,,,,,,,,,,,,,,,,,,,,,,,,,,,,,,,,,,,,,,,,,,,,,,,,0.0,,78.0,0.0,19.6,0.0,,87.0,,,,,,,,,,,,,,,,,,,,,,,,,,,,,,,,,,,,,,,,,,,,,,,,,,,,,,,,,,,,,3.9,0.6,1.2,0.4,2.5,4.7,9.0,11.9,2112.0,1128.0,1688.0,832.0,2304.0,2656.0,2936.0,3000.0,,,87.0,7.0,,,,,,,275.17,1.72,,,,,,,,,,,,,,,,,,,,,,,,,,,,,,,,,,,,,,,,,,,,,,,,,,,,,,,,,,,,,9.999e+20,230.0,7.2,220.0,7.3,,,,,,3.0,,,,,,,1574.0,230.0,230.0,230.0,,274.7,7.2,0.8,2.4,3.2,3.6,4.0,4.8,5.2,5.6,6.0,2.0,6.8,7.6,8.0,8.8,9.2,10.4,11.2,11.2,11.6,13.2,14.1798,7.22551,3.75171,17.0,0.0,0.0,0.0,81.0,0.0,60.0,35.0,8.0,9.2,
2025121016,,,,,,,,,,,,,,,,,,,,,,,,,,,,,,,,,1.286,,,,,,,,,,,,,,,,,,,,,,,,,,,,,,,,,,,,,,,,,,,,,,,,,,,,,,,,,,,,,,,,,,,,,,,,,,,,,,,,,,,,,,,,,,,,,,,,,,,,,,,,,,,,,,,,,,,,,,,,,,,,,,,,,,,,,,,,,,,,,,,,,,,,,,,,,,,,,,,,,,,,,,,,,,,,,,,,,,,,,,,,,,,,,,,,,,,,,,,,,,,,,,,,,,,,,,,,,,,,,,,,,,,,,,,,,,,,,,,,,,,,,,,,,,,,,,,,,,,,,,,,,,,,,,,,,,,,,,,,,,,,,,,,,,,,,,,,,,,,,,,,,,,,,,,,,,,,,,,,,,,,,,,,,,,,,,,,,,,,,,,,,,,,,,,,,,,,,,,,,,,,,,,,,,,,,,,,,,,,,,,,,,,,,,,,,,,,,,,,,,,,,,,,,,,,,,,,,,,,,,,,,,,,,,,,,,,,,,,,,,,,,,,,,,,,,,,,,,,,,,,,,,,,,,,,,,,,,,,,,,,,,,,,,,,,,,,,,,,,,,,,,,,,,,,,,,,,,,,,,,,,,,,,,,,,,,,,,,,,,,,,,,,,,,,,,,,,,,,,,,,,,,,,,,,,,,,,,,,,,,,,,,,,,,,,,,,,,,,,,,,,,,,,,,,,,,,,,,,,,,,,,,,,,,,,,,,,,,,,,,,,,,,,,,,,,,,,,,,,,,,,,,,,,,,,,,,,,,,,
2025121017,,,,,,,,,,,,,,,,,,,,,,,,,,,,,,,,,1.382,,,,,,,,,,,,,,,,,,,,,,,,,,,,,,,,,,,,,,,,,,,,,,,,,,,,,,,,,,,,,,,,,,,,,,,,,,,,,,,,,,,,,,,,,,,,,,,,,,,,,,,,,,,,,,,,,,,,,,,,,,,,,,,,,,,,,,,,,,,,,,,,,,,,,,,,,,,,,,,,,,,,,,,,,,,,,,,,,,,,,,,,,,,,,,,,,,,,,,,,,,,,,,,,,,,,,,,,,,,,,,,,,,,,,,,,,,,,,,,,,,,,,,,,,,,,,,,,,,,,,,,,,,,,,,,,,,,,,,,,,,,,,,,,,,,,,,,,,,,,,,,,,,,,,,,,,,,,,,,,,,,,,,,,,,,,,,,,,,,,,,,,,,,,,,,,,,,,,,,,,,,,,,,,,,,,,,,,,,,,,,,,,,,,,,,,,,,,,,,,,,,,,,,,,,,,,,,,,,,,,,,,,,,,,,,,,,,,,,,,,,,,,,,,,,,,,,,,,,,,,,,,,,,,,,,,,,,,,,,,,,,,,,,,,,,,,,,,,,,,,,,,,,,,,,,,,,,,,,,,,,,,,,,,,,,,,,,,,,,,,,,,,,,,,,,,,,,,,,,,,,,,,,,,,,,,,,,,,,,,,,,,,,,,,,,,,,,,,,,,,,,,,,,,,,,,,,,,,,,,,,,,,,,,,,,,,,,,,,,,,,,,,,,,,,,,,,,,,,,,,,,,,,,,,,,,,,,,,,,,
2025121018,13.766,0.0,1.293,2.503,3.367,4.646,5.87,6.898,8.074,9.411,0.137,11.067,12.785,14.58,16.116,17.776,19.842,22.177,24.668,29.324,37.595,50.775,94.0,0.0,45.0,0.0,27.0,85.0,14.0,1.0,68.0,0.0,1.587,,,,,,,,,,,,,,,,,,,,,,,,,,,,,,,,,,,,,,,,,,,,,,,,,,,,,,,,,,,,,,,,,,15.494,0.0,0.014,0.26,0.711,1.444,2.14,3.069,4.092,5.179,0.0,6.104,7.046,8.298,9.542,10.82,12.519,14.359,16.688,19.841,24.602,32.421,85.0,25.0,11.0,68.0,4.0,0.0,0.0,49.0,0.0,0.0,,,,,,,,,,,,,,,,,,,,,,,,,,,,,,,,,269.16,,,,,,,,,,,,,,,,,,,0.025,,,,,,,,,,,,,,,,,,0.043,,,,,,,,,,,,,,,,,,0.01,0.0,0.0,0.0,0.0,0.0,0.005,0.025,13.0,5.0,2.0,1.0,1.0,0.0,0.0,0.0,0.0,0.0,0.053,,,,,,,,,,,,,,,,,,5.0,6.0,,,,,,,,,,,9.0,17.0,9.0,21.0,28.0,37.0,37.0,0.0,0.0,0.0,0.0,0.0,22.6,,273.36,1.7,,2.0,2.0,,0.0,,,,,,,,,,,,,,,,,,,,,,,,,0.0,0.0,0.0,0.0,0.0,0.0,0.0,0.0,0.0,0.0,0.0,0.0,0.0,0.0,,,,,,,,,,,,,12.0,9.999e+20,10.7,2.4,4.0,4.8,5.6,6.0,6.8,7.2,7.6,8.4,3.2,9.6,10.5716,11.4265,12.332,14.3863,15.2266,15.6927,16.5984,17.4735,20.4565,23.3889,10.676,5.5378,40.0,23.0,12.0,5.0,0.0,0.0,0.0,52.0,2.0,9.999e+20,9.999e+20,9.999e+20,9.999e+20,9.999e+20,,,,,,,,,,,,,,,,,,,,,,,,,,,,,,,,,,,,,,,,,,,,,,,,,,,,,,,,,,,,,,,,,,,,,,,,,,,,,,,,,,,,,,,,,,,,,,,,,,,,,,,,,,,,,,,,,,,,,,,,,,90.0,,0.0,,78.0,0.0,20.8,0.0,,90.0,,,,,,,,,,,,,,,,,,,,,,,,,,,,,,,,,,,,,,,,,,,,,,,,,,,,,,,,,,,,,4.0,0.6,0.9,0.4,2.2,5.4,9.8,13.4,2120.0,1040.0,1616.0,752.0,2328.0,2776.0,3000.0,3048.0,,,86.0,7.0,,,,,,2.24792,274.64,1.7,,,,,,,,,,,,,,,,,,,,,,,,,,,,,,,273.01,267.258,270.466,271.232,271.613,272.093,272.063,272.353,272.697,272.609,269.64,272.82,273.364,273.355,273.83,273.818,274.47,274.737,275.638,276.566,277.294,279.063,0.0,0.0,0.0,0.0,0.0,13.0,55.0,0.0,9.999e+20,230.0,7.3,230.0,7.2,,7.0,,,3.0,3.0,,,,,,,2049.0,230.0,230.0,230.0,,274.2,7.3,1.2,2.4,3.2,3.6,4.0,4.4,4.8,5.2,6.0,1.6,6.4,7.6,8.4,8.8,10.0,10.8,11.2,11.6,12.0,13.2,16.6654,7.25126,3.7562,20.0,3.0,1.0,0.0,79.0,0.0,58.0,34.0,8.1,9.3,
2025121019,,,,,,,,,,,,,,,,,,,,,,,,,,,,,,,,,1.461,,,,,,,,,,,,,,,,,,,,,,,,,,,,,,,,,,,,,,,,,,,,,,,,,,,,,,,,,,,,,,,,,,,,,,,,,,,,,,,,,,,,,,,,,,,,,,,,,,,,,,,,,,,,,,,,,,,,,,,,,,,,,,,,,,,,,,,,,,,,,,,,,,,,,,,,,,,,,,,,,,,,,,,,,,,,,,,,,,,,,,,,,,,,,,,,,,,,,,,,,,,,,,,,,,,,,,,,,,,,,,,,,,,,,,,,,,,,,,,,,,,,,,,,,,,,,,,,,,,,,,,,,,,,,,,,,,,,,,,,,,,,,,,,,,,,,,,,,,,,,,,,,,,,,,,,,,,,,,,,,,,,,,,,,,,,,,,,,,,,,,,,,,,,,,,,,,,,,,,,,,,,,,,,,,,,,,,,,,,,,,,,,,,,,,,,,,,,,,,,,,,,,,,,,,,,,,,,,,,,,,,,,,,,,,,,,,,,,,,,,,,,,,,,,,,,,,,,,,,,,,,,,,,,,,,,,,,,,,,,,,,,,,,,,,,,,,,,,,,,,,,,,,,,,,,,,,,,,,,,,,,,,,,,,,,,,,,,,,,,,,,,,,,,,,,,,,,,,,,,,,,,,,,,,,,,,,,,,,,,,,,,,,,,,,,,,,,,,,,,,,,,,,,,,,,,,,,,,,,,,,,,,,,,,,,,,,,,,,,,,,,,,,,,,,,,,,,,,,,,,,,,,,,,,,,,,,,,,,,,
2025121020,,,,,,,,,,,,,,,,,,,,,,,,,,,,,,,,,1.246,,,,,,,,,,,,,,,,,,,,,,,,,,,,,,,,,,,,,,,,,,,,,,,,,,,,,,,,,,,,,,,,,,,,,,,,,,,,,,,,,,,,,,,,,,,,,,,,,,,,,,,,,,,,,,,,,,,,,,,,,,,,,,,,,,,,,,,,,,,,,,,,,,,,,,,,,,,,,,,,,,,,,,,,,,,,,,,,,,,,,,,,,,,,,,,,,,,,,,,,,,,,,,,,,,,,,,,,,,,,,,,,,,,,,,,,,,,,,,,,,,,,,,,,,,,,,,,,,,,,,,,,,,,,,,,,,,,,,,,,,,,,,,,,,,,,,,,,,,,,,,,,,,,,,,,,,,,,,,,,,,,,,,,,,,,,,,,,,,,,,,,,,,,,,,,,,,,,,,,,,,,,,,,,,,,,,,,,,,,,,,,,,,,,,,,,,,,,,,,,,,,,,,,,,,,,,,,,,,,,,,,,,,,,,,,,,,,,,,,,,,,,,,,,,,,,,,,,,,,,,,,,,,,,,,,,,,,,,,,,,,,,,,,,,,,,,,,,,,,,,,,,,,,,,,,,,,,,,,,,,,,,,,,,,,,,,,,,,,,,,,,,,,,,,,,,,,,,,,,,,,,,,,,,,,,,,,,,,,,,,,,,,,,,,,,,,,,,,,,,,,,,,,,,,,,,,,,,,,,,,,,,,,,,,,,,,,,,,,,,,,,,,,,,,,,,,,,,,,,,,,,,,,,,,,,,,,,,,,,,
2025121021,,,,,,,,,,,,,,,,,,,,,,,,,,,,,,,,,1.164,,,,,,,,,,,,,,,,,,,,,,,,,,,,,,,,,,,,,,,,,,,,,,,,,,,,,,,,,,,,,,,,,,,,,,,,,,,,,,,,,,,,,,,,,,,,,,,,,,,,,,,,,,,,,,,,,,,,,,,,,,,,,,,,,,269.54,,,,,,,,,,,,,,,,,,,,,,,,,,,,,,,,,,,,,,,,,,,,,,,,,,,,,,,,,,,,,,,,,,,,,,,,,,,,,,,,,,,,,,,,,,,20.0,15.0,,,,,,,,,,,11.0,15.0,11.0,22.0,28.0,29.0,30.0,0.0,0.0,0.0,0.0,0.0,20.7,,273.65,2.19,,81.0,3.0,,,,,,,,,,,,,,,,,,,,,,,,,,,,,,,,,,,,,,,,,,,,,,,,,,,,,,9.999e+20,9.7,0.8,2.8,3.6,4.0,4.4,5.6,6.0,6.61739,7.45662,2.4,8.28384,9.10523,10.7729,12.4533,13.3366,14.2052,14.8473,15.473,17.5174,19.8037,21.6684,9.34251,5.54308,38.0,17.0,10.0,2.0,0.0,0.0,0.0,48.0,,9.999e+20,9.999e+20,9.999e+20,9.999e+20,9.999e+20,,,,,,,,,,,,,,,,,,,,,,,,,,,,,,,,,,,,,,,,,,,,,,,,,,,,,,,,,,,,,,,,,,,,,,,,,,,,,,,,,,,,,,,,,,,,,,,,,,,,,,,,,,,,,,,,,,,,,,,,,,,,512.0,,61.2,0.0,32.8,0.0,,93.0,,,,,,,,,,,,,,,,,,,,,,,,,,,,,,,,,,,,,,,,,,,,,,,,,,,,,,,,,,,,,4.6,0.5,1.2,0.4,2.6,6.5,10.6,13.4,2008.0,840.0,1368.0,744.0,2280.0,2680.0,2840.0,2976.0,,,84.0,10.0,,,,,,,274.84,2.18,,,,,,,,,,,,,,,,,,,,,,,,,,,,,,,,,,,,,,,,,,,,,,,,,,,,,,,,,,,,,9.999e+20,230.0,6.5,250.0,8.2,,,,,,3.0,,,,,,,8222.0,230.0,230.0,230.0,,274.8,6.5,0.4,1.6,2.0,2.4,2.8,3.6,3.6,4.0,4.8,1.2,5.6,6.8,8.0,8.8,10.0,10.4,10.8,11.2,12.0,12.898,15.0864,6.48713,4.17218,15.0,0.0,0.0,0.0,68.0,0.0,50.0,36.0,7.3,8.5,
2025121022,,,,,,,,,,,,,,,,,,,,,,,,,,,,,,,,,1.074,,,,,,,,,,,,,,,,,,,,,,,,,,,,,,,,,,,,,,,,,,,,,,,,,,,,,,,,,,,,,,,,,,,,,,,,,,,,,,,,,,,,,,,,,,,,,,,,,,,,,,,,,,,,,,,,,,,,,,,,,,,,,,,,,,,,,,,,,,,,,,,,,,,,,,,,,,,,,,,,,,,,,,,,,,,,,,,,,,,,,,,,,,,,,,,,,,,,,,,,,,,,,,,,,,,,,,,,,,,,,,,,,,,,,,,,,,,,,,,,,,,,,,,,,,,,,,,,,,,,,,,,,,,,,,,,,,,,,,,,,,,,,,,,,,,,,,,,,,,,,,,,,,,,,,,,,,,,,,,,,,,,,,,,,,,,,,,,,,,,,,,,,,,,,,,,,,,,,,,,,,,,,,,,,,,,,,,,,,,,,,,,,,,,,,,,,,,,,,,,,,,,,,,,,,,,,,,,,,,,,,,,,,,,,,,,,,,,,,,,,,,,,,,,,,,,,,,,,,,,,,,,,,,,,,,,,,,,,,,,,,,,,,,,,,,,,,,,,,,,,,,,,,,,,,,,,,,,,,,,,,,,,,,,,,,,,,,,,,,,,,,,,,,,,,,,,,,,,,,,,,,,,,,,,,,,,,,,,,,,,,,,,,,,,,,,,,,,,,,,,,,,,,,,,,,,,,,,,,,,,,,,,,,,,,,,,,,,,,,,,,,,,,,,,,,,,,,,,,,,,,,,,,,,,,,,,,,,,,,,
2025121023,,,,,,,,,,,,,,,,,,,,,,,,,,,,,,,,,1.102,,,,,,,,,,,,,,,,,,,,,,,,,,,,,,,,,,,,,,,,,,,,,,,,,,,,,,,,,,,,,,,,,,,,,,,,,,,,,,,,,,,,,,,,,,,,,,,,,,,,,,,,,,,,,,,,,,,,,,,,,,,,,,,,,,,,,,,,,,,,,,,,,,,,,,,,,,,,,,,,,,,,,,,,,,,,,,,,,,,,,,,,,,,,,,,,,,,,,,,,,,,,,,,,,,,,,,,,,,,,,,,,,,,,,,,,,,,,,,,,,,,,,,,,,,,,,,,,,,,,,,,,,,,,,,,,,,,,,,,,,,,,,,,,,,,,,,,,,,,,,,,,,,,,,,,,,,,,,,,,,,,,,,,,,,,,,,,,,,,,,,,,,,,,,,,,,,,,,,,,,,,,,,,,,,,,,,,,,,,,,,,,,,,,,,,,,,,,,,,,,,,,,,,,,,,,,,,,,,,,,,,,,,,,,,,,,,,,,,,,,,,,,,,,,,,,,,,,,,,,,,,,,,,,,,,,,,,,,,,,,,,,,,,,,,,,,,,,,,,,,,,,,,,,,,,,,,,,,,,,,,,,,,,,,,,,,,,,,,,,,,,,,,,,,,,,,,,,,,,,,,,,,,,,,,,,,,,,,,,,,,,,,,,,,,,,,,,,,,,,,,,,,,,,,,,,,,,,,,,,,,,,,,,,,,,,,,,,,,,,,,,,,,,,,,,,,,,,,,,,,,,,,,,,,,,,,,,,,,,,
2025121100,14.704,0.0,0.618,1.523,2.488,3.634,4.993,6.706,8.54,10.164,0.045,11.909,13.388,15.441,17.217,19.169,21.888,25.111,27.894,32.986,40.155,58.957,93.0,0.0,47.0,0.0,30.0,80.0,19.0,2.0,66.0,0.0,1.259,,32.06,0.175,7.136,10.104,12.441,14.634,17.595,20.465,22.794,25.378,3.535,28.401,30.812,33.491,36.731,39.748,44.54,48.721,54.53,62.809,73.65,99.688,99.0,1.0,79.0,0.0,0.0,0.0,55.0,18.0,91.0,4.0,,,,,,,,,,,,,,,,,,,,,,,,,,,,,,,,,11.684,0.0,0.0,0.055,0.341,0.734,1.145,1.646,2.226,2.849,0.0,3.816,4.67,5.755,6.926,8.062,9.793,12.013,14.61,18.234,22.258,34.291,82.0,18.0,9.0,57.0,4.0,1.0,0.0,38.0,0.0,0.0,,,,,,,,,,,,,,,,,,,,,,,,,,,,,,,,,268.79,,,,,,,,,,,,,,,,,,,0.033,0.0,0.0,0.0,0.003,0.025,0.076,0.109,34.0,15.0,9.0,4.0,2.0,1.0,1.0,0.0,0.0,0.0,0.051,0.0,0.008,0.0,0.025,0.058,0.107,0.142,26.0,15.0,7.0,3.0,2.0,0.0,0.0,0.0,0.0,0.0,0.01,0.0,0.0,0.0,0.0,0.008,0.03,0.046,19.0,7.0,3.0,2.0,1.0,1.0,0.0,0.0,0.0,0.0,0.058,0.005,0.013,0.003,0.033,0.074,0.127,0.168,30.0,8.0,3.0,2.0,0.0,0.0,0.0,0.0,0.0,0.0,6.0,4.0,,,,,,,,,,,14.0,15.0,14.0,22.0,30.0,33.0,33.0,0.0,0.0,0.0,0.0,0.0,22.4,,273.04,2.68,,109.0,3.0,,0.0,0.0,0.0,0.0,0.0,0.0,0.0,0.0,0.0,0.0,0.0,0.0,0.0,0.0,0.0,0.0,0.0,0.0,0.0,0.0,0.0,0.0,0.0,0.0,0.0,0.0,0.0,0.0,0.0,0.0,0.0,0.0,0.0,0.0,0.0,0.0,0.0,0.0,0.0,0.0,0.0,0.0,0.0,0.0,0.0,0.0,0.0,0.0,0.0,0.0,0.0,9.0,9.999e+20,8.8,0.8,2.8,3.2,4.0,4.8,5.2,6.0,6.4,6.92435,2.0,7.43558,7.9333,9.17566,10.471,11.7548,12.6271,14.2759,14.7828,16.0881,19.9068,21.9822,8.84254,5.52627,31.0,13.0,7.0,4.0,0.0,0.0,0.0,41.0,2.0,9.999e+20,9.999e+20,9.999e+20,9.999e+20,9.999e+20,,,,,,,,,,,,,,,,,,,,,,,,,,,,,,,,,,,,,,,,,,,,,,,,,,,,,,,,,,,,,,,,,,,,,,,,,,,,,,,,,,,,,,,,,,,,,,,,,,,,,,,,,,,,,,,,,,,,,,,,,,,,0.0,8.0,61.2,0.0,28.8,0.0,,92.0,,,,,,,,,,,,,,,,,,,,,,,,,,,,,,,,,,,,,,,,,,,,,,,,,,,,,,,,,,,,,5.0,0.7,1.2,0.5,2.7,7.7,11.6,13.4,1896.0,824.0,1200.0,696.0,2152.0,2560.0,2816.0,2928.0,,,83.0,13.0,,276.26,1.79,,,,273.99,2.65,,,,,,,,,,,,,,,,,,,,,,,,,,,,,,,,,,,,,,,,,,,,,,,,,,,,,,,,,,,,,9.999e+20,230.0,6.0,230.0,6.1,25.0,6.0,,,3.0,3.0,,,,,,,2487.0,230.0,230.0,230.0,,273.8,6.0,0.4,1.2,2.0,2.0,2.8,3.2,3.6,4.0,4.4,0.8,5.2,5.6,6.4,7.6,8.4,10.0,10.8,10.8,11.6,12.4,16.1378,6.01685,4.09078,11.0,3.0,0.0,0.0,66.0,0.0,45.0,30.0,6.8,7.6,
2025121101,,,,,,,,,,,,,,,,,,,,,,,,,,,,,,,,,1.167,,,,,,,,,,,,,,,,,,,,,,,,,,,,,,,,,,,,,,,,,,,,,,,,,,,,,,,,,,,,,,,,,,,,,,,,,,,,,,,,,,,,,,,,,,,,,,,,,,,,,,,,,,,,,,,,,,,,,,,,,,,,,,,,,,,,,,,,,,,,,,,,,,,,,,,,,,,,,,,,,,,,,,,,,,,,,,,,,,,,,,,,,,,,,,,,,,,,,,,,,,,,,,,,,,,,,,,,,,,,,,,,,,,,,,,,,,,,,,,,,,,,,,,,,,,,,,,,,,,,,,,,,,,,,,,,,,,,,,,,,,,,,,,,,,,,,,,,,,,,,,,,,,,,,,,,,,,,,,,,,,,,,,,,,,,,,,,,,,,,,,,,,,,,,,,,,,,,,,,,,,,,,,,,,,,,,,,,,,,,,,,,,,,,,,,,,,,,,,,,,,,,,,,,,,,,,,,,,,,,,,,,,,,,,,,,,,,,,,,,,,,,,,,,,,,,,,,,,,,,,,,,,,,,,,,,,,,,,,,,,,,,,,,,,,,,,,,,,,,,,,,,,,,,,,,,,,,,,,,,,,,,,,,,,,,,,,,,,,,,,,,,,,,,,,,,,,,,,,,,,,,,,,,,,,,,,,,,,,,,,,,,,,,,,,,,,,,,,,,,,,,,,,,,,,,,,,,,,,,,,,,,,,,,,,,,,,,,,,,,,,,,,,,,,,,,,,,,,,,,,,,,,,,,,,,,,,,,,,,,
2025121102,,,,,,,,,,,,,,,,,,,,,,,,,,,,,,,,,0.973,,,,,,,,,,,,,,,,,,,,,,,,,,,,,,,,,,,,,,,,,,,,,,,,,,,,,,,,,,,,,,,,,,,,,,,,,,,,,,,,,,,,,,,,,,,,,,,,,,,,,,,,,,,,,,,,,,,,,,,,,,,,,,,,,,,,,,,,,,,,,,,,,,,,,,,,,,,,,,,,,,,,,,,,,,,,,,,,,,,,,,,,,,,,,,,,,,,,,,,,,,,,,,,,,,,,,,,,,,,,,,,,,,,,,,,,,,,,,,,,,,,,,,,,,,,,,,,,,,,,,,,,,,,,,,,,,,,,,,,,,,,,,,,,,,,,,,,,,,,,,,,,,,,,,,,,,,,,,,,,,,,,,,,,,,,,,,,,,,,,,,,,,,,,,,,,,,,,,,,,,,,,,,,,,,,,,,,,,,,,,,,,,,,,,,,,,,,,,,,,,,,,,,,,,,,,,,,,,,,,,,,,,,,,,,,,,,,,,,,,,,,,,,,,,,,,,,,,,,,,,,,,,,,,,,,,,,,,,,,,,,,,,,,,,,,,,,,,,,,,,,,,,,,,,,,,,,,,,,,,,,,,,,,,,,,,,,,,,,,,,,,,,,,,,,,,,,,,,,,,,,,,,,,,,,,,,,,,,,,,,,,,,,,,,,,,,,,,,,,,,,,,,,,,,,,,,,,,,,,,,,,,,,,,,,,,,,,,,,,,,,,,,,,,,,,,,,,,,,,,,,,,,,,,,,,,,,,,,,,,
2025121103,,,,,,,,,,,,,,,,,,,,,,,,,,,,,,,,,0.824,,,,,,,,,,,,,,,,,,,,,,,,,,,,,,,,,,,,,,,,,,,,,,,,,,,,,,,,,,,,,,,,,,,,,,,,,,,,,,,,,,,,,,,,,,,,,,,,,,,,,,,,,,,,,,,,,,,,,,,,,,,,,,,,,,269.26,,,,,,,,,,,,,,,,,,,,,,,,,,,,,,,,,,,,,,,,,,,,,,,,,,,,,,,,,,,,,,,,,,,,,,,,,,,,,,,,,,,,,,,,,,,4.0,3.0,,,,,,,,,,,13.0,14.0,13.0,22.0,30.0,33.0,33.0,0.0,0.0,0.0,0.0,0.0,21.8,,272.76,3.04,,1.0,3.0,,,,,,,,,,,,,,,,,,,,,,,,,,,,,,,,,,,,,,,,,,,,,,,,,,,,,,9.999e+20,9.2,1.2,3.2,4.4,4.8,5.2,6.0,6.8,7.2,7.6,2.8,8.4,8.82022,9.36492,10.2195,10.7012,12.0214,14.233,14.8281,15.8745,17.476,22.712,9.20387,4.82462,27.0,12.0,7.0,2.0,0.0,0.0,0.0,47.0,,9.999e+20,9.999e+20,9.999e+20,9.999e+20,9.999e+20,,,,,,,,,,,,,,,,,,,,,,,,,,,,,,,,,,,,,,,,,,,,,,,,,,,,,,,,,,,,,,,,,,,,,,,,,,,,,,,,,,,,,,,,,,,,,,,,,,,,,,,,,,,,,,,,,,,,,,,,,,,,0.0,,57.6,0.0,18.0,0.0,,89.0,,,,,,,,,,,,,,,,,,,,,,,,,,,,,,,,,,,,,,,,,,,,,,,,,,,,,,,,,,,,,5.2,0.7,1.2,0.5,3.3,8.2,12.0,13.3,1832.0,744.0,1176.0,560.0,2040.0,2640.0,2848.0,2952.0,,,78.0,22.0,,,,,,,274.39,3.04,,,,,,,,,,,,,,,,,,,,,,,,,,,,,,,,,,,,,,,,,,,,,,,,,,,,,,,,,,,,,9.999e+20,230.0,6.4,230.0,6.4,,,,,,2.0,,,,,,,1528.0,230.0,230.0,230.0,,273.8,6.4,0.4,2.0,2.8,3.2,3.2,4.0,4.4,5.2,5.2,1.6,5.6,6.0,6.4,7.2,8.0,8.8,9.6,10.8,11.2,11.6,14.0748,6.44067,3.43706,9.0,1.0,0.0,0.0,73.0,0.0,52.0,26.0,7.2,8.0,
2025121104,,,,,,,,,,,,,,,,,,,,,,,,,,,,,,,,,0.761,,,,,,,,,,,,,,,,,,,,,,,,,,,,,,,,,,,,,,,,,,,,,,,,,,,,,,,,,,,,,,,,,,,,,,,,,,,,,,,,,,,,,,,,,,,,,,,,,,,,,,,,,,,,,,,,,,,,,,,,,,,,,,,,,,,,,,,,,,,,,,,,,,,,,,,,,,,,,,,,,,,,,,,,,,,,,,,,,,,,,,,,,,,,,,,,,,,,,,,,,,,,,,,,,,,,,,,,,,,,,,,,,,,,,,,,,,,,,,,,,,,,,,,,,,,,,,,,,,,,,,,,,,,,,,,,,,,,,,,,,,,,,,,,,,,,,,,,,,,,,,,,,,,,,,,,,,,,,,,,,,,,,,,,,,,,,,,,,,,,,,,,,,,,,,,,,,,,,,,,,,,,,,,,,,,,,,,,,,,,,,,,,,,,,,,,,,,,,,,,,,,,,,,,,,,,,,,,,,,,,,,,,,,,,,,,,,,,,,,,,,,,,,,,,,,,,,,,,,,,,,,,,,,,,,,,,,,,,,,,,,,,,,,,,,,,,,,,,,,,,,,,,,,,,,,,,,,,,,,,,,,,,,,,,,,,,,,,,,,,,,,,,,,,,,,,,,,,,,,,,,,,,,,,,,,,,,,,,,,,,,,,,,,,,,,,,,,,,,,,,,,,,,,,,,,,,,,,,,,,,,,,,,,,,,,,,,,,,,,,,,,,,,,,,,,,,,,,,,,,,,,,,,,,,,,,,,,,,,,,
2025121105,,,,,,,,,,,,,,,,,,,,,,,,,,,,,,,,,0.759,,,,,,,,,,,,,,,,,,,,,,,,,,,,,,,,,,,,,,,,,,,,,,,,,,,,,,,,,,,,,,,,,,,,,,,,,,,,,,,,,,,,,,,,,,,,,,,,,,,,,,,,,,,,,,,,,,,,,,,,,,,,,,,,,,,,,,,,,,,,,,,,,,,,,,,,,,,,,,,,,,,,,,,,,,,,,,,,,,,,,,,,,,,,,,,,,,,,,,,,,,,,,,,,,,,,,,,,,,,,,,,,,,,,,,,,,,,,,,,,,,,,,,,,,,,,,,,,,,,,,,,,,,,,,,,,,,,,,,,,,,,,,,,,,,,,,,,,,,,,,,,,,,,,,,,,,,,,,,,,,,,,,,,,,,,,,,,,,,,,,,,,,,,,,,,,,,,,,,,,,,,,,,,,,,,,,,,,,,,,,,,,,,,,,,,,,,,,,,,,,,,,,,,,,,,,,,,,,,,,,,,,,,,,,,,,,,,,,,,,,,,,,,,,,,,,,,,,,,,,,,,,,,,,,,,,,,,,,,,,,,,,,,,,,,,,,,,,,,,,,,,,,,,,,,,,,,,,,,,,,,,,,,,,,,,,,,,,,,,,,,,,,,,,,,,,,,,,,,,,,,,,,,,,,,,,,,,,,,,,,,,,,,,,,,,,,,,,,,,,,,,,,,,,,,,,,,,,,,,,,,,,,,,,,,,,,,,,,,,,,,,,,,,,,,,,,,,,,,,,,,,,,,,,,,,,,,,,,,,,
2025121106,10.512,0.0,0.0,0.255,0.931,1.633,2.381,3.125,4.139,5.211,0.0,6.247,7.644,9.036,10.82,12.447,14.561,17.115,21.249,27.069,36.835,59.268,85.0,0.0,30.0,0.0,17.0,69.0,11.0,2.0,50.0,0.0,0.746,,,,,,,,,,,,,,,,,,,,,,,,,,,,,,,,,,,,,,,,,,,,,,,,,,,,,,,,,,,,,,,,,,8.636,0.0,0.0,0.0,0.0,0.001,0.185,0.431,0.869,1.49,0.0,2.064,2.631,3.397,4.096,4.875,5.817,6.893,8.224,10.932,16.128,28.56,69.0,8.0,4.0,46.0,2.0,0.0,0.0,22.0,0.0,0.0,,,,,,,,,,,,,,,,,,,,,,,,,,,,,,,,,269.62,,,,,,,,,,,,,,,,,,,0.03,,,,,,,,,,,,,,,,,,0.048,,,,,,,,,,,,,,,,,,0.003,0.0,0.0,0.0,0.0,0.0,0.005,0.02,10.0,2.0,0.0,0.0,0.0,0.0,0.0,0.0,0.0,0.0,0.061,,,,,,,,,,,,,,,,,,2.0,2.0,,,,,,,,,,,14.0,16.0,14.0,22.0,29.0,31.0,31.0,0.0,0.0,0.0,0.0,0.0,22.2,,272.06,3.5,,0.0,3.0,,0.0,,,,,,,,,,,,,,,,,,,,,,,,,0.0,0.0,0.0,0.0,0.0,0.0,0.0,0.0,0.0,0.0,0.0,0.0,0.0,0.0,,,,,,,,,,,,,9.2,9.999e+20,7.9,1.2,2.8,3.6,4.0,4.4,5.2,5.6,6.0,6.4,2.0,6.86916,7.31637,7.80647,7.84929,9.15796,10.016,10.4828,13.0628,14.4245,15.2459,20.6514,7.88479,4.38095,17.0,4.0,2.0,1.0,1.0,0.0,0.0,32.0,3.0,9.999e+20,9.999e+20,9.999e+20,9.999e+20,9.999e+20,,,,,,,,,,,,,,,,,,,,,,,,,,,,,,,,,,,,,,,,,,,,,,,,,,,,,,,,,,,,,,,,,,,,,,,,,,,,,,,,,,,,,,,,,,,,,,,,,,,,,,,,,,,,,,,,,,,,,,,,,,,84.0,0.0,,58.8,0.0,16.8,0.0,,84.0,,,,,,,,,,,,,,,,,,,,,,,,,,,,,,,,,,,,,,,,,,,,,,,,,,,,,,,,,,,,,5.4,0.8,1.4,0.8,3.4,8.4,11.7,14.2,1784.0,736.0,1032.0,448.0,1992.0,2568.0,2896.0,2952.0,,,74.0,20.0,,,,,,2.60737,274.4,3.55,276.551,271.183,272.608,273.166,273.922,274.791,275.179,275.738,276.151,276.943,271.775,277.192,277.679,277.786,277.641,277.827,278.07,278.623,279.066,279.027,279.568,279.622,0.0,0.0,16.0,0.0,0.0,0.0,0.0,0.0,,,,,,,,,,,,,,,,,,,,,,,,,,,,,,,9.999e+20,220.0,5.6,220.0,5.5,,5.0,,,1.0,1.0,,,,,,,914.0,220.0,220.0,220.0,,273.4,5.6,0.4,2.0,2.4,2.8,2.8,3.2,3.6,4.0,4.4,0.8,4.8,5.2,5.6,6.0,6.8,7.6,7.6,9.6,10.4,10.8,13.6,5.23028,3.39408,4.0,0.0,0.0,0.0,65.0,0.0,39.0,16.0,6.0,6.8,
2025121107,,,,,,,,,,,,,,,,,,,,,,,,,,,,,,,,,0.645,,,,,,,,,,,,,,,,,,,,,,,,,,,,,,,,,,,,,,,,,,,,,,,,,,,,,,,,,,,,,,,,,,,,,,,,,,,,,,,,,,,,,,,,,,,,,,,,,,,,,,,,,,,,,,,,,,,,,,,,,,,,,,,,,,,,,,,,,,,,,,,,,,,,,,,,,,,,,,,,,,,,,,,,,,,,,,,,,,,,,,,,,,,,,,,,,,,,,,,,,,,,,,,,,,,,,,,,,,,,,,,,,,,,,,,,,,,,,,,,,,,,,,,,,,,,,,,,,,,,,,,,,,,,,,,,,,,,,,,,,,,,,,,,,,,,,,,,,,,,,,,,,,,,,,,,,,,,,,,,,,,,,,,,,,,,,,,,,,,,,,,,,,,,,,,,,,,,,,,,,,,,,,,,,,,,,,,,,,,,,,,,,,,,,,,,,,,,,,,,,,,,,,,,,,,,,,,,,,,,,,,,,,,,,,,,,,,,,,,,,,,,,,,,,,,,,,,,,,,,,,,,,,,,,,,,,,,,,,,,,,,,,,,,,,,,,,,,,,,,,,,,,,,,,,,,,,,,,,,,,,,,,,,,,,,,,,,,,,,,,,,,,,,,,,,,,,,,,,,,,,,,,,,,,,,,,,,,,,,,,,,,,,,,,,,,,,,,,,,,,,,,,,,,,,,,,,,,,,,,,,,,,,,,,,,,,,,,,,,,,,,,,,,,,,,,,,,,,,,,,,,,,,,,,,,,,,,,,,,,
2025121108,,,,,,,,,,,,,,,,,,,,,,,,,,,,,,,,,0.676,,,,,,,,,,,,,,,,,,,,,,,,,,,,,,,,,,,,,,,,,,,,,,,,,,,,,,,,,,,,,,,,,,,,,,,,,,,,,,,,,,,,,,,,,,,,,,,,,,,,,,,,,,,,,,,,,,,,,,,,,,,,,,,,,,,,,,,,,,,,,,,,,,,,,,,,,,,,,,,,,,,,,,,,,,,,,,,,,,,,,,,,,,,,,,,,,,,,,,,,,,,,,,,,,,,,,,,,,,,,,,,,,,,,,,,,,,,,,,,,,,,,,,,,,,,,,,,,,,,,,,,,,,,,,,,,,,,,,,,,,,,,,,,,,,,,,,,,,,,,,,,,,,,,,,,,,,,,,,,,,,,,,,,,,,,,,,,,,,,,,,,,,,,,,,,,,,,,,,,,,,,,,,,,,,,,,,,,,,,,,,,,,,,,,,,,,,,,,,,,,,,,,,,,,,,,,,,,,,,,,,,,,,,,,,,,,,,,,,,,,,,,,,,,,,,,,,,,,,,,,,,,,,,,,,,,,,,,,,,,,,,,,,,,,,,,,,,,,,,,,,,,,,,,,,,,,,,,,,,,,,,,,,,,,,,,,,,,,,,,,,,,,,,,,,,,,,,,,,,,,,,,,,,,,,,,,,,,,,,,,,,,,,,,,,,,,,,,,,,,,,,,,,,,,,,,,,,,,,,,,,,,,,,,,,,,,,,,,,,,,,,,,,,,,,,,,,,,,,,,,,,,,,,,,,,,,,,,,,,,
2025121109,,,,,,,,,,,,,,,,,,,,,,,,,,,,,,,,,0.604,,,,,,,,,,,,,,,,,,,,,,,,,,,,,,,,,,,,,,,,,,,,,,,,,,,,,,,,,,,,,,,,,,,,,,,,,,,,,,,,,,,,,,,,,,,,,,,,,,,,,,,,,,,,,,,,,,,,,,,,,,,,,,,,,,270.22,,,,,,,,,,,,,,,,,,,,,,,,,,,,,,,,,,,,,,,,,,,,,,,,,,,,,,,,,,,,,,,,,,,,,,,,,,,,,,,,,,,,,,,,,,,2.0,2.0,,,,,,,,,,,13.0,15.0,13.0,20.0,27.0,30.0,30.0,0.0,0.0,0.0,0.0,0.0,20.7,,272.41,3.11,,0.0,3.0,,,,,,,,,,,,,,,,,,,,,,,,,,,,,,,,,,,,,,,,,,,,,,,,,,,,,,9.999e+20,7.5,1.2,2.8,3.2,4.0,4.0,4.4,4.8,5.2,5.6,2.0,6.4,6.49239,7.36667,7.8053,8.67804,9.12662,11.2667,12.5401,13.8086,14.8901,17.7762,7.10149,4.32554,20.0,3.0,2.0,0.0,0.0,0.0,0.0,28.0,,9.999e+20,9.999e+20,9.999e+20,9.999e+20,9.999e+20,,,,,,,,,,,,,,,,,,,,,,,,,,,,,,,,,,,,,,,,,,,,,,,,,,,,,,,,,,,,,,,,,,,,,,,,,,,,,,,,,,,,,,,,,,,,,,,,,,,,,,,,,,,,,,,,,,,,,,,,,,,,0.0,,55.2,0.0,21.6,0.0,,83.0,,,,,,,,,,,,,,,,,,,,,,,,,,,,,,,,,,,,,,,,,,,,,,,,,,,,,,,,,,,,,5.5,1.0,1.3,1.0,3.9,8.4,12.1,13.7,1744.0,736.0,1048.0,440.0,1920.0,2552.0,2784.0,2920.0,,,79.0,16.0,,,,,,,274.76,3.26,,,,,,,,,,,,,,,,,,,,,,,,,,,,,,,,,,,,,,,,,,,,,,,,,,,,,,,,,,,,,9.999e+20,230.0,5.2,220.0,5.2,,,,,,0.0,,,,,,,828.0,230.0,230.0,230.0,,273.8,5.2,0.8,1.6,2.4,2.4,2.8,2.8,3.2,3.6,4.0,1.2,4.4,5.2,5.6,5.6,6.4,6.8,7.6,8.8,10.4,10.8,12.7248,5.23692,2.96406,2.0,0.0,0.0,0.0,60.0,0.0,36.0,16.0,6.0,6.4,
2025121110,,,,,,,,,,,,,,,,,,,,,,,,,,,,,,,,,0.594,,,,,,,,,,,,,,,,,,,,,,,,,,,,,,,,,,,,,,,,,,,,,,,,,,,,,,,,,,,,,,,,,,,,,,,,,,,,,,,,,,,,,,,,,,,,,,,,,,,,,,,,,,,,,,,,,,,,,,,,,,,,,,,,,,,,,,,,,,,,,,,,,,,,,,,,,,,,,,,,,,,,,,,,,,,,,,,,,,,,,,,,,,,,,,,,,,,,,,,,,,,,,,,,,,,,,,,,,,,,,,,,,,,,,,,,,,,,,,,,,,,,,,,,,,,,,,,,,,,,,,,,,,,,,,,,,,,,,,,,,,,,,,,,,,,,,,,,,,,,,,,,,,,,,,,,,,,,,,,,,,,,,,,,,,,,,,,,,,,,,,,,,,,,,,,,,,,,,,,,,,,,,,,,,,,,,,,,,,,,,,,,,,,,,,,,,,,,,,,,,,,,,,,,,,,,,,,,,,,,,,,,,,,,,,,,,,,,,,,,,,,,,,,,,,,,,,,,,,,,,,,,,,,,,,,,,,,,,,,,,,,,,,,,,,,,,,,,,,,,,,,,,,,,,,,,,,,,,,,,,,,,,,,,,,,,,,,,,,,,,,,,,,,,,,,,,,,,,,,,,,,,,,,,,,,,,,,,,,,,,,,,,,,,,,,,,,,,,,,,,,,,,,,,,,,,,,,,,,,,,,,,,,,,,,,,,,,,,,,,,,,,,,,,,,,,,,,,,,,,,,,,,,,,,,,,,,,,,,,,
2025121111,,,,,,,,,,,,,,,,,,,,,,,,,,,,,,,,,0.49,,,,,,,,,,,,,,,,,,,,,,,,,,,,,,,,,,,,,,,,,,,,,,,,,,,,,,,,,,,,,,,,,,,,,,,,,,,,,,,,,,,,,,,,,,,,,,,,,,,,,,,,,,,,,,,,,,,,,,,,,,,,,,,,,,,,,,,,,,,,,,,,,,,,,,,,,,,,,,,,,,,,,,,,,,,,,,,,,,,,,,,,,,,,,,,,,,,,,,,,,,,,,,,,,,,,,,,,,,,,,,,,,,,,,,,,,,,,,,,,,,,,,,,,,,,,,,,,,,,,,,,,,,,,,,,,,,,,,,,,,,,,,,,,,,,,,,,,,,,,,,,,,,,,,,,,,,,,,,,,,,,,,,,,,,,,,,,,,,,,,,,,,,,,,,,,,,,,,,,,,,,,,,,,,,,,,,,,,,,,,,,,,,,,,,,,,,,,,,,,,,,,,,,,,,,,,,,,,,,,,,,,,,,,,,,,,,,,,,,,,,,,,,,,,,,,,,,,,,,,,,,,,,,,,,,,,,,,,,,,,,,,,,,,,,,,,,,,,,,,,,,,,,,,,,,,,,,,,,,,,,,,,,,,,,,,,,,,,,,,,,,,,,,,,,,,,,,,,,,,,,,,,,,,,,,,,,,,,,,,,,,,,,,,,,,,,,,,,,,,,,,,,,,,,,,,,,,,,,,,,,,,,,,,,,,,,,,,,,,,,,,,,,,,,,,,,,,,,,,,,,,,,,,,,,,,,,,,,,,,
2025121112,7.199,0.0,0.0,0.0,0.019,0.274,0.712,1.413,2.186,3.002,0.0,3.932,5.086,6.269,7.665,9.346,10.695,12.006,14.749,17.546,25.032,42.565,75.0,0.0,19.0,0.0,9.0,58.0,5.0,1.0,39.0,0.0,0.557,,25.454,0.0,2.387,4.445,6.668,8.876,11.395,13.348,15.351,17.586,0.331,19.948,23.154,26.527,29.095,32.148,35.823,41.352,47.855,54.831,66.735,97.251,95.0,1.0,67.0,0.0,0.0,0.0,42.0,13.0,81.0,3.0,43.401,2.68,14.933,17.287,19.977,22.941,25.666,28.286,31.399,34.126,11.678,37.212,40.304,43.371,47.097,51.294,56.009,63.345,71.223,80.449,99.914,134.601,94.0,1.0,99.0,0.0,71.0,0.0,0.0,0.0,31.0,12.0,5.334,0.0,0.0,0.0,0.0,0.0,0.029,0.226,0.585,0.933,0.0,1.301,1.846,2.337,2.91,3.494,4.425,5.416,6.768,8.425,11.688,22.097,65.0,4.0,2.0,38.0,1.0,0.0,0.0,16.0,0.0,0.0,76.299,22.248,36.409,41.99,46.174,50.503,53.503,57.277,61.144,65.53,31.418,69.363,72.816,77.135,82.521,88.229,93.83,100.522,110.141,125.37,143.274,201.463,10.0,1.0,98.0,0.0,0.0,74.0,0.0,100.0,0.0,41.0,269.65,,,,,,,,,,,,,,,,,,,0.025,0.0,0.0,0.0,0.003,0.02,0.061,0.094,29.0,13.0,7.0,3.0,1.0,1.0,0.0,0.0,0.0,0.0,0.046,0.0,0.003,0.0,0.018,0.051,0.117,0.127,21.0,14.0,7.0,2.0,1.0,0.0,0.0,0.0,0.0,0.0,0.003,0.0,0.0,0.0,0.0,0.0,0.008,0.01,11.0,1.0,0.0,0.0,0.0,0.0,0.0,0.0,0.0,0.0,0.061,0.003,0.013,0.0,0.036,0.076,0.132,0.18,30.0,9.0,4.0,2.0,0.0,0.0,0.0,0.0,0.0,0.0,2.0,2.0,,,,,,,,,,,11.0,14.0,11.0,19.0,26.0,31.0,31.0,0.0,0.0,0.0,0.0,0.0,19.5,,271.63,3.05,,0.0,0.0,,0.0,0.0,0.0,0.0,0.0,0.0,0.0,0.0,0.0,0.0,0.0,0.0,0.0,0.0,0.0,0.0,0.0,0.0,0.0,0.0,0.0,0.0,0.0,0.0,0.0,0.0,0.0,0.0,0.0,0.0,0.0,0.0,0.0,0.0,0.0,0.0,0.0,0.0,0.0,0.0,0.0,0.0,0.0,0.0,0.0,0.0,0.0,0.0,0.0,0.0,0.0,9.2,9.999e+20,6.7,1.6,2.8,2.8,3.6,3.6,4.0,4.4,4.8,5.6,2.0,6.0,6.08046,6.60007,7.45318,7.92884,8.36893,9.23756,10.5877,12.5454,13.6183,17.665,6.7245,3.90185,14.0,2.0,2.0,0.0,0.0,0.0,0.0,23.0,3.0,9.999e+20,9.999e+20,9.999e+20,9.999e+20,9.999e+20,,,,,,,,,,,,,,,,,,,,,,,,,,,,,,,,,,,,,,,,,,,,,,,,,,,,,,,,,,,,,,,,,,,,,,,,,,,,,,,,,,,,,,,,,,,,,,,,,,,,,,,,,,,,,,,,,,,,,,,,,,,,0.0,6.0,54.0,0.0,22.8,0.0,,81.0,,,,,,,,,,,,,,,,,,,,,,,,,,,,,,,,,,,,,,,,,,,,,,,,,,,,,,,,,,,,,5.7,0.9,1.7,0.7,4.2,8.6,11.8,13.7,1688.0,672.0,1024.0,440.0,1696.0,2456.0,2768.0,2936.0,,,83.0,14.0,,,,273.03,3.6,,274.32,3.06,,,,,,,,,,,,,,,,,,,,,,,,,,,,,,,,,,,,,,,,,,,,,,,,,,,,,,,,,,,,,9.999e+20,230.0,4.8,220.0,4.7,18.0,2.0,,,0.0,0.0,,,,,,,644.0,230.0,230.0,230.0,,273.4,4.8,0.8,1.6,2.0,2.4,2.4,2.8,3.2,3.6,3.6,1.2,4.0,4.4,4.8,5.2,5.6,6.0,7.2,8.0,9.2,10.4,11.9956,4.8233,2.88739,2.0,0.0,0.0,0.0,57.0,0.0,30.0,12.0,5.2,6.0,
2025121113,,,,,,,,,,,,,,,,,,,,,,,,,,,,,,,,,0.504,,,,,,,,,,,,,,,,,,,,,,,,,,,,,,,,,,,,,,,,,,,,,,,,,,,,,,,,,,,,,,,,,,,,,,,,,,,,,,,,,,,,,,,,,,,,,,,,,,,,,,,,,,,,,,,,,,,,,,,,,,,,,,,,,,,,,,,,,,,,,,,,,,,,,,,,,,,,,,,,,,,,,,,,,,,,,,,,,,,,,,,,,,,,,,,,,,,,,,,,,,,,,,,,,,,,,,,,,,,,,,,,,,,,,,,,,,,,,,,,,,,,,,,,,,,,,,,,,,,,,,,,,,,,,,,,,,,,,,,,,,,,,,,,,,,,,,,,,,,,,,,,,,,,,,,,,,,,,,,,,,,,,,,,,,,,,,,,,,,,,,,,,,,,,,,,,,,,,,,,,,,,,,,,,,,,,,,,,,,,,,,,,,,,,,,,,,,,,,,,,,,,,,,,,,,,,,,,,,,,,,,,,,,,,,,,,,,,,,,,,,,,,,,,,,,,,,,,,,,,,,,,,,,,,,,,,,,,,,,,,,,,,,,,,,,,,,,,,,,,,,,,,,,,,,,,,,,,,,,,,,,,,,,,,,,,,,,,,,,,,,,,,,,,,,,,,,,,,,,,,,,,,,,,,,,,,,,,,,,,,,,,,,,,,,,,,,,,,,,,,,,,,,,,,,,,,,,,,,,,,,,,,,,,,,,,,,,,,,,,,,,,,,,,,,,,,,,,,,,,,,,,,,,,,,,,,,,,,,,,
2025121114,,,,,,,,,,,,,,,,,,,,,,,,,,,,,,,,,0.452,,,,,,,,,,,,,,,,,,,,,,,,,,,,,,,,,,,,,,,,,,,,,,,,,,,,,,,,,,,,,,,,,,,,,,,,,,,,,,,,,,,,,,,,,,,,,,,,,,,,,,,,,,,,,,,,,,,,,,,,,,,,,,,,,,,,,,,,,,,,,,,,,,,,,,,,,,,,,,,,,,,,,,,,,,,,,,,,,,,,,,,,,,,,,,,,,,,,,,,,,,,,,,,,,,,,,,,,,,,,,,,,,,,,,,,,,,,,,,,,,,,,,,,,,,,,,,,,,,,,,,,,,,,,,,,,,,,,,,,,,,,,,,,,,,,,,,,,,,,,,,,,,,,,,,,,,,,,,,,,,,,,,,,,,,,,,,,,,,,,,,,,,,,,,,,,,,,,,,,,,,,,,,,,,,,,,,,,,,,,,,,,,,,,,,,,,,,,,,,,,,,,,,,,,,,,,,,,,,,,,,,,,,,,,,,,,,,,,,,,,,,,,,,,,,,,,,,,,,,,,,,,,,,,,,,,,,,,,,,,,,,,,,,,,,,,,,,,,,,,,,,,,,,,,,,,,,,,,,,,,,,,,,,,,,,,,,,,,,,,,,,,,,,,,,,,,,,,,,,,,,,,,,,,,,,,,,,,,,,,,,,,,,,,,,,,,,,,,,,,,,,,,,,,,,,,,,,,,,,,,,,,,,,,,,,,,,,,,,,,,,,,,,,,,,,,,,,,,,,,,,,,,,,,,,,,,,,,,,,,
2025121115,,,,,,,,,,,,,,,,,,,,,,,,,,,,,,,,,0.448,,,,,,,,,,,,,,,,,,,,,,,,,,,,,,,,,,,,,,,,,,,,,,,,,,,,,,,,,,,,,,,,,,,,,,,,,,,,,,,,,,,,,,,,,,,,,,,,,,,,,,,,,,,,,,,,,,,,,,,,,,,,,,,,,,269.1,,,,,,,,,,,,,,,,,,,,,,,,,,,,,,,,,,,,,,,,,,,,,,,,,,,,,,,,,,,,,,,,,,,,,,,,,,,,,,,,,,,,,,,,,,,2.0,2.0,,,,,,,,,,,13.0,14.0,13.0,20.0,26.0,32.0,32.0,0.0,0.0,0.0,0.0,0.0,20.1,,271.1,3.01,,0.0,3.0,,,,,,,,,,,,,,,,,,,,,,,,,,,,,,,,,,,,,,,,,,,,,,,,,,,,,,9.999e+20,6.4,1.2,2.4,2.8,3.2,3.6,4.0,4.0,4.4,4.4,2.0,5.31955,5.73267,6.57072,7.07675,7.95158,8.55896,9.04132,9.99528,11.2053,13.0479,15.8483,6.36041,3.98943,9.0,2.0,1.0,1.0,0.0,0.0,0.0,24.0,,9.999e+20,9.999e+20,9.999e+20,9.999e+20,9.999e+20,,,,,,,,,,,,,,,,,,,,,,,,,,,,,,,,,,,,,,,,,,,,,,,,,,,,,,,,,,,,,,,,,,,,,,,,,,,,,,,,,,,,,,,,,,,,,,,,,,,,,,,,,,,,,,,,,,,,,,,,,,,,0.0,,52.8,0.0,20.4,0.0,,85.0,,,,,,,,,,,,,,,,,,,,,,,,,,,,,,,,,,,,,,,,,,,,,,,,,,,,,,,,,,,,,5.8,0.9,2.0,0.8,3.8,9.0,12.1,13.7,1672.0,624.0,992.0,480.0,1776.0,2384.0,2728.0,2896.0,,,83.0,10.0,,,,,,,273.49,2.99,,,,,,,,,,,,,,,,,,,,,,,,,,,,,,,,,,,,,,,,,,,,,,,,,,,,,,,,,,,,,9.999e+20,230.0,4.4,190.0,4.3,,,,,,0.0,,,,,,,565.0,230.0,230.0,230.0,,273.0,4.4,0.4,1.2,1.6,2.0,2.4,2.4,2.4,2.8,2.8,0.8,3.6,3.6,4.4,5.2,5.6,6.0,6.8,7.6,8.4,9.49275,11.6785,4.44274,2.90821,4.0,0.0,0.0,0.0,49.0,0.0,31.0,7.0,4.8,5.6,
2025121116,,,,,,,,,,,,,,,,,,,,,,,,,,,,,,,,,0.524,,,,,,,,,,,,,,,,,,,,,,,,,,,,,,,,,,,,,,,,,,,,,,,,,,,,,,,,,,,,,,,,,,,,,,,,,,,,,,,,,,,,,,,,,,,,,,,,,,,,,,,,,,,,,,,,,,,,,,,,,,,,,,,,,,,,,,,,,,,,,,,,,,,,,,,,,,,,,,,,,,,,,,,,,,,,,,,,,,,,,,,,,,,,,,,,,,,,,,,,,,,,,,,,,,,,,,,,,,,,,,,,,,,,,,,,,,,,,,,,,,,,,,,,,,,,,,,,,,,,,,,,,,,,,,,,,,,,,,,,,,,,,,,,,,,,,,,,,,,,,,,,,,,,,,,,,,,,,,,,,,,,,,,,,,,,,,,,,,,,,,,,,,,,,,,,,,,,,,,,,,,,,,,,,,,,,,,,,,,,,,,,,,,,,,,,,,,,,,,,,,,,,,,,,,,,,,,,,,,,,,,,,,,,,,,,,,,,,,,,,,,,,,,,,,,,,,,,,,,,,,,,,,,,,,,,,,,,,,,,,,,,,,,,,,,,,,,,,,,,,,,,,,,,,,,,,,,,,,,,,,,,,,,,,,,,,,,,,,,,,,,,,,,,,,,,,,,,,,,,,,,,,,,,,,,,,,,,,,,,,,,,,,,,,,,,,,,,,,,,,,,,,,,,,,,,,,,,,,,,,,,,,,,,,,,,,,,,,,,,,,,,,,,,,,,,,,,,,,,,,,,,,,,,,,,,,,,,,,,,
2025121117,,,,,,,,,,,,,,,,,,,,,,,,,,,,,,,,,0.531,,,,,,,,,,,,,,,,,,,,,,,,,,,,,,,,,,,,,,,,,,,,,,,,,,,,,,,,,,,,,,,,,,,,,,,,,,,,,,,,,,,,,,,,,,,,,,,,,,,,,,,,,,,,,,,,,,,,,,,,,,,,,,,,,,,,,,,,,,,,,,,,,,,,,,,,,,,,,,,,,,,,,,,,,,,,,,,,,,,,,,,,,,,,,,,,,,,,,,,,,,,,,,,,,,,,,,,,,,,,,,,,,,,,,,,,,,,,,,,,,,,,,,,,,,,,,,,,,,,,,,,,,,,,,,,,,,,,,,,,,,,,,,,,,,,,,,,,,,,,,,,,,,,,,,,,,,,,,,,,,,,,,,,,,,,,,,,,,,,,,,,,,,,,,,,,,,,,,,,,,,,,,,,,,,,,,,,,,,,,,,,,,,,,,,,,,,,,,,,,,,,,,,,,,,,,,,,,,,,,,,,,,,,,,,,,,,,,,,,,,,,,,,,,,,,,,,,,,,,,,,,,,,,,,,,,,,,,,,,,,,,,,,,,,,,,,,,,,,,,,,,,,,,,,,,,,,,,,,,,,,,,,,,,,,,,,,,,,,,,,,,,,,,,,,,,,,,,,,,,,,,,,,,,,,,,,,,,,,,,,,,,,,,,,,,,,,,,,,,,,,,,,,,,,,,,,,,,,,,,,,,,,,,,,,,,,,,,,,,,,,,,,,,,,,,,,,,,,,,,,,,,,,,,,,,,,,,,,,,,
2025121118,6.155,0.0,0.0,0.0,0.027,0.283,0.705,1.24,1.726,2.239,0.0,2.795,3.574,4.439,5.629,6.668,8.337,10.511,12.69,16.171,23.081,39.667,76.0,0.0,15.0,0.0,8.0,52.0,4.0,1.0,31.0,0.0,0.577,,,,,,,,,,,,,,,,,,,,,,,,,,,,,,,,,,,,,,,,,,,,,,,,,,,,,,,,,,,,,,,,,,4.826,0.0,0.0,0.0,0.0,0.0,0.0,0.045,0.265,0.535,0.0,0.876,1.266,1.729,2.299,3.005,3.82,4.714,6.513,8.793,12.671,22.617,60.0,5.0,1.0,33.0,1.0,0.0,0.0,15.0,0.0,0.0,,,,,,,,,,,,,,,,,,,,,,,,,,,,,,,,,268.95,,,,,,,,,,,,,,,,,,,0.018,,,,,,,,,,,,,,,,,,0.043,,,,,,,,,,,,,,,,,,0.003,0.0,0.0,0.0,0.0,0.0,0.005,0.01,11.0,2.0,1.0,0.0,0.0,0.0,0.0,0.0,0.0,0.0,0.061,,,,,,,,,,,,,,,,,,2.0,2.0,,,,,,,,,,,15.0,15.0,14.0,20.0,27.0,32.0,32.0,0.0,0.0,0.0,0.0,0.0,21.3,,271.07,2.26,,18.0,1.0,,0.0,,,,,,,,,,,,,,,,,,,,,,,,,0.0,0.0,0.0,0.0,0.0,0.0,0.0,0.0,0.0,0.0,0.0,0.0,0.0,0.0,,,,,,,,,,,,,9.2,9.999e+20,5.8,0.4,1.6,2.4,2.8,3.2,3.6,4.0,4.4,4.8,1.2,4.92502,5.35373,5.78872,6.20778,6.66573,7.52831,8.39401,9.69965,11.3722,12.0059,16.6031,5.83146,3.51238,11.0,2.0,1.0,1.0,0.0,0.0,0.0,19.0,3.0,9.999e+20,9.999e+20,9.999e+20,9.999e+20,9.999e+20,,,,,,,,,,,,,,,,,,,,,,,,,,,,,,,,,,,,,,,,,,,,,,,,,,,,,,,,,,,,,,,,,,,,,,,,,,,,,,,,,,,,,,,,,,,,,,,,,,,,,,,,,,,,,,,,,,,,,,,,,,88.0,,0.0,,51.6,0.0,21.6,0.0,,88.0,,,,,,,,,,,,,,,,,,,,,,,,,,,,,,,,,,,,,,,,,,,,,,,,,,,,,,,,,,,,,5.7,0.9,1.6,0.8,3.9,10.1,12.0,12.8,1696.0,704.0,1008.0,488.0,1880.0,2488.0,2672.0,2800.0,,,85.0,6.0,,,,,,3.84776,272.89,2.26,,,,,,,,,,,,,,,,,,,,,,,,,,,,,,,273.37,265.76,268.57,269.362,270.06,270.688,271.015,272.357,273.041,273.484,266.568,273.877,274.263,274.677,274.837,275.742,276.601,276.806,277.744,277.913,278.468,279.247,0.0,0.0,0.0,0.0,0.0,26.0,44.0,0.0,9.999e+20,250.0,3.6,180.0,4.5,,2.0,,,1.0,0.0,,,,,,,436.0,250.0,250.0,250.0,,272.6,3.6,0.0,0.8,1.2,1.6,1.6,2.0,2.4,2.4,2.8,0.4,2.8,3.2,3.6,4.0,4.4,5.2,6.0,6.8,8.4,8.8,11.6871,3.62766,2.93084,2.0,0.0,0.0,0.0,41.0,0.0,22.0,7.0,4.4,4.8,
2025121119,,,,,,,,,,,,,,,,,,,,,,,,,,,,,,,,,0.555,,,,,,,,,,,,,,,,,,,,,,,,,,,,,,,,,,,,,,,,,,,,,,,,,,,,,,,,,,,,,,,,,,,,,,,,,,,,,,,,,,,,,,,,,,,,,,,,,,,,,,,,,,,,,,,,,,,,,,,,,,,,,,,,,,,,,,,,,,,,,,,,,,,,,,,,,,,,,,,,,,,,,,,,,,,,,,,,,,,,,,,,,,,,,,,,,,,,,,,,,,,,,,,,,,,,,,,,,,,,,,,,,,,,,,,,,,,,,,,,,,,,,,,,,,,,,,,,,,,,,,,,,,,,,,,,,,,,,,,,,,,,,,,,,,,,,,,,,,,,,,,,,,,,,,,,,,,,,,,,,,,,,,,,,,,,,,,,,,,,,,,,,,,,,,,,,,,,,,,,,,,,,,,,,,,,,,,,,,,,,,,,,,,,,,,,,,,,,,,,,,,,,,,,,,,,,,,,,,,,,,,,,,,,,,,,,,,,,,,,,,,,,,,,,,,,,,,,,,,,,,,,,,,,,,,,,,,,,,,,,,,,,,,,,,,,,,,,,,,,,,,,,,,,,,,,,,,,,,,,,,,,,,,,,,,,,,,,,,,,,,,,,,,,,,,,,,,,,,,,,,,,,,,,,,,,,,,,,,,,,,,,,,,,,,,,,,,,,,,,,,,,,,,,,,,,,,,,,,,,,,,,,,,,,,,,,,,,,,,,,,,,,,,,,,,,,,,,,,,,,,,,,,,,,,,,,,,,,,,,
2025121120,,,,,,,,,,,,,,,,,,,,,,,,,,,,,,,,,0.494,,,,,,,,,,,,,,,,,,,,,,,,,,,,,,,,,,,,,,,,,,,,,,,,,,,,,,,,,,,,,,,,,,,,,,,,,,,,,,,,,,,,,,,,,,,,,,,,,,,,,,,,,,,,,,,,,,,,,,,,,,,,,,,,,,,,,,,,,,,,,,,,,,,,,,,,,,,,,,,,,,,,,,,,,,,,,,,,,,,,,,,,,,,,,,,,,,,,,,,,,,,,,,,,,,,,,,,,,,,,,,,,,,,,,,,,,,,,,,,,,,,,,,,,,,,,,,,,,,,,,,,,,,,,,,,,,,,,,,,,,,,,,,,,,,,,,,,,,,,,,,,,,,,,,,,,,,,,,,,,,,,,,,,,,,,,,,,,,,,,,,,,,,,,,,,,,,,,,,,,,,,,,,,,,,,,,,,,,,,,,,,,,,,,,,,,,,,,,,,,,,,,,,,,,,,,,,,,,,,,,,,,,,,,,,,,,,,,,,,,,,,,,,,,,,,,,,,,,,,,,,,,,,,,,,,,,,,,,,,,,,,,,,,,,,,,,,,,,,,,,,,,,,,,,,,,,,,,,,,,,,,,,,,,,,,,,,,,,,,,,,,,,,,,,,,,,,,,,,,,,,,,,,,,,,,,,,,,,,,,,,,,,,,,,,,,,,,,,,,,,,,,,,,,,,,,,,,,,,,,,,,,,,,,,,,,,,,,,,,,,,,,,,,,,,,,,,,,,,,,,,,,,,,,,,,,,,,,,,,,
2025121121,,,,,,,,,,,,,,,,,,,,,,,,,,,,,,,,,0.482,,,,,,,,,,,,,,,,,,,,,,,,,,,,,,,,,,,,,,,,,,,,,,,,,,,,,,,,,,,,,,,,,,,,,,,,,,,,,,,,,,,,,,,,,,,,,,,,,,,,,,,,,,,,,,,,,,,,,,,,,,,,,,,,,,269.89,,,,,,,,,,,,,,,,,,,,,,,,,,,,,,,,,,,,,,,,,,,,,,,,,,,,,,,,,,,,,,,,,,,,,,,,,,,,,,,,,,,,,,,,,,,3.0,4.0,,,,,,,,,,,13.0,15.0,13.0,18.0,30.0,33.0,33.0,0.0,0.0,0.0,0.0,0.0,21.1,,271.81,2.19,,148.0,2.0,,,,,,,,,,,,,,,,,,,,,,,,,,,,,,,,,,,,,,,,,,,,,,,,,,,,,,9.999e+20,4.9,0.4,1.6,1.6,2.0,2.4,2.8,2.8,3.2,3.44849,1.2,3.90125,4.37101,4.8062,5.29207,6.16318,6.69271,7.20236,8.05182,9.10811,12.0054,14.1263,4.8969,3.17326,7.0,1.0,0.0,0.0,0.0,0.0,0.0,12.0,,9.999e+20,9.999e+20,9.999e+20,9.999e+20,9.999e+20,,,,,,,,,,,,,,,,,,,,,,,,,,,,,,,,,,,,,,,,,,,,,,,,,,,,,,,,,,,,,,,,,,,,,,,,,,,,,,,,,,,,,,,,,,,,,,,,,,,,,,,,,,,,,,,,,,,,,,,,,,,,0.0,,51.6,0.0,20.4,0.0,,90.0,,,,,,,,,,,,,,,,,,,,,,,,,,,,,,,,,,,,,,,,,,,,,,,,,,,,,,,,,,,,,5.6,1.0,1.6,0.9,3.7,10.1,12.0,13.3,1712.0,720.0,960.0,568.0,1912.0,2496.0,2640.0,2720.0,,,83.0,13.0,,,,,,,273.34,2.19,,,,,,,,,,,,,,,,,,,,,,,,,,,,,,,,,,,,,,,,,,,,,,,,,,,,,,,,,,,,,9.999e+20,260.0,2.8,230.0,4.2,,,,,,0.0,,,,,,,1141.0,260.0,260.0,260.0,,273.4,2.8,0.0,0.4,0.4,0.8,0.8,1.2,1.2,1.6,1.6,0.4,2.0,2.4,2.8,3.2,4.0,4.4,4.8,6.0,6.4,8.4,10.0762,2.84162,2.53062,1.0,0.0,0.0,0.0,32.0,0.0,16.0,5.0,3.2,3.6,
2025121122,,,,,,,,,,,,,,,,,,,,,,,,,,,,,,,,,0.466,,,,,,,,,,,,,,,,,,,,,,,,,,,,,,,,,,,,,,,,,,,,,,,,,,,,,,,,,,,,,,,,,,,,,,,,,,,,,,,,,,,,,,,,,,,,,,,,,,,,,,,,,,,,,,,,,,,,,,,,,,,,,,,,,,,,,,,,,,,,,,,,,,,,,,,,,,,,,,,,,,,,,,,,,,,,,,,,,,,,,,,,,,,,,,,,,,,,,,,,,,,,,,,,,,,,,,,,,,,,,,,,,,,,,,,,,,,,,,,,,,,,,,,,,,,,,,,,,,,,,,,,,,,,,,,,,,,,,,,,,,,,,,,,,,,,,,,,,,,,,,,,,,,,,,,,,,,,,,,,,,,,,,,,,,,,,,,,,,,,,,,,,,,,,,,,,,,,,,,,,,,,,,,,,,,,,,,,,,,,,,,,,,,,,,,,,,,,,,,,,,,,,,,,,,,,,,,,,,,,,,,,,,,,,,,,,,,,,,,,,,,,,,,,,,,,,,,,,,,,,,,,,,,,,,,,,,,,,,,,,,,,,,,,,,,,,,,,,,,,,,,,,,,,,,,,,,,,,,,,,,,,,,,,,,,,,,,,,,,,,,,,,,,,,,,,,,,,,,,,,,,,,,,,,,,,,,,,,,,,,,,,,,,,,,,,,,,,,,,,,,,,,,,,,,,,,,,,,,,,,,,,,,,,,,,,,,,,,,,,,,,,,,,,,,,,,,,,,,,,,,,,,,,,,,,,,,,,,,,,
2025121123,,,,,,,,,,,,,,,,,,,,,,,,,,,,,,,,,0.5,,,,,,,,,,,,,,,,,,,,,,,,,,,,,,,,,,,,,,,,,,,,,,,,,,,,,,,,,,,,,,,,,,,,,,,,,,,,,,,,,,,,,,,,,,,,,,,,,,,,,,,,,,,,,,,,,,,,,,,,,,,,,,,,,,,,,,,,,,,,,,,,,,,,,,,,,,,,,,,,,,,,,,,,,,,,,,,,,,,,,,,,,,,,,,,,,,,,,,,,,,,,,,,,,,,,,,,,,,,,,,,,,,,,,,,,,,,,,,,,,,,,,,,,,,,,,,,,,,,,,,,,,,,,,,,,,,,,,,,,,,,,,,,,,,,,,,,,,,,,,,,,,,,,,,,,,,,,,,,,,,,,,,,,,,,,,,,,,,,,,,,,,,,,,,,,,,,,,,,,,,,,,,,,,,,,,,,,,,,,,,,,,,,,,,,,,,,,,,,,,,,,,,,,,,,,,,,,,,,,,,,,,,,,,,,,,,,,,,,,,,,,,,,,,,,,,,,,,,,,,,,,,,,,,,,,,,,,,,,,,,,,,,,,,,,,,,,,,,,,,,,,,,,,,,,,,,,,,,,,,,,,,,,,,,,,,,,,,,,,,,,,,,,,,,,,,,,,,,,,,,,,,,,,,,,,,,,,,,,,,,,,,,,,,,,,,,,,,,,,,,,,,,,,,,,,,,,,,,,,,,,,,,,,,,,,,,,,,,,,,,,,,,,,,,,,,,,,,,,,,,,,,,,,,,,,,,,,,,,,
2025121200,6.169,0.0,0.0,0.0,0.004,0.169,0.563,0.997,1.524,2.221,0.0,2.967,3.831,4.557,5.858,6.984,8.393,10.215,12.838,16.409,23.071,41.066,74.0,0.0,15.0,0.0,7.0,53.0,4.0,1.0,32.0,0.0,0.599,,17.17,0.0,0.143,0.76,1.856,3.233,4.7,5.797,7.28,8.774,0.0,9.964,12.269,14.764,18.006,21.251,24.663,29.179,33.751,42.725,57.361,87.165,89.0,1.0,44.0,0.0,0.0,0.0,24.0,7.0,64.0,2.0,,,,,,,,,,,,,,,,,,,,,,,,,,,,,,,,,3.81,0.0,0.0,0.0,0.0,0.0,0.0,0.085,0.305,0.67,0.0,1.014,1.456,1.988,2.538,3.213,4.055,5.292,6.946,9.451,14.17,23.053,61.0,6.0,2.0,35.0,1.0,0.0,0.0,17.0,0.0,0.0,,,,,,,,,,,,,,,,,,,,,,,,,,,,,,,,,269.3,,,,,,,,,,,,,,,,,,,0.01,0.0,0.0,0.0,0.0,0.01,0.025,0.043,23.0,7.0,2.0,1.0,1.0,1.0,0.0,0.0,0.0,0.0,0.043,0.0,0.0,0.0,0.013,0.043,0.094,0.114,20.0,12.0,6.0,3.0,2.0,1.0,0.0,0.0,0.0,0.0,0.003,0.0,0.0,0.0,0.0,0.0,0.005,0.013,9.0,2.0,1.0,1.0,1.0,1.0,1.0,0.0,0.0,0.0,0.061,0.0,0.013,0.0,0.03,0.076,0.132,0.155,29.0,9.0,5.0,2.0,1.0,0.0,0.0,0.0,0.0,0.0,3.0,2.0,,,,,,,,,,,15.0,16.0,14.0,18.0,31.0,33.0,33.0,0.0,0.0,0.0,0.0,0.0,22.2,,271.55,2.07,,101.0,3.0,,0.0,0.0,0.0,0.0,0.0,0.0,0.0,0.0,0.0,0.0,0.0,0.0,0.0,0.0,0.0,0.0,0.0,0.0,0.0,0.0,0.0,0.0,0.0,0.0,0.0,0.0,0.0,0.0,0.0,0.0,0.0,0.0,0.0,0.0,0.0,0.0,0.0,0.0,0.0,0.0,0.0,0.0,0.0,0.0,0.0,0.0,0.0,0.0,0.0,0.0,0.0,5.2,9.999e+20,4.7,0.8,1.2,2.0,2.0,2.0,2.4,2.8,2.8,3.2,1.2,3.2,4.0,4.4,5.03167,6.33708,6.54734,7.45573,7.92808,9.61856,12.3141,13.821,4.73017,3.49588,6.0,1.0,1.0,0.0,0.0,0.0,0.0,11.0,3.0,9.999e+20,9.999e+20,9.999e+20,9.999e+20,9.999e+20,,,,,,,,,,,,,,,,,,,,,,,,,,,,,,,,,,,,,,,,,,,,,,,,,,,,,,,,,,,,,,,,,,,,,,,,,,,,,,,,,,,,,,,,,,,,,,,,,,,,,,,,,,,,,,,,,,,,,,,,,,,,0.0,5.0,50.4,0.0,28.0,0.0,,91.0,,,,,,,,,,,,,,,,,,,,,,,,,,,,,,,,,,,,,,,,,,,,,,,,,,,,,,,,,,,,,5.5,1.0,1.3,0.9,3.4,9.6,12.8,13.2,1720.0,728.0,936.0,600.0,1976.0,2456.0,2656.0,2744.0,,,89.0,14.0,,274.55,1.99,,,,272.71,2.08,,,,,,,,,,,,,,,,,,,,,,,,,,,,,,,,,,,,,,,,,,,,,,,,,,,,,,,,,,,,,9.999e+20,230.0,2.8,160.0,3.9,14.0,2.0,,,1.0,0.0,,,,,,,551.0,230.0,230.0,230.0,,272.6,2.8,0.0,0.4,0.8,0.8,0.8,1.2,1.2,1.2,1.6,0.4,2.0,2.0,2.4,3.2,3.2,4.0,4.4,5.2,6.0,8.8,10.8,2.80679,2.45334,0.0,0.0,0.0,0.0,27.0,0.0,12.0,6.0,3.2,3.6,
2025121201,,,,,,,,,,,,,,,,,,,,,,,,,,,,,,,,,0.579,,,,,,,,,,,,,,,,,,,,,,,,,,,,,,,,,,,,,,,,,,,,,,,,,,,,,,,,,,,,,,,,,,,,,,,,,,,,,,,,,,,,,,,,,,,,,,,,,,,,,,,,,,,,,,,,,,,,,,,,,,,,,,,,,,,,,,,,,,,,,,,,,,,,,,,,,,,,,,,,,,,,,,,,,,,,,,,,,,,,,,,,,,,,,,,,,,,,,,,,,,,,,,,,,,,,,,,,,,,,,,,,,,,,,,,,,,,,,,,,,,,,,,,,,,,,,,,,,,,,,,,,,,,,,,,,,,,,,,,,,,,,,,,,,,,,,,,,,,,,,,,,,,,,,,,,,,,,,,,,,,,,,,,,,,,,,,,,,,,,,,,,,,,,,,,,,,,,,,,,,,,,,,,,,,,,,,,,,,,,,,,,,,,,,,,,,,,,,,,,,,,,,,,,,,,,,,,,,,,,,,,,,,,,,,,,,,,,,,,,,,,,,,,,,,,,,,,,,,,,,,,,,,,,,,,,,,,,,,,,,,,,,,,,,,,,,,,,,,,,,,,,,,,,,,,,,,,,,,,,,,,,,,,,,,,,,,,,,,,,,,,,,,,,,,,,,,,,,,,,,,,,,,,,,,,,,,,,,,,,,,,,,,,,,,,,,,,,,,,,,,,,,,,,,,,,,,,,,,,,,,,,,,,,,,,,,,,,,,,,,,,,,,,,,,,,,,,,,,,,,,,,,,,,,,,,,,,,,,,,
2025121202,,,,,,,,,,,,,,,,,,,,,,,,,,,,,,,,,0.505,,,,,,,,,,,,,,,,,,,,,,,,,,,,,,,,,,,,,,,,,,,,,,,,,,,,,,,,,,,,,,,,,,,,,,,,,,,,,,,,,,,,,,,,,,,,,,,,,,,,,,,,,,,,,,,,,,,,,,,,,,,,,,,,,,,,,,,,,,,,,,,,,,,,,,,,,,,,,,,,,,,,,,,,,,,,,,,,,,,,,,,,,,,,,,,,,,,,,,,,,,,,,,,,,,,,,,,,,,,,,,,,,,,,,,,,,,,,,,,,,,,,,,,,,,,,,,,,,,,,,,,,,,,,,,,,,,,,,,,,,,,,,,,,,,,,,,,,,,,,,,,,,,,,,,,,,,,,,,,,,,,,,,,,,,,,,,,,,,,,,,,,,,,,,,,,,,,,,,,,,,,,,,,,,,,,,,,,,,,,,,,,,,,,,,,,,,,,,,,,,,,,,,,,,,,,,,,,,,,,,,,,,,,,,,,,,,,,,,,,,,,,,,,,,,,,,,,,,,,,,,,,,,,,,,,,,,,,,,,,,,,,,,,,,,,,,,,,,,,,,,,,,,,,,,,,,,,,,,,,,,,,,,,,,,,,,,,,,,,,,,,,,,,,,,,,,,,,,,,,,,,,,,,,,,,,,,,,,,,,,,,,,,,,,,,,,,,,,,,,,,,,,,,,,,,,,,,,,,,,,,,,,,,,,,,,,,,,,,,,,,,,,,,,,,,,,,,,,,,,,,,,,,,,,,,,,,,,,,,,
2025121203,,,,,,,,,,,,,,,,,,,,,,,,,,,,,,,,,0.45,,,,,,,,,,,,,,,,,,,,,,,,,,,,,,,,,,,,,,,,,,,,,,,,,,,,,,,,,,,,,,,,,,,,,,,,,,,,,,,,,,,,,,,,,,,,,,,,,,,,,,,,,,,,,,,,,,,,,,,,,,,,,,,,,,269.36,,,,,,,,,,,,,,,,,,,,,,,,,,,,,,,,,,,,,,,,,,,,,,,,,,,,,,,,,,,,,,,,,,,,,,,,,,,,,,,,,,,,,,,,,,,3.0,2.0,,,,,,,,,,,17.0,18.0,17.0,20.0,31.0,34.0,34.0,0.0,0.0,0.0,0.0,0.0,23.7,,271.39,2.35,,0.0,3.0,,,,,,,,,,,,,,,,,,,,,,,,,,,,,,,,,,,,,,,,,,,,,,,,,,,,,,9.999e+20,5.9,0.4,1.6,2.0,2.8,3.2,3.6,4.0,4.0,4.4,1.2,5.2,5.31477,6.21013,6.30406,7.17542,7.68086,8.99027,9.46791,10.0456,12.3248,15.4572,5.92307,3.62484,10.0,2.0,0.0,0.0,0.0,0.0,0.0,21.0,,9.999e+20,9.999e+20,9.999e+20,9.999e+20,9.999e+20,,,,,,,,,,,,,,,,,,,,,,,,,,,,,,,,,,,,,,,,,,,,,,,,,,,,,,,,,,,,,,,,,,,,,,,,,,,,,,,,,,,,,,,,,,,,,,,,,,,,,,,,,,,,,,,,,,,,,,,,,,,,0.0,,46.8,0.0,30.4,0.0,,88.0,,,,,,,,,,,,,,,,,,,,,,,,,,,,,,,,,,,,,,,,,,,,,,,,,,,,,,,,,,,,,5.4,0.9,1.3,0.7,2.7,9.5,13.0,14.1,1704.0,664.0,888.0,520.0,2040.0,2392.0,2592.0,2656.0,,,89.0,8.0,,,,,,,273.44,2.34,,,,,,,,,,,,,,,,,,,,,,,,,,,,,,,,,,,,,,,,,,,,,,,,,,,,,,,,,,,,,9.999e+20,210.0,3.6,160.0,3.6,,,,,,0.0,,,,,,,479.0,210.0,210.0,210.0,,272.8,3.6,0.0,0.8,1.2,1.6,1.6,2.0,2.4,2.4,2.4,0.4,2.8,3.2,3.6,4.0,4.4,4.8,6.0,6.8,7.2,8.4,11.0948,3.62363,2.57319,0.0,0.0,0.0,0.0,40.0,0.0,21.0,5.0,4.0,4.4,
2025121204,,,,,,,,,,,,,,,,,,,,,,,,,,,,,,,,,0.44,,,,,,,,,,,,,,,,,,,,,,,,,,,,,,,,,,,,,,,,,,,,,,,,,,,,,,,,,,,,,,,,,,,,,,,,,,,,,,,,,,,,,,,,,,,,,,,,,,,,,,,,,,,,,,,,,,,,,,,,,,,,,,,,,,,,,,,,,,,,,,,,,,,,,,,,,,,,,,,,,,,,,,,,,,,,,,,,,,,,,,,,,,,,,,,,,,,,,,,,,,,,,,,,,,,,,,,,,,,,,,,,,,,,,,,,,,,,,,,,,,,,,,,,,,,,,,,,,,,,,,,,,,,,,,,,,,,,,,,,,,,,,,,,,,,,,,,,,,,,,,,,,,,,,,,,,,,,,,,,,,,,,,,,,,,,,,,,,,,,,,,,,,,,,,,,,,,,,,,,,,,,,,,,,,,,,,,,,,,,,,,,,,,,,,,,,,,,,,,,,,,,,,,,,,,,,,,,,,,,,,,,,,,,,,,,,,,,,,,,,,,,,,,,,,,,,,,,,,,,,,,,,,,,,,,,,,,,,,,,,,,,,,,,,,,,,,,,,,,,,,,,,,,,,,,,,,,,,,,,,,,,,,,,,,,,,,,,,,,,,,,,,,,,,,,,,,,,,,,,,,,,,,,,,,,,,,,,,,,,,,,,,,,,,,,,,,,,,,,,,,,,,,,,,,,,,,,,,,,,,,,,,,,,,,,,,,,,,,,,,,,,,,,,,,,,,,,,,,,,,,,,,,,,,,,,,,,,,,,,
2025121205,,,,,,,,,,,,,,,,,,,,,,,,,,,,,,,,,0.467,,,,,,,,,,,,,,,,,,,,,,,,,,,,,,,,,,,,,,,,,,,,,,,,,,,,,,,,,,,,,,,,,,,,,,,,,,,,,,,,,,,,,,,,,,,,,,,,,,,,,,,,,,,,,,,,,,,,,,,,,,,,,,,,,,,,,,,,,,,,,,,,,,,,,,,,,,,,,,,,,,,,,,,,,,,,,,,,,,,,,,,,,,,,,,,,,,,,,,,,,,,,,,,,,,,,,,,,,,,,,,,,,,,,,,,,,,,,,,,,,,,,,,,,,,,,,,,,,,,,,,,,,,,,,,,,,,,,,,,,,,,,,,,,,,,,,,,,,,,,,,,,,,,,,,,,,,,,,,,,,,,,,,,,,,,,,,,,,,,,,,,,,,,,,,,,,,,,,,,,,,,,,,,,,,,,,,,,,,,,,,,,,,,,,,,,,,,,,,,,,,,,,,,,,,,,,,,,,,,,,,,,,,,,,,,,,,,,,,,,,,,,,,,,,,,,,,,,,,,,,,,,,,,,,,,,,,,,,,,,,,,,,,,,,,,,,,,,,,,,,,,,,,,,,,,,,,,,,,,,,,,,,,,,,,,,,,,,,,,,,,,,,,,,,,,,,,,,,,,,,,,,,,,,,,,,,,,,,,,,,,,,,,,,,,,,,,,,,,,,,,,,,,,,,,,,,,,,,,,,,,,,,,,,,,,,,,,,,,,,,,,,,,,,,,,,,,,,,,,,,,,,,,,,,,,,,,,,,,,,
2025121206,5.955,0.0,0.0,0.0,0.0,0.243,0.652,1.124,1.748,2.347,0.0,3.13,3.894,4.762,5.723,6.882,8.162,10.024,12.151,15.701,21.038,41.498,75.0,0.0,14.0,0.0,6.0,54.0,3.0,0.0,32.0,0.0,0.492,,,,,,,,,,,,,,,,,,,,,,,,,,,,,,,,,,,,,,,,,,,,,,,,,,,,,,,,,,,,,,,,,,4.826,0.0,0.0,0.0,0.0,0.0,0.042,0.301,0.575,0.848,0.0,1.212,1.608,1.967,2.373,2.875,3.677,4.563,5.927,7.301,10.729,19.541,66.0,3.0,1.0,33.0,1.0,0.0,0.0,14.0,0.0,0.0,,,,,,,,,,,,,,,,,,,,,,,,,,,,,,,,,270.08,,,,,,,,,,,,,,,,,,,0.013,,,,,,,,,,,,,,,,,,0.043,,,,,,,,,,,,,,,,,,0.005,0.0,0.0,0.0,0.0,0.0,0.018,0.03,15.0,7.0,1.0,0.0,0.0,0.0,0.0,0.0,0.0,0.0,0.064,,,,,,,,,,,,,,,,,,3.0,3.0,,,,,,,,,,,18.0,19.0,18.0,21.0,32.0,36.0,36.0,0.0,0.0,0.0,0.0,0.0,24.6,,270.99,2.63,,0.0,2.0,,0.0,,,,,,,,,,,,,,,,,,,,,,,,,0.0,0.0,0.0,0.0,0.0,0.0,0.0,0.0,0.0,0.0,0.0,0.0,0.0,0.0,,,,,,,,,,,,,7.2,9.999e+20,5.6,0.8,1.6,2.4,2.4,2.8,3.6,3.6,4.4,5.2,1.2,5.6,6.14359,6.25236,6.76383,7.22974,7.72518,8.65832,9.19904,10.1777,12.4068,15.8452,5.97408,3.58113,7.0,2.0,0.0,0.0,0.0,0.0,0.0,21.0,2.0,9.999e+20,9.999e+20,9.999e+20,9.999e+20,9.999e+20,,,,,,,,,,,,,,,,,,,,,,,,,,,,,,,,,,,,,,,,,,,,,,,,,,,,,,,,,,,,,,,,,,,,,,,,,,,,,,,,,,,,,,,,,,,,,,,,,,,,,,,,,,,,,,,,,,,,,,,,,,,81.0,0.0,,48.0,0.0,29.2,0.0,,81.0,,,,,,,,,,,,,,,,,,,,,,,,,,,,,,,,,,,,,,,,,,,,,,,,,,,,,,,,,,,,,4.9,0.9,1.4,0.7,2.6,9.0,12.3,13.1,1704.0,712.0,968.0,464.0,2096.0,2272.0,2512.0,2632.0,,,86.0,6.0,,,,,,2.64703,273.76,2.61,275.694,270.524,272.246,272.291,273.064,273.25,273.637,273.919,274.53,274.992,271.553,275.593,276.049,277.068,277.551,277.682,278.034,278.363,278.344,279.077,279.417,279.811,0.0,2.0,25.0,0.0,0.0,0.0,0.0,0.0,,,,,,,,,,,,,,,,,,,,,,,,,,,,,,,9.999e+20,200.0,3.7,170.0,3.8,,2.0,,,1.0,2.0,,,,,,,612.0,200.0,200.0,200.0,,272.9,3.7,0.4,0.8,1.2,1.2,1.6,1.6,2.0,2.4,2.4,0.4,2.8,3.6,4.0,4.4,4.8,5.2,5.2,6.0,7.2,8.8,10.516,3.6514,2.56778,0.0,0.0,0.0,0.0,43.0,0.0,19.0,6.0,4.1,4.5,
2025121207,,,,,,,,,,,,,,,,,,,,,,,,,,,,,,,,,0.446,,,,,,,,,,,,,,,,,,,,,,,,,,,,,,,,,,,,,,,,,,,,,,,,,,,,,,,,,,,,,,,,,,,,,,,,,,,,,,,,,,,,,,,,,,,,,,,,,,,,,,,,,,,,,,,,,,,,,,,,,,,,,,,,,,,,,,,,,,,,,,,,,,,,,,,,,,,,,,,,,,,,,,,,,,,,,,,,,,,,,,,,,,,,,,,,,,,,,,,,,,,,,,,,,,,,,,,,,,,,,,,,,,,,,,,,,,,,,,,,,,,,,,,,,,,,,,,,,,,,,,,,,,,,,,,,,,,,,,,,,,,,,,,,,,,,,,,,,,,,,,,,,,,,,,,,,,,,,,,,,,,,,,,,,,,,,,,,,,,,,,,,,,,,,,,,,,,,,,,,,,,,,,,,,,,,,,,,,,,,,,,,,,,,,,,,,,,,,,,,,,,,,,,,,,,,,,,,,,,,,,,,,,,,,,,,,,,,,,,,,,,,,,,,,,,,,,,,,,,,,,,,,,,,,,,,,,,,,,,,,,,,,,,,,,,,,,,,,,,,,,,,,,,,,,,,,,,,,,,,,,,,,,,,,,,,,,,,,,,,,,,,,,,,,,,,,,,,,,,,,,,,,,,,,,,,,,,,,,,,,,,,,,,,,,,,,,,,,,,,,,,,,,,,,,,,,,,,,,,,,,,,,,,,,,,,,,,,,,,,,,,,,,,,,,,,,,,,,,,,,,,,,,,,,,,,,,,,,,,,
2025121208,,,,,,,,,,,,,,,,,,,,,,,,,,,,,,,,,0.491,,,,,,,,,,,,,,,,,,,,,,,,,,,,,,,,,,,,,,,,,,,,,,,,,,,,,,,,,,,,,,,,,,,,,,,,,,,,,,,,,,,,,,,,,,,,,,,,,,,,,,,,,,,,,,,,,,,,,,,,,,,,,,,,,,,,,,,,,,,,,,,,,,,,,,,,,,,,,,,,,,,,,,,,,,,,,,,,,,,,,,,,,,,,,,,,,,,,,,,,,,,,,,,,,,,,,,,,,,,,,,,,,,,,,,,,,,,,,,,,,,,,,,,,,,,,,,,,,,,,,,,,,,,,,,,,,,,,,,,,,,,,,,,,,,,,,,,,,,,,,,,,,,,,,,,,,,,,,,,,,,,,,,,,,,,,,,,,,,,,,,,,,,,,,,,,,,,,,,,,,,,,,,,,,,,,,,,,,,,,,,,,,,,,,,,,,,,,,,,,,,,,,,,,,,,,,,,,,,,,,,,,,,,,,,,,,,,,,,,,,,,,,,,,,,,,,,,,,,,,,,,,,,,,,,,,,,,,,,,,,,,,,,,,,,,,,,,,,,,,,,,,,,,,,,,,,,,,,,,,,,,,,,,,,,,,,,,,,,,,,,,,,,,,,,,,,,,,,,,,,,,,,,,,,,,,,,,,,,,,,,,,,,,,,,,,,,,,,,,,,,,,,,,,,,,,,,,,,,,,,,,,,,,,,,,,,,,,,,,,,,,,,,,,,,,,,,,,,,,,,,,,,,,,,,,,,,,,,,,,
2025121209,,,,,,,,,,,,,,,,,,,,,,,,,,,,,,,,,0.461,,,,,,,,,,,,,,,,,,,,,,,,,,,,,,,,,,,,,,,,,,,,,,,,,,,,,,,,,,,,,,,,,,,,,,,,,,,,,,,,,,,,,,,,,,,,,,,,,,,,,,,,,,,,,,,,,,,,,,,,,,,,,,,,,,270.65,,,,,,,,,,,,,,,,,,,,,,,,,,,,,,,,,,,,,,,,,,,,,,,,,,,,,,,,,,,,,,,,,,,,,,,,,,,,,,,,,,,,,,,,,,,3.0,2.0,,,,,,,,,,,17.0,19.0,17.0,20.0,32.0,35.0,35.0,0.0,0.0,0.0,0.0,0.0,23.9,,271.64,2.84,,0.0,3.0,,,,,,,,,,,,,,,,,,,,,,,,,,,,,,,,,,,,,,,,,,,,,,,,,,,,,,9.999e+20,6.4,1.2,2.0,2.4,2.8,3.6,4.0,4.0,4.45541,5.32054,1.6,5.78159,6.65027,7.12424,7.59978,8.07963,8.96425,9.82769,10.3377,10.9716,12.6711,15.45,6.35203,3.55561,10.0,2.0,0.0,0.0,0.0,0.0,0.0,26.0,,9.999e+20,9.999e+20,9.999e+20,9.999e+20,9.999e+20,,,,,,,,,,,,,,,,,,,,,,,,,,,,,,,,,,,,,,,,,,,,,,,,,,,,,,,,,,,,,,,,,,,,,,,,,,,,,,,,,,,,,,,,,,,,,,,,,,,,,,,,,,,,,,,,,,,,,,,,,,,,0.0,,45.6,1.2,18.4,0.0,,80.0,,,,,,,,,,,,,,,,,,,,,,,,,,,,,,,,,,,,,,,,,,,,,,,,,,,,,,,,,,,,,4.3,0.8,1.2,0.6,2.5,6.4,11.3,12.9,1736.0,776.0,1112.0,520.0,2024.0,2224.0,2472.0,2528.0,,,85.0,7.0,,,,,,,274.77,2.83,,,,,,,,,,,,,,,,,,,,,,,,,,,,,,,,,,,,,,,,,,,,,,,,,,,,,,,,,,,,,9.999e+20,210.0,4.0,180.0,4.2,,,,,,3.0,,,,,,,525.0,210.0,210.0,210.0,,273.7,4.0,0.4,1.2,1.2,1.6,2.0,2.4,2.4,2.8,2.8,0.8,3.6,3.6,4.4,4.4,4.8,6.0,6.4,7.2,8.0,9.6,11.6,4.01311,2.54365,2.0,0.0,0.0,0.0,47.0,0.0,26.0,8.0,4.8,5.2,
2025121210,,,,,,,,,,,,,,,,,,,,,,,,,,,,,,,,,0.477,,,,,,,,,,,,,,,,,,,,,,,,,,,,,,,,,,,,,,,,,,,,,,,,,,,,,,,,,,,,,,,,,,,,,,,,,,,,,,,,,,,,,,,,,,,,,,,,,,,,,,,,,,,,,,,,,,,,,,,,,,,,,,,,,,,,,,,,,,,,,,,,,,,,,,,,,,,,,,,,,,,,,,,,,,,,,,,,,,,,,,,,,,,,,,,,,,,,,,,,,,,,,,,,,,,,,,,,,,,,,,,,,,,,,,,,,,,,,,,,,,,,,,,,,,,,,,,,,,,,,,,,,,,,,,,,,,,,,,,,,,,,,,,,,,,,,,,,,,,,,,,,,,,,,,,,,,,,,,,,,,,,,,,,,,,,,,,,,,,,,,,,,,,,,,,,,,,,,,,,,,,,,,,,,,,,,,,,,,,,,,,,,,,,,,,,,,,,,,,,,,,,,,,,,,,,,,,,,,,,,,,,,,,,,,,,,,,,,,,,,,,,,,,,,,,,,,,,,,,,,,,,,,,,,,,,,,,,,,,,,,,,,,,,,,,,,,,,,,,,,,,,,,,,,,,,,,,,,,,,,,,,,,,,,,,,,,,,,,,,,,,,,,,,,,,,,,,,,,,,,,,,,,,,,,,,,,,,,,,,,,,,,,,,,,,,,,,,,,,,,,,,,,,,,,,,,,,,,,,,,,,,,,,,,,,,,,,,,,,,,,,,,,,,,,,,,,,,,,,,,,,,,,,,,,,,,,,,,,,,
2025121211,,,,,,,,,,,,,,,,,,,,,,,,,,,,,,,,,0.416,,,,,,,,,,,,,,,,,,,,,,,,,,,,,,,,,,,,,,,,,,,,,,,,,,,,,,,,,,,,,,,,,,,,,,,,,,,,,,,,,,,,,,,,,,,,,,,,,,,,,,,,,,,,,,,,,,,,,,,,,,,,,,,,,,,,,,,,,,,,,,,,,,,,,,,,,,,,,,,,,,,,,,,,,,,,,,,,,,,,,,,,,,,,,,,,,,,,,,,,,,,,,,,,,,,,,,,,,,,,,,,,,,,,,,,,,,,,,,,,,,,,,,,,,,,,,,,,,,,,,,,,,,,,,,,,,,,,,,,,,,,,,,,,,,,,,,,,,,,,,,,,,,,,,,,,,,,,,,,,,,,,,,,,,,,,,,,,,,,,,,,,,,,,,,,,,,,,,,,,,,,,,,,,,,,,,,,,,,,,,,,,,,,,,,,,,,,,,,,,,,,,,,,,,,,,,,,,,,,,,,,,,,,,,,,,,,,,,,,,,,,,,,,,,,,,,,,,,,,,,,,,,,,,,,,,,,,,,,,,,,,,,,,,,,,,,,,,,,,,,,,,,,,,,,,,,,,,,,,,,,,,,,,,,,,,,,,,,,,,,,,,,,,,,,,,,,,,,,,,,,,,,,,,,,,,,,,,,,,,,,,,,,,,,,,,,,,,,,,,,,,,,,,,,,,,,,,,,,,,,,,,,,,,,,,,,,,,,,,,,,,,,,,,,,,,,,,,,,,,,,,,,,,,,,,,,,,,,,,,
2025121212,5.57,0.0,0.0,0.0,0.035,0.364,0.774,1.24,1.793,2.255,0.0,2.899,3.506,4.33,5.243,6.184,7.546,9.1,11.347,14.355,19.349,37.448,76.0,0.0,13.0,0.0,5.0,53.0,3.0,0.0,30.0,0.0,0.501,,14.174,0.0,0.188,1.011,2.177,3.144,4.074,5.113,6.371,7.709,0.0,9.246,10.797,12.549,14.492,16.772,19.913,23.028,27.08,33.071,46.373,79.584,90.0,0.0,40.0,0.0,0.0,0.0,16.0,4.0,60.0,1.0,35.403,0.347,8.424,12.119,14.271,16.59,19.426,21.613,24.048,26.177,5.031,28.968,31.342,35.061,38.069,42.002,47.474,52.066,58.841,69.521,86.33,123.273,84.0,1.0,98.0,0.0,57.0,0.0,0.0,0.0,21.0,8.0,7.112,0.0,0.0,0.0,0.0,0.0,0.01,0.17,0.419,0.72,0.0,1.043,1.402,1.791,2.425,2.969,3.544,4.222,5.588,7.356,11.878,20.988,63.0,4.0,2.0,34.0,1.0,0.0,0.0,12.0,0.0,0.0,53.28,5.153,19.767,23.057,27.024,30.162,33.408,36.579,39.387,42.598,15.261,45.774,49.293,53.356,57.267,62.429,67.477,74.473,83.291,96.995,117.95,166.276,3.0,0.0,82.0,0.0,0.0,43.0,0.0,98.0,0.0,19.0,270.89,,,,,,,,,,,,,,,,,,,0.018,0.0,0.0,0.0,0.0,0.013,0.053,0.081,27.0,12.0,8.0,2.0,1.0,1.0,1.0,0.0,0.0,0.0,0.043,0.0,0.0,0.0,0.005,0.038,0.107,0.16,19.0,13.0,7.0,4.0,4.0,2.0,0.0,0.0,0.0,0.0,0.005,0.0,0.0,0.0,0.0,0.0,0.01,0.041,14.0,6.0,2.0,1.0,0.0,0.0,0.0,0.0,0.0,0.0,0.064,0.0,0.003,0.0,0.023,0.064,0.142,0.173,26.0,10.0,6.0,4.0,2.0,0.0,0.0,0.0,0.0,0.0,3.0,3.0,,,,,,,,,,,17.0,19.0,17.0,22.0,32.0,34.0,34.0,0.0,0.0,0.0,0.0,0.0,24.8,,271.66,3.03,,0.0,0.0,,0.0,0.0,0.0,0.0,0.0,0.0,0.0,0.0,1.0,0.0,0.0,0.0,0.0,0.0,0.0,0.0,0.0,0.0,0.0,0.0,1.0,0.0,0.0,0.0,0.0,0.0,0.0,0.0,0.0,0.0,0.0,0.0,0.0,1.0,0.0,0.0,0.0,0.0,0.0,0.0,0.0,0.0,0.0,0.0,0.0,0.0,1.0,0.0,0.0,0.0,0.0,10.0,9.999e+20,6.9,1.2,2.0,2.8,3.2,4.0,4.4,4.4,4.84961,5.68296,2.0,6.54588,7.01286,7.49343,7.94167,8.86279,9.03651,9.92011,11.2797,12.6152,12.9497,16.445,6.87032,3.90425,14.0,2.0,1.0,0.0,0.0,0.0,0.0,29.0,3.0,9.999e+20,9.999e+20,9.999e+20,9.999e+20,9.999e+20,,,,,,,,,,,,,,,,,,,,,,,,,,,,,,,,,,,,,,,,,,,,,,,,,,,,,,,,,,,,,,,,,,,,,,,,,,,,,,,,,,,,,,,,,,,,,,,,,,,,,,,,,,,,,,,,,,,,,,,,,,,,0.0,6.0,48.4,0.0,18.0,0.0,,78.0,,,,,,,,,,,,,,,,,,,,,,,,,,,,,,,,,,,,,,,,,,,,,,,,,,,,,,,,,,,,,4.1,0.6,1.3,0.5,2.3,5.6,10.9,13.5,1816.0,856.0,1352.0,584.0,2024.0,2232.0,2408.0,2560.0,,,87.0,6.0,,,,273.3,2.9,,275.12,3.02,,,,,,,,,,,,,,,,,,,,,,,,,,,,,,,,,,,,,,,,,,,,,,,,,,,,,,,,,,,,,9.999e+20,200.0,4.4,190.0,5.1,14.0,2.0,,,1.0,3.0,,,,,,,668.0,200.0,200.0,200.0,,274.1,4.4,0.4,1.2,1.6,1.6,2.4,2.8,2.8,2.8,3.2,0.8,3.6,4.4,4.8,5.2,5.6,6.0,6.4,7.2,8.8,10.0,11.563,4.44651,3.00202,2.0,0.0,0.0,0.0,52.0,0.0,30.0,9.0,5.2,5.6,
2025121213,,,,,,,,,,,,,,,,,,,,,,,,,,,,,,,,,0.472,,,,,,,,,,,,,,,,,,,,,,,,,,,,,,,,,,,,,,,,,,,,,,,,,,,,,,,,,,,,,,,,,,,,,,,,,,,,,,,,,,,,,,,,,,,,,,,,,,,,,,,,,,,,,,,,,,,,,,,,,,,,,,,,,,,,,,,,,,,,,,,,,,,,,,,,,,,,,,,,,,,,,,,,,,,,,,,,,,,,,,,,,,,,,,,,,,,,,,,,,,,,,,,,,,,,,,,,,,,,,,,,,,,,,,,,,,,,,,,,,,,,,,,,,,,,,,,,,,,,,,,,,,,,,,,,,,,,,,,,,,,,,,,,,,,,,,,,,,,,,,,,,,,,,,,,,,,,,,,,,,,,,,,,,,,,,,,,,,,,,,,,,,,,,,,,,,,,,,,,,,,,,,,,,,,,,,,,,,,,,,,,,,,,,,,,,,,,,,,,,,,,,,,,,,,,,,,,,,,,,,,,,,,,,,,,,,,,,,,,,,,,,,,,,,,,,,,,,,,,,,,,,,,,,,,,,,,,,,,,,,,,,,,,,,,,,,,,,,,,,,,,,,,,,,,,,,,,,,,,,,,,,,,,,,,,,,,,,,,,,,,,,,,,,,,,,,,,,,,,,,,,,,,,,,,,,,,,,,,,,,,,,,,,,,,,,,,,,,,,,,,,,,,,,,,,,,,,,,,,,,,,,,,,,,,,,,,,,,,,,,,,,,,,,,,,,,,,,,,,,,,,,,,,,,,,,,,,,,,,
2025121214,,,,,,,,,,,,,,,,,,,,,,,,,,,,,,,,,0.441,,,,,,,,,,,,,,,,,,,,,,,,,,,,,,,,,,,,,,,,,,,,,,,,,,,,,,,,,,,,,,,,,,,,,,,,,,,,,,,,,,,,,,,,,,,,,,,,,,,,,,,,,,,,,,,,,,,,,,,,,,,,,,,,,,,,,,,,,,,,,,,,,,,,,,,,,,,,,,,,,,,,,,,,,,,,,,,,,,,,,,,,,,,,,,,,,,,,,,,,,,,,,,,,,,,,,,,,,,,,,,,,,,,,,,,,,,,,,,,,,,,,,,,,,,,,,,,,,,,,,,,,,,,,,,,,,,,,,,,,,,,,,,,,,,,,,,,,,,,,,,,,,,,,,,,,,,,,,,,,,,,,,,,,,,,,,,,,,,,,,,,,,,,,,,,,,,,,,,,,,,,,,,,,,,,,,,,,,,,,,,,,,,,,,,,,,,,,,,,,,,,,,,,,,,,,,,,,,,,,,,,,,,,,,,,,,,,,,,,,,,,,,,,,,,,,,,,,,,,,,,,,,,,,,,,,,,,,,,,,,,,,,,,,,,,,,,,,,,,,,,,,,,,,,,,,,,,,,,,,,,,,,,,,,,,,,,,,,,,,,,,,,,,,,,,,,,,,,,,,,,,,,,,,,,,,,,,,,,,,,,,,,,,,,,,,,,,,,,,,,,,,,,,,,,,,,,,,,,,,,,,,,,,,,,,,,,,,,,,,,,,,,,,,,,,,,,,,,,,,,,,,,,,,,,,,,,,,,,,,
2025121215,,,,,,,,,,,,,,,,,,,,,,,,,,,,,,,,,0.455,,,,,,,,,,,,,,,,,,,,,,,,,,,,,,,,,,,,,,,,,,,,,,,,,,,,,,,,,,,,,,,,,,,,,,,,,,,,,,,,,,,,,,,,,,,,,,,,,,,,,,,,,,,,,,,,,,,,,,,,,,,,,,,,,,270.26,,,,,,,,,,,,,,,,,,,,,,,,,,,,,,,,,,,,,,,,,,,,,,,,,,,,,,,,,,,,,,,,,,,,,,,,,,,,,,,,,,,,,,,,,,,2.0,2.0,,,,,,,,,,,14.0,20.0,14.0,26.0,33.0,36.0,36.0,0.0,0.0,0.0,0.0,0.0,26.1,,272.64,2.74,,0.0,1.0,,,,,,,,,,,,,,,,,,,,,,,,,,,,,,,,,,,,,,,,,,,,,,,,,,,,,,9.999e+20,7.3,0.8,2.0,2.4,3.2,4.0,4.8,5.2,5.6583,6.17544,1.6,6.63125,7.08942,7.59847,8.08595,8.61624,10.3266,11.3161,11.791,13.1442,14.7058,19.9381,7.31166,4.41556,20.0,4.0,3.0,0.0,0.0,0.0,0.0,31.0,,9.999e+20,9.999e+20,9.999e+20,9.999e+20,9.999e+20,,,,,,,,,,,,,,,,,,,,,,,,,,,,,,,,,,,,,,,,,,,,,,,,,,,,,,,,,,,,,,,,,,,,,,,,,,,,,,,,,,,,,,,,,,,,,,,,,,,,,,,,,,,,,,,,,,,,,,,,,,,,0.0,,42.4,0.0,18.0,0.0,,86.0,,,,,,,,,,,,,,,,,,,,,,,,,,,,,,,,,,,,,,,,,,,,,,,,,,,,,,,,,,,,,4.2,0.5,1.2,0.3,2.4,5.9,12.4,13.3,1792.0,744.0,1400.0,648.0,2048.0,2168.0,2352.0,2480.0,,,86.0,6.0,,,,,,,274.77,2.74,,,,,,,,,,,,,,,,,,,,,,,,,,,,,,,,,,,,,,,,,,,,,,,,,,,,,,,,,,,,,9.999e+20,,,200.0,5.3,,,,,,3.0,,,,,,,692.0,210.0,210.0,210.0,,274.0,4.9,0.4,0.8,1.6,1.6,2.0,2.4,3.2,3.6,4.0,0.8,4.4,4.8,5.2,5.6,6.0,7.2,8.0,8.8,9.2,10.9102,14.3013,4.92076,3.47237,3.0,0.0,0.0,0.0,59.0,0.0,35.0,14.0,5.7,6.1,
2025121216,,,,,,,,,,,,,,,,,,,,,,,,,,,,,,,,,0.554,,,,,,,,,,,,,,,,,,,,,,,,,,,,,,,,,,,,,,,,,,,,,,,,,,,,,,,,,,,,,,,,,,,,,,,,,,,,,,,,,,,,,,,,,,,,,,,,,,,,,,,,,,,,,,,,,,,,,,,,,,,,,,,,,,,,,,,,,,,,,,,,,,,,,,,,,,,,,,,,,,,,,,,,,,,,,,,,,,,,,,,,,,,,,,,,,,,,,,,,,,,,,,,,,,,,,,,,,,,,,,,,,,,,,,,,,,,,,,,,,,,,,,,,,,,,,,,,,,,,,,,,,,,,,,,,,,,,,,,,,,,,,,,,,,,,,,,,,,,,,,,,,,,,,,,,,,,,,,,,,,,,,,,,,,,,,,,,,,,,,,,,,,,,,,,,,,,,,,,,,,,,,,,,,,,,,,,,,,,,,,,,,,,,,,,,,,,,,,,,,,,,,,,,,,,,,,,,,,,,,,,,,,,,,,,,,,,,,,,,,,,,,,,,,,,,,,,,,,,,,,,,,,,,,,,,,,,,,,,,,,,,,,,,,,,,,,,,,,,,,,,,,,,,,,,,,,,,,,,,,,,,,,,,,,,,,,,,,,,,,,,,,,,,,,,,,,,,,,,,,,,,,,,,,,,,,,,,,,,,,,,,,,,,,,,,,,,,,,,,,,,,,,,,,,,,,,,,,,,,,,,,,,,,,,,,,,,,,,,,,,,,,,,,,,,,,,,,,,,,,,,,,,,,,,,,,,,,,,,,
2025121217,,,,,,,,,,,,,,,,,,,,,,,,,,,,,,,,,0.584,,,,,,,,,,,,,,,,,,,,,,,,,,,,,,,,,,,,,,,,,,,,,,,,,,,,,,,,,,,,,,,,,,,,,,,,,,,,,,,,,,,,,,,,,,,,,,,,,,,,,,,,,,,,,,,,,,,,,,,,,,,,,,,,,,,,,,,,,,,,,,,,,,,,,,,,,,,,,,,,,,,,,,,,,,,,,,,,,,,,,,,,,,,,,,,,,,,,,,,,,,,,,,,,,,,,,,,,,,,,,,,,,,,,,,,,,,,,,,,,,,,,,,,,,,,,,,,,,,,,,,,,,,,,,,,,,,,,,,,,,,,,,,,,,,,,,,,,,,,,,,,,,,,,,,,,,,,,,,,,,,,,,,,,,,,,,,,,,,,,,,,,,,,,,,,,,,,,,,,,,,,,,,,,,,,,,,,,,,,,,,,,,,,,,,,,,,,,,,,,,,,,,,,,,,,,,,,,,,,,,,,,,,,,,,,,,,,,,,,,,,,,,,,,,,,,,,,,,,,,,,,,,,,,,,,,,,,,,,,,,,,,,,,,,,,,,,,,,,,,,,,,,,,,,,,,,,,,,,,,,,,,,,,,,,,,,,,,,,,,,,,,,,,,,,,,,,,,,,,,,,,,,,,,,,,,,,,,,,,,,,,,,,,,,,,,,,,,,,,,,,,,,,,,,,,,,,,,,,,,,,,,,,,,,,,,,,,,,,,,,,,,,,,,,,,,,,,,,,,,,,,,,,,,,,,,,,,,,,,,
2025121218,6.187,0.0,0.0,0.0,0.021,0.259,0.522,0.921,1.386,2.01,0.0,2.613,3.345,4.077,4.976,6.192,7.623,9.208,11.693,16.493,24.786,51.215,75.0,0.0,13.0,0.0,8.0,50.0,5.0,1.0,29.0,0.0,0.659,,,,,,,,,,,,,,,,,,,,,,,,,,,,,,,,,,,,,,,,,,,,,,,,,,,,,,,,,,,,,,,,,,12.192,0.0,0.0,0.0,0.0,0.0,0.003,0.093,0.234,0.456,0.0,0.758,1.134,1.573,2.127,2.899,3.693,5.014,6.671,9.446,16.461,31.455,60.0,7.0,4.0,32.0,2.0,1.0,0.0,16.0,0.0,0.0,,,,,,,,,,,,,,,,,,,,,,,,,,,,,,,,,269.97,,,,,,,,,,,,,,,,,,,0.02,,,,,,,,,,,,,,,,,,0.038,,,,,,,,,,,,,,,,,,0.005,0.0,0.0,0.0,0.0,0.0,0.02,0.038,14.0,6.0,3.0,2.0,0.0,0.0,0.0,0.0,0.0,0.0,0.064,,,,,,,,,,,,,,,,,,4.0,3.0,,,,,,,,,,,12.0,21.0,12.0,27.0,33.0,37.0,37.0,0.0,0.0,0.0,0.0,0.0,27.0,,273.25,2.77,,1.0,0.0,,0.0,,,,,,,,,,,,,,,,,,,,,,,,,0.0,0.0,0.0,0.0,0.0,0.0,0.0,0.0,0.0,0.0,0.0,0.0,0.0,0.0,,,,,,,,,,,,,10.0,9.999e+20,7.5,0.8,2.4,3.2,4.0,4.0,4.8,5.2,5.6,6.0,2.0,6.4,7.2,7.67678,8.22249,9.45818,10.2858,10.7928,12.0423,13.3695,15.1932,18.8451,7.4752,4.39636,17.0,5.0,2.0,1.0,0.0,0.0,0.0,34.0,3.0,9.999e+20,9.999e+20,9.999e+20,9.999e+20,9.999e+20,,,,,,,,,,,,,,,,,,,,,,,,,,,,,,,,,,,,,,,,,,,,,,,,,,,,,,,,,,,,,,,,,,,,,,,,,,,,,,,,,,,,,,,,,,,,,,,,,,,,,,,,,,,,,,,,,,,,,,,,,,89.0,,0.0,,41.2,0.0,19.2,0.0,,89.0,,,,,,,,,,,,,,,,,,,,,,,,,,,,,,,,,,,,,,,,,,,,,,,,,,,,,,,,,,,,,4.4,0.3,1.1,0.1,2.4,6.4,12.4,14.5,1768.0,760.0,1432.0,600.0,2008.0,2136.0,2360.0,2536.0,,,82.0,9.0,,,,,,3.45676,274.49,2.77,,,,,,,,,,,,,,,,,,,,,,,,,,,,,,,273.686,266.212,268.409,270.145,270.874,271.077,271.328,271.831,272.725,273.029,267.64,273.911,274.548,274.828,275.343,276.122,276.101,276.863,277.336,277.649,278.092,279.002,0.0,0.0,0.0,0.0,0.0,21.0,47.0,0.0,9.999e+20,,,210.0,5.2,,2.0,,,2.0,3.0,,,,,,,606.0,230.0,230.0,230.0,,274.0,4.9,0.4,1.2,1.6,2.0,2.4,2.8,3.2,3.6,4.0,0.8,4.4,4.8,5.2,6.0,6.4,6.8,7.6,8.4,9.2,11.067,14.0638,4.87603,3.45651,4.0,1.0,0.0,0.0,58.0,0.0,38.0,12.0,5.7,6.1,
2025121219,,,,,,,,,,,,,,,,,,,,,,,,,,,,,,,,,0.613,,,,,,,,,,,,,,,,,,,,,,,,,,,,,,,,,,,,,,,,,,,,,,,,,,,,,,,,,,,,,,,,,,,,,,,,,,,,,,,,,,,,,,,,,,,,,,,,,,,,,,,,,,,,,,,,,,,,,,,,,,,,,,,,,,,,,,,,,,,,,,,,,,,,,,,,,,,,,,,,,,,,,,,,,,,,,,,,,,,,,,,,,,,,,,,,,,,,,,,,,,,,,,,,,,,,,,,,,,,,,,,,,,,,,,,,,,,,,,,,,,,,,,,,,,,,,,,,,,,,,,,,,,,,,,,,,,,,,,,,,,,,,,,,,,,,,,,,,,,,,,,,,,,,,,,,,,,,,,,,,,,,,,,,,,,,,,,,,,,,,,,,,,,,,,,,,,,,,,,,,,,,,,,,,,,,,,,,,,,,,,,,,,,,,,,,,,,,,,,,,,,,,,,,,,,,,,,,,,,,,,,,,,,,,,,,,,,,,,,,,,,,,,,,,,,,,,,,,,,,,,,,,,,,,,,,,,,,,,,,,,,,,,,,,,,,,,,,,,,,,,,,,,,,,,,,,,,,,,,,,,,,,,,,,,,,,,,,,,,,,,,,,,,,,,,,,,,,,,,,,,,,,,,,,,,,,,,,,,,,,,,,,,,,,,,,,,,,,,,,,,,,,,,,,,,,,,,,,,,,,,,,,,,,,,,,,,,,,,,,,,,,,,,,,,,,,,,,,,,,,,,,,,,,,,,,,,,,,,,,
2025121220,,,,,,,,,,,,,,,,,,,,,,,,,,,,,,,,,0.528,,,,,,,,,,,,,,,,,,,,,,,,,,,,,,,,,,,,,,,,,,,,,,,,,,,,,,,,,,,,,,,,,,,,,,,,,,,,,,,,,,,,,,,,,,,,,,,,,,,,,,,,,,,,,,,,,,,,,,,,,,,,,,,,,,,,,,,,,,,,,,,,,,,,,,,,,,,,,,,,,,,,,,,,,,,,,,,,,,,,,,,,,,,,,,,,,,,,,,,,,,,,,,,,,,,,,,,,,,,,,,,,,,,,,,,,,,,,,,,,,,,,,,,,,,,,,,,,,,,,,,,,,,,,,,,,,,,,,,,,,,,,,,,,,,,,,,,,,,,,,,,,,,,,,,,,,,,,,,,,,,,,,,,,,,,,,,,,,,,,,,,,,,,,,,,,,,,,,,,,,,,,,,,,,,,,,,,,,,,,,,,,,,,,,,,,,,,,,,,,,,,,,,,,,,,,,,,,,,,,,,,,,,,,,,,,,,,,,,,,,,,,,,,,,,,,,,,,,,,,,,,,,,,,,,,,,,,,,,,,,,,,,,,,,,,,,,,,,,,,,,,,,,,,,,,,,,,,,,,,,,,,,,,,,,,,,,,,,,,,,,,,,,,,,,,,,,,,,,,,,,,,,,,,,,,,,,,,,,,,,,,,,,,,,,,,,,,,,,,,,,,,,,,,,,,,,,,,,,,,,,,,,,,,,,,,,,,,,,,,,,,,,,,,,,,,,,,,,,,,,,,,,,,,,,,,,,,,,,,,
2025121221,,,,,,,,,,,,,,,,,,,,,,,,,,,,,,,,,0.498,,,,,,,,,,,,,,,,,,,,,,,,,,,,,,,,,,,,,,,,,,,,,,,,,,,,,,,,,,,,,,,,,,,,,,,,,,,,,,,,,,,,,,,,,,,,,,,,,,,,,,,,,,,,,,,,,,,,,,,,,,,,,,,,,,271.09,,,,,,,,,,,,,,,,,,,,,,,,,,,,,,,,,,,,,,,,,,,,,,,,,,,,,,,,,,,,,,,,,,,,,,,,,,,,,,,,,,,,,,,,,,,5.0,10.0,,,,,,,,,,,12.0,17.0,12.0,27.0,37.0,38.0,38.0,1.0,0.0,0.0,0.0,0.0,26.7,,274.15,3.13,,15.0,2.0,,,,,,,,,,,,,,,,,,,,,,,,,,,,,,,,,,,,,,,,,,,,,,,,,,,,,,9.999e+20,6.9,0.4,1.6,2.0,2.4,3.2,3.6,4.0,4.50507,5.0763,1.2,5.92107,6.35816,7.20619,7.64366,8.5319,9.95652,11.2114,12.2313,13.5893,14.6576,17.9536,6.54766,4.75956,17.0,4.0,2.0,1.0,0.0,0.0,0.0,30.0,,9.999e+20,9.999e+20,9.999e+20,9.999e+20,9.999e+20,,,,,,,,,,,,,,,,,,,,,,,,,,,,,,,,,,,,,,,,,,,,,,,,,,,,,,,,,,,,,,,,,,,,,,,,,,,,,,,,,,,,,,,,,,,,,,,,,,,,,,,,,,,,,,,,,,,,,,,,,,,,0.0,,32.4,0.0,29.2,0.0,,93.0,,,,,,,,,,,,,,,,,,,,,,,,,,,,,,,,,,,,,,,,,,,,,,,,,,,,,,,,,,,,,4.9,0.2,1.0,0.0,2.5,7.8,13.3,15.5,1696.0,656.0,1344.0,520.0,2000.0,2136.0,2264.0,2368.0,,,79.0,12.0,,,,,,,275.06,3.13,,,,,,,,,,,,,,,,,,,,,,,,,,,,,,,,,,,,,,,,,,,,,,,,,,,,,,,,,,,,,9.999e+20,,,210.0,5.9,,,,,,3.0,,,,,,,646.0,240.0,240.0,240.0,,275.2,4.5,0.0,0.8,0.8,1.2,1.2,2.0,2.0,2.8,2.8,0.4,3.2,4.0,4.4,4.8,5.6,6.8,8.0,9.2,10.4,10.6452,13.1702,4.51715,3.41906,3.0,1.0,0.0,0.0,48.0,0.0,31.0,16.0,4.9,5.7,
2025121222,,,,,,,,,,,,,,,,,,,,,,,,,,,,,,,,,0.465,,,,,,,,,,,,,,,,,,,,,,,,,,,,,,,,,,,,,,,,,,,,,,,,,,,,,,,,,,,,,,,,,,,,,,,,,,,,,,,,,,,,,,,,,,,,,,,,,,,,,,,,,,,,,,,,,,,,,,,,,,,,,,,,,,,,,,,,,,,,,,,,,,,,,,,,,,,,,,,,,,,,,,,,,,,,,,,,,,,,,,,,,,,,,,,,,,,,,,,,,,,,,,,,,,,,,,,,,,,,,,,,,,,,,,,,,,,,,,,,,,,,,,,,,,,,,,,,,,,,,,,,,,,,,,,,,,,,,,,,,,,,,,,,,,,,,,,,,,,,,,,,,,,,,,,,,,,,,,,,,,,,,,,,,,,,,,,,,,,,,,,,,,,,,,,,,,,,,,,,,,,,,,,,,,,,,,,,,,,,,,,,,,,,,,,,,,,,,,,,,,,,,,,,,,,,,,,,,,,,,,,,,,,,,,,,,,,,,,,,,,,,,,,,,,,,,,,,,,,,,,,,,,,,,,,,,,,,,,,,,,,,,,,,,,,,,,,,,,,,,,,,,,,,,,,,,,,,,,,,,,,,,,,,,,,,,,,,,,,,,,,,,,,,,,,,,,,,,,,,,,,,,,,,,,,,,,,,,,,,,,,,,,,,,,,,,,,,,,,,,,,,,,,,,,,,,,,,,,,,,,,,,,,,,,,,,,,,,,,,,,,,,,,,,,,,,,,,,,,,,,,,,,,,,,,,,,,,,,,,
2025121223,,,,,,,,,,,,,,,,,,,,,,,,,,,,,,,,,0.482,,,,,,,,,,,,,,,,,,,,,,,,,,,,,,,,,,,,,,,,,,,,,,,,,,,,,,,,,,,,,,,,,,,,,,,,,,,,,,,,,,,,,,,,,,,,,,,,,,,,,,,,,,,,,,,,,,,,,,,,,,,,,,,,,,,,,,,,,,,,,,,,,,,,,,,,,,,,,,,,,,,,,,,,,,,,,,,,,,,,,,,,,,,,,,,,,,,,,,,,,,,,,,,,,,,,,,,,,,,,,,,,,,,,,,,,,,,,,,,,,,,,,,,,,,,,,,,,,,,,,,,,,,,,,,,,,,,,,,,,,,,,,,,,,,,,,,,,,,,,,,,,,,,,,,,,,,,,,,,,,,,,,,,,,,,,,,,,,,,,,,,,,,,,,,,,,,,,,,,,,,,,,,,,,,,,,,,,,,,,,,,,,,,,,,,,,,,,,,,,,,,,,,,,,,,,,,,,,,,,,,,,,,,,,,,,,,,,,,,,,,,,,,,,,,,,,,,,,,,,,,,,,,,,,,,,,,,,,,,,,,,,,,,,,,,,,,,,,,,,,,,,,,,,,,,,,,,,,,,,,,,,,,,,,,,,,,,,,,,,,,,,,,,,,,,,,,,,,,,,,,,,,,,,,,,,,,,,,,,,,,,,,,,,,,,,,,,,,,,,,,,,,,,,,,,,,,,,,,,,,,,,,,,,,,,,,,,,,,,,,,,,,,,,,,,,,,,,,,,,,,,,,,,,,,,,,,,,,,,,
2025121300,6.393,0.0,0.0,0.0,0.0,0.107,0.354,0.677,1.168,1.683,0.0,2.181,2.954,3.942,4.907,6.295,7.734,9.984,13.429,18.078,28.06,51.564,72.0,0.0,16.0,0.0,9.0,47.0,6.0,1.0,30.0,0.0,0.557,,15.147,0.0,0.146,0.903,1.523,2.343,3.127,4.469,5.759,6.948,0.0,8.527,10.059,11.818,14.548,17.063,19.948,23.431,28.943,37.604,57.505,93.134,89.0,1.0,38.0,0.0,0.0,0.0,18.0,6.0,58.0,3.0,,,,,,,,,,,,,,,,,,,,,,,,,,,,,,,,,7.112,0.0,0.0,0.0,0.0,0.0,0.0,0.004,0.105,0.344,0.0,0.616,1.06,1.449,1.92,2.459,3.353,4.646,6.905,9.44,13.736,23.534,57.0,6.0,3.0,29.0,1.0,0.0,0.0,16.0,0.0,0.0,,,,,,,,,,,,,,,,,,,,,,,,,,,,,,,,,270.34,,,,,,,,,,,,,,,,,,,0.033,0.0,0.0,0.0,0.0,0.02,0.122,0.175,29.0,17.0,13.0,7.0,4.0,1.0,0.0,0.0,0.0,0.0,0.043,0.0,0.0,0.0,0.003,0.048,0.145,0.196,22.0,17.0,9.0,6.0,3.0,0.0,0.0,0.0,0.0,0.0,0.015,0.0,0.0,0.0,0.0,0.008,0.053,0.074,19.0,11.0,7.0,3.0,1.0,0.0,0.0,0.0,0.0,0.0,0.076,0.0,0.003,0.0,0.015,0.066,0.173,0.328,28.0,12.0,8.0,6.0,3.0,1.0,0.0,0.0,0.0,0.0,3.0,4.0,,,,,,,,,,,12.0,17.0,11.0,29.0,37.0,39.0,39.0,1.0,0.0,0.0,0.0,0.0,27.3,,272.73,3.16,,21.0,3.0,,0.0,0.0,0.0,0.0,0.0,0.0,0.0,0.0,1.0,0.0,0.0,0.0,0.0,0.0,0.0,0.0,0.0,0.0,0.0,0.0,1.0,0.0,0.0,0.0,0.0,0.0,0.0,0.0,0.0,0.0,0.0,0.0,0.0,0.0,0.0,0.0,0.0,0.0,0.0,0.0,0.0,0.0,0.0,0.0,0.0,0.0,1.0,0.0,0.0,0.0,0.0,6.0,9.999e+20,6.3,0.4,1.2,1.6,2.0,2.8,3.2,3.6,4.0,4.8,0.8,5.2,6.0,6.8,7.2,8.28838,9.56612,10.8081,11.279,12.4337,14.6259,20.0802,6.31623,4.73025,16.0,4.0,2.0,1.0,0.0,0.0,0.0,26.0,3.0,9.999e+20,9.999e+20,9.999e+20,9.999e+20,9.999e+20,,,,,,,,,,,,,,,,,,,,,,,,,,,,,,,,,,,,,,,,,,,,,,,,,,,,,,,,,,,,,,,,,,,,,,,,,,,,,,,,,,,,,,,,,,,,,,,,,,,,,,,,,,,,,,,,,,,,,,,,,,,,0.0,6.0,30.0,0.0,31.6,0.0,,89.0,,,,,,,,,,,,,,,,,,,,,,,,,,,,,,,,,,,,,,,,,,,,,,,,,,,,,,,,,,,,,5.5,0.1,1.1,0.0,2.6,9.6,14.0,16.8,1608.0,584.0,1040.0,416.0,1976.0,2128.0,2232.0,2312.0,,,77.0,19.0,,276.39,2.9,,,,274.27,3.14,,,,,,,,,,,,,,,,,,,,,,,,,,,,,,,,,,,,,,,,,,,,,,,,,,,,,,,,,,,,,9.999e+20,,,220.0,4.5,14.0,3.0,,,2.0,2.0,,,,,,,552.0,250.0,250.0,250.0,,273.8,4.1,0.0,0.4,0.8,0.8,1.2,1.6,2.0,2.4,2.8,0.0,3.2,3.6,4.0,4.4,5.6,6.0,7.6,8.8,9.6,10.8,12.4463,4.054,3.39536,3.0,1.0,0.0,0.0,45.0,0.0,31.0,15.0,4.5,5.3,
2025121301,,,,,,,,,,,,,,,,,,,,,,,,,,,,,,,,,0.536,,,,,,,,,,,,,,,,,,,,,,,,,,,,,,,,,,,,,,,,,,,,,,,,,,,,,,,,,,,,,,,,,,,,,,,,,,,,,,,,,,,,,,,,,,,,,,,,,,,,,,,,,,,,,,,,,,,,,,,,,,,,,,,,,,,,,,,,,,,,,,,,,,,,,,,,,,,,,,,,,,,,,,,,,,,,,,,,,,,,,,,,,,,,,,,,,,,,,,,,,,,,,,,,,,,,,,,,,,,,,,,,,,,,,,,,,,,,,,,,,,,,,,,,,,,,,,,,,,,,,,,,,,,,,,,,,,,,,,,,,,,,,,,,,,,,,,,,,,,,,,,,,,,,,,,,,,,,,,,,,,,,,,,,,,,,,,,,,,,,,,,,,,,,,,,,,,,,,,,,,,,,,,,,,,,,,,,,,,,,,,,,,,,,,,,,,,,,,,,,,,,,,,,,,,,,,,,,,,,,,,,,,,,,,,,,,,,,,,,,,,,,,,,,,,,,,,,,,,,,,,,,,,,,,,,,,,,,,,,,,,,,,,,,,,,,,,,,,,,,,,,,,,,,,,,,,,,,,,,,,,,,,,,,,,,,,,,,,,,,,,,,,,,,,,,,,,,,,,,,,,,,,,,,,,,,,,,,,,,,,,,,,,,,,,,,,,,,,,,,,,,,,,,,,,,,,,,,,,,,,,,,,,,,,,,,,,,,,,,,,,,,,,,,,,,,,,,,,,,,,,,,,,,,,,,,,,,,,,,,
2025121302,,,,,,,,,,,,,,,,,,,,,,,,,,,,,,,,,0.465,,,,,,,,,,,,,,,,,,,,,,,,,,,,,,,,,,,,,,,,,,,,,,,,,,,,,,,,,,,,,,,,,,,,,,,,,,,,,,,,,,,,,,,,,,,,,,,,,,,,,,,,,,,,,,,,,,,,,,,,,,,,,,,,,,,,,,,,,,,,,,,,,,,,,,,,,,,,,,,,,,,,,,,,,,,,,,,,,,,,,,,,,,,,,,,,,,,,,,,,,,,,,,,,,,,,,,,,,,,,,,,,,,,,,,,,,,,,,,,,,,,,,,,,,,,,,,,,,,,,,,,,,,,,,,,,,,,,,,,,,,,,,,,,,,,,,,,,,,,,,,,,,,,,,,,,,,,,,,,,,,,,,,,,,,,,,,,,,,,,,,,,,,,,,,,,,,,,,,,,,,,,,,,,,,,,,,,,,,,,,,,,,,,,,,,,,,,,,,,,,,,,,,,,,,,,,,,,,,,,,,,,,,,,,,,,,,,,,,,,,,,,,,,,,,,,,,,,,,,,,,,,,,,,,,,,,,,,,,,,,,,,,,,,,,,,,,,,,,,,,,,,,,,,,,,,,,,,,,,,,,,,,,,,,,,,,,,,,,,,,,,,,,,,,,,,,,,,,,,,,,,,,,,,,,,,,,,,,,,,,,,,,,,,,,,,,,,,,,,,,,,,,,,,,,,,,,,,,,,,,,,,,,,,,,,,,,,,,,,,,,,,,,,,,,,,,,,,,,,,,,,,,,,,,,,,,,,,,,,,
2025121303,,,,,,,,,,,,,,,,,,,,,,,,,,,,,,,,,0.412,,,,,,,,,,,,,,,,,,,,,,,,,,,,,,,,,,,,,,,,,,,,,,,,,,,,,,,,,,,,,,,,,,,,,,,,,,,,,,,,,,,,,,,,,,,,,,,,,,,,,,,,,,,,,,,,,,,,,,,,,,,,,,,,,,270.11,,,,,,,,,,,,,,,,,,,,,,,,,,,,,,,,,,,,,,,,,,,,,,,,,,,,,,,,,,,,,,,,,,,,,,,,,,,,,,,,,,,,,,,,,,,2.0,4.0,,,,,,,,,,,8.0,17.0,8.0,27.0,35.0,36.0,36.0,0.0,0.0,0.0,0.0,0.0,25.6,,272.18,1.09,,0.0,2.0,,,,,,,,,,,,,,,,,,,,,,,,,,,,,,,,,,,,,,,,,,,,,,,,,,,,,,9.999e+20,7.0,0.8,2.0,2.0,2.8,3.2,4.0,4.4,5.2,5.6,1.2,6.43182,7.38806,7.50161,8.40768,9.73117,10.5989,11.5485,12.0996,13.2987,15.622,17.3726,7.00529,4.58292,21.0,6.0,1.0,0.0,0.0,0.0,0.0,35.0,,9.999e+20,9.999e+20,9.999e+20,9.999e+20,9.999e+20,,,,,,,,,,,,,,,,,,,,,,,,,,,,,,,,,,,,,,,,,,,,,,,,,,,,,,,,,,,,,,,,,,,,,,,,,,,,,,,,,,,,,,,,,,,,,,,,,,,,,,,,,,,,,,,,,,,,,,,,,,,,0.0,,25.2,0.0,31.6,0.0,,84.0,,,,,,,,,,,,,,,,,,,,,,,,,,,,,,,,,,,,,,,,,,,,,,,,,,,,,,,,,,,,,6.1,0.1,1.1,0.0,2.5,12.6,15.2,17.4,1552.0,528.0,784.0,328.0,1952.0,2120.0,2264.0,2360.0,,,79.0,10.0,,,,,,,274.85,1.4,,,,,,,,,,,,,,,,,,,,,,,,,,,,,,,,,,,,,,,,,,,,,,,,,,,,,,,,,,,,,9.999e+20,,,210.0,4.9,,,,,,2.0,,,,,,,610.0,210.0,210.0,210.0,,274.0,4.9,0.4,0.8,1.2,1.2,1.6,2.4,2.8,3.2,3.6,0.4,3.6,4.0,5.2,5.6,6.4,7.6,8.4,8.8,9.6,10.8,12.6872,4.90919,3.55062,4.0,0.0,0.0,0.0,49.0,0.0,35.0,17.0,5.3,6.1,
2025121304,,,,,,,,,,,,,,,,,,,,,,,,,,,,,,,,,0.399,,,,,,,,,,,,,,,,,,,,,,,,,,,,,,,,,,,,,,,,,,,,,,,,,,,,,,,,,,,,,,,,,,,,,,,,,,,,,,,,,,,,,,,,,,,,,,,,,,,,,,,,,,,,,,,,,,,,,,,,,,,,,,,,,,,,,,,,,,,,,,,,,,,,,,,,,,,,,,,,,,,,,,,,,,,,,,,,,,,,,,,,,,,,,,,,,,,,,,,,,,,,,,,,,,,,,,,,,,,,,,,,,,,,,,,,,,,,,,,,,,,,,,,,,,,,,,,,,,,,,,,,,,,,,,,,,,,,,,,,,,,,,,,,,,,,,,,,,,,,,,,,,,,,,,,,,,,,,,,,,,,,,,,,,,,,,,,,,,,,,,,,,,,,,,,,,,,,,,,,,,,,,,,,,,,,,,,,,,,,,,,,,,,,,,,,,,,,,,,,,,,,,,,,,,,,,,,,,,,,,,,,,,,,,,,,,,,,,,,,,,,,,,,,,,,,,,,,,,,,,,,,,,,,,,,,,,,,,,,,,,,,,,,,,,,,,,,,,,,,,,,,,,,,,,,,,,,,,,,,,,,,,,,,,,,,,,,,,,,,,,,,,,,,,,,,,,,,,,,,,,,,,,,,,,,,,,,,,,,,,,,,,,,,,,,,,,,,,,,,,,,,,,,,,,,,,,,,,,,,,,,,,,,,,,,,,,,,,,,,,,,,,,,,,,,,,,,,,,,,,,,,,,,,,,,,,,,,,,,,
2025121305,,,,,,,,,,,,,,,,,,,,,,,,,,,,,,,,,0.422,,,,,,,,,,,,,,,,,,,,,,,,,,,,,,,,,,,,,,,,,,,,,,,,,,,,,,,,,,,,,,,,,,,,,,,,,,,,,,,,,,,,,,,,,,,,,,,,,,,,,,,,,,,,,,,,,,,,,,,,,,,,,,,,,,,,,,,,,,,,,,,,,,,,,,,,,,,,,,,,,,,,,,,,,,,,,,,,,,,,,,,,,,,,,,,,,,,,,,,,,,,,,,,,,,,,,,,,,,,,,,,,,,,,,,,,,,,,,,,,,,,,,,,,,,,,,,,,,,,,,,,,,,,,,,,,,,,,,,,,,,,,,,,,,,,,,,,,,,,,,,,,,,,,,,,,,,,,,,,,,,,,,,,,,,,,,,,,,,,,,,,,,,,,,,,,,,,,,,,,,,,,,,,,,,,,,,,,,,,,,,,,,,,,,,,,,,,,,,,,,,,,,,,,,,,,,,,,,,,,,,,,,,,,,,,,,,,,,,,,,,,,,,,,,,,,,,,,,,,,,,,,,,,,,,,,,,,,,,,,,,,,,,,,,,,,,,,,,,,,,,,,,,,,,,,,,,,,,,,,,,,,,,,,,,,,,,,,,,,,,,,,,,,,,,,,,,,,,,,,,,,,,,,,,,,,,,,,,,,,,,,,,,,,,,,,,,,,,,,,,,,,,,,,,,,,,,,,,,,,,,,,,,,,,,,,,,,,,,,,,,,,,,,,,,,,,,,,,,,,,,,,,,,,,,,,,,,,,,,,
2025121306,5.456,0.0,0.0,0.0,0.0,0.0,0.086,0.342,0.7,1.266,0.0,1.798,2.603,3.477,4.244,5.651,7.914,9.833,12.68,16.407,22.457,36.925,66.0,0.0,15.0,0.0,7.0,45.0,4.0,0.0,28.0,0.0,0.441,,,,,,,,,,,,,,,,,,,,,,,,,,,,,,,,,,,,,,,,,,,,,,,,,,,,,,,,,,,,,,,,,,4.064,0.0,0.0,0.0,0.0,0.0,0.0,0.0,0.053,0.231,0.0,0.461,0.701,1.143,1.516,2.091,2.899,3.966,5.517,8.302,12.106,19.36,54.0,4.0,1.0,27.0,0.0,0.0,0.0,13.0,0.0,0.0,,,,,,,,,,,,,,,,,,,,,,,,,,,,,,,,,268.76,,,,,,,,,,,,,,,,,,,0.038,,,,,,,,,,,,,,,,,,0.051,,,,,,,,,,,,,,,,,,0.01,0.0,0.0,0.0,0.0,0.01,0.036,0.053,24.0,11.0,5.0,1.0,0.0,0.0,0.0,0.0,0.0,0.0,0.081,,,,,,,,,,,,,,,,,,2.0,4.0,,,,,,,,,,,8.0,16.0,8.0,27.0,34.0,37.0,37.0,1.0,0.0,0.0,0.0,0.0,26.4,,270.09,3.29,,0.0,3.0,,0.0,,,,,,,,,,,,,,,,,,,,,,,,,0.0,0.0,0.0,0.0,0.0,0.0,0.0,0.0,0.0,0.0,0.0,0.0,0.0,0.0,,,,,,,,,,,,,11.2,9.999e+20,7.4,0.4,3.2,3.6,4.0,4.4,4.8,5.2,5.6,6.50019,2.4,6.94013,7.44734,7.49265,8.7707,9.24268,10.102,10.2747,10.8274,12.6692,15.0705,17.4453,7.38912,3.82536,14.0,5.0,2.0,0.0,0.0,0.0,0.0,33.0,3.0,9.999e+20,9.999e+20,9.999e+20,9.999e+20,9.999e+20,,,,,,,,,,,,,,,,,,,,,,,,,,,,,,,,,,,,,,,,,,,,,,,,,,,,,,,,,,,,,,,,,,,,,,,,,,,,,,,,,,,,,,,,,,,,,,,,,,,,,,,,,,,,,,,,,,,,,,,,,,,77.0,0.0,,25.2,0.0,31.6,0.0,,77.0,,,,,,,,,,,,,,,,,,,,,,,,,,,,,,,,,,,,,,,,,,,,,,,,,,,,,,,,,,,,,6.4,0.2,0.9,0.0,2.8,13.1,16.3,17.6,1504.0,456.0,704.0,320.0,1936.0,2104.0,2296.0,2488.0,,,69.0,22.0,,,,,,2.67133,273.76,3.29,276.578,270.852,272.378,273.396,274.785,275.202,276.18,276.48,276.718,276.988,271.582,277.443,277.592,277.744,278.112,278.378,278.722,278.829,279.055,279.345,280.094,282.036,0.0,2.0,13.0,0.0,0.0,0.0,0.0,0.0,,,,,,,,,,,,,,,,,,,,,,,,,,,,,,,9.999e+20,,,210.0,5.0,,3.0,,,2.0,1.0,,,,,,,797.0,250.0,250.0,250.0,,272.7,5.0,0.4,1.2,2.0,2.4,2.8,3.2,3.2,3.6,4.0,1.2,4.0,4.8,5.2,5.6,6.4,7.2,7.6,8.0,9.6,10.6851,12.4766,4.96442,3.12796,3.0,0.0,0.0,0.0,59.0,0.0,33.0,13.0,5.4,6.3,
2025121307,,,,,,,,,,,,,,,,,,,,,,,,,,,,,,,,,0.389,,,,,,,,,,,,,,,,,,,,,,,,,,,,,,,,,,,,,,,,,,,,,,,,,,,,,,,,,,,,,,,,,,,,,,,,,,,,,,,,,,,,,,,,,,,,,,,,,,,,,,,,,,,,,,,,,,,,,,,,,,,,,,,,,,,,,,,,,,,,,,,,,,,,,,,,,,,,,,,,,,,,,,,,,,,,,,,,,,,,,,,,,,,,,,,,,,,,,,,,,,,,,,,,,,,,,,,,,,,,,,,,,,,,,,,,,,,,,,,,,,,,,,,,,,,,,,,,,,,,,,,,,,,,,,,,,,,,,,,,,,,,,,,,,,,,,,,,,,,,,,,,,,,,,,,,,,,,,,,,,,,,,,,,,,,,,,,,,,,,,,,,,,,,,,,,,,,,,,,,,,,,,,,,,,,,,,,,,,,,,,,,,,,,,,,,,,,,,,,,,,,,,,,,,,,,,,,,,,,,,,,,,,,,,,,,,,,,,,,,,,,,,,,,,,,,,,,,,,,,,,,,,,,,,,,,,,,,,,,,,,,,,,,,,,,,,,,,,,,,,,,,,,,,,,,,,,,,,,,,,,,,,,,,,,,,,,,,,,,,,,,,,,,,,,,,,,,,,,,,,,,,,,,,,,,,,,,,,,,,,,,,,,,,,,,,,,,,,,,,,,,,,,,,,,,,,,,,,,,,,,,,,,,,,,,,,,,,,,,,,,,,,,,,,,,,,,,,,,,,,,,,,,,,,,,,,,,,,,,,
2025121308,,,,,,,,,,,,,,,,,,,,,,,,,,,,,,,,,0.418,,,,,,,,,,,,,,,,,,,,,,,,,,,,,,,,,,,,,,,,,,,,,,,,,,,,,,,,,,,,,,,,,,,,,,,,,,,,,,,,,,,,,,,,,,,,,,,,,,,,,,,,,,,,,,,,,,,,,,,,,,,,,,,,,,,,,,,,,,,,,,,,,,,,,,,,,,,,,,,,,,,,,,,,,,,,,,,,,,,,,,,,,,,,,,,,,,,,,,,,,,,,,,,,,,,,,,,,,,,,,,,,,,,,,,,,,,,,,,,,,,,,,,,,,,,,,,,,,,,,,,,,,,,,,,,,,,,,,,,,,,,,,,,,,,,,,,,,,,,,,,,,,,,,,,,,,,,,,,,,,,,,,,,,,,,,,,,,,,,,,,,,,,,,,,,,,,,,,,,,,,,,,,,,,,,,,,,,,,,,,,,,,,,,,,,,,,,,,,,,,,,,,,,,,,,,,,,,,,,,,,,,,,,,,,,,,,,,,,,,,,,,,,,,,,,,,,,,,,,,,,,,,,,,,,,,,,,,,,,,,,,,,,,,,,,,,,,,,,,,,,,,,,,,,,,,,,,,,,,,,,,,,,,,,,,,,,,,,,,,,,,,,,,,,,,,,,,,,,,,,,,,,,,,,,,,,,,,,,,,,,,,,,,,,,,,,,,,,,,,,,,,,,,,,,,,,,,,,,,,,,,,,,,,,,,,,,,,,,,,,,,,,,,,,,,,,,,,,,,,,,,,,,,,,,,,,,,,,,,,
2025121309,,,,,,,,,,,,,,,,,,,,,,,,,,,,,,,,,0.382,,,,,,,,,,,,,,,,,,,,,,,,,,,,,,,,,,,,,,,,,,,,,,,,,,,,,,,,,,,,,,,,,,,,,,,,,,,,,,,,,,,,,,,,,,,,,,,,,,,,,,,,,,,,,,,,,,,,,,,,,,,,,,,,,,270.0,,,,,,,,,,,,,,,,,,,,,,,,,,,,,,,,,,,,,,,,,,,,,,,,,,,,,,,,,,,,,,,,,,,,,,,,,,,,,,,,,,,,,,,,,,,2.0,3.0,,,,,,,,,,,4.0,16.0,4.0,29.0,33.0,36.0,36.0,1.0,0.0,0.0,0.0,0.0,25.4,,270.35,1.93,,0.0,3.0,,,,,,,,,,,,,,,,,,,,,,,,,,,,,,,,,,,,,,,,,,,,,,,,,,,,,,9.999e+20,7.8,0.8,3.2,4.0,4.4,4.8,5.2,5.6,6.00347,6.43506,2.4,6.86828,7.74966,8.25217,8.28585,8.73114,9.58161,10.5116,11.451,13.1226,14.3707,16.0667,7.38863,3.61227,17.0,4.0,1.0,0.0,0.0,0.0,0.0,31.0,,9.999e+20,9.999e+20,9.999e+20,9.999e+20,9.999e+20,,,,,,,,,,,,,,,,,,,,,,,,,,,,,,,,,,,,,,,,,,,,,,,,,,,,,,,,,,,,,,,,,,,,,,,,,,,,,,,,,,,,,,,,,,,,,,,,,,,,,,,,,,,,,,,,,,,,,,,,,,,,0.0,,24.0,1.2,29.2,0.0,,75.0,,,,,,,,,,,,,,,,,,,,,,,,,,,,,,,,,,,,,,,,,,,,,,,,,,,,,,,,,,,,,6.8,0.2,1.1,0.0,3.2,14.0,16.8,17.4,1448.0,344.0,616.0,168.0,1832.0,2088.0,2256.0,2504.0,,,69.0,21.0,,,,,,,274.32,1.94,,,,,,,,,,,,,,,,,,,,,,,,,,,,,,,,,,,,,,,,,,,,,,,,,,,,,,,,,,,,,9.999e+20,,,260.0,5.2,,,,,,2.0,,,,,,,821.0,210.0,210.0,210.0,,273.2,5.3,0.4,2.0,2.4,2.8,2.8,3.2,3.2,3.6,4.0,1.2,4.4,5.2,5.6,6.0,6.4,6.8,7.6,8.8,10.4,10.5642,11.9739,5.33918,3.06067,2.0,0.0,0.0,0.0,60.0,0.0,42.0,15.0,6.1,6.5,
2025121310,,,,,,,,,,,,,,,,,,,,,,,,,,,,,,,,,0.385,,,,,,,,,,,,,,,,,,,,,,,,,,,,,,,,,,,,,,,,,,,,,,,,,,,,,,,,,,,,,,,,,,,,,,,,,,,,,,,,,,,,,,,,,,,,,,,,,,,,,,,,,,,,,,,,,,,,,,,,,,,,,,,,,,,,,,,,,,,,,,,,,,,,,,,,,,,,,,,,,,,,,,,,,,,,,,,,,,,,,,,,,,,,,,,,,,,,,,,,,,,,,,,,,,,,,,,,,,,,,,,,,,,,,,,,,,,,,,,,,,,,,,,,,,,,,,,,,,,,,,,,,,,,,,,,,,,,,,,,,,,,,,,,,,,,,,,,,,,,,,,,,,,,,,,,,,,,,,,,,,,,,,,,,,,,,,,,,,,,,,,,,,,,,,,,,,,,,,,,,,,,,,,,,,,,,,,,,,,,,,,,,,,,,,,,,,,,,,,,,,,,,,,,,,,,,,,,,,,,,,,,,,,,,,,,,,,,,,,,,,,,,,,,,,,,,,,,,,,,,,,,,,,,,,,,,,,,,,,,,,,,,,,,,,,,,,,,,,,,,,,,,,,,,,,,,,,,,,,,,,,,,,,,,,,,,,,,,,,,,,,,,,,,,,,,,,,,,,,,,,,,,,,,,,,,,,,,,,,,,,,,,,,,,,,,,,,,,,,,,,,,,,,,,,,,,,,,,,,,,,,,,,,,,,,,,,,,,,,,,,,,,,,,,,,,,,,,,,,,,,,,,,,,,,,,,,,,,,,,
2025121311,,,,,,,,,,,,,,,,,,,,,,,,,,,,,,,,,0.327,,,,,,,,,,,,,,,,,,,,,,,,,,,,,,,,,,,,,,,,,,,,,,,,,,,,,,,,,,,,,,,,,,,,,,,,,,,,,,,,,,,,,,,,,,,,,,,,,,,,,,,,,,,,,,,,,,,,,,,,,,,,,,,,,,,,,,,,,,,,,,,,,,,,,,,,,,,,,,,,,,,,,,,,,,,,,,,,,,,,,,,,,,,,,,,,,,,,,,,,,,,,,,,,,,,,,,,,,,,,,,,,,,,,,,,,,,,,,,,,,,,,,,,,,,,,,,,,,,,,,,,,,,,,,,,,,,,,,,,,,,,,,,,,,,,,,,,,,,,,,,,,,,,,,,,,,,,,,,,,,,,,,,,,,,,,,,,,,,,,,,,,,,,,,,,,,,,,,,,,,,,,,,,,,,,,,,,,,,,,,,,,,,,,,,,,,,,,,,,,,,,,,,,,,,,,,,,,,,,,,,,,,,,,,,,,,,,,,,,,,,,,,,,,,,,,,,,,,,,,,,,,,,,,,,,,,,,,,,,,,,,,,,,,,,,,,,,,,,,,,,,,,,,,,,,,,,,,,,,,,,,,,,,,,,,,,,,,,,,,,,,,,,,,,,,,,,,,,,,,,,,,,,,,,,,,,,,,,,,,,,,,,,,,,,,,,,,,,,,,,,,,,,,,,,,,,,,,,,,,,,,,,,,,,,,,,,,,,,,,,,,,,,,,,,,,,,,,,,,,,,,,,,,,,,,,,,,,,,,,
2025121312,4.613,0.0,0.0,0.0,0.0,0.0,0.0,0.142,0.532,0.968,0.0,1.498,2.207,2.856,3.908,5.188,6.48,8.392,10.37,13.861,19.05,30.175,63.0,0.0,12.0,0.0,5.0,43.0,2.0,0.0,26.0,0.0,0.383,,13.236,0.0,0.0,0.0,0.26,0.858,1.886,2.811,4.065,5.468,0.0,6.655,8.489,10.408,13.171,16.114,19.098,22.971,28.664,35.849,47.914,74.53,80.0,0.0,36.0,0.0,0.0,0.0,18.0,4.0,51.0,1.0,24.798,0.0,3.927,5.536,6.971,8.753,10.744,12.652,14.182,16.42,2.084,18.901,21.038,24.048,27.313,29.997,33.047,37.392,42.613,52.212,69.105,121.601,65.0,1.0,94.0,0.0,37.0,0.0,0.0,0.0,10.0,4.0,3.81,0.0,0.0,0.0,0.0,0.0,0.0,0.0,0.0,0.05,0.0,0.342,0.658,0.964,1.417,2.1,2.809,3.902,5.284,6.896,9.619,17.159,51.0,3.0,1.0,27.0,0.0,0.0,0.0,11.0,0.0,0.0,45.143,4.426,16.5,19.371,21.929,24.478,27.17,29.201,31.974,34.731,12.517,37.177,40.423,44.258,48.844,53.271,57.298,62.484,71.355,83.292,104.234,147.586,2.0,0.0,73.0,0.0,0.0,33.0,0.0,98.0,0.0,13.0,268.31,,,,,,,,,,,,,,,,,,,0.038,0.0,0.0,0.0,0.0,0.041,0.132,0.16,34.0,23.0,18.0,9.0,4.0,2.0,1.0,0.0,0.0,0.0,0.058,0.0,0.0,0.0,0.005,0.061,0.173,0.259,27.0,21.0,13.0,9.0,6.0,1.0,0.0,0.0,0.0,0.0,0.008,0.0,0.0,0.0,0.0,0.003,0.02,0.043,23.0,8.0,3.0,1.0,0.0,0.0,0.0,0.0,0.0,0.0,0.081,0.0,0.0,0.0,0.013,0.069,0.218,0.368,32.0,14.0,10.0,8.0,4.0,1.0,0.0,0.0,0.0,0.0,2.0,3.0,,,,,,,,,,,8.0,16.0,8.0,29.0,33.0,39.0,39.0,1.0,0.0,0.0,0.0,0.0,26.8,,268.71,4.0,,0.0,3.0,,0.0,0.0,0.0,0.0,0.0,0.0,0.0,0.0,1.0,0.0,0.0,0.0,0.0,0.0,0.0,0.0,0.0,0.0,0.0,0.0,2.0,0.0,0.0,0.0,0.0,0.0,0.0,0.0,0.0,0.0,0.0,0.0,0.0,1.0,0.0,0.0,0.0,0.0,0.025,0.0,0.0,0.0,0.0,0.0,0.0,0.0,2.0,0.0,0.0,0.0,0.0,13.2,9.999e+20,7.0,1.2,3.2,3.6,4.4,4.4,5.2,5.6,6.01046,6.47496,1.6,6.91367,6.95609,7.80869,7.89485,8.38343,8.93858,9.46156,10.629,11.2509,13.4916,16.2241,6.96011,3.55188,12.0,2.0,1.0,0.0,0.0,0.0,0.0,28.0,3.0,9.999e+20,9.999e+20,9.999e+20,9.999e+20,9.999e+20,,,,,,,,,,,,,,,,,,,,,,,,,,,,,,,,,,,,,,,,,,,,,,,,,,,,,,,,,,,,,,,,,,,,,,,,,,,,,,,,,,,,,,,,,,,,,,,,,,,,,,,,,,,,,,,,,,,,,,,,,,,,0.0,5.0,22.8,1.2,24.0,0.0,,72.0,,,,,,,,,,,,,,,,,,,,,,,,,,,,,,,,,,,,,,,,,,,,,,,,,,,,,,,,,,,,,7.3,0.1,1.2,0.0,3.6,14.5,17.1,18.0,1368.0,216.0,504.0,72.0,1776.0,2056.0,2344.0,2592.0,,,66.0,15.0,,,,272.0,4.32,,273.09,4.0,,,,,,,,,,,,,,,,,,,,,,,,,,,,,,,,,,,,,,,,,,,,,,,,,,,,,,,,,,,,,9.999e+20,,,220.0,4.8,13.0,3.0,,,2.0,2.0,,,,,,,654.0,240.0,240.0,240.0,,271.9,4.9,0.4,1.6,2.0,2.4,2.8,3.2,3.6,4.0,4.4,0.8,4.4,4.8,4.8,5.6,6.0,6.4,6.8,8.0,8.8,9.94381,11.6954,4.87851,2.621,2.0,0.0,0.0,0.0,64.0,0.0,36.0,12.0,5.7,6.1,
2025121313,,,,,,,,,,,,,,,,,,,,,,,,,,,,,,,,,0.348,,,,,,,,,,,,,,,,,,,,,,,,,,,,,,,,,,,,,,,,,,,,,,,,,,,,,,,,,,,,,,,,,,,,,,,,,,,,,,,,,,,,,,,,,,,,,,,,,,,,,,,,,,,,,,,,,,,,,,,,,,,,,,,,,,,,,,,,,,,,,,,,,,,,,,,,,,,,,,,,,,,,,,,,,,,,,,,,,,,,,,,,,,,,,,,,,,,,,,,,,,,,,,,,,,,,,,,,,,,,,,,,,,,,,,,,,,,,,,,,,,,,,,,,,,,,,,,,,,,,,,,,,,,,,,,,,,,,,,,,,,,,,,,,,,,,,,,,,,,,,,,,,,,,,,,,,,,,,,,,,,,,,,,,,,,,,,,,,,,,,,,,,,,,,,,,,,,,,,,,,,,,,,,,,,,,,,,,,,,,,,,,,,,,,,,,,,,,,,,,,,,,,,,,,,,,,,,,,,,,,,,,,,,,,,,,,,,,,,,,,,,,,,,,,,,,,,,,,,,,,,,,,,,,,,,,,,,,,,,,,,,,,,,,,,,,,,,,,,,,,,,,,,,,,,,,,,,,,,,,,,,,,,,,,,,,,,,,,,,,,,,,,,,,,,,,,,,,,,,,,,,,,,,,,,,,,,,,,,,,,,,,,,,,,,,,,,,,,,,,,,,,,,,,,,,,,,,,,,,,,,,,,,,,,,,,,,,,,,,,,,,,,,,,,,,,,,,,,,,,,,,,,,,,,,,,,,,,,,,,
2025121314,,,,,,,,,,,,,,,,,,,,,,,,,,,,,,,,,0.313,,,,,,,,,,,,,,,,,,,,,,,,,,,,,,,,,,,,,,,,,,,,,,,,,,,,,,,,,,,,,,,,,,,,,,,,,,,,,,,,,,,,,,,,,,,,,,,,,,,,,,,,,,,,,,,,,,,,,,,,,,,,,,,,,,,,,,,,,,,,,,,,,,,,,,,,,,,,,,,,,,,,,,,,,,,,,,,,,,,,,,,,,,,,,,,,,,,,,,,,,,,,,,,,,,,,,,,,,,,,,,,,,,,,,,,,,,,,,,,,,,,,,,,,,,,,,,,,,,,,,,,,,,,,,,,,,,,,,,,,,,,,,,,,,,,,,,,,,,,,,,,,,,,,,,,,,,,,,,,,,,,,,,,,,,,,,,,,,,,,,,,,,,,,,,,,,,,,,,,,,,,,,,,,,,,,,,,,,,,,,,,,,,,,,,,,,,,,,,,,,,,,,,,,,,,,,,,,,,,,,,,,,,,,,,,,,,,,,,,,,,,,,,,,,,,,,,,,,,,,,,,,,,,,,,,,,,,,,,,,,,,,,,,,,,,,,,,,,,,,,,,,,,,,,,,,,,,,,,,,,,,,,,,,,,,,,,,,,,,,,,,,,,,,,,,,,,,,,,,,,,,,,,,,,,,,,,,,,,,,,,,,,,,,,,,,,,,,,,,,,,,,,,,,,,,,,,,,,,,,,,,,,,,,,,,,,,,,,,,,,,,,,,,,,,,,,,,,,,,,,,,,,,,,,,,,,,,,,,,,
2025121315,,,,,,,,,,,,,,,,,,,,,,,,,,,,,,,,,0.311,,,,,,,,,,,,,,,,,,,,,,,,,,,,,,,,,,,,,,,,,,,,,,,,,,,,,,,,,,,,,,,,,,,,,,,,,,,,,,,,,,,,,,,,,,,,,,,,,,,,,,,,,,,,,,,,,,,,,,,,,,,,,,,,,,,,,,,,,,,,,,,,,,,,,,,,,,,,,,,,,,,,,,,,,,,,,,,,,,,,,,,,,,,,,,,,,,,,,,,,,,,,,,,,,,,,,,,,,,,,,,,,,,,,,,,,,,,,,,,,,,,,,,,,,,,,,,,,,,,,,,,,,,,,,,,,,,,,,,,,,,,,,,,,,,,,,,,,,,,,,,,,,,,0.8,2.8,3.6,4.0,4.4,4.8,5.6,5.6,6.0,1.6,6.51609,6.63638,7.53805,8.00959,8.60918,9.54556,10.0955,11.0256,11.7,14.6048,18.8554,6.99171,4.03026,13.0,2.0,2.0,0.0,0.0,0.0,0.0,29.0,,,,,,,,,,,,,,,,,,,,,,,,,,,,,,,,,,,,,,,,,,,,,,,,,,,,,,,,,,,,,,,,,,,,,,,,,,,,,,,,,,,,,,,,,,,,,,,,,,,,,,,,,,,,,,,,,,,,,,,,,,,,,,,,,,,,,,,,,,,,,,,,,,,,,,,,,,,,,,,,,,,,,,,,,,,,,,,,,,,,,,,,,,,,,,,,,,,,,,,,,,,,,,,,,,,,,,,,,,,,,,,,,,,,,,,,,,,,,,,,,,,,,,,,,,,,,,,,,,,,,,,,,,,,,,,,,,,,,,,,,,,,,,,,,,,,,,,,,,,,,,,,,,,,,,0.4,1.6,2.4,2.4,2.8,3.2,3.6,4.0,4.0,0.8,4.4,4.8,5.2,5.6,6.0,6.8,7.2,8.0,8.4,10.1504,12.4716,4.89968,2.66071,3.0,0.0,0.0,0.0,64.0,0.0,33.0,10.0,,,
2025121316,,,,,,,,,,,,,,,,,,,,,,,,,,,,,,,,,0.365,,,,,,,,,,,,,,,,,,,,,,,,,,,,,,,,,,,,,,,,,,,,,,,,,,,,,,,,,,,,,,,,,,,,,,,,,,,,,,,,,,,,,,,,,,,,,,,,,,,,,,,,,,,,,,,,,,,,,,,,,,,,,,,,,,,,,,,,,,,,,,,,,,,,,,,,,,,,,,,,,,,,,,,,,,,,,,,,,,,,,,,,,,,,,,,,,,,,,,,,,,,,,,,,,,,,,,,,,,,,,,,,,,,,,,,,,,,,,,,,,,,,,,,,,,,,,,,,,,,,,,,,,,,,,,,,,,,,,,,,,,,,,,,,,,,,,,,,,,,,,,,,,,,,,,,,,,,,,,,,,,,,,,,,,,,,,,,,,,,,,,,,,,,,,,,,,,,,,,,,,,,,,,,,,,,,,,,,,,,,,,,,,,,,,,,,,,,,,,,,,,,,,,,,,,,,,,,,,,,,,,,,,,,,,,,,,,,,,,,,,,,,,,,,,,,,,,,,,,,,,,,,,,,,,,,,,,,,,,,,,,,,,,,,,,,,,,,,,,,,,,,,,,,,,,,,,,,,,,,,,,,,,,,,,,,,,,,,,,,,,,,,,,,,,,,,,,,,,,,,,,,,,,,,,,,,,,,,,,,,,,,,,,,,,,,,,,,,,,,,,,,,,,,,,,,,,,,,,,,,,,,,,,,,,,,,,,,,,,,,,,,,,,,,,,,,,,,,,,,,,,,,,,,,,,,,,,,,,,,,
2025121317,,,,,,,,,,,,,,,,,,,,,,,,,,,,,,,,,0.372,,,,,,,,,,,,,,,,,,,,,,,,,,,,,,,,,,,,,,,,,,,,,,,,,,,,,,,,,,,,,,,,,,,,,,,,,,,,,,,,,,,,,,,,,,,,,,,,,,,,,,,,,,,,,,,,,,,,,,,,,,,,,,,,,,,,,,,,,,,,,,,,,,,,,,,,,,,,,,,,,,,,,,,,,,,,,,,,,,,,,,,,,,,,,,,,,,,,,,,,,,,,,,,,,,,,,,,,,,,,,,,,,,,,,,,,,,,,,,,,,,,,,,,,,,,,,,,,,,,,,,,,,,,,,,,,,,,,,,,,,,,,,,,,,,,,,,,,,,,,,,,,,,,,,,,,,,,,,,,,,,,,,,,,,,,,,,,,,,,,,,,,,,,,,,,,,,,,,,,,,,,,,,,,,,,,,,,,,,,,,,,,,,,,,,,,,,,,,,,,,,,,,,,,,,,,,,,,,,,,,,,,,,,,,,,,,,,,,,,,,,,,,,,,,,,,,,,,,,,,,,,,,,,,,,,,,,,,,,,,,,,,,,,,,,,,,,,,,,,,,,,,,,,,,,,,,,,,,,,,,,,,,,,,,,,,,,,,,,,,,,,,,,,,,,,,,,,,,,,,,,,,,,,,,,,,,,,,,,,,,,,,,,,,,,,,,,,,,,,,,,,,,,,,,,,,,,,,,,,,,,,,,,,,,,,,,,,,,,,,,,,,,,,,,,,,,,,,,,,,,,,,,,,,,,,,,,,,,,,,
2025121318,4.267,0.0,0.0,0.0,0.0,0.0,0.0,0.023,0.296,0.662,0.0,1.244,1.928,2.732,3.821,4.876,6.086,7.677,10.139,12.873,17.799,28.754,61.0,0.0,10.0,0.0,4.0,41.0,2.0,0.0,24.0,0.0,0.406,,,,,,,,,,,,,,,,,,,,,,,,,,,,,,,,,,,,,,,,,,,,,,,,,,,,,,,,,,,,,,,,,,1.778,0.0,0.0,0.0,0.0,0.0,0.0,0.0,0.0,0.007,0.0,0.118,0.336,0.682,1.124,1.738,2.579,3.541,5.021,6.734,10.038,18.325,47.0,3.0,1.0,25.0,0.0,0.0,0.0,11.0,0.0,0.0,,,,,,,,,,,,,,,,,,,,,,,,,,,,,,,,,269.45,,,,,,,,,,,,,,,,,,,0.041,,,,,,,,,,,,,,,,,,0.061,,,,,,,,,,,,,,,,,,0.005,0.0,0.0,0.0,0.0,0.0,0.02,0.038,15.0,8.0,3.0,1.0,0.0,0.0,0.0,0.0,0.0,0.0,0.079,,,,,,,,,,,,,,,,,,11.0,10.0,,,,,,,,,,,17.0,18.0,17.0,23.0,30.0,41.0,41.0,0.0,0.0,0.0,0.0,0.0,26.1,,270.32,3.16,,14.0,2.0,,0.0,,,,,,,,,,,,,,,,,,,,,,,,,0.0,0.0,0.0,0.0,0.0,0.0,0.0,0.0,0.0,0.0,0.0,0.0,0.0,0.025,,,,,,,,,,,,,13.2,9.999e+20,6.7,0.8,2.0,3.2,3.6,4.0,4.4,4.8,5.6,5.6,1.2,6.0,6.23307,6.66633,7.49588,8.35458,8.86061,9.72999,10.259,12.7727,14.7445,17.5577,6.7466,3.9654,12.0,5.0,2.0,0.0,0.0,0.0,0.0,27.0,3.0,9.999e+20,9.999e+20,9.999e+20,9.999e+20,9.999e+20,,,,,,,,,,,,,,,,,,,,,,,,,,,,,,,,,,,,,,,,,,,,,,,,,,,,,,,,,,,,,,,,,,,,,,,,,,,,,,,,,,,,,,,,,,,,,,,,,,,,,,,,,,,,,,,,,,,,,,,,,,77.0,,0.0,,19.2,0.0,24.4,0.0,,77.0,,,,,,,,,,,,,,,,,,,,,,,,,,,,,,,,,,,,,,,,,,,,,,,,,,,,,,,,,,,,,7.5,0.1,1.3,0.0,4.3,13.6,16.7,18.1,1320.0,240.0,520.0,0.0,1784.0,2056.0,2248.0,2384.0,,,59.0,24.0,,,,,,3.49396,273.79,3.55,,,,,,,,,,,,,,,,,,,,,,,,,,,,,,,272.811,265.697,267.416,267.874,268.951,269.792,270.92,272.027,272.594,273.244,266.9,274.253,274.741,274.806,275.265,275.524,275.809,276.262,276.64,276.765,277.091,277.622,0.0,0.0,0.0,0.0,1.0,31.0,45.0,0.0,9.999e+20,,,220.0,4.7,,,,,,2.0,,,,,,,1024.0,240.0,240.0,240.0,,273.3,4.5,0.4,0.8,1.6,2.0,2.4,2.4,2.8,3.2,3.6,0.4,4.0,4.4,4.8,5.2,5.6,6.0,6.8,7.2,8.4,10.2768,11.6428,4.47306,2.64748,2.0,0.0,0.0,0.0,56.0,0.0,30.0,9.0,4.9,5.7,
2025121319,,,,,,,,,,,,,,,,,,,,,,,,,,,,,,,,,0.384,,,,,,,,,,,,,,,,,,,,,,,,,,,,,,,,,,,,,,,,,,,,,,,,,,,,,,,,,,,,,,,,,,,,,,,,,,,,,,,,,,,,,,,,,,,,,,,,,,,,,,,,,,,,,,,,,,,,,,,,,,,,,,,,,,,,,,,,,,,,,,,,,,,,,,,,,,,,,,,,,,,,,,,,,,,,,,,,,,,,,,,,,,,,,,,,,,,,,,,,,,,,,,,,,,,,,,,,,,,,,,,,,,,,,,,,,,,,,,,,,,,,,,,,,,,,,,,,,,,,,,,,,,,,,,,,,,,,,,,,,,,,,,,,,,,,,,,,,,,,,,,,,,,,,,,,,,,,,,,,,,,,,,,,,,,,,,,,,,,,,,,,,,,,,,,,,,,,,,,,,,,,,,,,,,,,,,,,,,,,,,,,,,,,,,,,,,,,,,,,,,,,,,,,,,,,,,,,,,,,,,,,,,,,,,,,,,,,,,,,,,,,,,,,,,,,,,,,,,,,,,,,,,,,,,,,,,,,,,,,,,,,,,,,,,,,,,,,,,,,,,,,,,,,,,,,,,,,,,,,,,,,,,,,,,,,,,,,,,,,,,,,,,,,,,,,,,,,,,,,,,,,,,,,,,,,,,,,,,,,,,,,,,,,,,,,,,,,,,,,,,,,,,,,,,,,,,,,,,,,,,,,,,,,,,,,,,,,,,,,,,,,,,,,,,,,,,,,,,,,,,,,,,,,,,,,,,,,,,,,
2025121320,,,,,,,,,,,,,,,,,,,,,,,,,,,,,,,,,0.337,,,,,,,,,,,,,,,,,,,,,,,,,,,,,,,,,,,,,,,,,,,,,,,,,,,,,,,,,,,,,,,,,,,,,,,,,,,,,,,,,,,,,,,,,,,,,,,,,,,,,,,,,,,,,,,,,,,,,,,,,,,,,,,,,,,,,,,,,,,,,,,,,,,,,,,,,,,,,,,,,,,,,,,,,,,,,,,,,,,,,,,,,,,,,,,,,,,,,,,,,,,,,,,,,,,,,,,,,,,,,,,,,,,,,,,,,,,,,,,,,,,,,,,,,,,,,,,,,,,,,,,,,,,,,,,,,,,,,,,,,,,,,,,,,,,,,,,,,,,,,,,,,,,,,,,,,,,,,,,,,,,,,,,,,,,,,,,,,,,,,,,,,,,,,,,,,,,,,,,,,,,,,,,,,,,,,,,,,,,,,,,,,,,,,,,,,,,,,,,,,,,,,,,,,,,,,,,,,,,,,,,,,,,,,,,,,,,,,,,,,,,,,,,,,,,,,,,,,,,,,,,,,,,,,,,,,,,,,,,,,,,,,,,,,,,,,,,,,,,,,,,,,,,,,,,,,,,,,,,,,,,,,,,,,,,,,,,,,,,,,,,,,,,,,,,,,,,,,,,,,,,,,,,,,,,,,,,,,,,,,,,,,,,,,,,,,,,,,,,,,,,,,,,,,,,,,,,,,,,,,,,,,,,,,,,,,,,,,,,,,,,,,,,,,,,,,,,,,,,,,,,,,,,,,,,,,,,,,,,,
2025121321,,,,,,,,,,,,,,,,,,,,,,,,,,,,,,,,,0.324,,,,,,,,,,,,,,,,,,,,,,,,,,,,,,,,,,,,,,,,,,,,,,,,,,,,,,,,,,,,,,,,,,,,,,,,,,,,,,,,,,,,,,,,,,,,,,,,,,,,,,,,,,,,,,,,,,,,,,,,,,,,,,,,,,,,,,,,,,,,,,,,,,,,,,,,,,,,,,,,,,,,,,,,,,,,,,,,,,,,,,,,,,,,,,,,,,,,,,,,,,,,,,,,,,,,,,,,,,,,,,,,,,,,,,,,,,,,,,,,,,,,,,,,,,,,,,,,,,,,,,,,,,,,,,,,,,,,,,,,,,,,,,,,,,,,,,,,,,,,,,,,,,,,,,,,,,,,,,,,,,,,,,,,,,,,,,,,,,,,,,,,,,,,,,,,,,,,,,,,,,,,,,,,,,,,,,,,,,,,,,,,,,,,,,,,,,,,,,,,,,,,,,,,,,,,,,,,,,,,,,,,,,,,,,,,,,,,,,,,,,,,,,,,,,,,,,,,,,,,,,,,,,,,,,,,,,,,,,,,,,,,,,,,,,,,,,,,,,,,,,,,,,,,,,,,,,,,,,,,,,,,,,,,,,,,,,,,,,,,,,,,,,,,,,,,,,,,,,,,,,,,,,,,,,,,,,,,,,,,,,,,,,,,,,,,,,,,,,,,,,,,,,,,,,,,,,,,,,,,,,,,,,,,,,,,,,,,,,,,,,,,,,,,,,,,,,,,,,,,,,,,,,,,,,,,,,,,,,,,
2025121322,,,,,,,,,,,,,,,,,,,,,,,,,,,,,,,,,0.308,,,,,,,,,,,,,,,,,,,,,,,,,,,,,,,,,,,,,,,,,,,,,,,,,,,,,,,,,,,,,,,,,,,,,,,,,,,,,,,,,,,,,,,,,,,,,,,,,,,,,,,,,,,,,,,,,,,,,,,,,,,,,,,,,,,,,,,,,,,,,,,,,,,,,,,,,,,,,,,,,,,,,,,,,,,,,,,,,,,,,,,,,,,,,,,,,,,,,,,,,,,,,,,,,,,,,,,,,,,,,,,,,,,,,,,,,,,,,,,,,,,,,,,,,,,,,,,,,,,,,,,,,,,,,,,,,,,,,,,,,,,,,,,,,,,,,,,,,,,,,,,,,,,,,,,,,,,,,,,,,,,,,,,,,,,,,,,,,,,,,,,,,,,,,,,,,,,,,,,,,,,,,,,,,,,,,,,,,,,,,,,,,,,,,,,,,,,,,,,,,,,,,,,,,,,,,,,,,,,,,,,,,,,,,,,,,,,,,,,,,,,,,,,,,,,,,,,,,,,,,,,,,,,,,,,,,,,,,,,,,,,,,,,,,,,,,,,,,,,,,,,,,,,,,,,,,,,,,,,,,,,,,,,,,,,,,,,,,,,,,,,,,,,,,,,,,,,,,,,,,,,,,,,,,,,,,,,,,,,,,,,,,,,,,,,,,,,,,,,,,,,,,,,,,,,,,,,,,,,,,,,,,,,,,,,,,,,,,,,,,,,,,,,,,,,,,,,,,,,,,,,,,,,,,,,,,,,,,,,,
2025121323,,,,,,,,,,,,,,,,,,,,,,,,,,,,,,,,,0.326,,,,,,,,,,,,,,,,,,,,,,,,,,,,,,,,,,,,,,,,,,,,,,,,,,,,,,,,,,,,,,,,,,,,,,,,,,,,,,,,,,,,,,,,,,,,,,,,,,,,,,,,,,,,,,,,,,,,,,,,,,,,,,,,,,,,,,,,,,,,,,,,,,,,,,,,,,,,,,,,,,,,,,,,,,,,,,,,,,,,,,,,,,,,,,,,,,,,,,,,,,,,,,,,,,,,,,,,,,,,,,,,,,,,,,,,,,,,,,,,,,,,,,,,,,,,,,,,,,,,,,,,,,,,,,,,,,,,,,,,,,,,,,,,,,,,,,,,,,,,,,,,,,,,,,,,,,,,,,,,,,,,,,,,,,,,,,,,,,,,,,,,,,,,,,,,,,,,,,,,,,,,,,,,,,,,,,,,,,,,,,,,,,,,,,,,,,,,,,,,,,,,,,,,,,,,,,,,,,,,,,,,,,,,,,,,,,,,,,,,,,,,,,,,,,,,,,,,,,,,,,,,,,,,,,,,,,,,,,,,,,,,,,,,,,,,,,,,,,,,,,,,,,,,,,,,,,,,,,,,,,,,,,,,,,,,,,,,,,,,,,,,,,,,,,,,,,,,,,,,,,,,,,,,,,,,,,,,,,,,,,,,,,,,,,,,,,,,,,,,,,,,,,,,,,,,,,,,,,,,,,,,,,,,,,,,,,,,,,,,,,,,,,,,,,,,,,,,,,,,,,,,,,,,,,,,,,,,,,,,
2025121400,4.16,0.0,0.0,0.0,0.0,0.0,0.0,0.0,0.093,0.46,0.0,0.955,1.564,2.183,3.255,4.317,5.477,7.067,9.516,12.559,18.612,29.226,57.0,0.0,10.0,0.0,5.0,38.0,2.0,0.0,22.0,0.0,0.384,,11.369,0.0,0.0,0.0,0.0,0.136,0.703,1.458,2.644,4.089,0.0,5.693,7.789,9.789,11.869,14.209,16.999,20.473,25.293,31.834,41.464,64.919,73.0,0.0,33.0,0.0,0.0,0.0,15.0,3.0,48.0,0.0,,,,,,,,,,,,,,,,,,,,,,,,,,,,,,,,,1.524,0.0,0.0,0.0,0.0,0.0,0.0,0.0,0.0,0.0,0.0,0.014,0.179,0.492,0.884,1.333,2.165,2.983,4.596,6.928,10.876,19.628,44.0,4.0,1.0,23.0,0.0,0.0,0.0,11.0,0.0,0.0,,,,,,,,,,,,,,,,,,,,,,,,,,,,,,,,,270.67,,,,,,,,,,,,,,,,,,,0.033,0.0,0.0,0.0,0.0,0.033,0.104,0.145,34.0,24.0,16.0,10.0,3.0,0.0,0.0,0.0,0.0,0.0,0.066,0.0,0.0,0.0,0.005,0.066,0.198,0.246,30.0,23.0,16.0,11.0,6.0,2.0,0.0,0.0,0.0,0.0,0.008,0.0,0.0,0.0,0.0,0.0,0.023,0.041,14.0,8.0,2.0,1.0,1.0,1.0,0.0,0.0,0.0,0.0,0.076,0.0,0.0,0.0,0.013,0.071,0.241,0.279,33.0,16.0,12.0,9.0,3.0,0.0,0.0,0.0,0.0,0.0,8.0,7.0,,,,,,,,,,,17.0,18.0,16.0,20.0,32.0,40.0,40.0,0.0,0.0,0.0,0.0,0.0,25.9,,270.86,2.88,,158.0,2.0,,0.0,0.0,0.0,0.0,0.0,0.0,0.0,0.0,1.0,0.0,0.0,0.0,0.0,0.0,0.0,0.0,0.0,0.0,0.0,0.0,2.0,0.0,0.0,0.0,0.0,0.0,0.0,0.0,0.0,0.0,0.0,0.0,0.0,0.0,0.0,0.0,0.0,0.0,0.025,0.0,0.0,0.0,0.0,0.0,0.0,0.0,2.0,0.0,0.0,0.0,0.0,10.0,9.999e+20,4.8,0.4,1.6,2.0,2.4,2.8,2.8,3.2,3.6,4.0,0.8,4.0,4.4,4.8,5.4554,5.64761,6.11383,6.63564,7.26159,8.24961,12.7002,14.675,4.75492,3.17373,7.0,1.0,1.0,0.0,0.0,0.0,0.0,10.0,3.0,9.999e+20,9.999e+20,9.999e+20,9.999e+20,9.999e+20,,,,,,,,,,,,,,,,,,,,,,,,,,,,,,,,,,,,,,,,,,,,,,,,,,,,,,,,,,,,,,,,,,,,,,,,,,,,,,,,,,,,,,,,,,,,,,,,,,,,,,,,,,,,,,,,,,,,,,,,,,,,0.0,3.0,18.0,0.0,24.4,0.0,,79.0,,,,,,,,,,,,,,,,,,,,,,,,,,,,,,,,,,,,,,,,,,,,,,,,,,,,,,,,,,,,,7.5,0.2,1.4,0.0,4.8,12.3,16.5,17.6,1288.0,264.0,504.0,160.0,1368.0,2000.0,2168.0,2312.0,,,61.0,23.0,,275.8,4.76,,,,274.0,3.98,,,,,,,,,,,,,,,,,,,,,,,,,,,,,,,,,,,,,,,,,,,,,,,,,,,,,,,,,,,,,9.999e+20,,,220.0,5.0,14.0,,,,,2.0,,,,,,,564.0,250.0,250.0,250.0,,272.8,3.2,0.0,0.8,0.8,1.2,1.6,1.6,2.0,2.0,2.4,0.4,2.4,2.8,3.2,3.6,3.6,4.0,4.4,4.8,5.6,8.4,10.5408,3.22453,2.10828,0.0,0.0,0.0,0.0,35.0,0.0,9.0,2.0,3.6,4.0,
2025121401,,,,,,,,,,,,,,,,,,,,,,,,,,,,,,,,,0.372,,,,,,,,,,,,,,,,,,,,,,,,,,,,,,,,,,,,,,,,,,,,,,,,,,,,,,,,,,,,,,,,,,,,,,,,,,,,,,,,,,,,,,,,,,,,,,,,,,,,,,,,,,,,,,,,,,,,,,,,,,,,,,,,,,,,,,,,,,,,,,,,,,,,,,,,,,,,,,,,,,,,,,,,,,,,,,,,,,,,,,,,,,,,,,,,,,,,,,,,,,,,,,,,,,,,,,,,,,,,,,,,,,,,,,,,,,,,,,,,,,,,,,,,,,,,,,,,,,,,,,,,,,,,,,,,,,,,,,,,,,,,,,,,,,,,,,,,,,,,,,,,,,,,,,,,,,,,,,,,,,,,,,,,,,,,,,,,,,,,,,,,,,,,,,,,,,,,,,,,,,,,,,,,,,,,,,,,,,,,,,,,,,,,,,,,,,,,,,,,,,,,,,,,,,,,,,,,,,,,,,,,,,,,,,,,,,,,,,,,,,,,,,,,,,,,,,,,,,,,,,,,,,,,,,,,,,,,,,,,,,,,,,,,,,,,,,,,,,,,,,,,,,,,,,,,,,,,,,,,,,,,,,,,,,,,,,,,,,,,,,,,,,,,,,,,,,,,,,,,,,,,,,,,,,,,,,,,,,,,,,,,,,,,,,,,,,,,,,,,,,,,,,,,,,,,,,,,,,,,,,,,,,,,,,,,,,,,,,,,,,,,,,,,,,,,,,,,,,,,,,,,,,,,,,,,,,,,,,,,
2025121402,,,,,,,,,,,,,,,,,,,,,,,,,,,,,,,,,0.326,,,,,,,,,,,,,,,,,,,,,,,,,,,,,,,,,,,,,,,,,,,,,,,,,,,,,,,,,,,,,,,,,,,,,,,,,,,,,,,,,,,,,,,,,,,,,,,,,,,,,,,,,,,,,,,,,,,,,,,,,,,,,,,,,,,,,,,,,,,,,,,,,,,,,,,,,,,,,,,,,,,,,,,,,,,,,,,,,,,,,,,,,,,,,,,,,,,,,,,,,,,,,,,,,,,,,,,,,,,,,,,,,,,,,,,,,,,,,,,,,,,,,,,,,,,,,,,,,,,,,,,,,,,,,,,,,,,,,,,,,,,,,,,,,,,,,,,,,,,,,,,,,,,,,,,,,,,,,,,,,,,,,,,,,,,,,,,,,,,,,,,,,,,,,,,,,,,,,,,,,,,,,,,,,,,,,,,,,,,,,,,,,,,,,,,,,,,,,,,,,,,,,,,,,,,,,,,,,,,,,,,,,,,,,,,,,,,,,,,,,,,,,,,,,,,,,,,,,,,,,,,,,,,,,,,,,,,,,,,,,,,,,,,,,,,,,,,,,,,,,,,,,,,,,,,,,,,,,,,,,,,,,,,,,,,,,,,,,,,,,,,,,,,,,,,,,,,,,,,,,,,,,,,,,,,,,,,,,,,,,,,,,,,,,,,,,,,,,,,,,,,,,,,,,,,,,,,,,,,,,,,,,,,,,,,,,,,,,,,,,,,,,,,,,,,,,,,,,,,,,,,,,,,,,,,,,,,,,,,,
2025121403,,,,,,,,,,,,,,,,,,,,,,,,,,,,,,,,,0.291,,,,,,,,,,,,,,,,,,,,,,,,,,,,,,,,,,,,,,,,,,,,,,,,,,,,,,,,,,,,,,,,,,,,,,,,,,,,,,,,,,,,,,,,,,,,,,,,,,,,,,,,,,,,,,,,,,,,,,,,,,,,,,,,,,,,,,,,,,,,,,,,,,,,,,,,,,,,,,,,,,,,,,,,,,,,,,,,,,,,,,,,,,,,,,,,,,,,,,,,,,,,,,,,,,,,,,,,,,,,,,,,,,,,,,,,,,,,,,,,,,,,,,,,,,,,,,,,,,,,,,,,,,,,,,,,,,,,,,,,,,,,,,,,,,,,,,,,,,,,,,,,,,,,,,,,,,,,,,,,,,,,,,,,,,,,,,,,,,,,,,,,,,,,,,,,,,,,,,,,,,,,,,,,,,,,,,,,,,,,,,,,,,,,,,,,,,,,,,,,,,,,,,,,,,,,,,,,,,,,,,,,,,,,,,,,,,,,,,,,,,,,,,,,,,,,,,,,,,,,,,,,,,,,,,,,,,,,,,,,,,,,,,,,,,,,,,,,,,,,,,,,,,,,,,,,,,,,,,,,,,,,,,,,,,,,,,,,,,,,,,,,,,,,,,,,,,,,,,,,,,,,,,,,,,,,,,,,,,,,,,,,,,,,,,,,,,,,,,,,,,,,,,,,,,,,,,,,,,,,,,,,,,,,,,,,,,,,,,,,,,,,,,,,,,,,,,,,,,,,,,,,,,,,,,,,,,,,,,,,
2025121404,,,,,,,,,,,,,,,,,,,,,,,,,,,,,,,,,0.285,,,,,,,,,,,,,,,,,,,,,,,,,,,,,,,,,,,,,,,,,,,,,,,,,,,,,,,,,,,,,,,,,,,,,,,,,,,,,,,,,,,,,,,,,,,,,,,,,,,,,,,,,,,,,,,,,,,,,,,,,,,,,,,,,,,,,,,,,,,,,,,,,,,,,,,,,,,,,,,,,,,,,,,,,,,,,,,,,,,,,,,,,,,,,,,,,,,,,,,,,,,,,,,,,,,,,,,,,,,,,,,,,,,,,,,,,,,,,,,,,,,,,,,,,,,,,,,,,,,,,,,,,,,,,,,,,,,,,,,,,,,,,,,,,,,,,,,,,,,,,,,,,,,,,,,,,,,,,,,,,,,,,,,,,,,,,,,,,,,,,,,,,,,,,,,,,,,,,,,,,,,,,,,,,,,,,,,,,,,,,,,,,,,,,,,,,,,,,,,,,,,,,,,,,,,,,,,,,,,,,,,,,,,,,,,,,,,,,,,,,,,,,,,,,,,,,,,,,,,,,,,,,,,,,,,,,,,,,,,,,,,,,,,,,,,,,,,,,,,,,,,,,,,,,,,,,,,,,,,,,,,,,,,,,,,,,,,,,,,,,,,,,,,,,,,,,,,,,,,,,,,,,,,,,,,,,,,,,,,,,,,,,,,,,,,,,,,,,,,,,,,,,,,,,,,,,,,,,,,,,,,,,,,,,,,,,,,,,,,,,,,,,,,,,,,,,,,,,,,,,,,,,,,,,,,,,,,,,,,,
2025121405,,,,,,,,,,,,,,,,,,,,,,,,,,,,,,,,,0.304,,,,,,,,,,,,,,,,,,,,,,,,,,,,,,,,,,,,,,,,,,,,,,,,,,,,,,,,,,,,,,,,,,,,,,,,,,,,,,,,,,,,,,,,,,,,,,,,,,,,,,,,,,,,,,,,,,,,,,,,,,,,,,,,,,,,,,,,,,,,,,,,,,,,,,,,,,,,,,,,,,,,,,,,,,,,,,,,,,,,,,,,,,,,,,,,,,,,,,,,,,,,,,,,,,,,,,,,,,,,,,,,,,,,,,,,,,,,,,,,,,,,,,,,,,,,,,,,,,,,,,,,,,,,,,,,,,,,,,,,,,,,,,,,,,,,,,,,,,,,,,,,,,,,,,,,,,,,,,,,,,,,,,,,,,,,,,,,,,,,,,,,,,,,,,,,,,,,,,,,,,,,,,,,,,,,,,,,,,,,,,,,,,,,,,,,,,,,,,,,,,,,,,,,,,,,,,,,,,,,,,,,,,,,,,,,,,,,,,,,,,,,,,,,,,,,,,,,,,,,,,,,,,,,,,,,,,,,,,,,,,,,,,,,,,,,,,,,,,,,,,,,,,,,,,,,,,,,,,,,,,,,,,,,,,,,,,,,,,,,,,,,,,,,,,,,,,,,,,,,,,,,,,,,,,,,,,,,,,,,,,,,,,,,,,,,,,,,,,,,,,,,,,,,,,,,,,,,,,,,,,,,,,,,,,,,,,,,,,,,,,,,,,,,,,,,,,,,,,,,,,,,,,,,,,,,,,,,,,,,
2025121406,3.856,0.0,0.0,0.0,0.0,0.0,0.0,0.0,0.0,0.166,0.0,0.512,1.2,1.776,2.704,3.927,5.396,7.239,9.37,12.156,17.291,27.997,54.0,0.0,9.0,0.0,4.0,36.0,2.0,0.0,22.0,0.0,0.321,,,,,,,,,,,,,,,,,,,,,,,,,,,,,,,,,,,,,,,,,,,,,,,,,,,,,,,,,,,,,,,,,,1.27,0.0,0.0,0.0,0.0,0.0,0.0,0.0,0.0,0.0,0.0,0.027,0.218,0.529,0.963,1.568,2.412,3.547,4.71,6.3,8.569,12.583,44.0,1.0,0.0,24.0,0.0,0.0,0.0,10.0,0.0,0.0,,,,,,,,,,,,,,,,,,,,,,,,,,,,,,,,,268.72,,,,,,,,,,,,,,,,,,,0.028,,,,,,,,,,,,,,,,,,0.066,,,,,,,,,,,,,,,,,,0.005,0.0,0.0,0.0,0.0,0.0,0.015,0.036,13.0,6.0,3.0,2.0,0.0,0.0,0.0,0.0,0.0,0.0,0.079,,,,,,,,,,,,,,,,,,1.0,1.0,,,,,,,,,,,17.0,18.0,17.0,22.0,31.0,37.0,37.0,0.0,0.0,0.0,0.0,0.0,25.5,,267.74,3.58,,0.0,1.0,,0.0,,,,,,,,,,,,,,,,,,,,,,,,,0.0,0.0,0.0,0.0,0.0,0.0,0.0,0.0,0.0,0.0,0.0,0.0,0.0,0.025,,,,,,,,,,,,,12.0,9.999e+20,6.2,1.2,2.4,2.8,3.2,3.6,3.6,4.4,4.4,5.2,2.0,5.33685,5.47477,6.3103,6.80267,7.26693,7.77485,8.37537,9.76039,11.3291,13.6248,17.8606,6.1954,3.85163,11.0,2.0,2.0,0.0,0.0,0.0,0.0,19.0,3.0,9.999e+20,9.999e+20,9.999e+20,9.999e+20,9.999e+20,,,,,,,,,,,,,,,,,,,,,,,,,,,,,,,,,,,,,,,,,,,,,,,,,,,,,,,,,,,,,,,,,,,,,,,,,,,,,,,,,,,,,,,,,,,,,,,,,,,,,,,,,,,,,,,,,,,,,,,,,,,68.0,0.0,,25.2,0.0,20.4,0.0,,68.0,,,,,,,,,,,,,,,,,,,,,,,,,,,,,,,,,,,,,,,,,,,,,,,,,,,,,,,,,,,,,7.1,0.5,1.3,0.0,4.9,12.1,15.6,17.6,1248.0,0.0,520.0,0.0,1376.0,2032.0,2192.0,2344.0,,,69.0,14.0,,,,,,3.53229,272.78,3.99,276.145,269.848,271.053,271.79,272.035,272.966,273.789,275.731,276.18,276.784,270.429,276.971,277.117,277.571,277.522,277.978,278.383,278.548,279.558,279.707,280.968,283.663,0.0,8.0,26.0,0.0,0.0,0.0,0.0,0.0,,,,,,,,,,,,,,,,,,,,,,,,,,,,,,,9.999e+20,,,210.0,4.4,,,,,,1.0,,,,,,,561.0,230.0,230.0,230.0,,271.5,4.1,0.4,1.2,1.6,2.0,2.0,2.4,2.4,2.8,3.2,0.8,3.6,4.0,4.4,4.8,5.2,5.6,6.4,7.2,8.0,8.8,11.0136,4.11873,2.68543,0.0,0.0,0.0,0.0,51.0,0.0,24.0,7.0,4.5,5.3,
2025121407,,,,,,,,,,,,,,,,,,,,,,,,,,,,,,,,,0.302,,,,,,,,,,,,,,,,,,,,,,,,,,,,,,,,,,,,,,,,,,,,,,,,,,,,,,,,,,,,,,,,,,,,,,,,,,,,,,,,,,,,,,,,,,,,,,,,,,,,,,,,,,,,,,,,,,,,,,,,,,,,,,,,,,,,,,,,,,,,,,,,,,,,,,,,,,,,,,,,,,,,,,,,,,,,,,,,,,,,,,,,,,,,,,,,,,,,,,,,,,,,,,,,,,,,,,,,,,,,,,,,,,,,,,,,,,,,,,,,,,,,,,,,,,,,,,,,,,,,,,,,,,,,,,,,,,,,,,,,,,,,,,,,,,,,,,,,,,,,,,,,,,,,,,,,,,,,,,,,,,,,,,,,,,,,,,,,,,,,,,,,,,,,,,,,,,,,,,,,,,,,,,,,,,,,,,,,,,,,,,,,,,,,,,,,,,,,,,,,,,,,,,,,,,,,,,,,,,,,,,,,,,,,,,,,,,,,,,,,,,,,,,,,,,,,,,,,,,,,,,,,,,,,,,,,,,,,,,,,,,,,,,,,,,,,,,,,,,,,,,,,,,,,,,,,,,,,,,,,,,,,,,,,,,,,,,,,,,,,,,,,,,,,,,,,,,,,,,,,,,,,,,,,,,,,,,,,,,,,,,,,,,,,,,,,,,,,,,,,,,,,,,,,,,,,,,,,,,,,,,,,,,,,,,,,,,,,,,,,,,,,,,,,,,,,,,,,,,,,,,,,,,,,,,,,,,,,,,,,
2025121408,,,,,,,,,,,,,,,,,,,,,,,,,,,,,,,,,0.344,,,,,,,,,,,,,,,,,,,,,,,,,,,,,,,,,,,,,,,,,,,,,,,,,,,,,,,,,,,,,,,,,,,,,,,,,,,,,,,,,,,,,,,,,,,,,,,,,,,,,,,,,,,,,,,,,,,,,,,,,,,,,,,,,,,,,,,,,,,,,,,,,,,,,,,,,,,,,,,,,,,,,,,,,,,,,,,,,,,,,,,,,,,,,,,,,,,,,,,,,,,,,,,,,,,,,,,,,,,,,,,,,,,,,,,,,,,,,,,,,,,,,,,,,,,,,,,,,,,,,,,,,,,,,,,,,,,,,,,,,,,,,,,,,,,,,,,,,,,,,,,,,,,,,,,,,,,,,,,,,,,,,,,,,,,,,,,,,,,,,,,,,,,,,,,,,,,,,,,,,,,,,,,,,,,,,,,,,,,,,,,,,,,,,,,,,,,,,,,,,,,,,,,,,,,,,,,,,,,,,,,,,,,,,,,,,,,,,,,,,,,,,,,,,,,,,,,,,,,,,,,,,,,,,,,,,,,,,,,,,,,,,,,,,,,,,,,,,,,,,,,,,,,,,,,,,,,,,,,,,,,,,,,,,,,,,,,,,,,,,,,,,,,,,,,,,,,,,,,,,,,,,,,,,,,,,,,,,,,,,,,,,,,,,,,,,,,,,,,,,,,,,,,,,,,,,,,,,,,,,,,,,,,,,,,,,,,,,,,,,,,,,,,,,,,,,,,,,,,,,,,,,,,,,,,,,,,,,,,,
2025121409,,,,,,,,,,,,,,,,,,,,,,,,,,,,,,,,,0.334,,,,,,,,,,,,,,,,,,,,,,,,,,,,,,,,,,,,,,,,,,,,,,,,,,,,,,,,,,,,,,,,,,,,,,,,,,,,,,,,,,,,,,,,,,,,,,,,,,,,,,,,,,,,,,,,,,,,,,,,,,,,,,,,,,,,,,,,,,,,,,,,,,,,,,,,,,,,,,,,,,,,,,,,,,,,,,,,,,,,,,,,,,,,,,,,,,,,,,,,,,,,,,,,,,,,,,,,,,,,,,,,,,,,,,,,,,,,,,,,,,,,,,,,,,,,,,,,,,,,,,,,,,,,,,,,,,,,,,,,,,,,,,,,,,,,,,,,,,,,,,,,,,,,,,,,,,,,,,,,,,,,,,,,,,,,,,,,,,,,,,,,,,,,,,,,,,,,,,,,,,,,,,,,,,,,,,,,,,,,,,,,,,,,,,,,,,,,,,,,,,,,,,,,,,,,,,,,,,,,,,,,,,,,,,,,,,,,,,,,,,,,,,,,,,,,,,,,,,,,,,,,,,,,,,,,,,,,,,,,,,,,,,,,,,,,,,,,,,,,,,,,,,,,,,,,,,,,,,,,,,,,,,,,,,,,,,,,,,,,,,,,,,,,,,,,,,,,,,,,,,,,,,,,,,,,,,,,,,,,,,,,,,,,,,,,,,,,,,,,,,,,,,,,,,,,,,,,,,,,,,,,,,,,,,,,,,,,,,,,,,,,,,,,,,,,,,,,,,,,,,,,,,,,,,,,,,,,,,,,
2025121410,,,,,,,,,,,,,,,,,,,,,,,,,,,,,,,,,0.357,,,,,,,,,,,,,,,,,,,,,,,,,,,,,,,,,,,,,,,,,,,,,,,,,,,,,,,,,,,,,,,,,,,,,,,,,,,,,,,,,,,,,,,,,,,,,,,,,,,,,,,,,,,,,,,,,,,,,,,,,,,,,,,,,,,,,,,,,,,,,,,,,,,,,,,,,,,,,,,,,,,,,,,,,,,,,,,,,,,,,,,,,,,,,,,,,,,,,,,,,,,,,,,,,,,,,,,,,,,,,,,,,,,,,,,,,,,,,,,,,,,,,,,,,,,,,,,,,,,,,,,,,,,,,,,,,,,,,,,,,,,,,,,,,,,,,,,,,,,,,,,,,,,,,,,,,,,,,,,,,,,,,,,,,,,,,,,,,,,,,,,,,,,,,,,,,,,,,,,,,,,,,,,,,,,,,,,,,,,,,,,,,,,,,,,,,,,,,,,,,,,,,,,,,,,,,,,,,,,,,,,,,,,,,,,,,,,,,,,,,,,,,,,,,,,,,,,,,,,,,,,,,,,,,,,,,,,,,,,,,,,,,,,,,,,,,,,,,,,,,,,,,,,,,,,,,,,,,,,,,,,,,,,,,,,,,,,,,,,,,,,,,,,,,,,,,,,,,,,,,,,,,,,,,,,,,,,,,,,,,,,,,,,,,,,,,,,,,,,,,,,,,,,,,,,,,,,,,,,,,,,,,,,,,,,,,,,,,,,,,,,,,,,,,,,,,,,,,,,,,,,,,,,,,,,,,,,,,,,,
2025121411,,,,,,,,,,,,,,,,,,,,,,,,,,,,,,,,,0.321,,,,,,,,,,,,,,,,,,,,,,,,,,,,,,,,,,,,,,,,,,,,,,,,,,,,,,,,,,,,,,,,,,,,,,,,,,,,,,,,,,,,,,,,,,,,,,,,,,,,,,,,,,,,,,,,,,,,,,,,,,,,,,,,,,,,,,,,,,,,,,,,,,,,,,,,,,,,,,,,,,,,,,,,,,,,,,,,,,,,,,,,,,,,,,,,,,,,,,,,,,,,,,,,,,,,,,,,,,,,,,,,,,,,,,,,,,,,,,,,,,,,,,,,,,,,,,,,,,,,,,,,,,,,,,,,,,,,,,,,,,,,,,,,,,,,,,,,,,,,,,,,,,,,,,,,,,,,,,,,,,,,,,,,,,,,,,,,,,,,,,,,,,,,,,,,,,,,,,,,,,,,,,,,,,,,,,,,,,,,,,,,,,,,,,,,,,,,,,,,,,,,,,,,,,,,,,,,,,,,,,,,,,,,,,,,,,,,,,,,,,,,,,,,,,,,,,,,,,,,,,,,,,,,,,,,,,,,,,,,,,,,,,,,,,,,,,,,,,,,,,,,,,,,,,,,,,,,,,,,,,,,,,,,,,,,,,,,,,,,,,,,,,,,,,,,,,,,,,,,,,,,,,,,,,,,,,,,,,,,,,,,,,,,,,,,,,,,,,,,,,,,,,,,,,,,,,,,,,,,,,,,,,,,,,,,,,,,,,,,,,,,,,,,,,,,,,,,,,,,,,,,,,,,,,,,,,,,,,,,
2025121412,4.076,0.0,0.0,0.0,0.0,0.0,0.0,0.0,0.041,0.382,0.0,0.978,1.857,3.003,3.932,4.978,6.31,7.876,9.836,12.601,16.625,22.762,56.0,0.0,10.0,0.0,3.0,42.0,1.0,0.0,25.0,0.0,0.398,,10.06,0.0,0.0,0.0,0.0,0.0,0.175,1.043,2.023,3.328,0.0,5.0,6.66,8.543,10.657,12.769,15.294,18.613,23.036,28.234,35.909,57.529,69.0,0.0,30.0,0.0,0.0,0.0,12.0,2.0,46.0,0.0,21.021,0.0,0.304,1.556,3.02,4.87,6.767,8.827,11.26,13.639,0.0,15.904,18.07,20.722,23.537,27.258,30.671,34.571,41.197,47.358,61.353,92.613,57.0,0.0,82.0,0.0,32.0,0.0,0.0,0.0,9.0,3.0,1.778,0.0,0.0,0.0,0.0,0.0,0.0,0.0,0.0,0.0,0.0,0.255,0.711,1.189,1.793,2.493,3.351,4.213,5.396,7.106,10.104,14.776,50.0,2.0,0.0,30.0,0.0,0.0,0.0,12.0,0.0,0.0,32.436,0.185,6.271,9.366,11.853,14.265,16.767,18.992,21.386,24.382,3.342,27.235,29.932,32.81,36.028,39.922,43.395,48.805,54.804,64.332,80.536,131.583,1.0,0.0,53.0,0.0,0.0,19.0,0.0,90.0,0.0,6.0,269.1,,,,,,,,,,,,,,,,,,,0.028,0.0,0.0,0.0,0.0,0.01,0.109,0.178,27.0,18.0,14.0,7.0,4.0,1.0,1.0,1.0,0.0,0.0,0.066,0.0,0.0,0.0,0.005,0.094,0.213,0.272,30.0,25.0,19.0,11.0,7.0,2.0,0.0,0.0,0.0,0.0,0.008,0.0,0.0,0.0,0.0,0.0,0.013,0.084,17.0,7.0,5.0,4.0,2.0,1.0,0.0,0.0,0.0,0.0,0.086,0.0,0.0,0.0,0.01,0.109,0.259,0.348,32.0,20.0,14.0,10.0,4.0,1.0,1.0,0.0,0.0,0.0,2.0,3.0,,,,,,,,,,,17.0,20.0,17.0,26.0,33.0,34.0,34.0,0.0,0.0,0.0,0.0,0.0,26.4,,267.25,4.35,,0.0,1.0,,0.0,0.0,0.0,0.0,0.0,0.0,0.0,0.0,0.0,0.0,0.0,0.0,0.0,0.0,0.0,0.0,0.0,0.0,0.0,0.0,1.0,0.0,0.0,0.0,0.0,0.0,0.0,0.0,0.0,0.0,0.0,0.0,0.0,0.0,0.0,0.0,0.0,0.0,0.025,0.0,0.0,0.0,0.0,0.0,0.0,0.0,2.0,0.0,0.0,0.0,0.0,14.0,9.999e+20,6.1,1.6,2.8,3.2,3.2,3.6,4.0,4.4,4.80555,5.2729,2.4,5.32379,5.77629,6.62496,7.08448,7.63326,8.0999,9.50345,9.80196,10.8255,12.2422,16.7496,6.47891,3.58836,8.0,2.0,1.0,0.0,0.0,0.0,0.0,23.0,3.0,9.999e+20,9.999e+20,9.999e+20,9.999e+20,9.999e+20,,,,,,,,,,,,,,,,,,,,,,,,,,,,,,,,,,,,,,,,,,,,,,,,,,,,,,,,,,,,,,,,,,,,,,,,,,,,,,,,,,,,,,,,,,,,,,,,,,,,,,,,,,,,,,,,,,,,,,,,,,,,0.0,3.0,31.2,0.0,27.6,0.0,,64.0,,,,,,,,,,,,,,,,,,,,,,,,,,,,,,,,,,,,,,,,,,,,,,,,,,,,,,,,,,,,,7.0,0.4,2.1,0.0,5.3,10.4,16.2,17.7,1280.0,0.0,528.0,0.0,1456.0,2000.0,2256.0,2504.0,,,70.0,25.0,,,,271.64,4.51,,273.19,4.55,,,,,,,,,,,,,,,,,,,,,,,,,,,,,,,,,,,,,,,,,,,,,,,,,,,,,,,,,,,,,9.999e+20,,,180.0,4.5,11.0,,,,,0.0,,,,,,,531.0,220.0,220.0,220.0,,271.6,4.5,0.8,1.6,2.0,2.0,2.4,2.4,2.8,3.2,3.6,1.2,3.6,4.0,4.4,5.2,5.2,6.0,6.8,7.6,7.6,8.69569,10.6209,4.46995,2.57378,1.0,1.0,0.0,0.0,52.0,0.0,26.0,4.0,4.9,5.3,
2025121413,,,,,,,,,,,,,,,,,,,,,,,,,,,,,,,,,0.393,,,,,,,,,,,,,,,,,,,,,,,,,,,,,,,,,,,,,,,,,,,,,,,,,,,,,,,,,,,,,,,,,,,,,,,,,,,,,,,,,,,,,,,,,,,,,,,,,,,,,,,,,,,,,,,,,,,,,,,,,,,,,,,,,,,,,,,,,,,,,,,,,,,,,,,,,,,,,,,,,,,,,,,,,,,,,,,,,,,,,,,,,,,,,,,,,,,,,,,,,,,,,,,,,,,,,,,,,,,,,,,,,,,,,,,,,,,,,,,,,,,,,,,,,,,,,,,,,,,,,,,,,,,,,,,,,,,,,,,,,,,,,,,,,,,,,,,,,,,,,,,,,,,,,,,,,,,,,,,,,,,,,,,,,,,,,,,,,,,,,,,,,,,,,,,,,,,,,,,,,,,,,,,,,,,,,,,,,,,,,,,,,,,,,,,,,,,,,,,,,,,,,,,,,,,,,,,,,,,,,,,,,,,,,,,,,,,,,,,,,,,,,,,,,,,,,,,,,,,,,,,,,,,,,,,,,,,,,,,,,,,,,,,,,,,,,,,,,,,,,,,,,,,,,,,,,,,,,,,,,,,,,,,,,,,,,,,,,,,,,,,,,,,,,,,,,,,,,,,,,,,,,,,,,,,,,,,,,,,,,,,,,,,,,,,,,,,,,,,,,,,,,,,,,,,,,,,,,,,,,,,,,,,,,,,,,,,,,,,,,,,,,,,,,,,,,,,,,,,,,,,,,,,,,,,,,,,,,,,,
2025121414,,,,,,,,,,,,,,,,,,,,,,,,,,,,,,,,,0.383,,,,,,,,,,,,,,,,,,,,,,,,,,,,,,,,,,,,,,,,,,,,,,,,,,,,,,,,,,,,,,,,,,,,,,,,,,,,,,,,,,,,,,,,,,,,,,,,,,,,,,,,,,,,,,,,,,,,,,,,,,,,,,,,,,,,,,,,,,,,,,,,,,,,,,,,,,,,,,,,,,,,,,,,,,,,,,,,,,,,,,,,,,,,,,,,,,,,,,,,,,,,,,,,,,,,,,,,,,,,,,,,,,,,,,,,,,,,,,,,,,,,,,,,,,,,,,,,,,,,,,,,,,,,,,,,,,,,,,,,,,,,,,,,,,,,,,,,,,,,,,,,,,,,,,,,,,,,,,,,,,,,,,,,,,,,,,,,,,,,,,,,,,,,,,,,,,,,,,,,,,,,,,,,,,,,,,,,,,,,,,,,,,,,,,,,,,,,,,,,,,,,,,,,,,,,,,,,,,,,,,,,,,,,,,,,,,,,,,,,,,,,,,,,,,,,,,,,,,,,,,,,,,,,,,,,,,,,,,,,,,,,,,,,,,,,,,,,,,,,,,,,,,,,,,,,,,,,,,,,,,,,,,,,,,,,,,,,,,,,,,,,,,,,,,,,,,,,,,,,,,,,,,,,,,,,,,,,,,,,,,,,,,,,,,,,,,,,,,,,,,,,,,,,,,,,,,,,,,,,,,,,,,,,,,,,,,,,,,,,,,,,,,,,,,,,,,,,,,,,,,,,,,,,,,,,,,,,,,,,
2025121415,,,,,,,,,,,,,,,,,,,,,,,,,,,,,,,,,0.41,,,,,,,,,,,,,,,,,,,,,,,,,,,,,,,,,,,,,,,,,,,,,,,,,,,,,,,,,,,,,,,,,,,,,,,,,,,,,,,,,,,,,,,,,,,,,,,,,,,,,,,,,,,,,,,,,,,,,,,,,,,,,,,,,,,,,,,,,,,,,,,,,,,,,,,,,,,,,,,,,,,,,,,,,,,,,,,,,,,,,,,,,,,,,,,,,,,,,,,,,,,,,,,,,,,,,,,,,,,,,,,,,,,,,,,,,,,,,,,,,,,,,,,,,,,,,,,,,,,,,,,,,,,,,,,,,,,,,,,,,,,,,,,,,,,,,,,,,,,,,,,,,,,,,,,,,,,,,,,,,,,,,,,,,,,,,,,,,,,,,,,,,,,,,,,,,,,,,,,,,,,,,,,,,,,,,,,,,,,,,,,,,,,,,,,,,,,,,,,,,,,,,,,,,,,,,,,,,,,,,,,,,,,,,,,,,,,,,,,,,,,,,,,,,,,,,,,,,,,,,,,,,,,,,,,,,,,,,,,,,,,,,,,,,,,,,,,,,,,,,,,,,,,,,,,,,,,,,,,,,,,,,,,,,,,,,,,,,,,,,,,,,,,,,,,,,,,,,,,,,,,,,,,,,,,,,,,,,,,,,,,,,,,,,,,,,,,,,,,,,,,,,,,,,,,,,,,,,,,,,,,,,,,,,,,,,,,,,,,,,,,,,,,,,,,,,,,,,,,,,,,,,,,,,,,,,,,,,,,,
2025121416,,,,,,,,,,,,,,,,,,,,,,,,,,,,,,,,,0.517,,,,,,,,,,,,,,,,,,,,,,,,,,,,,,,,,,,,,,,,,,,,,,,,,,,,,,,,,,,,,,,,,,,,,,,,,,,,,,,,,,,,,,,,,,,,,,,,,,,,,,,,,,,,,,,,,,,,,,,,,,,,,,,,,,,,,,,,,,,,,,,,,,,,,,,,,,,,,,,,,,,,,,,,,,,,,,,,,,,,,,,,,,,,,,,,,,,,,,,,,,,,,,,,,,,,,,,,,,,,,,,,,,,,,,,,,,,,,,,,,,,,,,,,,,,,,,,,,,,,,,,,,,,,,,,,,,,,,,,,,,,,,,,,,,,,,,,,,,,,,,,,,,,,,,,,,,,,,,,,,,,,,,,,,,,,,,,,,,,,,,,,,,,,,,,,,,,,,,,,,,,,,,,,,,,,,,,,,,,,,,,,,,,,,,,,,,,,,,,,,,,,,,,,,,,,,,,,,,,,,,,,,,,,,,,,,,,,,,,,,,,,,,,,,,,,,,,,,,,,,,,,,,,,,,,,,,,,,,,,,,,,,,,,,,,,,,,,,,,,,,,,,,,,,,,,,,,,,,,,,,,,,,,,,,,,,,,,,,,,,,,,,,,,,,,,,,,,,,,,,,,,,,,,,,,,,,,,,,,,,,,,,,,,,,,,,,,,,,,,,,,,,,,,,,,,,,,,,,,,,,,,,,,,,,,,,,,,,,,,,,,,,,,,,,,,,,,,,,,,,,,,,,,,,,,,,,,,,,,,
2025121417,,,,,,,,,,,,,,,,,,,,,,,,,,,,,,,,,0.562,,,,,,,,,,,,,,,,,,,,,,,,,,,,,,,,,,,,,,,,,,,,,,,,,,,,,,,,,,,,,,,,,,,,,,,,,,,,,,,,,,,,,,,,,,,,,,,,,,,,,,,,,,,,,,,,,,,,,,,,,,,,,,,,,,,,,,,,,,,,,,,,,,,,,,,,,,,,,,,,,,,,,,,,,,,,,,,,,,,,,,,,,,,,,,,,,,,,,,,,,,,,,,,,,,,,,,,,,,,,,,,,,,,,,,,,,,,,,,,,,,,,,,,,,,,,,,,,,,,,,,,,,,,,,,,,,,,,,,,,,,,,,,,,,,,,,,,,,,,,,,,,,,,,,,,,,,,,,,,,,,,,,,,,,,,,,,,,,,,,,,,,,,,,,,,,,,,,,,,,,,,,,,,,,,,,,,,,,,,,,,,,,,,,,,,,,,,,,,,,,,,,,,,,,,,,,,,,,,,,,,,,,,,,,,,,,,,,,,,,,,,,,,,,,,,,,,,,,,,,,,,,,,,,,,,,,,,,,,,,,,,,,,,,,,,,,,,,,,,,,,,,,,,,,,,,,,,,,,,,,,,,,,,,,,,,,,,,,,,,,,,,,,,,,,,,,,,,,,,,,,,,,,,,,,,,,,,,,,,,,,,,,,,,,,,,,,,,,,,,,,,,,,,,,,,,,,,,,,,,,,,,,,,,,,,,,,,,,,,,,,,,,,,,,,,,,,,,,,,,,,,,,,,,,,,,,,,,,,,,
2025121418,5.491,0.0,0.0,0.0,0.0,0.0,0.0,0.195,0.678,1.307,0.0,2.249,3.318,4.438,5.628,6.947,8.16,10.26,13.114,15.594,20.631,31.679,64.0,0.0,16.0,0.0,6.0,49.0,3.0,0.0,32.0,0.0,0.653,,,,,,,,,,,,,,,,,,,,,,,,,,,,,,,,,,,,,,,,,,,,,,,,,,,,,,,,,,,,,,,,,,2.54,0.0,0.0,0.0,0.0,0.0,0.0,0.0,0.048,0.267,0.0,0.624,1.131,1.862,2.666,3.694,5.044,6.475,8.144,10.492,14.459,23.33,55.0,7.0,2.0,36.0,1.0,0.0,0.0,21.0,0.0,0.0,,,,,,,,,,,,,,,,,,,,,,,,,,,,,,,,,268.8,,,,,,,,,,,,,,,,,,,0.033,,,,,,,,,,,,,,,,,,0.071,,,,,,,,,,,,,,,,,,0.01,0.0,0.0,0.0,0.0,0.003,0.01,0.053,20.0,6.0,4.0,1.0,1.0,1.0,1.0,1.0,1.0,1.0,0.094,,,,,,,,,,,,,,,,,,1.0,3.0,,,,,,,,,,,15.0,21.0,15.0,30.0,33.0,34.0,34.0,0.0,0.0,0.0,0.0,0.0,27.3,,269.65,3.05,,29.0,3.0,,0.0,,,,,,,,,,,,,,,,,,,,,,,,,0.0,0.0,0.0,0.0,0.0,0.0,0.0,0.0,0.0,0.0,0.0,0.0,0.0,0.025,,,,,,,,,,,,,14.0,9.999e+20,7.3,1.2,2.8,3.6,4.0,4.4,4.8,5.2,5.2,6.09464,1.6,6.57349,7.00535,7.46743,7.97362,8.86061,9.70701,10.5646,11.1044,12.0056,15.2398,16.2862,7.27242,3.61869,13.0,3.0,0.0,0.0,0.0,0.0,0.0,31.0,3.0,9.999e+20,9.999e+20,9.999e+20,9.999e+20,9.999e+20,,,,,,,,,,,,,,,,,,,,,,,,,,,,,,,,,,,,,,,,,,,,,,,,,,,,,,,,,,,,,,,,,,,,,,,,,,,,,,,,,,,,,,,,,,,,,,,,,,,,,,,,,,,,,,,,,,,,,,,,,,74.0,,0.0,,34.8,0.0,21.6,0.0,,74.0,,,,,,,,,,,,,,,,,,,,,,,,,,,,,,,,,,,,,,,,,,,,,,,,,,,,,,,,,,,,,6.7,0.6,1.9,0.4,4.8,11.6,15.5,16.4,1352.0,256.0,656.0,0.0,1464.0,2032.0,2416.0,2656.0,,,73.0,17.0,,,,,,3.91834,273.44,3.73,,,,,,,,,,,,,,,,,,,,,,,,,,,,,,,272.438,264.137,266.492,267.223,268.243,269.782,270.92,271.533,272.022,272.692,265.544,273.84,273.736,274.437,274.745,274.931,275.621,275.669,276.094,276.437,277.004,278.158,0.0,0.0,0.0,0.0,0.0,30.0,47.0,0.0,9.999e+20,,,160.0,4.8,,,,,,0.0,,,,,,,624.0,230.0,230.0,230.0,,272.9,4.8,0.4,1.2,1.6,2.0,2.4,2.8,2.8,3.2,3.6,0.8,4.0,4.4,4.8,5.2,5.6,6.4,7.6,7.6,8.0,10.1382,11.6809,4.43985,2.93279,3.0,0.0,0.0,0.0,57.0,0.0,31.0,7.0,5.2,6.0,
2025121419,,,,,,,,,,,,,,,,,,,,,,,,,,,,,,,,,0.603,,,,,,,,,,,,,,,,,,,,,,,,,,,,,,,,,,,,,,,,,,,,,,,,,,,,,,,,,,,,,,,,,,,,,,,,,,,,,,,,,,,,,,,,,,,,,,,,,,,,,,,,,,,,,,,,,,,,,,,,,,,,,,,,,,,,,,,,,,,,,,,,,,,,,,,,,,,,,,,,,,,,,,,,,,,,,,,,,,,,,,,,,,,,,,,,,,,,,,,,,,,,,,,,,,,,,,,,,,,,,,,,,,,,,,,,,,,,,,,,,,,,,,,,,,,,,,,,,,,,,,,,,,,,,,,,,,,,,,,,,,,,,,,,,,,,,,,,,,,,,,,,,,,,,,,,,,,,,,,,,,,,,,,,,,,,,,,,,,,,,,,,,,,,,,,,,,,,,,,,,,,,,,,,,,,,,,,,,,,,,,,,,,,,,,,,,,,,,,,,,,,,,,,,,,,,,,,,,,,,,,,,,,,,,,,,,,,,,,,,,,,,,,,,,,,,,,,,,,,,,,,,,,,,,,,,,,,,,,,,,,,,,,,,,,,,,,,,,,,,,,,,,,,,,,,,,,,,,,,,,,,,,,,,,,,,,,,,,,,,,,,,,,,,,,,,,,,,,,,,,,,,,,,,,,,,,,,,,,,,,,,,,,,,,,,,,,,,,,,,,,,,,,,,,,,,,,,,,,,,,,,,,,,,,,,,,,,,,,,,,,,,,,,,,,,,,,,,,,,,,,,,,,,,,,,,,,,,,,,,
2025121420,,,,,,,,,,,,,,,,,,,,,,,,,,,,,,,,,0.515,,,,,,,,,,,,,,,,,,,,,,,,,,,,,,,,,,,,,,,,,,,,,,,,,,,,,,,,,,,,,,,,,,,,,,,,,,,,,,,,,,,,,,,,,,,,,,,,,,,,,,,,,,,,,,,,,,,,,,,,,,,,,,,,,,,,,,,,,,,,,,,,,,,,,,,,,,,,,,,,,,,,,,,,,,,,,,,,,,,,,,,,,,,,,,,,,,,,,,,,,,,,,,,,,,,,,,,,,,,,,,,,,,,,,,,,,,,,,,,,,,,,,,,,,,,,,,,,,,,,,,,,,,,,,,,,,,,,,,,,,,,,,,,,,,,,,,,,,,,,,,,,,,,,,,,,,,,,,,,,,,,,,,,,,,,,,,,,,,,,,,,,,,,,,,,,,,,,,,,,,,,,,,,,,,,,,,,,,,,,,,,,,,,,,,,,,,,,,,,,,,,,,,,,,,,,,,,,,,,,,,,,,,,,,,,,,,,,,,,,,,,,,,,,,,,,,,,,,,,,,,,,,,,,,,,,,,,,,,,,,,,,,,,,,,,,,,,,,,,,,,,,,,,,,,,,,,,,,,,,,,,,,,,,,,,,,,,,,,,,,,,,,,,,,,,,,,,,,,,,,,,,,,,,,,,,,,,,,,,,,,,,,,,,,,,,,,,,,,,,,,,,,,,,,,,,,,,,,,,,,,,,,,,,,,,,,,,,,,,,,,,,,,,,,,,,,,,,,,,,,,,,,,,,,,,,,,,,,,,,
2025121421,,,,,,,,,,,,,,,,,,,,,,,,,,,,,,,,,0.482,,,,,,,,,,,,,,,,,,,,,,,,,,,,,,,,,,,,,,,,,,,,,,,,,,,,,,,,,,,,,,,,,,,,,,,,,,,,,,,,,,,,,,,,,,,,,,,,,,,,,,,,,,,,,,,,,,,,,,,,,,,,,,,,,,,,,,,,,,,,,,,,,,,,,,,,,,,,,,,,,,,,,,,,,,,,,,,,,,,,,,,,,,,,,,,,,,,,,,,,,,,,,,,,,,,,,,,,,,,,,,,,,,,,,,,,,,,,,,,,,,,,,,,,,,,,,,,,,,,,,,,,,,,,,,,,,,,,,,,,,,,,,,,,,,,,,,,,,,,,,,,,,,,,,,,,,,,,,,,,,,,,,,,,,,,,,,,,,,,,,,,,,,,,,,,,,,,,,,,,,,,,,,,,,,,,,,,,,,,,,,,,,,,,,,,,,,,,,,,,,,,,,,,,,,,,,,,,,,,,,,,,,,,,,,,,,,,,,,,,,,,,,,,,,,,,,,,,,,,,,,,,,,,,,,,,,,,,,,,,,,,,,,,,,,,,,,,,,,,,,,,,,,,,,,,,,,,,,,,,,,,,,,,,,,,,,,,,,,,,,,,,,,,,,,,,,,,,,,,,,,,,,,,,,,,,,,,,,,,,,,,,,,,,,,,,,,,,,,,,,,,,,,,,,,,,,,,,,,,,,,,,,,,,,,,,,,,,,,,,,,,,,,,,,,,,,,,,,,,,,,,,,,,,,,,,,,,,,,,,
2025121422,,,,,,,,,,,,,,,,,,,,,,,,,,,,,,,,,0.446,,,,,,,,,,,,,,,,,,,,,,,,,,,,,,,,,,,,,,,,,,,,,,,,,,,,,,,,,,,,,,,,,,,,,,,,,,,,,,,,,,,,,,,,,,,,,,,,,,,,,,,,,,,,,,,,,,,,,,,,,,,,,,,,,,,,,,,,,,,,,,,,,,,,,,,,,,,,,,,,,,,,,,,,,,,,,,,,,,,,,,,,,,,,,,,,,,,,,,,,,,,,,,,,,,,,,,,,,,,,,,,,,,,,,,,,,,,,,,,,,,,,,,,,,,,,,,,,,,,,,,,,,,,,,,,,,,,,,,,,,,,,,,,,,,,,,,,,,,,,,,,,,,,,,,,,,,,,,,,,,,,,,,,,,,,,,,,,,,,,,,,,,,,,,,,,,,,,,,,,,,,,,,,,,,,,,,,,,,,,,,,,,,,,,,,,,,,,,,,,,,,,,,,,,,,,,,,,,,,,,,,,,,,,,,,,,,,,,,,,,,,,,,,,,,,,,,,,,,,,,,,,,,,,,,,,,,,,,,,,,,,,,,,,,,,,,,,,,,,,,,,,,,,,,,,,,,,,,,,,,,,,,,,,,,,,,,,,,,,,,,,,,,,,,,,,,,,,,,,,,,,,,,,,,,,,,,,,,,,,,,,,,,,,,,,,,,,,,,,,,,,,,,,,,,,,,,,,,,,,,,,,,,,,,,,,,,,,,,,,,,,,,,,,,,,,,,,,,,,,,,,,,,,,,,,,,,,,,,,,
2025121423,,,,,,,,,,,,,,,,,,,,,,,,,,,,,,,,,0.459,,,,,,,,,,,,,,,,,,,,,,,,,,,,,,,,,,,,,,,,,,,,,,,,,,,,,,,,,,,,,,,,,,,,,,,,,,,,,,,,,,,,,,,,,,,,,,,,,,,,,,,,,,,,,,,,,,,,,,,,,,,,,,,,,,,,,,,,,,,,,,,,,,,,,,,,,,,,,,,,,,,,,,,,,,,,,,,,,,,,,,,,,,,,,,,,,,,,,,,,,,,,,,,,,,,,,,,,,,,,,,,,,,,,,,,,,,,,,,,,,,,,,,,,,,,,,,,,,,,,,,,,,,,,,,,,,,,,,,,,,,,,,,,,,,,,,,,,,,,,,,,,,,,,,,,,,,,,,,,,,,,,,,,,,,,,,,,,,,,,,,,,,,,,,,,,,,,,,,,,,,,,,,,,,,,,,,,,,,,,,,,,,,,,,,,,,,,,,,,,,,,,,,,,,,,,,,,,,,,,,,,,,,,,,,,,,,,,,,,,,,,,,,,,,,,,,,,,,,,,,,,,,,,,,,,,,,,,,,,,,,,,,,,,,,,,,,,,,,,,,,,,,,,,,,,,,,,,,,,,,,,,,,,,,,,,,,,,,,,,,,,,,,,,,,,,,,,,,,,,,,,,,,,,,,,,,,,,,,,,,,,,,,,,,,,,,,,,,,,,,,,,,,,,,,,,,,,,,,,,,,,,,,,,,,,,,,,,,,,,,,,,,,,,,,,,,,,,,,,,,,,,,,,,,,,,,,,,,,,,
2025121500,5.736,0.0,0.0,0.0,0.0,0.0,0.031,0.31,0.758,1.283,0.0,2.326,3.157,4.182,5.304,6.707,8.358,10.556,13.11,16.871,22.83,36.141,66.0,0.0,16.0,0.0,8.0,49.0,3.0,0.0,31.0,0.0,0.525,,11.715,0.0,0.0,0.0,0.005,0.416,0.947,2.12,3.684,5.388,0.0,6.728,8.605,10.529,13.084,15.265,18.05,20.851,26.111,31.21,40.223,61.504,77.0,0.0,36.0,0.0,0.0,0.0,16.0,2.0,51.0,0.0,,,,,,,,,,,,,,,,,,,,,,,,,,,,,,,,,1.524,0.0,0.0,0.0,0.0,0.0,0.0,0.0,0.0,0.098,0.0,0.371,0.862,1.52,2.279,2.899,3.87,5.02,6.559,8.813,12.842,19.566,52.0,5.0,1.0,33.0,0.0,0.0,0.0,16.0,0.0,0.0,,,,,,,,,,,,,,,,,,,,,,,,,,,,,,,,,269.75,,,,,,,,,,,,,,,,,,,0.033,0.0,0.0,0.0,0.0,0.013,0.061,0.193,32.0,13.0,9.0,6.0,5.0,3.0,2.0,1.0,1.0,1.0,0.064,0.0,0.0,0.0,0.005,0.058,0.188,0.264,28.0,22.0,15.0,9.0,6.0,2.0,1.0,1.0,1.0,1.0,0.008,0.0,0.0,0.0,0.0,0.0,0.013,0.023,12.0,4.0,2.0,1.0,1.0,1.0,1.0,1.0,1.0,1.0,0.097,0.0,0.0,0.0,0.01,0.122,0.272,0.381,33.0,21.0,15.0,12.0,5.0,1.0,1.0,1.0,1.0,0.0,3.0,5.0,,,,,,,,,,,18.0,23.0,18.0,29.0,34.0,38.0,38.0,0.0,0.0,0.0,0.0,0.0,29.5,,269.64,4.44,,130.0,0.0,,0.0,0.0,0.0,0.0,0.0,0.0,0.0,0.0,0.0,0.0,0.0,0.0,0.0,0.0,0.0,0.0,0.0,0.0,0.0,0.0,1.0,0.0,0.0,0.0,0.0,0.0,0.0,0.0,0.0,0.0,0.0,0.0,0.0,0.0,0.0,0.0,0.0,0.0,0.025,0.0,0.0,0.0,0.0,0.0,0.0,0.0,2.0,0.0,0.0,0.0,0.0,12.2,9.999e+20,5.3,0.4,1.2,1.6,2.0,2.4,2.8,3.2,4.0,4.4,0.8,4.8,4.9966,5.51704,5.9867,6.55909,6.68515,7.66236,8.17201,9.53122,10.6333,18.6298,5.28061,3.59472,4.0,3.0,2.0,0.0,0.0,0.0,0.0,13.0,3.0,9.999e+20,9.999e+20,9.999e+20,9.999e+20,9.999e+20,,,,,,,,,,,,,,,,,,,,,,,,,,,,,,,,,,,,,,,,,,,,,,,,,,,,,,,,,,,,,,,,,,,,,,,,,,,,,,,,,,,,,,,,,,,,,,,,,,,,,,,,,,,,,,,,,,,,,,,,,,,,0.0,4.0,27.6,0.0,25.2,0.0,,75.0,,,,,,,,,,,,,,,,,,,,,,,,,,,,,,,,,,,,,,,,,,,,,,,,,,,,,,,,,,,,,6.6,0.8,2.2,0.3,4.7,10.9,15.1,15.7,1320.0,336.0,680.0,0.0,1416.0,1976.0,2304.0,2528.0,,,82.0,6.0,,274.04,3.5,,,,273.29,4.43,,,,,,,,,,,,,,,,,,,,,,,,,,,,,,,,,,,,,,,,,,,,,,,,,,,,,,,,,,,,,9.999e+20,,,140.0,5.0,12.0,,,,,0.0,,,,,,,617.0,220.0,220.0,220.0,,272.6,3.2,0.0,0.4,0.4,0.8,1.2,1.2,1.6,2.0,2.4,0.4,2.8,3.2,3.6,4.0,4.0,4.4,5.2,5.6,6.4,7.6,13.4117,3.23614,2.95257,4.0,0.0,0.0,0.0,42.0,0.0,14.0,4.0,3.6,4.0,
2025121501,,,,,,,,,,,,,,,,,,,,,,,,,,,,,,,,,0.508,,,,,,,,,,,,,,,,,,,,,,,,,,,,,,,,,,,,,,,,,,,,,,,,,,,,,,,,,,,,,,,,,,,,,,,,,,,,,,,,,,,,,,,,,,,,,,,,,,,,,,,,,,,,,,,,,,,,,,,,,,,,,,,,,,,,,,,,,,,,,,,,,,,,,,,,,,,,,,,,,,,,,,,,,,,,,,,,,,,,,,,,,,,,,,,,,,,,,,,,,,,,,,,,,,,,,,,,,,,,,,,,,,,,,,,,,,,,,,,,,,,,,,,,,,,,,,,,,,,,,,,,,,,,,,,,,,,,,,,,,,,,,,,,,,,,,,,,,,,,,,,,,,,,,,,,,,,,,,,,,,,,,,,,,,,,,,,,,,,,,,,,,,,,,,,,,,,,,,,,,,,,,,,,,,,,,,,,,,,,,,,,,,,,,,,,,,,,,,,,,,,,,,,,,,,,,,,,,,,,,,,,,,,,,,,,,,,,,,,,,,,,,,,,,,,,,,,,,,,,,,,,,,,,,,,,,,,,,,,,,,,,,,,,,,,,,,,,,,,,,,,,,,,,,,,,,,,,,,,,,,,,,,,,,,,,,,,,,,,,,,,,,,,,,,,,,,,,,,,,,,,,,,,,,,,,,,,,,,,,,,,,,,,,,,,,,,,,,,,,,,,,,,,,,,,,,,,,,,,,,,,,,,,,,,,,,,,,,,,,,,,,,,,,,,,,,,,,,,,,,,,,,,,,,,,,,,,,,,,,
2025121502,,,,,,,,,,,,,,,,,,,,,,,,,,,,,,,,,0.444,,,,,,,,,,,,,,,,,,,,,,,,,,,,,,,,,,,,,,,,,,,,,,,,,,,,,,,,,,,,,,,,,,,,,,,,,,,,,,,,,,,,,,,,,,,,,,,,,,,,,,,,,,,,,,,,,,,,,,,,,,,,,,,,,,,,,,,,,,,,,,,,,,,,,,,,,,,,,,,,,,,,,,,,,,,,,,,,,,,,,,,,,,,,,,,,,,,,,,,,,,,,,,,,,,,,,,,,,,,,,,,,,,,,,,,,,,,,,,,,,,,,,,,,,,,,,,,,,,,,,,,,,,,,,,,,,,,,,,,,,,,,,,,,,,,,,,,,,,,,,,,,,,,,,,,,,,,,,,,,,,,,,,,,,,,,,,,,,,,,,,,,,,,,,,,,,,,,,,,,,,,,,,,,,,,,,,,,,,,,,,,,,,,,,,,,,,,,,,,,,,,,,,,,,,,,,,,,,,,,,,,,,,,,,,,,,,,,,,,,,,,,,,,,,,,,,,,,,,,,,,,,,,,,,,,,,,,,,,,,,,,,,,,,,,,,,,,,,,,,,,,,,,,,,,,,,,,,,,,,,,,,,,,,,,,,,,,,,,,,,,,,,,,,,,,,,,,,,,,,,,,,,,,,,,,,,,,,,,,,,,,,,,,,,,,,,,,,,,,,,,,,,,,,,,,,,,,,,,,,,,,,,,,,,,,,,,,,,,,,,,,,,,,,,,,,,,,,,,,,,,,,,,,,,,,,,,,,,,,,
2025121503,,,,,,,,,,,,,,,,,,,,,,,,,,,,,,,,,0.395,,,,,,,,,,,,,,,,,,,,,,,,,,,,,,,,,,,,,,,,,,,,,,,,,,,,,,,,,,,,,,,,,,,,,,,,,,,,,,,,,,,,,,,,,,,,,,,,,,,,,,,,,,,,,,,,,,,,,,,,,,,,,,,,,,,,,,,,,,,,,,,,,,,,,,,,,,,,,,,,,,,,,,,,,,,,,,,,,,,,,,,,,,,,,,,,,,,,,,,,,,,,,,,,,,,,,,,,,,,,,,,,,,,,,,,,,,,,,,,,,,,,,,,,,,,,,,,,,,,,,,,,,,,,,,,,,,,,,,,,,,,,,,,,,,,,,,,,,,,,,,,,,,,,,,,,,,,,,,,,,,,,,,,,,,,,,,,,,,,,,,,,,,,,,,,,,,,,,,,,,,,,,,,,,,,,,,,,,,,,,,,,,,,,,,,,,,,,,,,,,,,,,,,,,,,,,,,,,,,,,,,,,,,,,,,,,,,,,,,,,,,,,,,,,,,,,,,,,,,,,,,,,,,,,,,,,,,,,,,,,,,,,,,,,,,,,,,,,,,,,,,,,,,,,,,,,,,,,,,,,,,,,,,,,,,,,,,,,,,,,,,,,,,,,,,,,,,,,,,,,,,,,,,,,,,,,,,,,,,,,,,,,,,,,,,,,,,,,,,,,,,,,,,,,,,,,,,,,,,,,,,,,,,,,,,,,,,,,,,,,,,,,,,,,,,,,,,,,,,,,,,,,,,,,,,,,,,,,,,,
2025121504,,,,,,,,,,,,,,,,,,,,,,,,,,,,,,,,,0.386,,,,,,,,,,,,,,,,,,,,,,,,,,,,,,,,,,,,,,,,,,,,,,,,,,,,,,,,,,,,,,,,,,,,,,,,,,,,,,,,,,,,,,,,,,,,,,,,,,,,,,,,,,,,,,,,,,,,,,,,,,,,,,,,,,,,,,,,,,,,,,,,,,,,,,,,,,,,,,,,,,,,,,,,,,,,,,,,,,,,,,,,,,,,,,,,,,,,,,,,,,,,,,,,,,,,,,,,,,,,,,,,,,,,,,,,,,,,,,,,,,,,,,,,,,,,,,,,,,,,,,,,,,,,,,,,,,,,,,,,,,,,,,,,,,,,,,,,,,,,,,,,,,,,,,,,,,,,,,,,,,,,,,,,,,,,,,,,,,,,,,,,,,,,,,,,,,,,,,,,,,,,,,,,,,,,,,,,,,,,,,,,,,,,,,,,,,,,,,,,,,,,,,,,,,,,,,,,,,,,,,,,,,,,,,,,,,,,,,,,,,,,,,,,,,,,,,,,,,,,,,,,,,,,,,,,,,,,,,,,,,,,,,,,,,,,,,,,,,,,,,,,,,,,,,,,,,,,,,,,,,,,,,,,,,,,,,,,,,,,,,,,,,,,,,,,,,,,,,,,,,,,,,,,,,,,,,,,,,,,,,,,,,,,,,,,,,,,,,,,,,,,,,,,,,,,,,,,,,,,,,,,,,,,,,,,,,,,,,,,,,,,,,,,,,,,,,,,,,,,,,,,,,,,,,,,,,,,,,,,
2025121505,,,,,,,,,,,,,,,,,,,,,,,,,,,,,,,,,0.411,,,,,,,,,,,,,,,,,,,,,,,,,,,,,,,,,,,,,,,,,,,,,,,,,,,,,,,,,,,,,,,,,,,,,,,,,,,,,,,,,,,,,,,,,,,,,,,,,,,,,,,,,,,,,,,,,,,,,,,,,,,,,,,,,,,,,,,,,,,,,,,,,,,,,,,,,,,,,,,,,,,,,,,,,,,,,,,,,,,,,,,,,,,,,,,,,,,,,,,,,,,,,,,,,,,,,,,,,,,,,,,,,,,,,,,,,,,,,,,,,,,,,,,,,,,,,,,,,,,,,,,,,,,,,,,,,,,,,,,,,,,,,,,,,,,,,,,,,,,,,,,,,,,,,,,,,,,,,,,,,,,,,,,,,,,,,,,,,,,,,,,,,,,,,,,,,,,,,,,,,,,,,,,,,,,,,,,,,,,,,,,,,,,,,,,,,,,,,,,,,,,,,,,,,,,,,,,,,,,,,,,,,,,,,,,,,,,,,,,,,,,,,,,,,,,,,,,,,,,,,,,,,,,,,,,,,,,,,,,,,,,,,,,,,,,,,,,,,,,,,,,,,,,,,,,,,,,,,,,,,,,,,,,,,,,,,,,,,,,,,,,,,,,,,,,,,,,,,,,,,,,,,,,,,,,,,,,,,,,,,,,,,,,,,,,,,,,,,,,,,,,,,,,,,,,,,,,,,,,,,,,,,,,,,,,,,,,,,,,,,,,,,,,,,,,,,,,,,,,,,,,,,,,,,,,,,,,,,,,,
2025121506,5.254,0.0,0.0,0.0,0.0,0.0,0.0,0.12,0.59,1.358,0.0,2.278,3.048,4.043,5.526,7.092,8.359,9.938,12.375,15.499,19.899,29.33,63.0,0.0,14.0,0.0,6.0,48.0,2.0,0.0,32.0,0.0,0.433,,,,,,,,,,,,,,,,,,,,,,,,,,,,,,,,,,,,,,,,,,,,,,,,,,,,,,,,,,,,,,,,,,1.27,0.0,0.0,0.0,0.0,0.0,0.0,0.0,0.001,0.231,0.0,0.61,1.085,1.709,2.323,2.898,3.56,4.487,6.121,7.735,10.121,13.588,55.0,2.0,0.0,33.0,0.0,0.0,0.0,14.0,0.0,0.0,,,,,,,,,,,,,,,,,,,,,,,,,,,,,,,,,267.62,,,,,,,,,,,,,,,,,,,0.03,,,,,,,,,,,,,,,,,,0.058,,,,,,,,,,,,,,,,,,0.005,0.0,0.0,0.0,0.0,0.0,0.01,0.025,17.0,4.0,1.0,0.0,0.0,0.0,0.0,0.0,0.0,0.0,0.097,,,,,,,,,,,,,,,,,,1.0,1.0,,,,,,,,,,,21.0,23.0,21.0,26.0,30.0,33.0,33.0,0.0,0.0,0.0,0.0,0.0,26.0,,267.35,4.56,,0.0,2.0,,0.0,,,,,,,,,,,,,,,,,,,,,,,,,0.0,0.0,0.0,0.0,0.0,0.0,0.0,0.0,0.0,0.0,0.0,0.0,0.0,0.025,,,,,,,,,,,,,13.2,9.999e+20,6.1,0.4,2.4,2.8,3.2,4.0,4.4,4.8,5.2,5.2,2.0,5.6,6.06878,6.5241,7.14225,8.01134,8.5057,8.63734,9.28271,9.93962,12.0948,16.5505,6.08367,3.38171,6.0,3.0,1.0,0.0,0.0,0.0,0.0,20.0,3.0,9.999e+20,9.999e+20,9.999e+20,9.999e+20,9.999e+20,,,,,,,,,,,,,,,,,,,,,,,,,,,,,,,,,,,,,,,,,,,,,,,,,,,,,,,,,,,,,,,,,,,,,,,,,,,,,,,,,,,,,,,,,,,,,,,,,,,,,,,,,,,,,,,,,,,,,,,,,,,69.0,0.0,,33.6,0.0,24.0,0.0,,69.0,,,,,,,,,,,,,,,,,,,,,,,,,,,,,,,,,,,,,,,,,,,,,,,,,,,,,,,,,,,,,6.2,0.7,2.3,0.5,4.9,10.4,13.3,14.6,1304.0,184.0,680.0,0.0,1416.0,2000.0,2352.0,2616.0,,,77.0,8.0,,,,,,3.1103,272.35,4.58,276.114,270.333,271.909,272.537,273.123,273.643,273.999,274.75,275.362,275.771,270.94,276.423,276.73,277.086,277.323,278.08,278.446,278.629,278.934,279.388,280.433,281.419,0.0,6.0,24.0,0.0,0.0,0.0,0.0,0.0,,,,,,,,,,,,,,,,,,,,,,,,,,,,,,,9.999e+20,,,130.0,4.5,,,,,,0.0,,,,,,,575.0,230.0,230.0,230.0,,271.4,4.5,0.0,1.2,1.6,2.0,2.4,2.8,3.2,3.2,3.6,0.8,3.6,4.0,4.4,4.8,5.2,6.0,6.4,7.2,7.2,9.22025,12.1926,4.47067,2.55804,3.0,0.0,0.0,0.0,55.0,0.0,29.0,6.0,4.9,5.3,
2025121507,,,,,,,,,,,,,,,,,,,,,,,,,,,,,,,,,0.399,,,,,,,,,,,,,,,,,,,,,,,,,,,,,,,,,,,,,,,,,,,,,,,,,,,,,,,,,,,,,,,,,,,,,,,,,,,,,,,,,,,,,,,,,,,,,,,,,,,,,,,,,,,,,,,,,,,,,,,,,,,,,,,,,,,,,,,,,,,,,,,,,,,,,,,,,,,,,,,,,,,,,,,,,,,,,,,,,,,,,,,,,,,,,,,,,,,,,,,,,,,,,,,,,,,,,,,,,,,,,,,,,,,,,,,,,,,,,,,,,,,,,,,,,,,,,,,,,,,,,,,,,,,,,,,,,,,,,,,,,,,,,,,,,,,,,,,,,,,,,,,,,,,,,,,,,,,,,,,,,,,,,,,,,,,,,,,,,,,,,,,,,,,,,,,,,,,,,,,,,,,,,,,,,,,,,,,,,,,,,,,,,,,,,,,,,,,,,,,,,,,,,,,,,,,,,,,,,,,,,,,,,,,,,,,,,,,,,,,,,,,,,,,,,,,,,,,,,,,,,,,,,,,,,,,,,,,,,,,,,,,,,,,,,,,,,,,,,,,,,,,,,,,,,,,,,,,,,,,,,,,,,,,,,,,,,,,,,,,,,,,,,,,,,,,,,,,,,,,,,,,,,,,,,,,,,,,,,,,,,,,,,,,,,,,,,,,,,,,,,,,,,,,,,,,,,,,,,,,,,,,,,,,,,,,,,,,,,,,,,,,,,,,,,,,,,,,,,,,,,,,,,,,,,,,,,,,,,,,,
2025121508,,,,,,,,,,,,,,,,,,,,,,,,,,,,,,,,,0.447,,,,,,,,,,,,,,,,,,,,,,,,,,,,,,,,,,,,,,,,,,,,,,,,,,,,,,,,,,,,,,,,,,,,,,,,,,,,,,,,,,,,,,,,,,,,,,,,,,,,,,,,,,,,,,,,,,,,,,,,,,,,,,,,,,,,,,,,,,,,,,,,,,,,,,,,,,,,,,,,,,,,,,,,,,,,,,,,,,,,,,,,,,,,,,,,,,,,,,,,,,,,,,,,,,,,,,,,,,,,,,,,,,,,,,,,,,,,,,,,,,,,,,,,,,,,,,,,,,,,,,,,,,,,,,,,,,,,,,,,,,,,,,,,,,,,,,,,,,,,,,,,,,,,,,,,,,,,,,,,,,,,,,,,,,,,,,,,,,,,,,,,,,,,,,,,,,,,,,,,,,,,,,,,,,,,,,,,,,,,,,,,,,,,,,,,,,,,,,,,,,,,,,,,,,,,,,,,,,,,,,,,,,,,,,,,,,,,,,,,,,,,,,,,,,,,,,,,,,,,,,,,,,,,,,,,,,,,,,,,,,,,,,,,,,,,,,,,,,,,,,,,,,,,,,,,,,,,,,,,,,,,,,,,,,,,,,,,,,,,,,,,,,,,,,,,,,,,,,,,,,,,,,,,,,,,,,,,,,,,,,,,,,,,,,,,,,,,,,,,,,,,,,,,,,,,,,,,,,,,,,,,,,,,,,,,,,,,,,,,,,,,,,,,,,,,,,,,,,,,,,,,,,,,,,,,,,,,,,,,
2025121509,,,,,,,,,,,,,,,,,,,,,,,,,,,,,,,,,0.428,,,,,,,,,,,,,,,,,,,,,,,,,,,,,,,,,,,,,,,,,,,,,,,,,,,,,,,,,,,,,,,,,,,,,,,,,,,,,,,,,,,,,,,,,,,,,,,,,,,,,,,,,,,,,,,,,,,,,,,,,,,,,,,,,,,,,,,,,,,,,,,,,,,,,,,,,,,,,,,,,,,,,,,,,,,,,,,,,,,,,,,,,,,,,,,,,,,,,,,,,,,,,,,,,,,,,,,,,,,,,,,,,,,,,,,,,,,,,,,,,,,,,,,,,,,,,,,,,,,,,,,,,,,,,,,,,,,,,,,,,,,,,,,,,,,,,,,,,,,,,,,,,,,,,,,,,,,,,,,,,,,,,,,,,,,,,,,,,,,,,,,,,,,,,,,,,,,,,,,,,,,,,,,,,,,,,,,,,,,,,,,,,,,,,,,,,,,,,,,,,,,,,,,,,,,,,,,,,,,,,,,,,,,,,,,,,,,,,,,,,,,,,,,,,,,,,,,,,,,,,,,,,,,,,,,,,,,,,,,,,,,,,,,,,,,,,,,,,,,,,,,,,,,,,,,,,,,,,,,,,,,,,,,,,,,,,,,,,,,,,,,,,,,,,,,,,,,,,,,,,,,,,,,,,,,,,,,,,,,,,,,,,,,,,,,,,,,,,,,,,,,,,,,,,,,,,,,,,,,,,,,,,,,,,,,,,,,,,,,,,,,,,,,,,,,,,,,,,,,,,,,,,,,,,,,,,,,,,,,,
2025121510,,,,,,,,,,,,,,,,,,,,,,,,,,,,,,,,,0.45,,,,,,,,,,,,,,,,,,,,,,,,,,,,,,,,,,,,,,,,,,,,,,,,,,,,,,,,,,,,,,,,,,,,,,,,,,,,,,,,,,,,,,,,,,,,,,,,,,,,,,,,,,,,,,,,,,,,,,,,,,,,,,,,,,,,,,,,,,,,,,,,,,,,,,,,,,,,,,,,,,,,,,,,,,,,,,,,,,,,,,,,,,,,,,,,,,,,,,,,,,,,,,,,,,,,,,,,,,,,,,,,,,,,,,,,,,,,,,,,,,,,,,,,,,,,,,,,,,,,,,,,,,,,,,,,,,,,,,,,,,,,,,,,,,,,,,,,,,,,,,,,,,,,,,,,,,,,,,,,,,,,,,,,,,,,,,,,,,,,,,,,,,,,,,,,,,,,,,,,,,,,,,,,,,,,,,,,,,,,,,,,,,,,,,,,,,,,,,,,,,,,,,,,,,,,,,,,,,,,,,,,,,,,,,,,,,,,,,,,,,,,,,,,,,,,,,,,,,,,,,,,,,,,,,,,,,,,,,,,,,,,,,,,,,,,,,,,,,,,,,,,,,,,,,,,,,,,,,,,,,,,,,,,,,,,,,,,,,,,,,,,,,,,,,,,,,,,,,,,,,,,,,,,,,,,,,,,,,,,,,,,,,,,,,,,,,,,,,,,,,,,,,,,,,,,,,,,,,,,,,,,,,,,,,,,,,,,,,,,,,,,,,,,,,,,,,,,,,,,,,,,,,,,,,,,,,,,,,,,
2025121511,,,,,,,,,,,,,,,,,,,,,,,,,,,,,,,,,0.399,,,,,,,,,,,,,,,,,,,,,,,,,,,,,,,,,,,,,,,,,,,,,,,,,,,,,,,,,,,,,,,,,,,,,,,,,,,,,,,,,,,,,,,,,,,,,,,,,,,,,,,,,,,,,,,,,,,,,,,,,,,,,,,,,,,,,,,,,,,,,,,,,,,,,,,,,,,,,,,,,,,,,,,,,,,,,,,,,,,,,,,,,,,,,,,,,,,,,,,,,,,,,,,,,,,,,,,,,,,,,,,,,,,,,,,,,,,,,,,,,,,,,,,,,,,,,,,,,,,,,,,,,,,,,,,,,,,,,,,,,,,,,,,,,,,,,,,,,,,,,,,,,,,,,,,,,,,,,,,,,,,,,,,,,,,,,,,,,,,,,,,,,,,,,,,,,,,,,,,,,,,,,,,,,,,,,,,,,,,,,,,,,,,,,,,,,,,,,,,,,,,,,,,,,,,,,,,,,,,,,,,,,,,,,,,,,,,,,,,,,,,,,,,,,,,,,,,,,,,,,,,,,,,,,,,,,,,,,,,,,,,,,,,,,,,,,,,,,,,,,,,,,,,,,,,,,,,,,,,,,,,,,,,,,,,,,,,,,,,,,,,,,,,,,,,,,,,,,,,,,,,,,,,,,,,,,,,,,,,,,,,,,,,,,,,,,,,,,,,,,,,,,,,,,,,,,,,,,,,,,,,,,,,,,,,,,,,,,,,,,,,,,,,,,,,,,,,,,,,,,,,,,,,,,,,,,,,,,,,,
2025121512,5.208,0.0,0.0,0.0,0.0,0.0,0.0,0.566,1.444,2.429,0.0,3.31,4.21,5.286,6.529,7.48,8.818,9.952,11.504,13.486,17.254,22.264,67.0,0.0,12.0,0.0,3.0,54.0,0.0,0.0,36.0,0.0,0.488,,13.342,0.0,0.0,0.0,0.103,1.073,2.41,3.846,5.705,7.494,0.0,9.604,11.344,13.168,15.459,17.846,20.451,23.978,28.778,33.375,42.699,57.494,79.0,0.0,41.0,0.0,0.0,0.0,18.0,2.0,58.0,0.0,19.855,0.0,0.72,2.037,3.548,6.131,8.728,10.899,12.673,14.389,0.0,16.292,18.627,21.238,23.591,26.394,29.343,32.412,37.264,43.444,53.061,70.139,60.0,0.0,83.0,0.0,32.0,0.0,0.0,0.0,6.0,0.0,6.858,0.0,0.0,0.0,0.0,0.0,0.0,0.003,0.344,0.802,0.0,1.316,1.806,2.358,2.977,4.04,4.624,5.465,6.422,7.699,9.609,14.35,61.0,1.0,0.0,38.0,0.0,0.0,0.0,15.0,0.0,0.0,30.186,0.0,4.92,8.135,11.061,13.83,15.522,17.811,20.785,23.504,1.403,25.79,28.91,31.271,33.813,37.539,42.249,47.488,52.54,60.543,73.948,100.201,0.0,0.0,51.0,0.0,0.0,17.0,0.0,87.0,0.0,5.0,268.28,,,,,,,,,,,,,,,,,,,0.03,0.0,0.0,0.0,0.0,0.01,0.074,0.198,31.0,13.0,10.0,7.0,4.0,2.0,1.0,1.0,1.0,1.0,0.058,0.0,0.0,0.0,0.003,0.043,0.135,0.307,25.0,20.0,11.0,8.0,6.0,3.0,1.0,1.0,1.0,1.0,0.008,0.0,0.0,0.0,0.0,0.0,0.023,0.058,16.0,7.0,5.0,3.0,2.0,1.0,1.0,0.0,0.0,0.0,0.099,0.0,0.0,0.0,0.013,0.135,0.274,0.422,35.0,22.0,15.0,10.0,6.0,2.0,1.0,1.0,1.0,0.0,4.0,3.0,,,,,,,,,,,23.0,26.0,23.0,28.0,30.0,31.0,31.0,0.0,0.0,0.0,0.0,0.0,28.5,,269.34,2.73,,0.0,,,0.0,0.0,0.0,0.0,0.0,0.0,0.0,0.0,0.0,0.0,0.0,0.0,0.0,0.0,0.0,0.0,0.0,0.0,0.0,0.0,0.0,0.0,0.0,0.0,0.0,0.0,0.0,0.0,0.0,0.0,0.0,0.0,0.0,0.0,0.0,0.0,0.0,0.0,0.0,0.0,0.0,0.0,0.0,0.0,0.0,0.0,1.0,0.0,0.0,0.0,0.0,13.2,9.999e+20,6.2,1.2,2.8,3.2,3.6,3.6,4.0,4.4,5.2,5.6,1.6,5.68997,6.14417,6.58629,6.63802,7.5706,8.11802,9.20193,9.72712,11.0872,12.4109,17.8979,6.57032,3.5337,9.0,3.0,2.0,0.0,0.0,0.0,0.0,23.0,3.0,9.999e+20,9.999e+20,9.999e+20,9.999e+20,9.999e+20,,,,,,,,,,,,,,,,,,,,,,,,,,,,,,,,,,,,,,,,,,,,,,,,,,,,,,,,,,,,,,,,,,,,,,,,,,,,,,,,,,,,,,,,,,,,,,,,,,,,,,,,,,,,,,,,,,,,,,,,,,,,,5.0,34.8,0.0,25.2,0.0,,74.0,,,,,,,,,,,,,,,,,,,,,,,,,,,,,,,,,,,,,,,,,,,,,,,,,,,,,,,,,,,,,6.2,1.1,2.3,0.7,5.2,9.7,12.6,13.4,1368.0,296.0,688.0,0.0,1384.0,2000.0,2296.0,2488.0,,,81.0,6.0,,,,270.87,4.3,,273.36,2.85,,,,,,,,,,,,,,,,,,,,,,,,,,,,,,,,,,,,,,,,,,,,,,,,,,,,,,,,,,,,,9.999e+20,,,150.0,,14.0,,,,,0.0,,,,,,,,230.0,230.0,230.0,,271.9,4.8,0.4,1.6,2.0,2.4,2.4,2.8,3.2,3.2,3.6,0.8,4.4,4.4,4.8,5.2,6.0,6.4,6.8,7.2,8.4,11.2,13.6,4.8,2.8,5.0,0.0,0.0,0.0,57.0,0.0,33.0,10.0,5.2,6.0,
2025121513,,,,,,,,,,,,,,,,,,,,,,,,,,,,,,,,,0.465,,,,,,,,,,,,,,,,,,,,,,,,,,,,,,,,,,,,,,,,,,,,,,,,,,,,,,,,,,,,,,,,,,,,,,,,,,,,,,,,,,,,,,,,,,,,,,,,,,,,,,,,,,,,,,,,,,,,,,,,,,,,,,,,,,,,,,,,,,,,,,,,,,,,,,,,,,,,,,,,,,,,,,,,,,,,,,,,,,,,,,,,,,,,,,,,,,,,,,,,,,,,,,,,,,,,,,,,,,,,,,,,,,,,,,,,,,,,,,,,,,,,,,,,,,,,,,,,,,,,,,,,,,,,,,,,,,,,,,,,,,,,,,,,,,,,,,,,,,,,,,,,,,,,,,,,,,,,,,,,,,,,,,,,,,,,,,,,,,,,,,,,,,,,,,,,,,,,,,,,,,,,,,,,,,,,,,,,,,,,,,,,,,,,,,,,,,,,,,,,,,,,,,,,,,,,,,,,,,,,,,,,,,,,,,,,,,,,,,,,,,,,,,,,,,,,,,,,,,,,,,,,,,,,,,,,,,,,,,,,,,,,,,,,,,,,,,,,,,,,,,,,,,,,,,,,,,,,,,,,,,,,,,,,,,,,,,,,,,,,,,,,,,,,,,,,,,,,,,,,,,,,,,,,,,,,,,,,,,,,,,,,,,,,,,,,,,,,,,,,,,,,,,,,,,,,,,,,,,,,,,,,,,,,,,,,,,,,,,,,,,,,,,,,,,,,,,,,,,,,,,,,,,,,,,,,,,,,,,,,
2025121514,,,,,,,,,,,,,,,,,,,,,,,,,,,,,,,,,0.438,,,,,,,,,,,,,,,,,,,,,,,,,,,,,,,,,,,,,,,,,,,,,,,,,,,,,,,,,,,,,,,,,,,,,,,,,,,,,,,,,,,,,,,,,,,,,,,,,,,,,,,,,,,,,,,,,,,,,,,,,,,,,,,,,,,,,,,,,,,,,,,,,,,,,,,,,,,,,,,,,,,,,,,,,,,,,,,,,,,,,,,,,,,,,,,,,,,,,,,,,,,,,,,,,,,,,,,,,,,,,,,,,,,,,,,,,,,,,,,,,,,,,,,,,,,,,,,,,,,,,,,,,,,,,,,,,,,,,,,,,,,,,,,,,,,,,,,,,,,,,,,,,,,,,,,,,,,,,,,,,,,,,,,,,,,,,,,,,,,,,,,,,,,,,,,,,,,,,,,,,,,,,,,,,,,,,,,,,,,,,,,,,,,,,,,,,,,,,,,,,,,,,,,,,,,,,,,,,,,,,,,,,,,,,,,,,,,,,,,,,,,,,,,,,,,,,,,,,,,,,,,,,,,,,,,,,,,,,,,,,,,,,,,,,,,,,,,,,,,,,,,,,,,,,,,,,,,,,,,,,,,,,,,,,,,,,,,,,,,,,,,,,,,,,,,,,,,,,,,,,,,,,,,,,,,,,,,,,,,,,,,,,,,,,,,,,,,,,,,,,,,,,,,,,,,,,,,,,,,,,,,,,,,,,,,,,,,,,,,,,,,,,,,,,,,,,,,,,,,,,,,,,,,,,,,,,,,,,,,,
2025121515,,,,,,,,,,,,,,,,,,,,,,,,,,,,,,,,,0.456,,,,,,,,,,,,,,,,,,,,,,,,,,,,,,,,,,,,,,,,,,,,,,,,,,,,,,,,,,,,,,,,,,,,,,,,,,,,,,,,,,,,,,,,,,,,,,,,,,,,,,,,,,,,,,,,,,,,,,,,,,,,,,,,,,,,,,,,,,,,,,,,,,,,,,,,,,,,,,,,,,,,,,,,,,,,,,,,,,,,,,,,,,,,,,,,,,,,,,,,,,,,,,,,,,,,,,,,,,,,,,,,,,,,,,,,,,,,,,,,,,,,,,,,,,,,,,,,,,,,,,,,,,,,,,,,,,,,,,,,,,,,,,,,,,,,,,,,,,,,,,,,,,,,,,,,,,,,,,,,,,,,,,,,,,,,,,,,,,,,,,,,,,,,,,,,,,,,,,,,,,,,,,,,,,,,,,,,,,,,,,,,,,,,,,,,,,,,,,,,,,,,,,,,,,,,,,,,,,,,,,,,,,,,,,,,,,,,,,,,,,,,,,,,,,,,,,,,,,,,,,,,,,,,,,,,,,,,,,,,,,,,,,,,,,,,,,,,,,,,,,,,,,,,,,,,,,,,,,,,,,,,,,,,,,,,,,,,,,,,,,,,,,,,,,,,,,,,,,,,,,,,,,,,,,,,,,,,,,,,,,,,,,,,,,,,,,,,,,,,,,,,,,,,,,,,,,,,,,,,,,,,,,,,,,,,,,,,,,,,,,,,,,,,,,,,,,,,,,,,,,,,,,,,,,,,,,,,,,,,
2025121516,,,,,,,,,,,,,,,,,,,,,,,,,,,,,,,,,0.559,,,,,,,,,,,,,,,,,,,,,,,,,,,,,,,,,,,,,,,,,,,,,,,,,,,,,,,,,,,,,,,,,,,,,,,,,,,,,,,,,,,,,,,,,,,,,,,,,,,,,,,,,,,,,,,,,,,,,,,,,,,,,,,,,,,,,,,,,,,,,,,,,,,,,,,,,,,,,,,,,,,,,,,,,,,,,,,,,,,,,,,,,,,,,,,,,,,,,,,,,,,,,,,,,,,,,,,,,,,,,,,,,,,,,,,,,,,,,,,,,,,,,,,,,,,,,,,,,,,,,,,,,,,,,,,,,,,,,,,,,,,,,,,,,,,,,,,,,,,,,,,,,,,,,,,,,,,,,,,,,,,,,,,,,,,,,,,,,,,,,,,,,,,,,,,,,,,,,,,,,,,,,,,,,,,,,,,,,,,,,,,,,,,,,,,,,,,,,,,,,,,,,,,,,,,,,,,,,,,,,,,,,,,,,,,,,,,,,,,,,,,,,,,,,,,,,,,,,,,,,,,,,,,,,,,,,,,,,,,,,,,,,,,,,,,,,,,,,,,,,,,,,,,,,,,,,,,,,,,,,,,,,,,,,,,,,,,,,,,,,,,,,,,,,,,,,,,,,,,,,,,,,,,,,,,,,,,,,,,,,,,,,,,,,,,,,,,,,,,,,,,,,,,,,,,,,,,,,,,,,,,,,,,,,,,,,,,,,,,,,,,,,,,,,,,,,,,,,,,,,,,,,,,,,,,,,,,,,,,,
2025121517,,,,,,,,,,,,,,,,,,,,,,,,,,,,,,,,,0.594,,,,,,,,,,,,,,,,,,,,,,,,,,,,,,,,,,,,,,,,,,,,,,,,,,,,,,,,,,,,,,,,,,,,,,,,,,,,,,,,,,,,,,,,,,,,,,,,,,,,,,,,,,,,,,,,,,,,,,,,,,,,,,,,,,,,,,,,,,,,,,,,,,,,,,,,,,,,,,,,,,,,,,,,,,,,,,,,,,,,,,,,,,,,,,,,,,,,,,,,,,,,,,,,,,,,,,,,,,,,,,,,,,,,,,,,,,,,,,,,,,,,,,,,,,,,,,,,,,,,,,,,,,,,,,,,,,,,,,,,,,,,,,,,,,,,,,,,,,,,,,,,,,,,,,,,,,,,,,,,,,,,,,,,,,,,,,,,,,,,,,,,,,,,,,,,,,,,,,,,,,,,,,,,,,,,,,,,,,,,,,,,,,,,,,,,,,,,,,,,,,,,,,,,,,,,,,,,,,,,,,,,,,,,,,,,,,,,,,,,,,,,,,,,,,,,,,,,,,,,,,,,,,,,,,,,,,,,,,,,,,,,,,,,,,,,,,,,,,,,,,,,,,,,,,,,,,,,,,,,,,,,,,,,,,,,,,,,,,,,,,,,,,,,,,,,,,,,,,,,,,,,,,,,,,,,,,,,,,,,,,,,,,,,,,,,,,,,,,,,,,,,,,,,,,,,,,,,,,,,,,,,,,,,,,,,,,,,,,,,,,,,,,,,,,,,,,,,,,,,,,,,,,,,,,,,,,,,,,,,
2025121518,6.098,0.0,0.0,0.0,0.0,0.062,0.509,1.271,2.166,3.147,0.0,4.074,5.173,6.063,7.126,8.402,9.744,11.716,13.328,16.068,19.565,25.448,73.0,0.0,17.0,0.0,6.0,58.0,1.0,0.0,39.0,0.0,0.675,,,,,,,,,,,,,,,,,,,,,,,,,,,,,,,,,,,,,,,,,,,,,,,,,,,,,,,,,,,,,,,,,,3.556,0.0,0.0,0.0,0.0,0.0,0.0,0.082,0.375,0.746,0.0,1.385,2.131,2.831,3.535,4.451,5.642,6.934,8.49,10.039,12.633,18.001,61.0,5.0,1.0,41.0,0.0,0.0,0.0,23.0,0.0,0.0,,,,,,,,,,,,,,,,,,,,,,,,,,,,,,,,,268.31,,,,,,,,,,,,,,,,,,,0.03,,,,,,,,,,,,,,,,,,0.061,,,,,,,,,,,,,,,,,,0.008,0.0,0.0,0.0,0.0,0.0,0.023,0.058,16.0,7.0,4.0,3.0,2.0,1.0,0.0,0.0,0.0,0.0,0.102,,,,,,,,,,,,,,,,,,5.0,8.0,,,,,,,,,,,21.0,27.0,21.0,28.0,30.0,31.0,31.0,0.0,0.0,0.0,0.0,0.0,28.7,,270.72,2.3,,18.0,3.0,,0.0,,,,,,,,,,,,,,,,,,,,,,,,,0.0,0.0,0.0,0.0,0.0,0.0,0.0,0.0,0.0,0.0,0.0,0.0,0.0,0.0,,,,,,,,,,,,,12.0,,6.9,1.6,2.4,3.2,3.6,3.6,4.47306,4.52341,4.96639,5.40241,2.0,5.83973,6.68947,7.14361,7.1996,7.71352,8.58299,9.8439,10.9896,12.049,13.5089,18.4851,6.94296,4.01658,12.0,3.0,3.0,0.0,0.0,0.0,0.0,24.0,2.0,,,,,,,,,,,,,,,,,,,,,,,,,,,,,,,,,,,,,,,,,,,,,,,,,,,,,,,,,,,,,,,,,,,,,,,,,,,,,,,,,,,,,,,,,,,,,,,,,,,,,,,,,,,,,,,,,,,,,,,,,,,,,,,85.0,,0.0,,40.8,0.0,22.8,0.0,,85.0,,,,,,,,,,,,,,,,,,,,,,,,,,,,,,,,,,,,,,,,,,,,,,,,,,,,,,,,,,,,,7.0,1.9,2.9,1.5,6.3,10.6,14.6,15.4,1448.0,472.0,960.0,288.0,1520.0,1936.0,2376.0,2520.0,,,79.0,7.0,,,,,,3.50051,272.79,2.32,,,,,,,,,,,,,,,,,,,,,,,,,,,,,,,272.186,263.636,266.759,268.605,269.126,269.951,270.673,271.346,272.327,273.134,265.175,273.149,273.185,273.491,273.772,274.285,274.92,275.197,275.189,275.871,276.511,277.493,0.0,0.0,0.0,0.0,0.0,32.0,51.0,0.0,9.999e+20,,,130.0,4.5,,,,,,0.0,,,,,,,635.0,230.0,230.0,230.0,,272.5,4.5,0.8,1.2,1.6,2.0,2.0,2.4,2.8,2.8,3.2,1.2,3.6,3.6,4.4,4.8,5.6,6.0,7.2,7.6,8.8,11.285,12.1382,4.45003,2.97982,3.0,0.0,0.0,0.0,48.0,0.0,31.0,11.0,5.3,5.7,
2025121519,,,,,,,,,,,,,,,,,,,,,,,,,,,,,,,,,0.658,,,,,,,,,,,,,,,,,,,,,,,,,,,,,,,,,,,,,,,,,,,,,,,,,,,,,,,,,,,,,,,,,,,,,,,,,,,,,,,,,,,,,,,,,,,,,,,,,,,,,,,,,,,,,,,,,,,,,,,,,,,,,,,,,,,,,,,,,,,,,,,,,,,,,,,,,,,,,,,,,,,,,,,,,,,,,,,,,,,,,,,,,,,,,,,,,,,,,,,,,,,,,,,,,,,,,,,,,,,,,,,,,,,,,,,,,,,,,,,,,,,,,,,,,,,,,,,,,,,,,,,,,,,,,,,,,,,,,,,,,,,,,,,,,,,,,,,,,,,,,,,,,,,,,,,,,,,,,,,,,,,,,,,,,,,,,,,,,,,,,,,,,,,,,,,,,,,,,,,,,,,,,,,,,,,,,,,,,,,,,,,,,,,,,,,,,,,,,,,,,,,,,,,,,,,,,,,,,,,,,,,,,,,,,,,,,,,,,,,,,,,,,,,,,,,,,,,,,,,,,,,,,,,,,,,,,,,,,,,,,,,,,,,,,,,,,,,,,,,,,,,,,,,,,,,,,,,,,,,,,,,,,,,,,,,,,,,,,,,,,,,,,,,,,,,,,,,,,,,,,,,,,,,,,,,,,,,,,,,,,,,,,,,,,,,,,,,,,,,,,,,,,,,,,,,,,,,,,,,,,,,,,,,,,,,,,,,,,,,,,,,,,,,,,,,,,,,,,,,,,,,,,,,,,,,,,,,,,,,,
2025121520,,,,,,,,,,,,,,,,,,,,,,,,,,,,,,,,,0.594,,,,,,,,,,,,,,,,,,,,,,,,,,,,,,,,,,,,,,,,,,,,,,,,,,,,,,,,,,,,,,,,,,,,,,,,,,,,,,,,,,,,,,,,,,,,,,,,,,,,,,,,,,,,,,,,,,,,,,,,,,,,,,,,,,,,,,,,,,,,,,,,,,,,,,,,,,,,,,,,,,,,,,,,,,,,,,,,,,,,,,,,,,,,,,,,,,,,,,,,,,,,,,,,,,,,,,,,,,,,,,,,,,,,,,,,,,,,,,,,,,,,,,,,,,,,,,,,,,,,,,,,,,,,,,,,,,,,,,,,,,,,,,,,,,,,,,,,,,,,,,,,,,,,,,,,,,,,,,,,,,,,,,,,,,,,,,,,,,,,,,,,,,,,,,,,,,,,,,,,,,,,,,,,,,,,,,,,,,,,,,,,,,,,,,,,,,,,,,,,,,,,,,,,,,,,,,,,,,,,,,,,,,,,,,,,,,,,,,,,,,,,,,,,,,,,,,,,,,,,,,,,,,,,,,,,,,,,,,,,,,,,,,,,,,,,,,,,,,,,,,,,,,,,,,,,,,,,,,,,,,,,,,,,,,,,,,,,,,,,,,,,,,,,,,,,,,,,,,,,,,,,,,,,,,,,,,,,,,,,,,,,,,,,,,,,,,,,,,,,,,,,,,,,,,,,,,,,,,,,,,,,,,,,,,,,,,,,,,,,,,,,,,,,,,,,,,,,,,,,,,,,,,,,,,,,,,,,,,,,
2025121521,,,,,,,,,,,,,,,,,,,,,,,,,,,,,,,,,0.588,,,,,,,,,,,,,,,,,,,,,,,,,,,,,,,,,,,,,,,,,,,,,,,,,,,,,,,,,,,,,,,,,,,,,,,,,,,,,,,,,,,,,,,,,,,,,,,,,,,,,,,,,,,,,,,,,,,,,,,,,,,,,,,,,,,,,,,,,,,,,,,,,,,,,,,,,,,,,,,,,,,,,,,,,,,,,,,,,,,,,,,,,,,,,,,,,,,,,,,,,,,,,,,,,,,,,,,,,,,,,,,,,,,,,,,,,,,,,,,,,,,,,,,,,,,,,,,,,,,,,,,,,,,,,,,,,,,,,,,,,,,,,,,,,,,,,,,,,,,,,,,,,,,,,,,,,,,,,,,,,,,,,,,,,,,,,,,,,,,,,,,,,,,,,,,,,,,,,,,,,,,,,,,,,,,,,,,,,,,,,,,,,,,,,,,,,,,,,,,,,,,,,,,,,,,,,,,,,,,,,,,,,,,,,,,,,,,,,,,,,,,,,,,,,,,,,,,,,,,,,,,,,,,,,,,,,,,,,,,,,,,,,,,,,,,,,,,,,,,,,,,,,,,,,,,,,,,,,,,,,,,,,,,,,,,,,,,,,,,,,,,,,,,,,,,,,,,,,,,,,,,,,,,,,,,,,,,,,,,,,,,,,,,,,,,,,,,,,,,,,,,,,,,,,,,,,,,,,,,,,,,,,,,,,,,,,,,,,,,,,,,,,,,,,,,,,,,,,,,,,,,,,,,,,,,,,,,,,,,,
2025121522,,,,,,,,,,,,,,,,,,,,,,,,,,,,,,,,,0.575,,,,,,,,,,,,,,,,,,,,,,,,,,,,,,,,,,,,,,,,,,,,,,,,,,,,,,,,,,,,,,,,,,,,,,,,,,,,,,,,,,,,,,,,,,,,,,,,,,,,,,,,,,,,,,,,,,,,,,,,,,,,,,,,,,,,,,,,,,,,,,,,,,,,,,,,,,,,,,,,,,,,,,,,,,,,,,,,,,,,,,,,,,,,,,,,,,,,,,,,,,,,,,,,,,,,,,,,,,,,,,,,,,,,,,,,,,,,,,,,,,,,,,,,,,,,,,,,,,,,,,,,,,,,,,,,,,,,,,,,,,,,,,,,,,,,,,,,,,,,,,,,,,,,,,,,,,,,,,,,,,,,,,,,,,,,,,,,,,,,,,,,,,,,,,,,,,,,,,,,,,,,,,,,,,,,,,,,,,,,,,,,,,,,,,,,,,,,,,,,,,,,,,,,,,,,,,,,,,,,,,,,,,,,,,,,,,,,,,,,,,,,,,,,,,,,,,,,,,,,,,,,,,,,,,,,,,,,,,,,,,,,,,,,,,,,,,,,,,,,,,,,,,,,,,,,,,,,,,,,,,,,,,,,,,,,,,,,,,,,,,,,,,,,,,,,,,,,,,,,,,,,,,,,,,,,,,,,,,,,,,,,,,,,,,,,,,,,,,,,,,,,,,,,,,,,,,,,,,,,,,,,,,,,,,,,,,,,,,,,,,,,,,,,,,,,,,,,,,,,,,,,,,,,,,,,,,,,,,,,
2025121523,,,,,,,,,,,,,,,,,,,,,,,,,,,,,,,,,0.626,,,,,,,,,,,,,,,,,,,,,,,,,,,,,,,,,,,,,,,,,,,,,,,,,,,,,,,,,,,,,,,,,,,,,,,,,,,,,,,,,,,,,,,,,,,,,,,,,,,,,,,,,,,,,,,,,,,,,,,,,,,,,,,,,,,,,,,,,,,,,,,,,,,,,,,,,,,,,,,,,,,,,,,,,,,,,,,,,,,,,,,,,,,,,,,,,,,,,,,,,,,,,,,,,,,,,,,,,,,,,,,,,,,,,,,,,,,,,,,,,,,,,,,,,,,,,,,,,,,,,,,,,,,,,,,,,,,,,,,,,,,,,,,,,,,,,,,,,,,,,,,,,,,,,,,,,,,,,,,,,,,,,,,,,,,,,,,,,,,,,,,,,,,,,,,,,,,,,,,,,,,,,,,,,,,,,,,,,,,,,,,,,,,,,,,,,,,,,,,,,,,,,,,,,,,,,,,,,,,,,,,,,,,,,,,,,,,,,,,,,,,,,,,,,,,,,,,,,,,,,,,,,,,,,,,,,,,,,,,,,,,,,,,,,,,,,,,,,,,,,,,,,,,,,,,,,,,,,,,,,,,,,,,,,,,,,,,,,,,,,,,,,,,,,,,,,,,,,,,,,,,,,,,,,,,,,,,,,,,,,,,,,,,,,,,,,,,,,,,,,,,,,,,,,,,,,,,,,,,,,,,,,,,,,,,,,,,,,,,,,,,,,,,,,,,,,,,,,,,,,,,,,,,,,,,,,,,,,,,,
2025121600,7.396,0.0,0.0,0.0,0.0,0.145,0.696,1.43,2.209,3.261,0.0,4.236,5.368,6.695,8.049,9.425,11.327,13.422,15.977,19.014,24.86,43.264,74.0,0.0,22.0,0.0,10.0,58.0,5.0,0.0,41.0,0.0,0.758,,15.823,0.0,0.0,0.027,0.882,2.588,4.134,6.427,8.147,10.331,0.0,12.352,14.64,16.94,19.423,21.814,24.53,27.61,31.154,35.958,45.1,64.789,83.0,0.0,49.0,0.0,0.0,0.0,24.0,3.0,65.0,0.0,,,,,,,,,,,,,,,,,,,,,,,,,,,,,,,,,4.064,0.0,0.0,0.0,0.0,0.0,0.0,0.172,0.528,0.949,0.0,1.47,1.957,2.624,3.39,4.631,6.182,7.599,9.116,11.926,16.084,26.225,64.0,9.0,3.0,41.0,1.0,0.0,0.0,24.0,0.0,0.0,,,,,,,,,,,,,,,,,,,,,,,,,,,,,,,,,268.17,,,,,,,,,,,,,,,,,,,0.03,0.0,0.0,0.0,0.0,0.025,0.094,0.15,31.0,17.0,14.0,6.0,4.0,2.0,2.0,1.0,1.0,0.0,0.066,0.0,0.0,0.0,0.008,0.033,0.18,0.391,23.0,16.0,12.0,9.0,8.0,5.0,2.0,1.0,1.0,1.0,0.01,0.0,0.0,0.0,0.0,0.003,0.03,0.079,17.0,7.0,4.0,4.0,2.0,1.0,0.0,0.0,0.0,0.0,0.097,0.0,0.0,0.0,0.018,0.094,0.333,0.483,35.0,19.0,13.0,9.0,7.0,3.0,2.0,1.0,1.0,0.0,3.0,2.0,,,,,,,,,,,22.0,25.0,22.0,27.0,31.0,32.0,32.0,0.0,0.0,0.0,0.0,0.0,29.1,,271.09,2.17,,134.0,,,0.0,0.0,0.0,0.0,0.0,0.0,0.0,0.0,0.0,0.0,0.0,0.0,0.0,0.0,0.0,0.0,0.0,0.0,0.0,0.0,0.0,0.0,0.0,0.0,0.0,0.0,0.0,0.0,0.0,0.0,0.0,0.0,0.0,0.0,0.0,0.0,0.0,0.0,0.0,0.0,0.0,0.0,0.0,0.0,0.0,0.0,1.0,0.0,0.0,0.0,0.0,7.2,,6.4,0.4,1.2,2.0,2.4,2.60614,3.10177,4.3333,4.40572,4.88777,0.8,5.35969,5.84365,6.41811,7.68477,8.52073,8.97184,9.42842,10.7456,11.3503,13.1025,15.821,6.03185,3.97314,11.0,3.0,0.0,0.0,0.0,0.0,0.0,29.0,2.0,,,,,,,,,,,,,,,,,,,,,,,,,,,,,,,,,,,,,,,,,,,,,,,,,,,,,,,,,,,,,,,,,,,,,,,,,,,,,,,,,,,,,,,,,,,,,,,,,,,,,,,,,,,,,,,,,,,,,,,,,,,,,,,,,,5.0,38.4,0.0,34.8,0.0,,90.0,,,,,,,,,,,,,,,,,,,,,,,,,,,,,,,,,,,,,,,,,,,,,,,,,,,,,,,,,,,,,8.1,2.3,4.1,2.0,7.7,11.1,14.8,15.8,1384.0,624.0,936.0,392.0,1368.0,1896.0,2256.0,2400.0,,,83.0,8.0,,274.22,2.58,,,,272.62,2.19,,,,,,,,,,,,,,,,,,,,,,,,,,,,,,,,,,,,,,,,,,,,,,,,,,,,,,,,,,,,,9.999e+20,,,160.0,,17.0,,,,,0.0,,,,,,,,170.0,170.0,170.0,,272.4,4.1,0.0,0.4,0.8,1.2,1.2,1.6,2.4,2.4,2.8,0.0,3.2,3.6,4.0,4.4,5.6,6.0,6.8,8.4,9.2,10.4,11.7291,4.12693,3.44994,3.0,0.0,0.0,0.0,46.0,0.0,31.0,12.0,4.5,5.3,
2025121601,,,,,,,,,,,,,,,,,,,,,,,,,,,,,,,,,0.719,,,,,,,,,,,,,,,,,,,,,,,,,,,,,,,,,,,,,,,,,,,,,,,,,,,,,,,,,,,,,,,,,,,,,,,,,,,,,,,,,,,,,,,,,,,,,,,,,,,,,,,,,,,,,,,,,,,,,,,,,,,,,,,,,,,,,,,,,,,,,,,,,,,,,,,,,,,,,,,,,,,,,,,,,,,,,,,,,,,,,,,,,,,,,,,,,,,,,,,,,,,,,,,,,,,,,,,,,,,,,,,,,,,,,,,,,,,,,,,,,,,,,,,,,,,,,,,,,,,,,,,,,,,,,,,,,,,,,,,,,,,,,,,,,,,,,,,,,,,,,,,,,,,,,,,,,,,,,,,,,,,,,,,,,,,,,,,,,,,,,,,,,,,,,,,,,,,,,,,,,,,,,,,,,,,,,,,,,,,,,,,,,,,,,,,,,,,,,,,,,,,,,,,,,,,,,,,,,,,,,,,,,,,,,,,,,,,,,,,,,,,,,,,,,,,,,,,,,,,,,,,,,,,,,,,,,,,,,,,,,,,,,,,,,,,,,,,,,,,,,,,,,,,,,,,,,,,,,,,,,,,,,,,,,,,,,,,,,,,,,,,,,,,,,,,,,,,,,,,,,,,,,,,,,,,,,,,,,,,,,,,,,,,,,,,,,,,,,,,,,,,,,,,,,,,,,,,,,,,,,,,,,,,,,,,,,,,,,,,,,,,,,,,,,,,,,,,,,,,,,,,,,,,,,,,,,,,,,,,,
2025121602,,,,,,,,,,,,,,,,,,,,,,,,,,,,,,,,,0.615,,,,,,,,,,,,,,,,,,,,,,,,,,,,,,,,,,,,,,,,,,,,,,,,,,,,,,,,,,,,,,,,,,,,,,,,,,,,,,,,,,,,,,,,,,,,,,,,,,,,,,,,,,,,,,,,,,,,,,,,,,,,,,,,,,,,,,,,,,,,,,,,,,,,,,,,,,,,,,,,,,,,,,,,,,,,,,,,,,,,,,,,,,,,,,,,,,,,,,,,,,,,,,,,,,,,,,,,,,,,,,,,,,,,,,,,,,,,,,,,,,,,,,,,,,,,,,,,,,,,,,,,,,,,,,,,,,,,,,,,,,,,,,,,,,,,,,,,,,,,,,,,,,,,,,,,,,,,,,,,,,,,,,,,,,,,,,,,,,,,,,,,,,,,,,,,,,,,,,,,,,,,,,,,,,,,,,,,,,,,,,,,,,,,,,,,,,,,,,,,,,,,,,,,,,,,,,,,,,,,,,,,,,,,,,,,,,,,,,,,,,,,,,,,,,,,,,,,,,,,,,,,,,,,,,,,,,,,,,,,,,,,,,,,,,,,,,,,,,,,,,,,,,,,,,,,,,,,,,,,,,,,,,,,,,,,,,,,,,,,,,,,,,,,,,,,,,,,,,,,,,,,,,,,,,,,,,,,,,,,,,,,,,,,,,,,,,,,,,,,,,,,,,,,,,,,,,,,,,,,,,,,,,,,,,,,,,,,,,,,,,,,,,,,,,,,,,,,,,,,,,,,,,,,,,,,,,,,,,,,
2025121603,,,,,,,,,,,,,,,,,,,,,,,,,,,,,,,,,0.508,,,,,,,,,,,,,,,,,,,,,,,,,,,,,,,,,,,,,,,,,,,,,,,,,,,,,,,,,,,,,,,,,,,,,,,,,,,,,,,,,,,,,,,,,,,,,,,,,,,,,,,,,,,,,,,,,,,,,,,,,,,,,,,,,,,,,,,,,,,,,,,,,,,,,,,,,,,,,,,,,,,,,,,,,,,,,,,,,,,,,,,,,,,,,,,,,,,,,,,,,,,,,,,,,,,,,,,,,,,,,,,,,,,,,,,,,,,,,,,,,,,,,,,,,,,,,,,,,,,,,,,,,,,,,,,,,,,,,,,,,,,,,,,,,,,,,,,,,,,,,,,,,,,,,,,,,,,,,,,,,,,,,,,,,,,,,,,,,,,,,,,,,,,,,,,,,,,,,,,,,,,,,,,,,,,,,,,,,,,,,,,,,,,,,,,,,,,,,,,,,,,,,,,,,,,,,,,,,,,,,,,,,,,,,,,,,,,,,,,,,,,,,,,,,,,,,,,,,,,,,,,,,,,,,,,,,,,,,,,,,,,,,,,,,,,,,,,,,,,,,,,,,,,,,,,,,,,,,,,,,,,,,,,,,,,,,,,,,,,,,,,,,,,,,,,,,,,,,,,,,,,,,,,,,,,,,,,,,,,,,,,,,,,,,,,,,,,,,,,,,,,,,,,,,,,,,,,,,,,,,,,,,,,,,,,,,,,,,,,,,,,,,,,,,,,,,,,,,,,,,,,,,,,,,,,,,,,,,,,,
2025121604,,,,,,,,,,,,,,,,,,,,,,,,,,,,,,,,,0.508,,,,,,,,,,,,,,,,,,,,,,,,,,,,,,,,,,,,,,,,,,,,,,,,,,,,,,,,,,,,,,,,,,,,,,,,,,,,,,,,,,,,,,,,,,,,,,,,,,,,,,,,,,,,,,,,,,,,,,,,,,,,,,,,,,,,,,,,,,,,,,,,,,,,,,,,,,,,,,,,,,,,,,,,,,,,,,,,,,,,,,,,,,,,,,,,,,,,,,,,,,,,,,,,,,,,,,,,,,,,,,,,,,,,,,,,,,,,,,,,,,,,,,,,,,,,,,,,,,,,,,,,,,,,,,,,,,,,,,,,,,,,,,,,,,,,,,,,,,,,,,,,,,,,,,,,,,,,,,,,,,,,,,,,,,,,,,,,,,,,,,,,,,,,,,,,,,,,,,,,,,,,,,,,,,,,,,,,,,,,,,,,,,,,,,,,,,,,,,,,,,,,,,,,,,,,,,,,,,,,,,,,,,,,,,,,,,,,,,,,,,,,,,,,,,,,,,,,,,,,,,,,,,,,,,,,,,,,,,,,,,,,,,,,,,,,,,,,,,,,,,,,,,,,,,,,,,,,,,,,,,,,,,,,,,,,,,,,,,,,,,,,,,,,,,,,,,,,,,,,,,,,,,,,,,,,,,,,,,,,,,,,,,,,,,,,,,,,,,,,,,,,,,,,,,,,,,,,,,,,,,,,,,,,,,,,,,,,,,,,,,,,,,,,,,,,,,,,,,,,,,,,,,,,,,,,,,,,,,,,
2025121605,,,,,,,,,,,,,,,,,,,,,,,,,,,,,,,,,0.508,,,,,,,,,,,,,,,,,,,,,,,,,,,,,,,,,,,,,,,,,,,,,,,,,,,,,,,,,,,,,,,,,,,,,,,,,,,,,,,,,,,,,,,,,,,,,,,,,,,,,,,,,,,,,,,,,,,,,,,,,,,,,,,,,,,,,,,,,,,,,,,,,,,,,,,,,,,,,,,,,,,,,,,,,,,,,,,,,,,,,,,,,,,,,,,,,,,,,,,,,,,,,,,,,,,,,,,,,,,,,,,,,,,,,,,,,,,,,,,,,,,,,,,,,,,,,,,,,,,,,,,,,,,,,,,,,,,,,,,,,,,,,,,,,,,,,,,,,,,,,,,,,,,,,,,,,,,,,,,,,,,,,,,,,,,,,,,,,,,,,,,,,,,,,,,,,,,,,,,,,,,,,,,,,,,,,,,,,,,,,,,,,,,,,,,,,,,,,,,,,,,,,,,,,,,,,,,,,,,,,,,,,,,,,,,,,,,,,,,,,,,,,,,,,,,,,,,,,,,,,,,,,,,,,,,,,,,,,,,,,,,,,,,,,,,,,,,,,,,,,,,,,,,,,,,,,,,,,,,,,,,,,,,,,,,,,,,,,,,,,,,,,,,,,,,,,,,,,,,,,,,,,,,,,,,,,,,,,,,,,,,,,,,,,,,,,,,,,,,,,,,,,,,,,,,,,,,,,,,,,,,,,,,,,,,,,,,,,,,,,,,,,,,,,,,,,,,,,,,,,,,,,,,,,,,,,,,,,,,,
2025121606,,,,,,,,,,,,,,,,,,,,,,,76.0,,,,,,,,,,0.508,,,,,,,,,,,,,,,,,,,,,,,,,,,,,,,,,,,,,,,,,,,,,,,,,,,,,,,,,,,,,,,,,,3.048,,,,,,,,,,,,,,,,,,,,,,65.0,,,,,,,,,,,,,,,,,,,,,,,,,,,,,,,,,,,,,,,,,,269.62,,,,,,,,,,,,,,,,,,,0.041,,,,,,,,,,,,,,,,,,0.071,,,,,,,,,,,,,,,,,,0.013,0.0,0.0,0.0,0.0,0.008,0.043,0.074,18.0,8.0,5.0,3.0,2.0,1.0,0.0,0.0,0.0,0.0,0.099,,,,,,,,,,,,,,,,,,3.0,3.0,,,,,,,,,,,19.0,26.0,19.0,28.0,31.0,35.0,35.0,0.0,0.0,0.0,0.0,0.0,30.0,,271.3,0.85,,0.0,0.0,,0.0,,,,,,,,,,,,,,,,,,,,,,,,,0.0,0.0,0.0,0.0,0.0,0.0,0.0,0.0,1.0,0.0,0.0,0.0,0.0,0.0,,,,,,,,,,,,,10.0,,7.1,,,,,,,,,,,,,,,,,,,,,,,3.8,,,,,,,,,2.0,,,,,,,,,,,,,,,,,,,,,,,,,,,,,,,,,,,,,,,,,,,,,,,,,,,,,,,,,,,,,,,,,,,,,,,,,,,,,,,,,,,,,,,,,,,,,,,,,,,,,,,,,,,,,,,,,,,,,,,,,,,,,,,,80.0,0.0,,38.4,1.2,34.8,0.0,,80.0,,,,,,,,,,,,,,,,,,,,,,,,,,,,,,,,,,,,,,,,,,,,,,,,,,,,,,,,,,,,,8.4,2.5,4.8,1.8,7.4,12.7,15.7,16.4,1344.0,512.0,800.0,392.0,1312.0,1864.0,2152.0,2240.0,,,76.0,5.0,,,,,,,274.5,0.84,,,,,,,,,,,,,,,,,,,,,,,,,,,,,,,,,,,,,,,,,,,,,,,,,,,,,,,,,,,,,9.999e+20,,,170.0,5.0,,,,,,2.0,,,,,,,693.0,180.0,180.0,180.0,,273.4,5.2,,,,,,,,,,,,,,,,,,,,,,,3.12,,,,,,,,,5.6,6.4,
2025121607,,,,,,,,,,,,,,,,,,,,,,,,,,,,,,,,,0.508,,,,,,,,,,,,,,,,,,,,,,,,,,,,,,,,,,,,,,,,,,,,,,,,,,,,,,,,,,,,,,,,,,,,,,,,,,,,,,,,,,,,,,,,,,,,,,,,,,,,,,,,,,,,,,,,,,,,,,,,,,,,,,,,,,,,,,,,,,,,,,,,,,,,,,,,,,,,,,,,,,,,,,,,,,,,,,,,,,,,,,,,,,,,,,,,,,,,,,,,,,,,,,,,,,,,,,,,,,,,,,,,,,,,,,,,,,,,,,,,,,,,,,,,,,,,,,,,,,,,,,,,,,,,,,,,,,,,,,,,,,,,,,,,,,,,,,,,,,,,,,,,,,,,,,,,,,,,,,,,,,,,,,,,,,,,,,,,,,,,,,,,,,,,,,,,,,,,,,,,,,,,,,,,,,,,,,,,,,,,,,,,,,,,,,,,,,,,,,,,,,,,,,,,,,,,,,,,,,,,,,,,,,,,,,,,,,,,,,,,,,,,,,,,,,,,,,,,,,,,,,,,,,,,,,,,,,,,,,,,,,,,,,,,,,,,,,,,,,,,,,,,,,,,,,,,,,,,,,,,,,,,,,,,,,,,,,,,,,,,,,,,,,,,,,,,,,,,,,,,,,,,,,,,,,,,,,,,,,,,,,,,,,,,,,,,,,,,,,,,,,,,,,,,,,,,,,,,,,,,,,,,,,,,,,,,,,,,,,,,,,,,,,,,,,,,,,,,,,,,,,,,,,,,,,,,,,,,,,,,
2025121608,,,,,,,,,,,,,,,,,,,,,,,,,,,,,,,,,0.508,,,,,,,,,,,,,,,,,,,,,,,,,,,,,,,,,,,,,,,,,,,,,,,,,,,,,,,,,,,,,,,,,,,,,,,,,,,,,,,,,,,,,,,,,,,,,,,,,,,,,,,,,,,,,,,,,,,,,,,,,,,,,,,,,,,,,,,,,,,,,,,,,,,,,,,,,,,,,,,,,,,,,,,,,,,,,,,,,,,,,,,,,,,,,,,,,,,,,,,,,,,,,,,,,,,,,,,,,,,,,,,,,,,,,,,,,,,,,,,,,,,,,,,,,,,,,,,,,,,,,,,,,,,,,,,,,,,,,,,,,,,,,,,,,,,,,,,,,,,,,,,,,,,,,,,,,,,,,,,,,,,,,,,,,,,,,,,,,,,,,,,,,,,,,,,,,,,,,,,,,,,,,,,,,,,,,,,,,,,,,,,,,,,,,,,,,,,,,,,,,,,,,,,,,,,,,,,,,,,,,,,,,,,,,,,,,,,,,,,,,,,,,,,,,,,,,,,,,,,,,,,,,,,,,,,,,,,,,,,,,,,,,,,,,,,,,,,,,,,,,,,,,,,,,,,,,,,,,,,,,,,,,,,,,,,,,,,,,,,,,,,,,,,,,,,,,,,,,,,,,,,,,,,,,,,,,,,,,,,,,,,,,,,,,,,,,,,,,,,,,,,,,,,,,,,,,,,,,,,,,,,,,,,,,,,,,,,,,,,,,,,,,,,,,,,,,,,,,,,,,,,,,,,,,,,,,,,,,,,,
2025121609,,,,,,,,,,,,,,,,,,,,,,,,,,,,,,,,,0.508,,,,,,,,,,,,,,,,,,,,,,,,,,,,,,,,,,,,,,,,,,,,,,,,,,,,,,,,,,,,,,,,,,,,,,,,,,,,,,,,,,,,,,,,,,,,,,,,,,,,,,,,,,,,,,,,,,,,,,,,,,,,,,,,,,,,,,,,,,,,,,,,,,,,,,,,,,,,,,,,,,,,,,,,,,,,,,,,,,,,,,,,,,,,,,,,,,,,,,,,,,,,,,,,,,,,,,,,,,,,,,,,,,,,,,,,,,,,,,,,,,,,,,,,,,,,,,,,,,,,,,,,,,,,,,,,,,,,,,,,,,,,,,,,,,,,,,,,,,,,,,,,,,,,,,,,,,,,,,,,,,,,,,,,,,,,,,,,,,,,,,,,,,,,,,,,,,,,,,,,,,,,,,,,,,,,,,,,,,,,,,,,,,,,,,,,,,,,,,,,,,,,,,,,,,,,,,,,,,,,,,,,,,,,,,,,,,,,,,,,,,,,,,,,,,,,,,,,,,,,,,,,,,,,,,,,,,,,,,,,,,,,,,,,,,,,,,,,,,,,,,,,,,,,,,,,,,,,,,,,,,,,,,,,,,,,,,,,,,,,,,,,,,,,,,,,,,,,,,,,,,,,,,,,,,,,,,,,,,,,,,,,,,,,,,,,,,,,,,,,,,,,,,,,,,,,,,,,,,,,,,,,,,,,,,,,,,,,,,,,,,,,,,,,,,,,,,,,,,,,,,,,,,,,,,,,,,,,,,,,
