ValidTime,APCP12hr_surface,APCP12hr_surface_1% level,APCP12hr_surface_10% level,APCP12hr_surface_15% level,APCP12hr_surface_20% level,APCP12hr_surface_25% level,APCP12hr_surface_30% level,APCP12hr_surface_35% level,APCP12hr_surface_40% level,APCP12hr_surface_45% level,APCP12hr_surface_5% level,APCP12hr_surface_50% level,APCP12hr_surface_55% level,APCP12hr_surface_60% level,APCP12hr_surface_65% level,APCP12hr_surface_70% level,APCP12hr_surface_75% level,APCP12hr_surface_80% level,APCP12hr_surface_85% level,APCP12hr_surface_90% level,APCP12hr_surface_95% level,APCP12hr_surface_99% level,APCP12hr_surface_prob >0.254,APCP12hr_surface_prob >101.6,APCP12hr_surface_prob >12.7,APCP12hr_surface_prob >127,APCP12hr_surface_prob >19.05,APCP12hr_surface_prob >2.54,APCP12hr_surface_prob >25.4,APCP12hr_surface_prob >50.8,APCP12hr_surface_prob >6.35,APCP12hr_surface_prob >76.2,APCP1hr_surface,APCP1hr_surface_prob >0.254,APCP24hr_surface,APCP24hr_surface_1% level,APCP24hr_surface_10% level,APCP24hr_surface_15% level,APCP24hr_surface_20% level,APCP24hr_surface_25% level,APCP24hr_surface_30% level,APCP24hr_surface_35% level,APCP24hr_surface_40% level,APCP24hr_surface_45% level,APCP24hr_surface_5% level,APCP24hr_surface_50% level,APCP24hr_surface_55% level,APCP24hr_surface_60% level,APCP24hr_surface_65% level,APCP24hr_surface_70% level,APCP24hr_surface_75% level,APCP24hr_surface_80% level,APCP24hr_surface_85% level,APCP24hr_surface_90% level,APCP24hr_surface_95% level,APCP24hr_surface_99% level,APCP24hr_surface_prob >0.254,APCP24hr_surface_prob >101.6,APCP24hr_surface_prob >12.7,APCP24hr_surface_prob >127,APCP24hr_surface_prob >152.4,APCP24hr_surface_prob >203.2,APCP24hr_surface_prob >25.4,APCP24hr_surface_prob >50.8,APCP24hr_surface_prob >6.35,APCP24hr_surface_prob >76.2,APCP48hr_surface,APCP48hr_surface_1% level,APCP48hr_surface_10% level,APCP48hr_surface_15% level,APCP48hr_surface_20% level,APCP48hr_surface_25% level,APCP48hr_surface_30% level,APCP48hr_surface_35% level,APCP48hr_surface_40% level,APCP48hr_surface_45% level,APCP48hr_surface_5% level,APCP48hr_surface_50% level,APCP48hr_surface_55% level,APCP48hr_surface_60% level,APCP48hr_surface_65% level,APCP48hr_surface_70% level,APCP48hr_surface_75% level,APCP48hr_surface_80% level,APCP48hr_surface_85% level,APCP48hr_surface_90% level,APCP48hr_surface_95% level,APCP48hr_surface_99% level,APCP48hr_surface_prob >12.7,APCP48hr_surface_prob >127,APCP48hr_surface_prob >2.54,APCP48hr_surface_prob >203.2,APCP48hr_surface_prob >25.4,APCP48hr_surface_prob >254,APCP48hr_surface_prob >304.8,APCP48hr_surface_prob >381,APCP48hr_surface_prob >50.8,APCP48hr_surface_prob >76.2,APCP6hr_surface,APCP6hr_surface_1% level,APCP6hr_surface_10% level,APCP6hr_surface_15% level,APCP6hr_surface_20% level,APCP6hr_surface_25% level,APCP6hr_surface_30% level,APCP6hr_surface_35% level,APCP6hr_surface_40% level,APCP6hr_surface_45% level,APCP6hr_surface_5% level,APCP6hr_surface_50% level,APCP6hr_surface_55% level,APCP6hr_surface_60% level,APCP6hr_surface_65% level,APCP6hr_surface_70% level,APCP6hr_surface_75% level,APCP6hr_surface_80% level,APCP6hr_surface_85% level,APCP6hr_surface_90% level,APCP6hr_surface_95% level,APCP6hr_surface_99% level,APCP6hr_surface_prob >0.254,APCP6hr_surface_prob >12.7,APCP6hr_surface_prob >19.05,APCP6hr_surface_prob >2.54,APCP6hr_surface_prob >25.4,APCP6hr_surface_prob >38.1,APCP6hr_surface_prob >50.8,APCP6hr_surface_prob >6.35,APCP6hr_surface_prob >63.5,APCP6hr_surface_prob >76.2,APCP72hr_surface,APCP72hr_surface_1% level,APCP72hr_surface_10% level,APCP72hr_surface_15% level,APCP72hr_surface_20% level,APCP72hr_surface_25% level,APCP72hr_surface_30% level,APCP72hr_surface_35% level,APCP72hr_surface_40% level,APCP72hr_surface_45% level,APCP72hr_surface_5% level,APCP72hr_surface_50% level,APCP72hr_surface_55% level,APCP72hr_surface_60% level,APCP72hr_surface_65% level,APCP72hr_surface_70% level,APCP72hr_surface_75% level,APCP72hr_surface_80% level,APCP72hr_surface_85% level,APCP72hr_surface_90% level,APCP72hr_surface_95% level,APCP72hr_surface_99% level,APCP72hr_surface_prob >127,APCP72hr_surface_prob >203.2,APCP72hr_surface_prob >25.4,APCP72hr_surface_prob >254,APCP72hr_surface_prob >381,APCP72hr_surface_prob >50.8,APCP72hr_surface_prob >508,APCP72hr_surface_prob >6.35,APCP72hr_surface_prob >635,APCP72hr_surface_prob >76.2,APTMP_2 m above ground,ASNOW1hr_surface,ASNOW1hr_surface_10% level,ASNOW1hr_surface_25% level,ASNOW1hr_surface_5% level,ASNOW1hr_surface_50% level,ASNOW1hr_surface_75% level,ASNOW1hr_surface_90% level,ASNOW1hr_surface_95% level,ASNOW1hr_surface_prob >0.00254,ASNOW1hr_surface_prob >0.00762,ASNOW1hr_surface_prob >0.0127,ASNOW1hr_surface_prob >0.01778,ASNOW1hr_surface_prob >0.0254,ASNOW1hr_surface_prob >0.0381,ASNOW1hr_surface_prob >0.0508,ASNOW1hr_surface_prob >0.0635,ASNOW1hr_surface_prob >0.0762,ASNOW1hr_surface_prob >0.1016,ASNOW24hr_surface,ASNOW24hr_surface_10% level,ASNOW24hr_surface_25% level,ASNOW24hr_surface_5% level,ASNOW24hr_surface_50% level,ASNOW24hr_surface_75% level,ASNOW24hr_surface_90% level,ASNOW24hr_surface_95% level,ASNOW24hr_surface_prob >0.00254,ASNOW24hr_surface_prob >0.0254,ASNOW24hr_surface_prob >0.0508,ASNOW24hr_surface_prob >0.1016,ASNOW24hr_surface_prob >0.1524,ASNOW24hr_surface_prob >0.2032,ASNOW24hr_surface_prob >0.254,ASNOW24hr_surface_prob >0.3048,ASNOW24hr_surface_prob >0.4572,ASNOW24hr_surface_prob >0.6096,ASNOW48hr_surface,ASNOW48hr_surface_10% level,ASNOW48hr_surface_25% level,ASNOW48hr_surface_5% level,ASNOW48hr_surface_50% level,ASNOW48hr_surface_75% level,ASNOW48hr_surface_90% level,ASNOW48hr_surface_95% level,ASNOW48hr_surface_prob >0.0254,ASNOW48hr_surface_prob >0.0508,ASNOW48hr_surface_prob >0.1016,ASNOW48hr_surface_prob >0.1524,ASNOW48hr_surface_prob >0.2032,ASNOW48hr_surface_prob >0.3048,ASNOW48hr_surface_prob >0.4572,ASNOW48hr_surface_prob >0.6096,ASNOW48hr_surface_prob >0.762,ASNOW48hr_surface_prob >0.9144,ASNOW6hr_surface,ASNOW6hr_surface_10% level,ASNOW6hr_surface_25% level,ASNOW6hr_surface_5% level,ASNOW6hr_surface_50% level,ASNOW6hr_surface_75% level,ASNOW6hr_surface_90% level,ASNOW6hr_surface_95% level,ASNOW6hr_surface_prob >0.00254,ASNOW6hr_surface_prob >0.0254,ASNOW6hr_surface_prob >0.0508,ASNOW6hr_surface_prob >0.0762,ASNOW6hr_surface_prob >0.1016,ASNOW6hr_surface_prob >0.127,ASNOW6hr_surface_prob >0.1524,ASNOW6hr_surface_prob >0.2032,ASNOW6hr_surface_prob >0.254,ASNOW6hr_surface_prob >0.3048,ASNOW72hr_surface,ASNOW72hr_surface_10% level,ASNOW72hr_surface_25% level,ASNOW72hr_surface_5% level,ASNOW72hr_surface_50% level,ASNOW72hr_surface_75% level,ASNOW72hr_surface_90% level,ASNOW72hr_surface_95% level,ASNOW72hr_surface_prob >0.0254,ASNOW72hr_surface_prob >0.1016,ASNOW72hr_surface_prob >0.1524,ASNOW72hr_surface_prob >0.2032,ASNOW72hr_surface_prob >0.3048,ASNOW72hr_surface_prob >0.4572,ASNOW72hr_surface_prob >0.6096,ASNOW72hr_surface_prob >0.762,ASNOW72hr_surface_prob >0.9144,ASNOW72hr_surface_prob >1.219,CAPE_surface,CAPE_surface_ens std dev,CDCB_high cloud layer,CDCB_reserved,CDCTOP_reserved,CEIL_cloud base,CEIL_cloud ceiling,CEIL_cloud ceiling_prob <152.4,CEIL_cloud ceiling_prob <2011.68,CEIL_cloud ceiling_prob <304.8,CEIL_cloud ceiling_prob <609.6,CEIL_cloud ceiling_prob <914.5,CWASP_surface_10% level,CWASP_surface_25% level,CWASP_surface_5% level,CWASP_surface_50% level,CWASP_surface_75% level,CWASP_surface_90% level,CWASP_surface_95% level,CWASP_surface_prob >50,CWASP_surface_prob >65,CWASP_surface_prob >70,CWASP_surface_prob >75,CWASP_surface_prob >85,CWASP_surface_unknown derived fcst,DIST_surface - 610 m above ground,DPT_2 m above ground,DPT_2 m above ground_ens std dev,DRYTPROB3hr_surface_prob >0,DSWRF_surface,ELLINX_400-300 mb,FICEAC1hr_surface,FICEAC24hr_surface,FICEAC24hr_surface_10% level,FICEAC24hr_surface_25% level,FICEAC24hr_surface_5% level,FICEAC24hr_surface_50% level,FICEAC24hr_surface_75% level,FICEAC24hr_surface_90% level,FICEAC24hr_surface_95% level,FICEAC24hr_surface_prob >0.254,FICEAC24hr_surface_prob >12.7,FICEAC24hr_surface_prob >2.54,FICEAC24hr_surface_prob >25.4,FICEAC24hr_surface_prob >6.35,FICEAC48hr_surface_10% level,FICEAC48hr_surface_25% level,FICEAC48hr_surface_5% level,FICEAC48hr_surface_50% level,FICEAC48hr_surface_75% level,FICEAC48hr_surface_90% level,FICEAC48hr_surface_95% level,FICEAC48hr_surface_prob >0.254,FICEAC48hr_surface_prob >12.7,FICEAC48hr_surface_prob >2.54,FICEAC48hr_surface_prob >25.4,FICEAC48hr_surface_prob >6.35,FICEAC6hr_surface,FICEAC6hr_surface_10% level,FICEAC6hr_surface_25% level,FICEAC6hr_surface_5% level,FICEAC6hr_surface_50% level,FICEAC6hr_surface_75% level,FICEAC6hr_surface_90% level,FICEAC6hr_surface_95% level,FICEAC6hr_surface_prob >0.254,FICEAC6hr_surface_prob >12.7,FICEAC6hr_surface_prob >2.54,FICEAC6hr_surface_prob >25.4,FICEAC6hr_surface_prob >6.35,FICEAC72hr_surface,FICEAC72hr_surface_10% level,FICEAC72hr_surface_25% level,FICEAC72hr_surface_5% level,FICEAC72hr_surface_50% level,FICEAC72hr_surface_75% level,FICEAC72hr_surface_90% level,FICEAC72hr_surface_95% level,FICEAC72hr_surface_prob >0.254,FICEAC72hr_surface_prob >12.7,FICEAC72hr_surface_prob >2.54,FICEAC72hr_surface_prob >25.4,FICEAC72hr_surface_prob >6.35,FOSINDX6hr_surface,FRZSPR_surface,GUST24hr_10 m above ground,GUST24hr_10 m above ground_1% level,GUST24hr_10 m above ground_10% level,GUST24hr_10 m above ground_15% level,GUST24hr_10 m above ground_20% level,GUST24hr_10 m above ground_25% level,GUST24hr_10 m above ground_30% level,GUST24hr_10 m above ground_35% level,GUST24hr_10 m above ground_40% level,GUST24hr_10 m above ground_45% level,GUST24hr_10 m above ground_5% level,GUST24hr_10 m above ground_50% level,GUST24hr_10 m above ground_55% level,GUST24hr_10 m above ground_60% level,GUST24hr_10 m above ground_65% level,GUST24hr_10 m above ground_70% level,GUST24hr_10 m above ground_75% level,GUST24hr_10 m above ground_80% level,GUST24hr_10 m above ground_85% level,GUST24hr_10 m above ground_90% level,GUST24hr_10 m above ground_95% level,GUST24hr_10 m above ground_99% level,GUST24hr_10 m above ground_prob >11,GUST24hr_10 m above ground_prob >17,GUST24hr_10 m above ground_prob >21,GUST24hr_10 m above ground_prob >24,GUST24hr_10 m above ground_prob >28,GUST24hr_10 m above ground_prob >32,GUST_10 m above ground,GUST_10 m above ground_1% level,GUST_10 m above ground_10% level,GUST_10 m above ground_15% level,GUST_10 m above ground_20% level,GUST_10 m above ground_25% level,GUST_10 m above ground_30% level,GUST_10 m above ground_35% level,GUST_10 m above ground_40% level,GUST_10 m above ground_45% level,GUST_10 m above ground_5% level,GUST_10 m above ground_50% level,GUST_10 m above ground_55% level,GUST_10 m above ground_60% level,GUST_10 m above ground_65% level,GUST_10 m above ground_70% level,GUST_10 m above ground_75% level,GUST_10 m above ground_80% level,GUST_10 m above ground_85% level,GUST_10 m above ground_90% level,GUST_10 m above ground_95% level,GUST_10 m above ground_99% level,GUST_10 m above ground_ens mean,GUST_10 m above ground_ens std dev,GUST_10 m above ground_prob >11,GUST_10 m above ground_prob >15,GUST_10 m above ground_prob >17,GUST_10 m above ground_prob >21,GUST_10 m above ground_prob >24,GUST_10 m above ground_prob >28,GUST_10 m above ground_prob >32,GUST_10 m above ground_prob >8,HINDEX6hr_entire atmosphere (considered as a single layer),HTSGW_surface,HTSGW_surface_10% level,HTSGW_surface_50% level,HTSGW_surface_90% level,HTSGW_surface_ens std dev,MAXREF1hr_1000 m above ground,MAXRH12hr_2 m above ground,MINRH12hr_2 m above ground,MIXHT_entire atmosphere (considered as a single layer),PCPDUR12hr_surface,PTYPE_surface_prob >=1 <2,PTYPE_surface_prob >=3 <4,PTYPE_surface_prob >=5 <7,PTYPE_surface_prob >=8 <9,RETOP_cloud top,RH_2 m above ground,SNOWLR_surface,SNOWLR_surface_10% level,SNOWLR_surface_25% level,SNOWLR_surface_5% level,SNOWLR_surface_50% level,SNOWLR_surface_75% level,SNOWLR_surface_90% level,SNOWLR_surface_95% level,SNOWLVL_0 m above mean sea level,SNOWLVL_surface_10% level,SNOWLVL_surface_25% level,SNOWLVL_surface_5% level,SNOWLVL_surface_50% level,SNOWLVL_surface_75% level,SNOWLVL_surface_90% level,SNOWLVL_surface_95% level,TCDC_high cloud layer,TCDC_reserved,TCDC_surface,TCDC_surface_ens std dev,THUNC1hr_entire atmosphere,TMAX12hr_2 m above ground,TMAX12hr_2 m above ground_ens std dev,TMIN12hr_2 m above ground,TMIN12hr_2 m above ground_ens std dev,TMP18hr_2 m above ground,TMP_2 m above ground,TMP_2 m above ground_ens std dev,TMP_Max_2 m above ground,TMP_Max_2 m above ground_1% level,TMP_Max_2 m above ground_10% level,TMP_Max_2 m above ground_15% level,TMP_Max_2 m above ground_20% level,TMP_Max_2 m above ground_25% level,TMP_Max_2 m above ground_30% level,TMP_Max_2 m above ground_35% level,TMP_Max_2 m above ground_40% level,TMP_Max_2 m above ground_45% level,TMP_Max_2 m above ground_5% level,TMP_Max_2 m above ground_50% level,TMP_Max_2 m above ground_55% level,TMP_Max_2 m above ground_60% level,TMP_Max_2 m above ground_65% level,TMP_Max_2 m above ground_70% level,TMP_Max_2 m above ground_75% level,TMP_Max_2 m above ground_80% level,TMP_Max_2 m above ground_85% level,TMP_Max_2 m above ground_90% level,TMP_Max_2 m above ground_95% level,TMP_Max_2 m above ground_99% level,TMP_Max_2 m above ground_prob <255,TMP_Max_2 m above ground_prob <270,TMP_Max_2 m above ground_prob <273,TMP_Max_2 m above ground_prob >299,TMP_Max_2 m above ground_prob >305,TMP_Max_2 m above ground_prob >310,TMP_Max_2 m above ground_prob >316,TMP_Max_2 m above ground_prob >322,TMP_Min_2 m above ground,TMP_Min_2 m above ground_1% level,TMP_Min_2 m above ground_10% level,TMP_Min_2 m above ground_15% level,TMP_Min_2 m above ground_20% level,TMP_Min_2 m above ground_25% level,TMP_Min_2 m above ground_30% level,TMP_Min_2 m above ground_35% level,TMP_Min_2 m above ground_40% level,TMP_Min_2 m above ground_45% level,TMP_Min_2 m above ground_5% level,TMP_Min_2 m above ground_50% level,TMP_Min_2 m above ground_55% level,TMP_Min_2 m above ground_60% level,TMP_Min_2 m above ground_65% level,TMP_Min_2 m above ground_70% level,TMP_Min_2 m above ground_75% level,TMP_Min_2 m above ground_80% level,TMP_Min_2 m above ground_85% level,TMP_Min_2 m above ground_90% level,TMP_Min_2 m above ground_95% level,TMP_Min_2 m above ground_99% level,TMP_Min_2 m above ground_prob <233,TMP_Min_2 m above ground_prob <244,TMP_Min_2 m above ground_prob <249,TMP_Min_2 m above ground_prob <255,TMP_Min_2 m above ground_prob <260,TMP_Min_2 m above ground_prob <270,TMP_Min_2 m above ground_prob <273,TMP_Min_2 m above ground_prob >299,TMP_surface,TPWDIR_10 m above ground,TPWSPD_10 m above ground,TRWDIR_entire atmosphere (considered as a single layer),TRWSPD_entire atmosphere (considered as a single layer),TSRWE24hr_surface_prob >7.35e-05,TSTM12hr_surface_probability forecast,TSTM1hr_surface_probability forecast,TSTM3hr_surface_probability forecast,TSTM6hr_surface_probability forecast,TURB_surface - 1372 m above ground,VIL_entire atmosphere,VIS_surface,VIS_surface_prob <1609.34,VIS_surface_prob <3218.69,VIS_surface_prob <4828.03,VIS_surface_prob <8046.73,VRATE_entire atmosphere (considered as a single layer),WDIR_10 m above ground,WDIR_30 m above ground,WDIR_80 m above ground,WDIR_surface - 610 m above ground,WETGLBT_surface,WIND24hr_10 m above ground,WIND24hr_10 m above ground_1% level,WIND24hr_10 m above ground_10% level,WIND24hr_10 m above ground_15% level,WIND24hr_10 m above ground_20% level,WIND24hr_10 m above ground_25% level,WIND24hr_10 m above ground_30% level,WIND24hr_10 m above ground_35% level,WIND24hr_10 m above ground_40% level,WIND24hr_10 m above ground_45% level,WIND24hr_10 m above ground_5% level,WIND24hr_10 m above ground_50% level,WIND24hr_10 m above ground_55% level,WIND24hr_10 m above ground_60% level,WIND24hr_10 m above ground_65% level,WIND24hr_10 m above ground_70% level,WIND24hr_10 m above ground_75% level,WIND24hr_10 m above ground_80% level,WIND24hr_10 m above ground_85% level,WIND24hr_10 m above ground_90% level,WIND24hr_10 m above ground_95% level,WIND24hr_10 m above ground_99% level,WIND24hr_10 m above ground_prob >11,WIND24hr_10 m above ground_prob >17,WIND24hr_10 m above ground_prob >24,WIND24hr_10 m above ground_prob >32,WIND24hr_10 m above ground_prob >5,WIND24hr_10 m above ground_prob >8,WIND_10 m above ground,WIND_10 m above ground_1% level,WIND_10 m above ground_10% level,WIND_10 m above ground_15% level,WIND_10 m above ground_20% level,WIND_10 m above ground_25% level,WIND_10 m above ground_30% level,WIND_10 m above ground_35% level,WIND_10 m above ground_40% level,WIND_10 m above ground_45% level,WIND_10 m above ground_5% level,WIND_10 m above ground_50% level,WIND_10 m above ground_55% level,WIND_10 m above ground_60% level,WIND_10 m above ground_65% level,WIND_10 m above ground_70% level,WIND_10 m above ground_75% level,WIND_10 m above ground_80% level,WIND_10 m above ground_85% level,WIND_10 m above ground_90% level,WIND_10 m above ground_95% level,WIND_10 m above ground_99% level,WIND_10 m above ground_ens mean,WIND_10 m above ground_ens std dev,WIND_10 m above ground_prob >11,WIND_10 m above ground_prob >15,WIND_10 m above ground_prob >17,WIND_10 m above ground_prob >24,WIND_10 m above ground_prob >3,WIND_10 m above ground_prob >32,WIND_10 m above ground_prob >5,WIND_10 m above ground_prob >8,WIND_30 m above ground,WIND_80 m above ground,WIND_surface - 610 m above ground
2026040219,,,,,,,,,,,,,,,,,,,,,,,,,,,,,,,,,0.209,,,,,,,,,,,,,,,,,,,,,,,,,,,,,,,,,,,,,,,,,,,,,,,,,,,,,,,,,,,,,,,,,,,,,,,,,,,,,,,,,,,,,,,,,,,,,,,,,,,,,,,,,,,,,,,,,,,,,,,,,,,,,,,,,,,,,,,,,,,,,,,,,,,,,,,,,,,,,,,,,,,,,,,,,,,,,,,,,,,,,,,,,,,,,,,,,,,,,,,,,,,,,,,,,,,,,,,,,,,,,,,,,,,,,,,,,,,,,,,,,,,,,,,,,,,,,,,,,,,,,,,,,,,,,,,,,,,,,,,,,,,,,,,,,,,,,,,,,,,,,,,,,,,,,,,,,,,,,,,,,,,,,,,,,,,,,,,4.8,5.2,5.6,6.0,6.0,6.41591,6.49184,6.9454,7.44617,5.2,7.50971,7.98374,8.05942,8.24674,8.70758,8.76121,9.70999,10.0884,10.962,12.3128,13.4546,7.7676,2.03918,9.0,0.0,0.0,0.0,0.0,0.0,0.0,27.0,,,,,,,,,,,,,,,,,,,,,,,,,,,,,,,,,,,,,,,,,,,,,,,,,,,,,,,,,,,,,,,,,,,,,,,,,,,,,,,,,,,,,,,,,,,,,,,,,,,,,,,,,,,,,,,,,,,,,,,,,,,,,,,,,,,,,,,,,,,,,,,,,,,,,,,,,,,,,,2.0,2.4,2.4,2.4,2.8,2.8,2.8,2.8,2.8,2.0,2.8,3.2,3.2,3.2,3.2,3.6,3.6,4.0,4.0,5.01616,5.57826,3.22461,0.884599,0.0,0.0,0.0,0.0,22.0,0.0,1.0,0.0,,,
2026040220,,,,,,,,,,,,,,,,,,,,,,,,,,,,,,,,,0.23,,,,,,,,,,,,,,,,,,,,,,,,,,,,,,,,,,,,,,,,,,,,,,,,,,,,,,,,,,,,,,,,,,,,,,,,,,,,,,,,,,,,,,,,,,,,,,,,,,,,,,,,,,,,,,,,,,,,,,,,,,,,,,,,,,,,,,,,,,,,,,,,,,,,,,,,,,,,,,,,,,,,,,,,,,,,,,,,,,,,,,,,,,,,,,,,,,,,,,,,,,,,,,,,,,,,,,,,,,,,,,,,,,,,,,,,,,,,,,,,,,,,,,,,,,,,,,,,,,,,,,,,,,,,,,,,,,,,,,,,,,,,,,,,,,,,,,,,,,,,,,,,,,,,,,,,,,,,,,,,,,,,,,,,,,,,,,,4.4,5.2,5.80733,5.92009,6.36223,6.44773,6.97716,7.08009,7.63001,5.2,7.76156,8.30389,8.39501,8.87508,9.34443,9.86438,10.417,10.999,11.656,12.819,14.4876,8.05959,2.4258,12.0,0.0,0.0,0.0,0.0,0.0,0.0,35.0,,,,,,,,,,,,,,,,,,,,,,,,,,,,,,,,,,,,,,,,,,,,,,,,,,,,,,,,,,,,,,,,,,,,,,,,,,,,,,,,,,,,,,,,,,,,,,,,,,,,,,,,,,,,,,,,,,,,,,,,,,,,,,,,,,,,,,,,,,,,,,,,,,,,,,,,,,,,,,1.2,2.4,2.4,2.4,2.8,2.8,2.8,2.8,3.2,2.4,3.2,3.2,3.6,3.6,3.6,4.0,4.4,4.55805,4.79275,5.30358,5.83905,3.30834,0.948728,0.0,0.0,0.0,0.0,36.0,0.0,2.0,0.0,,,
2026040221,,,,,,,,,,,,,,,,,,,,,,,,,,,,,,,,,0.196,,,,,,,,,,,,,,,,,,,,,,,,,,,,,,,,,,,,,,,,,,,,,,,,,,,,,,,,,,,,,,,,,,,,,,,,,,,,,,,,,,,,,,,,,,,,,,,,,,,,,,,,,,,,,,,,,,,,,,,,,,,,,,,,,,,,,,,,,,,,,,,,,,,,,,,,,,,,,,,,,,,,,,,,,,,,,,,,,,,,,,,,,,,,,,,,,,,,,,,,,,,,,,,,,,,,,,,,,,,,,,,,,,,,,,,,,,,,,,,,,,,,,,,,,,,,,,,,,,,,,,,,,,,,,,,,,,,,,,,,,,,,,,,,,,,,,,,,,,,,,,,,,,,,,,,,,,,,,,,,,,,,,,,,,,,,,,,4.8,5.6,5.6,6.0,6.41996,6.89158,7.09796,7.58777,7.70087,5.2,8.20337,8.32715,8.83992,9.31854,9.91514,10.48,10.6833,10.9751,11.7383,13.2291,14.8433,8.47849,2.45533,12.0,1.0,0.0,0.0,0.0,0.0,0.0,42.0,,,,,,,,,,,,,,,,,,,,,,,,,,,,,,,,,,,,,,,,,,,,,,,,,,,,,,,,,,,,,,,,,,,,,,,,,,,,,,,,,,,,,,,,,,,,,,,,,,,,,,,,,,,,,,,,,,,,,,,,,,,,,,,,,,,,,,,,,,,,,,,,,,,,,,,,,,,,,,1.2,2.4,2.4,2.8,2.8,2.8,3.2,3.2,3.2,2.0,3.2,3.6,3.6,4.0,4.0,4.4,4.4,4.82265,4.90018,5.51287,6.51654,3.6385,0.914186,0.0,0.0,0.0,0.0,41.0,0.0,3.0,0.0,,,
2026040222,,,,,,,,,,,,,,,,,,,,,,,,,,,,,,,,,0.228,,,,,,,,,,,,,,,,,,,,,,,,,,,,,,,,,,,,,,,,,,,,,,,,,,,,,,,,,,,,,,,,,,,,,,,,,,,,,,,,,,,,,,,,,,,,,,,,,,,,,,,,,,,,,,,,,,,,,,,,,,,,,,,,,,,,,,,,,,,,,,,,,,,,,,,,,,,,,,,,,,,,,,,,,,,,,,,,,,,,,,,,,,,,,,,,,,,,,,,,,,,,,,,,,,,,,,,,,,,,,,,,,,,,,,,,,,,,,,,,,,,,,,,,,,,,,,,,,,,,,,,,,,,,,,,,,,,,,,,,,,,,,,,,,,,,,,,,,,,,,,,,,,,,,,,,,,,,,,,,,,,,,,,,,,,,,,,4.8,5.6,6.0,6.4,6.4,6.8,7.06386,7.55665,7.6061,5.2,8.09631,8.63016,9.15167,9.23536,9.72573,10.6305,11.086,11.7035,12.4327,13.8447,15.3805,8.75539,2.48206,17.0,1.0,0.0,0.0,0.0,0.0,0.0,43.0,,,,,,,,,,,,,,,,,,,,,,,,,,,,,,,,,,,,,,,,,,,,,,,,,,,,,,,,,,,,,,,,,,,,,,,,,,,,,,,,,,,,,,,,,,,,,,,,,,,,,,,,,,,,,,,,,,,,,,,,,,,,,,,,,,,,,,,,,,,,,,,,,,,,,,,,,,,,,,1.2,2.4,2.4,2.8,2.8,2.8,2.8,3.2,3.2,2.4,3.2,3.6,3.6,4.0,4.0,4.4,4.4,4.8,5.2,5.6,6.61008,3.60708,1.24244,0.0,0.0,0.0,0.0,39.0,0.0,5.0,0.0,,,
2026040223,,,,,,,,,,,,,,,,,,,,,,,,,,,,,,,,,0.246,,,,,,,,,,,,,,,,,,,,,,,,,,,,,,,,,,,,,,,,,,,,,,,,,,,,,,,,,,,,,,,,,,,,,,,,,,,,,,,,,,,,,,,,,,,,,,,,,,,,,,,,,,,,,,,,,,,,,,,,,,,,,,,,,,,,,,,,,,,,,,,,,,,,,,,,,,,,,,,,,,,,,,,,,,,,,,,,,,,,,,,,,,,,,,,,,,,,,,,,,,,,,,,,,,,,,,,,,,,,,,,,,,,,,,,,,,,,,,,,,,,,,,,,,,,,,,,,,,,,,,,,,,,,,,,,,,,,,,,,,,,,,,,,,,,,,,,,,,,,,,,,,,,,,,,,,,,,,,,,,,,,,,,,,,,,,,,4.8,6.0,6.4,6.4,6.8,6.8,7.21483,7.28282,7.79862,5.6,7.87655,8.80154,8.93588,9.44864,9.97559,10.8409,11.3246,11.8692,12.1177,13.6833,16.2787,8.56552,2.8148,19.0,2.0,0.0,0.0,0.0,0.0,0.0,42.0,,,,,,,,,,,,,,,,,,,,,,,,,,,,,,,,,,,,,,,,,,,,,,,,,,,,,,,,,,,,,,,,,,,,,,,,,,,,,,,,,,,,,,,,,,,,,,,,,,,,,,,,,,,,,,,,,,,,,,,,,,,,,,,,,,,,,,,,,,,,,,,,,,,,,,,,,,,,,,1.6,2.4,2.4,2.8,2.8,2.8,2.8,3.2,3.2,2.4,3.2,3.2,3.6,3.6,3.6,4.0,4.4,4.4,4.8,5.6,6.40836,3.60082,1.2087,0.0,0.0,0.0,0.0,36.0,0.0,3.0,0.0,,,
2026040300,,,,,,,,,,,,,,,,,,,,,,,,,,,,,,,,,0.247,,,,,,,,,,,,,,,,,,,,,,,,,,,,,,,,,,,,,,,,,,,,,,,,,,,,,,,,,,,,,,,,,,,0.0,0.306,0.478,0.628,0.716,0.829,0.94,1.035,1.139,0.007,1.252,1.344,1.459,1.578,1.699,1.863,2.03,2.236,2.483,2.929,4.021,,0.0,0.0,9.0,0.0,0.0,0.0,0.0,0.0,0.0,,,,,,,,,,,,,,,,,,,,,,,,,,,,,,,,,,,,,,,,,,,,,,,,,,,,,,,,,,,,,,,,,,,,,,,,,,,,,,,,,,,,,,,,,,,,,,,,,,,,,,,,,,,,,,,,,,,,,,,,,,,,,,,,,,,,,,,,,,,,,,,,,,,,,,,,,,,,,,,,,,,,,,,,,,,,,,,,,,,,,,,,,,,,,,,,,,,,,,,,,,,,,,,,,,,,,,,,,,,,,,,,,,,,,,,,,,,,,,4.4,6.0,6.4,6.4,6.8,6.82327,7.26495,7.35597,7.45504,5.6,7.9655,8.06658,8.58582,9.10137,9.57099,10.0208,10.4942,10.9828,11.4893,12.8531,15.5646,8.6254,2.4484,13.0,2.0,0.0,0.0,0.0,0.0,0.0,39.0,,,,,,,,,,,,,,,,,,,,,,,,,,,,,,,,,,,,,,,,,,,,,,,,,,,,,,,,,,,,,,,,,,,,,,,,,,,,,,,,,,,,,,,,,,,,,,,,,,,,,,,,,,,,,,,,,,,,,,,,,,,,,,,,,,,,,,,,,,,,,,,,,,,,,,,,,,,,,,1.6,2.4,2.4,2.4,2.8,2.8,2.8,2.8,2.8,2.0,3.2,3.2,3.2,3.2,3.6,3.6,4.0,4.0,4.4,4.8,6.0,3.2006,0.807879,0.0,0.0,0.0,0.0,27.0,0.0,2.0,0.0,,,
2026040301,,,,,,,,,,,,,,,,,,,,,,,,,,,,,,,,,0.215,,,,,,,,,,,,,,,,,,,,,,,,,,,,,,,,,,,,,,,,,,,,,,,,,,,,,,,,,,,,,,,,,,,,,,,,,,,,,,,,,,,,,,,,,,,,,,,,,,,,,,,,,,,,,,,,,,,,,,,,,,,,,,,,,,,,,,,,,,,,,,,,,,,,,,,,,,,,,,,,,,,,,,,,,,,,,,,,,,,,,,,,,,,,,,,,,,,,,,,,,,,,,,,,,,,,,,,,,,,,,,,,,,,,,,,,,,,,,,,,,,,,,,,,,,,,,,,,,,,,,,,,,,,,,,,,,,,,,,,,,,,,,,,,,,,,,,,,,,,,,,,,,,,,,,,,,,,,,,,,,,,,,,,,,,,,,,,3.6,5.2,5.6,5.6,6.0,6.12121,6.17451,6.64991,6.72024,4.8,6.75942,7.18894,7.25747,7.73029,8.18911,8.64453,8.72728,9.6534,10.2145,11.5929,14.2647,7.24543,1.98664,6.0,0.0,0.0,0.0,0.0,0.0,0.0,23.0,,,,,,,,,,,,,,,,,,,,,,,,,,,,,,,,,,,,,,,,,,,,,,,,,,,,,,,,,,,,,,,,,,,,,,,,,,,,,,,,,,,,,,,,,,,,,,,,,,,,,,,,,,,,,,,,,,,,,,,,,,,,,,,,,,,,,,,,,,,,,,,,,,,,,,,,,,,,,,1.2,2.0,2.0,2.0,2.0,2.4,2.4,2.4,2.4,1.6,2.4,2.4,2.8,2.8,2.8,3.2,3.2,3.6,4.0,4.4,5.61555,2.80118,0.811917,0.0,0.0,0.0,0.0,15.0,0.0,1.0,0.0,,,
2026040302,,,,,,,,,,,,,,,,,,,,,,,,,,,,,,,,,0.0,6.0,,,,,,,,,,,,,,,,,,,,,,,,,,,,,,,,,,,,,,,,,,,,,,,,,,,,,,,,,,,,,,,,,,,,,,,,,,,,,,,,,,,,,,,,,,,,,,,,,,,,,,,,,,,,,,,,,,,,,,,,,,,,,,,,,274.01,0.0,0.0,0.0,0.0,0.0,0.0,0.0,0.0,3.0,0.0,0.0,0.0,0.0,0.0,0.0,0.0,0.0,0.0,,,,,,,,,,,,,,,,,,,,,,,,,,,,,,,,,,,,,,,,,,,,,,,,,,,,,,,,,,,,,,,,,,,,,,,,,9.0,18.0,7620.0,1069.0,1276.0,384.0,1070.0,6.0,82.0,8.0,15.0,24.0,15.0,16.0,14.0,17.0,18.0,19.0,20.0,0.0,0.0,0.0,0.0,0.0,17.6,0.0,273.09,0.92,,47.0,2.0,0.0,,,,,,,,,,,,,,,,,,,,,,,,,,,,,,,,,,,,,,,,,,,,,,,,,,,,,,,,,,,,,,,,,,,,,,,,,,,,,,,,,,6.6,3.2,4.4,4.8,5.2,5.2,5.6,5.74106,5.84544,6.00223,4.0,6.07124,6.15664,6.22497,6.72258,7.20889,7.70001,7.82804,8.34624,9.31731,11.2495,13.3518,6.59561,2.12,5.0,0.0,0.0,0.0,0.0,0.0,0.0,14.0,,,,,,,0.0,,,552.0,,4.0,0.0,14.9,0.0,88888.0,79.0,8.1,8.5,9.0,8.2,9.3,9.7,9.8,10.0,1128.0,1040.0,1056.0,1032.0,1088.0,1112.0,1152.0,1224.0,0.0,57.0,78.0,27.0,0.0,,,,,,276.19,0.97,,,,,,,,,,,,,,,,,,,,,,,,,,,,,,,,,,,,,,,,,,,,,,,,,,,,,,,,,,,,,9.999e+20,220.0,2.4,250.0,4.6,,,1.0,,,1.0,0.001,16209.0,7.0,7.0,7.0,9.0,1870.0,220.0,220.0,220.0,0.0,275.5,,,,,,,,,,,,,,,,,,,,,,,,,,,,,2.4,0.8,1.6,1.6,1.6,2.0,2.0,2.0,2.0,2.0,1.6,2.0,2.4,2.4,2.4,2.8,2.8,2.8,3.2,3.6,4.0,4.91137,2.40335,0.92,0.0,0.0,0.0,0.0,10.0,0.0,0.0,0.0,2.8,3.2,0.0
2026040303,,,,,,,,,,,,,,,,,,,,,,,,,,,,,,,,,0.0,7.0,,,,,,,,,,,,,,,,,,,,,,,,,,,,,,,,,,,,,,,,,,,,,,,,,,,,,,,,,,,,,,,,,,,,,,,,,,,,,,,,,,,,,,,,,,,,,,,,,,,,,,,,,,,,,,,,,,,,,,,,,,,,,,,,,273.51,0.0,0.0,0.0,0.0,0.0,0.0,0.0,0.0,2.0,0.0,0.0,0.0,0.0,0.0,0.0,0.0,0.0,0.0,,,,,,,,,,,,,,,,,,,,,,,,,,,,,,,,,,,,,,,,,,,,,,,,,,,,,,,,,,,,,,,,,,,,,,,,,4.0,17.0,7620.0,1069.0,1878.0,416.0,1070.0,6.0,79.0,7.0,9.0,20.0,16.0,16.0,14.0,18.0,20.0,20.0,21.0,0.0,0.0,0.0,0.0,0.0,18.3,0.0,272.44,1.01,,8.0,2.0,0.0,,,,,,,,,,,,,,,,,,,,,,,,,,,,,,,,,,,,,,,,,,,,,,,,,,,,,9.999e+20,,,,,,,,,,,,,,,,,,,,,,,,,,,,,6.0,2.4,4.0,4.0,4.4,4.8,4.8,5.2,5.22308,5.28854,3.2,5.7859,5.86989,5.95393,6.03713,6.50316,6.56724,7.05398,7.96705,8.52082,9.50977,11.8676,5.98361,2.0,2.0,0.0,0.0,0.0,0.0,0.0,0.0,9.0,,9.999e+20,9.999e+20,9.999e+20,9.999e+20,9.999e+20,0.0,,,464.0,,2.6,0.0,16.2,0.0,88888.0,78.0,8.0,8.5,9.1,8.0,9.3,9.7,9.9,10.2,1096.0,1024.0,1048.0,1008.0,1080.0,1104.0,1144.0,1192.0,0.0,57.0,76.0,32.0,0.0,,,,,,275.78,1.15,,,,,,,,,,,,,,,,,,,,,,,,,,,,,,,,,,,,,,,,,,,,,,,,,,,,,,,,,,,,,9.999e+20,210.0,2.0,230.0,4.0,,,1.0,,,1.0,0.003,16209.0,7.0,7.0,7.0,9.0,1299.0,210.0,210.0,210.0,0.0,274.7,,,,,,,,,,,,,,,,,,,,,,,,,,,,,2.0,0.8,1.2,1.2,1.6,1.6,1.6,1.6,1.6,2.0,0.8,2.0,2.0,2.0,2.0,2.4,2.4,2.8,2.8,3.2,3.6,4.4,2.00671,0.8,0.0,0.0,0.0,0.0,6.0,0.0,0.0,0.0,2.4,2.8,0.0
2026040304,,,,,,,,,,,,,,,,,,,,,,,,,,,,,,,,,0.0,6.0,,,,,,,,,,,,,,,,,,,,,,,,,,,,,,,,,,,,,,,,,,,,,,,,,,,,,,,,,,,,,,,,,,,,,,,,,,,,,,,,,,,,,,,,,,,,,,,,,,,,,,,,,,,,,,,,,,,,,,,,,,,,,,,,,273.68,0.0,0.0,0.0,0.0,0.0,0.0,0.0,0.0,2.0,0.0,0.0,0.0,0.0,0.0,0.0,0.0,0.0,0.0,,,,,,,,,,,,,,,,,,,,,,,,,,,,,,,,,,,,,,,,,,,,,,,,,,,,,,,,,,,,,,,,,,,,,,,,,4.0,14.0,7620.0,821.0,2240.0,376.0,822.0,6.0,88.0,9.0,16.0,28.0,17.0,18.0,16.0,20.0,21.0,21.0,22.0,0.0,0.0,0.0,0.0,0.0,19.9,0.0,272.18,1.04,,6.0,1.0,0.0,,,,,,,,,,,,,,,,,,,,,,,,,,,,,,,,,,,,,,,,,,,,,,,,,,,,,,,,,,,,,,,,,,,,,,,,,,,,,,,,,,5.4,2.0,3.2,3.6,3.6,4.0,4.4,4.4,4.4,4.8,2.8,4.8,5.24742,5.30781,5.35114,5.41889,5.90688,6.37011,6.86681,7.87431,8.88639,10.8464,5.01632,1.82,1.0,0.0,0.0,0.0,0.0,0.0,0.0,5.0,,,,,,,3.2,,,344.0,,1.6,0.0,31.2,0.0,113.2,79.0,8.2,8.7,9.2,8.2,9.3,9.7,10.1,10.4,1072.0,1008.0,1040.0,1000.0,1064.0,1096.0,1128.0,1184.0,0.0,57.0,73.0,29.0,0.0,,,,,,275.31,1.18,,,,,,,,,,,,,,,,,,,,,,,,,,,,,,,,,,,,,,,,,,,,,,,,,,,,,,,,,,,,,9.999e+20,210.0,2.0,230.0,3.7,,,1.0,,,1.0,0.0,16209.0,8.0,8.0,8.0,9.0,777.0,210.0,210.0,210.0,0.0,274.4,,,,,,,,,,,,,,,,,,,,,,,,,,,,,2.0,0.8,1.2,1.2,1.2,1.2,1.6,1.6,1.6,1.6,0.8,1.6,1.6,2.0,2.0,2.0,2.4,2.4,2.8,2.8,3.2,4.0,2.00825,0.82,0.0,0.0,0.0,0.0,5.0,0.0,0.0,0.0,2.0,2.4,0.0
2026040305,,,,,,,,,,,,,,,,,,,,,,,,,,,,,,,,,0.254,6.0,,,,,,,,,,,,,,,,,,,,,,,,,,,,,,,,,,,,,,,,,,,,,,,,,,,,,,,,,,,,,,,,,,,,,,,,,,,,,,,,,,,,,,,,,,,,,,,,,,,,,,,,,,,,,,,,,,,,,,,,,,,,,,,,,273.25,0.0,0.0,0.0,0.0,0.0,0.0,0.0,0.0,2.0,0.0,0.0,0.0,0.0,0.0,0.0,0.0,0.0,0.0,,,,,,,,,,,,,,,,,,,,,,,,,,,,,,,,,,,,,,,,,,,,,,,,,,,,,,,,,,,,,,,,,,,,,,,,,3.0,11.0,8202.0,401.0,978.0,248.0,400.0,7.0,85.0,9.0,16.0,26.0,18.0,19.0,17.0,21.0,22.0,23.0,24.0,0.0,0.0,0.0,0.0,0.0,21.3,0.0,271.86,1.12,,5.0,1.0,0.0,,,,,,,,,,,,,,,,,,,,,,,,,,,,,,,,,,,,,,,,,,,,,,,,,,,,,,,,,,,,,,,,,,,,,,,,,,,,,,,,,,4.6,1.6,2.8,3.2,3.2,3.6,3.6,4.0,4.0,4.0,2.4,4.4,4.8,4.85503,4.89208,4.92932,5.42515,5.89271,5.98756,6.95461,7.92441,9.43745,4.56759,1.7,0.0,0.0,0.0,0.0,0.0,0.0,0.0,2.0,,,,,,,4.4,,,336.0,,1.4,0.0,37.4,0.0,463.2,81.0,8.4,8.8,9.3,8.2,9.5,9.7,10.4,10.6,1064.0,984.0,1032.0,968.0,1056.0,1080.0,1128.0,1176.0,30.0,70.0,72.0,23.0,0.0,,,,,,274.74,1.3,,,,,,,,,,,,,,,,,,,,,,,,,,,,,,,,,,,,,,,,,,,,,,,,,,,,,,,,,,,,,9.999e+20,210.0,1.6,220.0,3.3,,,1.0,,,1.0,0.004,16209.0,8.0,8.0,8.0,9.0,667.0,210.0,210.0,210.0,0.0,274.1,,,,,,,,,,,,,,,,,,,,,,,,,,,,,1.6,0.4,0.8,1.2,1.2,1.2,1.2,1.2,1.2,1.2,0.8,1.6,1.6,1.6,1.6,2.0,2.0,2.0,2.4,2.8,3.2,3.6,1.6,0.72,0.0,0.0,0.0,0.0,2.0,0.0,0.0,0.0,2.0,2.0,0.0
2026040306,2.126,0.0,0.572,0.934,1.154,1.345,1.466,1.578,1.708,1.836,0.019,1.944,2.075,2.213,2.36,2.546,2.781,3.05,3.336,3.804,4.534,6.091,,0.0,0.0,0.0,0.0,30.0,0.0,0.0,1.0,0.0,0.0,5.0,,,,,,,,,,,,,,,,,,,,,,,,,,,,,,,,,,,,,,,,,,,,,,,,,,,,,,,,,,,,,,,,,,0.0,0.0,0.007,0.03,0.078,0.131,0.186,0.241,0.293,0.0,0.352,0.411,0.473,0.539,0.615,0.699,0.819,0.969,1.18,1.658,2.681,,0.0,0.0,1.0,0.0,0.0,0.0,0.0,0.0,0.0,,,,,,,,,,,,,,,,,,,,,,,,,,,,,,,,,273.4,0.0,0.0,0.0,0.0,0.0,0.0,0.0,0.0,3.0,0.0,0.0,0.0,0.0,0.0,0.0,0.0,0.0,0.0,,,,,,,,,,,,,,,,,,,,,,,,,,,,,,,,,,,,,,,,,,,,,,,,,,,,,,,,,,,,,,,,,,,,,,,,,3.0,10.0,7620.0,185.0,771.0,184.0,184.0,9.0,89.0,16.0,26.0,36.0,19.0,20.0,19.0,22.0,23.0,24.0,24.0,0.0,0.0,0.0,0.0,0.0,21.8,0.0,271.91,1.33,0.0,4.0,1.0,0.0,,,,,,,,,,,,,,,,,,,,,,,,,,,,,,,,,,,,,,,,,,,,,,,,,,,,,9.999e+20,,,,,,,,,,,,,,,,,,,,,,,,,,,,,4.2,1.2,2.4,2.4,2.8,3.2,3.2,3.6,3.6,4.0,1.6,4.0,4.04773,4.50819,4.55715,4.61057,4.67125,5.15675,5.68165,6.16286,7.16219,8.71373,4.20463,1.62,0.0,0.0,0.0,0.0,0.0,0.0,0.0,1.0,,9.999e+20,9.999e+20,9.999e+20,9.999e+20,9.999e+20,3.2,,,296.0,,1.4,0.0,24.4,0.0,88888.0,80.0,8.7,9.0,9.4,8.3,9.5,9.7,10.6,10.7,1040.0,960.0,1016.0,936.0,1048.0,1064.0,1104.0,1152.0,0.0,82.0,83.0,10.0,0.0,,,,,,274.71,1.4,,,,,,,,,,,,,,,,,,,,,,,,,,,,,,,,,,,,,,,,,,,,,,,,,,,,,,,,,,,,,9.999e+20,200.0,1.6,210.0,3.5,,,1.0,2.0,,0.0,0.001,11089.0,9.0,11.0,12.0,18.0,546.0,200.0,200.0,200.0,0.0,273.7,,,,,,,,,,,,,,,,,,,,,,,,,,,,,1.6,0.4,0.8,0.8,0.8,0.8,1.2,1.2,1.2,1.2,0.4,1.2,1.2,1.6,1.6,1.6,1.6,2.0,2.0,2.4,2.8,3.6,1.6,0.72,0.0,0.0,0.0,0.0,2.0,0.0,0.0,0.0,1.6,2.0,0.0
2026040307,,,,,,,,,,,,,,,,,,,,,,,,,,,,,,,,,0.0,6.0,,,,,,,,,,,,,,,,,,,,,,,,,,,,,,,,,,,,,,,,,,,,,,,,,,,,,,,,,,,,,,,,,,,,,,,,,,,,,,,,,,,,,,,,,,,,,,,,,,,,,,,,,,,,,,,,,,,,,,,,,,,,,,,,,274.93,0.0,0.0,0.0,0.0,0.0,0.0,0.003,0.003,9.0,0.0,0.0,0.0,0.0,0.0,0.0,0.0,0.0,0.0,,,,,,,,,,,,,,,,,,,,,,,,,,,,,,,,,,,,,,,,,,,,,,,,,,,,,,,,,,,,,,,,,,,,,,,,,2.0,10.0,7620.0,153.0,769.0,96.0,152.0,8.0,94.0,12.0,28.0,48.0,19.0,20.0,19.0,22.0,23.0,24.0,25.0,0.0,0.0,0.0,0.0,0.0,22.3,0.0,272.0,1.15,,0.0,1.0,0.0,,,,,,,,,,,,,,,,,,,,,,,,,,,,,,,,,,,,,,,,,,,,,,,,,,,,,,,,,,,,,,,,,,,,,,,,,,,,,,,,,,3.8,1.2,2.0,2.4,2.4,2.8,3.2,3.2,3.2,3.6,1.6,3.6,4.0,4.0,4.0523,4.51349,4.54452,5.06342,5.54418,5.71451,6.65453,8.11448,3.76337,1.52,0.0,0.0,0.0,0.0,0.0,0.0,0.0,1.0,,,,,,,4.0,,,296.0,,1.4,22.0,17.7,0.0,88888.0,82.0,9.1,9.4,9.7,8.9,9.8,10.1,10.7,10.8,1008.0,944.0,1000.0,928.0,1024.0,1048.0,1072.0,1088.0,0.0,57.0,81.0,11.0,0.0,,,,,,274.96,1.31,,,,,,,,,,,,,,,,,,,,,,,,,,,,,,,,,,,,,,,,,,,,,,,,,,,,,,,,,,,,,9.999e+20,210.0,1.2,220.0,3.1,,,0.0,,,0.0,0.001,1745.0,10.0,11.0,13.0,19.0,487.0,210.0,210.0,210.0,0.0,274.2,,,,,,,,,,,,,,,,,,,,,,,,,,,,,1.2,0.4,0.8,0.8,0.8,0.8,0.8,0.8,1.2,1.2,0.4,1.2,1.2,1.2,1.6,1.6,1.6,2.0,2.0,2.0,2.4,3.2,1.2,0.6,0.0,0.0,0.0,0.0,1.0,0.0,0.0,0.0,1.6,1.6,0.0
2026040308,,,,,,,,,,,,,,,,,,,,,,,,,,,,,,,,,0.0,7.0,,,,,,,,,,,,,,,,,,,,,,,,,,,,,,,,,,,,,,,,,,,,,,,,,,,,,,,,,,,,,,,,,,,,,,,,,,,,,,,,,,,,,,,,,,,,,,,,,,,,,,,,,,,,,,,,,,,,,,,,,,,,,,,,,275.0,0.0,0.0,0.0,0.0,0.0,0.0,0.003,0.003,13.0,0.0,0.0,0.0,0.0,0.0,0.0,0.0,0.0,0.0,,,,,,,,,,,,,,,,,,,,,,,,,,,,,,,,,,,,,,,,,,,,,,,,,,,,,,,,,,,,,,,,,,,,,,,,,2.0,10.0,7620.0,249.0,1807.0,248.0,248.0,7.0,97.0,10.0,29.0,49.0,20.0,20.0,19.0,23.0,24.0,25.0,26.0,0.0,0.0,0.0,0.0,0.0,23.3,0.0,272.13,1.14,,0.0,1.0,0.0,,,,,,,,,,,,,,,,,,,,,,,,,,,,,,,,,,,,,,,,,,,,,,,,,,,,,,,,,,,,,,,,,,,,,,,,,,,,,,,,,,3.7,1.2,2.0,2.0,2.4,2.4,2.8,2.8,3.2,3.2,1.6,3.6,3.6,3.6,4.0,4.0,4.4355,4.89094,5.34796,5.48188,6.10887,7.31387,3.70728,1.4,0.0,0.0,0.0,0.0,0.0,0.0,0.0,1.0,,,,,,,4.0,,,296.0,,0.5,16.0,23.7,0.0,88888.0,83.0,9.6,9.8,9.9,9.5,10.1,10.5,10.8,10.9,968.0,936.0,976.0,912.0,1008.0,1032.0,1040.0,1056.0,0.0,57.0,81.0,12.0,0.0,,,,,,274.97,1.46,,,,,,,,,,,,,,,,,,,,,,,,,,,,,,,,,,,,,,,,,,,,,,,,,,,,,,,,,,,,,9.999e+20,220.0,1.2,220.0,3.2,,,0.0,,,1.0,0.0,7889.0,12.0,15.0,17.0,24.0,503.0,220.0,220.0,220.0,0.0,274.2,,,,,,,,,,,,,,,,,,,,,,,,,,,,,1.2,0.4,0.8,0.8,0.8,0.8,0.8,0.8,0.8,0.8,0.4,1.2,1.2,1.2,1.2,1.6,1.6,1.6,2.0,2.0,2.4,2.8,1.2,0.6,0.0,0.0,0.0,0.0,0.0,0.0,0.0,0.0,1.6,1.6,0.0
2026040309,,,,,,,,,,,,,,,,,,,,,,,,,,,,,,,,,0.0,9.0,,,,,,,,,,,,,,,,,,,,,,,,,,,,,,,,,,,,,,,,,,,,,,,,,,,,,,,,,,,,,,,,,,,,,,,,,,,,,,,,,,,,,,,,,,,,,,,,,,,,,,,,,,,,,,,,,,,,,,,,,,,,,,,,,274.89,0.0,0.0,0.0,0.0,0.0,0.003,0.003,0.003,16.0,0.0,0.0,0.0,0.0,0.0,0.0,0.0,0.0,0.0,,,,,,,,,,,,,,,,,,,,,,,,,,,,,,,,,,,,,,,,,,,,,,,,,,,,,,,,,,,,,,,,,,,,,,,,,2.0,10.0,7620.0,213.0,979.0,144.0,214.0,7.0,97.0,11.0,30.0,52.0,20.0,20.0,19.0,23.0,24.0,26.0,26.0,0.0,0.0,0.0,0.0,0.0,23.7,0.0,271.95,1.24,0.0,0.0,2.0,0.0,,,,,,,,,,,,,,,,,,,,,,,,,,,,,,,,,,,,,,,,,,,,,,,,,,,,,9.999e+20,,,,,,,,,,,,,,,,,,,,,,,,,,,,,3.3,1.2,1.6,2.0,2.0,2.4,2.4,2.8,2.8,3.2,1.6,3.2,3.6,3.6,3.6,4.0,4.4,4.80715,5.30112,5.37471,5.98802,7.09291,3.27872,1.4,0.0,0.0,0.0,0.0,0.0,0.0,0.0,0.0,,9.999e+20,9.999e+20,9.999e+20,9.999e+20,9.999e+20,0.8,,,304.0,,0.0,0.0,12.1,0.0,88888.0,82.0,9.9,10.0,10.2,9.9,10.3,10.8,11.0,11.3,952.0,896.0,944.0,880.0,992.0,1016.0,1032.0,1032.0,0.0,65.0,82.0,9.0,0.0,,,,,,274.83,1.42,,,,,,,,,,,,,,,,,,,,,,,,,,,,,,,,,,,,,,,,,,,,,,,,,,,,,,,,,,,,,9.999e+20,220.0,1.2,220.0,3.3,,,0.0,1.0,,1.0,0.0,465.0,19.0,22.0,25.0,30.0,546.0,220.0,220.0,220.0,0.0,274.0,,,,,,,,,,,,,,,,,,,,,,,,,,,,,1.2,0.0,0.4,0.8,0.8,0.8,0.8,0.8,0.8,0.8,0.4,0.8,1.2,1.2,1.2,1.6,1.6,1.6,2.0,2.0,2.4,2.8,1.2,0.6,0.0,0.0,0.0,0.0,0.0,0.0,0.0,0.0,1.6,1.6,0.0
2026040310,,,,,,,,,,,,,,,,,,,,,,,,,,,,,,,,,0.0,11.0,,,,,,,,,,,,,,,,,,,,,,,,,,,,,,,,,,,,,,,,,,,,,,,,,,,,,,,,,,,,,,,,,,,,,,,,,,,,,,,,,,,,,,,,,,,,,,,,,,,,,,,,,,,,,,,,,,,,,,,,,,,,,,,,,274.65,0.0,0.0,0.0,0.0,0.0,0.003,0.003,0.003,16.0,0.0,0.0,0.0,0.0,0.0,0.0,0.0,0.0,0.0,,,,,,,,,,,,,,,,,,,,,,,,,,,,,,,,,,,,,,,,,,,,,,,,,,,,,,,,,,,,,,,,,,,,,,,,,2.0,11.0,7620.0,277.0,1214.0,152.0,278.0,10.0,100.0,20.0,42.0,61.0,20.0,20.0,19.0,23.0,25.0,27.0,27.0,0.0,0.0,0.0,0.0,0.0,24.8,0.0,272.13,1.01,,0.0,1.0,0.0,,,,,,,,,,,,,,,,,,,,,,,,,,,,,,,,,,,,,,,,,,,,,,,,,,,,,,,,,,,,,,,,,,,,,,,,,,,,,,,,,,3.3,0.8,1.6,1.6,2.0,2.0,2.4,2.4,2.8,2.8,1.6,2.8,3.2,3.2,3.6,3.6,4.0,4.8,4.84357,5.30747,5.47265,6.7603,3.25191,1.4,0.0,0.0,0.0,0.0,0.0,0.0,0.0,0.0,,,,,,,0.4,,,296.0,,0.0,0.0,13.1,0.0,88888.0,83.0,10.2,10.1,10.3,10.1,10.5,10.8,11.1,11.7,928.0,896.0,944.0,872.0,984.0,1000.0,1016.0,1024.0,0.0,91.0,77.0,25.0,0.0,,,,,,274.86,1.15,,,,,,,,,,,,,,,,,,,,,,,,,,,,,,,,,,,,,,,,,,,,,,,,,,,,,,,,,,,,,9.999e+20,220.0,1.2,220.0,3.2,,,0.0,,,1.0,0.0,1745.0,17.0,20.0,22.0,26.0,496.0,220.0,220.0,220.0,0.0,274.2,,,,,,,,,,,,,,,,,,,,,,,,,,,,,1.2,0.0,0.4,0.4,0.4,0.8,0.8,0.8,0.8,0.8,0.4,0.8,0.8,1.2,1.2,1.2,1.6,1.6,2.0,2.0,2.0,2.8,1.2,0.6,0.0,0.0,0.0,0.0,0.0,0.0,0.0,0.0,1.2,1.6,0.0
2026040311,,,,,,,,,,,,,,,,,,,,,,,,,,,,,,,,,0.0,10.0,,,,,,,,,,,,,,,,,,,,,,,,,,,,,,,,,,,,,,,,,,,,,,,,,,,,,,,,,,,,,,,,,,,,,,,,,,,,,,,,,,,,,,,,,,,,,,,,,,,,,,,,,,,,,,,,,,,,,,,,,,,,,,,,,274.62,0.0,0.0,0.0,0.0,0.0,0.003,0.003,0.003,16.0,0.0,0.0,0.0,0.0,0.0,0.0,0.0,0.0,0.0,,,,,,,,,,,,,,,,,,,,,,,,,,,,,,,,,,,,,,,,,,,,,,,,,,,,,,,,,,,,,,,,,,,,,,,,,2.0,10.0,7620.0,153.0,1213.0,88.0,152.0,10.0,100.0,21.0,45.0,66.0,19.0,20.0,18.0,23.0,25.0,28.0,28.0,0.0,0.0,0.0,0.0,0.0,24.1,0.0,272.28,1.12,,0.0,1.0,0.0,,,,,,,,,,,,,,,,,,,,,,,,,,,,,,,,,,,,,,,,,,,,,,,,,,,,,,,,,,,,,,,,,,,,,,,,,,,,,,,,,,3.2,0.8,1.6,1.6,1.6,2.0,2.0,2.4,2.4,2.4,1.2,2.8,2.8,3.2,3.6,3.6,4.0,4.4,4.8,4.80613,5.41945,6.45187,2.83747,1.42,0.0,0.0,0.0,0.0,0.0,0.0,0.0,0.0,,,,,,,0.8,,,320.0,,0.0,11.0,36.1,0.0,88888.0,84.0,10.3,10.3,10.5,10.2,10.7,10.9,11.1,11.8,928.0,888.0,944.0,856.0,976.0,992.0,1008.0,1016.0,0.0,96.0,85.0,10.0,0.0,,,,,,274.52,1.28,,,,,,,,,,,,,,,,,,,,,,,,,,,,,,,,,,,,,,,,,,,,,,,,,,,,,,,,,,,,,9.999e+20,210.0,1.2,190.0,3.2,,,0.0,,,1.0,0.0,16209.0,8.0,9.0,10.0,13.0,552.0,210.0,210.0,210.0,0.0,274.1,,,,,,,,,,,,,,,,,,,,,,,,,,,,,1.2,0.0,0.4,0.4,0.4,0.4,0.4,0.8,0.8,0.8,0.4,0.8,0.8,1.2,1.2,1.2,1.6,1.6,1.6,2.0,2.0,2.8,1.2,0.6,0.0,0.0,0.0,0.0,1.0,0.0,0.0,0.0,1.2,1.2,0.0
2026040312,1.269,0.0,0.259,0.387,0.507,0.604,0.685,0.763,0.836,0.918,0.071,1.009,1.114,1.231,1.361,1.502,1.673,1.861,2.164,2.564,3.245,5.221,,0.0,0.0,0.0,0.0,10.0,0.0,0.0,0.0,0.0,0.0,9.0,,,,,,,,,,,,,,,,,,,,,,,,,,,,,,,,,,,,,,,,,,,,,,,,,,,,,,,,,,,,,,,,,0.254,0.0,0.0,0.0,0.001,0.006,0.022,0.068,0.122,0.179,0.0,0.241,0.313,0.395,0.492,0.628,0.75,0.933,1.125,1.431,1.916,2.861,38.0,0.0,0.0,2.0,0.0,0.0,0.0,0.0,0.0,0.0,,,,,,,,,,,,,,,,,,,,,,,,,,,,,,,,,274.69,0.0,0.0,0.0,0.0,0.0,0.003,0.003,0.003,15.0,0.0,0.0,0.0,0.0,0.0,0.0,0.0,0.0,0.0,,,,,,,,,,,,,,,,,,,,,,,,,,,,,,,,,,,,,0.0,0.0,0.0,0.0,0.005,0.01,0.015,0.015,24.0,0.0,0.0,0.0,0.0,0.0,0.0,0.0,0.0,0.0,,,,,,,,,,,,,,,,,,,1.0,10.0,7620.0,185.0,979.0,112.0,184.0,20.0,100.0,29.0,49.0,67.0,19.0,20.0,17.0,23.0,25.0,27.0,28.0,0.0,0.0,0.0,0.0,0.0,24.4,0.0,272.24,1.37,0.0,0.0,2.0,0.0,,,,,,,,,,,,,,,,,,,,,,,,,,0.0,0.0,0.0,0.0,0.0,0.0,0.0,0.0,0.0,0.0,0.0,0.0,0.0,,,,,,,,,,,,,,3.2,9.999e+20,,,,,,,,,,,,,,,,,,,,,,,,,,,,,3.2,0.8,1.2,1.6,1.6,2.0,2.0,2.0,2.4,2.4,1.2,2.4,2.8,3.2,3.6,3.6,4.0,4.4,4.8,4.80113,5.67044,6.40346,2.82876,1.42,0.0,0.0,0.0,0.0,0.0,0.0,0.0,0.0,3.0,9.999e+20,9.999e+20,9.999e+20,9.999e+20,9.999e+20,1.2,,,296.0,,0.0,6.0,26.1,6.0,88888.0,83.0,10.2,10.5,10.6,10.4,10.8,11.0,11.2,11.8,920.0,880.0,928.0,848.0,968.0,984.0,1000.0,1008.0,0.0,96.0,82.0,9.0,0.0,,,,,,274.91,1.39,,,,,,,,,,,,,,,,,,,,,,,,,,,,,,,,,,,,,,,,,,,,,,,,,,,,,,,,,,,,,9.999e+20,200.0,1.2,200.0,2.9,,,0.0,0.0,2.0,1.0,0.0,16256.0,9.0,9.0,10.0,14.0,462.0,200.0,200.0,200.0,0.0,274.2,,,,,,,,,,,,,,,,,,,,,,,,,,,,,1.2,0.0,0.4,0.4,0.4,0.4,0.4,0.8,0.8,0.8,0.0,0.8,0.8,1.2,1.2,1.2,1.6,1.6,1.6,2.0,2.0,2.4,0.800764,0.72,0.0,0.0,0.0,0.0,1.0,0.0,0.0,0.0,1.2,1.2,0.0
2026040313,,,,,,,,,,,,,,,,,,,,,,,,,,,,,,,,,0.0,12.0,,,,,,,,,,,,,,,,,,,,,,,,,,,,,,,,,,,,,,,,,,,,,,,,,,,,,,,,,,,,,,,,,,,,,,,,,,,,,,,,,,,,,,,,,,,,,,,,,,,,,,,,,,,,,,,,,,,,,,,,,,,,,,,,,274.8,0.0,0.0,0.0,0.0,0.0,0.003,0.003,0.003,14.0,0.0,0.0,0.0,0.0,0.0,0.0,0.0,0.0,0.0,,,,,,,,,,,,,,,,,,,,,,,,,,,,,,,,,,,,,,,,,,,,,,,,,,,,,,,,,,,,,,,,,,,,,,,,,1.0,7.0,7620.0,121.0,1215.0,112.0,120.0,9.0,100.0,17.0,41.0,64.0,19.0,20.0,17.0,23.0,25.0,27.0,28.0,0.0,0.0,0.0,0.0,0.0,24.5,0.0,272.85,1.08,,0.0,1.0,0.0,,,,,,,,,,,,,,,,,,,,,,,,,,,,,,,,,,,,,,,,,,,,,,,,,,,,,,,,,,,,,,,,,,,,,,,,,,,,,,,,,,2.8,0.8,1.2,1.6,1.6,2.0,2.0,2.0,2.4,2.4,1.2,2.4,2.8,2.8,3.2,3.6,4.0,4.0,4.4,4.85329,5.40806,6.49917,2.83646,1.42,0.0,0.0,0.0,0.0,0.0,0.0,0.0,0.0,,,,,,,1.2,,,288.0,,0.0,0.0,36.1,0.0,88888.0,85.0,10.1,10.4,10.6,10.3,10.7,10.9,11.2,12.0,912.0,888.0,928.0,856.0,960.0,976.0,992.0,1008.0,0.0,99.0,80.0,13.0,0.0,,,,,,274.74,1.13,,,,,,,,,,,,,,,,,,,,,,,,,,,,,,,,,,,,,,,,,,,,,,,,,,,,,,,,,,,,,9.999e+20,200.0,0.8,190.0,2.9,,,0.0,,,1.0,0.005,384.0,18.0,22.0,23.0,30.0,409.0,200.0,200.0,200.0,0.0,274.0,,,,,,,,,,,,,,,,,,,,,,,,,,,,,0.8,0.0,0.0,0.4,0.4,0.4,0.4,0.8,0.8,0.8,0.0,0.8,0.8,0.8,1.2,1.2,1.2,1.6,1.6,2.0,2.0,2.4,0.8,0.72,0.0,0.0,0.0,0.0,1.0,0.0,0.0,0.0,1.2,1.2,0.0
2026040314,,,,,,,,,,,,,,,,,,,,,,,,,,,,,,,,,0.0,10.0,,,,,,,,,,,,,,,,,,,,,,,,,,,,,,,,,,,,,,,,,,,,,,,,,,,,,,,,,,,,,,,,,,,,,,,,,,,,,,,,,,,,,,,,,,,,,,,,,,,,,,,,,,,,,,,,,,,,,,,,,,,,,,,,,275.0,0.0,0.0,0.0,0.0,0.0,0.003,0.003,0.003,12.0,0.0,0.0,0.0,0.0,0.0,0.0,0.0,0.0,0.0,,,,,,,,,,,,,,,,,,,,,,,,,,,,,,,,,,,,,,,,,,,,,,,,,,,,,,,,,,,,,,,,,,,,,,,,,1.0,6.0,8238.0,61.0,981.0,64.0,62.0,7.0,100.0,18.0,42.0,63.0,19.0,21.0,17.0,24.0,26.0,28.0,29.0,0.0,0.0,0.0,0.0,0.0,25.7,0.0,272.45,1.1,,3.0,0.0,0.0,,,,,,,,,,,,,,,,,,,,,,,,,,,,,,,,,,,,,,,,,,,,,,,,,,,,,,,,,,,,,,,,,,,,,,,,,,,,,,,,,,2.9,0.8,1.2,1.6,1.6,2.0,2.0,2.4,2.4,2.4,1.2,2.8,2.8,3.2,3.2,3.6,3.6,4.0,4.41186,4.94026,5.51783,7.35335,2.8564,1.42,0.0,0.0,0.0,0.0,0.0,0.0,0.0,0.0,,,,,,,0.0,,,312.0,,0.0,0.0,19.1,0.0,88888.0,83.0,10.3,10.3,10.5,10.2,10.7,10.9,11.1,12.2,904.0,888.0,928.0,840.0,952.0,976.0,992.0,1000.0,20.0,99.0,82.0,9.0,0.0,,,,,,274.8,1.15,,,,,,,,,,,,,,,,,,,,,,,,,,,,,,,,,,,,,,,,,,,,,,,,,,,,,,,,,,,,,9.999e+20,200.0,0.8,190.0,3.2,,,0.0,,,1.0,0.004,384.0,22.0,30.0,34.0,48.0,514.0,200.0,200.0,200.0,0.0,273.9,,,,,,,,,,,,,,,,,,,,,,,,,,,,,0.8,0.0,0.0,0.4,0.4,0.4,0.4,0.8,0.8,0.8,0.0,0.8,0.8,1.2,1.2,1.2,1.2,1.6,1.6,2.0,2.0,2.8,0.8,0.72,0.0,0.0,0.0,0.0,1.0,0.0,0.0,0.0,1.2,1.2,0.0
2026040315,,,,,,,,,,,,,,,,,,,,,,,,,,,,,,,,,0.0,13.0,,,,,,,,,,,,,,,,,,,,,,,,,,,,,,,,,,,,,,,,,,,,,,,,,,,,,,,,,,,,,,,,,,,,,,,,,,,,,,,,,,,,,,,,,,,,,,,,,,,,,,,,,,,,,,,,,,,,,,,,,,,,,,,,,275.27,0.0,0.0,0.0,0.0,0.0,0.003,0.003,0.003,11.0,0.0,0.0,0.0,0.0,0.0,0.0,0.0,0.0,0.0,,,,,,,,,,,,,,,,,,,,,,,,,,,,,,,,,,,,,,,,,,,,,,,,,,,,,,,,,,,,,,,,,,,,,,,,,1.0,6.0,7620.0,93.0,981.0,88.0,94.0,23.0,100.0,42.0,62.0,73.0,18.0,22.0,17.0,24.0,27.0,29.0,29.0,0.0,0.0,0.0,0.0,0.0,25.8,0.0,272.42,1.03,0.0,56.0,1.0,0.0,,,,,,,,,,,,,,,,,,,,,,,,,,,,,,,,,,,,,,,,,,,,,,,,,,,,,9.999e+20,,,,,,,,,,,,,,,,,,,,,,,,,,,,,3.3,0.8,1.2,1.6,2.0,2.0,2.0,2.4,2.4,2.8,1.2,2.8,2.8,3.2,3.2,3.6,3.62889,4.10556,4.23938,5.16206,6.13175,7.17362,2.90006,1.52,0.0,0.0,0.0,0.0,0.0,0.0,0.0,0.0,,9.999e+20,9.999e+20,9.999e+20,9.999e+20,9.999e+20,0.8,,,480.0,,0.0,0.0,41.1,0.0,88888.0,80.0,10.1,10.2,10.4,10.1,10.6,10.9,11.1,11.9,896.0,888.0,928.0,832.0,952.0,968.0,984.0,992.0,0.0,91.0,76.0,20.0,0.0,,,,,,275.27,1.04,,,,,,,,,,,,,,,,,,,,,,,,,,,,,,,,,,,,,,,,,,,,,,,,,,,,,,,,,,,,,9.999e+20,190.0,0.8,190.0,4.2,,,0.0,0.0,,1.0,0.003,16209.0,14.0,19.0,23.0,34.0,1369.0,190.0,190.0,190.0,0.0,274.3,,,,,,,,,,,,,,,,,,,,,,,,,,,,,0.8,0.0,0.0,0.0,0.4,0.4,0.4,0.4,0.8,0.8,0.0,0.8,0.8,1.2,1.2,1.2,1.2,1.6,1.6,2.0,2.4,2.4,0.8,0.72,0.0,0.0,0.0,0.0,1.0,0.0,0.0,0.0,1.2,1.2,0.0
2026040316,,,,,,,,,,,,,,,,,,,,,,,,,,,,,,,,,0.0,8.0,,,,,,,,,,,,,,,,,,,,,,,,,,,,,,,,,,,,,,,,,,,,,,,,,,,,,,,,,,,,,,,,,,,,,,,,,,,,,,,,,,,,,,,,,,,,,,,,,,,,,,,,,,,,,,,,,,,,,,,,,,,,,,,,,275.74,0.0,0.0,0.0,0.0,0.0,0.003,0.003,0.003,10.0,0.0,0.0,0.0,0.0,0.0,0.0,0.0,0.0,0.0,,,,,,,,,,,,,,,,,,,,,,,,,,,,,,,,,,,,,,,,,,,,,,,,,,,,,,,,,,,,,,,,,,,,,,,,,2.0,6.0,7620.0,181.0,769.0,184.0,182.0,12.0,99.0,37.0,63.0,72.0,18.0,22.0,17.0,24.0,27.0,29.0,30.0,0.0,0.0,0.0,0.0,0.0,25.9,0.0,272.09,0.83,,137.0,1.0,0.0,,,,,,,,,,,,,,,,,,,,,,,,,,,,,,,,,,,,,,,,,,,,,,,,,,,,,,,,,,,,,,,,,,,,,,,,,,,,,,,,,,3.4,1.2,1.6,2.0,2.0,2.4,2.4,2.8,2.8,2.8,1.6,3.2,3.2,3.20472,3.63727,3.67347,4.17234,4.3202,4.86402,5.44585,6.38398,8.26112,3.38629,1.5,0.0,0.0,0.0,0.0,0.0,0.0,0.0,1.0,,,,,,,2.0,,,536.0,,0.0,0.0,42.1,0.0,88888.0,77.0,9.8,9.9,10.1,9.8,10.3,10.6,10.9,11.7,920.0,912.0,944.0,880.0,968.0,984.0,1000.0,1016.0,0.0,66.0,74.0,13.0,0.0,,,,,,275.63,0.88,,,,,,,,,,,,,,,,,,,,,,,,,,,,,,,,,,,,,,,,,,,,,,,,,,,,,,,,,,,,,9.999e+20,190.0,1.2,190.0,4.2,,,0.0,,,1.0,0.0,16209.0,8.0,8.0,10.0,14.0,1587.0,190.0,190.0,190.0,0.0,274.7,,,,,,,,,,,,,,,,,,,,,,,,,,,,,1.2,0.0,0.0,0.4,0.4,0.4,0.4,0.8,0.8,0.8,0.0,0.8,1.2,1.2,1.2,1.2,1.6,1.6,1.6,2.0,2.4,2.8,1.2,0.8,0.0,0.0,0.0,0.0,1.0,0.0,1.0,0.0,1.2,1.6,0.0
2026040317,,,,,,,,,,,,,,,,,,,,,,,,,,,,,,,,,0.0,6.0,,,,,,,,,,,,,,,,,,,,,,,,,,,,,,,,,,,,,,,,,,,,,,,,,,,,,,,,,,,,,,,,,,,,,,,,,,,,,,,,,,,,,,,,,,,,,,,,,,,,,,,,,,,,,,,,,,,,,,,,,,,,,,,,,276.67,0.0,0.0,0.0,0.0,0.0,0.0,0.003,0.003,7.0,0.0,0.0,0.0,0.0,0.0,0.0,0.0,0.0,0.0,,,,,,,,,,,,,,,,,,,,,,,,,,,,,,,,,,,,,,,,,,,,,,,,,,,,,,,,,,,,,,,,,,,,,,,,,3.0,7.0,7620.0,213.0,9439.0,216.0,214.0,10.0,96.0,36.0,65.0,76.0,18.0,21.0,17.0,24.0,27.0,28.0,29.0,0.0,0.0,0.0,0.0,0.0,25.9,0.0,271.94,0.7,,235.0,1.0,0.0,,,,,,,,,,,,,,,,,,,,,,,,,,,,,,,,,,,,,,,,,,,,,,,,,,,,,,,,,,,,,,,,,,,,,,,,,,,,,,,,,,3.9,1.2,2.0,2.4,2.4,2.8,2.8,3.2,3.2,3.6,2.0,3.62873,3.70422,4.17085,4.27181,4.3958,4.86852,5.03793,5.5763,6.18298,7.54918,8.66017,3.93506,1.7,0.0,0.0,0.0,0.0,0.0,0.0,0.0,1.0,,,,,,,3.2,,,592.0,,0.0,0.0,27.1,0.0,88888.0,73.0,9.5,9.5,9.7,9.4,9.9,10.4,10.7,11.5,952.0,928.0,960.0,912.0,992.0,1016.0,1032.0,1056.0,0.0,95.0,70.0,23.0,0.0,,,,,,276.32,0.86,,,,,,,,,,,,,,,,,,,,,,,,,,,,,,,,,,,,,,,,,,,,,,,,,,,,,,,,,,,,,9.999e+20,190.0,1.2,190.0,4.3,,,1.0,,,1.0,0.0,16209.0,6.0,6.0,7.0,11.0,2003.0,190.0,190.0,190.0,0.0,275.5,,,,,,,,,,,,,,,,,,,,,,,,,,,,,1.2,0.0,0.4,0.8,0.8,0.8,0.8,0.8,1.2,1.2,0.4,1.2,1.2,1.2,1.6,1.6,1.6,1.6,2.0,2.4,2.8,3.2,1.2,0.8,0.0,0.0,0.0,0.0,1.0,0.0,1.0,0.0,1.6,1.6,0.0
2026040318,0.918,0.0,0.003,0.018,0.063,0.125,0.182,0.267,0.372,0.474,0.0,0.616,0.747,0.901,1.066,1.238,1.429,1.633,1.913,2.247,2.781,4.045,66.0,0.0,0.0,0.0,0.0,7.0,0.0,0.0,0.0,0.0,0.0,7.0,,,,,,,,,,,,,,,,,,,,,,,,,,,,,,,,,,,,,,,,,,,,,,,,,,,,,,,,,,,,,,,,,0.254,0.0,0.0,0.0,0.0,0.0,0.0,0.0,0.0,0.001,0.0,0.009,0.059,0.13,0.209,0.306,0.43,0.592,0.77,0.993,1.402,2.384,35.0,0.0,0.0,1.0,0.0,0.0,0.0,0.0,0.0,0.0,,,,,,,,,,,,,,,,,,,,,,,,,,,,,,,,,275.78,0.0,0.0,0.0,0.0,0.0,0.0,0.003,0.003,6.0,0.0,0.0,0.0,0.0,0.0,0.0,0.0,0.0,0.0,,,,,,,,,,,,,,,,,,,,,,,,,,,,,,,,,,,,,0.0,0.0,0.0,0.0,0.0,0.008,0.013,0.015,21.0,0.0,0.0,0.0,0.0,0.0,0.0,0.0,0.0,0.0,,,,,,,,,,,,,,,,,,,4.0,9.0,7620.0,333.0,9451.0,336.0,334.0,5.0,92.0,24.0,52.0,67.0,17.0,20.0,17.0,24.0,27.0,28.0,28.0,0.0,0.0,0.0,0.0,0.0,24.9,0.0,272.41,0.66,0.0,290.0,1.0,0.0,,,,,,,,,,,,,,,,,,,,,,,,,,0.0,0.0,0.0,0.0,0.0,0.0,0.0,0.0,0.0,0.0,0.0,0.0,0.0,,,,,,,,,,,,,,5.2,9.999e+20,,,,,,,,,,,,,,,,,,,,,,,,,,,,,4.8,2.0,2.8,2.8,2.8,3.2,3.2,3.6,4.0,4.0,2.4,4.40301,4.46289,4.90451,4.95578,5.42911,5.51685,6.03145,6.72651,7.90457,8.32093,9.37453,4.77051,1.92,1.0,0.0,0.0,0.0,0.0,0.0,0.0,3.0,2.0,9.999e+20,9.999e+20,9.999e+20,9.999e+20,9.999e+20,1.6,83.0,,688.0,,0.0,0.0,53.2,0.0,88888.0,70.0,9.0,9.0,9.3,8.7,9.6,10.2,10.5,11.2,992.0,952.0,976.0,928.0,1008.0,1056.0,1072.0,1088.0,0.0,97.0,71.0,24.0,0.0,,,,,0.977238,277.24,0.85,,,,,,,,,,,,,,,,,,,,,,,,,,,,,,,274.223,271.28,272.701,273.05,273.192,273.522,273.732,273.627,273.957,273.963,272.691,274.035,274.515,274.475,274.652,274.86,275.072,275.076,274.967,275.224,275.556,275.838,0.0,0.0,0.0,0.0,0.0,0.0,13.0,0.0,9.999e+20,200.0,1.6,190.0,5.0,,4.0,0.0,1.0,2.0,1.0,0.0,16209.0,3.0,3.0,4.0,7.0,2705.0,200.0,200.0,200.0,0.0,276.5,,,,,,,,,,,,,,,,,,,,,,,,,,,,,1.6,0.4,0.8,0.8,1.2,1.2,1.2,1.2,1.2,1.6,0.8,1.6,1.6,1.6,1.6,2.0,2.0,2.0,2.4,2.8,3.2,4.0,1.6,0.92,0.0,0.0,0.0,0.0,3.0,0.0,1.0,0.0,2.0,2.0,0.0
2026040319,,,,,,,,,,,,,,,,,,,,,,,,,,,,,,,,,0.0,5.0,,,,,,,,,,,,,,,,,,,,,,,,,,,,,,,,,,,,,,,,,,,,,,,,,,,,,,,,,,,,,,,,,,,,,,,,,,,,,,,,,,,,,,,,,,,,,,,,,,,,,,,,,,,,,,,,,,,,,,,,,,,,,,,,,276.82,0.0,0.0,0.0,0.0,0.0,0.0,0.0,0.0,3.0,0.0,0.0,0.0,0.0,0.0,0.0,0.0,0.0,0.0,,,,,,,,,,,,,,,,,,,,,,,,,,,,,,,,,,,,,,,,,,,,,,,,,,,,,,,,,,,,,,,,,,,,,,,,,6.0,10.0,7620.0,453.0,9460.0,448.0,454.0,2.0,89.0,15.0,38.0,57.0,17.0,20.0,17.0,23.0,26.0,28.0,28.0,0.0,0.0,0.0,0.0,0.0,24.6,0.0,272.79,0.58,,293.0,1.0,0.0,,,,,,,,,,,,,,,,,,,,,,,,,,,,,,,,,,,,,,,,,,,,,,,,,,,,,,,,,,,,,,,,,,,,,,,,,,,,,,,,,,4.7,2.0,2.8,2.8,3.2,3.2,3.2,3.6,4.0,4.4093,2.4,4.48199,4.53683,4.99429,5.02467,5.44817,5.5642,6.06326,6.59573,7.67098,8.1688,10.718,4.69318,1.92,0.0,0.0,0.0,0.0,0.0,0.0,0.0,3.0,,,,,,,2.4,,,648.0,,0.0,0.0,47.1,0.0,88888.0,68.0,8.7,8.7,8.9,8.2,9.2,9.7,10.1,10.7,1040.0,1000.0,1024.0,984.0,1048.0,1112.0,1128.0,1144.0,0.0,98.0,81.0,9.0,0.0,,,,,,278.27,0.8,,,,,,,,,,,,,,,,,,,,,,,,,,,,,,,,,,,,,,,,,,,,,,,,,,,,,,,,,,,,,9.999e+20,200.0,2.0,190.0,4.7,,,0.0,,,1.0,0.0,16209.0,2.0,2.0,3.0,5.0,2450.0,200.0,200.0,200.0,0.0,277.6,,,,,,,,,,,,,,,,,,,,,,,,,,,,,2.0,0.8,0.8,1.2,1.2,1.2,1.2,1.6,1.6,1.6,0.8,1.6,1.6,2.0,2.0,2.0,2.0,2.0,2.4,2.8,3.2,4.4,1.6,0.8,0.0,0.0,0.0,0.0,3.0,0.0,1.0,0.0,2.0,2.4,0.0
2026040320,,,,,,,,,,,,,,,,,,,,,,,,,,,,,,,,,0.0,5.0,,,,,,,,,,,,,,,,,,,,,,,,,,,,,,,,,,,,,,,,,,,,,,,,,,,,,,,,,,,,,,,,,,,,,,,,,,,,,,,,,,,,,,,,,,,,,,,,,,,,,,,,,,,,,,,,,,,,,,,,,,,,,,,,,277.23,0.0,0.0,0.0,0.0,0.0,0.0,0.0,0.0,2.0,0.0,0.0,0.0,0.0,0.0,0.0,0.0,0.0,0.0,,,,,,,,,,,,,,,,,,,,,,,,,,,,,,,,,,,,,,,,,,,,,,,,,,,,,,,,,,,,,,,,,,,,,,,,,6.0,11.0,7620.0,549.0,3909.0,464.0,550.0,1.0,86.0,10.0,32.0,53.0,17.0,21.0,17.0,24.0,27.0,28.0,28.0,0.0,0.0,0.0,0.0,0.0,24.9,0.0,273.25,0.48,,317.0,1.0,0.0,,,,,,,,,,,,,,,,,,,,,,,,,,,,,,,,,,,,,,,,,,,,,,,,,,,,,,,,,,,,,,,,,,,,,,,,,,,,,,,,,,5.0,2.4,3.2,3.2,3.2,3.6,3.6,3.70343,4.23122,4.32974,2.8,4.44252,4.90162,5.004,5.10102,5.56466,6.08755,6.53769,7.11916,7.87641,8.93363,10.2582,4.98806,1.9,0.0,0.0,0.0,0.0,0.0,0.0,0.0,6.0,,,,,,,2.0,,,712.0,,4.0,0.0,44.2,0.0,88888.0,68.0,8.3,8.3,8.5,7.8,8.8,9.3,9.7,10.1,1104.0,1040.0,1064.0,1024.0,1096.0,1168.0,1200.0,1208.0,0.0,57.0,80.0,9.0,0.0,,,,,,278.59,0.76,,,,,,,,,,,,,,,,,,,,,,,,,,,,,,,,,,,,,,,,,,,,,,,,,,,,,,,,,,,,,9.999e+20,200.0,2.0,200.0,5.1,,,0.0,,,1.0,0.0,16209.0,2.0,2.0,3.0,6.0,2857.0,200.0,200.0,200.0,0.0,278.0,,,,,,,,,,,,,,,,,,,,,,,,,,,,,2.0,0.8,1.2,1.2,1.2,1.2,1.6,1.6,1.6,1.6,1.2,1.6,2.0,2.0,2.0,2.0,2.4,2.4,2.8,2.8,3.2,4.40281,2.00136,0.8,0.0,0.0,0.0,0.0,3.0,0.0,1.0,0.0,2.0,2.4,0.0
2026040321,,,,,,,,,,,,,,,,,,,,,,,,,,,,,,,,,0.0,8.0,,,,,,,,,,,,,,,,,,,,,,,,,,,,,,,,,,,,,,,,,,,,,,,,,,,,,,,,,,,,,,,,,,,,,,,,,,,,,,,,,,,,,,,,,,,,,,,,,,,,,,,,,,,,,,,,,,,,,,,,,,,,,,,,,277.14,0.0,0.0,0.0,0.0,0.0,0.0,0.0,0.0,3.0,0.0,0.0,0.0,0.0,0.0,0.0,0.0,0.0,0.0,,,,,,,,,,,,,,,,,,,,,,,,,,,,,,,,,,,,,,,,,,,,,,,,,,,,,,,,,,,,,,,,,,,,,,,,,7.0,12.0,7620.0,669.0,3390.0,488.0,670.0,2.0,83.0,10.0,27.0,46.0,17.0,20.0,17.0,23.0,26.0,28.0,29.0,0.0,0.0,0.0,0.0,0.0,25.0,0.0,273.73,0.47,0.0,275.0,1.0,0.0,,,,,,,,,,,,,,,,,,,,,,,,,,,,,,,,,,,,,,,,,,,,,,,,,,,,,9.999e+20,,,,,,,,,,,,,,,,,,,,,,,,,,,,,5.3,2.4,3.2,3.6,3.6,4.0,4.0643,4.62401,4.46249,4.63899,3.2,5.0885,5.17838,5.2384,5.72273,5.82922,6.3183,6.84617,7.06297,7.78504,8.75936,10.4924,5.27508,1.82,0.0,0.0,0.0,0.0,0.0,0.0,0.0,6.0,,9.999e+20,9.999e+20,9.999e+20,9.999e+20,9.999e+20,2.8,,,720.0,,4.1,0.0,40.0,0.0,88888.0,69.0,7.7,7.9,8.1,7.5,8.4,8.8,9.4,9.5,1152.0,1080.0,1104.0,1064.0,1144.0,1224.0,1256.0,1272.0,0.0,99.0,85.0,10.0,0.0,,,,,,278.82,0.76,,,,,,,,,,,,,,,,,,,,,,,,,,,,,,,,,,,,,,,,,,,,,,,,,,,,,,,,,,,,,9.999e+20,210.0,2.0,200.0,4.3,,,0.0,1.0,,1.0,0.0,16209.0,2.0,2.0,3.0,5.0,2488.0,210.0,210.0,210.0,0.0,278.0,,,,,,,,,,,,,,,,,,,,,,,,,,,,,2.0,0.8,1.2,1.6,1.6,1.6,1.6,1.6,2.0,2.0,1.2,2.0,2.0,2.0,2.4,2.4,2.4,2.8,2.8,3.2,3.6,4.18643,2.00505,0.8,0.0,0.0,0.0,0.0,5.0,0.0,1.0,0.0,2.4,2.8,0.0
2026040322,,,,,,,,,,,,,,,,,,,,,,,,,,,,,,,,,0.0,7.0,,,,,,,,,,,,,,,,,,,,,,,,,,,,,,,,,,,,,,,,,,,,,,,,,,,,,,,,,,,,,,,,,,,,,,,,,,,,,,,,,,,,,,,,,,,,,,,,,,,,,,,,,,,,,,,,,,,,,,,,,,,,,,,,,277.35,0.0,0.0,0.0,0.0,0.0,0.0,0.0,0.0,3.0,0.0,0.0,0.0,0.0,0.0,0.0,0.0,0.0,0.0,,,,,,,,,,,,,,,,,,,,,,,,,,,,,,,,,,,,,,,,,,,,,,,,,,,,,,,,,,,,,,,,,,,,,,,,,7.0,12.0,7620.0,821.0,3394.0,488.0,822.0,2.0,78.0,8.0,21.0,36.0,17.0,21.0,17.0,23.0,26.0,28.0,29.0,0.0,0.0,0.0,0.0,0.0,24.7,0.0,273.8,0.49,,228.0,1.0,0.0,,,,,,,,,,,,,,,,,,,,,,,,,,,,,,,,,,,,,,,,,,,,,,,,,,,,,,,,,,,,,,,,,,,,,,,,,,,,,,,,,,5.4,2.4,3.6,3.6,4.0,4.0,4.05864,4.56117,4.62854,4.65967,3.2,4.66804,4.84289,5.24633,5.36409,5.8371,5.91292,6.42429,6.97642,7.56298,8.72416,9.74325,5.37006,1.7,0.0,0.0,0.0,0.0,0.0,0.0,0.0,6.0,,,,,,,3.2,,,712.0,,4.1,0.0,40.0,0.0,186.0,71.0,7.5,7.4,7.7,7.2,7.9,8.4,9.0,9.3,1192.0,1120.0,1152.0,1104.0,1184.0,1256.0,1288.0,1304.0,0.0,99.0,83.0,10.0,0.0,,,,,,278.56,0.81,,,,,,,,,,,,,,,,,,,,,,,,,,,,,,,,,,,,,,,,,,,,,,,,,,,,,,,,,,,,,9.999e+20,210.0,2.0,200.0,4.5,,,0.0,,,1.0,0.007,16209.0,1.0,2.0,2.0,4.0,2471.0,210.0,210.0,210.0,0.0,277.9,,,,,,,,,,,,,,,,,,,,,,,,,,,,,2.0,0.8,1.2,1.6,1.6,1.6,1.6,1.6,1.6,2.0,1.2,2.0,2.0,2.0,2.0,2.4,2.4,2.4,2.8,2.8,3.2,4.26453,2.01449,0.7,0.0,0.0,0.0,0.0,4.0,0.0,1.0,0.0,2.4,2.4,0.0
2026040323,,,,,,,,,,,,,,,,,,,,,,,,,,,,,,,,,0.0,8.0,,,,,,,,,,,,,,,,,,,,,,,,,,,,,,,,,,,,,,,,,,,,,,,,,,,,,,,,,,,,,,,,,,,,,,,,,,,,,,,,,,,,,,,,,,,,,,,,,,,,,,,,,,,,,,,,,,,,,,,,,,,,,,,,,277.21,0.0,0.0,0.0,0.0,0.0,0.0,0.0,0.0,3.0,0.0,0.0,0.0,0.0,0.0,0.0,0.0,0.0,0.0,,,,,,,,,,,,,,,,,,,,,,,,,,,,,,,,,,,,,,,,,,,,,,,,,,,,,,,,,,,,,,,,,,,,,,,,,6.0,11.0,7620.0,821.0,3394.0,488.0,822.0,2.0,77.0,9.0,21.0,35.0,17.0,21.0,17.0,22.0,25.0,28.0,29.0,0.0,0.0,0.0,0.0,0.0,24.3,0.0,273.79,0.47,,183.0,1.0,0.0,,,,,,,,,,,,,,,,,,,,,,,,,,,,,,,,,,,,,,,,,,,,,,,,,,,,,,,,,,,,,,,,,,,,,,,,,,,,,,,,,,5.2,2.4,3.6,3.6,4.0,4.0,4.02908,4.22991,4.34499,4.5024,3.2,4.60541,5.11281,5.20155,5.2982,5.77559,5.98021,6.53809,7.14074,8.09545,8.69165,10.2665,5.18314,1.82,0.0,0.0,0.0,0.0,0.0,0.0,0.0,5.0,,,,,,,3.6,,,728.0,,7.1,0.0,20.0,0.0,194.0,70.0,7.0,7.1,7.2,6.8,7.5,8.0,8.6,9.0,1216.0,1160.0,1192.0,1144.0,1224.0,1296.0,1320.0,1336.0,0.0,99.0,81.0,10.0,0.0,,,,,,278.91,0.87,,,,,,,,,,,,,,,,,,,,,,,,,,,,,,,,,,,,,,,,,,,,,,,,,,,,,,,,,,,,,9.999e+20,220.0,2.0,230.0,4.0,,,1.0,,,1.0,0.008,16209.0,2.0,2.0,3.0,5.0,2291.0,220.0,220.0,220.0,0.0,277.5,,,,,,,,,,,,,,,,,,,,,,,,,,,,,2.0,0.8,1.2,1.6,1.6,1.6,1.6,1.6,1.6,1.6,1.2,2.0,2.0,2.0,2.0,2.0,2.4,2.4,2.4,2.8,3.6,4.0,2.01165,0.7,0.0,0.0,0.0,0.0,4.0,0.0,0.0,0.0,2.4,2.4,0.0
2026040400,0.797,0.0,0.0,0.0,0.0,0.0,0.001,0.033,0.14,0.233,0.0,0.373,0.532,0.689,0.849,1.011,1.233,1.497,1.8,2.193,2.814,4.518,52.0,0.0,0.0,0.0,0.0,7.0,0.0,0.0,0.0,0.0,0.0,11.0,2.623,0.0,0.52,0.731,0.941,1.173,1.388,1.607,1.806,1.994,0.228,2.223,2.445,2.71,3.017,3.29,3.615,4.041,4.501,5.102,6.191,8.947,95.0,0.0,0.0,0.0,0.0,0.0,0.0,0.0,5.0,0.0,,,,,,,,,,,,,,,,,,,,,,,,,,,,,,,,,0.254,0.0,0.0,0.0,0.0,0.0,0.0,0.0,0.0,0.0,0.0,0.0,0.0,0.0,0.0,0.002,0.117,0.329,0.599,0.958,1.496,2.644,25.0,0.0,0.0,1.0,0.0,0.0,0.0,0.0,0.0,0.0,,,,,,,,,,,,,,,,,,,,,,,,,,,,,,,,,277.29,0.0,0.0,0.0,0.0,0.0,0.0,0.0,0.0,4.0,0.0,0.0,0.0,0.0,0.0,0.0,0.0,0.0,0.0,,,,,,,,,,,,,,,,,,,,,,,,,,,,,,,,,,,,,0.0,0.0,0.0,0.0,0.0,0.0,0.0,0.003,6.0,0.0,0.0,0.0,0.0,0.0,0.0,0.0,0.0,0.0,,,,,,,,,,,,,,,,,,,5.0,10.0,7620.0,821.0,2922.0,520.0,822.0,3.0,76.0,9.0,21.0,32.0,17.0,21.0,17.0,23.0,24.0,27.0,27.0,0.0,0.0,0.0,0.0,0.0,24.0,0.0,273.89,0.44,0.0,157.0,1.0,0.0,,,,,,,,,,,,,,,,,,,,,,,,,,0.0,0.0,0.0,0.0,0.0,0.0,0.0,0.0,0.0,0.0,0.0,0.0,0.0,,,,,,,,,,,,,,7.0,9.999e+20,,,,,,,,,,,,,,,,,,,,,,,,,,,,,5.1,1.6,3.2,3.6,3.6,4.0,4.0,4.4,4.56743,4.37213,3.2,4.51975,4.59439,4.69397,5.21682,5.34075,5.41541,5.99215,6.61897,6.85798,7.95693,10.0279,5.0666,1.62,0.0,0.0,0.0,0.0,0.0,0.0,0.0,4.0,2.0,9.999e+20,9.999e+20,9.999e+20,9.999e+20,9.999e+20,3.6,,,640.0,0.0,7.1,0.0,20.0,0.0,186.0,72.0,6.8,6.6,6.8,6.3,7.0,7.6,8.2,8.7,1232.0,1192.0,1224.0,1176.0,1272.0,1320.0,1352.0,1376.0,0.0,99.0,81.0,12.0,0.0,279.31,0.86,,,,278.5,0.78,,,,,,,,,,,,,,,,,,,,,,,,,,,,,,,,,,,,,,,,,,,,,,,,,,,,,,,,,,,,,9.999e+20,210.0,2.0,230.0,3.3,,3.0,1.0,1.0,3.0,1.0,0.008,16209.0,3.0,4.0,4.0,7.0,1661.0,210.0,210.0,210.0,0.0,277.2,,,,,,,,,,,,,,,,,,,,,,,,,,,,,2.0,0.8,1.2,1.2,1.2,1.6,1.6,1.6,1.6,1.6,0.8,1.6,1.6,1.6,2.0,2.0,2.0,2.0,2.4,2.4,3.2,4.0,2.00439,0.6,0.0,0.0,0.0,0.0,3.0,0.0,0.0,0.0,2.0,2.4,0.0
2026040401,,,,,,,,,,,,,,,,,,,,,,,,,,,,,,,,,0.0,9.0,,,,,,,,,,,,,,,,,,,,,,,,,,,,,,,,,,,,,,,,,,,,,,,,,,,,,,,,,,,,,,,,,,,,,,,,,,,,,,,,,,,,,,,,,,,,,,,,,,,,,,,,,,,,,,,,,,,,,,,,,,,,,,,,,277.38,0.0,0.0,0.0,0.0,0.0,0.0,0.0,0.0,3.0,0.0,0.0,0.0,0.0,0.0,0.0,0.0,0.0,0.0,,,,,,,,,,,,,,,,,,,,,,,,,,,,,,,,,,,,,,,,,,,,,,,,,,,,,,,,,,,,,,,,,,,,,,,,,4.0,8.0,7620.0,821.0,2921.0,616.0,822.0,3.0,75.0,10.0,19.0,30.0,18.0,20.0,17.0,22.0,24.0,26.0,27.0,0.0,0.0,0.0,0.0,0.0,23.4,0.0,274.01,0.54,,82.0,2.0,0.0,,,,,,,,,,,,,,,,,,,,,,,,,,,,,,,,,,,,,,,,,,,,,,,,,,,,,,,,,,,,,,,,,,,,,,,,,,,,,,,,,,4.0,1.6,2.8,2.8,2.8,3.2,3.2,3.2,3.6,3.70971,2.4,3.80441,3.85356,3.99886,4.4754,4.57163,4.66093,5.17512,5.25474,5.84785,6.99023,8.8147,4.01653,1.42,0.0,0.0,0.0,0.0,0.0,0.0,0.0,1.0,,,,,,,3.2,,,568.0,,7.1,0.0,20.0,0.0,88888.0,75.0,6.6,6.5,6.8,6.3,6.9,7.5,8.1,8.4,1232.0,1208.0,1240.0,1192.0,1280.0,1328.0,1344.0,1368.0,0.0,99.0,75.0,19.0,0.0,,,,,,278.02,0.79,,,,,,,,,,,,,,,,,,,,,,,,,,,,,,,,,,,,,,,,,,,,,,,,,,,,,,,,,,,,,9.999e+20,220.0,1.6,220.0,3.0,,,0.0,,,1.0,0.013,16209.0,3.0,4.0,4.0,7.0,1328.0,220.0,220.0,220.0,0.0,277.3,,,,,,,,,,,,,,,,,,,,,,,,,,,,,1.6,0.4,0.8,0.8,0.8,1.2,1.2,1.2,1.2,1.2,0.8,1.2,1.2,1.2,1.6,1.6,1.6,2.0,2.0,2.0,2.8,3.2,1.6,0.6,0.0,0.0,0.0,0.0,0.0,0.0,0.0,0.0,1.6,2.0,0.0
2026040402,,,,,,,,,,,,,,,,,,,,,,,,,,,,,,,,,0.0,5.0,,,,,,,,,,,,,,,,,,,,,,,,,,,,,,,,,,,,,,,,,,,,,,,,,,,,,,,,,,,,,,,,,,,,,,,,,,,,,,,,,,,,,,,,,,,,,,,,,,,,,,,,,,,,,,,,,,,,,,,,,,,,,,,,,277.69,0.0,0.0,0.0,0.0,0.0,0.0,0.0,0.0,2.0,0.0,0.0,0.0,0.0,0.0,0.0,0.0,0.0,0.0,,,,,,,,,,,,,,,,,,,,,,,,,,,,,,,,,,,,,,,,,,,,,,,,,,,,,,,,,,,,,,,,,,,,,,,,,3.0,5.0,7620.0,1065.0,2505.0,744.0,1064.0,4.0,75.0,10.0,20.0,28.0,18.0,20.0,17.0,22.0,24.0,25.0,26.0,0.0,0.0,0.0,0.0,0.0,23.1,0.0,273.99,0.96,,31.0,1.0,0.0,,,,,,,,,,,,,,,,,,,,,,,,,,,,,,,,,,,,,,,,,,,,,,,,,,,,,,,,,,,,,,,,,,,,,,,,,,,,,,,,,,3.4,1.2,2.0,2.0,2.4,2.4,2.4,2.8,2.8,2.8,1.6,3.2,3.2,3.6,3.6,3.61748,4.11238,4.65145,4.80567,5.3428,6.30876,7.88526,3.35573,1.42,0.0,0.0,0.0,0.0,0.0,0.0,0.0,0.0,,,,,,,0.8,,,320.0,,7.1,0.0,20.0,0.0,88888.0,77.0,6.5,6.5,6.6,6.2,6.9,7.4,7.7,8.2,1232.0,1216.0,1256.0,1192.0,1288.0,1320.0,1344.0,1376.0,0.0,99.0,73.0,26.0,0.0,,,,,,277.77,1.16,,,,,,,,,,,,,,,,,,,,,,,,,,,,,,,,,,,,,,,,,,,,,,,,,,,,,,,,,,,,,9.999e+20,230.0,1.2,210.0,2.6,,,1.0,,,1.0,0.007,16256.0,4.0,4.0,5.0,8.0,475.0,230.0,230.0,230.0,0.0,276.5,,,,,,,,,,,,,,,,,,,,,,,,,,,,,1.2,0.4,0.4,0.8,0.8,0.8,0.8,0.8,0.8,0.8,0.4,0.8,1.2,1.2,1.2,1.2,1.6,1.6,1.6,2.0,2.4,2.8,1.2,0.6,0.0,0.0,0.0,0.0,0.0,0.0,0.0,0.0,1.6,1.6,0.0
2026040403,,,,,,,,,,,,,,,,,,,,,,,,,,,,,,,,,0.0,4.0,,,,,,,,,,,,,,,,,,,,,,,,,,,,,,,,,,,,,,,,,,,,,,,,,,,,,,,,,,,,,,,,,,,,,,,,,,,,,,,,,,,,,,,,,,,,,,,,,,,,,,,,,,,,,,,,,,,,,,,,,,,,,,,,,277.2,0.0,0.0,0.0,0.0,0.0,0.0,0.0,0.0,2.0,0.0,0.0,0.0,0.0,0.0,0.0,0.0,0.0,0.0,,,,,,,,,,,,,,,,,,,,,,,,,,,,,,,,,,,,,,,,,,,,,,,,,,,,,,,,,,,,,,,,,,,,,,,,,1.0,3.0,7870.0,1065.0,2506.0,416.0,1064.0,5.0,75.0,12.0,20.0,29.0,19.0,20.0,17.0,22.0,23.0,25.0,25.0,0.0,0.0,0.0,0.0,0.0,22.9,0.0,273.38,1.28,0.0,9.0,2.0,0.0,,,,,,,,,,,,,,,,,,,,,,,,,,,,,,,,,,,,,,,,,,,,,,,,,,,,,9.999e+20,,,,,,,,,,,,,,,,,,,,,,,,,,,,,2.9,0.8,1.6,1.6,2.0,2.0,2.0,2.4,2.4,2.4,1.2,2.8,2.8,2.8,3.2,3.2,3.70263,3.88881,4.40348,4.92979,5.51466,6.95727,2.94146,1.42,0.0,0.0,0.0,0.0,0.0,0.0,0.0,0.0,,9.999e+20,9.999e+20,9.999e+20,9.999e+20,9.999e+20,0.8,,,280.0,,7.1,0.0,4.0,0.0,88888.0,77.0,6.4,6.3,6.5,6.0,6.8,7.2,7.5,8.1,1216.0,1224.0,1264.0,1200.0,1296.0,1320.0,1344.0,1376.0,40.0,97.0,76.0,15.0,0.0,,,,,,276.99,1.36,,,,,,,,,,,,,,,,,,,,,,,,,,,,,,,,,,,,,,,,,,,,,,,,,,,,,,,,,,,,,9.999e+20,210.0,1.2,220.0,2.5,,,1.0,1.0,,1.0,0.009,16256.0,3.0,4.0,4.0,7.0,357.0,210.0,210.0,210.0,0.0,275.8,,,,,,,,,,,,,,,,,,,,,,,,,,,,,1.2,0.0,0.4,0.4,0.4,0.8,0.8,0.8,0.8,0.8,0.0,0.8,0.8,1.2,1.2,1.2,1.2,1.6,1.6,2.0,2.0,2.4,1.2,0.6,0.0,0.0,0.0,0.0,0.0,0.0,0.0,0.0,1.2,1.2,0.0
2026040404,,,,,,,,,,,,,,,,,,,,,,,,,,,,,,,,,0.0,4.0,,,,,,,,,,,,,,,,,,,,,,,,,,,,,,,,,,,,,,,,,,,,,,,,,,,,,,,,,,,,,,,,,,,,,,,,,,,,,,,,,,,,,,,,,,,,,,,,,,,,,,,,,,,,,,,,,,,,,,,,,,,,,,,,,276.85,0.0,0.0,0.0,0.0,0.0,0.0,0.0,0.0,2.0,0.0,0.0,0.0,0.0,0.0,0.0,0.0,0.0,0.0,,,,,,,,,,,,,,,,,,,,,,,,,,,,,,,,,,,,,,,,,,,,,,,,,,,,,,,,,,,,,,,,,,,,,,,,,1.0,2.0,7620.0,825.0,2132.0,432.0,824.0,6.0,77.0,13.0,23.0,30.0,19.0,21.0,19.0,22.0,23.0,24.0,25.0,0.0,0.0,0.0,0.0,0.0,23.0,0.0,272.85,1.48,,7.0,2.0,0.0,,,,,,,,,,,,,,,,,,,,,,,,,,,,,,,,,,,,,,,,,,,,,,,,,,,,,,,,,,,,,,,,,,,,,,,,,,,,,,,,,,2.9,0.8,1.6,1.6,1.6,2.0,2.0,2.0,2.0,2.0,1.2,2.4,2.4,2.8,2.8,3.21478,3.31506,3.81093,3.89186,4.43637,5.10216,6.75806,2.5285,1.3,0.0,0.0,0.0,0.0,0.0,0.0,0.0,0.0,,,,,,,0.4,,,264.0,,5.1,0.0,3.0,0.0,88888.0,77.0,6.3,6.3,6.5,6.0,6.7,7.1,7.5,8.1,1208.0,1232.0,1256.0,1200.0,1296.0,1312.0,1336.0,1368.0,0.0,97.0,69.0,19.0,0.0,,,,,,276.86,1.45,,,,,,,,,,,,,,,,,,,,,,,,,,,,,,,,,,,,,,,,,,,,,,,,,,,,,,,,,,,,,9.999e+20,230.0,0.8,230.0,2.6,,,0.0,,,1.0,0.002,16256.0,2.0,3.0,3.0,7.0,325.0,230.0,230.0,230.0,0.0,275.5,,,,,,,,,,,,,,,,,,,,,,,,,,,,,0.8,0.0,0.4,0.4,0.4,0.4,0.4,0.8,0.8,0.8,0.4,0.8,0.8,0.8,0.8,1.2,1.2,1.2,1.6,1.6,2.0,2.4,0.8,0.52,0.0,0.0,0.0,0.0,0.0,0.0,0.0,0.0,1.2,1.2,0.0
2026040405,,,,,,,,,,,,,,,,,,,,,,,,,,,,,,,,,0.0,3.0,,,,,,,,,,,,,,,,,,,,,,,,,,,,,,,,,,,,,,,,,,,,,,,,,,,,,,,,,,,,,,,,,,,,,,,,,,,,,,,,,,,,,,,,,,,,,,,,,,,,,,,,,,,,,,,,,,,,,,,,,,,,,,,,,276.11,0.0,0.0,0.0,0.0,0.0,0.0,0.0,0.0,1.0,0.0,0.0,0.0,0.0,0.0,0.0,0.0,0.0,0.0,,,,,,,,,,,,,,,,,,,,,,,,,,,,,,,,,,,,,,,,,,,,,,,,,,,,,,,,,,,,,,,,,,,,,,,,,1.0,2.0,7620.0,825.0,2131.0,512.0,824.0,8.0,77.0,14.0,23.0,33.0,20.0,21.0,20.0,22.0,24.0,26.0,27.0,0.0,0.0,0.0,0.0,0.0,23.4,0.0,272.89,1.34,,5.0,2.0,0.0,,,,,,,,,,,,,,,,,,,,,,,,,,,,,,,,,,,,,,,,,,,,,,,,,,,,,,,,,,,,,,,,,,,,,,,,,,,,,,,,,,2.5,0.8,1.2,1.6,1.6,1.6,1.6,2.0,2.0,2.0,0.8,2.0,2.4,2.4,2.8,2.82706,2.97582,3.44469,3.90898,4.08582,4.65281,6.44331,2.54636,1.2,0.0,0.0,0.0,0.0,0.0,0.0,0.0,0.0,,,,,,,0.8,,,280.0,,5.1,0.0,3.0,0.0,88888.0,78.0,6.1,6.3,6.4,5.9,6.6,7.0,7.4,8.1,1200.0,1224.0,1248.0,1200.0,1288.0,1304.0,1336.0,1360.0,0.0,96.0,72.0,18.0,0.0,,,,,,276.32,1.36,,,,,,,,,,,,,,,,,,,,,,,,,,,,,,,,,,,,,,,,,,,,,,,,,,,,,,,,,,,,,9.999e+20,210.0,0.8,230.0,2.6,,,0.0,,,1.0,0.0,16256.0,2.0,3.0,3.0,7.0,371.0,210.0,210.0,210.0,0.0,275.2,,,,,,,,,,,,,,,,,,,,,,,,,,,,,0.8,0.0,0.4,0.4,0.4,0.4,0.4,0.4,0.4,0.8,0.0,0.8,0.8,0.8,0.8,0.8,1.2,1.2,1.2,1.6,2.0,2.4,0.8,0.52,0.0,0.0,0.0,0.0,0.0,0.0,0.0,0.0,0.8,1.2,0.0
2026040406,0.513,0.0,0.0,0.0,0.0,0.0,0.0,0.0,0.0,0.0,0.0,0.0,0.0,0.0,0.004,0.073,0.421,0.806,1.261,1.915,3.015,5.263,27.0,0.0,0.0,0.0,0.0,7.0,0.0,0.0,0.0,0.0,0.0,3.0,2.065,0.0,0.006,0.077,0.217,0.379,0.609,0.828,1.033,1.25,0.0,1.503,1.793,2.1,2.454,2.806,3.172,3.6,4.141,4.718,5.78,8.732,79.0,0.0,0.0,0.0,0.0,0.0,0.0,0.0,4.0,0.0,,,,,,,,,,,,,,,,,,,,,,,,,,,,,,,,,0.0,0.0,0.0,0.0,0.0,0.0,0.0,0.0,0.0,0.0,0.0,0.0,0.0,0.0,0.0,0.001,0.019,0.136,0.325,0.647,1.219,2.58,19.0,0.0,0.0,1.0,0.0,0.0,0.0,0.0,0.0,0.0,,,,,,,,,,,,,,,,,,,,,,,,,,,,,,,,,276.33,0.0,0.0,0.0,0.0,0.0,0.0,0.0,0.0,2.0,0.0,0.0,0.0,0.0,0.0,0.0,0.0,0.0,0.0,0.003,0.0,0.0,0.0,0.005,0.018,0.025,0.03,31.0,8.0,1.0,0.0,0.0,0.0,0.0,0.0,0.0,0.0,,,,,,,,,,,,,,,,,,,0.0,0.0,0.0,0.0,0.0,0.0,0.0,0.0,4.0,1.0,0.0,0.0,0.0,0.0,0.0,0.0,0.0,0.0,,,,,,,,,,,,,,,,,,,1.0,2.0,8704.0,825.0,1795.0,528.0,824.0,10.0,77.0,17.0,24.0,33.0,21.0,21.0,20.0,23.0,25.0,28.0,28.0,0.0,0.0,0.0,0.0,0.0,24.1,0.0,272.68,1.13,0.0,5.0,2.0,0.0,0.0,0.0,0.0,0.0,0.0,0.0,0.0,0.0,0.0,0.0,0.0,0.0,0.0,,,,,,,,,,,,,0.0,0.0,0.0,0.0,0.0,0.0,0.0,0.0,0.0,0.0,0.0,0.0,0.0,,,,,,,,,,,,,,4.0,9.999e+20,7.92518,4.73839,6.08905,6.26417,6.50115,6.88372,7.02069,6.96026,7.47464,7.58994,5.64034,7.71496,7.89897,8.057,8.63215,8.79263,9.34765,9.47013,9.96611,11.015,11.7111,13.4274,7.0,0.0,0.0,0.0,0.0,0.0,2.7,0.4,1.2,1.2,1.2,1.6,1.6,2.0,2.0,2.0,0.8,2.4,2.41241,2.49214,2.53405,2.98334,3.13533,3.32713,3.78634,3.8656,4.79474,6.5319,2.66,1.3,0.0,0.0,0.0,0.0,0.0,0.0,0.0,0.0,2.0,9.999e+20,9.999e+20,9.999e+20,9.999e+20,9.999e+20,0.4,,69.0,272.0,,5.1,0.0,0.0,0.0,88888.0,78.0,5.9,6.1,6.3,5.7,6.6,6.9,7.4,8.4,1192.0,1208.0,1240.0,1192.0,1280.0,1304.0,1336.0,1352.0,15.0,92.0,73.0,19.0,0.0,,,,,0.909318,276.25,1.11,279.531,277.466,278.334,278.874,278.967,279.173,279.338,279.547,279.646,279.76,277.97,279.86,279.91,279.988,280.088,280.223,280.361,280.617,280.419,280.571,281.26,281.753,0.0,0.0,0.0,0.0,0.0,0.0,0.0,0.0,,,,,,,,,,,,,,,,,,,,,,,,,,,,,,,9.999e+20,210.0,0.8,220.0,2.8,1.0,3.0,0.0,1.0,1.0,1.0,0.0,16256.0,2.0,3.0,3.0,8.0,376.0,210.0,210.0,210.0,0.0,274.9,3.1786,2.0,2.4,2.4,2.4,2.4,2.8,2.8,2.8,2.8,2.0,3.2,3.2,3.2,3.6,3.72811,3.75118,3.80142,4.21588,4.66955,5.14079,5.67952,0.0,0.0,0.0,0.0,1.0,0.0,0.8,0.0,0.0,0.4,0.4,0.4,0.4,0.4,0.4,0.8,0.0,0.8,0.8,0.8,0.8,1.2,1.2,1.2,1.2,1.6,2.0,2.4,0.8,0.6,0.0,0.0,0.0,0.0,0.0,0.0,0.0,0.0,0.8,1.2,0.0
2026040407,,,,,,,,,,,,,,,,,,,,,,,,,,,,,,,,,0.0,2.0,,,,,,,,,,,,,,,,,,,,,,,,,,,,,,,,,,,,,,,,,,,,,,,,,,,,,,,,,,,,,,,,,,,,,,,,,,,,,,,,,,,,,,,,,,,,,,,,,,,,,,,,,,,,,,,,,,,,,,,,,,,,,,,,,276.38,0.0,0.0,0.0,0.0,0.0,0.0,0.0,0.0,2.0,0.0,0.0,0.0,0.0,0.0,0.0,0.0,0.0,0.0,,,,,,,,,,,,,,,,,,,,,,,,,,,,,,,,,,,,,,,,,,,,,,,,,,,,,,,,,,,,,,,,,,,,,,,,,1.0,2.0,8296.0,673.0,1497.0,672.0,672.0,12.0,77.0,19.0,25.0,33.0,21.0,22.0,21.0,24.0,26.0,28.0,28.0,0.0,0.0,0.0,0.0,0.0,24.9,0.0,272.84,1.15,,0.0,1.0,0.0,,,,,,,,,,,,,,,,,,,,,,,,,,,,,,,,,,,,,,,,,,,,,,,,,,,,,,,,,,,,,,,,,,,,,,,,,,,,,,,,,,2.2,0.4,0.8,1.2,1.2,1.6,1.6,2.0,2.0,2.0,0.8,2.4,2.4121,2.46422,2.54455,2.61822,3.08587,3.24169,3.2949,4.16066,4.67777,6.31396,2.22449,1.2,0.0,0.0,0.0,0.0,0.0,0.0,0.0,0.0,,,,,,,0.0,,,264.0,,5.1,0.0,0.0,0.0,88888.0,79.0,5.9,5.8,6.2,5.7,6.5,6.8,7.6,8.3,1184.0,1200.0,1240.0,1176.0,1280.0,1304.0,1328.0,1344.0,29.0,91.0,58.0,28.0,0.0,,,,,,276.01,1.32,,,,,,,,,,,,,,,,,,,,,,,,,,,,,,,,,,,,,,,,,,,,,,,,,,,,,,,,,,,,,9.999e+20,210.0,0.8,200.0,2.5,,,0.0,,,1.0,0.003,16256.0,4.0,5.0,5.0,9.0,289.0,210.0,210.0,210.0,0.0,275.3,,,,,,,,,,,,,,,,,,,,,,,,,,,,,0.8,0.0,0.0,0.4,0.4,0.4,0.4,0.4,0.4,0.8,0.0,0.8,0.8,0.8,0.8,1.2,1.2,1.2,1.2,1.6,1.6,2.4,0.8,0.6,0.0,0.0,0.0,0.0,0.0,0.0,0.0,0.0,0.8,1.2,0.0
2026040408,,,,,,,,,,,,,,,,,,,,,,,,,,,,,,,,,0.0,2.0,,,,,,,,,,,,,,,,,,,,,,,,,,,,,,,,,,,,,,,,,,,,,,,,,,,,,,,,,,,,,,,,,,,,,,,,,,,,,,,,,,,,,,,,,,,,,,,,,,,,,,,,,,,,,,,,,,,,,,,,,,,,,,,,,275.88,0.0,0.0,0.0,0.0,0.0,0.0,0.0,0.0,1.0,0.0,0.0,0.0,0.0,0.0,0.0,0.0,0.0,0.0,,,,,,,,,,,,,,,,,,,,,,,,,,,,,,,,,,,,,,,,,,,,,,,,,,,,,,,,,,,,,,,,,,,,,,,,,1.0,2.0,8704.0,825.0,1496.0,824.0,824.0,12.0,79.0,19.0,26.0,34.0,21.0,23.0,21.0,25.0,26.0,28.0,28.0,0.0,0.0,0.0,0.0,0.0,25.3,0.0,272.79,1.34,,0.0,1.0,0.0,,,,,,,,,,,,,,,,,,,,,,,,,,,,,,,,,,,,,,,,,,,,,,,,,,,,,,,,,,,,,,,,,,,,,,,,,,,,,,,,,,2.3,0.4,1.2,1.2,1.6,1.6,1.6,2.0,2.0,2.0,0.8,2.0,2.41611,2.4972,2.57053,2.63016,3.12887,3.20447,3.66603,3.73907,4.67771,5.86661,2.2506,1.2,0.0,0.0,0.0,0.0,0.0,0.0,0.0,0.0,,,,,,,0.0,,,264.0,,5.1,0.0,0.0,0.0,88888.0,79.0,5.9,5.7,6.1,5.5,6.4,6.7,7.5,8.4,1176.0,1176.0,1240.0,1152.0,1272.0,1304.0,1328.0,1336.0,18.0,83.0,50.0,32.0,0.0,,,,,,276.04,1.42,,,,,,,,,,,,,,,,,,,,,,,,,,,,,,,,,,,,,,,,,,,,,,,,,,,,,,,,,,,,,9.999e+20,210.0,0.8,230.0,2.5,,,0.0,,,1.0,0.0,16256.0,6.0,6.0,7.0,10.0,285.0,210.0,210.0,210.0,0.0,274.9,,,,,,,,,,,,,,,,,,,,,,,,,,,,,0.8,0.0,0.0,0.4,0.4,0.4,0.4,0.4,0.8,0.8,0.0,0.8,0.8,0.8,0.8,1.2,1.2,1.2,1.2,1.6,1.6,2.4,0.8,0.52,0.0,0.0,0.0,0.0,0.0,0.0,0.0,0.0,0.8,1.2,0.0
2026040409,,,,,,,,,,,,,,,,,,,,,,,,,,,,,,,,,0.0,2.0,,,,,,,,,,,,,,,,,,,,,,,,,,,,,,,,,,,,,,,,,,,,,,,,,,,,,,,,,,,,,,,,,,,,,,,,,,,,,,,,,,,,,,,,,,,,,,,,,,,,,,,,,,,,,,,,,,,,,,,,,,,,,,,,,275.84,0.0,0.0,0.0,0.0,0.0,0.0,0.0,0.0,2.0,0.0,0.0,0.0,0.0,0.0,0.0,0.0,0.0,0.0,,,,,,,,,,,,,,,,,,,,,,,,,,,,,,,,,,,,,,,,,,,,,,,,,,,,,,,,,,,,,,,,,,,,,,,,,1.0,2.0,8294.0,825.0,1228.0,824.0,824.0,14.0,78.0,21.0,26.0,34.0,22.0,23.0,21.0,24.0,27.0,28.0,29.0,0.0,0.0,0.0,0.0,0.0,25.5,0.0,272.3,1.78,0.0,0.0,2.0,0.0,,,,,,,,,,,,,,,,,,,,,,,,,,,,,,,,,,,,,,,,,,,,,,,,,,,,,9.999e+20,,,,,,,,,,,,,,,,,,,,,,,,,,,,,2.6,0.8,1.2,1.2,1.6,1.6,2.0,2.0,2.0,2.0,0.8,2.4,2.41072,2.512,2.60903,2.65094,3.11011,3.20004,3.65523,4.14954,4.72057,5.77846,2.63045,1.12,0.0,0.0,0.0,0.0,0.0,0.0,0.0,0.0,,9.999e+20,9.999e+20,9.999e+20,9.999e+20,9.999e+20,0.4,,,272.0,,5.1,0.0,0.0,0.0,88888.0,78.0,6.0,5.7,5.9,5.2,6.3,6.7,7.4,8.4,1168.0,1152.0,1224.0,1128.0,1272.0,1304.0,1320.0,1336.0,31.0,85.0,41.0,31.0,0.0,,,,,,275.86,1.85,,,,,,,,,,,,,,,,,,,,,,,,,,,,,,,,,,,,,,,,,,,,,,,,,,,,,,,,,,,,,9.999e+20,150.0,0.8,240.0,2.5,,,0.0,0.0,,1.0,0.0,16256.0,6.0,7.0,7.0,10.0,296.0,150.0,150.0,150.0,0.0,274.9,,,,,,,,,,,,,,,,,,,,,,,,,,,,,0.8,0.0,0.4,0.4,0.4,0.4,0.4,0.4,0.8,0.8,0.0,0.8,0.8,0.8,1.2,1.2,1.2,1.2,1.2,1.6,2.0,2.4,0.8,0.52,0.0,0.0,0.0,0.0,0.0,0.0,0.0,0.0,1.2,1.2,0.0
2026040410,,,,,,,,,,,,,,,,,,,,,,,,,,,,,,,,,0.0,2.0,,,,,,,,,,,,,,,,,,,,,,,,,,,,,,,,,,,,,,,,,,,,,,,,,,,,,,,,,,,,,,,,,,,,,,,,,,,,,,,,,,,,,,,,,,,,,,,,,,,,,,,,,,,,,,,,,,,,,,,,,,,,,,,,,275.33,0.0,0.0,0.0,0.0,0.0,0.0,0.0,0.0,1.0,0.0,0.0,0.0,0.0,0.0,0.0,0.0,0.0,0.0,,,,,,,,,,,,,,,,,,,,,,,,,,,,,,,,,,,,,,,,,,,,,,,,,,,,,,,,,,,,,,,,,,,,,,,,,0.0,2.0,8700.0,825.0,990.0,824.0,824.0,15.0,78.0,22.0,26.0,36.0,22.0,23.0,22.0,24.0,27.0,28.0,29.0,0.0,0.0,0.0,0.0,0.0,25.5,0.0,272.09,1.83,,0.0,2.0,0.0,,,,,,,,,,,,,,,,,,,,,,,,,,,,,,,,,,,,,,,,,,,,,,,,,,,,,,,,,,,,,,,,,,,,,,,,,,,,,,,,,,2.6,0.4,1.2,1.2,1.6,1.6,2.0,2.0,2.0,2.0,0.8,2.4,2.40592,2.4936,2.54531,3.02285,3.06609,3.50825,3.95725,4.03185,4.57399,5.31539,2.57212,1.12,0.0,0.0,0.0,0.0,0.0,0.0,0.0,0.0,,,,,,,0.0,,,264.0,,3.1,0.0,0.0,0.0,88888.0,78.0,6.0,5.5,5.7,5.0,6.2,6.6,7.4,8.6,1152.0,1136.0,1224.0,1112.0,1264.0,1296.0,1312.0,1336.0,14.0,76.0,26.0,25.0,0.0,,,,,,275.33,1.94,,,,,,,,,,,,,,,,,,,,,,,,,,,,,,,,,,,,,,,,,,,,,,,,,,,,,,,,,,,,,9.999e+20,120.0,0.8,230.0,1.6,,,0.0,,,1.0,0.0,16256.0,8.0,9.0,10.0,13.0,188.0,120.0,120.0,120.0,0.0,274.3,,,,,,,,,,,,,,,,,,,,,,,,,,,,,0.8,0.0,0.4,0.4,0.4,0.4,0.8,0.8,0.8,0.8,0.0,0.8,0.8,0.8,1.2,1.2,1.2,1.2,1.6,1.6,1.6,2.0,0.8,0.52,0.0,0.0,0.0,0.0,0.0,0.0,0.0,0.0,1.2,1.2,0.0
2026040411,,,,,,,,,,,,,,,,,,,,,,,,,,,,,,,,,0.0,1.0,,,,,,,,,,,,,,,,,,,,,,,,,,,,,,,,,,,,,,,,,,,,,,,,,,,,,,,,,,,,,,,,,,,,,,,,,,,,,,,,,,,,,,,,,,,,,,,,,,,,,,,,,,,,,,,,,,,,,,,,,,,,,,,,,275.26,0.0,0.0,0.0,0.0,0.0,0.0,0.0,0.0,1.0,0.0,0.0,0.0,0.0,0.0,0.0,0.0,0.0,0.0,,,,,,,,,,,,,,,,,,,,,,,,,,,,,,,,,,,,,,,,,,,,,,,,,,,,,,,,,,,,,,,,,,,,,,,,,0.0,1.0,7872.0,673.0,780.0,672.0,672.0,12.0,76.0,19.0,27.0,36.0,22.0,23.0,22.0,25.0,27.0,28.0,29.0,0.0,0.0,0.0,0.0,0.0,26.1,0.0,271.89,1.85,,0.0,2.0,0.0,,,,,,,,,,,,,,,,,,,,,,,,,,,,,,,,,,,,,,,,,,,,,,,,,,,,,,,,,,,,,,,,,,,,,,,,,,,,,,,,,,2.51,0.4,1.2,1.6,1.6,2.0,2.0,2.0,2.0,2.4,0.8,2.4,2.4109,2.86681,2.893,2.96084,3.41153,3.45047,3.93021,4.40195,4.51099,5.4813,2.53799,1.2,0.0,0.0,0.0,0.0,0.0,0.0,0.0,0.0,,,,,,,0.0,,,248.0,,3.1,0.0,0.0,0.0,88888.0,78.0,5.8,5.2,5.6,4.8,6.0,6.5,7.0,8.7,1144.0,1128.0,1200.0,1088.0,1248.0,1288.0,1312.0,1336.0,16.0,57.0,23.0,20.0,0.0,,,,,,275.38,1.96,,,,,,,,,,,,,,,,,,,,,,,,,,,,,,,,,,,,,,,,,,,,,,,,,,,,,,,,,,,,,9.999e+20,130.0,1.2,120.0,1.6,,,0.0,,,1.0,0.0,16256.0,9.0,10.0,10.0,14.0,153.0,130.0,130.0,130.0,0.0,274.4,,,,,,,,,,,,,,,,,,,,,,,,,,,,,1.2,0.0,0.4,0.4,0.4,0.8,0.8,0.8,0.8,0.8,0.0,0.8,1.2,1.2,1.2,1.2,1.2,1.6,1.6,1.6,2.0,2.4,1.2,0.52,0.0,0.0,0.0,0.0,0.0,0.0,0.0,0.0,1.2,1.2,0.0
2026040412,0.359,0.0,0.0,0.0,0.0,0.0,0.0,0.0,0.0,0.0,0.0,0.0,0.0,0.0,0.007,0.074,0.195,0.391,0.707,1.223,2.248,4.448,25.0,0.0,0.0,0.0,0.0,4.0,0.0,0.0,0.0,0.0,0.0,1.0,1.315,0.0,0.0,0.0,0.0,0.005,0.045,0.121,0.213,0.327,0.0,0.478,0.63,0.843,1.057,1.374,1.734,2.19,2.78,3.827,5.652,9.591,58.0,0.0,0.0,0.0,0.0,0.0,0.0,0.0,4.0,0.0,,,,,,,,,,,,,,,,,,,,,,,,,,,,,,,,,0.0,0.0,0.0,0.0,0.0,0.0,0.0,0.0,0.0,0.0,0.0,0.0,0.0,0.0,0.0,0.0,0.0,0.0,0.041,0.256,0.712,1.913,10.0,0.0,0.0,1.0,0.0,0.0,0.0,0.0,0.0,0.0,,,,,,,,,,,,,,,,,,,,,,,,,,,,,,,,,275.09,0.0,0.0,0.0,0.0,0.0,0.0,0.0,0.0,1.0,0.0,0.0,0.0,0.0,0.0,0.0,0.0,0.0,0.0,0.003,0.0,0.0,0.0,0.003,0.008,0.013,0.015,25.0,2.0,1.0,0.0,0.0,0.0,0.0,0.0,0.0,0.0,,,,,,,,,,,,,,,,,,,0.0,0.0,0.0,0.0,0.0,0.0,0.0,0.0,2.0,0.0,0.0,0.0,0.0,0.0,0.0,0.0,0.0,0.0,,,,,,,,,,,,,,,,,,,0.0,1.0,7620.0,673.0,784.0,400.0,672.0,11.0,74.0,18.0,29.0,38.0,23.0,24.0,22.0,26.0,27.0,28.0,28.0,0.0,0.0,0.0,0.0,0.0,25.9,0.0,271.36,1.94,0.0,0.0,2.0,0.0,0.0,0.0,0.0,0.0,0.0,0.0,0.0,0.0,0.0,0.0,0.0,0.0,0.0,,,,,,,,,,,,,0.0,0.0,0.0,0.0,0.0,0.0,0.0,0.0,0.0,0.0,0.0,0.0,0.0,,,,,,,,,,,,,,3.2,9.999e+20,,,,,,,,,,,,,,,,,,,,,,,,,,,,,2.91,0.8,1.6,1.6,1.6,2.0,2.0,2.0,2.4,2.4,1.2,2.4,2.80528,2.86097,2.93973,3.36738,3.40038,3.84124,4.33979,4.41596,4.89965,6.28849,2.94404,1.32,0.0,0.0,0.0,0.0,0.0,0.0,0.0,0.0,3.0,9.999e+20,9.999e+20,9.999e+20,9.999e+20,9.999e+20,0.0,,,264.0,0.0,3.1,0.0,0.0,0.0,88888.0,76.0,5.8,4.9,5.4,4.7,5.8,6.4,7.1,8.9,1136.0,1112.0,1176.0,1056.0,1240.0,1288.0,1312.0,1336.0,0.0,57.0,29.0,26.0,0.0,,,274.13,1.8,,275.31,2.1,,,,,,,,,,,,,,,,,,,,,,,,,,,,,,,,,,,,,,,,,,,,,,,,,,,,,,,,,,,,,9.999e+20,120.0,1.2,230.0,1.5,1.0,1.0,0.0,0.0,0.0,1.0,0.0,16256.0,10.0,11.0,12.0,15.0,161.0,120.0,120.0,120.0,0.0,274.0,,,,,,,,,,,,,,,,,,,,,,,,,,,,,1.2,0.0,0.4,0.4,0.8,0.8,0.8,0.8,0.8,0.8,0.4,1.2,1.2,1.2,1.2,1.2,1.6,1.6,2.0,2.0,2.4,2.8,1.2,0.6,0.0,0.0,0.0,0.0,0.0,0.0,0.0,0.0,1.2,1.6,0.0
2026040413,,,,,,,,,,,,,,,,,,,,,,,,,,,,,,,,,0.0,1.0,,,,,,,,,,,,,,,,,,,,,,,,,,,,,,,,,,,,,,,,,,,,,,,,,,,,,,,,,,,,,,,,,,,,,,,,,,,,,,,,,,,,,,,,,,,,,,,,,,,,,,,,,,,,,,,,,,,,,,,,,,,,,,,,,274.93,0.0,0.0,0.0,0.0,0.0,0.0,0.0,0.0,1.0,0.0,0.0,0.0,0.0,0.0,0.0,0.0,0.0,0.0,,,,,,,,,,,,,,,,,,,,,,,,,,,,,,,,,,,,,,,,,,,,,,,,,,,,,,,,,,,,,,,,,,,,,,,,,1.0,1.0,7620.0,673.0,1153.0,392.0,672.0,11.0,75.0,17.0,27.0,37.0,22.0,23.0,22.0,25.0,26.0,27.0,27.0,0.0,0.0,0.0,0.0,0.0,25.5,0.0,271.53,1.46,,0.0,1.0,0.0,,,,,,,,,,,,,,,,,,,,,,,,,,,,,,,,,,,,,,,,,,,,,,,,,,,,,,,,,,,,,,,,,,,,,,,,,,,,,,,,,,2.51,0.4,1.6,1.6,1.6,2.0,2.0,2.0,2.4,2.4,1.2,2.4,2.4,2.82812,2.86994,3.28946,3.73259,3.80319,3.88484,4.42427,4.92295,6.33563,2.92101,1.32,0.0,0.0,0.0,0.0,0.0,0.0,0.0,0.0,,,,,,,0.0,,,264.0,,4.0,0.0,0.0,0.0,88888.2,77.0,5.4,4.7,5.1,4.4,5.5,6.2,6.9,8.9,1128.0,1120.0,1184.0,1088.0,1248.0,1288.0,1320.0,1336.0,0.0,57.0,39.0,24.0,0.0,,,,,,275.06,1.46,,,,,,,,,,,,,,,,,,,,,,,,,,,,,,,,,,,,,,,,,,,,,,,,,,,,,,,,,,,,,9.999e+20,120.0,1.2,100.0,2.0,,,0.0,,,1.0,0.0,384.0,11.0,12.0,13.0,18.0,248.0,120.0,120.0,120.0,0.0,274.0,,,,,,,,,,,,,,,,,,,,,,,,,,,,,1.2,0.0,0.4,0.4,0.4,0.8,0.8,0.8,0.8,0.8,0.0,0.8,1.2,1.2,1.2,1.2,1.6,1.6,1.6,2.0,2.4,2.8,1.2,0.6,0.0,0.0,0.0,0.0,0.0,0.0,0.0,0.0,1.2,1.6,0.0
2026040414,,,,,,,,,,,,,,,,,,,,,,,,,,,,,,,,,0.0,,,,,,,,,,,,,,,,,,,,,,,,,,,,,,,,,,,,,,,,,,,,,,,,,,,,,,,,,,,,,,,,,,,,,,,,,,,,,,,,,,,,,,,,,,,,,,,,,,,,,,,,,,,,,,,,,,,,,,,,,,,,,,,,,,,,,,,,,,,,,,,,,,,,,,,,,,,,,,,,,,,,,,,,,,,,,,,,,,,,,,,,,,,,,,,,,,,,,,,,,,,,,,,,,,,,,,,,,,,,,,,,,,,,,,,,,,,,,,,,,,,,,,,,,,,,,,,,,,,,,,,,,,,,,,,,,,,,,,,,,,,,,,,,,,,,,,,,,,,,,,,,,,,,,,,,,,,,,,,,,,,,,,,,,,,,,,,0.4,1.6,1.6,1.6,2.0,2.0,2.0,2.4,2.4,1.2,2.4,2.4,2.80421,2.82895,3.26141,3.69222,3.79545,3.9274,4.48394,4.94567,6.74672,2.92448,1.40971,0.0,0.0,0.0,0.0,0.0,0.0,0.0,0.0,,,,,,,,,,,,,,,,,,,,,,,,,,,,,,,,,,,,,,,,,,,,,,,,,,,,,,,,,,,,,,,,,,,,,,,,,,,,,,,,,,,,,,,,,,,,,,,,,,,,,,,,,,,,,,,,,,,,,,,,,,,,,,,,,,,,,,,,,,,,,,,,,,,,,,,,,,,,,,0.0,0.4,0.4,0.4,0.8,0.8,0.8,0.8,0.8,0.0,0.8,1.2,1.2,1.2,1.2,1.6,1.6,1.6,2.0,2.4,3.2,1.2,0.8,0.0,0.0,0.0,0.0,0.0,0.0,0.0,0.0,,,
2026040415,,,,,,,,,,,,,,,,,,,,,,,,,,,,,,,,,0.0,,,,,,,,,,,,,,,,,,,,,,,,,,,,,,,,,,,,,,,,,,,,,,,,,,,,,,,,,,,,,,,,,,,,,,,,,,,,,,,,,,,,,,,,,,,,,,,,,,,,,,,,,,,,,,,,,,,,,,,,,,,,,,,,,,276.03,,,,,,,,,,,,,,,,,,,,,,,,,,,,,,,,,,,,,,,,,,,,,,,,,,,,,,,,,,,,,,,,,,,,,,,,,,,,,,,,,,,,,,,,,,,1.0,1.0,,,,56.0,464.0,,,,,,22.0,23.0,21.0,25.0,25.0,26.0,26.0,0.0,0.0,0.0,0.0,0.0,24.5,,271.89,1.2,0.0,108.0,2.0,,,,,,,,,,,,,,,,,,,,,,,,,,,,,,,,,,,,,,,,,,,,,,,,,,,,,,9.999e+20,,,,,,,,,,,,,,,,,,,,,,,,,,,,,3.0,0.4,1.6,1.6,1.6,2.0,2.0,2.0,2.4,2.4,0.8,2.4,2.4,2.8,2.81406,3.26884,3.30867,3.86604,4.03893,4.19926,5.08061,7.49311,2.57415,1.4,0.0,0.0,0.0,0.0,0.0,0.0,0.0,1.0,,9.999e+20,9.999e+20,9.999e+20,9.999e+20,9.999e+20,,,,264.0,,2.7,0.0,1.3,0.0,,73.0,4.5,3.9,4.4,3.6,4.9,5.9,6.9,8.8,1096.0,1120.0,1192.0,1056.0,1248.0,1296.0,1320.0,1336.0,,,47.0,24.0,,,,,,,276.23,1.52,,,,,,,,,,,,,,,,,,,,,,,,,,,,,,,,,,,,,,,,,,,,,,,,,,,,,,,,,,,,,9.999e+20,100.0,1.2,90.0,1.9,,,,0.0,,0.0,,16256.0,,,,,227.0,100.0,100.0,100.0,,275.2,,,,,,,,,,,,,,,,,,,,,,,,,,,,,1.2,0.0,0.4,0.4,0.4,0.8,0.8,0.8,0.8,0.8,0.0,0.8,0.8,1.2,1.2,1.2,1.2,1.6,1.6,2.0,2.4,2.8,1.2,0.72,0.0,0.0,0.0,0.0,0.0,0.0,0.0,0.0,1.2,1.2,
2026040416,,,,,,,,,,,,,,,,,,,,,,,,,,,,,,,,,0.0,,,,,,,,,,,,,,,,,,,,,,,,,,,,,,,,,,,,,,,,,,,,,,,,,,,,,,,,,,,,,,,,,,,,,,,,,,,,,,,,,,,,,,,,,,,,,,,,,,,,,,,,,,,,,,,,,,,,,,,,,,,,,,,,,,,,,,,,,,,,,,,,,,,,,,,,,,,,,,,,,,,,,,,,,,,,,,,,,,,,,,,,,,,,,,,,,,,,,,,,,,,,,,,,,,,,,,,,,,,,,,,,,,,,7.0,,9.0,,23.0,,,,,,,,,,,,,,,,,,,,,,,,,,,,,,,,,,,,,,,,,,,,,,,,,,,,,,,,,,,,,,,,,,,,,,,,,,,,,,,,,,,,,,,,,,,,,,,,,,,,,,,0.4,1.2,1.2,1.6,1.6,1.6,1.6,2.0,2.0,0.8,2.0,2.40453,2.4339,2.48089,2.5788,2.66566,2.87781,3.37299,3.50022,4.05209,5.15974,2.24287,1.08928,0.0,0.0,0.0,0.0,0.0,0.0,0.0,0.0,,,,,,,,,,,,,,,,,,,,,,,,,,,,,,,,,,,,,,,,,,,,,,,,,,,,,,,,,,,,,,,,,,,,,,,,,,,,,,,,,,,,,,,,,,,,,,,,,,,,,,,,,,,,,,,,,,,,,,,7.0,,9.0,14.0,,,,,,,,,,,,,,,,,,,,,,,,,,,,,,,,,,,,0.0,0.0,0.0,0.4,0.4,0.4,0.4,0.4,0.4,0.0,0.8,0.8,0.8,0.8,0.8,0.8,1.2,1.2,1.2,1.6,2.0,0.8,0.4,0.0,0.0,0.0,0.0,0.0,0.0,0.0,0.0,,,
2026040417,,,,,,,,,,,,,,,,,,,,,,,,,,,,,,,,,0.0,,,,,,,,,,,,,,,,,,,,,,,,,,,,,,,,,,,,,,,,,,,,,,,,,,,,,,,,,,,,,,,,,,,,,,,,,,,,,,,,,,,,,,,,,,,,,,,,,,,,,,,,,,,,,,,,,,,,,,,,,,,,,,,,,,,,,,,,,,,,,,,,,,,,,,,,,,,,,,,,,,,,,,,,,,,,,,,,,,,,,,,,,,,,,,,,,,,,,,,,,,,,,,,,,,,,,,,,,,,,,,,,,,,,,,,,,,,,,,,,,,,,,,,,,,,,,,,,,,,,,,,,,,,,,,,,,,,,,,,,,,,,,,,,,,,,,,,,,,,,,,,,,,,,,,,,,,,,,,,,,,,,,,,,,,,,,,,0.4,1.2,1.2,1.2,1.6,1.6,1.6,1.6,2.0,0.8,2.0,2.07756,2.14169,2.58114,2.63787,2.70448,2.7432,2.84674,3.38464,3.69219,3.93807,2.20354,0.670741,0.0,0.0,0.0,0.0,0.0,0.0,0.0,0.0,,,,,,,,,,,,,,,,,,,,,,,,,,,,,,,,,,,,,,,,,,,,,,,,,,,,,,,,,,,,,,,,,,,,,,,,,,,,,,,,,,,,,,,,,,,,,,,,,,,,,,,,,,,,,,,,,,,,,,,,,,,,,,,,,,,,,,,,,,,,,,,,,,,,,,,,,,,,,,0.0,0.0,0.0,0.0,0.0,0.4,0.4,0.4,0.4,0.0,0.4,0.4,0.8,0.8,0.8,0.8,0.8,1.2,1.2,1.2,1.6,0.4,0.4,0.0,0.0,0.0,0.0,0.0,0.0,0.0,0.0,,,
2026040418,0.104,0.0,0.0,0.0,0.0,0.0,0.0,0.0,0.0,0.0,0.0,0.0,0.0,0.0,0.0,0.0,0.0,0.0,0.012,0.199,0.676,2.19,9.0,0.0,0.0,0.0,0.0,1.0,0.0,0.0,0.0,0.0,0.0,,,,,,,,,,,,,,,,,,,,,,,,,,,,,,,,,,,,,,,,,,,,,,,,,,,,,,,,,,,,,,,,,,0.0,0.0,0.0,0.0,0.0,0.0,0.0,0.0,0.0,0.0,0.0,0.0,0.0,0.0,0.0,0.0,0.0,0.0,0.0,0.0,0.0,0.562,2.0,0.0,0.0,0.0,0.0,0.0,0.0,0.0,0.0,0.0,,,,,,,,,,,,,,,,,,,,,,,,,,,,,,,,,281.69,,,,,,,,,,,,,,,,,,,0.003,0.0,0.0,0.0,0.0,0.0,0.0,0.003,6.0,2.0,1.0,0.0,0.0,0.0,0.0,0.0,0.0,0.0,,,,,,,,,,,,,,,,,,,0.0,0.0,0.0,0.0,0.0,0.0,0.0,0.0,1.0,0.0,0.0,0.0,0.0,0.0,0.0,0.0,0.0,0.0,,,,,,,,,,,,,,,,,,,1.0,2.0,,,,1128.0,1128.0,,,,,,21.0,22.0,21.0,23.0,24.0,25.0,27.0,0.0,0.0,0.0,0.0,0.0,24.6,,273.27,1.06,0.0,549.0,1.0,,0.0,0.0,0.0,0.0,0.0,0.0,0.0,0.0,0.0,0.0,0.0,0.0,0.0,,,,,,,,,,,,,0.0,0.0,0.0,0.0,0.0,0.0,0.0,0.0,0.0,0.0,0.0,0.0,0.0,,,,,,,,,,,,,,4.2,9.999e+20,,,,,,,,,,,,,,,,,,,,,,,,,,,,,2.3,0.4,0.8,0.8,1.2,1.2,1.2,1.6,1.6,2.0,0.4,2.0997,2.18736,2.24015,2.69904,2.75873,2.83438,3.3101,3.36302,3.84996,4.08426,6.07873,2.29011,1.3,0.0,0.0,0.0,0.0,0.0,0.0,0.0,0.0,3.0,9.999e+20,9.999e+20,9.999e+20,9.999e+20,9.999e+20,,78.0,,776.0,,2.7,0.0,0.0,0.0,,56.0,3.2,3.0,3.3,2.7,3.9,4.6,5.8,7.3,1328.0,1264.0,1320.0,1208.0,1344.0,1384.0,1424.0,1448.0,,,40.0,25.0,,,,,,1.36032,281.66,1.06,,,,,,,,,,,,,,,,,,,,,,,,,,,,,,,274.248,270.464,272.559,272.985,273.149,273.362,273.659,273.875,273.879,274.135,272.043,274.266,274.466,274.704,275.024,275.095,275.178,275.281,275.479,275.685,276.007,276.728,0.0,0.0,0.0,0.0,0.0,2.0,16.0,0.0,9.999e+20,290.0,0.4,270.0,2.3,0.0,0.0,,0.0,0.0,0.0,,16256.0,,,,,1398.0,290.0,290.0,290.0,,280.2,,,,,,,,,,,,,,,,,,,,,,,,,,,,,0.4,0.0,0.0,0.0,0.0,0.0,0.4,0.4,0.4,0.4,0.0,0.4,0.8,0.8,0.8,0.8,0.8,0.8,1.2,1.2,1.2,1.6,0.4,0.4,0.0,0.0,0.0,0.0,0.0,0.0,0.0,0.0,0.8,0.8,
2026040419,,,,,,,,,,,,,,,,,,,,,,,,,,,,,,,,,0.0,,,,,,,,,,,,,,,,,,,,,,,,,,,,,,,,,,,,,,,,,,,,,,,,,,,,,,,,,,,,,,,,,,,,,,,,,,,,,,,,,,,,,,,,,,,,,,,,,,,,,,,,,,,,,,,,,,,,,,,,,,,,,,,,,,,,,,,,,,,,,,,,,,,,,,,,,,,,,,,,,,,,,,,,,,,,,,,,,,,,,,,,,,,,,,,,,,,,,,,,,,,,,,,,,,,,,,,,,,,,,,,,,,,,2.0,,3.0,,22.0,,,,,,,,,,,,,,,,,,,,,,,,,,,,,,,,,,,,,,,,,,,,,,,,,,,,,,,,,,,,,,,,,,,,,,,,,,,,,,,,,,,,,,,,,,,,,,,,,,,,,,,,,,,,,,,,,,,,,,,,,,,,,,,,,,,,,,,,,,,,,,,,,,,,,,,,,,,,,,,,,,,,,,,,,,,,,,,,,,,,,,,,,,,,,,,,,,,,,,,,,,,,,,,,,,,,,,,,,,,,,,,,,,,,,,,,,,,,,,,,,,,,,,,,,,,,5.0,,5.0,6.0,,,,,,,,,,,,,,,,,,,,,,,,,,,,,,,,,,,,,,,,,,,,,,,,,,,,,,,,,,,,,,,,,,,,,
2026040420,,,,,,,,,,,,,,,,,,,,,,,,,,,,,,,,,0.0,,,,,,,,,,,,,,,,,,,,,,,,,,,,,,,,,,,,,,,,,,,,,,,,,,,,,,,,,,,,,,,,,,,,,,,,,,,,,,,,,,,,,,,,,,,,,,,,,,,,,,,,,,,,,,,,,,,,,,,,,,,,,,,,,,,,,,,,,,,,,,,,,,,,,,,,,,,,,,,,,,,,,,,,,,,,,,,,,,,,,,,,,,,,,,,,,,,,,,,,,,,,,,,,,,,,,,,,,,,,,,,,,,,,,,,,,,,,,,,,,,,,,,,,,,,,,,,,,,,,,,,,,,,,,,,,,,,,,,,,,,,,,,,,,,,,,,,,,,,,,,,,,,,,,,,,,,,,,,,,,,,,,,,,,,,,,,,,,,,,,,,,,,,,,,,,,,,,,,,,,,,,,,,,,,,,,,,,,,,,,,,,,,,,,,,,,,,,,,,,,,,,,,,,,,,,,,,,,,,,,,,,,,,,,,,,,,,,,,,,,,,,,,,,,,,,,,,,,,,,,,,,,,,,,,,,,,,,,,,,,,,,,,,,,,,,,,,,,,,,,,,,,,,,,,,,,,,,,,,,,,,,,,,,,,,,,,,,,,,,,,,,,,,,,,,,,,,,
2026040421,,,,,,,,,,,,,,,,,,,,,,,,,,,,,,,,,0.0,,,,,,,,,,,,,,,,,,,,,,,,,,,,,,,,,,,,,,,,,,,,,,,,,,,,,,,,,,,,,,,,,,,,,,,,,,,,,,,,,,,,,,,,,,,,,,,,,,,,,,,,,,,,,,,,,,,,,,,,,,,,,,,,,,284.52,,,,,,,,,,,,,,,,,,,,,,,,,,,,,,,,,,,,,,,,,,,,,,,,,,,,,,,,,,,,,,,,,,,,,,,,,,,,,,,,,,,,,,,,,,,1.0,2.0,,,,1792.0,88888.0,,,,,,22.0,23.0,22.0,24.0,25.0,25.0,26.0,0.0,0.0,0.0,0.0,0.0,23.6,,274.64,1.32,0.0,726.0,1.0,,,,,,,,,,,,,,,,,,,,,,,,,,,,,,,,,,,,,,,,,,,,,,,,,,,,,,9.999e+20,,,,,,,,,,,,,,,,,,,,,,,,,,,,,3.7,0.8,2.0,2.0,2.0377,2.26696,2.49903,2.5429,3.02402,3.47902,1.6,3.54402,3.60925,3.72977,3.80271,4.26394,4.41886,5.32644,5.82301,6.9023,7.76092,9.2502,3.68834,1.92,0.0,0.0,0.0,0.0,0.0,0.0,0.0,2.0,,9.999e+20,9.999e+20,9.999e+20,9.999e+20,9.999e+20,,,,1072.0,,6.0,0.0,0.0,0.0,,51.0,2.9,2.2,2.3,2.0,2.8,3.4,3.9,5.2,1568.0,1448.0,1496.0,1424.0,1536.0,1616.0,1680.0,1720.0,,,46.0,25.0,,,,,,,284.58,1.32,,,,,,,,,,,,,,,,,,,,,,,,,,,,,,,,,,,,,,,,,,,,,,,,,,,,,,,,,,,,,9.999e+20,270.0,1.6,250.0,3.0,,,,0.0,,1.0,,16256.0,,,,,2795.0,270.0,270.0,270.0,,282.9,,,,,,,,,,,,,,,,,,,,,,,,,,,,,1.6,0.0,0.8,0.8,0.8,1.2,1.2,1.2,1.2,1.2,0.4,1.2,1.2,1.6,1.6,1.6,1.6,1.6,2.0,2.21309,2.32337,2.95572,1.24556,0.62,0.0,0.0,0.0,0.0,0.0,0.0,0.0,0.0,1.6,2.0,
2026040422,,,,,,,,,,,,,,,,,,,,,,,,,,,,,,,,,0.0,,,,,,,,,,,,,,,,,,,,,,,,,,,,,,,,,,,,,,,,,,,,,,,,,,,,,,,,,,,,,,,,,,,,,,,,,,,,,,,,,,,,,,,,,,,,,,,,,,,,,,,,,,,,,,,,,,,,,,,,,,,,,,,,,,,,,,,,,,,,,,,,,,,,,,,,,,,,,,,,,,,,,,,,,,,,,,,,,,,,,,,,,,,,,,,,,,,,,,,,,,,,,,,,,,,,,,,,,,,,,,,,,,,,2.0,,2.0,,3.0,,,,,,,,,,,,,,,,,,,,,,,,,,,,,,,,,,,,,,,,,,,,,,,,,,,,,,,,,,,,,,,,,,,,,,,,,,,,,,,,,,,,,,,,,,,,,,,,,,,,,,,,,,,,,,,,,,,,,,,,,,,,,,,,,,,,,,,,,,,,,,,,,,,,,,,,,,,,,,,,,,,,,,,,,,,,,,,,,,,,,,,,,,,,,,,,,,,,,,,,,,,,,,,,,,,,,,,,,,,,,,,,,,,,,,,,,,,,,,,,,,,,,,,,,,,,3.0,,3.0,4.0,,,,,,,,,,,,,,,,,,,,,,,,,,,,,,,,,,,,,,,,,,,,,,,,,,,,,,,,,,,,,,,,,,,,,
2026040423,,,,,,,,,,,,,,,,,,,,,,,,,,,,,,,,,0.0,,,,,,,,,,,,,,,,,,,,,,,,,,,,,,,,,,,,,,,,,,,,,,,,,,,,,,,,,,,,,,,,,,,,,,,,,,,,,,,,,,,,,,,,,,,,,,,,,,,,,,,,,,,,,,,,,,,,,,,,,,,,,,,,,,,,,,,,,,,,,,,,,,,,,,,,,,,,,,,,,,,,,,,,,,,,,,,,,,,,,,,,,,,,,,,,,,,,,,,,,,,,,,,,,,,,,,,,,,,,,,,,,,,,,,,,,,,,,,,,,,,,,,,,,,,,,,,,,,,,,,,,,,,,,,,,,,,,,,,,,,,,,,,,,,,,,,,,,,,,,,,,,,,,,,,,,,,,,,,,,,,,,,,,,,,,,,,,,,,,,,,,,,,,,,,,,,,,,,,,,,,,,,,,,,,,,,,,,,,,,,,,,,,,,,,,,,,,,,,,,,,,,,,,,,,,,,,,,,,,,,,,,,,,,,,,,,,,,,,,,,,,,,,,,,,,,,,,,,,,,,,,,,,,,,,,,,,,,,,,,,,,,,,,,,,,,,,,,,,,,,,,,,,,,,,,,,,,,,,,,,,,,,,,,,,,,,,,,,,,,,,,,,,,,,,,,,,,
2026040500,0.024,0.0,0.0,0.0,0.0,0.0,0.0,0.0,0.0,0.0,0.0,0.0,0.0,0.0,0.0,0.0,0.0,0.0,0.0,0.0,0.01,0.879,3.0,0.0,0.0,0.0,0.0,0.0,0.0,0.0,0.0,0.0,0.0,,0.496,0.0,0.0,0.0,0.0,0.0,0.0,0.0,0.0,0.0,0.0,0.0,0.0,0.0,0.0,0.02,0.152,0.437,0.945,1.628,3.106,6.558,23.0,0.0,0.0,0.0,0.0,0.0,0.0,0.0,1.0,0.0,2.514,0.0,0.111,0.324,0.555,0.738,0.945,1.171,1.381,1.599,0.0,1.836,2.101,2.371,2.739,3.157,3.596,4.137,4.738,5.621,7.254,11.264,1.0,0.0,38.0,0.0,0.0,0.0,0.0,0.0,0.0,0.0,0.0,0.0,0.0,0.0,0.0,0.0,0.0,0.0,0.0,0.0,0.0,0.0,0.0,0.0,0.0,0.0,0.0,0.0,0.0,0.0,0.0,0.142,1.0,0.0,0.0,0.0,0.0,0.0,0.0,0.0,0.0,0.0,,,,,,,,,,,,,,,,,,,,,,,,,,,,,,,,,284.07,,,,,,,,,,,,,,,,,,,0.0,0.0,0.0,0.0,0.0,0.0,0.0,0.0,4.0,1.0,0.0,0.0,0.0,0.0,0.0,0.0,0.0,0.0,,,,,,,,,,,,,,,,,,,0.0,0.0,0.0,0.0,0.0,0.0,0.0,0.0,0.0,0.0,0.0,0.0,0.0,0.0,0.0,0.0,0.0,0.0,,,,,,,,,,,,,,,,,,,1.0,2.0,,,,1752.0,88888.0,,,,,,22.0,23.0,22.0,24.0,26.0,26.0,27.0,0.0,0.0,0.0,0.0,0.0,24.3,,275.48,1.3,0.0,485.0,1.0,,0.0,0.0,0.0,0.0,0.0,0.0,0.0,0.0,0.0,0.0,0.0,0.0,0.0,,,,,,,,,,,,,0.0,0.0,0.0,0.0,0.0,0.0,0.0,0.0,0.0,0.0,0.0,0.0,0.0,,,,,,,,,,,,,,7.0,9.999e+20,,,,,,,,,,,,,,,,,,,,,,,,,,,,,3.4,0.8,1.6,1.6,2.0,1.83214,2.35364,2.46297,2.95513,3.47622,1.2,3.61623,3.76268,3.88544,3.94224,4.42679,4.55963,4.67663,5.1608,5.36062,5.96483,6.78211,3.36815,1.5,0.0,0.0,0.0,0.0,0.0,0.0,0.0,0.0,2.0,9.999e+20,9.999e+20,9.999e+20,9.999e+20,9.999e+20,,,,936.0,0.0,0.0,0.0,0.0,0.0,,54.0,2.1,1.4,1.6,1.3,1.9,2.5,2.9,4.0,1736.0,1600.0,1648.0,1568.0,1696.0,1744.0,1808.0,1848.0,,,40.0,25.0,,285.07,0.78,,,,284.15,1.32,,,,,,,,,,,,,,,,,,,,,,,,,,,,,,,,,,,,,,,,,,,,,,,,,,,,,,,,,,,,,9.999e+20,280.0,1.2,250.0,2.7,0.0,0.0,,0.0,0.0,1.0,,16256.0,,,,,2220.0,280.0,280.0,280.0,,282.1,,,,,,,,,,,,,,,,,,,,,,,,,,,,,1.2,0.0,0.4,0.8,0.8,0.8,0.8,1.2,1.2,1.2,0.4,1.2,1.2,1.2,1.6,1.6,1.6,1.6,2.0,1.75505,2.21929,2.33314,1.23532,0.5,0.0,0.0,0.0,0.0,0.0,0.0,0.0,0.0,1.6,1.6,
2026040501,,,,,,,,,,,,,,,,,,,,,,,,,,,,,,,,,0.0,,,,,,,,,,,,,,,,,,,,,,,,,,,,,,,,,,,,,,,,,,,,,,,,,,,,,,,,,,,,,,,,,,,,,,,,,,,,,,,,,,,,,,,,,,,,,,,,,,,,,,,,,,,,,,,,,,,,,,,,,,,,,,,,,,,,,,,,,,,,,,,,,,,,,,,,,,,,,,,,,,,,,,,,,,,,,,,,,,,,,,,,,,,,,,,,,,,,,,,,,,,,,,,,,,,,,,,,,,,,,,,,,,,,2.0,,2.0,,2.0,,,,,,,,,,,,,,,,,,,,,,,,,,,,,,,,,,,,,,,,,,,,,,,,,,,,,,,,,,,,,,,,,,,,,,,,,,,,,,,,,,,,,,,,,,,,,,,,,,,,,,,,,,,,,,,,,,,,,,,,,,,,,,,,,,,,,,,,,,,,,,,,,,,,,,,,,,,,,,,,,,,,,,,,,,,,,,,,,,,,,,,,,,,,,,,,,,,,,,,,,,,,,,,,,,,,,,,,,,,,,,,,,,,,,,,,,,,,,,,,,,,,,,,,,,,,3.0,,3.0,5.0,,,,,,,,,,,,,,,,,,,,,,,,,,,,,,,,,,,,,,,,,,,,,,,,,,,,,,,,,,,,,,,,,,,,,
2026040502,,,,,,,,,,,,,,,,,,,,,,,,,,,,,,,,,0.0,,,,,,,,,,,,,,,,,,,,,,,,,,,,,,,,,,,,,,,,,,,,,,,,,,,,,,,,,,,,,,,,,,,,,,,,,,,,,,,,,,,,,,,,,,,,,,,,,,,,,,,,,,,,,,,,,,,,,,,,,,,,,,,,,,,,,,,,,,,,,,,,,,,,,,,,,,,,,,,,,,,,,,,,,,,,,,,,,,,,,,,,,,,,,,,,,,,,,,,,,,,,,,,,,,,,,,,,,,,,,,,,,,,,,,,,,,,,,,,,,,,,,,,,,,,,,,,,,,,,,,,,,,,,,,,,,,,,,,,,,,,,,,,,,,,,,,,,,,,,,,,,,,,,,,,,,,,,,,,,,,,,,,,,,,,,,,,,,,,,,,,,,,,,,,,,,,,,,,,,,,,,,,,,,,,,,,,,,,,,,,,,,,,,,,,,,,,,,,,,,,,,,,,,,,,,,,,,,,,,,,,,,,,,,,,,,,,,,,,,,,,,,,,,,,,,,,,,,,,,,,,,,,,,,,,,,,,,,,,,,,,,,,,,,,,,,,,,,,,,,,,,,,,,,,,,,,,,,,,,,,,,,,,,,,,,,,,,,,,,,,,,,,,,,,,,,,,,
2026040503,,,,,,,,,,,,,,,,,,,,,,,,,,,,,,,,,0.0,,,,,,,,,,,,,,,,,,,,,,,,,,,,,,,,,,,,,,,,,,,,,,,,,,,,,,,,,,,,,,,,,,,,,,,,,,,,,,,,,,,,,,,,,,,,,,,,,,,,,,,,,,,,,,,,,,,,,,,,,,,,,,,,,,280.21,,,,,,,,,,,,,,,,,,,,,,,,,,,,,,,,,,,,,,,,,,,,,,,,,,,,,,,,,,,,,,,,,,,,,,,,,,,,,,,,,,,,,,,,,,,0.0,0.0,,,,1440.0,88888.0,,,,,,20.0,21.0,20.0,23.0,24.0,26.0,26.0,0.0,0.0,0.0,0.0,0.0,22.9,,273.96,1.54,0.0,82.0,1.0,,,,,,,,,,,,,,,,,,,,,,,,,,,,,,,,,,,,,,,,,,,,,,,,,,,,,,9.999e+20,,,,,,,,,,,,,,,,,,,,,,,,,,,,,3.1,0.8,1.2,1.6,1.6,1.6,2.0,2.0,2.4,2.4,0.8,2.82143,2.88456,2.94559,3.51025,3.99677,4.0626,4.52048,4.60278,5.09068,5.6862,6.4636,3.11875,1.52,0.0,0.0,0.0,0.0,0.0,0.0,0.0,0.0,,9.999e+20,9.999e+20,9.999e+20,9.999e+20,9.999e+20,,,,256.0,,0.0,0.0,0.0,0.0,,65.0,1.8,1.1,1.2,1.0,1.4,2.2,2.5,3.0,1672.0,1576.0,1624.0,1528.0,1680.0,1720.0,1800.0,1856.0,,,53.0,23.0,,,,,,,280.3,1.57,,,,,,,,,,,,,,,,,,,,,,,,,,,,,,,,,,,,,,,,,,,,,,,,,,,,,,,,,,,,,9.999e+20,0.0,1.2,90.0,2.1,,,,0.0,,1.0,,16284.0,,,,,226.0,0.0,0.0,0.0,,278.5,,,,,,,,,,,,,,,,,,,,,,,,,,,,,1.2,0.0,0.4,0.4,0.4,0.4,0.8,0.8,0.8,0.8,0.0,0.8,1.2,1.2,1.2,1.6,1.6,1.6,1.6,2.0,2.0,2.4,1.2,0.6,0.0,0.0,0.0,0.0,0.0,0.0,0.0,0.0,1.2,1.2,
2026040504,,,,,,,,,,,,,,,,,,,,,,,,,,,,,,,,,0.0,,,,,,,,,,,,,,,,,,,,,,,,,,,,,,,,,,,,,,,,,,,,,,,,,,,,,,,,,,,,,,,,,,,,,,,,,,,,,,,,,,,,,,,,,,,,,,,,,,,,,,,,,,,,,,,,,,,,,,,,,,,,,,,,,,,,,,,,,,,,,,,,,,,,,,,,,,,,,,,,,,,,,,,,,,,,,,,,,,,,,,,,,,,,,,,,,,,,,,,,,,,,,,,,,,,,,,,,,,,,,,,,,,,,0.0,,1.0,,2.0,,,,,,,,,,,,,,,,,,,,,,,,,,,,,,,,,,,,,,,,,,,,,,,,,,,,,,,,,,,,,,,,,,,,,,,,,,,,,,,,,,,,,,,,,,,,,,,,,,,,,,,,,,,,,,,,,,,,,,,,,,,,,,,,,,,,,,,,,,,,,,,,,,,,,,,,,,,,,,,,,,,,,,,,,,,,,,,,,,,,,,,,,,,,,,,,,,,,,,,,,,,,,,,,,,,,,,,,,,,,,,,,,,,,,,,,,,,,,,,,,,,,,,,,,,,,4.0,,4.0,5.0,,,,,,,,,,,,,,,,,,,,,,,,,,,,,,,,,,,,,,,,,,,,,,,,,,,,,,,,,,,,,,,,,,,,,
2026040505,,,,,,,,,,,,,,,,,,,,,,,,,,,,,,,,,0.0,,,,,,,,,,,,,,,,,,,,,,,,,,,,,,,,,,,,,,,,,,,,,,,,,,,,,,,,,,,,,,,,,,,,,,,,,,,,,,,,,,,,,,,,,,,,,,,,,,,,,,,,,,,,,,,,,,,,,,,,,,,,,,,,,,,,,,,,,,,,,,,,,,,,,,,,,,,,,,,,,,,,,,,,,,,,,,,,,,,,,,,,,,,,,,,,,,,,,,,,,,,,,,,,,,,,,,,,,,,,,,,,,,,,,,,,,,,,,,,,,,,,,,,,,,,,,,,,,,,,,,,,,,,,,,,,,,,,,,,,,,,,,,,,,,,,,,,,,,,,,,,,,,,,,,,,,,,,,,,,,,,,,,,,,,,,,,,,,,,,,,,,,,,,,,,,,,,,,,,,,,,,,,,,,,,,,,,,,,,,,,,,,,,,,,,,,,,,,,,,,,,,,,,,,,,,,,,,,,,,,,,,,,,,,,,,,,,,,,,,,,,,,,,,,,,,,,,,,,,,,,,,,,,,,,,,,,,,,,,,,,,,,,,,,,,,,,,,,,,,,,,,,,,,,,,,,,,,,,,,,,,,,,,,,,,,,,,,,,,,,,,,,,,,,,,,,,,,
2026040506,0.002,0.0,0.0,0.0,0.0,0.0,0.0,0.0,0.0,0.0,0.0,0.0,0.0,0.0,0.0,0.0,0.0,0.0,0.0,0.0,0.0,0.029,0.0,0.0,0.0,0.0,0.0,0.0,0.0,0.0,0.0,0.0,0.0,,0.168,0.0,0.0,0.0,0.0,0.0,0.0,0.0,0.0,0.0,0.0,0.0,0.0,0.0,0.0,0.0,0.0,0.0,0.018,0.3,1.143,3.53,10.0,0.0,0.0,0.0,0.0,0.0,0.0,0.0,0.0,0.0,,,,,,,,,,,,,,,,,,,,,,,,,,,,,,,,,0.0,0.0,0.0,0.0,0.0,0.0,0.0,0.0,0.0,0.0,0.0,0.0,0.0,0.0,0.0,0.0,0.0,0.0,0.0,0.0,0.0,0.0,0.0,0.0,0.0,0.0,0.0,0.0,0.0,0.0,0.0,0.0,,,,,,,,,,,,,,,,,,,,,,,,,,,,,,,,,276.5,,,,,,,,,,,,,,,,,,,0.0,0.0,0.0,0.0,0.0,0.0,0.0,0.0,2.0,0.0,0.0,0.0,0.0,0.0,0.0,0.0,0.0,0.0,0.008,0.0,0.0,0.0,0.008,0.018,0.025,0.03,8.0,1.0,0.0,0.0,0.0,0.0,0.0,0.0,0.0,0.0,0.0,0.0,0.0,0.0,0.0,0.0,0.0,0.0,0.0,0.0,0.0,0.0,0.0,0.0,0.0,0.0,0.0,0.0,,,,,,,,,,,,,,,,,,,0.0,0.0,,,,1392.0,88888.0,,,,,,20.0,20.0,20.0,24.0,24.0,25.0,26.0,0.0,0.0,0.0,0.0,0.0,23.4,,271.76,1.7,0.0,41.0,1.0,,0.0,0.0,0.0,0.0,0.0,0.0,0.0,0.0,0.0,0.0,0.0,0.0,0.0,0.0,0.0,0.0,0.0,0.0,0.0,0.0,0.0,0.0,0.0,0.0,0.0,0.0,0.0,0.0,0.0,0.0,0.0,0.0,0.0,0.0,0.0,0.0,0.0,0.0,,,,,,,,,,,,,,8.2,9.999e+20,7.45407,3.80749,5.84874,6.39085,6.54352,6.66686,6.90348,6.77947,6.9437,7.42741,5.36627,7.8903,8.02371,8.10207,8.15689,8.6088,8.70445,8.82119,8.96325,9.72541,10.1352,11.237,1.0,0.0,0.0,0.0,0.0,0.0,4.7,1.2,2.4,2.8,3.2,3.6,3.6,4.0,4.0,4.0,2.0,4.4249,4.87287,5.33866,5.40938,5.55019,6.06019,6.14484,6.67418,7.21084,7.72666,9.26949,4.71003,1.9,0.0,0.0,0.0,0.0,0.0,0.0,0.0,2.0,3.0,9.999e+20,9.999e+20,9.999e+20,9.999e+20,9.999e+20,,,51.0,256.0,,0.0,0.0,0.0,0.0,,63.0,1.4,1.0,1.0,0.8,1.2,1.8,2.2,2.4,1584.0,1512.0,1552.0,1408.0,1632.0,1704.0,1768.0,1800.0,,,53.0,25.0,,,,,,1.34833,278.35,1.67,285.146,280.151,283.857,284.518,284.509,284.712,284.774,284.894,285.07,285.321,282.047,285.499,285.614,285.838,285.756,285.739,286.076,285.925,286.125,286.56,286.443,286.941,0.0,0.0,0.0,0.0,0.0,0.0,0.0,0.0,,,,,,,,,,,,,,,,,,,,,,,,,,,,,,,9.999e+20,110.0,2.0,110.0,2.4,0.0,0.0,,0.0,0.0,1.0,,16286.0,,,,,296.0,110.0,110.0,110.0,,276.2,3.70254,2.0,2.8,2.76033,2.86942,2.95931,3.10362,3.19949,3.22196,3.27044,2.4,3.70692,3.73032,3.75011,3.77775,3.82176,3.85386,3.88893,4.32747,4.3741,5.22781,6.15363,0.0,0.0,0.0,0.0,2.0,0.0,2.0,0.4,0.8,1.2,1.2,1.6,1.6,1.6,1.6,2.0,0.8,2.0,2.0,2.4,2.4,2.4,2.4,2.8,2.8,3.2,4.0,4.8,2.0,1.0,0.0,0.0,0.0,0.0,9.0,0.0,0.0,0.0,2.4,2.8,
2026040507,,,,,,,,,,,,,,,,,,,,,,,,,,,,,,,,,0.0,,,,,,,,,,,,,,,,,,,,,,,,,,,,,,,,,,,,,,,,,,,,,,,,,,,,,,,,,,,,,,,,,,,,,,,,,,,,,,,,,,,,,,,,,,,,,,,,,,,,,,,,,,,,,,,,,,,,,,,,,,,,,,,,,,,,,,,,,,,,,,,,,,,,,,,,,,,,,,,,,,,,,,,,,,,,,,,,,,,,,,,,,,,,,,,,,,,,,,,,,,,,,,,,,,,,,,,,,,,,,,,,,,,,2.0,,2.0,,2.0,,,,,,,,,,,,,,,,,,,,,,,,,,,,,,,,,,,,,,,,,,,,,,,,,,,,,,,,,,,,,,,,,,,,,,,,,,,,,,,,,,,,,,,,,,,,,,,,,,,,,,,,,,,,,,,,,,,,,,,,,,,,,,,,,,,,,,,,,,,,,,,,,,,,,,,,,,,,,,,,,,,,,,,,,,,,,,,,,,,,,,,,,,,,,,,,,,,,,,,,,,,,,,,,,,,,,,,,,,,,,,,,,,,,,,,,,,,,,,,,,,,,,,,,,,,,0.0,,0.0,3.0,,,,,,,,,,,,,,,,,,,,,,,,,,,,,,,,,,,,,,,,,,,,,,,,,,,,,,,,,,,,,,,,,,,,,
2026040508,,,,,,,,,,,,,,,,,,,,,,,,,,,,,,,,,0.0,,,,,,,,,,,,,,,,,,,,,,,,,,,,,,,,,,,,,,,,,,,,,,,,,,,,,,,,,,,,,,,,,,,,,,,,,,,,,,,,,,,,,,,,,,,,,,,,,,,,,,,,,,,,,,,,,,,,,,,,,,,,,,,,,,,,,,,,,,,,,,,,,,,,,,,,,,,,,,,,,,,,,,,,,,,,,,,,,,,,,,,,,,,,,,,,,,,,,,,,,,,,,,,,,,,,,,,,,,,,,,,,,,,,,,,,,,,,,,,,,,,,,,,,,,,,,,,,,,,,,,,,,,,,,,,,,,,,,,,,,,,,,,,,,,,,,,,,,,,,,,,,,,,,,,,,,,,,,,,,,,,,,,,,,,,,,,,,,,,,,,,,,,,,,,,,,,,,,,,,,,,,,,,,,,,,,,,,,,,,,,,,,,,,,,,,,,,,,,,,,,,,,,,,,,,,,,,,,,,,,,,,,,,,,,,,,,,,,,,,,,,,,,,,,,,,,,,,,,,,,,,,,,,,,,,,,,,,,,,,,,,,,,,,,,,,,,,,,,,,,,,,,,,,,,,,,,,,,,,,,,,,,,,,,,,,,,,,,,,,,,,,,,,,,,,,,,,,
2026040509,,,,,,,,,,,,,,,,,,,,,,,,,,,,,,,,,0.0,,,,,,,,,,,,,,,,,,,,,,,,,,,,,,,,,,,,,,,,,,,,,,,,,,,,,,,,,,,,,,,,,,,,,,,,,,,,,,,,,,,,,,,,,,,,,,,,,,,,,,,,,,,,,,,,,,,,,,,,,,,,,,,,,,275.99,,,,,,,,,,,,,,,,,,,,,,,,,,,,,,,,,,,,,,,,,,,,,,,,,,,,,,,,,,,,,,,,,,,,,,,,,,,,,,,,,,,,,,,,,,,0.0,0.0,,,,2816.0,2816.0,,,,,,19.0,20.0,19.0,24.0,25.0,26.0,27.0,0.0,0.0,0.0,0.0,0.0,23.3,,270.29,1.82,0.0,0.0,1.0,,,,,,,,,,,,,,,,,,,,,,,,,,,,,,,,,,,,,,,,,,,,,,,,,,,,,,9.999e+20,,,,,,,,,,,,,,,,,,,,,,,,,,,,,5.4,1.6,2.8,3.2,3.6,4.0,4.0,4.0,4.4,4.8,2.0,5.20198,5.63125,5.65978,6.51432,6.94465,7.41928,7.47767,7.95673,8.09531,8.72577,11.3343,5.35276,2.2,1.0,0.0,0.0,0.0,0.0,0.0,0.0,7.0,,9.999e+20,9.999e+20,9.999e+20,9.999e+20,9.999e+20,,,,256.0,,0.0,0.0,0.0,0.0,,58.0,1.5,0.7,0.8,0.7,1.0,1.6,1.9,2.1,1560.0,1472.0,1528.0,1392.0,1624.0,1704.0,1768.0,1792.0,,,58.0,24.0,,,,,,,277.76,1.82,,,,,,,,,,,,,,,,,,,,,,,,,,,,,,,,,,,,,,,,,,,,,,,,,,,,,,,,,,,,,9.999e+20,110.0,2.4,110.0,2.8,,,,0.0,,1.0,,16256.0,,,,,339.0,110.0,110.0,110.0,,275.9,,,,,,,,,,,,,,,,,,,,,,,,,,,,,2.4,0.4,1.2,1.2,1.6,1.6,2.0,2.0,2.0,2.0,0.8,2.4,2.4,2.4,2.8,2.8,2.8,3.2,3.2,3.6,4.0,4.8,2.4,1.0,0.0,0.0,0.0,0.0,11.0,0.0,0.0,0.0,2.8,2.8,
2026040510,,,,,,,,,,,,,,,,,,,,,,,,,,,,,,,,,0.0,,,,,,,,,,,,,,,,,,,,,,,,,,,,,,,,,,,,,,,,,,,,,,,,,,,,,,,,,,,,,,,,,,,,,,,,,,,,,,,,,,,,,,,,,,,,,,,,,,,,,,,,,,,,,,,,,,,,,,,,,,,,,,,,,,,,,,,,,,,,,,,,,,,,,,,,,,,,,,,,,,,,,,,,,,,,,,,,,,,,,,,,,,,,,,,,,,,,,,,,,,,,,,,,,,,,,,,,,,,,,,,,,,,,4.0,,4.0,,6.0,,,,,,,,,,,,,,,,,,,,,,,,,,,,,,,,,,,,,,,,,,,,,,,,,,,,,,,,,,,,,,,,,,,,,,,,,,,,,,,,,,,,,,,,,,,,,,,,,,,,,,,,,,,,,,,,,,,,,,,,,,,,,,,,,,,,,,,,,,,,,,,,,,,,,,,,,,,,,,,,,,,,,,,,,,,,,,,,,,,,,,,,,,,,,,,,,,,,,,,,,,,,,,,,,,,,,,,,,,,,,,,,,,,,,,,,,,,,,,,,,,,,,,,,,,,,1.0,,2.0,3.0,,,,,,,,,,,,,,,,,,,,,,,,,,,,,,,,,,,,,,,,,,,,,,,,,,,,,,,,,,,,,,,,,,,,,
2026040511,,,,,,,,,,,,,,,,,,,,,,,,,,,,,,,,,0.0,,,,,,,,,,,,,,,,,,,,,,,,,,,,,,,,,,,,,,,,,,,,,,,,,,,,,,,,,,,,,,,,,,,,,,,,,,,,,,,,,,,,,,,,,,,,,,,,,,,,,,,,,,,,,,,,,,,,,,,,,,,,,,,,,,,,,,,,,,,,,,,,,,,,,,,,,,,,,,,,,,,,,,,,,,,,,,,,,,,,,,,,,,,,,,,,,,,,,,,,,,,,,,,,,,,,,,,,,,,,,,,,,,,,,,,,,,,,,,,,,,,,,,,,,,,,,,,,,,,,,,,,,,,,,,,,,,,,,,,,,,,,,,,,,,,,,,,,,,,,,,,,,,,,,,,,,,,,,,,,,,,,,,,,,,,,,,,,,,,,,,,,,,,,,,,,,,,,,,,,,,,,,,,,,,,,,,,,,,,,,,,,,,,,,,,,,,,,,,,,,,,,,,,,,,,,,,,,,,,,,,,,,,,,,,,,,,,,,,,,,,,,,,,,,,,,,,,,,,,,,,,,,,,,,,,,,,,,,,,,,,,,,,,,,,,,,,,,,,,,,,,,,,,,,,,,,,,,,,,,,,,,,,,,,,,,,,,,,,,,,,,,,,,,,,,,,,,,
2026040512,0.002,0.0,0.0,0.0,0.0,0.0,0.0,0.0,0.0,0.0,0.0,0.0,0.0,0.0,0.0,0.0,0.0,0.0,0.0,0.0,0.0,0.054,0.0,0.0,0.0,0.0,0.0,0.0,0.0,0.0,0.0,0.0,0.0,,0.021,0.0,0.0,0.0,0.0,0.0,0.0,0.0,0.0,0.0,0.0,0.0,0.0,0.0,0.0,0.0,0.0,0.0,0.0,0.0,0.024,0.735,2.0,0.0,0.0,0.0,0.0,0.0,0.0,0.0,0.0,0.0,1.138,0.0,0.0,0.0,0.0,0.0,0.0,0.008,0.055,0.138,0.0,0.254,0.407,0.589,0.828,1.113,1.481,1.941,2.511,3.384,5.168,8.795,0.0,0.0,15.0,0.0,0.0,0.0,0.0,0.0,0.0,0.0,0.0,0.0,0.0,0.0,0.0,0.0,0.0,0.0,0.0,0.0,0.0,0.0,0.0,0.0,0.0,0.0,0.0,0.0,0.0,0.0,0.0,0.0,0.0,0.0,0.0,0.0,0.0,0.0,0.0,0.0,0.0,0.0,,,,,,,,,,,,,,,,,,,,,,,,,,,,,,,,,275.83,,,,,,,,,,,,,,,,,,,0.0,0.0,0.0,0.0,0.0,0.0,0.0,0.0,1.0,0.0,0.0,0.0,0.0,0.0,0.0,0.0,0.0,0.0,0.005,0.0,0.0,0.0,0.003,0.008,0.013,0.015,2.0,1.0,0.0,0.0,0.0,0.0,0.0,0.0,0.0,0.0,0.0,0.0,0.0,0.0,0.0,0.0,0.0,0.0,0.0,0.0,0.0,0.0,0.0,0.0,0.0,0.0,0.0,0.0,,,,,,,,,,,,,,,,,,,0.0,0.0,,,,2496.0,2496.0,,,,,,19.0,19.0,18.0,23.0,24.0,26.0,26.0,0.0,0.0,0.0,0.0,0.0,22.6,,269.51,1.97,0.0,0.0,0.0,,0.0,0.0,0.0,0.0,0.0,0.0,0.0,0.0,0.0,0.0,0.0,0.0,0.0,0.0,0.0,0.0,0.0,0.0,0.0,0.0,0.0,0.0,0.0,0.0,0.0,0.0,0.0,0.0,0.0,0.0,0.0,0.0,0.0,0.0,0.0,0.0,0.0,0.0,,,,,,,,,,,,,,10.0,9.999e+20,,,,,,,,,,,,,,,,,,,,,,,,,,,,,6.1,1.6,3.2,3.6,4.0,4.0,4.0,4.4,4.8,5.6,2.4,6.0,6.42174,6.44783,6.87381,7.30526,7.74132,8.18552,9.05446,9.55696,10.405,12.6045,6.10455,2.5,3.0,0.0,0.0,0.0,0.0,0.0,0.0,16.0,3.0,9.999e+20,9.999e+20,9.999e+20,9.999e+20,9.999e+20,,,,248.0,0.0,0.0,0.0,0.0,0.0,,55.0,1.3,0.6,0.7,0.5,0.8,1.3,1.7,2.0,1608.0,1416.0,1544.0,1384.0,1648.0,1736.0,1808.0,1856.0,,,59.0,28.0,,,,276.96,1.5,,277.83,1.95,,,,,,,,,,,,,,,,,,,,,,,,,,,,,,,,,,,,,,,,,,,,,,,,,,,,,,,,,,,,,9.999e+20,110.0,2.8,100.0,2.7,0.0,0.0,,0.0,0.0,0.0,,16256.0,,,,,286.0,110.0,110.0,110.0,,275.8,,,,,,,,,,,,,,,,,,,,,,,,,,,,,2.8,0.8,1.2,1.6,2.0,2.0,2.4,2.4,2.4,2.4,0.8,2.4,2.8,2.8,2.8,2.8,3.2,3.2,3.6,4.0,4.4,4.8,2.8,1.0,0.0,0.0,0.0,0.0,16.0,0.0,0.0,0.0,2.8,3.2,
2026040513,,,,,,,,,,,,,,,,,,,,,,,,,,,,,,,,,0.0,,,,,,,,,,,,,,,,,,,,,,,,,,,,,,,,,,,,,,,,,,,,,,,,,,,,,,,,,,,,,,,,,,,,,,,,,,,,,,,,,,,,,,,,,,,,,,,,,,,,,,,,,,,,,,,,,,,,,,,,,,,,,,,,,,,,,,,,,,,,,,,,,,,,,,,,,,,,,,,,,,,,,,,,,,,,,,,,,,,,,,,,,,,,,,,,,,,,,,,,,,,,,,,,,,,,,,,,,,,,,,,,,,,,6.0,,7.0,,7.0,,,,,,,,,,,,,,,,,,,,,,,,,,,,,,,,,,,,,,,,,,,,,,,,,,,,,,,,,,,,,,,,,,,,,,,,,,,,,,,,,,,,,,,,,,,,,,,,,,,,,,,,,,,,,,,,,,,,,,,,,,,,,,,,,,,,,,,,,,,,,,,,,,,,,,,,,,,,,,,,,,,,,,,,,,,,,,,,,,,,,,,,,,,,,,,,,,,,,,,,,,,,,,,,,,,,,,,,,,,,,,,,,,,,,,,,,,,,,,,,,,,,,,,,,,,,7.0,,7.0,9.0,,,,,,,,,,,,,,,,,,,,,,,,,,,,,,,,,,,,,,,,,,,,,,,,,,,,,,,,,,,,,,,,,,,,,
2026040514,,,,,,,,,,,,,,,,,,,,,,,,,,,,,,,,,0.0,,,,,,,,,,,,,,,,,,,,,,,,,,,,,,,,,,,,,,,,,,,,,,,,,,,,,,,,,,,,,,,,,,,,,,,,,,,,,,,,,,,,,,,,,,,,,,,,,,,,,,,,,,,,,,,,,,,,,,,,,,,,,,,,,,,,,,,,,,,,,,,,,,,,,,,,,,,,,,,,,,,,,,,,,,,,,,,,,,,,,,,,,,,,,,,,,,,,,,,,,,,,,,,,,,,,,,,,,,,,,,,,,,,,,,,,,,,,,,,,,,,,,,,,,,,,,,,,,,,,,,,,,,,,,,,,,,,,,,,,,,,,,,,,,,,,,,,,,,,,,,,,,,,,,,,,,,,,,,,,,,,,,,,,,,,,,,,,,,,,,,,,,,,,,,,,,,,,,,,,,,,,,,,,,,,,,,,,,,,,,,,,,,,,,,,,,,,,,,,,,,,,,,,,,,,,,,,,,,,,,,,,,,,,,,,,,,,,,,,,,,,,,,,,,,,,,,,,,,,,,,,,,,,,,,,,,,,,,,,,,,,,,,,,,,,,,,,,,,,,,,,,,,,,,,,,,,,,,,,,,,,,,,,,,,,,,,,,,,,,,,,,,,,,,,,,,,,,
2026040515,,,,,,,,,,,,,,,,,,,,,,,,,,,,,,,,,0.0,,,,,,,,,,,,,,,,,,,,,,,,,,,,,,,,,,,,,,,,,,,,,,,,,,,,,,,,,,,,,,,,,,,,,,,,,,,,,,,,,,,,,,,,,,,,,,,,,,,,,,,,,,,,,,,,,,,,,,,,,,,,,,,,,,277.92,,,,,,,,,,,,,,,,,,,,,,,,,,,,,,,,,,,,,,,,,,,,,,,,,,,,,,,,,,,,,,,,,,,,,,,,,,,,,,,,,,,,,,,,,,,0.0,0.0,,,,2696.0,2696.0,,,,,,18.0,18.0,18.0,22.0,23.0,24.0,26.0,0.0,0.0,0.0,0.0,0.0,20.9,,270.8,1.85,0.0,31.0,1.0,,,,,,,,,,,,,,,,,,,,,,,,,,,,,,,,,,,,,,,,,,,,,,,,,,,,,,9.999e+20,,,,,,,,,,,,,,,,,,,,,,,,,,,,,5.9,1.6,2.8,2.8,3.6,4.0,4.0,4.4,4.8,4.8,2.4,4.8,5.2,5.27019,5.40127,6.29186,7.54409,8.87987,9.33554,10.2077,10.7721,13.0091,5.85357,2.8,4.0,0.0,0.0,0.0,0.0,0.0,0.0,20.0,,9.999e+20,9.999e+20,9.999e+20,9.999e+20,9.999e+20,,,,200.0,,0.0,0.0,0.0,0.0,,53.0,1.0,0.5,0.6,0.4,0.7,1.1,1.5,1.9,1704.0,1464.0,1624.0,1432.0,1736.0,1808.0,1872.0,1896.0,,,62.0,27.0,,,,,,,279.6,1.83,,,,,,,,,,,,,,,,,,,,,,,,,,,,,,,,,,,,,,,,,,,,,,,,,,,,,,,,,,,,,9.999e+20,100.0,2.4,100.0,3.5,,,,0.0,,0.0,,16256.0,,,,,210.0,100.0,100.0,100.0,,277.1,,,,,,,,,,,,,,,,,,,,,,,,,,,,,2.4,0.4,0.8,1.2,1.2,1.6,1.6,2.0,2.0,2.0,0.8,2.0,2.4,2.4,2.8,2.8,3.2,3.6,3.6,4.0,4.4,5.2,2.4,1.2,0.0,0.0,0.0,0.0,18.0,0.0,1.0,0.0,2.8,3.2,
2026040516,,,,,,,,,,,,,,,,,,,,,,,,,,,,,,,,,0.0,,,,,,,,,,,,,,,,,,,,,,,,,,,,,,,,,,,,,,,,,,,,,,,,,,,,,,,,,,,,,,,,,,,,,,,,,,,,,,,,,,,,,,,,,,,,,,,,,,,,,,,,,,,,,,,,,,,,,,,,,,,,,,,,,,,,,,,,,,,,,,,,,,,,,,,,,,,,,,,,,,,,,,,,,,,,,,,,,,,,,,,,,,,,,,,,,,,,,,,,,,,,,,,,,,,,,,,,,,,,,,,,,,,,6.0,,6.0,,6.0,,,,,,,,,,,,,,,,,,,,,,,,,,,,,,,,,,,,,,,,,,,,,,,,,,,,,,,,,,,,,,,,,,,,,,,,,,,,,,,,,,,,,,,,,,,,,,,,,,,,,,,,,,,,,,,,,,,,,,,,,,,,,,,,,,,,,,,,,,,,,,,,,,,,,,,,,,,,,,,,,,,,,,,,,,,,,,,,,,,,,,,,,,,,,,,,,,,,,,,,,,,,,,,,,,,,,,,,,,,,,,,,,,,,,,,,,,,,,,,,,,,,,,,,,,,,7.0,,8.0,11.0,,,,,,,,,,,,,,,,,,,,,,,,,,,,,,,,,,,,,,,,,,,,,,,,,,,,,,,,,,,,,,,,,,,,,
2026040517,,,,,,,,,,,,,,,,,,,,,,,,,,,,,,,,,0.0,,,,,,,,,,,,,,,,,,,,,,,,,,,,,,,,,,,,,,,,,,,,,,,,,,,,,,,,,,,,,,,,,,,,,,,,,,,,,,,,,,,,,,,,,,,,,,,,,,,,,,,,,,,,,,,,,,,,,,,,,,,,,,,,,,,,,,,,,,,,,,,,,,,,,,,,,,,,,,,,,,,,,,,,,,,,,,,,,,,,,,,,,,,,,,,,,,,,,,,,,,,,,,,,,,,,,,,,,,,,,,,,,,,,,,,,,,,,,,,,,,,,,,,,,,,,,,,,,,,,,,,,,,,,,,,,,,,,,,,,,,,,,,,,,,,,,,,,,,,,,,,,,,,,,,,,,,,,,,,,,,,,,,,,,,,,,,,,,,,,,,,,,,,,,,,,,,,,,,,,,,,,,,,,,,,,,,,,,,,,,,,,,,,,,,,,,,,,,,,,,,,,,,,,,,,,,,,,,,,,,,,,,,,,,,,,,,,,,,,,,,,,,,,,,,,,,,,,,,,,,,,,,,,,,,,,,,,,,,,,,,,,,,,,,,,,,,,,,,,,,,,,,,,,,,,,,,,,,,,,,,,,,,,,,,,,,,,,,,,,,,,,,,,,,,,,,,,,
2026040518,0.0,0.0,0.0,0.0,0.0,0.0,0.0,0.0,0.0,0.0,0.0,0.0,0.0,0.0,0.0,0.0,0.0,0.0,0.0,0.0,0.0,0.0,0.0,0.0,0.0,0.0,0.0,0.0,0.0,0.0,0.0,0.0,0.0,,,,,,,,,,,,,,,,,,,,,,,,,,,,,,,,,,,,,,,,,,,,,,,,,,,,,,,,,,,,,,,,,,0.0,0.0,0.0,0.0,0.0,0.0,0.0,0.0,0.0,0.0,0.0,0.0,0.0,0.0,0.0,0.0,0.0,0.0,0.0,0.0,0.0,0.0,0.0,0.0,0.0,0.0,0.0,0.0,0.0,0.0,0.0,0.0,,,,,,,,,,,,,,,,,,,,,,,,,,,,,,,,,286.21,,,,,,,,,,,,,,,,,,,0.0,0.0,0.0,0.0,0.0,0.0,0.0,0.0,0.0,0.0,0.0,0.0,0.0,0.0,0.0,0.0,0.0,0.0,0.003,0.0,0.0,0.0,0.0,0.0,0.0,0.003,2.0,1.0,0.0,0.0,0.0,0.0,0.0,0.0,0.0,0.0,0.0,0.0,0.0,0.0,0.0,0.0,0.0,0.0,0.0,0.0,0.0,0.0,0.0,0.0,0.0,0.0,0.0,0.0,,,,,,,,,,,,,,,,,,,0.0,0.0,,,,3816.0,88888.0,,,,,,18.0,19.0,17.0,21.0,22.0,22.0,25.0,0.0,0.0,0.0,0.0,0.0,20.6,,274.14,2.03,0.0,222.0,1.0,,0.0,0.0,0.0,0.0,0.0,0.0,0.0,0.0,0.0,0.0,0.0,0.0,0.0,0.0,0.0,0.0,0.0,0.0,0.0,0.0,0.0,0.0,0.0,0.0,0.0,0.0,0.0,0.0,0.0,0.0,0.0,0.0,0.0,0.0,0.0,0.0,0.0,0.0,,,,,,,,,,,,,,10.2,9.999e+20,,,,,,,,,,,,,,,,,,,,,,,,,,,,,4.2,0.8,2.0,2.4,2.4,2.8,2.8,3.2,3.2,3.6,1.6,3.6,4.0,4.0,4.44511,4.49313,4.95329,5.03727,5.52156,6.48747,7.72354,8.9718,4.18418,1.8,0.0,0.0,0.0,0.0,0.0,0.0,0.0,2.0,3.0,9.999e+20,9.999e+20,9.999e+20,9.999e+20,9.999e+20,,63.0,,664.0,,0.0,0.0,0.0,0.0,,44.0,0.9,0.4,0.5,0.4,0.6,1.0,1.4,1.8,1848.0,1696.0,1760.0,1640.0,1848.0,1912.0,1960.0,1992.0,,,49.0,28.0,,,,,,1.00542,286.4,2.03,,,,,,,,,,,,,,,,,,,,,,,,,,,,,,,276.009,272.701,274.746,274.957,275.369,275.37,275.555,275.844,275.88,276.121,273.78,275.894,276.134,275.997,276.336,276.521,276.775,276.764,277.012,277.202,277.874,279.006,0.0,0.0,0.0,0.0,0.0,0.0,3.0,0.0,9.999e+20,120.0,1.2,110.0,2.6,0.0,0.0,,0.0,0.0,0.0,,16256.0,,,,,1260.0,120.0,120.0,120.0,,283.6,,,,,,,,,,,,,,,,,,,,,,,,,,,,,1.2,0.0,0.4,0.8,0.8,0.8,0.8,1.2,1.2,1.2,0.4,1.2,1.2,1.6,1.6,1.6,1.6,2.0,2.0,2.0,2.4,2.8,1.2,0.72,0.0,0.0,0.0,0.0,0.0,0.0,0.0,0.0,1.6,1.6,
2026040519,,,,,,,,,,,,,,,,,,,,,,,,,,,,,,,,,0.0,,,,,,,,,,,,,,,,,,,,,,,,,,,,,,,,,,,,,,,,,,,,,,,,,,,,,,,,,,,,,,,,,,,,,,,,,,,,,,,,,,,,,,,,,,,,,,,,,,,,,,,,,,,,,,,,,,,,,,,,,,,,,,,,,,,,,,,,,,,,,,,,,,,,,,,,,,,,,,,,,,,,,,,,,,,,,,,,,,,,,,,,,,,,,,,,,,,,,,,,,,,,,,,,,,,,,,,,,,,,,,,,,,,,5.0,,6.0,,6.0,,,,,,,,,,,,,,,,,,,,,,,,,,,,,,,,,,,,,,,,,,,,,,,,,,,,,,,,,,,,,,,,,,,,,,,,,,,,,,,,,,,,,,,,,,,,,,,,,,,,,,,,,,,,,,,,,,,,,,,,,,,,,,,,,,,,,,,,,,,,,,,,,,,,,,,,,,,,,,,,,,,,,,,,,,,,,,,,,,,,,,,,,,,,,,,,,,,,,,,,,,,,,,,,,,,,,,,,,,,,,,,,,,,,,,,,,,,,,,,,,,,,,,,,,,,,4.0,,5.0,6.0,,,,,,,,,,,,,,,,,,,,,,,,,,,,,,,,,,,,,,,,,,,,,,,,,,,,,,,,,,,,,,,,,,,,,
2026040520,,,,,,,,,,,,,,,,,,,,,,,,,,,,,,,,,0.0,,,,,,,,,,,,,,,,,,,,,,,,,,,,,,,,,,,,,,,,,,,,,,,,,,,,,,,,,,,,,,,,,,,,,,,,,,,,,,,,,,,,,,,,,,,,,,,,,,,,,,,,,,,,,,,,,,,,,,,,,,,,,,,,,,,,,,,,,,,,,,,,,,,,,,,,,,,,,,,,,,,,,,,,,,,,,,,,,,,,,,,,,,,,,,,,,,,,,,,,,,,,,,,,,,,,,,,,,,,,,,,,,,,,,,,,,,,,,,,,,,,,,,,,,,,,,,,,,,,,,,,,,,,,,,,,,,,,,,,,,,,,,,,,,,,,,,,,,,,,,,,,,,,,,,,,,,,,,,,,,,,,,,,,,,,,,,,,,,,,,,,,,,,,,,,,,,,,,,,,,,,,,,,,,,,,,,,,,,,,,,,,,,,,,,,,,,,,,,,,,,,,,,,,,,,,,,,,,,,,,,,,,,,,,,,,,,,,,,,,,,,,,,,,,,,,,,,,,,,,,,,,,,,,,,,,,,,,,,,,,,,,,,,,,,,,,,,,,,,,,,,,,,,,,,,,,,,,,,,,,,,,,,,,,,,,,,,,,,,,,,,,,,,,,,,,,,,,
2026040521,,,,,,,,,,,,,,,,,,,,,,,,,,,,,,,,,0.0,,,,,,,,,,,,,,,,,,,,,,,,,,,,,,,,,,,,,,,,,,,,,,,,,,,,,,,,,,,,,,,,,,,,,,,,,,,,,,,,,,,,,,,,,,,,,,,,,,,,,,,,,,,,,,,,,,,,,,,,,,,,,,,,,,289.32,,,,,,,,,,,,,,,,,,,,,,,,,,,,,,,,,,,,,,,,,,,,,,,,,,,,,,,,,,,,,,,,,,,,,,,,,,,,,,,,,,,,,,,,,,,28.0,48.0,,,,3040.0,3040.0,,,,,,20.0,22.0,17.0,23.0,26.0,27.0,30.0,0.0,0.0,0.0,0.0,0.0,24.1,,275.55,2.01,0.0,736.0,1.0,,,,,,,,,,,,,,,,,,,,,,,,,,,,,,,,,,,,,,,,,,,,,,,,,,,,,,9.999e+20,,,,,,,,,,,,,,,,,,,,,,,,,,,,,3.7,0.8,1.6,2.02209,2.09105,2.18133,2.30817,2.47769,2.57518,3.04482,1.6,3.09533,3.52334,3.61778,4.04972,4.09301,4.66032,4.48511,5.10637,5.68757,6.6054,10.1577,3.66038,1.8,1.0,0.0,0.0,0.0,0.0,0.0,0.0,3.0,,9.999e+20,9.999e+20,9.999e+20,9.999e+20,9.999e+20,,,,1304.0,,0.0,0.0,0.0,0.0,,40.0,0.8,0.2,0.3,0.2,0.4,0.8,1.2,1.6,2064.0,1952.0,1984.0,1920.0,2032.0,2088.0,2136.0,2192.0,,,58.0,27.0,,,,,,,289.29,2.02,,,,,,,,,,,,,,,,,,,,,,,,,,,,,,,,,,,,,,,,,,,,,,,,,,,,,,,,,,,,,9.999e+20,230.0,1.2,160.0,3.4,,,,0.0,,1.0,,16256.0,,,,,3738.0,230.0,230.0,230.0,,286.3,,,,,,,,,,,,,,,,,,,,,,,,,,,,,1.2,0.0,0.4,0.4,0.8,0.8,0.8,0.8,0.8,0.8,0.4,1.2,1.2,1.2,1.2,1.6,1.6,1.6,2.0,2.0,2.4,4.0,1.20723,0.82,0.0,0.0,0.0,0.0,1.0,0.0,0.0,0.0,1.6,1.6,
2026040522,,,,,,,,,,,,,,,,,,,,,,,,,,,,,,,,,0.0,,,,,,,,,,,,,,,,,,,,,,,,,,,,,,,,,,,,,,,,,,,,,,,,,,,,,,,,,,,,,,,,,,,,,,,,,,,,,,,,,,,,,,,,,,,,,,,,,,,,,,,,,,,,,,,,,,,,,,,,,,,,,,,,,,,,,,,,,,,,,,,,,,,,,,,,,,,,,,,,,,,,,,,,,,,,,,,,,,,,,,,,,,,,,,,,,,,,,,,,,,,,,,,,,,,,,,,,,,,,,,,,,,,,2.0,,2.0,,2.0,,,,,,,,,,,,,,,,,,,,,,,,,,,,,,,,,,,,,,,,,,,,,,,,,,,,,,,,,,,,,,,,,,,,,,,,,,,,,,,,,,,,,,,,,,,,,,,,,,,,,,,,,,,,,,,,,,,,,,,,,,,,,,,,,,,,,,,,,,,,,,,,,,,,,,,,,,,,,,,,,,,,,,,,,,,,,,,,,,,,,,,,,,,,,,,,,,,,,,,,,,,,,,,,,,,,,,,,,,,,,,,,,,,,,,,,,,,,,,,,,,,,,,,,,,,,3.0,,3.0,4.0,,,,,,,,,,,,,,,,,,,,,,,,,,,,,,,,,,,,,,,,,,,,,,,,,,,,,,,,,,,,,,,,,,,,,
2026040523,,,,,,,,,,,,,,,,,,,,,,,,,,,,,,,,,0.0,,,,,,,,,,,,,,,,,,,,,,,,,,,,,,,,,,,,,,,,,,,,,,,,,,,,,,,,,,,,,,,,,,,,,,,,,,,,,,,,,,,,,,,,,,,,,,,,,,,,,,,,,,,,,,,,,,,,,,,,,,,,,,,,,,,,,,,,,,,,,,,,,,,,,,,,,,,,,,,,,,,,,,,,,,,,,,,,,,,,,,,,,,,,,,,,,,,,,,,,,,,,,,,,,,,,,,,,,,,,,,,,,,,,,,,,,,,,,,,,,,,,,,,,,,,,,,,,,,,,,,,,,,,,,,,,,,,,,,,,,,,,,,,,,,,,,,,,,,,,,,,,,,,,,,,,,,,,,,,,,,,,,,,,,,,,,,,,,,,,,,,,,,,,,,,,,,,,,,,,,,,,,,,,,,,,,,,,,,,,,,,,,,,,,,,,,,,,,,,,,,,,,,,,,,,,,,,,,,,,,,,,,,,,,,,,,,,,,,,,,,,,,,,,,,,,,,,,,,,,,,,,,,,,,,,,,,,,,,,,,,,,,,,,,,,,,,,,,,,,,,,,,,,,,,,,,,,,,,,,,,,,,,,,,,,,,,,,,,,,,,,,,,,,,,,,,,,,
2026040600,0.0,0.0,0.0,0.0,0.0,0.0,0.0,0.0,0.0,0.0,0.0,0.0,0.0,0.0,0.0,0.0,0.0,0.0,0.0,0.0,0.0,0.0,0.0,0.0,0.0,0.0,0.0,0.0,0.0,0.0,0.0,0.0,0.0,,0.0,0.0,0.0,0.0,0.0,0.0,0.0,0.0,0.0,0.0,0.0,0.0,0.0,0.0,0.0,0.0,0.0,0.0,0.0,0.0,0.0,0.0,0.0,0.0,0.0,0.0,0.0,0.0,0.0,0.0,0.0,0.0,0.373,0.0,0.0,0.0,0.0,0.0,0.0,0.0,0.0,0.0,0.0,0.0,0.0,0.0,0.0,0.0,0.0,0.1,0.475,1.138,2.51,5.85,0.0,0.0,5.0,0.0,0.0,0.0,0.0,0.0,0.0,0.0,0.0,0.0,0.0,0.0,0.0,0.0,0.0,0.0,0.0,0.0,0.0,0.0,0.0,0.0,0.0,0.0,0.0,0.0,0.0,0.0,0.0,0.0,0.0,0.0,0.0,0.0,0.0,0.0,0.0,0.0,0.0,0.0,1.574,0.0,0.0,0.0,0.0,0.0,0.042,0.205,0.421,0.599,0.0,0.792,1.023,1.263,1.539,1.829,2.16,2.593,3.333,4.299,6.05,10.049,0.0,0.0,0.0,0.0,0.0,0.0,0.0,4.0,0.0,0.0,288.43,,,,,,,,,,,,,,,,,,,0.0,0.0,0.0,0.0,0.0,0.0,0.0,0.0,0.0,0.0,0.0,0.0,0.0,0.0,0.0,0.0,0.0,0.0,0.0,0.0,0.0,0.0,0.0,0.0,0.0,0.0,1.0,0.0,0.0,0.0,0.0,0.0,0.0,0.0,0.0,0.0,0.0,0.0,0.0,0.0,0.0,0.0,0.0,0.0,0.0,0.0,0.0,0.0,0.0,0.0,0.0,0.0,0.0,0.0,,,,,,,,,,,,,,,,,,,84.0,116.0,,,,2984.0,2984.0,,,,,,21.0,22.0,17.0,25.0,26.0,27.0,30.0,0.0,0.0,0.0,0.0,0.0,25.2,,276.95,2.23,0.0,628.0,1.0,,0.0,0.0,0.0,0.0,0.0,0.0,0.0,0.0,0.0,0.0,0.0,0.0,0.0,0.0,0.0,0.0,0.0,0.0,0.0,0.0,0.0,0.0,0.0,0.0,0.0,0.0,0.0,0.0,0.0,0.0,0.0,0.0,0.0,0.0,0.0,0.0,0.0,0.0,,,,,,,,,,,,,,7.0,9.999e+20,,,,,,,,,,,,,,,,,,,,,,,,,,,,,3.6,0.8,2.0,2.0,2.4,2.4,2.41899,2.93385,3.00096,3.17275,1.6,3.33601,3.55547,3.67496,4.12012,4.18968,4.64668,4.7292,5.17913,5.71691,6.33607,8.33071,3.56663,1.72,1.0,0.0,0.0,0.0,0.0,0.0,0.0,1.0,4.0,9.999e+20,9.999e+20,9.999e+20,9.999e+20,9.999e+20,,,,848.0,0.0,0.0,0.0,0.0,0.0,,47.0,0.6,0.1,0.2,0.1,0.3,0.7,1.0,1.4,2160.0,2056.0,2088.0,2040.0,2136.0,2176.0,2232.0,2272.0,,,61.0,26.0,,289.82,1.34,,,,288.4,2.23,,,,,,,,,,,,,,,,,,,,,,,,,,,,,,,,,,,,,,,,,,,,,,,,,,,,,,,,,,,,,9.999e+20,240.0,1.2,160.0,2.9,0.0,0.0,,0.0,0.0,1.0,,16283.0,,,,,2126.0,240.0,240.0,240.0,,285.1,,,,,,,,,,,,,,,,,,,,,,,,,,,,,1.2,0.0,0.4,0.4,0.8,0.8,0.8,0.8,0.8,0.8,0.4,1.2,1.2,1.2,1.6,1.6,1.6,1.6,2.0,2.0,2.4,2.66856,1.21529,0.62,0.0,0.0,0.0,0.0,1.0,0.0,0.0,0.0,1.6,1.6,
2026040601,,,,,,,,,,,,,,,,,,,,,,,,,,,,,,,,,0.0,,,,,,,,,,,,,,,,,,,,,,,,,,,,,,,,,,,,,,,,,,,,,,,,,,,,,,,,,,,,,,,,,,,,,,,,,,,,,,,,,,,,,,,,,,,,,,,,,,,,,,,,,,,,,,,,,,,,,,,,,,,,,,,,,,,,,,,,,,,,,,,,,,,,,,,,,,,,,,,,,,,,,,,,,,,,,,,,,,,,,,,,,,,,,,,,,,,,,,,,,,,,,,,,,,,,,,,,,,,,,,,,,,,,2.0,,2.0,,2.0,,,,,,,,,,,,,,,,,,,,,,,,,,,,,,,,,,,,,,,,,,,,,,,,,,,,,,,,,,,,,,,,,,,,,,,,,,,,,,,,,,,,,,,,,,,,,,,,,,,,,,,,,,,,,,,,,,,,,,,,,,,,,,,,,,,,,,,,,,,,,,,,,,,,,,,,,,,,,,,,,,,,,,,,,,,,,,,,,,,,,,,,,,,,,,,,,,,,,,,,,,,,,,,,,,,,,,,,,,,,,,,,,,,,,,,,,,,,,,,,,,,,,,,,,,,,3.0,,3.0,5.0,,,,,,,,,,,,,,,,,,,,,,,,,,,,,,,,,,,,,,,,,,,,,,,,,,,,,,,,,,,,,,,,,,,,,
2026040602,,,,,,,,,,,,,,,,,,,,,,,,,,,,,,,,,0.0,,,,,,,,,,,,,,,,,,,,,,,,,,,,,,,,,,,,,,,,,,,,,,,,,,,,,,,,,,,,,,,,,,,,,,,,,,,,,,,,,,,,,,,,,,,,,,,,,,,,,,,,,,,,,,,,,,,,,,,,,,,,,,,,,,,,,,,,,,,,,,,,,,,,,,,,,,,,,,,,,,,,,,,,,,,,,,,,,,,,,,,,,,,,,,,,,,,,,,,,,,,,,,,,,,,,,,,,,,,,,,,,,,,,,,,,,,,,,,,,,,,,,,,,,,,,,,,,,,,,,,,,,,,,,,,,,,,,,,,,,,,,,,,,,,,,,,,,,,,,,,,,,,,,,,,,,,,,,,,,,,,,,,,,,,,,,,,,,,,,,,,,,,,,,,,,,,,,,,,,,,,,,,,,,,,,,,,,,,,,,,,,,,,,,,,,,,,,,,,,,,,,,,,,,,,,,,,,,,,,,,,,,,,,,,,,,,,,,,,,,,,,,,,,,,,,,,,,,,,,,,,,,,,,,,,,,,,,,,,,,,,,,,,,,,,,,,,,,,,,,,,,,,,,,,,,,,,,,,,,,,,,,,,,,,,,,,,,,,,,,,,,,,,,,,,,,,,,
2026040603,,,,,,,,,,,,,,,,,,,,,,,,,,,,,,,,,0.0,,,,,,,,,,,,,,,,,,,,,,,,,,,,,,,,,,,,,,,,,,,,,,,,,,,,,,,,,,,,,,,,,,,,,,,,,,,,,,,,,,,,,,,,,,,,,,,,,,,,,,,,,,,,,,,,,,,,,,,,,,,,,,,,,,283.96,,,,,,,,,,,,,,,,,,,,,,,,,,,,,,,,,,,,,,,,,,,,,,,,,,,,,,,,,,,,,,,,,,,,,,,,,,,,,,,,,,,,,,,,,,,31.0,33.0,,,,3640.0,3640.0,,,,,,22.0,23.0,17.0,25.0,27.0,27.0,30.0,0.0,0.0,0.0,0.0,0.0,25.2,,275.65,2.59,0.0,128.0,1.0,,,,,,,,,,,,,,,,,,,,,,,,,,,,,,,,,,,,,,,,,,,,,,,,,,,,,,9.999e+20,,,,,,,,,,,,,,,,,,,,,,,,,,,,,3.8,0.4,1.2,1.6,2.0,2.4,2.8,3.2,3.2,3.6,0.8,3.6,4.03015,4.11744,4.23701,4.70059,4.75611,4.83016,5.34354,6.63952,7.5617,9.96934,3.81605,2.1,0.0,0.0,0.0,0.0,0.0,0.0,0.0,3.0,,9.999e+20,9.999e+20,9.999e+20,9.999e+20,9.999e+20,,,,232.0,,0.0,0.0,0.0,0.0,,57.0,0.6,0.2,0.2,0.1,0.4,0.7,0.9,1.3,2160.0,2056.0,2096.0,2040.0,2144.0,2176.0,2232.0,2256.0,,,71.0,17.0,,,,,,,283.96,2.58,,,,,,,,,,,,,,,,,,,,,,,,,,,,,,,,,,,,,,,,,,,,,,,,,,,,,,,,,,,,,9.999e+20,110.0,1.6,120.0,3.1,,,,0.0,,0.0,,16281.0,,,,,285.0,110.0,110.0,110.0,,280.9,,,,,,,,,,,,,,,,,,,,,,,,,,,,,1.6,0.0,0.4,0.4,0.8,0.8,0.8,1.2,1.2,1.2,0.0,1.6,1.6,1.6,1.6,2.0,2.0,2.0,2.4,2.8,3.6,4.0,1.6,0.92,0.0,0.0,0.0,0.0,3.0,0.0,0.0,0.0,1.6,2.0,
2026040604,,,,,,,,,,,,,,,,,,,,,,,,,,,,,,,,,0.0,,,,,,,,,,,,,,,,,,,,,,,,,,,,,,,,,,,,,,,,,,,,,,,,,,,,,,,,,,,,,,,,,,,,,,,,,,,,,,,,,,,,,,,,,,,,,,,,,,,,,,,,,,,,,,,,,,,,,,,,,,,,,,,,,,,,,,,,,,,,,,,,,,,,,,,,,,,,,,,,,,,,,,,,,,,,,,,,,,,,,,,,,,,,,,,,,,,,,,,,,,,,,,,,,,,,,,,,,,,,,,,,,,,,2.0,,2.0,,3.0,,,,,,,,,,,,,,,,,,,,,,,,,,,,,,,,,,,,,,,,,,,,,,,,,,,,,,,,,,,,,,,,,,,,,,,,,,,,,,,,,,,,,,,,,,,,,,,,,,,,,,,,,,,,,,,,,,,,,,,,,,,,,,,,,,,,,,,,,,,,,,,,,,,,,,,,,,,,,,,,,,,,,,,,,,,,,,,,,,,,,,,,,,,,,,,,,,,,,,,,,,,,,,,,,,,,,,,,,,,,,,,,,,,,,,,,,,,,,,,,,,,,,,,,,,,,4.0,,4.0,5.0,,,,,,,,,,,,,,,,,,,,,,,,,,,,,,,,,,,,,,,,,,,,,,,,,,,,,,,,,,,,,,,,,,,,,
2026040605,,,,,,,,,,,,,,,,,,,,,,,,,,,,,,,,,0.0,,,,,,,,,,,,,,,,,,,,,,,,,,,,,,,,,,,,,,,,,,,,,,,,,,,,,,,,,,,,,,,,,,,,,,,,,,,,,,,,,,,,,,,,,,,,,,,,,,,,,,,,,,,,,,,,,,,,,,,,,,,,,,,,,,,,,,,,,,,,,,,,,,,,,,,,,,,,,,,,,,,,,,,,,,,,,,,,,,,,,,,,,,,,,,,,,,,,,,,,,,,,,,,,,,,,,,,,,,,,,,,,,,,,,,,,,,,,,,,,,,,,,,,,,,,,,,,,,,,,,,,,,,,,,,,,,,,,,,,,,,,,,,,,,,,,,,,,,,,,,,,,,,,,,,,,,,,,,,,,,,,,,,,,,,,,,,,,,,,,,,,,,,,,,,,,,,,,,,,,,,,,,,,,,,,,,,,,,,,,,,,,,,,,,,,,,,,,,,,,,,,,,,,,,,,,,,,,,,,,,,,,,,,,,,,,,,,,,,,,,,,,,,,,,,,,,,,,,,,,,,,,,,,,,,,,,,,,,,,,,,,,,,,,,,,,,,,,,,,,,,,,,,,,,,,,,,,,,,,,,,,,,,,,,,,,,,,,,,,,,,,,,,,,,,,,,,,,
2026040606,0.001,0.0,0.0,0.0,0.0,0.0,0.0,0.0,0.0,0.0,0.0,0.0,0.0,0.0,0.0,0.0,0.0,0.0,0.0,0.0,0.0,0.0,0.0,0.0,0.0,0.0,0.0,0.0,0.0,0.0,0.0,0.0,0.0,,0.0,0.0,0.0,0.0,0.0,0.0,0.0,0.0,0.0,0.0,0.0,0.0,0.0,0.0,0.0,0.0,0.0,0.0,0.0,0.0,0.0,0.0,0.0,0.0,0.0,0.0,0.0,0.0,0.0,0.0,0.0,0.0,,,,,,,,,,,,,,,,,,,,,,,,,,,,,,,,,0.0,0.0,0.0,0.0,0.0,0.0,0.0,0.0,0.0,0.0,0.0,0.0,0.0,0.0,0.0,0.0,0.0,0.0,0.0,0.0,0.0,0.0,0.0,0.0,0.0,0.0,0.0,0.0,0.0,0.0,0.0,0.0,,,,,,,,,,,,,,,,,,,,,,,,,,,,,,,,,280.13,,,,,,,,,,,,,,,,,,,0.0,0.0,0.0,0.0,0.0,0.0,0.0,0.0,0.0,0.0,0.0,0.0,0.0,0.0,0.0,0.0,0.0,0.0,0.0,0.0,0.0,0.0,0.0,0.0,0.0,0.0,0.0,0.0,0.0,0.0,0.0,0.0,0.0,0.0,0.0,0.0,0.0,0.0,0.0,0.0,0.0,0.0,0.0,0.0,0.0,0.0,0.0,0.0,0.0,0.0,0.0,0.0,0.0,0.0,0.01,0.0,0.0,0.0,0.008,0.018,0.025,0.03,8.0,0.0,0.0,0.0,0.0,0.0,0.0,0.0,0.0,0.0,0.0,1.0,,,,3600.0,3600.0,,,,,,22.0,23.0,18.0,24.0,27.0,28.0,29.0,0.0,0.0,0.0,0.0,0.0,24.7,,273.66,2.08,0.0,64.0,0.0,,0.0,0.0,0.0,0.0,0.0,0.0,0.0,0.0,0.0,0.0,0.0,0.0,0.0,0.0,0.0,0.0,0.0,0.0,0.0,0.0,0.0,0.0,0.0,0.0,0.0,0.0,0.0,0.0,0.0,0.0,0.0,0.0,0.0,0.0,0.0,0.0,0.0,0.0,0.0,0.0,0.0,0.0,0.0,0.0,0.0,0.0,0.0,0.0,0.0,0.0,0.0,9.0,9.999e+20,9.22288,4.44685,6.33585,6.5106,7.43428,7.53708,7.67271,7.88901,8.18057,8.26172,5.42724,8.74539,9.59726,9.65198,10.1156,10.6068,11.0875,11.1718,11.7331,12.2915,12.5917,14.6396,20.0,0.0,0.0,0.0,0.0,0.0,5.3,1.6,2.4,3.2,3.6,4.0,4.0,4.4,4.4,4.4,2.0,4.4,4.4,5.2,5.62894,6.07759,6.91114,7.35648,7.78441,8.67671,10.1272,11.2242,5.29324,2.4,1.0,0.0,0.0,0.0,0.0,0.0,0.0,10.0,4.0,9.999e+20,9.999e+20,9.999e+20,9.999e+20,9.999e+20,,,40.0,240.0,,0.0,0.0,0.0,0.0,,58.0,0.6,0.2,0.4,0.2,0.5,0.7,0.8,1.2,2112.0,2024.0,2072.0,2008.0,2112.0,2144.0,2184.0,2208.0,,,72.0,16.0,,,,,,1.42117,281.75,2.1,290.371,286.76,288.616,289.384,289.805,290.138,290.106,290.366,290.53,290.657,287.989,290.815,290.934,290.789,291.054,291.012,291.316,291.351,291.616,291.799,292.168,292.544,0.0,0.0,0.0,0.0,0.0,0.0,0.0,0.0,,,,,,,,,,,,,,,,,,,,,,,,,,,,,,,9.999e+20,110.0,2.4,140.0,4.2,0.0,1.0,,0.0,1.0,1.0,,16296.0,,,,,425.0,110.0,110.0,110.0,,279.1,4.45734,2.4,2.8,3.2,3.6,3.6,3.6,4.0,4.0,4.0,2.8,4.4,4.4,4.44534,4.4686,4.53086,4.98501,5.03688,5.856,6.30873,6.83952,7.12546,0.0,0.0,0.0,0.0,16.0,0.0,2.4,0.4,0.8,1.2,1.2,1.6,1.6,1.6,2.0,2.0,0.8,2.4,2.4,2.8,2.8,2.8,2.8,3.2,3.2,4.4,4.8,4.8,2.4,1.2,0.0,0.0,0.0,0.0,13.0,0.0,0.0,0.0,2.8,2.8,
2026040607,,,,,,,,,,,,,,,,,,,,,,,,,,,,,,,,,0.0,,,,,,,,,,,,,,,,,,,,,,,,,,,,,,,,,,,,,,,,,,,,,,,,,,,,,,,,,,,,,,,,,,,,,,,,,,,,,,,,,,,,,,,,,,,,,,,,,,,,,,,,,,,,,,,,,,,,,,,,,,,,,,,,,,,,,,,,,,,,,,,,,,,,,,,,,,,,,,,,,,,,,,,,,,,,,,,,,,,,,,,,,,,,,,,,,,,,,,,,,,,,,,,,,,,,,,,,,,,,,,,,,,,,2.0,,2.0,,3.0,,,,,,,,,,,,,,,,,,,,,,,,,,,,,,,,,,,,,,,,,,,,,,,,,,,,,,,,,,,,,,,,,,,,,,,,,,,,,,,,,,,,,,,,,,,,,,,,,,,,,,,,,,,,,,,,,,,,,,,,,,,,,,,,,,,,,,,,,,,,,,,,,,,,,,,,,,,,,,,,,,,,,,,,,,,,,,,,,,,,,,,,,,,,,,,,,,,,,,,,,,,,,,,,,,,,,,,,,,,,,,,,,,,,,,,,,,,,,,,,,,,,,,,,,,,,0.0,,0.0,3.0,,,,,,,,,,,,,,,,,,,,,,,,,,,,,,,,,,,,,,,,,,,,,,,,,,,,,,,,,,,,,,,,,,,,,
2026040608,,,,,,,,,,,,,,,,,,,,,,,,,,,,,,,,,0.0,,,,,,,,,,,,,,,,,,,,,,,,,,,,,,,,,,,,,,,,,,,,,,,,,,,,,,,,,,,,,,,,,,,,,,,,,,,,,,,,,,,,,,,,,,,,,,,,,,,,,,,,,,,,,,,,,,,,,,,,,,,,,,,,,,,,,,,,,,,,,,,,,,,,,,,,,,,,,,,,,,,,,,,,,,,,,,,,,,,,,,,,,,,,,,,,,,,,,,,,,,,,,,,,,,,,,,,,,,,,,,,,,,,,,,,,,,,,,,,,,,,,,,,,,,,,,,,,,,,,,,,,,,,,,,,,,,,,,,,,,,,,,,,,,,,,,,,,,,,,,,,,,,,,,,,,,,,,,,,,,,,,,,,,,,,,,,,,,,,,,,,,,,,,,,,,,,,,,,,,,,,,,,,,,,,,,,,,,,,,,,,,,,,,,,,,,,,,,,,,,,,,,,,,,,,,,,,,,,,,,,,,,,,,,,,,,,,,,,,,,,,,,,,,,,,,,,,,,,,,,,,,,,,,,,,,,,,,,,,,,,,,,,,,,,,,,,,,,,,,,,,,,,,,,,,,,,,,,,,,,,,,,,,,,,,,,,,,,,,,,,,,,,,,,,,,,,,,
2026040609,,,,,,,,,,,,,,,,,,,,,,,,,,,,,,,,,0.0,,,,,,,,,,,,,,,,,,,,,,,,,,,,,,,,,,,,,,,,,,,,,,,,,,,,,,,,,,,,,,,,,,,,,,,,,,,,,,,,,,,,,,,,,,,,,,,,,,,,,,,,,,,,,,,,,,,,,,,,,,,,,,,,,,279.48,,,,,,,,,,,,,,,,,,,,,,,,,,,,,,,,,,,,,,,,,,,,,,,,,,,,,,,,,,,,,,,,,,,,,,,,,,,,,,,,,,,,,,,,,,,0.0,1.0,,,,5366.0,88886.0,,,,,,20.0,23.0,20.0,23.0,25.0,27.0,28.0,0.0,0.0,0.0,0.0,0.0,23.9,,273.44,1.42,0.0,0.0,0.0,,,,,,,,,,,,,,,,,,,,,,,,,,,,,,,,,,,,,,,,,,,,,,,,,,,,,,9.999e+20,,,,,,,,,,,,,,,,,,,,,,,,,,,,,5.6,1.6,2.4,2.8,3.2,3.6,4.0,4.4,4.4,4.4,1.6,4.4,4.8,4.8,4.8,6.0,7.20166,8.41845,8.84628,10.4735,10.9715,11.9089,5.22598,2.9,4.0,0.0,0.0,0.0,0.0,0.0,0.0,17.0,,9.999e+20,9.999e+20,9.999e+20,9.999e+20,9.999e+20,,,,256.0,,0.0,0.0,0.0,0.0,,60.0,0.6,0.4,0.5,0.3,0.6,0.7,0.8,0.9,2088.0,2024.0,2048.0,1992.0,2088.0,2128.0,2152.0,2168.0,,,70.0,21.0,,,,,,,281.07,1.57,,,,,,,,,,,,,,,,,,,,,,,,,,,,,,,,,,,,,,,,,,,,,,,,,,,,,,,,,,,,,9.999e+20,100.0,2.4,120.0,4.5,,,,0.0,,0.0,,,,,,,490.0,100.0,100.0,100.0,,278.5,,,,,,,,,,,,,,,,,,,,,,,,,,,,,2.4,0.4,0.8,1.2,1.2,1.2,1.6,1.6,2.0,2.0,0.4,2.4,2.8,2.8,2.8,3.2,3.2,3.6,4.0,4.4,4.4,4.4,2.4,1.2,0.0,0.0,0.0,0.0,18.0,0.0,0.0,0.0,2.8,3.2,
2026040610,,,,,,,,,,,,,,,,,,,,,,,,,,,,,,,,,0.0,,,,,,,,,,,,,,,,,,,,,,,,,,,,,,,,,,,,,,,,,,,,,,,,,,,,,,,,,,,,,,,,,,,,,,,,,,,,,,,,,,,,,,,,,,,,,,,,,,,,,,,,,,,,,,,,,,,,,,,,,,,,,,,,,,,,,,,,,,,,,,,,,,,,,,,,,,,,,,,,,,,,,,,,,,,,,,,,,,,,,,,,,,,,,,,,,,,,,,,,,,,,,,,,,,,,,,,,,,,,,,,,,,,,,,,,,,,,,,,,,,,,,,,,,,,,,,,,,,,,,,,,,,,,,,,,,,,,,,,,,,,,,,,,,,,,,,,,,,,,,,,,,,,,,,,,,,,,,,,,,,,,,,,,,,,,,,,,,,,,,,,,,,,,,,,,,,,,,,,,,,,,,,,,,,,,,,,,,,,,,,,,,,,,,,,,,,,,,,,,,,,,,,,,,,,,,,,,,,,,,,,,,,,,,,,,,,,,,,,,,,,,,,,,,,,,,,,,,,,,,,,,,,,,,,,,,,,,,,,,,,,,,,,,,,,,,,,,,,,,,,,,,,,,,,,,,,,,,,,,,,,,,,,,,,,,,,,,,,,,,,,,,,,,,,,,,,,,
2026040611,,,,,,,,,,,,,,,,,,,,,,,,,,,,,,,,,0.0,,,,,,,,,,,,,,,,,,,,,,,,,,,,,,,,,,,,,,,,,,,,,,,,,,,,,,,,,,,,,,,,,,,,,,,,,,,,,,,,,,,,,,,,,,,,,,,,,,,,,,,,,,,,,,,,,,,,,,,,,,,,,,,,,,,,,,,,,,,,,,,,,,,,,,,,,,,,,,,,,,,,,,,,,,,,,,,,,,,,,,,,,,,,,,,,,,,,,,,,,,,,,,,,,,,,,,,,,,,,,,,,,,,,,,,,,,,,,,,,,,,,,,,,,,,,,,,,,,,,,,,,,,,,,,,,,,,,,,,,,,,,,,,,,,,,,,,,,,,,,,,,,,,,,,,,,,,,,,,,,,,,,,,,,,,,,,,,,,,,,,,,,,,,,,,,,,,,,,,,,,,,,,,,,,,,,,,,,,,,,,,,,,,,,,,,,,,,,,,,,,,,,,,,,,,,,,,,,,,,,,,,,,,,,,,,,,,,,,,,,,,,,,,,,,,,,,,,,,,,,,,,,,,,,,,,,,,,,,,,,,,,,,,,,,,,,,,,,,,,,,,,,,,,,,,,,,,,,,,,,,,,,,,,,,,,,,,,,,,,,,,,,,,,,,,,,,,,
2026040612,0.004,0.0,0.0,0.0,0.0,0.0,0.0,0.0,0.0,0.0,0.0,0.0,0.0,0.0,0.0,0.0,0.0,0.0,0.0,0.0,0.0,0.005,1.0,0.0,0.0,0.0,0.0,0.0,0.0,0.0,0.0,0.0,0.0,,0.004,0.0,0.0,0.0,0.0,0.0,0.0,0.0,0.0,0.0,0.0,0.0,0.0,0.0,0.0,0.0,0.0,0.0,0.0,0.0,0.0,0.003,0.0,0.0,0.0,0.0,0.0,0.0,0.0,0.0,0.0,0.0,0.02,0.0,0.0,0.0,0.0,0.0,0.0,0.0,0.0,0.0,0.0,0.0,0.0,0.0,0.0,0.0,0.0,0.0,0.0,0.0,0.002,0.658,0.0,0.0,0.0,0.0,0.0,0.0,0.0,0.0,0.0,0.0,0.0,0.0,0.0,0.0,0.0,0.0,0.0,0.0,0.0,0.0,0.0,0.0,0.0,0.0,0.0,0.0,0.0,0.0,0.0,0.0,0.0,0.0,0.0,0.0,0.0,0.0,0.0,0.0,0.0,0.0,0.0,0.0,0.585,0.0,0.0,0.0,0.0,0.0,0.0,0.0,0.0,0.0,0.0,0.0,0.0,0.019,0.187,0.373,0.604,0.925,1.303,1.826,3.084,6.283,0.0,0.0,0.0,0.0,0.0,0.0,0.0,1.0,0.0,0.0,278.57,,,,,,,,,,,,,,,,,,,0.0,0.0,0.0,0.0,0.0,0.0,0.0,0.0,0.0,0.0,0.0,0.0,0.0,0.0,0.0,0.0,0.0,0.0,0.0,0.0,0.0,0.0,0.0,0.0,0.0,0.0,0.0,0.0,0.0,0.0,0.0,0.0,0.0,0.0,0.0,0.0,0.0,0.0,0.0,0.0,0.0,0.0,0.0,0.0,0.0,0.0,0.0,0.0,0.0,0.0,0.0,0.0,0.0,0.0,0.005,0.0,0.0,0.0,0.003,0.008,0.013,0.015,2.0,0.0,0.0,0.0,0.0,0.0,0.0,0.0,0.0,0.0,0.0,1.0,,,,5350.0,88886.0,,,,,,22.0,22.0,22.0,23.0,24.0,27.0,27.0,0.0,0.0,0.0,0.0,0.0,23.7,,272.77,1.2,0.0,0.0,0.0,,0.0,0.0,0.0,0.0,0.0,0.0,0.0,0.0,0.0,0.0,0.0,0.0,0.0,0.0,0.0,0.0,0.0,0.0,0.0,0.0,0.0,0.0,0.0,0.0,0.0,0.0,0.0,0.0,0.0,0.0,0.0,0.0,0.0,0.0,0.0,0.0,0.0,0.0,0.0,0.0,0.0,0.0,0.0,0.0,0.0,0.0,0.0,0.0,0.0,0.0,0.0,9.2,9.999e+20,,,,,,,,,,,,,,,,,,,,,,,,,,,,,5.2,1.6,2.4,2.8,2.8,3.2,3.6,4.0,4.0,4.4,2.0,4.4,4.4,4.4,4.4,5.2,6.80505,7.22675,8.84744,10.8983,11.4042,12.3619,5.23155,2.9,5.0,0.0,0.0,0.0,0.0,0.0,0.0,15.0,4.0,9.999e+20,9.999e+20,9.999e+20,9.999e+20,9.999e+20,,,,248.0,0.0,0.0,0.0,0.0,0.0,,60.0,0.7,0.5,0.6,0.4,0.7,0.9,1.0,1.1,2056.0,1976.0,2016.0,1944.0,2056.0,2096.0,2136.0,2160.0,,,56.0,17.0,,,,278.84,1.39,,280.09,1.61,,,,,,,,,,,,,,,,,,,,,,,,,,,,,,,,,,,,,,,,,,,,,,,,,,,,,,,,,,,,,9.999e+20,100.0,2.4,130.0,3.3,0.0,1.0,,0.0,0.0,0.0,,,,,,,332.0,100.0,100.0,100.0,,278.1,,,,,,,,,,,,,,,,,,,,,,,,,,,,,2.4,0.4,0.8,0.8,1.2,1.2,1.6,1.6,1.6,2.0,0.8,2.4,2.4,2.8,2.8,3.2,3.2,3.2,4.0,4.4,4.4,4.8,2.4,1.2,0.0,0.0,0.0,0.0,17.0,0.0,0.0,0.0,2.8,2.8,
2026040613,,,,,,,,,,,,,,,,,,,,,,,,,,,,,,,,,0.0,,,,,,,,,,,,,,,,,,,,,,,,,,,,,,,,,,,,,,,,,,,,,,,,,,,,,,,,,,,,,,,,,,,,,,,,,,,,,,,,,,,,,,,,,,,,,,,,,,,,,,,,,,,,,,,,,,,,,,,,,,,,,,,,,,,,,,,,,,,,,,,,,,,,,,,,,,,,,,,,,,,,,,,,,,,,,,,,,,,,,,,,,,,,,,,,,,,,,,,,,,,,,,,,,,,,,,,,,,,,,,,,,,,,,,,,,,,,,,,,,,,,,,,,,,,,,,,,,,,,,,,,,,,,,,,,,,,,,,,,,,,,,,,,,,,,,,,,,,,,,,,,,,,,,,,,,,,,,,,,,,,,,,,,,,,,,,,,,,,,,,,,,,,,,,,,,,,,,,,,,,,,,,,,,,,,,,,,,,,,,,,,,,,,,,,,,,,,,,,,,,,,,,,,,,,,,,,,,,,,,,,,,,,,,,,,,,,,,,,,,,,,,,,,,,,,,,,,,,,,,,,,,,,,,,,,,,,,,,,,,,,,,,,,,,,,,,,,,,,,,,,,,,,,,,,,,,,,,,,,,,,,,,,,,,,,,,,,,,,,,,,,,,,,,,,,,,,,
2026040614,,,,,,,,,,,,,,,,,,,,,,,,,,,,,,,,,0.0,,,,,,,,,,,,,,,,,,,,,,,,,,,,,,,,,,,,,,,,,,,,,,,,,,,,,,,,,,,,,,,,,,,,,,,,,,,,,,,,,,,,,,,,,,,,,,,,,,,,,,,,,,,,,,,,,,,,,,,,,,,,,,,,,,,,,,,,,,,,,,,,,,,,,,,,,,,,,,,,,,,,,,,,,,,,,,,,,,,,,,,,,,,,,,,,,,,,,,,,,,,,,,,,,,,,,,,,,,,,,,,,,,,,,,,,,,,,,,,,,,,,,,,,,,,,,,,,,,,,,,,,,,,,,,,,,,,,,,,,,,,,,,,,,,,,,,,,,,,,,,,,,,,,,,,,,,,,,,,,,,,,,,,,,,,,,,,,,,,,,,,,,,,,,,,,,,,,,,,,,,,,,,,,,,,,,,,,,,,,,,,,,,,,,,,,,,,,,,,,,,,,,,,,,,,,,,,,,,,,,,,,,,,,,,,,,,,,,,,,,,,,,,,,,,,,,,,,,,,,,,,,,,,,,,,,,,,,,,,,,,,,,,,,,,,,,,,,,,,,,,,,,,,,,,,,,,,,,,,,,,,,,,,,,,,,,,,,,,,,,,,,,,,,,,,,,,,,
2026040615,,,,,,,,,,,,,,,,,,,,,,,,,,,,,,,,,0.0,,,,,,,,,,,,,,,,,,,,,,,,,,,,,,,,,,,,,,,,,,,,,,,,,,,,,,,,,,,,,,,,,,,,,,,,,,,,,,,,,,,,,,,,,,,,,,,,,,,,,,,,,,,,,,,,,,,,,,,,,,,,,,,,,,279.88,,,,,,,,,,,,,,,,,,,,,,,,,,,,,,,,,,,,,,,,,,,,,,,,,,,,,,,,,,,,,,,,,,,,,,,,,,,,,,,,,,,,,,,,,,,0.0,0.0,,,,,,,,,,,22.0,23.0,22.0,24.0,25.0,26.0,27.0,0.0,0.0,0.0,0.0,0.0,24.0,,273.4,1.14,,25.0,0.0,,,,,,,,,,,,,,,,,,,,,,,,,,,,,,,,,,,,,,,,,,,,,,,,,,,,,,9.999e+20,,,,,,,,,,,,,,,,,,,,,,,,,,,,,5.7,2.4,3.2,3.6,3.6,3.6,4.0,4.0,4.0,4.4,2.8,4.4,4.8,5.24441,5.26358,5.69802,6.12637,6.55508,7.80225,10.2621,12.0245,12.6831,5.29266,2.6,6.0,0.0,0.0,0.0,0.0,0.0,0.0,12.0,,9.999e+20,9.999e+20,9.999e+20,9.999e+20,9.999e+20,,,,192.0,,0.0,0.0,0.0,0.0,,57.0,0.9,0.6,0.7,0.5,0.8,1.0,1.3,1.4,2032.0,1936.0,1968.0,1872.0,2032.0,2080.0,2136.0,2160.0,,,48.0,23.0,,,,,,,281.15,1.5,,,,,,,,,,,,,,,,,,,,,,,,,,,,,,,,,,,,,,,,,,,,,,,,,,,,,,,,,,,,,9.999e+20,110.0,2.4,140.0,2.9,,,,,,0.0,,,,,,,160.0,110.0,110.0,110.0,,279.0,,,,,,,,,,,,,,,,,,,,,,,,,,,,,2.4,0.8,1.2,1.2,1.6,1.6,1.6,1.6,2.0,2.0,1.2,2.0,2.0,2.4,2.4,2.4,2.8,2.8,3.6,4.0,4.0,4.4,2.4,1.0,0.0,0.0,0.0,0.0,16.0,0.0,0.0,0.0,2.8,2.8,
2026040616,,,,,,,,,,,,,,,,,,,,,,,,,,,,,,,,,0.0,,,,,,,,,,,,,,,,,,,,,,,,,,,,,,,,,,,,,,,,,,,,,,,,,,,,,,,,,,,,,,,,,,,,,,,,,,,,,,,,,,,,,,,,,,,,,,,,,,,,,,,,,,,,,,,,,,,,,,,,,,,,,,,,,,,,,,,,,,,,,,,,,,,,,,,,,,,,,,,,,,,,,,,,,,,,,,,,,,,,,,,,,,,,,,,,,,,,,,,,,,,,,,,,,,,,,,,,,,,,,,,,,,,,,,,,,,,,,,,,,,,,,,,,,,,,,,,,,,,,,,,,,,,,,,,,,,,,,,,,,,,,,,,,,,,,,,,,,,,,,,,,,,,,,,,,,,,,,,,,,,,,,,,,,,,,,,,,,,,,,,,,,,,,,,,,,,,,,,,,,,,,,,,,,,,,,,,,,,,,,,,,,,,,,,,,,,,,,,,,,,,,,,,,,,,,,,,,,,,,,,,,,,,,,,,,,,,,,,,,,,,,,,,,,,,,,,,,,,,,,,,,,,,,,,,,,,,,,,,,,,,,,,,,,,,,,,,,,,,,,,,,,,,,,,,,,,,,,,,,,,,,,,,,,,,,,,,,,,,,,,,,,,,,,,,,,,,,
2026040617,,,,,,,,,,,,,,,,,,,,,,,,,,,,,,,,,0.0,,,,,,,,,,,,,,,,,,,,,,,,,,,,,,,,,,,,,,,,,,,,,,,,,,,,,,,,,,,,,,,,,,,,,,,,,,,,,,,,,,,,,,,,,,,,,,,,,,,,,,,,,,,,,,,,,,,,,,,,,,,,,,,,,,,,,,,,,,,,,,,,,,,,,,,,,,,,,,,,,,,,,,,,,,,,,,,,,,,,,,,,,,,,,,,,,,,,,,,,,,,,,,,,,,,,,,,,,,,,,,,,,,,,,,,,,,,,,,,,,,,,,,,,,,,,,,,,,,,,,,,,,,,,,,,,,,,,,,,,,,,,,,,,,,,,,,,,,,,,,,,,,,,,,,,,,,,,,,,,,,,,,,,,,,,,,,,,,,,,,,,,,,,,,,,,,,,,,,,,,,,,,,,,,,,,,,,,,,,,,,,,,,,,,,,,,,,,,,,,,,,,,,,,,,,,,,,,,,,,,,,,,,,,,,,,,,,,,,,,,,,,,,,,,,,,,,,,,,,,,,,,,,,,,,,,,,,,,,,,,,,,,,,,,,,,,,,,,,,,,,,,,,,,,,,,,,,,,,,,,,,,,,,,,,,,,,,,,,,,,,,,,,,,,,,,,,,,
2026040618,0.003,0.0,0.0,0.0,0.0,0.0,0.0,0.0,0.0,0.0,0.0,0.0,0.0,0.0,0.0,0.0,0.0,0.0,0.0,0.0,0.0,0.002,1.0,0.0,0.0,0.0,0.0,0.0,0.0,0.0,0.0,0.0,0.0,,,,,,,,,,,,,,,,,,,,,,,,,,,,,,,,,,,,,,,,,,,,,,,,,,,,,,,,,,,,,,,,,,0.0,0.0,0.0,0.0,0.0,0.0,0.0,0.0,0.0,0.0,0.0,0.0,0.0,0.0,0.0,0.0,0.0,0.0,0.0,0.0,0.0,0.0,0.0,0.0,0.0,0.0,0.0,0.0,0.0,0.0,0.0,0.0,,,,,,,,,,,,,,,,,,,,,,,,,,,,,,,,,286.69,,,,,,,,,,,,,,,,,,,0.0,,,,,,,,,,,,,,,,,,0.0,,,,,,,,,,,,,,,,,,0.0,0.0,0.0,0.0,0.0,0.0,0.0,0.0,0.0,0.0,0.0,0.0,0.0,0.0,0.0,0.0,0.0,0.0,0.0,,,,,,,,,,,,,,,,,,8.0,26.0,,,,,,,,,,,23.0,24.0,23.0,25.0,26.0,32.0,32.0,0.0,0.0,0.0,0.0,0.0,25.9,,276.42,1.23,,177.0,0.0,,0.0,,,,,,,,,,,,,,,,,,,,,,,,,0.0,0.0,0.0,0.0,0.0,0.0,0.0,0.0,0.0,0.0,0.0,0.0,0.0,0.0,,,,,,,,,,,,,9.0,9.999e+20,,,,,,,,,,,,,,,,,,,,,,,,,,,,,5.5,2.0,2.8,3.2,4.0,4.0,4.0,4.4,4.4,4.8,2.4,5.2,5.21894,5.25851,5.73628,6.59282,6.70405,7.63779,8.59113,9.38617,10.2089,13.1012,5.50713,2.6,4.0,0.0,0.0,0.0,0.0,0.0,0.0,15.0,3.0,9.999e+20,9.999e+20,9.999e+20,9.999e+20,9.999e+20,,60.0,,1080.0,,0.0,0.0,0.0,0.0,,49.0,1.0,0.7,0.8,0.5,1.0,1.2,1.5,1.8,2040.0,1880.0,2000.0,1832.0,2056.0,2104.0,2152.0,2184.0,,,42.0,22.0,,,,,,1.43104,287.02,1.51,,,,,,,,,,,,,,,,,,,,,,,,,,,,,,,279.074,275.51,277.311,277.498,277.596,278.018,278.572,278.909,279.085,279.085,276.519,279.308,279.408,279.618,279.488,279.815,279.758,280.148,280.094,280.468,280.645,281.429,0.0,0.0,0.0,0.0,0.0,0.0,0.0,0.0,9.999e+20,200.0,2.0,230.0,5.2,,0.0,,,0.0,0.0,,,,,,,4684.0,200.0,200.0,200.0,,284.7,,,,,,,,,,,,,,,,,,,,,,,,,,,,,2.0,0.0,0.8,0.8,1.2,1.2,1.6,1.6,1.6,1.6,0.8,2.0,2.0,2.0,2.4,2.4,2.4,2.8,3.2,3.2,3.6,5.2,2.0,1.0,0.0,0.0,0.0,0.0,7.0,0.0,0.0,0.0,2.4,2.4,
2026040619,,,,,,,,,,,,,,,,,,,,,,,,,,,,,,,,,0.0,,,,,,,,,,,,,,,,,,,,,,,,,,,,,,,,,,,,,,,,,,,,,,,,,,,,,,,,,,,,,,,,,,,,,,,,,,,,,,,,,,,,,,,,,,,,,,,,,,,,,,,,,,,,,,,,,,,,,,,,,,,,,,,,,,,,,,,,,,,,,,,,,,,,,,,,,,,,,,,,,,,,,,,,,,,,,,,,,,,,,,,,,,,,,,,,,,,,,,,,,,,,,,,,,,,,,,,,,,,,,,,,,,,,,,,,,,,,,,,,,,,,,,,,,,,,,,,,,,,,,,,,,,,,,,,,,,,,,,,,,,,,,,,,,,,,,,,,,,,,,,,,,,,,,,,,,,,,,,,,,,,,,,,,,,,,,,,,,,,,,,,,,,,,,,,,,,,,,,,,,,,,,,,,,,,,,,,,,,,,,,,,,,,,,,,,,,,,,,,,,,,,,,,,,,,,,,,,,,,,,,,,,,,,,,,,,,,,,,,,,,,,,,,,,,,,,,,,,,,,,,,,,,,,,,,,,,,,,,,,,,,,,,,,,,,,,,,,,,,,,,,,,,,,,,,,,,,,,,,,,,,,,,,,,,,,,,,,,,,,,,,,,,,,,,,,,,,,
2026040620,,,,,,,,,,,,,,,,,,,,,,,,,,,,,,,,,0.0,,,,,,,,,,,,,,,,,,,,,,,,,,,,,,,,,,,,,,,,,,,,,,,,,,,,,,,,,,,,,,,,,,,,,,,,,,,,,,,,,,,,,,,,,,,,,,,,,,,,,,,,,,,,,,,,,,,,,,,,,,,,,,,,,,,,,,,,,,,,,,,,,,,,,,,,,,,,,,,,,,,,,,,,,,,,,,,,,,,,,,,,,,,,,,,,,,,,,,,,,,,,,,,,,,,,,,,,,,,,,,,,,,,,,,,,,,,,,,,,,,,,,,,,,,,,,,,,,,,,,,,,,,,,,,,,,,,,,,,,,,,,,,,,,,,,,,,,,,,,,,,,,,,,,,,,,,,,,,,,,,,,,,,,,,,,,,,,,,,,,,,,,,,,,,,,,,,,,,,,,,,,,,,,,,,,,,,,,,,,,,,,,,,,,,,,,,,,,,,,,,,,,,,,,,,,,,,,,,,,,,,,,,,,,,,,,,,,,,,,,,,,,,,,,,,,,,,,,,,,,,,,,,,,,,,,,,,,,,,,,,,,,,,,,,,,,,,,,,,,,,,,,,,,,,,,,,,,,,,,,,,,,,,,,,,,,,,,,,,,,,,,,,,,,,,,,,,,
2026040621,,,,,,,,,,,,,,,,,,,,,,,,,,,,,,,,,0.0,,,,,,,,,,,,,,,,,,,,,,,,,,,,,,,,,,,,,,,,,,,,,,,,,,,,,,,,,,,,,,,,,,,,,,,,,,,,,,,,,,,,,,,,,,,,,,,,,,,,,,,,,,,,,,,,,,,,,,,,,,,,,,,,,,288.44,,,,,,,,,,,,,,,,,,,,,,,,,,,,,,,,,,,,,,,,,,,,,,,,,,,,,,,,,,,,,,,,,,,,,,,,,,,,,,,,,,,,,,,,,,,54.0,111.0,,,,,,,,,,,27.0,27.0,27.0,28.0,31.0,35.0,36.0,0.0,0.0,0.0,0.0,0.0,29.8,,277.08,1.5,,642.0,0.0,,,,,,,,,,,,,,,,,,,,,,,,,,,,,,,,,,,,,,,,,,,,,,,,,,,,,,9.999e+20,,,,,,,,,,,,,,,,,,,,,,,,,,,,,8.5,2.8,4.4,5.36766,5.97567,6.48598,7.00711,7.04394,7.54472,7.73353,4.0,8.25777,8.72786,9.17308,9.76215,10.2808,10.4565,10.9937,11.6438,12.1786,13.4405,16.9391,8.49434,3.0,18.0,3.0,1.0,0.0,0.0,0.0,0.0,43.0,,9.999e+20,9.999e+20,9.999e+20,9.999e+20,9.999e+20,,,,1568.0,,6.0,0.0,0.0,0.0,,47.0,1.1,0.6,0.8,0.5,1.1,1.2,1.9,2.2,2080.0,1864.0,1984.0,1792.0,2128.0,2176.0,2208.0,2240.0,,,56.0,19.0,,,,,,,288.38,2.04,,,,,,,,,,,,,,,,,,,,,,,,,,,,,,,,,,,,,,,,,,,,,,,,,,,,,,,,,,,,,9.999e+20,230.0,3.4,220.0,7.1,,,,,,2.0,,,,,,,10122.0,230.0,230.0,230.0,,285.9,,,,,,,,,,,,,,,,,,,,,,,,,,,,,3.4,0.8,1.6,1.6,2.0,2.4,2.8,2.8,3.2,3.2,1.2,3.6,3.6,4.0,4.0,4.0,4.4,4.4,4.8,4.90018,5.38466,6.76421,3.3552,1.4,0.0,0.0,0.0,0.0,45.0,0.0,5.0,0.0,3.8,4.3,
2026040622,,,,,,,,,,,,,,,,,,,,,,,,,,,,,,,,,0.0,,,,,,,,,,,,,,,,,,,,,,,,,,,,,,,,,,,,,,,,,,,,,,,,,,,,,,,,,,,,,,,,,,,,,,,,,,,,,,,,,,,,,,,,,,,,,,,,,,,,,,,,,,,,,,,,,,,,,,,,,,,,,,,,,,,,,,,,,,,,,,,,,,,,,,,,,,,,,,,,,,,,,,,,,,,,,,,,,,,,,,,,,,,,,,,,,,,,,,,,,,,,,,,,,,,,,,,,,,,,,,,,,,,,,,,,,,,,,,,,,,,,,,,,,,,,,,,,,,,,,,,,,,,,,,,,,,,,,,,,,,,,,,,,,,,,,,,,,,,,,,,,,,,,,,,,,,,,,,,,,,,,,,,,,,,,,,,,,,,,,,,,,,,,,,,,,,,,,,,,,,,,,,,,,,,,,,,,,,,,,,,,,,,,,,,,,,,,,,,,,,,,,,,,,,,,,,,,,,,,,,,,,,,,,,,,,,,,,,,,,,,,,,,,,,,,,,,,,,,,,,,,,,,,,,,,,,,,,,,,,,,,,,,,,,,,,,,,,,,,,,,,,,,,,,,,,,,,,,,,,,,,,,,,,,,,,,,,,,,,,,,,,,,,,,,,,,,,
2026040623,,,,,,,,,,,,,,,,,,,,,,,,,,,,,,,,,0.0,,,,,,,,,,,,,,,,,,,,,,,,,,,,,,,,,,,,,,,,,,,,,,,,,,,,,,,,,,,,,,,,,,,,,,,,,,,,,,,,,,,,,,,,,,,,,,,,,,,,,,,,,,,,,,,,,,,,,,,,,,,,,,,,,,,,,,,,,,,,,,,,,,,,,,,,,,,,,,,,,,,,,,,,,,,,,,,,,,,,,,,,,,,,,,,,,,,,,,,,,,,,,,,,,,,,,,,,,,,,,,,,,,,,,,,,,,,,,,,,,,,,,,,,,,,,,,,,,,,,,,,,,,,,,,,,,,,,,,,,,,,,,,,,,,,,,,,,,,,,,,,,,,,,,,,,,,,,,,,,,,,,,,,,,,,,,,,,,,,,,,,,,,,,,,,,,,,,,,,,,,,,,,,,,,,,,,,,,,,,,,,,,,,,,,,,,,,,,,,,,,,,,,,,,,,,,,,,,,,,,,,,,,,,,,,,,,,,,,,,,,,,,,,,,,,,,,,,,,,,,,,,,,,,,,,,,,,,,,,,,,,,,,,,,,,,,,,,,,,,,,,,,,,,,,,,,,,,,,,,,,,,,,,,,,,,,,,,,,,,,,,,,,,,,,,,,,,,
2026040700,0.039,0.0,0.0,0.0,0.0,0.0,0.0,0.0,0.0,0.0,0.0,0.0,0.0,0.0,0.0,0.0,0.0,0.0,0.0,0.0,0.0,1.31,3.0,0.0,0.0,0.0,0.0,1.0,0.0,0.0,0.0,0.0,0.0,,0.055,0.0,0.0,0.0,0.0,0.0,0.0,0.0,0.0,0.0,0.0,0.0,0.0,0.0,0.0,0.0,0.0,0.0,0.0,0.0,0.049,1.57,4.0,0.0,0.0,0.0,0.0,0.0,0.0,0.0,0.0,0.0,,,,,,,,,,,,,,,,,,,,,,,,,,,,,,,,,0.0,0.0,0.0,0.0,0.0,0.0,0.0,0.0,0.0,0.0,0.0,0.0,0.0,0.0,0.0,0.0,0.0,0.0,0.0,0.0,0.0,1.647,3.0,0.0,0.0,1.0,0.0,0.0,0.0,0.0,0.0,0.0,,,,,,,,,,,,,,,,,,,,,,,,,,,,,,,,,286.84,,,,,,,,,,,,,,,,,,,0.0,0.0,0.0,0.0,0.0,0.0,0.0,0.0,0.0,0.0,0.0,0.0,0.0,0.0,0.0,0.0,0.0,0.0,0.0,0.0,0.0,0.0,0.0,0.0,0.0,0.0,0.0,0.0,0.0,0.0,0.0,0.0,0.0,0.0,0.0,0.0,0.0,0.0,0.0,0.0,0.0,0.0,0.0,0.0,0.0,0.0,0.0,0.0,0.0,0.0,0.0,0.0,0.0,0.0,0.0,0.0,0.0,0.0,0.0,0.0,0.0,0.0,1.0,0.0,0.0,0.0,0.0,0.0,0.0,0.0,0.0,0.0,87.0,83.0,,,,,,,,,,,22.0,29.0,22.0,31.0,33.0,37.0,37.0,0.0,0.0,0.0,0.0,0.0,31.3,,277.85,1.45,,606.0,0.0,,0.0,0.0,0.0,0.0,0.0,0.0,0.0,0.0,0.0,0.0,0.0,0.0,0.0,0.0,0.0,0.0,0.0,0.0,0.0,0.0,0.0,0.0,0.0,0.0,0.0,0.0,0.0,0.0,0.0,0.0,0.0,0.0,0.0,0.0,0.0,0.0,0.0,0.0,0.0,0.0,0.0,0.0,0.0,0.0,0.0,0.0,0.0,0.0,0.0,0.0,0.0,15.0,9.999e+20,,,,,,,,,,,,,,,,,,,,,,,,,,,,,9.4,2.4,4.8,6.0,6.4,6.8,7.24905,7.7227,8.21018,8.66823,3.6,9.14143,9.22379,9.72237,10.6261,11.1355,12.0431,12.9991,13.6197,14.7916,16.3944,18.602,9.43151,3.82,30.0,9.0,3.0,0.0,0.0,0.0,0.0,55.0,2.0,9.999e+20,9.999e+20,9.999e+20,9.999e+20,9.999e+20,,,,1272.0,0.0,9.6,0.0,0.0,0.0,,54.0,1.3,0.6,0.8,0.5,1.2,1.5,2.5,3.1,2064.0,1744.0,1896.0,1688.0,2112.0,2208.0,2264.0,2296.0,,,46.0,24.0,,288.89,1.95,,,,287.09,1.83,,,,,,,,,,,,,,,,,,,,,,,,,,,,,,,,,,,,,,,,,,,,,,,,,,,,,,,,,,,,,9.999e+20,240.0,3.6,220.0,6.9,0.0,6.0,,,6.0,2.0,,,,,,,7804.0,240.0,240.0,240.0,,284.2,,,,,,,,,,,,,,,,,,,,,,,,,,,,,3.6,0.4,1.6,2.0,2.4,2.8,2.8,3.2,3.2,3.6,0.8,3.6,3.6,4.0,4.4,4.4,4.8,4.8,5.2,5.6,6.4,6.8,3.61852,1.6,0.0,0.0,0.0,0.0,50.0,0.0,8.0,0.0,4.0,4.4,
2026040701,,,,,,,,,,,,,,,,,,,,,,,,,,,,,,,,,0.0,,,,,,,,,,,,,,,,,,,,,,,,,,,,,,,,,,,,,,,,,,,,,,,,,,,,,,,,,,,,,,,,,,,,,,,,,,,,,,,,,,,,,,,,,,,,,,,,,,,,,,,,,,,,,,,,,,,,,,,,,,,,,,,,,,,,,,,,,,,,,,,,,,,,,,,,,,,,,,,,,,,,,,,,,,,,,,,,,,,,,,,,,,,,,,,,,,,,,,,,,,,,,,,,,,,,,,,,,,,,,,,,,,,,,,,,,,,,,,,,,,,,,,,,,,,,,,,,,,,,,,,,,,,,,,,,,,,,,,,,,,,,,,,,,,,,,,,,,,,,,,,,,,,,,,,,,,,,,,,,,,,,,,,,,,,,,,,,,,,,,,,,,,,,,,,,,,,,,,,,,,,,,,,,,,,,,,,,,,,,,,,,,,,,,,,,,,,,,,,,,,,,,,,,,,,,,,,,,,,,,,,,,,,,,,,,,,,,,,,,,,,,,,,,,,,,,,,,,,,,,,,,,,,,,,,,,,,,,,,,,,,,,,,,,,,,,,,,,,,,,,,,,,,,,,,,,,,,,,,,,,,,,,,,,,,,,,,,,,,,,,,,,,,,,,,,,,,,
2026040702,,,,,,,,,,,,,,,,,,,,,,,,,,,,,,,,,0.0,,,,,,,,,,,,,,,,,,,,,,,,,,,,,,,,,,,,,,,,,,,,,,,,,,,,,,,,,,,,,,,,,,,,,,,,,,,,,,,,,,,,,,,,,,,,,,,,,,,,,,,,,,,,,,,,,,,,,,,,,,,,,,,,,,,,,,,,,,,,,,,,,,,,,,,,,,,,,,,,,,,,,,,,,,,,,,,,,,,,,,,,,,,,,,,,,,,,,,,,,,,,,,,,,,,,,,,,,,,,,,,,,,,,,,,,,,,,,,,,,,,,,,,,,,,,,,,,,,,,,,,,,,,,,,,,,,,,,,,,,,,,,,,,,,,,,,,,,,,,,,,,,,,,,,,,,,,,,,,,,,,,,,,,,,,,,,,,,,,,,,,,,,,,,,,,,,,,,,,,,,,,,,,,,,,,,,,,,,,,,,,,,,,,,,,,,,,,,,,,,,,,,,,,,,,,,,,,,,,,,,,,,,,,,,,,,,,,,,,,,,,,,,,,,,,,,,,,,,,,,,,,,,,,,,,,,,,,,,,,,,,,,,,,,,,,,,,,,,,,,,,,,,,,,,,,,,,,,,,,,,,,,,,,,,,,,,,,,,,,,,,,,,,,,,,,,,,,
2026040703,,,,,,,,,,,,,,,,,,,,,,,,,,,,,,,,,0.0,,,,,,,,,,,,,,,,,,,,,,,,,,,,,,,,,,,,,,,,,,,,,,,,,,,,,,,,,,,,,,,,,,,,,,,,,,,,,,,,,,,,,,,,,,,,,,,,,,,,,,,,,,,,,,,,,,,,,,,,,,,,,,,,,,281.46,,,,,,,,,,,,,,,,,,,,,,,,,,,,,,,,,,,,,,,,,,,,,,,,,,,,,,,,,,,,,,,,,,,,,,,,,,,,,,,,,,,,,,,,,,,25.0,22.0,,,,,,,,,,,23.0,28.0,23.0,29.0,31.0,32.0,32.0,0.0,0.0,0.0,0.0,0.0,29.2,,276.68,1.33,,172.0,0.0,,,,,,,,,,,,,,,,,,,,,,,,,,,,,,,,,,,,,,,,,,,,,,,,,,,,,,9.999e+20,,,,,,,,,,,,,,,,,,,,,,,,,,,,,7.2,2.0,3.2,3.6,4.0,4.4,4.8,4.8,5.6,5.6,2.8,6.44716,6.93571,6.99099,7.8551,8.74341,9.26381,10.2162,11.2457,12.2083,13.9233,16.4584,7.17181,3.62,14.0,3.0,1.0,0.0,0.0,0.0,0.0,31.0,,9.999e+20,9.999e+20,9.999e+20,9.999e+20,9.999e+20,,,,272.0,,10.8,0.0,1.2,0.0,,67.0,1.8,0.7,1.0,0.5,1.4,2.3,3.8,4.7,1960.0,1576.0,1792.0,1408.0,2008.0,2160.0,2232.0,2248.0,,,30.0,28.0,,,,,,,282.86,1.89,,,,,,,,,,,,,,,,,,,,,,,,,,,,,,,,,,,,,,,,,,,,,,,,,,,,,,,,,,,,,9.999e+20,220.0,2.8,210.0,4.1,,,,,,0.0,,,,,,,540.0,220.0,220.0,220.0,,280.7,,,,,,,,,,,,,,,,,,,,,,,,,,,,,2.8,0.4,1.2,1.6,1.6,1.6,2.0,2.0,2.0,2.4,0.8,2.4,2.8,2.8,3.2,3.2,3.6,4.0,4.0,4.4,5.2,6.4,2.8,1.4,0.0,0.0,0.0,0.0,24.0,0.0,4.0,0.0,3.2,3.6,
2026040704,,,,,,,,,,,,,,,,,,,,,,,,,,,,,,,,,0.0,,,,,,,,,,,,,,,,,,,,,,,,,,,,,,,,,,,,,,,,,,,,,,,,,,,,,,,,,,,,,,,,,,,,,,,,,,,,,,,,,,,,,,,,,,,,,,,,,,,,,,,,,,,,,,,,,,,,,,,,,,,,,,,,,,,,,,,,,,,,,,,,,,,,,,,,,,,,,,,,,,,,,,,,,,,,,,,,,,,,,,,,,,,,,,,,,,,,,,,,,,,,,,,,,,,,,,,,,,,,,,,,,,,,,,,,,,,,,,,,,,,,,,,,,,,,,,,,,,,,,,,,,,,,,,,,,,,,,,,,,,,,,,,,,,,,,,,,,,,,,,,,,,,,,,,,,,,,,,,,,,,,,,,,,,,,,,,,,,,,,,,,,,,,,,,,,,,,,,,,,,,,,,,,,,,,,,,,,,,,,,,,,,,,,,,,,,,,,,,,,,,,,,,,,,,,,,,,,,,,,,,,,,,,,,,,,,,,,,,,,,,,,,,,,,,,,,,,,,,,,,,,,,,,,,,,,,,,,,,,,,,,,,,,,,,,,,,,,,,,,,,,,,,,,,,,,,,,,,,,,,,,,,,,,,,,,,,,,,,,,,,,,,,,,,,,,,,,
2026040705,,,,,,,,,,,,,,,,,,,,,,,,,,,,,,,,,0.0,,,,,,,,,,,,,,,,,,,,,,,,,,,,,,,,,,,,,,,,,,,,,,,,,,,,,,,,,,,,,,,,,,,,,,,,,,,,,,,,,,,,,,,,,,,,,,,,,,,,,,,,,,,,,,,,,,,,,,,,,,,,,,,,,,,,,,,,,,,,,,,,,,,,,,,,,,,,,,,,,,,,,,,,,,,,,,,,,,,,,,,,,,,,,,,,,,,,,,,,,,,,,,,,,,,,,,,,,,,,,,,,,,,,,,,,,,,,,,,,,,,,,,,,,,,,,,,,,,,,,,,,,,,,,,,,,,,,,,,,,,,,,,,,,,,,,,,,,,,,,,,,,,,,,,,,,,,,,,,,,,,,,,,,,,,,,,,,,,,,,,,,,,,,,,,,,,,,,,,,,,,,,,,,,,,,,,,,,,,,,,,,,,,,,,,,,,,,,,,,,,,,,,,,,,,,,,,,,,,,,,,,,,,,,,,,,,,,,,,,,,,,,,,,,,,,,,,,,,,,,,,,,,,,,,,,,,,,,,,,,,,,,,,,,,,,,,,,,,,,,,,,,,,,,,,,,,,,,,,,,,,,,,,,,,,,,,,,,,,,,,,,,,,,,,,,,,,,
2026040706,0.213,0.0,0.0,0.0,0.0,0.0,0.0,0.0,0.0,0.0,0.0,0.0,0.0,0.0,0.0,0.0,0.0,0.0,0.0,0.038,1.109,5.061,9.0,0.0,0.0,0.0,0.0,2.0,0.0,0.0,1.0,0.0,0.0,,,,,,,,,,,,,,,,,,,,,,,,,,,,,,,,,,,,,,,,,,,,,,,,,,,,,,,,,,,,,,,,,,0.0,0.0,0.0,0.0,0.0,0.0,0.0,0.0,0.0,0.0,0.0,0.0,0.0,0.0,0.0,0.0,0.0,0.0,0.0,0.076,0.619,3.663,8.0,0.0,0.0,2.0,0.0,0.0,0.0,0.0,0.0,0.0,,,,,,,,,,,,,,,,,,,,,,,,,,,,,,,,,278.4,,,,,,,,,,,,,,,,,,,0.0,,,,,,,,,,,,,,,,,,0.0,,,,,,,,,,,,,,,,,,0.0,0.0,0.0,0.0,0.0,0.0,0.0,0.0,0.0,0.0,0.0,0.0,0.0,0.0,0.0,0.0,0.0,0.0,0.0,,,,,,,,,,,,,,,,,,12.0,10.0,,,,,,,,,,,21.0,26.0,21.0,27.0,30.0,32.0,32.0,0.0,0.0,0.0,0.0,0.0,28.0,,274.78,1.48,,86.0,2.0,,0.0,,,,,,,,,,,,,,,,,,,,,,,,,0.0,0.0,0.0,0.0,0.0,0.0,0.0,0.0,0.0,0.0,0.0,0.0,0.0,0.0,,,,,,,,,,,,,14.2,9.999e+20,13.3821,8.24581,10.4513,10.5753,11.1689,11.2899,11.5643,12.0891,12.2349,12.2895,9.38583,12.4202,12.5975,13.52,13.9964,14.1319,15.4635,15.5707,16.5282,17.1334,19.0073,20.7835,77.0,8.0,1.0,0.0,0.0,0.0,6.6,2.0,3.2,3.6,4.0,4.0,4.4,4.8,5.2,5.6,3.2,5.6,6.42121,6.85466,6.91572,7.75037,8.5764,8.66092,10.3415,11.3572,11.9877,16.4427,6.57408,3.22,10.0,2.0,1.0,0.0,0.0,0.0,0.0,22.0,2.0,9.999e+20,9.999e+20,9.999e+20,9.999e+20,9.999e+20,,,47.0,264.0,,10.8,0.0,1.2,0.0,,68.0,2.6,0.9,1.2,0.7,1.8,3.3,5.9,6.9,1808.0,1192.0,1584.0,1112.0,1872.0,2096.0,2168.0,2208.0,,,34.0,25.0,,,,,,2.20112,280.03,2.04,289.709,285.021,286.788,287.372,288.028,288.144,288.312,288.955,289.233,289.277,286.145,289.733,289.797,290.361,290.82,290.798,291.029,291.717,291.652,292.267,292.688,293.358,0.0,0.0,0.0,0.0,0.0,0.0,0.0,0.0,,,,,,,,,,,,,,,,,,,,,,,,,,,,,,,9.999e+20,210.0,2.8,210.0,4.2,,9.0,,,7.0,2.0,,,,,,,524.0,210.0,210.0,210.0,,278.5,5.91904,3.6,4.8,4.8,4.8,4.8,5.2,5.2,5.2,5.2,4.4,5.6,6.0,5.92481,6.36594,6.45029,6.50794,6.98266,7.09269,7.14922,7.64982,8.18951,0.0,0.0,0.0,0.0,52.0,0.0,2.8,0.8,1.2,1.6,1.6,1.6,2.0,2.0,2.0,2.0,1.2,2.4,2.4,2.8,2.8,3.2,3.2,4.0,4.4,4.4,5.2,6.0,2.80183,1.32,0.0,0.0,0.0,0.0,22.0,0.0,3.0,0.0,3.2,3.6,
2026040707,,,,,,,,,,,,,,,,,,,,,,,,,,,,,,,,,0.0,,,,,,,,,,,,,,,,,,,,,,,,,,,,,,,,,,,,,,,,,,,,,,,,,,,,,,,,,,,,,,,,,,,,,,,,,,,,,,,,,,,,,,,,,,,,,,,,,,,,,,,,,,,,,,,,,,,,,,,,,,,,,,,,,,,,,,,,,,,,,,,,,,,,,,,,,,,,,,,,,,,,,,,,,,,,,,,,,,,,,,,,,,,,,,,,,,,,,,,,,,,,,,,,,,,,,,,,,,,,,,,,,,,,,,,,,,,,,,,,,,,,,,,,,,,,,,,,,,,,,,,,,,,,,,,,,,,,,,,,,,,,,,,,,,,,,,,,,,,,,,,,,,,,,,,,,,,,,,,,,,,,,,,,,,,,,,,,,,,,,,,,,,,,,,,,,,,,,,,,,,,,,,,,,,,,,,,,,,,,,,,,,,,,,,,,,,,,,,,,,,,,,,,,,,,,,,,,,,,,,,,,,,,,,,,,,,,,,,,,,,,,,,,,,,,,,,,,,,,,,,,,,,,,,,,,,,,,,,,,,,,,,,,,,,,,,,,,,,,,,,,,,,,,,,,,,,,,,,,,,,,,,,,,,,,,,,,,,,,,,,,,,,,,,,,,,,,,
2026040708,,,,,,,,,,,,,,,,,,,,,,,,,,,,,,,,,0.0,,,,,,,,,,,,,,,,,,,,,,,,,,,,,,,,,,,,,,,,,,,,,,,,,,,,,,,,,,,,,,,,,,,,,,,,,,,,,,,,,,,,,,,,,,,,,,,,,,,,,,,,,,,,,,,,,,,,,,,,,,,,,,,,,,,,,,,,,,,,,,,,,,,,,,,,,,,,,,,,,,,,,,,,,,,,,,,,,,,,,,,,,,,,,,,,,,,,,,,,,,,,,,,,,,,,,,,,,,,,,,,,,,,,,,,,,,,,,,,,,,,,,,,,,,,,,,,,,,,,,,,,,,,,,,,,,,,,,,,,,,,,,,,,,,,,,,,,,,,,,,,,,,,,,,,,,,,,,,,,,,,,,,,,,,,,,,,,,,,,,,,,,,,,,,,,,,,,,,,,,,,,,,,,,,,,,,,,,,,,,,,,,,,,,,,,,,,,,,,,,,,,,,,,,,,,,,,,,,,,,,,,,,,,,,,,,,,,,,,,,,,,,,,,,,,,,,,,,,,,,,,,,,,,,,,,,,,,,,,,,,,,,,,,,,,,,,,,,,,,,,,,,,,,,,,,,,,,,,,,,,,,,,,,,,,,,,,,,,,,,,,,,,,,,,,,,,,,
2026040709,,,,,,,,,,,,,,,,,,,,,,,,,,,,,,,,,0.0,,,,,,,,,,,,,,,,,,,,,,,,,,,,,,,,,,,,,,,,,,,,,,,,,,,,,,,,,,,,,,,,,,,,,,,,,,,,,,,,,,,,,,,,,,,,,,,,,,,,,,,,,,,,,,,,,,,,,,,,,,,,,,,,,,277.01,,,,,,,,,,,,,,,,,,,,,,,,,,,,,,,,,,,,,,,,,,,,,,,,,,,,,,,,,,,,,,,,,,,,,,,,,,,,,,,,,,,,,,,,,,,2.0,5.0,,,,,,,,,,,19.0,23.0,18.0,27.0,29.0,31.0,31.0,0.0,0.0,0.0,0.0,0.0,26.5,,274.12,1.81,,0.0,2.0,,,,,,,,,,,,,,,,,,,,,,,,,,,,,,,,,,,,,,,,,,,,,,,,,,,,,,9.999e+20,,,,,,,,,,,,,,,,,,,,,,,,,,,,,6.5,2.0,3.6,4.0,4.0,4.4,4.8,4.8,5.2,5.6,2.8,6.0,6.0,6.4,7.2,8.0512,8.5139,8.56503,9.44211,10.7457,11.6914,16.6302,6.52258,3.12,7.0,2.0,1.0,0.0,0.0,0.0,0.0,20.0,,9.999e+20,9.999e+20,9.999e+20,9.999e+20,9.999e+20,,,,264.0,,3.6,0.0,2.4,0.0,,70.0,3.9,1.2,1.6,0.9,2.7,5.4,9.8,10.4,1584.0,920.0,1240.0,768.0,1656.0,1976.0,2112.0,2152.0,,,53.0,30.0,,,,,,,278.89,2.33,,,,,,,,,,,,,,,,,,,,,,,,,,,,,,,,,,,,,,,,,,,,,,,,,,,,,,,,,,,,,9.999e+20,210.0,2.8,200.0,5.3,,,,,,3.0,,,,,,,636.0,210.0,210.0,210.0,,277.4,,,,,,,,,,,,,,,,,,,,,,,,,,,,,2.8,0.8,1.2,1.6,1.6,1.6,2.0,2.0,2.4,2.4,1.2,2.4,2.4,2.8,2.8,3.2,3.2,3.6,4.0,4.0,4.8,6.4,2.8,1.2,0.0,0.0,0.0,0.0,19.0,0.0,2.0,0.0,2.8,3.2,
2026040710,,,,,,,,,,,,,,,,,,,,,,,,,,,,,,,,,0.0,,,,,,,,,,,,,,,,,,,,,,,,,,,,,,,,,,,,,,,,,,,,,,,,,,,,,,,,,,,,,,,,,,,,,,,,,,,,,,,,,,,,,,,,,,,,,,,,,,,,,,,,,,,,,,,,,,,,,,,,,,,,,,,,,,,,,,,,,,,,,,,,,,,,,,,,,,,,,,,,,,,,,,,,,,,,,,,,,,,,,,,,,,,,,,,,,,,,,,,,,,,,,,,,,,,,,,,,,,,,,,,,,,,,,,,,,,,,,,,,,,,,,,,,,,,,,,,,,,,,,,,,,,,,,,,,,,,,,,,,,,,,,,,,,,,,,,,,,,,,,,,,,,,,,,,,,,,,,,,,,,,,,,,,,,,,,,,,,,,,,,,,,,,,,,,,,,,,,,,,,,,,,,,,,,,,,,,,,,,,,,,,,,,,,,,,,,,,,,,,,,,,,,,,,,,,,,,,,,,,,,,,,,,,,,,,,,,,,,,,,,,,,,,,,,,,,,,,,,,,,,,,,,,,,,,,,,,,,,,,,,,,,,,,,,,,,,,,,,,,,,,,,,,,,,,,,,,,,,,,,,,,,,,,,,,,,,,,,,,,,,,,,,,,,,,,,,,,
2026040711,,,,,,,,,,,,,,,,,,,,,,,,,,,,,,,,,0.0,,,,,,,,,,,,,,,,,,,,,,,,,,,,,,,,,,,,,,,,,,,,,,,,,,,,,,,,,,,,,,,,,,,,,,,,,,,,,,,,,,,,,,,,,,,,,,,,,,,,,,,,,,,,,,,,,,,,,,,,,,,,,,,,,,,,,,,,,,,,,,,,,,,,,,,,,,,,,,,,,,,,,,,,,,,,,,,,,,,,,,,,,,,,,,,,,,,,,,,,,,,,,,,,,,,,,,,,,,,,,,,,,,,,,,,,,,,,,,,,,,,,,,,,,,,,,,,,,,,,,,,,,,,,,,,,,,,,,,,,,,,,,,,,,,,,,,,,,,,,,,,,,,,,,,,,,,,,,,,,,,,,,,,,,,,,,,,,,,,,,,,,,,,,,,,,,,,,,,,,,,,,,,,,,,,,,,,,,,,,,,,,,,,,,,,,,,,,,,,,,,,,,,,,,,,,,,,,,,,,,,,,,,,,,,,,,,,,,,,,,,,,,,,,,,,,,,,,,,,,,,,,,,,,,,,,,,,,,,,,,,,,,,,,,,,,,,,,,,,,,,,,,,,,,,,,,,,,,,,,,,,,,,,,,,,,,,,,,,,,,,,,,,,,,,,,,,,,
2026040712,0.348,0.0,0.0,0.0,0.0,0.0,0.0,0.0,0.0,0.0,0.0,0.0,0.0,0.0,0.0,0.0,0.05,0.232,0.488,0.85,1.746,5.561,20.0,0.0,0.0,0.0,0.0,4.0,0.0,0.0,1.0,0.0,0.0,,0.492,0.0,0.0,0.0,0.0,0.0,0.0,0.0,0.0,0.0,0.0,0.0,0.0,0.0,0.0,0.0,0.006,0.14,0.47,1.003,2.515,8.6,18.0,0.0,1.0,0.0,0.0,0.0,0.0,0.0,2.0,0.0,0.489,0.0,0.0,0.0,0.0,0.0,0.0,0.0,0.0,0.0,0.0,0.0,0.0,0.0,0.0,0.0,0.009,0.174,0.573,1.083,2.324,8.256,1.0,0.0,5.0,0.0,0.0,0.0,0.0,0.0,0.0,0.0,0.0,0.0,0.0,0.0,0.0,0.0,0.0,0.0,0.0,0.0,0.0,0.0,0.0,0.0,0.0,0.0,0.0,0.0,0.042,0.312,0.989,3.909,11.0,0.0,0.0,2.0,0.0,0.0,0.0,0.0,0.0,0.0,0.417,0.0,0.0,0.0,0.0,0.0,0.0,0.0,0.0,0.0,0.0,0.0,0.0,0.0,0.0,0.0,0.0,0.009,0.271,0.777,1.952,7.71,0.0,0.0,0.0,0.0,0.0,0.0,0.0,2.0,0.0,0.0,275.15,,,,,,,,,,,,,,,,,,,0.0,0.0,0.0,0.0,0.0,0.0,0.0,0.0,2.0,1.0,0.0,0.0,0.0,0.0,0.0,0.0,0.0,0.0,0.0,0.0,0.0,0.0,0.0,0.0,0.0,0.0,1.0,0.0,0.0,0.0,0.0,0.0,0.0,0.0,0.0,0.0,0.0,0.0,0.0,0.0,0.0,0.0,0.0,0.0,2.0,1.0,0.0,0.0,0.0,0.0,0.0,0.0,0.0,0.0,0.0,0.0,0.0,0.0,0.0,0.0,0.0,0.0,1.0,0.0,0.0,0.0,0.0,0.0,0.0,0.0,0.0,0.0,3.0,4.0,,,,,,,,,,,17.0,20.0,17.0,25.0,26.0,29.0,29.0,0.0,0.0,0.0,0.0,0.0,23.6,,272.56,2.33,,0.0,1.0,,0.0,0.0,0.0,0.0,0.0,0.0,0.0,0.0,0.0,0.0,0.0,0.0,0.0,0.0,0.0,0.0,0.0,0.0,0.0,0.0,0.0,0.0,0.0,0.0,0.0,0.0,0.0,0.0,0.0,0.0,0.0,0.0,0.0,0.0,0.0,0.0,0.0,0.0,0.0,0.0,0.0,0.0,0.0,0.0,0.0,0.0,0.0,0.0,0.0,0.0,0.0,9.2,9.999e+20,,,,,,,,,,,,,,,,,,,,,,,,,,,,,6.0,1.6,3.2,3.2,3.6,4.0,4.4,4.4,4.8,5.2,2.8,5.6,5.6,6.0,6.4,6.8,7.6,8.0086,9.22927,9.74666,11.4274,14.9476,6.04174,2.9,5.0,1.0,0.0,0.0,0.0,0.0,0.0,18.0,3.0,9.999e+20,9.999e+20,9.999e+20,9.999e+20,9.999e+20,,,,264.0,0.0,3.6,0.0,2.4,0.0,,71.0,5.4,1.4,2.2,1.1,4.0,8.1,12.8,13.6,1352.0,576.0,912.0,520.0,1376.0,1816.0,1952.0,2064.0,,,55.0,28.0,,,,275.09,2.6,,277.23,2.32,,,,,,,,,,,,,,,,,,,,,,,,,,,,,,,,,,,,,,,,,,,,,,,,,,,,,,,,,,,,,9.999e+20,220.0,2.4,210.0,4.9,0.0,7.0,,,1.0,3.0,,,,,,,626.0,220.0,220.0,220.0,,276.1,,,,,,,,,,,,,,,,,,,,,,,,,,,,,2.4,0.4,1.2,1.2,1.2,1.6,1.6,1.6,2.0,2.0,1.2,2.4,2.4,2.4,2.8,2.8,3.2,3.6,3.6,4.0,4.4,5.6,2.4,1.12,0.0,0.0,0.0,0.0,16.0,0.0,2.0,0.0,2.8,3.2,
2026040713,,,,,,,,,,,,,,,,,,,,,,,,,,,,,,,,,0.0,,,,,,,,,,,,,,,,,,,,,,,,,,,,,,,,,,,,,,,,,,,,,,,,,,,,,,,,,,,,,,,,,,,,,,,,,,,,,,,,,,,,,,,,,,,,,,,,,,,,,,,,,,,,,,,,,,,,,,,,,,,,,,,,,,,,,,,,,,,,,,,,,,,,,,,,,,,,,,,,,,,,,,,,,,,,,,,,,,,,,,,,,,,,,,,,,,,,,,,,,,,,,,,,,,,,,,,,,,,,,,,,,,,,,,,,,,,,,,,,,,,,,,,,,,,,,,,,,,,,,,,,,,,,,,,,,,,,,,,,,,,,,,,,,,,,,,,,,,,,,,,,,,,,,,,,,,,,,,,,,,,,,,,,,,,,,,,,,,,,,,,,,,,,,,,,,,,,,,,,,,,,,,,,,,,,,,,,,,,,,,,,,,,,,,,,,,,,,,,,,,,,,,,,,,,,,,,,,,,,,,,,,,,,,,,,,,,,,,,,,,,,,,,,,,,,,,,,,,,,,,,,,,,,,,,,,,,,,,,,,,,,,,,,,,,,,,,,,,,,,,,,,,,,,,,,,,,,,,,,,,,,,,,,,,,,,,,,,,,,,,,,,,,,,,,,,,,,
2026040714,,,,,,,,,,,,,,,,,,,,,,,,,,,,,,,,,0.0,,,,,,,,,,,,,,,,,,,,,,,,,,,,,,,,,,,,,,,,,,,,,,,,,,,,,,,,,,,,,,,,,,,,,,,,,,,,,,,,,,,,,,,,,,,,,,,,,,,,,,,,,,,,,,,,,,,,,,,,,,,,,,,,,,,,,,,,,,,,,,,,,,,,,,,,,,,,,,,,,,,,,,,,,,,,,,,,,,,,,,,,,,,,,,,,,,,,,,,,,,,,,,,,,,,,,,,,,,,,,,,,,,,,,,,,,,,,,,,,,,,,,,,,,,,,,,,,,,,,,,,,,,,,,,,,,,,,,,,,,,,,,,,,,,,,,,,,,,,,,,,,,,,,,,,,,,,,,,,,,,,,,,,,,,,,,,,,,,,,,,,,,,,,,,,,,,,,,,,,,,,,,,,,,,,,,,,,,,,,,,,,,,,,,,,,,,,,,,,,,,,,,,,,,,,,,,,,,,,,,,,,,,,,,,,,,,,,,,,,,,,,,,,,,,,,,,,,,,,,,,,,,,,,,,,,,,,,,,,,,,,,,,,,,,,,,,,,,,,,,,,,,,,,,,,,,,,,,,,,,,,,,,,,,,,,,,,,,,,,,,,,,,,,,,,,,,,,
2026040715,,,,,,,,,,,,,,,,,,,,,,,,,,,,,,,,,0.0,,,,,,,,,,,,,,,,,,,,,,,,,,,,,,,,,,,,,,,,,,,,,,,,,,,,,,,,,,,,,,,,,,,,,,,,,,,,,,,,,,,,,,,,,,,,,,,,,,,,,,,,,,,,,,,,,,,,,,,,,,,,,,,,,,274.58,,,,,,,,,,,,,,,,,,,,,,,,,,,,,,,,,,,,,,,,,,,,,,,,,,,,,,,,,,,,,,,,,,,,,,,,,,,,,,,,,,,,,,,,,,,13.0,12.0,,,,,,,,,,,16.0,20.0,16.0,21.0,23.0,25.0,25.0,0.0,0.0,0.0,0.0,0.0,21.5,,271.19,2.72,,9.0,1.0,,,,,,,,,,,,,,,,,,,,,,,,,,,,,,,,,,,,,,,,,,,,,,,,,,,,,,9.999e+20,,,,,,,,,,,,,,,,,,,,,,,,,,,,,7.1,2.0,3.2,3.6,4.0,4.4,4.8,5.2,5.6,6.0,2.4,6.4,6.8,7.65778,8.09496,8.24032,9.09704,10.0378,10.9337,12.3049,14.8463,19.8195,7.06063,3.9,14.0,5.0,2.0,0.0,0.0,0.0,0.0,27.0,,9.999e+20,9.999e+20,9.999e+20,9.999e+20,9.999e+20,,,,408.0,,4.8,0.0,8.4,0.0,,65.0,6.7,1.8,3.1,1.4,5.1,10.2,12.9,15.9,1168.0,440.0,760.0,352.0,1168.0,1616.0,1808.0,1968.0,,,46.0,12.0,,,,,,,277.19,2.72,,,,,,,,,,,,,,,,,,,,,,,,,,,,,,,,,,,,,,,,,,,,,,,,,,,,,,,,,,,,,9.999e+20,230.0,2.8,230.0,4.6,,,,,,3.0,,,,,,,1264.0,230.0,230.0,230.0,,275.7,,,,,,,,,,,,,,,,,,,,,,,,,,,,,2.8,0.0,0.8,1.2,1.6,1.6,1.6,2.0,2.0,2.4,0.8,2.4,2.8,2.8,3.2,3.2,3.6,4.0,4.4,5.2,6.0,7.6,2.8,1.6,0.0,0.0,0.0,0.0,21.0,0.0,7.0,0.0,3.2,3.6,
2026040716,,,,,,,,,,,,,,,,,,,,,,,,,,,,,,,,,0.0,,,,,,,,,,,,,,,,,,,,,,,,,,,,,,,,,,,,,,,,,,,,,,,,,,,,,,,,,,,,,,,,,,,,,,,,,,,,,,,,,,,,,,,,,,,,,,,,,,,,,,,,,,,,,,,,,,,,,,,,,,,,,,,,,,,,,,,,,,,,,,,,,,,,,,,,,,,,,,,,,,,,,,,,,,,,,,,,,,,,,,,,,,,,,,,,,,,,,,,,,,,,,,,,,,,,,,,,,,,,,,,,,,,,,,,,,,,,,,,,,,,,,,,,,,,,,,,,,,,,,,,,,,,,,,,,,,,,,,,,,,,,,,,,,,,,,,,,,,,,,,,,,,,,,,,,,,,,,,,,,,,,,,,,,,,,,,,,,,,,,,,,,,,,,,,,,,,,,,,,,,,,,,,,,,,,,,,,,,,,,,,,,,,,,,,,,,,,,,,,,,,,,,,,,,,,,,,,,,,,,,,,,,,,,,,,,,,,,,,,,,,,,,,,,,,,,,,,,,,,,,,,,,,,,,,,,,,,,,,,,,,,,,,,,,,,,,,,,,,,,,,,,,,,,,,,,,,,,,,,,,,,,,,,,,,,,,,,,,,,,,,,,,,,,,,,,,,,
2026040717,,,,,,,,,,,,,,,,,,,,,,,,,,,,,,,,,0.0,,,,,,,,,,,,,,,,,,,,,,,,,,,,,,,,,,,,,,,,,,,,,,,,,,,,,,,,,,,,,,,,,,,,,,,,,,,,,,,,,,,,,,,,,,,,,,,,,,,,,,,,,,,,,,,,,,,,,,,,,,,,,,,,,,,,,,,,,,,,,,,,,,,,,,,,,,,,,,,,,,,,,,,,,,,,,,,,,,,,,,,,,,,,,,,,,,,,,,,,,,,,,,,,,,,,,,,,,,,,,,,,,,,,,,,,,,,,,,,,,,,,,,,,,,,,,,,,,,,,,,,,,,,,,,,,,,,,,,,,,,,,,,,,,,,,,,,,,,,,,,,,,,,,,,,,,,,,,,,,,,,,,,,,,,,,,,,,,,,,,,,,,,,,,,,,,,,,,,,,,,,,,,,,,,,,,,,,,,,,,,,,,,,,,,,,,,,,,,,,,,,,,,,,,,,,,,,,,,,,,,,,,,,,,,,,,,,,,,,,,,,,,,,,,,,,,,,,,,,,,,,,,,,,,,,,,,,,,,,,,,,,,,,,,,,,,,,,,,,,,,,,,,,,,,,,,,,,,,,,,,,,,,,,,,,,,,,,,,,,,,,,,,,,,,,,,,,,
2026040718,0.415,0.0,0.0,0.0,0.0,0.0,0.0,0.0,0.0,0.0,0.0,0.0,0.0,0.0,0.0,0.005,0.055,0.239,0.572,1.102,2.552,6.304,20.0,0.0,0.0,0.0,0.0,5.0,0.0,0.0,1.0,0.0,0.0,,,,,,,,,,,,,,,,,,,,,,,,,,,,,,,,,,,,,,,,,,,,,,,,,,,,,,,,,,,,,,,,,,0.0,0.0,0.0,0.0,0.0,0.0,0.0,0.0,0.0,0.0,0.0,0.0,0.0,0.0,0.0,0.0,0.0,0.001,0.078,0.549,1.577,4.488,13.0,0.0,0.0,3.0,0.0,0.0,0.0,0.0,0.0,0.0,,,,,,,,,,,,,,,,,,,,,,,,,,,,,,,,,275.95,,,,,,,,,,,,,,,,,,,0.003,,,,,,,,,,,,,,,,,,0.003,,,,,,,,,,,,,,,,,,0.0,0.0,0.0,0.0,0.0,0.0,0.0,0.0,4.0,2.0,0.0,0.0,0.0,0.0,0.0,0.0,0.0,0.0,0.003,,,,,,,,,,,,,,,,,,30.0,27.0,,,,,,,,,,,15.0,19.0,15.0,21.0,22.0,25.0,25.0,0.0,0.0,0.0,0.0,0.0,20.3,,269.74,3.09,,32.0,1.0,,0.0,,,,,,,,,,,,,,,,,,,,,,,,,0.0,0.0,0.0,0.0,0.0,0.0,0.0,0.0,0.0,0.0,0.0,0.0,0.0,0.0,,,,,,,,,,,,,18.2,9.999e+20,,,,,,,,,,,,,,,,,,,,,,,,,,,,,10.7,2.8,4.4,5.26201,5.84446,7.11628,7.54824,8.3941,8.85547,9.68873,3.6,10.1315,10.6462,11.2325,11.7833,12.8247,13.3834,14.3592,15.3806,17.369,21.841,22.9315,10.7189,5.02,39.0,16.0,10.0,6.0,0.0,0.0,0.0,61.0,3.0,9.999e+20,9.999e+20,9.999e+20,9.999e+20,9.999e+20,,71.0,,1032.0,,7.6,0.0,9.6,0.0,,50.0,7.3,2.2,3.8,1.6,5.6,11.0,15.0,16.2,1112.0,432.0,704.0,264.0,1080.0,1544.0,1752.0,1928.0,,,32.0,21.0,,,,,,2.73133,279.17,3.09,,,,,,,,,,,,,,,,,,,,,,,,,,,,,,,276.735,270.452,272.554,273.422,273.701,274.844,275.433,276.02,276.169,276.489,271.916,277.328,277.082,277.67,277.784,278.762,279.008,279.479,280.067,280.475,281.244,282.043,0.0,0.0,0.0,0.0,0.0,3.0,15.0,0.0,9.999e+20,240.0,4.5,230.0,6.0,,2.0,,,2.0,2.0,,,,,,,5254.0,240.0,240.0,240.0,,277.6,,,,,,,,,,,,,,,,,,,,,,,,,,,,,4.5,0.8,1.6,2.0,2.4,2.8,3.2,3.6,4.0,4.0,1.6,4.0,4.4,4.4,4.8,5.2,5.6,5.6,6.0,6.8,7.65326,9.32226,4.08162,2.0,0.0,0.0,0.0,0.0,64.0,0.0,21.0,3.0,4.9,5.3,
2026040719,,,,,,,,,,,,,,,,,,,,,,,,,,,,,,,,,0.0,,,,,,,,,,,,,,,,,,,,,,,,,,,,,,,,,,,,,,,,,,,,,,,,,,,,,,,,,,,,,,,,,,,,,,,,,,,,,,,,,,,,,,,,,,,,,,,,,,,,,,,,,,,,,,,,,,,,,,,,,,,,,,,,,,,,,,,,,,,,,,,,,,,,,,,,,,,,,,,,,,,,,,,,,,,,,,,,,,,,,,,,,,,,,,,,,,,,,,,,,,,,,,,,,,,,,,,,,,,,,,,,,,,,,,,,,,,,,,,,,,,,,,,,,,,,,,,,,,,,,,,,,,,,,,,,,,,,,,,,,,,,,,,,,,,,,,,,,,,,,,,,,,,,,,,,,,,,,,,,,,,,,,,,,,,,,,,,,,,,,,,,,,,,,,,,,,,,,,,,,,,,,,,,,,,,,,,,,,,,,,,,,,,,,,,,,,,,,,,,,,,,,,,,,,,,,,,,,,,,,,,,,,,,,,,,,,,,,,,,,,,,,,,,,,,,,,,,,,,,,,,,,,,,,,,,,,,,,,,,,,,,,,,,,,,,,,,,,,,,,,,,,,,,,,,,,,,,,,,,,,,,,,,,,,,,,,,,,,,,,,,,,,,,,,,,,,,,
2026040720,,,,,,,,,,,,,,,,,,,,,,,,,,,,,,,,,0.0,,,,,,,,,,,,,,,,,,,,,,,,,,,,,,,,,,,,,,,,,,,,,,,,,,,,,,,,,,,,,,,,,,,,,,,,,,,,,,,,,,,,,,,,,,,,,,,,,,,,,,,,,,,,,,,,,,,,,,,,,,,,,,,,,,,,,,,,,,,,,,,,,,,,,,,,,,,,,,,,,,,,,,,,,,,,,,,,,,,,,,,,,,,,,,,,,,,,,,,,,,,,,,,,,,,,,,,,,,,,,,,,,,,,,,,,,,,,,,,,,,,,,,,,,,,,,,,,,,,,,,,,,,,,,,,,,,,,,,,,,,,,,,,,,,,,,,,,,,,,,,,,,,,,,,,,,,,,,,,,,,,,,,,,,,,,,,,,,,,,,,,,,,,,,,,,,,,,,,,,,,,,,,,,,,,,,,,,,,,,,,,,,,,,,,,,,,,,,,,,,,,,,,,,,,,,,,,,,,,,,,,,,,,,,,,,,,,,,,,,,,,,,,,,,,,,,,,,,,,,,,,,,,,,,,,,,,,,,,,,,,,,,,,,,,,,,,,,,,,,,,,,,,,,,,,,,,,,,,,,,,,,,,,,,,,,,,,,,,,,,,,,,,,,,,,,,,,,
2026040721,,,,,,,,,,,,,,,,,,,,,,,,,,,,,,,,,0.0,,,,,,,,,,,,,,,,,,,,,,,,,,,,,,,,,,,,,,,,,,,,,,,,,,,,,,,,,,,,,,,,,,,,,,,,,,,,,,,,,,,,,,,,,,,,,,,,,,,,,,,,,,,,,,,,,,,,,,,,,,,,,,,,,,276.52,,,,,,,,,,,,,,,,,,,,,,,,,,,,,,,,,,,,,,,,,,,,,,,,,,,,,,,,,,,,,,,,,,,,,,,,,,,,,,,,,,,,,,,,,,,31.0,29.0,,,,,,,,,,,12.0,15.0,12.0,19.0,21.0,27.0,27.0,0.0,0.0,0.0,0.0,0.0,17.7,,270.46,3.72,,180.0,1.0,,,,,,,,,,,,,,,,,,,,,,,,,,,,,,,,,,,,,,,,,,,,,,,,,,,,,,9.999e+20,,,,,,,,,,,,,,,,,,,,,,,,,,,,,12.0,3.6,6.0,6.72467,7.98718,8.07576,8.53558,8.96011,9.81022,10.265,4.4,11.1555,11.6794,13.0074,13.919,14.3686,14.9291,16.3659,17.0129,17.882,21.0348,24.2898,11.9678,5.1,49.0,24.0,12.0,5.0,1.0,1.0,0.0,67.0,,9.999e+20,9.999e+20,9.999e+20,9.999e+20,9.999e+20,,,,1288.0,,13.6,0.0,8.4,0.0,,51.0,6.9,2.1,3.3,1.6,5.6,9.9,14.5,15.2,1152.0,496.0,792.0,352.0,1104.0,1512.0,1816.0,1992.0,,,44.0,28.0,,,,,,,279.83,3.72,,,,,,,,,,,,,,,,,,,,,,,,,,,,,,,,,,,,,,,,,,,,,,,,,,,,,,,,,,,,,9.999e+20,270.0,5.3,270.0,5.1,,,,,,0.0,,,,,,,5967.0,270.0,270.0,270.0,,278.8,,,,,,,,,,,,,,,,,,,,,,,,,,,,,5.3,1.6,2.8,3.2,3.2,3.6,4.0,4.4,4.4,4.8,2.0,5.2,5.2,5.6,5.62506,6.14108,6.64598,6.73983,6.89666,7.47586,8.8998,9.89972,5.29383,2.0,0.0,0.0,0.0,0.0,73.0,0.0,37.0,6.0,5.8,6.3,
2026040722,,,,,,,,,,,,,,,,,,,,,,,,,,,,,,,,,0.0,,,,,,,,,,,,,,,,,,,,,,,,,,,,,,,,,,,,,,,,,,,,,,,,,,,,,,,,,,,,,,,,,,,,,,,,,,,,,,,,,,,,,,,,,,,,,,,,,,,,,,,,,,,,,,,,,,,,,,,,,,,,,,,,,,,,,,,,,,,,,,,,,,,,,,,,,,,,,,,,,,,,,,,,,,,,,,,,,,,,,,,,,,,,,,,,,,,,,,,,,,,,,,,,,,,,,,,,,,,,,,,,,,,,,,,,,,,,,,,,,,,,,,,,,,,,,,,,,,,,,,,,,,,,,,,,,,,,,,,,,,,,,,,,,,,,,,,,,,,,,,,,,,,,,,,,,,,,,,,,,,,,,,,,,,,,,,,,,,,,,,,,,,,,,,,,,,,,,,,,,,,,,,,,,,,,,,,,,,,,,,,,,,,,,,,,,,,,,,,,,,,,,,,,,,,,,,,,,,,,,,,,,,,,,,,,,,,,,,,,,,,,,,,,,,,,,,,,,,,,,,,,,,,,,,,,,,,,,,,,,,,,,,,,,,,,,,,,,,,,,,,,,,,,,,,,,,,,,,,,,,,,,,,,,,,,,,,,,,,,,,,,,,,,,,,,,,,,
2026040723,,,,,,,,,,,,,,,,,,,,,,,,,,,,,,,,,0.0,,,,,,,,,,,,,,,,,,,,,,,,,,,,,,,,,,,,,,,,,,,,,,,,,,,,,,,,,,,,,,,,,,,,,,,,,,,,,,,,,,,,,,,,,,,,,,,,,,,,,,,,,,,,,,,,,,,,,,,,,,,,,,,,,,,,,,,,,,,,,,,,,,,,,,,,,,,,,,,,,,,,,,,,,,,,,,,,,,,,,,,,,,,,,,,,,,,,,,,,,,,,,,,,,,,,,,,,,,,,,,,,,,,,,,,,,,,,,,,,,,,,,,,,,,,,,,,,,,,,,,,,,,,,,,,,,,,,,,,,,,,,,,,,,,,,,,,,,,,,,,,,,,,,,,,,,,,,,,,,,,,,,,,,,,,,,,,,,,,,,,,,,,,,,,,,,,,,,,,,,,,,,,,,,,,,,,,,,,,,,,,,,,,,,,,,,,,,,,,,,,,,,,,,,,,,,,,,,,,,,,,,,,,,,,,,,,,,,,,,,,,,,,,,,,,,,,,,,,,,,,,,,,,,,,,,,,,,,,,,,,,,,,,,,,,,,,,,,,,,,,,,,,,,,,,,,,,,,,,,,,,,,,,,,,,,,,,,,,,,,,,,,,,,,,,,,,,,
2026040800,0.612,0.0,0.0,0.0,0.0,0.0,0.0,0.0,0.0,0.0,0.0,0.0,0.0,0.0,0.0,0.055,0.336,0.679,1.14,1.984,3.806,7.833,26.0,0.0,0.0,0.0,0.0,8.0,0.0,0.0,2.0,0.0,0.0,,1.318,0.0,0.0,0.0,0.0,0.0,0.0,0.0,0.0,0.0,0.0,0.006,0.101,0.252,0.496,0.738,1.112,1.66,2.384,3.723,7.416,14.932,40.0,0.0,2.0,0.0,0.0,0.0,0.0,0.0,6.0,0.0,,,,,,,,,,,,,,,,,,,,,,,,,,,,,,,,,0.0,0.0,0.0,0.0,0.0,0.0,0.0,0.0,0.0,0.0,0.0,0.0,0.0,0.0,0.0,0.0,0.002,0.304,0.713,1.172,2.092,3.932,21.0,0.0,0.0,3.0,0.0,0.0,0.0,0.0,0.0,0.0,,,,,,,,,,,,,,,,,,,,,,,,,,,,,,,,,276.27,,,,,,,,,,,,,,,,,,,0.003,0.0,0.0,0.0,0.0,0.0,0.003,0.013,10.0,3.0,2.0,0.0,0.0,0.0,0.0,0.0,0.0,0.0,0.003,0.0,0.0,0.0,0.0,0.0,0.003,0.013,3.0,2.0,0.0,0.0,0.0,0.0,0.0,0.0,0.0,0.0,0.003,0.0,0.0,0.0,0.0,0.0,0.0,0.01,9.0,1.0,1.0,0.0,0.0,0.0,0.0,0.0,0.0,0.0,0.003,0.0,0.0,0.0,0.0,0.0,0.003,0.013,3.0,0.0,0.0,0.0,0.0,0.0,0.0,0.0,0.0,0.0,23.0,22.0,,,,,,,,,,,10.0,16.0,10.0,18.0,20.0,27.0,28.0,0.0,0.0,0.0,0.0,0.0,17.4,,270.34,3.34,,205.0,2.0,,0.0,0.0,0.0,0.0,0.0,0.0,0.0,0.0,0.0,0.0,0.0,0.0,0.0,0.0,0.0,0.0,0.0,0.0,0.0,0.0,0.0,0.0,0.0,0.0,0.0,0.0,0.0,0.0,0.0,0.0,0.0,0.0,0.0,0.0,0.0,0.0,0.0,0.0,0.0,0.0,0.0,0.0,0.0,0.0,0.0,0.0,0.0,0.0,0.0,0.0,0.0,20.2,9.999e+20,,,,,,,,,,,,,,,,,,,,,,,,,,,,,10.9,3.6,6.4,6.8,6.98076,7.25325,8.00766,8.6417,8.79984,9.31309,4.8,9.95318,10.5714,11.4354,12.6806,12.803,14.5501,15.095,15.7183,16.7897,17.154,20.3717,10.8698,4.22,40.0,18.0,4.0,1.0,0.0,0.0,0.0,64.0,3.0,9.999e+20,9.999e+20,9.999e+20,9.999e+20,9.999e+20,,,,1296.0,0.0,13.6,0.0,8.4,0.0,,52.0,6.6,2.0,3.2,1.6,4.9,10.3,13.1,14.7,1176.0,512.0,808.0,424.0,1152.0,1520.0,1816.0,1928.0,,,47.0,23.0,,280.65,3.26,,,,279.11,3.34,,,,,,,,,,,,,,,,,,,,,,,,,,,,,,,,,,,,,,,,,,,,,,,,,,,,,,,,,,,,,9.999e+20,270.0,4.5,280.0,5.1,0.0,4.0,,,4.0,0.0,,,,,,,5664.0,270.0,270.0,270.0,,277.2,,,,,,,,,,,,,,,,,,,,,,,,,,,,,4.5,2.0,2.4,2.8,3.2,3.2,3.2,3.6,3.6,4.0,2.4,4.0,4.0,4.4,4.8,5.2,5.6,5.6,6.0,6.4,6.37154,8.64779,4.48429,1.52,0.0,0.0,0.0,0.0,59.0,0.0,19.0,2.0,4.9,5.3,
2026040801,,,,,,,,,,,,,,,,,,,,,,,,,,,,,,,,,0.0,,,,,,,,,,,,,,,,,,,,,,,,,,,,,,,,,,,,,,,,,,,,,,,,,,,,,,,,,,,,,,,,,,,,,,,,,,,,,,,,,,,,,,,,,,,,,,,,,,,,,,,,,,,,,,,,,,,,,,,,,,,,,,,,,,,,,,,,,,,,,,,,,,,,,,,,,,,,,,,,,,,,,,,,,,,,,,,,,,,,,,,,,,,,,,,,,,,,,,,,,,,,,,,,,,,,,,,,,,,,,,,,,,,,,,,,,,,,,,,,,,,,,,,,,,,,,,,,,,,,,,,,,,,,,,,,,,,,,,,,,,,,,,,,,,,,,,,,,,,,,,,,,,,,,,,,,,,,,,,,,,,,,,,,,,,,,,,,,,,,,,,,,,,,,,,,,,,,,,,,,,,,,,,,,,,,,,,,,,,,,,,,,,,,,,,,,,,,,,,,,,,,,,,,,,,,,,,,,,,,,,,,,,,,,,,,,,,,,,,,,,,,,,,,,,,,,,,,,,,,,,,,,,,,,,,,,,,,,,,,,,,,,,,,,,,,,,,,,,,,,,,,,,,,,,,,,,,,,,,,,,,,,,,,,,,,,,,,,,,,,,,,,,,,,,,,,,,,
2026040802,,,,,,,,,,,,,,,,,,,,,,,,,,,,,,,,,0.0,,,,,,,,,,,,,,,,,,,,,,,,,,,,,,,,,,,,,,,,,,,,,,,,,,,,,,,,,,,,,,,,,,,,,,,,,,,,,,,,,,,,,,,,,,,,,,,,,,,,,,,,,,,,,,,,,,,,,,,,,,,,,,,,,,,,,,,,,,,,,,,,,,,,,,,,,,,,,,,,,,,,,,,,,,,,,,,,,,,,,,,,,,,,,,,,,,,,,,,,,,,,,,,,,,,,,,,,,,,,,,,,,,,,,,,,,,,,,,,,,,,,,,,,,,,,,,,,,,,,,,,,,,,,,,,,,,,,,,,,,,,,,,,,,,,,,,,,,,,,,,,,,,,,,,,,,,,,,,,,,,,,,,,,,,,,,,,,,,,,,,,,,,,,,,,,,,,,,,,,,,,,,,,,,,,,,,,,,,,,,,,,,,,,,,,,,,,,,,,,,,,,,,,,,,,,,,,,,,,,,,,,,,,,,,,,,,,,,,,,,,,,,,,,,,,,,,,,,,,,,,,,,,,,,,,,,,,,,,,,,,,,,,,,,,,,,,,,,,,,,,,,,,,,,,,,,,,,,,,,,,,,,,,,,,,,,,,,,,,,,,,,,,,,,,,,,,,,
2026040803,,,,,,,,,,,,,,,,,,,,,,,,,,,,,,,,,0.0,,,,,,,,,,,,,,,,,,,,,,,,,,,,,,,,,,,,,,,,,,,,,,,,,,,,,,,,,,,,,,,,,,,,,,,,,,,,,,,,,,,,,,,,,,,,,,,,,,,,,,,,,,,,,,,,,,,,,,,,,,,,,,,,,,274.45,,,,,,,,,,,,,,,,,,,,,,,,,,,,,,,,,,,,,,,,,,,,,,,,,,,,,,,,,,,,,,,,,,,,,,,,,,,,,,,,,,,,,,,,,,,7.0,5.0,,,,,,,,,,,15.0,16.0,15.0,16.0,19.0,23.0,23.0,0.0,0.0,0.0,0.0,0.0,17.2,,269.93,2.71,,72.0,1.0,,,,,,,,,,,,,,,,,,,,,,,,,,,,,,,,,,,,,,,,,,,,,,,,,,,,,,9.999e+20,,,,,,,,,,,,,,,,,,,,,,,,,,,,,6.9,1.6,2.8,3.2,3.6,3.68417,3.93267,4.84379,5.31181,5.854,2.8,6.71386,6.85287,7.46264,8.11738,8.69176,9.33806,9.92954,10.2052,10.4174,12.0162,15.0268,6.87062,3.22,7.0,0.0,0.0,0.0,0.0,0.0,0.0,31.0,,9.999e+20,9.999e+20,9.999e+20,9.999e+20,9.999e+20,,,,264.0,,7.2,0.0,7.2,0.0,,61.0,7.3,2.7,3.5,1.8,5.5,10.9,13.4,14.7,1104.0,552.0,736.0,448.0,1056.0,1360.0,1768.0,1832.0,,,28.0,21.0,,,,,,,276.87,3.17,,,,,,,,,,,,,,,,,,,,,,,,,,,,,,,,,,,,,,,,,,,,,,,,,,,,,,,,,,,,,9.999e+20,280.0,2.5,320.0,3.4,,,,,,0.0,,,,,,,402.0,280.0,280.0,280.0,,274.9,,,,,,,,,,,,,,,,,,,,,,,,,,,,,2.5,0.4,1.2,1.2,1.2,1.6,1.6,1.6,2.0,2.4,0.8,2.4,2.4,2.8,2.8,3.2,3.2,3.6,3.6,4.0,4.0,5.40501,2.47005,1.12,0.0,0.0,0.0,0.0,18.0,0.0,1.0,0.0,2.9,2.9,
2026040804,,,,,,,,,,,,,,,,,,,,,,,,,,,,,,,,,0.0,,,,,,,,,,,,,,,,,,,,,,,,,,,,,,,,,,,,,,,,,,,,,,,,,,,,,,,,,,,,,,,,,,,,,,,,,,,,,,,,,,,,,,,,,,,,,,,,,,,,,,,,,,,,,,,,,,,,,,,,,,,,,,,,,,,,,,,,,,,,,,,,,,,,,,,,,,,,,,,,,,,,,,,,,,,,,,,,,,,,,,,,,,,,,,,,,,,,,,,,,,,,,,,,,,,,,,,,,,,,,,,,,,,,,,,,,,,,,,,,,,,,,,,,,,,,,,,,,,,,,,,,,,,,,,,,,,,,,,,,,,,,,,,,,,,,,,,,,,,,,,,,,,,,,,,,,,,,,,,,,,,,,,,,,,,,,,,,,,,,,,,,,,,,,,,,,,,,,,,,,,,,,,,,,,,,,,,,,,,,,,,,,,,,,,,,,,,,,,,,,,,,,,,,,,,,,,,,,,,,,,,,,,,,,,,,,,,,,,,,,,,,,,,,,,,,,,,,,,,,,,,,,,,,,,,,,,,,,,,,,,,,,,,,,,,,,,,,,,,,,,,,,,,,,,,,,,,,,,,,,,,,,,,,,,,,,,,,,,,,,,,,,,,,,,,,,,,,
2026040805,,,,,,,,,,,,,,,,,,,,,,,,,,,,,,,,,0.0,,,,,,,,,,,,,,,,,,,,,,,,,,,,,,,,,,,,,,,,,,,,,,,,,,,,,,,,,,,,,,,,,,,,,,,,,,,,,,,,,,,,,,,,,,,,,,,,,,,,,,,,,,,,,,,,,,,,,,,,,,,,,,,,,,,,,,,,,,,,,,,,,,,,,,,,,,,,,,,,,,,,,,,,,,,,,,,,,,,,,,,,,,,,,,,,,,,,,,,,,,,,,,,,,,,,,,,,,,,,,,,,,,,,,,,,,,,,,,,,,,,,,,,,,,,,,,,,,,,,,,,,,,,,,,,,,,,,,,,,,,,,,,,,,,,,,,,,,,,,,,,,,,,,,,,,,,,,,,,,,,,,,,,,,,,,,,,,,,,,,,,,,,,,,,,,,,,,,,,,,,,,,,,,,,,,,,,,,,,,,,,,,,,,,,,,,,,,,,,,,,,,,,,,,,,,,,,,,,,,,,,,,,,,,,,,,,,,,,,,,,,,,,,,,,,,,,,,,,,,,,,,,,,,,,,,,,,,,,,,,,,,,,,,,,,,,,,,,,,,,,,,,,,,,,,,,,,,,,,,,,,,,,,,,,,,,,,,,,,,,,,,,,,,,,,,,,,,
2026040806,0.668,0.0,0.0,0.0,0.0,0.0,0.0,0.0,0.0,0.0,0.0,0.0,0.0,0.0,0.0,0.02,0.426,0.863,1.456,2.304,4.108,7.781,27.0,0.0,0.0,0.0,0.0,9.0,0.0,0.0,2.0,0.0,0.0,,,,,,,,,,,,,,,,,,,,,,,,,,,,,,,,,,,,,,,,,,,,,,,,,,,,,,,,,,,,,,,,,,0.0,0.0,0.0,0.0,0.0,0.0,0.0,0.0,0.0,0.0,0.0,0.0,0.0,0.0,0.0,0.0,0.0,0.105,0.364,0.81,1.774,5.164,17.0,0.0,0.0,4.0,0.0,0.0,0.0,1.0,0.0,0.0,,,,,,,,,,,,,,,,,,,,,,,,,,,,,,,,,273.19,,,,,,,,,,,,,,,,,,,0.003,,,,,,,,,,,,,,,,,,0.003,,,,,,,,,,,,,,,,,,0.0,0.0,0.0,0.0,0.0,0.0,0.0,0.0,4.0,0.0,0.0,0.0,0.0,0.0,0.0,0.0,0.0,0.0,0.003,,,,,,,,,,,,,,,,,,2.0,4.0,,,,,,,,,,,14.0,16.0,14.0,17.0,18.0,19.0,19.0,0.0,0.0,0.0,0.0,0.0,16.9,,269.13,2.8,,36.0,0.0,,0.0,,,,,,,,,,,,,,,,,,,,,,,,,0.0,0.0,0.0,0.0,0.0,0.0,0.0,0.0,0.0,0.0,0.0,0.0,0.0,0.0,,,,,,,,,,,,,17.0,9.999e+20,15.3508,7.76258,10.6278,10.9072,11.494,12.0968,12.7298,13.2609,13.8004,14.0111,9.86576,14.1691,15.1304,15.8137,16.1258,17.2104,17.9209,18.6849,20.0721,20.3407,22.6264,26.3117,81.0,28.0,7.0,4.0,1.0,0.0,4.5,0.8,1.6,2.0,2.0,2.4,2.4,2.8,2.8407,3.30647,1.2,3.78094,4.25024,4.72564,4.84101,5.29953,5.83085,6.04432,7.47311,8.89711,10.7238,12.217,4.53773,2.8,2.0,0.0,0.0,0.0,0.0,0.0,0.0,11.0,2.0,9.999e+20,9.999e+20,9.999e+20,9.999e+20,9.999e+20,,,50.0,256.0,,6.0,0.0,8.4,0.0,,65.0,8.0,2.9,4.4,2.2,6.3,11.7,14.3,15.9,1000.0,520.0,680.0,440.0,960.0,1256.0,1616.0,1744.0,,,31.0,27.0,,,,,,3.8828,275.14,3.37,281.54,275.07,276.184,276.79,277.822,278.048,279.041,279.972,280.57,281.172,276.027,281.668,282.165,282.495,283.018,283.986,284.178,285.223,286.407,287.155,288.564,290.453,0.0,0.0,0.0,0.0,0.0,0.0,0.0,0.0,,,,,,,,,,,,,,,,,,,,,,,,,,,,,,,9.999e+20,320.0,1.6,40.0,3.2,,4.0,,,3.0,0.0,,,,,,,372.0,320.0,320.0,320.0,,273.4,6.17995,3.6,4.8,4.61308,5.12639,5.19331,5.2915,5.73264,5.78337,5.85025,4.4,6.35967,6.49442,6.62277,6.65713,7.10344,7.18396,7.6631,7.82533,8.08588,8.33821,10.1884,1.0,0.0,0.0,0.0,62.0,4.0,1.6,0.0,0.4,0.4,0.8,0.8,0.8,0.8,1.2,1.2,0.0,1.2,1.2,1.6,1.6,2.0,2.0,2.4,2.8,3.6,4.0,4.46054,1.61679,1.1,0.0,0.0,0.0,0.0,9.0,0.0,0.0,0.0,2.0,2.0,
2026040807,,,,,,,,,,,,,,,,,,,,,,,,,,,,,,,,,0.0,,,,,,,,,,,,,,,,,,,,,,,,,,,,,,,,,,,,,,,,,,,,,,,,,,,,,,,,,,,,,,,,,,,,,,,,,,,,,,,,,,,,,,,,,,,,,,,,,,,,,,,,,,,,,,,,,,,,,,,,,,,,,,,,,,,,,,,,,,,,,,,,,,,,,,,,,,,,,,,,,,,,,,,,,,,,,,,,,,,,,,,,,,,,,,,,,,,,,,,,,,,,,,,,,,,,,,,,,,,,,,,,,,,,,,,,,,,,,,,,,,,,,,,,,,,,,,,,,,,,,,,,,,,,,,,,,,,,,,,,,,,,,,,,,,,,,,,,,,,,,,,,,,,,,,,,,,,,,,,,,,,,,,,,,,,,,,,,,,,,,,,,,,,,,,,,,,,,,,,,,,,,,,,,,,,,,,,,,,,,,,,,,,,,,,,,,,,,,,,,,,,,,,,,,,,,,,,,,,,,,,,,,,,,,,,,,,,,,,,,,,,,,,,,,,,,,,,,,,,,,,,,,,,,,,,,,,,,,,,,,,,,,,,,,,,,,,,,,,,,,,,,,,,,,,,,,,,,,,,,,,,,,,,,,,,,,,,,,,,,,,,,,,,,,,,,,,,,
2026040808,,,,,,,,,,,,,,,,,,,,,,,,,,,,,,,,,0.0,,,,,,,,,,,,,,,,,,,,,,,,,,,,,,,,,,,,,,,,,,,,,,,,,,,,,,,,,,,,,,,,,,,,,,,,,,,,,,,,,,,,,,,,,,,,,,,,,,,,,,,,,,,,,,,,,,,,,,,,,,,,,,,,,,,,,,,,,,,,,,,,,,,,,,,,,,,,,,,,,,,,,,,,,,,,,,,,,,,,,,,,,,,,,,,,,,,,,,,,,,,,,,,,,,,,,,,,,,,,,,,,,,,,,,,,,,,,,,,,,,,,,,,,,,,,,,,,,,,,,,,,,,,,,,,,,,,,,,,,,,,,,,,,,,,,,,,,,,,,,,,,,,,,,,,,,,,,,,,,,,,,,,,,,,,,,,,,,,,,,,,,,,,,,,,,,,,,,,,,,,,,,,,,,,,,,,,,,,,,,,,,,,,,,,,,,,,,,,,,,,,,,,,,,,,,,,,,,,,,,,,,,,,,,,,,,,,,,,,,,,,,,,,,,,,,,,,,,,,,,,,,,,,,,,,,,,,,,,,,,,,,,,,,,,,,,,,,,,,,,,,,,,,,,,,,,,,,,,,,,,,,,,,,,,,,,,,,,,,,,,,,,,,,,,,,,,,,
2026040809,,,,,,,,,,,,,,,,,,,,,,,,,,,,,,,,,0.0,,,,,,,,,,,,,,,,,,,,,,,,,,,,,,,,,,,,,,,,,,,,,,,,,,,,,,,,,,,,,,,,,,,,,,,,,,,,,,,,,,,,,,,,,,,,,,,,,,,,,,,,,,,,,,,,,,,,,,,,,,,,,,,,,,272.24,,,,,,,,,,,,,,,,,,,,,,,,,,,,,,,,,,,,,,,,,,,,,,,,,,,,,,,,,,,,,,,,,,,,,,,,,,,,,,,,,,,,,,,,,,,2.0,5.0,,,,,,,,,,,14.0,15.0,14.0,16.0,17.0,19.0,19.0,0.0,0.0,0.0,0.0,0.0,16.1,,268.45,2.9,,0.0,1.0,,,,,,,,,,,,,,,,,,,,,,,,,,,,,,,,,,,,,,,,,,,,,,,,,,,,,,9.999e+20,,,,,,,,,,,,,,,,,,,,,,,,,,,,,5.1,0.8,1.6,2.0,2.4,2.4,2.8,2.8,3.2,3.6,1.2,4.40313,4.87835,4.96621,5.79517,6.66887,7.16822,7.6514,8.92427,9.47492,10.833,13.9276,5.04977,3.22,4.0,0.0,0.0,0.0,0.0,0.0,0.0,16.0,,9.999e+20,9.999e+20,9.999e+20,9.999e+20,9.999e+20,,,,240.0,,4.8,0.0,9.6,0.0,,65.0,8.8,3.4,5.3,3.0,7.6,12.5,14.8,15.9,872.0,472.0,584.0,344.0,808.0,1136.0,1384.0,1576.0,,,30.0,28.0,,,,,,,274.27,3.17,,,,,,,,,,,,,,,,,,,,,,,,,,,,,,,,,,,,,,,,,,,,,,,,,,,,,,,,,,,,,9.999e+20,10.0,2.0,60.0,3.5,,,,,,0.0,,,,,,,324.0,10.0,10.0,10.0,,272.6,,,,,,,,,,,,,,,,,,,,,,,,,,,,,2.0,0.0,0.4,0.8,0.8,0.8,0.8,1.2,1.2,1.2,0.4,1.6,2.0,2.0,2.4,2.4,2.8,2.8,3.2,3.6,4.4,5.2,2.0,1.32,0.0,0.0,0.0,0.0,12.0,0.0,1.0,0.0,2.0,2.4,
2026040810,,,,,,,,,,,,,,,,,,,,,,,,,,,,,,,,,0.0,,,,,,,,,,,,,,,,,,,,,,,,,,,,,,,,,,,,,,,,,,,,,,,,,,,,,,,,,,,,,,,,,,,,,,,,,,,,,,,,,,,,,,,,,,,,,,,,,,,,,,,,,,,,,,,,,,,,,,,,,,,,,,,,,,,,,,,,,,,,,,,,,,,,,,,,,,,,,,,,,,,,,,,,,,,,,,,,,,,,,,,,,,,,,,,,,,,,,,,,,,,,,,,,,,,,,,,,,,,,,,,,,,,,,,,,,,,,,,,,,,,,,,,,,,,,,,,,,,,,,,,,,,,,,,,,,,,,,,,,,,,,,,,,,,,,,,,,,,,,,,,,,,,,,,,,,,,,,,,,,,,,,,,,,,,,,,,,,,,,,,,,,,,,,,,,,,,,,,,,,,,,,,,,,,,,,,,,,,,,,,,,,,,,,,,,,,,,,,,,,,,,,,,,,,,,,,,,,,,,,,,,,,,,,,,,,,,,,,,,,,,,,,,,,,,,,,,,,,,,,,,,,,,,,,,,,,,,,,,,,,,,,,,,,,,,,,,,,,,,,,,,,,,,,,,,,,,,,,,,,,,,,,,,,,,,,,,,,,,,,,,,,,,,,,,,,,,,
2026040811,,,,,,,,,,,,,,,,,,,,,,,,,,,,,,,,,0.0,,,,,,,,,,,,,,,,,,,,,,,,,,,,,,,,,,,,,,,,,,,,,,,,,,,,,,,,,,,,,,,,,,,,,,,,,,,,,,,,,,,,,,,,,,,,,,,,,,,,,,,,,,,,,,,,,,,,,,,,,,,,,,,,,,,,,,,,,,,,,,,,,,,,,,,,,,,,,,,,,,,,,,,,,,,,,,,,,,,,,,,,,,,,,,,,,,,,,,,,,,,,,,,,,,,,,,,,,,,,,,,,,,,,,,,,,,,,,,,,,,,,,,,,,,,,,,,,,,,,,,,,,,,,,,,,,,,,,,,,,,,,,,,,,,,,,,,,,,,,,,,,,,,,,,,,,,,,,,,,,,,,,,,,,,,,,,,,,,,,,,,,,,,,,,,,,,,,,,,,,,,,,,,,,,,,,,,,,,,,,,,,,,,,,,,,,,,,,,,,,,,,,,,,,,,,,,,,,,,,,,,,,,,,,,,,,,,,,,,,,,,,,,,,,,,,,,,,,,,,,,,,,,,,,,,,,,,,,,,,,,,,,,,,,,,,,,,,,,,,,,,,,,,,,,,,,,,,,,,,,,,,,,,,,,,,,,,,,,,,,,,,,,,,,,,,,,,,
2026040812,0.67,0.0,0.0,0.0,0.0,0.0,0.0,0.0,0.0,0.0,0.0,0.0,0.0,0.0,0.0,0.098,0.307,0.596,1.128,1.99,3.852,9.787,26.0,0.0,0.0,0.0,0.0,8.0,0.0,0.0,3.0,0.0,0.0,,1.639,0.0,0.0,0.0,0.0,0.0,0.0,0.0,0.0,0.0,0.0,0.0,0.068,0.315,0.56,0.958,1.409,2.212,3.337,5.407,8.785,17.856,41.0,0.0,3.0,0.0,0.0,0.0,0.0,0.0,8.0,0.0,2.072,0.0,0.0,0.0,0.0,0.0,0.0,0.0,0.0,0.065,0.0,0.3,0.521,0.798,1.149,1.561,2.091,2.993,4.266,6.733,11.021,17.441,3.0,0.0,22.0,0.0,0.0,0.0,0.0,0.0,0.0,0.0,0.0,0.0,0.0,0.0,0.0,0.0,0.0,0.0,0.0,0.0,0.0,0.0,0.0,0.0,0.0,0.0,0.0,0.011,0.206,0.758,2.009,5.91,14.0,0.0,0.0,4.0,0.0,0.0,0.0,1.0,0.0,0.0,1.972,0.0,0.0,0.0,0.0,0.0,0.0,0.0,0.0,0.0,0.0,0.105,0.339,0.664,0.986,1.429,2.028,2.822,4.082,6.408,10.61,17.094,0.0,0.0,0.0,0.0,0.0,0.0,0.0,10.0,0.0,0.0,271.13,,,,,,,,,,,,,,,,,,,0.005,0.0,0.0,0.0,0.0,0.0,0.01,0.036,17.0,6.0,2.0,0.0,0.0,0.0,0.0,0.0,0.0,0.0,0.005,0.0,0.0,0.0,0.0,0.0,0.013,0.036,6.0,3.0,0.0,0.0,0.0,0.0,0.0,0.0,0.0,0.0,0.003,0.0,0.0,0.0,0.0,0.0,0.0,0.005,6.0,3.0,0.0,0.0,0.0,0.0,0.0,0.0,0.0,0.0,0.005,0.0,0.0,0.0,0.0,0.0,0.013,0.036,6.0,0.0,0.0,0.0,0.0,0.0,0.0,0.0,0.0,0.0,2.0,4.0,,,,,,,,,,,11.0,13.0,11.0,14.0,17.0,18.0,18.0,0.0,0.0,0.0,0.0,0.0,14.6,,267.61,3.26,,0.0,2.0,,0.0,0.0,0.0,0.0,0.0,0.0,0.0,0.0,0.0,0.0,0.0,0.0,0.0,0.0,0.0,0.0,0.0,0.0,0.0,0.0,0.0,0.0,0.0,0.0,0.0,0.0,0.0,0.0,0.0,0.0,0.0,0.0,0.0,0.0,0.0,0.0,0.0,0.0,0.0,0.0,0.0,0.0,0.0,0.0,0.0,0.0,0.0,0.0,0.0,0.0,0.0,8.0,9.999e+20,,,,,,,,,,,,,,,,,,,,,,,,,,,,,5.8,0.8,1.6,2.0,2.4,2.8,2.8,3.2,3.6,4.0,1.6,4.4,5.21143,5.66745,6.49862,7.38854,7.82449,8.30281,9.97633,10.9293,13.094,16.9732,5.78398,3.92,10.0,3.0,0.0,0.0,0.0,0.0,0.0,18.0,2.0,9.999e+20,9.999e+20,9.999e+20,9.999e+20,9.999e+20,,,,256.0,0.0,3.6,0.0,10.8,0.0,,64.0,9.5,3.7,5.3,3.4,9.8,13.4,15.0,16.2,760.0,360.0,528.0,328.0,672.0,968.0,1232.0,1456.0,,,24.0,24.0,,,,272.23,3.72,,273.64,3.51,,,,,,,,,,,,,,,,,,,,,,,,,,,,,,,,,,,,,,,,,,,,,,,,,,,,,,,,,,,,,9.999e+20,40.0,2.0,60.0,3.1,1.0,3.0,,,1.0,0.0,,,,,,,340.0,40.0,40.0,40.0,,272.1,,,,,,,,,,,,,,,,,,,,,,,,,,,,,2.0,0.0,0.4,0.8,0.8,0.8,1.2,1.2,1.2,1.6,0.0,2.0,2.0,2.4,2.4,2.8,2.8,3.6,4.0,4.4,4.8,6.4,2.00738,1.5,0.0,0.0,0.0,0.0,19.0,0.0,3.0,0.0,2.4,2.8,
2026040813,,,,,,,,,,,,,,,,,,,,,,,,,,,,,,,,,0.0,,,,,,,,,,,,,,,,,,,,,,,,,,,,,,,,,,,,,,,,,,,,,,,,,,,,,,,,,,,,,,,,,,,,,,,,,,,,,,,,,,,,,,,,,,,,,,,,,,,,,,,,,,,,,,,,,,,,,,,,,,,,,,,,,,,,,,,,,,,,,,,,,,,,,,,,,,,,,,,,,,,,,,,,,,,,,,,,,,,,,,,,,,,,,,,,,,,,,,,,,,,,,,,,,,,,,,,,,,,,,,,,,,,,,,,,,,,,,,,,,,,,,,,,,,,,,,,,,,,,,,,,,,,,,,,,,,,,,,,,,,,,,,,,,,,,,,,,,,,,,,,,,,,,,,,,,,,,,,,,,,,,,,,,,,,,,,,,,,,,,,,,,,,,,,,,,,,,,,,,,,,,,,,,,,,,,,,,,,,,,,,,,,,,,,,,,,,,,,,,,,,,,,,,,,,,,,,,,,,,,,,,,,,,,,,,,,,,,,,,,,,,,,,,,,,,,,,,,,,,,,,,,,,,,,,,,,,,,,,,,,,,,,,,,,,,,,,,,,,,,,,,,,,,,,,,,,,,,,,,,,,,,,,,,,,,,,,,,,,,,,,,,,,,,,,,,,,,
2026040814,,,,,,,,,,,,,,,,,,,,,,,,,,,,,,,,,0.0,,,,,,,,,,,,,,,,,,,,,,,,,,,,,,,,,,,,,,,,,,,,,,,,,,,,,,,,,,,,,,,,,,,,,,,,,,,,,,,,,,,,,,,,,,,,,,,,,,,,,,,,,,,,,,,,,,,,,,,,,,,,,,,,,,,,,,,,,,,,,,,,,,,,,,,,,,,,,,,,,,,,,,,,,,,,,,,,,,,,,,,,,,,,,,,,,,,,,,,,,,,,,,,,,,,,,,,,,,,,,,,,,,,,,,,,,,,,,,,,,,,,,,,,,,,,,,,,,,,,,,,,,,,,,,,,,,,,,,,,,,,,,,,,,,,,,,,,,,,,,,,,,,,,,,,,,,,,,,,,,,,,,,,,,,,,,,,,,,,,,,,,,,,,,,,,,,,,,,,,,,,,,,,,,,,,,,,,,,,,,,,,,,,,,,,,,,,,,,,,,,,,,,,,,,,,,,,,,,,,,,,,,,,,,,,,,,,,,,,,,,,,,,,,,,,,,,,,,,,,,,,,,,,,,,,,,,,,,,,,,,,,,,,,,,,,,,,,,,,,,,,,,,,,,,,,,,,,,,,,,,,,,,,,,,,,,,,,,,,,,,,,,,,,,,,,,,,,
2026040815,,,,,,,,,,,,,,,,,,,,,,,,,,,,,,,,,0.0,,,,,,,,,,,,,,,,,,,,,,,,,,,,,,,,,,,,,,,,,,,,,,,,,,,,,,,,,,,,,,,,,,,,,,,,,,,,,,,,,,,,,,,,,,,,,,,,,,,,,,,,,,,,,,,,,,,,,,,,,,,,,,,,,,272.2,,,,,,,,,,,,,,,,,,,,,,,,,,,,,,,,,,,,,,,,,,,,,,,,,,,,,,,,,,,,,,,,,,,,,,,,,,,,,,,,,,,,,,,,,,,2.0,5.0,,,,,,,,,,,13.0,14.0,13.0,14.0,16.0,19.0,20.0,0.0,0.0,0.0,0.0,0.0,15.3,,267.69,2.86,,45.0,2.0,,,,,,,,,,,,,,,,,,,,,,,,,,,,,,,,,,,,,,,,,,,,,,,,,,,,,,9.999e+20,,,,,,,,,,,,,,,,,,,,,,,,,,,,,6.8,0.8,1.6,2.0,2.4,2.8,2.8,4.0,4.4,5.6,1.2,6.0,6.40122,6.90633,7.8796,8.87646,9.81409,10.5124,11.5019,14.1953,15.264,19.8391,6.8356,4.72,16.0,6.0,3.0,1.0,0.0,0.0,0.0,31.0,,9.999e+20,9.999e+20,9.999e+20,9.999e+20,9.999e+20,,,,520.0,,1.2,0.0,15.6,0.0,,58.0,9.6,3.7,5.2,3.4,11.0,13.6,15.3,16.3,720.0,344.0,456.0,272.0,656.0,968.0,1080.0,1296.0,,,19.0,20.0,,,,,,,274.84,2.86,,,,,,,,,,,,,,,,,,,,,,,,,,,,,,,,,,,,,,,,,,,,,,,,,,,,,,,,,,,,,9.999e+20,40.0,2.4,60.0,4.0,,,,,,0.0,,,,,,,1520.0,40.0,40.0,40.0,,273.7,,,,,,,,,,,,,,,,,,,,,,,,,,,,,2.4,0.0,0.0,0.4,0.8,0.8,1.2,1.2,1.6,1.6,0.0,2.0,2.4,2.4,3.2,3.2,3.6,4.0,4.4,5.6,6.0,7.91004,2.4235,2.02,0.0,0.0,0.0,0.0,26.0,0.0,7.0,0.0,2.8,3.2,
2026040816,,,,,,,,,,,,,,,,,,,,,,,,,,,,,,,,,0.0,,,,,,,,,,,,,,,,,,,,,,,,,,,,,,,,,,,,,,,,,,,,,,,,,,,,,,,,,,,,,,,,,,,,,,,,,,,,,,,,,,,,,,,,,,,,,,,,,,,,,,,,,,,,,,,,,,,,,,,,,,,,,,,,,,,,,,,,,,,,,,,,,,,,,,,,,,,,,,,,,,,,,,,,,,,,,,,,,,,,,,,,,,,,,,,,,,,,,,,,,,,,,,,,,,,,,,,,,,,,,,,,,,,,,,,,,,,,,,,,,,,,,,,,,,,,,,,,,,,,,,,,,,,,,,,,,,,,,,,,,,,,,,,,,,,,,,,,,,,,,,,,,,,,,,,,,,,,,,,,,,,,,,,,,,,,,,,,,,,,,,,,,,,,,,,,,,,,,,,,,,,,,,,,,,,,,,,,,,,,,,,,,,,,,,,,,,,,,,,,,,,,,,,,,,,,,,,,,,,,,,,,,,,,,,,,,,,,,,,,,,,,,,,,,,,,,,,,,,,,,,,,,,,,,,,,,,,,,,,,,,,,,,,,,,,,,,,,,,,,,,,,,,,,,,,,,,,,,,,,,,,,,,,,,,,,,,,,,,,,,,,,,,,,,,,,,,,,
2026040817,,,,,,,,,,,,,,,,,,,,,,,,,,,,,,,,,0.0,,,,,,,,,,,,,,,,,,,,,,,,,,,,,,,,,,,,,,,,,,,,,,,,,,,,,,,,,,,,,,,,,,,,,,,,,,,,,,,,,,,,,,,,,,,,,,,,,,,,,,,,,,,,,,,,,,,,,,,,,,,,,,,,,,,,,,,,,,,,,,,,,,,,,,,,,,,,,,,,,,,,,,,,,,,,,,,,,,,,,,,,,,,,,,,,,,,,,,,,,,,,,,,,,,,,,,,,,,,,,,,,,,,,,,,,,,,,,,,,,,,,,,,,,,,,,,,,,,,,,,,,,,,,,,,,,,,,,,,,,,,,,,,,,,,,,,,,,,,,,,,,,,,,,,,,,,,,,,,,,,,,,,,,,,,,,,,,,,,,,,,,,,,,,,,,,,,,,,,,,,,,,,,,,,,,,,,,,,,,,,,,,,,,,,,,,,,,,,,,,,,,,,,,,,,,,,,,,,,,,,,,,,,,,,,,,,,,,,,,,,,,,,,,,,,,,,,,,,,,,,,,,,,,,,,,,,,,,,,,,,,,,,,,,,,,,,,,,,,,,,,,,,,,,,,,,,,,,,,,,,,,,,,,,,,,,,,,,,,,,,,,,,,,,,,,,,,,
2026040818,0.719,0.0,0.0,0.0,0.0,0.0,0.0,0.0,0.0,0.0,0.0,0.0,0.0,0.0,0.0,0.0,0.077,0.446,0.981,2.115,4.117,12.594,23.0,0.0,1.0,0.0,0.0,9.0,0.0,0.0,3.0,0.0,0.0,,,,,,,,,,,,,,,,,,,,,,,,,,,,,,,,,,,,,,,,,,,,,,,,,,,,,,,,,,,,,,,,,,0.0,0.0,0.0,0.0,0.0,0.0,0.0,0.0,0.0,0.0,0.0,0.0,0.0,0.0,0.0,0.0,0.0,0.002,0.277,0.883,2.208,6.837,15.0,0.0,0.0,4.0,0.0,0.0,0.0,1.0,0.0,0.0,,,,,,,,,,,,,,,,,,,,,,,,,,,,,,,,,276.82,,,,,,,,,,,,,,,,,,,0.005,,,,,,,,,,,,,,,,,,0.008,,,,,,,,,,,,,,,,,,0.003,0.0,0.0,0.0,0.0,0.0,0.003,0.023,11.0,4.0,0.0,0.0,0.0,0.0,0.0,0.0,0.0,0.0,0.008,,,,,,,,,,,,,,,,,,8.0,17.0,,,,,,,,,,,13.0,13.0,13.0,14.0,15.0,17.0,17.0,0.0,0.0,0.0,0.0,0.0,14.5,,267.54,2.27,,263.0,1.0,,0.0,,,,,,,,,,,,,,,,,,,,,,,,,0.0,0.0,0.0,0.0,0.0,0.0,0.0,0.0,0.0,0.0,0.0,0.0,0.0,0.0,,,,,,,,,,,,,17.0,9.999e+20,,,,,,,,,,,,,,,,,,,,,,,,,,,,,9.4,2.0,3.2,4.0,4.57718,5.21245,6.13152,6.59376,7.11025,7.58729,2.4,8.08252,9.04971,10.3646,10.9002,11.1934,12.6213,13.7725,15.5043,18.7919,20.328,23.9552,9.40036,5.5,31.0,16.0,12.0,4.0,0.0,0.0,0.0,47.0,2.0,9.999e+20,9.999e+20,9.999e+20,9.999e+20,9.999e+20,,65.0,,1192.0,,1.2,0.0,16.8,0.0,,42.0,8.7,3.2,4.6,3.0,9.1,12.7,14.2,15.3,784.0,304.0,496.0,264.0,744.0,1040.0,1296.0,1360.0,,,16.0,20.0,,,,,,3.16655,279.4,2.41,,,,,,,,,,,,,,,,,,,,,,,,,,,,,,,271.926,265.752,267.798,269.048,269.685,269.999,270.352,271.062,271.549,271.76,267.333,272.266,272.557,272.729,272.897,273.075,273.743,274.661,275.052,275.947,276.93,279.286,0.0,0.0,0.0,0.0,0.0,34.0,70.0,0.0,9.999e+20,10.0,3.5,50.0,5.2,,1.0,,,0.0,4.0,,,,,,,5268.0,10.0,10.0,10.0,,277.7,,,,,,,,,,,,,,,,,,,,,,,,,,,,,3.5,0.8,1.6,1.6,1.6,2.0,2.0,2.4,2.8,2.8,0.8,3.2,3.2,3.6,4.0,4.4,4.8,5.2,5.92953,7.6061,8.22562,10.0999,3.47403,2.3,0.0,0.0,0.0,0.0,41.0,0.0,16.0,3.0,4.3,4.4,
2026040819,,,,,,,,,,,,,,,,,,,,,,,,,,,,,,,,,0.0,,,,,,,,,,,,,,,,,,,,,,,,,,,,,,,,,,,,,,,,,,,,,,,,,,,,,,,,,,,,,,,,,,,,,,,,,,,,,,,,,,,,,,,,,,,,,,,,,,,,,,,,,,,,,,,,,,,,,,,,,,,,,,,,,,,,,,,,,,,,,,,,,,,,,,,,,,,,,,,,,,,,,,,,,,,,,,,,,,,,,,,,,,,,,,,,,,,,,,,,,,,,,,,,,,,,,,,,,,,,,,,,,,,,,,,,,,,,,,,,,,,,,,,,,,,,,,,,,,,,,,,,,,,,,,,,,,,,,,,,,,,,,,,,,,,,,,,,,,,,,,,,,,,,,,,,,,,,,,,,,,,,,,,,,,,,,,,,,,,,,,,,,,,,,,,,,,,,,,,,,,,,,,,,,,,,,,,,,,,,,,,,,,,,,,,,,,,,,,,,,,,,,,,,,,,,,,,,,,,,,,,,,,,,,,,,,,,,,,,,,,,,,,,,,,,,,,,,,,,,,,,,,,,,,,,,,,,,,,,,,,,,,,,,,,,,,,,,,,,,,,,,,,,,,,,,,,,,,,,,,,,,,,,,,,,,,,,,,,,,,,,,,,,,,,,,,,,,
2026040820,,,,,,,,,,,,,,,,,,,,,,,,,,,,,,,,,0.0,,,,,,,,,,,,,,,,,,,,,,,,,,,,,,,,,,,,,,,,,,,,,,,,,,,,,,,,,,,,,,,,,,,,,,,,,,,,,,,,,,,,,,,,,,,,,,,,,,,,,,,,,,,,,,,,,,,,,,,,,,,,,,,,,,,,,,,,,,,,,,,,,,,,,,,,,,,,,,,,,,,,,,,,,,,,,,,,,,,,,,,,,,,,,,,,,,,,,,,,,,,,,,,,,,,,,,,,,,,,,,,,,,,,,,,,,,,,,,,,,,,,,,,,,,,,,,,,,,,,,,,,,,,,,,,,,,,,,,,,,,,,,,,,,,,,,,,,,,,,,,,,,,,,,,,,,,,,,,,,,,,,,,,,,,,,,,,,,,,,,,,,,,,,,,,,,,,,,,,,,,,,,,,,,,,,,,,,,,,,,,,,,,,,,,,,,,,,,,,,,,,,,,,,,,,,,,,,,,,,,,,,,,,,,,,,,,,,,,,,,,,,,,,,,,,,,,,,,,,,,,,,,,,,,,,,,,,,,,,,,,,,,,,,,,,,,,,,,,,,,,,,,,,,,,,,,,,,,,,,,,,,,,,,,,,,,,,,,,,,,,,,,,,,,,,,,,,,
2026040821,,,,,,,,,,,,,,,,,,,,,,,,,,,,,,,,,0.0,,,,,,,,,,,,,,,,,,,,,,,,,,,,,,,,,,,,,,,,,,,,,,,,,,,,,,,,,,,,,,,,,,,,,,,,,,,,,,,,,,,,,,,,,,,,,,,,,,,,,,,,,,,,,,,,,,,,,,,,,,,,,,,,,,279.12,,,,,,,,,,,,,,,,,,,,,,,,,,,,,,,,,,,,,,,,,,,,,,,,,,,,,,,,,,,,,,,,,,,,,,,,,,,,,,,,,,,,,,,,,,,18.0,31.0,,,,,,,,,,,12.0,14.0,12.0,14.0,15.0,19.0,19.0,0.0,0.0,0.0,0.0,0.0,15.1,,268.43,2.71,,765.0,0.0,,,,,,,,,,,,,,,,,,,,,,,,,,,,,,,,,,,,,,,,,,,,,,,,,,,,,,9.999e+20,,,,,,,,,,,,,,,,,,,,,,,,,,,,,10.4,3.2,4.61274,5.50357,5.95967,6.47576,7.3694,7.91811,8.48667,8.95749,3.27376,9.47443,10.0496,10.3117,11.2471,11.7581,12.8277,13.922,16.6956,18.9184,20.8158,24.6474,10.427,5.3,33.0,18.0,14.0,4.0,2.0,0.0,0.0,57.0,,9.999e+20,9.999e+20,9.999e+20,9.999e+20,9.999e+20,,,,1800.0,,1.2,0.0,12.0,0.0,,39.0,7.1,2.4,3.5,2.2,6.9,10.5,13.2,13.9,968.0,472.0,680.0,392.0,928.0,1256.0,1464.0,1536.0,,,36.0,30.0,,,,,,,281.55,2.69,,,,,,,,,,,,,,,,,,,,,,,,,,,,,,,,,,,,,,,,,,,,,,,,,,,,,,,,,,,,,9.999e+20,320.0,4.6,0.0,6.5,,,,,,4.0,,,,,,,10443.0,320.0,320.0,320.0,,279.8,,,,,,,,,,,,,,,,,,,,,,,,,,,,,4.6,1.6,2.4,2.8,2.8,2.8,3.2,3.6,3.6,3.6,2.0,4.0,4.0,4.4,4.4,4.8,5.23318,5.27595,6.96338,7.93293,8.91188,10.3992,4.56672,2.0,0.0,0.0,0.0,0.0,60.0,0.0,18.0,5.0,5.1,5.6,
2026040822,,,,,,,,,,,,,,,,,,,,,,,,,,,,,,,,,0.0,,,,,,,,,,,,,,,,,,,,,,,,,,,,,,,,,,,,,,,,,,,,,,,,,,,,,,,,,,,,,,,,,,,,,,,,,,,,,,,,,,,,,,,,,,,,,,,,,,,,,,,,,,,,,,,,,,,,,,,,,,,,,,,,,,,,,,,,,,,,,,,,,,,,,,,,,,,,,,,,,,,,,,,,,,,,,,,,,,,,,,,,,,,,,,,,,,,,,,,,,,,,,,,,,,,,,,,,,,,,,,,,,,,,,,,,,,,,,,,,,,,,,,,,,,,,,,,,,,,,,,,,,,,,,,,,,,,,,,,,,,,,,,,,,,,,,,,,,,,,,,,,,,,,,,,,,,,,,,,,,,,,,,,,,,,,,,,,,,,,,,,,,,,,,,,,,,,,,,,,,,,,,,,,,,,,,,,,,,,,,,,,,,,,,,,,,,,,,,,,,,,,,,,,,,,,,,,,,,,,,,,,,,,,,,,,,,,,,,,,,,,,,,,,,,,,,,,,,,,,,,,,,,,,,,,,,,,,,,,,,,,,,,,,,,,,,,,,,,,,,,,,,,,,,,,,,,,,,,,,,,,,,,,,,,,,,,,,,,,,,,,,,,,,,,,,,,,,
2026040823,,,,,,,,,,,,,,,,,,,,,,,,,,,,,,,,,0.0,,,,,,,,,,,,,,,,,,,,,,,,,,,,,,,,,,,,,,,,,,,,,,,,,,,,,,,,,,,,,,,,,,,,,,,,,,,,,,,,,,,,,,,,,,,,,,,,,,,,,,,,,,,,,,,,,,,,,,,,,,,,,,,,,,,,,,,,,,,,,,,,,,,,,,,,,,,,,,,,,,,,,,,,,,,,,,,,,,,,,,,,,,,,,,,,,,,,,,,,,,,,,,,,,,,,,,,,,,,,,,,,,,,,,,,,,,,,,,,,,,,,,,,,,,,,,,,,,,,,,,,,,,,,,,,,,,,,,,,,,,,,,,,,,,,,,,,,,,,,,,,,,,,,,,,,,,,,,,,,,,,,,,,,,,,,,,,,,,,,,,,,,,,,,,,,,,,,,,,,,,,,,,,,,,,,,,,,,,,,,,,,,,,,,,,,,,,,,,,,,,,,,,,,,,,,,,,,,,,,,,,,,,,,,,,,,,,,,,,,,,,,,,,,,,,,,,,,,,,,,,,,,,,,,,,,,,,,,,,,,,,,,,,,,,,,,,,,,,,,,,,,,,,,,,,,,,,,,,,,,,,,,,,,,,,,,,,,,,,,,,,,,,,,,,,,,,,,
2026040900,0.853,0.0,0.0,0.0,0.0,0.0,0.0,0.0,0.0,0.0,0.0,0.0,0.0,0.0,0.0,0.0,0.224,0.85,1.598,2.95,5.236,10.534,25.0,0.0,1.0,0.0,0.0,11.0,0.0,0.0,3.0,0.0,0.0,,2.181,0.0,0.0,0.0,0.0,0.0,0.0,0.0,0.0,0.0,0.0,0.0,0.0,0.057,0.389,0.881,1.772,2.78,4.418,6.47,11.365,26.937,37.0,0.0,5.0,0.0,0.0,0.0,1.0,0.0,10.0,0.0,,,,,,,,,,,,,,,,,,,,,,,,,,,,,,,,,0.0,0.0,0.0,0.0,0.0,0.0,0.0,0.0,0.0,0.0,0.0,0.0,0.0,0.0,0.0,0.0,0.0,0.265,0.922,1.634,2.825,6.241,20.0,0.0,0.0,6.0,0.0,0.0,0.0,1.0,0.0,0.0,,,,,,,,,,,,,,,,,,,,,,,,,,,,,,,,,278.49,,,,,,,,,,,,,,,,,,,0.005,0.0,0.0,0.0,0.0,0.0,0.02,0.051,19.0,8.0,5.0,0.0,0.0,0.0,0.0,0.0,0.0,0.0,0.01,0.0,0.0,0.0,0.0,0.003,0.02,0.071,10.0,7.0,1.0,0.0,0.0,0.0,0.0,0.0,0.0,0.0,0.003,0.0,0.0,0.0,0.0,0.0,0.005,0.015,12.0,2.0,0.0,0.0,0.0,0.0,0.0,0.0,0.0,0.0,0.01,0.0,0.0,0.0,0.0,0.003,0.02,0.071,10.0,1.0,0.0,0.0,0.0,0.0,0.0,0.0,0.0,0.0,13.0,24.0,,,,,,,,,,,11.0,15.0,11.0,15.0,16.0,20.0,20.0,0.0,0.0,0.0,0.0,0.0,15.6,,268.56,2.27,,650.0,2.0,,0.0,0.0,0.0,0.0,0.0,0.0,0.0,0.0,0.0,0.0,0.0,0.0,0.0,0.0,0.0,0.0,0.0,0.0,0.0,0.0,0.0,0.0,0.0,0.0,0.0,0.0,0.0,0.0,0.0,0.0,0.0,0.0,0.0,0.0,0.0,0.0,0.0,0.0,0.0,0.0,0.0,0.0,0.0,0.0,0.0,0.0,0.0,0.0,0.0,0.0,0.0,21.0,9.999e+20,,,,,,,,,,,,,,,,,,,,,,,,,,,,,9.4,3.2,4.4,4.8,5.6,5.81519,6.51027,6.71914,7.637,7.77512,4.0,7.8426,8.36341,8.92389,9.83146,10.3774,10.9078,11.8746,14.1366,15.5917,18.1928,22.7497,9.04046,4.52,24.0,11.0,8.0,2.0,0.0,0.0,0.0,43.0,2.0,9.999e+20,9.999e+20,9.999e+20,9.999e+20,9.999e+20,,,,2136.0,0.0,1.2,0.0,12.0,0.0,,42.0,6.0,2.2,2.8,1.8,5.6,8.7,12.0,13.3,1120.0,680.0,800.0,528.0,1064.0,1408.0,1616.0,1688.0,,,36.0,27.0,,282.44,2.4,,,,280.94,2.26,,,,,,,,,,,,,,,,,,,,,,,,,,,,,,,,,,,,,,,,,,,,,,,,,,,,,,,,,,,,,9.999e+20,300.0,3.7,30.0,4.9,1.0,3.0,,,3.0,4.0,,,,,,,9764.0,300.0,300.0,300.0,,278.1,,,,,,,,,,,,,,,,,,,,,,,,,,,,,3.7,1.2,2.0,2.4,2.4,2.4,2.8,2.8,3.2,3.2,1.6,3.2,3.2,3.6,3.6,4.0,4.0,4.4,4.8,6.0,6.4,8.63923,3.67298,1.5,0.0,0.0,0.0,0.0,38.0,0.0,12.0,2.0,4.1,4.5,
2026040901,,,,,,,,,,,,,,,,,,,,,,,,,,,,,,,,,0.0,,,,,,,,,,,,,,,,,,,,,,,,,,,,,,,,,,,,,,,,,,,,,,,,,,,,,,,,,,,,,,,,,,,,,,,,,,,,,,,,,,,,,,,,,,,,,,,,,,,,,,,,,,,,,,,,,,,,,,,,,,,,,,,,,,,,,,,,,,,,,,,,,,,,,,,,,,,,,,,,,,,,,,,,,,,,,,,,,,,,,,,,,,,,,,,,,,,,,,,,,,,,,,,,,,,,,,,,,,,,,,,,,,,,,,,,,,,,,,,,,,,,,,,,,,,,,,,,,,,,,,,,,,,,,,,,,,,,,,,,,,,,,,,,,,,,,,,,,,,,,,,,,,,,,,,,,,,,,,,,,,,,,,,,,,,,,,,,,,,,,,,,,,,,,,,,,,,,,,,,,,,,,,,,,,,,,,,,,,,,,,,,,,,,,,,,,,,,,,,,,,,,,,,,,,,,,,,,,,,,,,,,,,,,,,,,,,,,,,,,,,,,,,,,,,,,,,,,,,,,,,,,,,,,,,,,,,,,,,,,,,,,,,,,,,,,,,,,,,,,,,,,,,,,,,,,,,,,,,,,,,,,,,,,,,,,,,,,,,,,,,,,,,,,,,,,,,,,
2026040902,,,,,,,,,,,,,,,,,,,,,,,,,,,,,,,,,0.0,,,,,,,,,,,,,,,,,,,,,,,,,,,,,,,,,,,,,,,,,,,,,,,,,,,,,,,,,,,,,,,,,,,,,,,,,,,,,,,,,,,,,,,,,,,,,,,,,,,,,,,,,,,,,,,,,,,,,,,,,,,,,,,,,,,,,,,,,,,,,,,,,,,,,,,,,,,,,,,,,,,,,,,,,,,,,,,,,,,,,,,,,,,,,,,,,,,,,,,,,,,,,,,,,,,,,,,,,,,,,,,,,,,,,,,,,,,,,,,,,,,,,,,,,,,,,,,,,,,,,,,,,,,,,,,,,,,,,,,,,,,,,,,,,,,,,,,,,,,,,,,,,,,,,,,,,,,,,,,,,,,,,,,,,,,,,,,,,,,,,,,,,,,,,,,,,,,,,,,,,,,,,,,,,,,,,,,,,,,,,,,,,,,,,,,,,,,,,,,,,,,,,,,,,,,,,,,,,,,,,,,,,,,,,,,,,,,,,,,,,,,,,,,,,,,,,,,,,,,,,,,,,,,,,,,,,,,,,,,,,,,,,,,,,,,,,,,,,,,,,,,,,,,,,,,,,,,,,,,,,,,,,,,,,,,,,,,,,,,,,,,,,,,,,,,,,,,,
2026040903,,,,,,,,,,,,,,,,,,,,,,,,,,,,,,,,,0.0,,,,,,,,,,,,,,,,,,,,,,,,,,,,,,,,,,,,,,,,,,,,,,,,,,,,,,,,,,,,,,,,,,,,,,,,,,,,,,,,,,,,,,,,,,,,,,,,,,,,,,,,,,,,,,,,,,,,,,,,,,,,,,,,,,275.84,,,,,,,,,,,,,,,,,,,,,,,,,,,,,,,,,,,,,,,,,,,,,,,,,,,,,,,,,,,,,,,,,,,,,,,,,,,,,,,,,,,,,,,,,,,1.0,3.0,,,,,,,,,,,11.0,14.0,11.0,15.0,17.0,21.0,21.0,0.0,0.0,0.0,0.0,0.0,15.7,,269.57,2.02,,153.0,3.0,,,,,,,,,,,,,,,,,,,,,,,,,,,,,,,,,,,,,,,,,,,,,,,,,,,,,,9.999e+20,,,,,,,,,,,,,,,,,,,,,,,,,,,,,5.7,1.2,2.4,2.4,2.8,2.92109,3.24414,3.27747,3.7415,3.7778,1.6,3.86266,4.33185,4.8384,5.32826,5.80116,6.71669,7.27338,9.42026,11.2189,12.7913,19.0966,5.33091,4.0,11.0,4.0,3.0,0.0,0.0,0.0,0.0,18.0,,9.999e+20,9.999e+20,9.999e+20,9.999e+20,9.999e+20,,,,352.0,,0.0,0.0,4.8,0.0,,56.0,6.2,2.3,3.0,2.1,5.7,8.5,12.4,13.8,1096.0,600.0,768.0,544.0,1056.0,1400.0,1608.0,1648.0,,,24.0,28.0,,,,,,,277.76,2.0,,,,,,,,,,,,,,,,,,,,,,,,,,,,,,,,,,,,,,,,,,,,,,,,,,,,,,,,,,,,,9.999e+20,300.0,2.0,50.0,4.1,,,,,,0.0,,,,,,,903.0,300.0,300.0,300.0,,275.3,,,,,,,,,,,,,,,,,,,,,,,,,,,,,2.0,0.0,0.8,0.8,0.8,0.8,1.2,1.2,1.2,1.2,0.4,1.6,1.6,1.6,2.0,2.0,2.4,2.8,3.6,4.4,4.8,7.24578,2.03769,1.6,0.0,0.0,0.0,0.0,14.0,0.0,4.0,0.0,2.4,2.4,
2026040904,,,,,,,,,,,,,,,,,,,,,,,,,,,,,,,,,0.0,,,,,,,,,,,,,,,,,,,,,,,,,,,,,,,,,,,,,,,,,,,,,,,,,,,,,,,,,,,,,,,,,,,,,,,,,,,,,,,,,,,,,,,,,,,,,,,,,,,,,,,,,,,,,,,,,,,,,,,,,,,,,,,,,,,,,,,,,,,,,,,,,,,,,,,,,,,,,,,,,,,,,,,,,,,,,,,,,,,,,,,,,,,,,,,,,,,,,,,,,,,,,,,,,,,,,,,,,,,,,,,,,,,,,,,,,,,,,,,,,,,,,,,,,,,,,,,,,,,,,,,,,,,,,,,,,,,,,,,,,,,,,,,,,,,,,,,,,,,,,,,,,,,,,,,,,,,,,,,,,,,,,,,,,,,,,,,,,,,,,,,,,,,,,,,,,,,,,,,,,,,,,,,,,,,,,,,,,,,,,,,,,,,,,,,,,,,,,,,,,,,,,,,,,,,,,,,,,,,,,,,,,,,,,,,,,,,,,,,,,,,,,,,,,,,,,,,,,,,,,,,,,,,,,,,,,,,,,,,,,,,,,,,,,,,,,,,,,,,,,,,,,,,,,,,,,,,,,,,,,,,,,,,,,,,,,,,,,,,,,,,,,,,,,,,,,,,,
2026040905,,,,,,,,,,,,,,,,,,,,,,,,,,,,,,,,,0.0,,,,,,,,,,,,,,,,,,,,,,,,,,,,,,,,,,,,,,,,,,,,,,,,,,,,,,,,,,,,,,,,,,,,,,,,,,,,,,,,,,,,,,,,,,,,,,,,,,,,,,,,,,,,,,,,,,,,,,,,,,,,,,,,,,,,,,,,,,,,,,,,,,,,,,,,,,,,,,,,,,,,,,,,,,,,,,,,,,,,,,,,,,,,,,,,,,,,,,,,,,,,,,,,,,,,,,,,,,,,,,,,,,,,,,,,,,,,,,,,,,,,,,,,,,,,,,,,,,,,,,,,,,,,,,,,,,,,,,,,,,,,,,,,,,,,,,,,,,,,,,,,,,,,,,,,,,,,,,,,,,,,,,,,,,,,,,,,,,,,,,,,,,,,,,,,,,,,,,,,,,,,,,,,,,,,,,,,,,,,,,,,,,,,,,,,,,,,,,,,,,,,,,,,,,,,,,,,,,,,,,,,,,,,,,,,,,,,,,,,,,,,,,,,,,,,,,,,,,,,,,,,,,,,,,,,,,,,,,,,,,,,,,,,,,,,,,,,,,,,,,,,,,,,,,,,,,,,,,,,,,,,,,,,,,,,,,,,,,,,,,,,,,,,,,,,,,,,
2026040906,0.771,0.0,0.0,0.0,0.0,0.0,0.0,0.0,0.0,0.0,0.0,0.0,0.0,0.0,0.0,0.0,0.006,0.604,1.49,2.564,4.736,11.689,22.0,0.0,1.0,0.0,0.0,10.0,0.0,0.0,3.0,0.0,0.0,,,,,,,,,,,,,,,,,,,,,,,,,,,,,,,,,,,,,,,,,,,,,,,,,,,,,,,,,,,,,,,,,,0.0,0.0,0.0,0.0,0.0,0.0,0.0,0.0,0.0,0.0,0.0,0.0,0.0,0.0,0.0,0.0,0.0,0.0,0.172,0.64,1.696,4.704,14.0,0.0,0.0,3.0,0.0,0.0,0.0,1.0,0.0,0.0,,,,,,,,,,,,,,,,,,,,,,,,,,,,,,,,,273.63,,,,,,,,,,,,,,,,,,,0.005,,,,,,,,,,,,,,,,,,0.01,,,,,,,,,,,,,,,,,,0.0,0.0,0.0,0.0,0.0,0.0,0.0,0.0,3.0,0.0,0.0,0.0,0.0,0.0,0.0,0.0,0.0,0.0,0.01,,,,,,,,,,,,,,,,,,1.0,2.0,,,,,,,,,,,13.0,14.0,13.0,15.0,19.0,22.0,22.0,0.0,0.0,0.0,0.0,0.0,16.0,,268.42,2.47,,77.0,3.0,,0.0,,,,,,,,,,,,,,,,,,,,,,,,,0.0,0.0,0.0,0.0,0.0,0.0,0.0,0.0,0.0,0.0,0.0,0.0,0.0,0.0,,,,,,,,,,,,,17.0,9.999e+20,13.7121,6.56408,8.03961,8.77156,9.36834,10.0521,10.8645,11.7111,12.0602,12.6918,7.52171,13.3584,14.0305,14.6448,15.2384,16.1602,16.6688,17.564,18.8617,20.6999,22.6939,27.8687,66.0,20.0,10.0,2.0,1.0,0.0,4.4,0.8,1.6,1.6,1.6,2.0,2.4,2.4,2.8,3.2,1.2,3.6,3.60305,3.66143,4.18021,4.7045,5.65632,6.5966,7.3826,9.28574,11.3493,14.0314,4.40655,3.3,5.0,1.0,0.0,0.0,0.0,0.0,0.0,11.0,2.0,9.999e+20,9.999e+20,9.999e+20,9.999e+20,9.999e+20,,,39.0,264.0,,0.0,0.0,4.8,0.0,,61.0,6.8,2.6,3.3,2.1,6.2,9.1,13.1,14.4,1000.0,496.0,688.0,424.0,1000.0,1336.0,1496.0,1584.0,,,15.0,22.0,,,,,,3.49605,275.31,2.5,281.454,275.154,276.701,277.171,278.306,278.505,279.549,279.895,280.566,281.067,276.276,281.096,281.685,282.074,282.496,283.312,284.037,284.46,285.194,286.252,287.678,289.079,0.0,0.0,0.0,0.0,0.0,0.0,0.0,0.0,,,,,,,,,,,,,,,,,,,,,,,,,,,,,,,9.999e+20,90.0,1.6,80.0,4.5,,3.0,,,2.0,9.999e+20,,,,,,,550.0,90.0,90.0,90.0,,273.5,5.46738,3.2,4.0,4.0,4.4,4.21198,4.39024,4.84507,4.91161,4.96262,4.0,5.39768,5.45904,5.89222,5.96988,6.04419,6.54234,6.66247,7.14888,8.08721,8.75775,10.6676,1.0,0.0,0.0,0.0,41.0,6.0,1.6,0.0,0.4,0.4,0.8,0.8,0.8,0.8,0.8,1.2,0.0,1.2,1.2,1.6,1.6,2.0,2.4,2.8,2.8,3.2,4.0,5.03822,1.62245,1.3,0.0,0.0,0.0,0.0,8.0,0.0,1.0,0.0,2.0,2.0,
2026040907,,,,,,,,,,,,,,,,,,,,,,,,,,,,,,,,,0.0,,,,,,,,,,,,,,,,,,,,,,,,,,,,,,,,,,,,,,,,,,,,,,,,,,,,,,,,,,,,,,,,,,,,,,,,,,,,,,,,,,,,,,,,,,,,,,,,,,,,,,,,,,,,,,,,,,,,,,,,,,,,,,,,,,,,,,,,,,,,,,,,,,,,,,,,,,,,,,,,,,,,,,,,,,,,,,,,,,,,,,,,,,,,,,,,,,,,,,,,,,,,,,,,,,,,,,,,,,,,,,,,,,,,,,,,,,,,,,,,,,,,,,,,,,,,,,,,,,,,,,,,,,,,,,,,,,,,,,,,,,,,,,,,,,,,,,,,,,,,,,,,,,,,,,,,,,,,,,,,,,,,,,,,,,,,,,,,,,,,,,,,,,,,,,,,,,,,,,,,,,,,,,,,,,,,,,,,,,,,,,,,,,,,,,,,,,,,,,,,,,,,,,,,,,,,,,,,,,,,,,,,,,,,,,,,,,,,,,,,,,,,,,,,,,,,,,,,,,,,,,,,,,,,,,,,,,,,,,,,,,,,,,,,,,,,,,,,,,,,,,,,,,,,,,,,,,,,,,,,,,,,,,,,,,,,,,,,,,,,,,,,,,,,,,,,,,,,
2026040908,,,,,,,,,,,,,,,,,,,,,,,,,,,,,,,,,0.0,,,,,,,,,,,,,,,,,,,,,,,,,,,,,,,,,,,,,,,,,,,,,,,,,,,,,,,,,,,,,,,,,,,,,,,,,,,,,,,,,,,,,,,,,,,,,,,,,,,,,,,,,,,,,,,,,,,,,,,,,,,,,,,,,,,,,,,,,,,,,,,,,,,,,,,,,,,,,,,,,,,,,,,,,,,,,,,,,,,,,,,,,,,,,,,,,,,,,,,,,,,,,,,,,,,,,,,,,,,,,,,,,,,,,,,,,,,,,,,,,,,,,,,,,,,,,,,,,,,,,,,,,,,,,,,,,,,,,,,,,,,,,,,,,,,,,,,,,,,,,,,,,,,,,,,,,,,,,,,,,,,,,,,,,,,,,,,,,,,,,,,,,,,,,,,,,,,,,,,,,,,,,,,,,,,,,,,,,,,,,,,,,,,,,,,,,,,,,,,,,,,,,,,,,,,,,,,,,,,,,,,,,,,,,,,,,,,,,,,,,,,,,,,,,,,,,,,,,,,,,,,,,,,,,,,,,,,,,,,,,,,,,,,,,,,,,,,,,,,,,,,,,,,,,,,,,,,,,,,,,,,,,,,,,,,,,,,,,,,,,,,,,,,,,,,,,,,,
2026040909,,,,,,,,,,,,,,,,,,,,,,,,,,,,,,,,,0.0,,,,,,,,,,,,,,,,,,,,,,,,,,,,,,,,,,,,,,,,,,,,,,,,,,,,,,,,,,,,,,,,,,,,,,,,,,,,,,,,,,,,,,,,,,,,,,,,,,,,,,,,,,,,,,,,,,,,,,,,,,,,,,,,,,272.3,,,,,,,,,,,,,,,,,,,,,,,,,,,,,,,,,,,,,,,,,,,,,,,,,,,,,,,,,,,,,,,,,,,,,,,,,,,,,,,,,,,,,,,,,,,1.0,1.0,,,,,,,,,,,14.0,14.0,14.0,15.0,19.0,24.0,24.0,0.0,0.0,0.0,0.0,0.0,16.6,,267.65,2.77,,0.0,2.0,,,,,,,,,,,,,,,,,,,,,,,,,,,,,,,,,,,,,,,,,,,,,,,,,,,,,,9.999e+20,,,,,,,,,,,,,,,,,,,,,,,,,,,,,4.6,0.8,1.6,1.6,2.0,2.0,2.4,2.8,3.2,3.2,1.2,3.6,4.0,4.0,5.26836,5.73198,6.20794,6.69708,7.64951,9.11604,10.2356,13.167,4.62477,3.0,3.0,0.0,0.0,0.0,0.0,0.0,0.0,12.0,,9.999e+20,9.999e+20,9.999e+20,9.999e+20,9.999e+20,,,,272.0,,1.2,0.0,3.6,0.0,,61.0,7.3,2.8,3.7,2.4,7.0,10.0,13.8,14.7,912.0,416.0,608.0,352.0,896.0,1224.0,1360.0,1496.0,,,16.0,20.0,,,,,,,274.07,3.01,,,,,,,,,,,,,,,,,,,,,,,,,,,,,,,,,,,,,,,,,,,,,,,,,,,,,,,,,,,,,9.999e+20,100.0,2.0,90.0,4.4,,,,,,0.0,,,,,,,561.0,100.0,100.0,100.0,,272.4,,,,,,,,,,,,,,,,,,,,,,,,,,,,,2.0,0.0,0.4,0.4,0.8,0.8,0.8,0.8,1.2,1.2,0.0,1.6,1.6,2.0,2.0,2.4,2.4,2.8,3.2,3.6,4.0,4.8,1.61649,1.22,0.0,0.0,0.0,0.0,10.0,0.0,0.0,0.0,2.0,2.4,
2026040910,,,,,,,,,,,,,,,,,,,,,,,,,,,,,,,,,0.0,,,,,,,,,,,,,,,,,,,,,,,,,,,,,,,,,,,,,,,,,,,,,,,,,,,,,,,,,,,,,,,,,,,,,,,,,,,,,,,,,,,,,,,,,,,,,,,,,,,,,,,,,,,,,,,,,,,,,,,,,,,,,,,,,,,,,,,,,,,,,,,,,,,,,,,,,,,,,,,,,,,,,,,,,,,,,,,,,,,,,,,,,,,,,,,,,,,,,,,,,,,,,,,,,,,,,,,,,,,,,,,,,,,,,,,,,,,,,,,,,,,,,,,,,,,,,,,,,,,,,,,,,,,,,,,,,,,,,,,,,,,,,,,,,,,,,,,,,,,,,,,,,,,,,,,,,,,,,,,,,,,,,,,,,,,,,,,,,,,,,,,,,,,,,,,,,,,,,,,,,,,,,,,,,,,,,,,,,,,,,,,,,,,,,,,,,,,,,,,,,,,,,,,,,,,,,,,,,,,,,,,,,,,,,,,,,,,,,,,,,,,,,,,,,,,,,,,,,,,,,,,,,,,,,,,,,,,,,,,,,,,,,,,,,,,,,,,,,,,,,,,,,,,,,,,,,,,,,,,,,,,,,,,,,,,,,,,,,,,,,,,,,,,,,,,,,,,,
2026040911,,,,,,,,,,,,,,,,,,,,,,,,,,,,,,,,,0.0,,,,,,,,,,,,,,,,,,,,,,,,,,,,,,,,,,,,,,,,,,,,,,,,,,,,,,,,,,,,,,,,,,,,,,,,,,,,,,,,,,,,,,,,,,,,,,,,,,,,,,,,,,,,,,,,,,,,,,,,,,,,,,,,,,,,,,,,,,,,,,,,,,,,,,,,,,,,,,,,,,,,,,,,,,,,,,,,,,,,,,,,,,,,,,,,,,,,,,,,,,,,,,,,,,,,,,,,,,,,,,,,,,,,,,,,,,,,,,,,,,,,,,,,,,,,,,,,,,,,,,,,,,,,,,,,,,,,,,,,,,,,,,,,,,,,,,,,,,,,,,,,,,,,,,,,,,,,,,,,,,,,,,,,,,,,,,,,,,,,,,,,,,,,,,,,,,,,,,,,,,,,,,,,,,,,,,,,,,,,,,,,,,,,,,,,,,,,,,,,,,,,,,,,,,,,,,,,,,,,,,,,,,,,,,,,,,,,,,,,,,,,,,,,,,,,,,,,,,,,,,,,,,,,,,,,,,,,,,,,,,,,,,,,,,,,,,,,,,,,,,,,,,,,,,,,,,,,,,,,,,,,,,,,,,,,,,,,,,,,,,,,,,,,,,,,,,,,
2026040912,0.441,0.0,0.0,0.0,0.0,0.0,0.0,0.0,0.0,0.0,0.0,0.0,0.0,0.0,0.0,0.0,0.0,0.04,0.36,1.201,2.918,7.733,16.0,0.0,0.0,0.0,0.0,6.0,0.0,0.0,2.0,0.0,0.0,,1.621,0.0,0.0,0.0,0.0,0.0,0.0,0.0,0.0,0.0,0.0,0.0,0.0,0.0,0.0,0.05,0.585,1.441,2.813,5.518,9.226,21.547,27.0,0.0,3.0,0.0,0.0,0.0,1.0,0.0,9.0,0.0,3.375,0.0,0.0,0.0,0.0,0.0,0.0,0.0,0.0,0.049,0.0,0.382,0.77,1.319,2.087,2.798,3.863,5.528,7.102,9.862,16.693,30.818,7.0,0.0,32.0,0.0,2.0,0.0,0.0,0.0,0.0,0.0,0.0,0.0,0.0,0.0,0.0,0.0,0.0,0.0,0.0,0.0,0.0,0.0,0.0,0.0,0.0,0.0,0.0,0.0,0.0,0.04,0.895,3.562,8.0,0.0,0.0,2.0,0.0,0.0,0.0,0.0,0.0,0.0,3.801,0.0,0.0,0.0,0.0,0.0,0.0,0.0,0.02,0.392,0.0,0.778,1.238,2.003,2.698,3.384,4.776,6.224,8.144,11.775,17.896,31.754,0.0,0.0,2.0,0.0,0.0,0.0,0.0,20.0,0.0,0.0,271.36,,,,,,,,,,,,,,,,,,,0.005,0.0,0.0,0.0,0.0,0.0,0.015,0.043,16.0,7.0,4.0,0.0,0.0,0.0,0.0,0.0,0.0,0.0,0.01,0.0,0.0,0.0,0.0,0.005,0.023,0.071,10.0,8.0,1.0,0.0,0.0,0.0,0.0,0.0,0.0,0.0,0.0,0.0,0.0,0.0,0.0,0.0,0.0,0.0,3.0,1.0,0.0,0.0,0.0,0.0,0.0,0.0,0.0,0.0,0.01,0.0,0.0,0.0,0.0,0.005,0.023,0.079,10.0,1.0,0.0,0.0,0.0,0.0,0.0,0.0,0.0,0.0,1.0,2.0,,,,,,,,,,,14.0,14.0,13.0,15.0,19.0,23.0,23.0,0.0,0.0,0.0,0.0,0.0,16.8,,266.75,2.97,,0.0,1.0,,0.0,0.0,0.0,0.0,0.0,0.0,0.0,0.0,0.0,0.0,0.0,0.0,0.0,0.0,0.0,0.0,0.0,0.0,0.0,0.0,0.0,0.0,0.0,0.0,0.0,0.0,0.0,0.0,0.0,0.0,0.0,0.0,0.0,0.0,0.0,0.0,0.0,0.0,0.0,0.0,0.0,0.0,0.0,0.0,0.0,0.0,0.0,0.0,0.0,0.0,0.0,7.2,9.999e+20,,,,,,,,,,,,,,,,,,,,,,,,,,,,,4.51,0.8,1.6,2.0,2.0,2.4,2.4,2.8,3.2,3.2,1.2,3.6,4.0,4.0,5.2349,6.09964,6.53559,6.58854,8.36997,8.85731,10.9501,11.8053,4.54838,2.92,3.0,0.0,0.0,0.0,0.0,0.0,0.0,11.0,2.0,9.999e+20,9.999e+20,9.999e+20,9.999e+20,9.999e+20,,,,272.0,0.0,1.2,0.0,3.6,0.0,,59.0,7.8,3.2,3.9,2.7,7.3,10.8,14.3,15.2,832.0,376.0,528.0,304.0,816.0,1136.0,1272.0,1392.0,,,20.0,23.0,,,,272.65,3.36,,273.5,3.3,,,,,,,,,,,,,,,,,,,,,,,,,,,,,,,,,,,,,,,,,,,,,,,,,,,,,,,,,,,,,9.999e+20,120.0,2.0,90.0,4.0,1.0,2.0,,,1.0,0.0,,,,,,,528.0,120.0,120.0,120.0,,271.7,,,,,,,,,,,,,,,,,,,,,,,,,,,,,2.0,0.0,0.4,0.8,0.8,0.8,0.8,1.2,1.2,1.2,0.0,1.6,2.0,2.0,2.4,2.4,2.4,2.8,3.2,3.6,4.0,4.66083,2.01058,1.22,0.0,0.0,0.0,0.0,11.0,0.0,0.0,0.0,2.0,2.4,
2026040913,,,,,,,,,,,,,,,,,,,,,,,,,,,,,,,,,0.0,,,,,,,,,,,,,,,,,,,,,,,,,,,,,,,,,,,,,,,,,,,,,,,,,,,,,,,,,,,,,,,,,,,,,,,,,,,,,,,,,,,,,,,,,,,,,,,,,,,,,,,,,,,,,,,,,,,,,,,,,,,,,,,,,,,,,,,,,,,,,,,,,,,,,,,,,,,,,,,,,,,,,,,,,,,,,,,,,,,,,,,,,,,,,,,,,,,,,,,,,,,,,,,,,,,,,,,,,,,,,,,,,,,,,,,,,,,,,,,,,,,,,,,,,,,,,,,,,,,,,,,,,,,,,,,,,,,,,,,,,,,,,,,,,,,,,,,,,,,,,,,,,,,,,,,,,,,,,,,,,,,,,,,,,,,,,,,,,,,,,,,,,,,,,,,,,,,,,,,,,,,,,,,,,,,,,,,,,,,,,,,,,,,,,,,,,,,,,,,,,,,,,,,,,,,,,,,,,,,,,,,,,,,,,,,,,,,,,,,,,,,,,,,,,,,,,,,,,,,,,,,,,,,,,,,,,,,,,,,,,,,,,,,,,,,,,,,,,,,,,,,,,,,,,,,,,,,,,,,,,,,,,,,,,,,,,,,,,,,,,,,,,,,,,,,,,,,,
2026040914,,,,,,,,,,,,,,,,,,,,,,,,,,,,,,,,,0.0,,,,,,,,,,,,,,,,,,,,,,,,,,,,,,,,,,,,,,,,,,,,,,,,,,,,,,,,,,,,,,,,,,,,,,,,,,,,,,,,,,,,,,,,,,,,,,,,,,,,,,,,,,,,,,,,,,,,,,,,,,,,,,,,,,,,,,,,,,,,,,,,,,,,,,,,,,,,,,,,,,,,,,,,,,,,,,,,,,,,,,,,,,,,,,,,,,,,,,,,,,,,,,,,,,,,,,,,,,,,,,,,,,,,,,,,,,,,,,,,,,,,,,,,,,,,,,,,,,,,,,,,,,,,,,,,,,,,,,,,,,,,,,,,,,,,,,,,,,,,,,,,,,,,,,,,,,,,,,,,,,,,,,,,,,,,,,,,,,,,,,,,,,,,,,,,,,,,,,,,,,,,,,,,,,,,,,,,,,,,,,,,,,,,,,,,,,,,,,,,,,,,,,,,,,,,,,,,,,,,,,,,,,,,,,,,,,,,,,,,,,,,,,,,,,,,,,,,,,,,,,,,,,,,,,,,,,,,,,,,,,,,,,,,,,,,,,,,,,,,,,,,,,,,,,,,,,,,,,,,,,,,,,,,,,,,,,,,,,,,,,,,,,,,,,,,,,,,
2026040915,,,,,,,,,,,,,,,,,,,,,,,,,,,,,,,,,0.0,,,,,,,,,,,,,,,,,,,,,,,,,,,,,,,,,,,,,,,,,,,,,,,,,,,,,,,,,,,,,,,,,,,,,,,,,,,,,,,,,,,,,,,,,,,,,,,,,,,,,,,,,,,,,,,,,,,,,,,,,,,,,,,,,,274.31,,,,,,,,,,,,,,,,,,,,,,,,,,,,,,,,,,,,,,,,,,,,,,,,,,,,,,,,,,,,,,,,,,,,,,,,,,,,,,,,,,,,,,,,,,,1.0,1.0,,,,,,,,,,,11.0,14.0,10.0,15.0,19.0,22.0,22.0,0.0,0.0,0.0,0.0,0.0,15.9,,266.56,2.67,,46.0,0.0,,,,,,,,,,,,,,,,,,,,,,,,,,,,,,,,,,,,,,,,,,,,,,,,,,,,,,9.999e+20,,,,,,,,,,,,,,,,,,,,,,,,,,,,,4.7,0.8,1.6,2.0,2.4,2.4,2.8,3.2,3.6,3.6,1.2,4.0,4.4,4.85236,5.33562,5.45605,5.93585,6.48287,7.54516,8.51728,9.99091,11.075,4.68953,2.62,1.0,0.0,0.0,0.0,0.0,0.0,0.0,9.0,,9.999e+20,9.999e+20,9.999e+20,9.999e+20,9.999e+20,,,,528.0,,2.4,0.0,4.8,0.0,,50.0,7.8,3.3,4.1,3.1,7.6,10.6,13.8,14.8,832.0,400.0,504.0,336.0,816.0,1120.0,1248.0,1344.0,,,25.0,21.0,,,,,,,276.07,2.66,,,,,,,,,,,,,,,,,,,,,,,,,,,,,,,,,,,,,,,,,,,,,,,,,,,,,,,,,,,,,9.999e+20,140.0,1.6,80.0,3.0,,,,,,0.0,,,,,,,1204.0,140.0,140.0,140.0,,273.9,,,,,,,,,,,,,,,,,,,,,,,,,,,,,1.6,0.0,0.0,0.4,0.8,0.8,1.2,1.2,1.2,1.6,0.0,1.6,1.6,1.6,2.0,2.0,2.4,2.8,3.2,3.2,4.0,4.35516,1.62683,1.22,0.0,0.0,0.0,0.0,7.0,0.0,0.0,0.0,2.0,2.0,
2026040916,,,,,,,,,,,,,,,,,,,,,,,,,,,,,,,,,0.0,,,,,,,,,,,,,,,,,,,,,,,,,,,,,,,,,,,,,,,,,,,,,,,,,,,,,,,,,,,,,,,,,,,,,,,,,,,,,,,,,,,,,,,,,,,,,,,,,,,,,,,,,,,,,,,,,,,,,,,,,,,,,,,,,,,,,,,,,,,,,,,,,,,,,,,,,,,,,,,,,,,,,,,,,,,,,,,,,,,,,,,,,,,,,,,,,,,,,,,,,,,,,,,,,,,,,,,,,,,,,,,,,,,,,,,,,,,,,,,,,,,,,,,,,,,,,,,,,,,,,,,,,,,,,,,,,,,,,,,,,,,,,,,,,,,,,,,,,,,,,,,,,,,,,,,,,,,,,,,,,,,,,,,,,,,,,,,,,,,,,,,,,,,,,,,,,,,,,,,,,,,,,,,,,,,,,,,,,,,,,,,,,,,,,,,,,,,,,,,,,,,,,,,,,,,,,,,,,,,,,,,,,,,,,,,,,,,,,,,,,,,,,,,,,,,,,,,,,,,,,,,,,,,,,,,,,,,,,,,,,,,,,,,,,,,,,,,,,,,,,,,,,,,,,,,,,,,,,,,,,,,,,,,,,,,,,,,,,,,,,,,,,,,,,,,,,,,,
2026040917,,,,,,,,,,,,,,,,,,,,,,,,,,,,,,,,,0.0,,,,,,,,,,,,,,,,,,,,,,,,,,,,,,,,,,,,,,,,,,,,,,,,,,,,,,,,,,,,,,,,,,,,,,,,,,,,,,,,,,,,,,,,,,,,,,,,,,,,,,,,,,,,,,,,,,,,,,,,,,,,,,,,,,,,,,,,,,,,,,,,,,,,,,,,,,,,,,,,,,,,,,,,,,,,,,,,,,,,,,,,,,,,,,,,,,,,,,,,,,,,,,,,,,,,,,,,,,,,,,,,,,,,,,,,,,,,,,,,,,,,,,,,,,,,,,,,,,,,,,,,,,,,,,,,,,,,,,,,,,,,,,,,,,,,,,,,,,,,,,,,,,,,,,,,,,,,,,,,,,,,,,,,,,,,,,,,,,,,,,,,,,,,,,,,,,,,,,,,,,,,,,,,,,,,,,,,,,,,,,,,,,,,,,,,,,,,,,,,,,,,,,,,,,,,,,,,,,,,,,,,,,,,,,,,,,,,,,,,,,,,,,,,,,,,,,,,,,,,,,,,,,,,,,,,,,,,,,,,,,,,,,,,,,,,,,,,,,,,,,,,,,,,,,,,,,,,,,,,,,,,,,,,,,,,,,,,,,,,,,,,,,,,,,,,,,,,
2026040918,0.355,0.0,0.0,0.0,0.0,0.0,0.0,0.0,0.0,0.0,0.0,0.0,0.0,0.0,0.0,0.0,0.0,0.0,0.006,0.506,1.955,7.051,12.0,0.0,0.0,0.0,0.0,4.0,0.0,0.0,1.0,0.0,0.0,,,,,,,,,,,,,,,,,,,,,,,,,,,,,,,,,,,,,,,,,,,,,,,,,,,,,,,,,,,,,,,,,,0.0,0.0,0.0,0.0,0.0,0.0,0.0,0.0,0.0,0.0,0.0,0.0,0.0,0.0,0.0,0.0,0.0,0.0,0.0,0.0,0.782,4.638,7.0,0.0,0.0,2.0,0.0,0.0,0.0,1.0,0.0,0.0,,,,,,,,,,,,,,,,,,,,,,,,,,,,,,,,,279.91,,,,,,,,,,,,,,,,,,,0.003,,,,,,,,,,,,,,,,,,0.008,,,,,,,,,,,,,,,,,,0.0,0.0,0.0,0.0,0.0,0.0,0.0,0.0,2.0,1.0,0.0,0.0,0.0,0.0,0.0,0.0,0.0,0.0,0.01,,,,,,,,,,,,,,,,,,4.0,11.0,,,,,,,,,,,13.0,13.0,12.0,15.0,18.0,20.0,20.0,0.0,0.0,0.0,0.0,0.0,15.5,,267.67,1.88,,205.0,3.0,,0.0,,,,,,,,,,,,,,,,,,,,,,,,,0.0,0.0,0.0,0.0,0.0,0.0,0.0,0.0,0.0,0.0,0.0,0.0,0.0,0.0,,,,,,,,,,,,,11.2,9.999e+20,,,,,,,,,,,,,,,,,,,,,,,,,,,,,6.1,1.6,2.8,3.2,3.7733,3.61906,4.10848,4.19274,4.25457,4.74532,2.4,4.90355,4.96124,5.51486,5.63763,6.63302,7.20359,8.2876,9.8197,10.7346,12.8787,15.6748,6.06119,3.32,8.0,2.0,0.0,0.0,0.0,0.0,0.0,17.0,3.0,9.999e+20,9.999e+20,9.999e+20,9.999e+20,9.999e+20,,61.0,,1440.0,,2.4,0.0,6.0,0.0,,37.0,7.2,3.2,4.1,2.7,7.3,9.8,12.2,13.3,920.0,408.0,640.0,328.0,944.0,1224.0,1376.0,1448.0,,,18.0,14.0,,,,,,3.16954,281.23,1.88,,,,,,,,,,,,,,,,,,,,,,,,,,,,,,,272.289,264.963,268.944,269.09,269.737,269.754,270.306,270.795,271.201,271.281,267.839,271.97,272.301,272.638,273.383,273.635,273.946,275.052,275.385,276.194,277.374,278.881,0.0,0.0,0.0,0.0,0.0,39.0,64.0,0.0,9.999e+20,260.0,2.2,280.0,5.1,,1.0,,,1.0,3.0,,,,,,,6524.0,260.0,260.0,260.0,,279.1,,,,,,,,,,,,,,,,,,,,,,,,,,,,,2.2,0.4,0.8,1.2,1.2,1.2,1.6,1.6,1.6,1.6,0.4,2.0,2.0,2.0,2.0,2.4,2.4,2.8,2.8,3.6,4.65577,5.33915,2.17885,1.12,0.0,0.0,0.0,0.0,8.0,0.0,0.0,0.0,2.2,2.7,
2026040919,,,,,,,,,,,,,,,,,,,,,,,,,,,,,,,,,0.0,,,,,,,,,,,,,,,,,,,,,,,,,,,,,,,,,,,,,,,,,,,,,,,,,,,,,,,,,,,,,,,,,,,,,,,,,,,,,,,,,,,,,,,,,,,,,,,,,,,,,,,,,,,,,,,,,,,,,,,,,,,,,,,,,,,,,,,,,,,,,,,,,,,,,,,,,,,,,,,,,,,,,,,,,,,,,,,,,,,,,,,,,,,,,,,,,,,,,,,,,,,,,,,,,,,,,,,,,,,,,,,,,,,,,,,,,,,,,,,,,,,,,,,,,,,,,,,,,,,,,,,,,,,,,,,,,,,,,,,,,,,,,,,,,,,,,,,,,,,,,,,,,,,,,,,,,,,,,,,,,,,,,,,,,,,,,,,,,,,,,,,,,,,,,,,,,,,,,,,,,,,,,,,,,,,,,,,,,,,,,,,,,,,,,,,,,,,,,,,,,,,,,,,,,,,,,,,,,,,,,,,,,,,,,,,,,,,,,,,,,,,,,,,,,,,,,,,,,,,,,,,,,,,,,,,,,,,,,,,,,,,,,,,,,,,,,,,,,,,,,,,,,,,,,,,,,,,,,,,,,,,,,,,,,,,,,,,,,,,,,,,,,,,,,,,,,,,,
2026040920,,,,,,,,,,,,,,,,,,,,,,,,,,,,,,,,,0.0,,,,,,,,,,,,,,,,,,,,,,,,,,,,,,,,,,,,,,,,,,,,,,,,,,,,,,,,,,,,,,,,,,,,,,,,,,,,,,,,,,,,,,,,,,,,,,,,,,,,,,,,,,,,,,,,,,,,,,,,,,,,,,,,,,,,,,,,,,,,,,,,,,,,,,,,,,,,,,,,,,,,,,,,,,,,,,,,,,,,,,,,,,,,,,,,,,,,,,,,,,,,,,,,,,,,,,,,,,,,,,,,,,,,,,,,,,,,,,,,,,,,,,,,,,,,,,,,,,,,,,,,,,,,,,,,,,,,,,,,,,,,,,,,,,,,,,,,,,,,,,,,,,,,,,,,,,,,,,,,,,,,,,,,,,,,,,,,,,,,,,,,,,,,,,,,,,,,,,,,,,,,,,,,,,,,,,,,,,,,,,,,,,,,,,,,,,,,,,,,,,,,,,,,,,,,,,,,,,,,,,,,,,,,,,,,,,,,,,,,,,,,,,,,,,,,,,,,,,,,,,,,,,,,,,,,,,,,,,,,,,,,,,,,,,,,,,,,,,,,,,,,,,,,,,,,,,,,,,,,,,,,,,,,,,,,,,,,,,,,,,,,,,,,,,,,,,,,
2026040921,,,,,,,,,,,,,,,,,,,,,,,,,,,,,,,,,0.0,,,,,,,,,,,,,,,,,,,,,,,,,,,,,,,,,,,,,,,,,,,,,,,,,,,,,,,,,,,,,,,,,,,,,,,,,,,,,,,,,,,,,,,,,,,,,,,,,,,,,,,,,,,,,,,,,,,,,,,,,,,,,,,,,,281.33,,,,,,,,,,,,,,,,,,,,,,,,,,,,,,,,,,,,,,,,,,,,,,,,,,,,,,,,,,,,,,,,,,,,,,,,,,,,,,,,,,,,,,,,,,,11.0,20.0,,,,,,,,,,,8.0,15.0,8.0,15.0,16.0,19.0,19.0,0.0,0.0,0.0,0.0,0.0,14.2,,269.47,1.75,,550.0,3.0,,,,,,,,,,,,,,,,,,,,,,,,,,,,,,,,,,,,,,,,,,,,,,,,,,,,,,9.999e+20,,,,,,,,,,,,,,,,,,,,,,,,,,,,,7.9,2.4,3.6,4.3552,4.86619,5.36101,5.59214,5.73671,6.21043,6.29095,3.2,6.87341,7.46393,7.59745,8.53224,8.76868,10.1158,10.5873,11.8219,12.9595,16.1208,21.5651,7.88501,4.12,18.0,7.0,4.0,2.0,0.0,0.0,0.0,31.0,,9.999e+20,9.999e+20,9.999e+20,9.999e+20,9.999e+20,,,,1688.0,,2.4,0.0,6.0,0.0,,38.0,6.0,2.4,3.4,1.9,5.9,7.9,10.4,11.5,1088.0,632.0,824.0,464.0,1112.0,1368.0,1512.0,1624.0,,,36.0,28.0,,,,,,,283.0,1.76,,,,,,,,,,,,,,,,,,,,,,,,,,,,,,,,,,,,,,,,,,,,,,,,,,,,,,,,,,,,,9.999e+20,280.0,3.6,310.0,4.4,,,,,,3.0,,,,,,,6677.0,280.0,280.0,280.0,,281.2,,,,,,,,,,,,,,,,,,,,,,,,,,,,,3.6,1.2,2.0,2.0,2.4,2.4,2.4,2.8,2.8,2.8,1.6,3.2,3.2,3.2,3.6,4.0,4.0,4.20312,4.64098,4.83665,5.99751,8.16938,3.23959,1.42,0.0,0.0,0.0,0.0,35.0,0.0,6.0,1.0,3.7,4.2,
2026040922,,,,,,,,,,,,,,,,,,,,,,,,,,,,,,,,,0.0,,,,,,,,,,,,,,,,,,,,,,,,,,,,,,,,,,,,,,,,,,,,,,,,,,,,,,,,,,,,,,,,,,,,,,,,,,,,,,,,,,,,,,,,,,,,,,,,,,,,,,,,,,,,,,,,,,,,,,,,,,,,,,,,,,,,,,,,,,,,,,,,,,,,,,,,,,,,,,,,,,,,,,,,,,,,,,,,,,,,,,,,,,,,,,,,,,,,,,,,,,,,,,,,,,,,,,,,,,,,,,,,,,,,,,,,,,,,,,,,,,,,,,,,,,,,,,,,,,,,,,,,,,,,,,,,,,,,,,,,,,,,,,,,,,,,,,,,,,,,,,,,,,,,,,,,,,,,,,,,,,,,,,,,,,,,,,,,,,,,,,,,,,,,,,,,,,,,,,,,,,,,,,,,,,,,,,,,,,,,,,,,,,,,,,,,,,,,,,,,,,,,,,,,,,,,,,,,,,,,,,,,,,,,,,,,,,,,,,,,,,,,,,,,,,,,,,,,,,,,,,,,,,,,,,,,,,,,,,,,,,,,,,,,,,,,,,,,,,,,,,,,,,,,,,,,,,,,,,,,,,,,,,,,,,,,,,,,,,,,,,,,,,,,,,,,,,,,
2026040923,,,,,,,,,,,,,,,,,,,,,,,,,,,,,,,,,0.0,,,,,,,,,,,,,,,,,,,,,,,,,,,,,,,,,,,,,,,,,,,,,,,,,,,,,,,,,,,,,,,,,,,,,,,,,,,,,,,,,,,,,,,,,,,,,,,,,,,,,,,,,,,,,,,,,,,,,,,,,,,,,,,,,,,,,,,,,,,,,,,,,,,,,,,,,,,,,,,,,,,,,,,,,,,,,,,,,,,,,,,,,,,,,,,,,,,,,,,,,,,,,,,,,,,,,,,,,,,,,,,,,,,,,,,,,,,,,,,,,,,,,,,,,,,,,,,,,,,,,,,,,,,,,,,,,,,,,,,,,,,,,,,,,,,,,,,,,,,,,,,,,,,,,,,,,,,,,,,,,,,,,,,,,,,,,,,,,,,,,,,,,,,,,,,,,,,,,,,,,,,,,,,,,,,,,,,,,,,,,,,,,,,,,,,,,,,,,,,,,,,,,,,,,,,,,,,,,,,,,,,,,,,,,,,,,,,,,,,,,,,,,,,,,,,,,,,,,,,,,,,,,,,,,,,,,,,,,,,,,,,,,,,,,,,,,,,,,,,,,,,,,,,,,,,,,,,,,,,,,,,,,,,,,,,,,,,,,,,,,,,,,,,,,,,,,,,,
2026041000,0.531,0.0,0.0,0.0,0.0,0.0,0.0,0.0,0.0,0.0,0.0,0.0,0.0,0.0,0.0,0.0,0.0,0.0,0.194,1.208,3.588,11.034,15.0,0.0,1.0,0.0,0.0,6.0,0.0,0.0,2.0,0.0,0.0,,1.391,0.0,0.0,0.0,0.0,0.0,0.0,0.0,0.0,0.0,0.0,0.0,0.0,0.0,0.0,0.001,0.217,0.826,2.139,4.088,9.24,20.499,25.0,0.0,3.0,0.0,0.0,0.0,0.0,0.0,7.0,0.0,,,,,,,,,,,,,,,,,,,,,,,,,,,,,,,,,0.0,0.0,0.0,0.0,0.0,0.0,0.0,0.0,0.0,0.0,0.0,0.0,0.0,0.0,0.0,0.0,0.0,0.0,0.016,0.804,2.274,5.271,13.0,0.0,0.0,4.0,0.0,0.0,0.0,1.0,0.0,0.0,,,,,,,,,,,,,,,,,,,,,,,,,,,,,,,,,279.81,,,,,,,,,,,,,,,,,,,0.003,0.0,0.0,0.0,0.0,0.0,0.0,0.003,8.0,1.0,1.0,1.0,0.0,0.0,0.0,0.0,0.0,0.0,0.008,0.0,0.0,0.0,0.0,0.0,0.02,0.056,9.0,6.0,2.0,1.0,0.0,0.0,0.0,0.0,0.0,0.0,0.0,0.0,0.0,0.0,0.0,0.0,0.0,0.003,5.0,1.0,0.0,0.0,0.0,0.0,0.0,0.0,0.0,0.0,0.01,0.0,0.0,0.0,0.0,0.005,0.023,0.084,10.0,3.0,1.0,0.0,0.0,0.0,0.0,0.0,0.0,0.0,7.0,15.0,,,,,,,,,,,11.0,14.0,11.0,16.0,17.0,20.0,20.0,0.0,0.0,0.0,0.0,0.0,14.9,,270.32,1.46,,428.0,2.0,,0.0,0.0,0.0,0.0,0.0,0.0,0.0,0.0,0.0,0.0,0.0,0.0,0.0,0.0,0.0,0.0,0.0,0.0,0.0,0.0,0.0,0.0,0.0,0.0,0.0,0.0,0.0,0.0,0.0,0.0,0.0,0.0,0.0,0.0,0.0,0.0,0.0,0.0,0.0,0.0,0.0,0.0,0.0,0.0,0.0,0.0,0.0,0.0,0.0,0.0,0.0,17.2,9.999e+20,,,,,,,,,,,,,,,,,,,,,,,,,,,,,8.5,3.2,4.4929,5.12857,5.23165,5.72132,6.22009,6.75972,6.99136,7.09346,4.0,7.26342,8.14312,8.68637,9.20372,9.93862,9.84382,10.8167,10.9141,11.9118,16.0852,19.5562,8.53594,3.52,14.0,7.0,2.0,0.0,0.0,0.0,0.0,41.0,3.0,9.999e+20,9.999e+20,9.999e+20,9.999e+20,9.999e+20,,,,1472.0,0.0,2.4,0.0,6.0,0.0,,44.0,5.3,2.1,3.0,1.7,5.2,6.4,9.0,10.3,1216.0,808.0,976.0,680.0,1232.0,1432.0,1608.0,1712.0,,,39.0,31.0,,283.19,1.77,,,,281.65,1.59,,,,,,,,,,,,,,,,,,,,,,,,,,,,,,,,,,,,,,,,,,,,,,,,,,,,,,,,,,,,,9.999e+20,280.0,3.4,280.0,4.2,0.0,2.0,,,2.0,0.0,,,,,,,5339.0,280.0,280.0,280.0,,278.8,,,,,,,,,,,,,,,,,,,,,,,,,,,,,3.4,1.2,2.0,2.4,2.4,2.4,2.4,2.8,2.8,3.2,1.6,3.2,3.2,3.6,3.6,4.0,4.0,4.0,4.4,4.8,6.17617,7.4442,3.34969,1.3,0.0,0.0,0.0,0.0,39.0,0.0,7.0,1.0,3.8,4.3,
2026041001,,,,,,,,,,,,,,,,,,,,,,,,,,,,,,,,,0.0,,,,,,,,,,,,,,,,,,,,,,,,,,,,,,,,,,,,,,,,,,,,,,,,,,,,,,,,,,,,,,,,,,,,,,,,,,,,,,,,,,,,,,,,,,,,,,,,,,,,,,,,,,,,,,,,,,,,,,,,,,,,,,,,,,,,,,,,,,,,,,,,,,,,,,,,,,,,,,,,,,,,,,,,,,,,,,,,,,,,,,,,,,,,,,,,,,,,,,,,,,,,,,,,,,,,,,,,,,,,,,,,,,,,,,,,,,,,,,,,,,,,,,,,,,,,,,,,,,,,,,,,,,,,,,,,,,,,,,,,,,,,,,,,,,,,,,,,,,,,,,,,,,,,,,,,,,,,,,,,,,,,,,,,,,,,,,,,,,,,,,,,,,,,,,,,,,,,,,,,,,,,,,,,,,,,,,,,,,,,,,,,,,,,,,,,,,,,,,,,,,,,,,,,,,,,,,,,,,,,,,,,,,,,,,,,,,,,,,,,,,,,,,,,,,,,,,,,,,,,,,,,,,,,,,,,,,,,,,,,,,,,,,,,,,,,,,,,,,,,,,,,,,,,,,,,,,,,,,,,,,,,,,,,,,,,,,,,,,,,,,,,,,,,,,,,,,,,
2026041002,,,,,,,,,,,,,,,,,,,,,,,,,,,,,,,,,0.0,,,,,,,,,,,,,,,,,,,,,,,,,,,,,,,,,,,,,,,,,,,,,,,,,,,,,,,,,,,,,,,,,,,,,,,,,,,,,,,,,,,,,,,,,,,,,,,,,,,,,,,,,,,,,,,,,,,,,,,,,,,,,,,,,,,,,,,,,,,,,,,,,,,,,,,,,,,,,,,,,,,,,,,,,,,,,,,,,,,,,,,,,,,,,,,,,,,,,,,,,,,,,,,,,,,,,,,,,,,,,,,,,,,,,,,,,,,,,,,,,,,,,,,,,,,,,,,,,,,,,,,,,,,,,,,,,,,,,,,,,,,,,,,,,,,,,,,,,,,,,,,,,,,,,,,,,,,,,,,,,,,,,,,,,,,,,,,,,,,,,,,,,,,,,,,,,,,,,,,,,,,,,,,,,,,,,,,,,,,,,,,,,,,,,,,,,,,,,,,,,,,,,,,,,,,,,,,,,,,,,,,,,,,,,,,,,,,,,,,,,,,,,,,,,,,,,,,,,,,,,,,,,,,,,,,,,,,,,,,,,,,,,,,,,,,,,,,,,,,,,,,,,,,,,,,,,,,,,,,,,,,,,,,,,,,,,,,,,,,,,,,,,,,,,,,,,,,,
2026041003,,,,,,,,,,,,,,,,,,,,,,,,,,,,,,,,,0.0,,,,,,,,,,,,,,,,,,,,,,,,,,,,,,,,,,,,,,,,,,,,,,,,,,,,,,,,,,,,,,,,,,,,,,,,,,,,,,,,,,,,,,,,,,,,,,,,,,,,,,,,,,,,,,,,,,,,,,,,,,,,,,,,,,277.16,,,,,,,,,,,,,,,,,,,,,,,,,,,,,,,,,,,,,,,,,,,,,,,,,,,,,,,,,,,,,,,,,,,,,,,,,,,,,,,,,,,,,,,,,,,2.0,2.0,,,,,,,,,,,10.0,15.0,10.0,16.0,18.0,20.0,21.0,0.0,0.0,0.0,0.0,0.0,15.3,,270.62,1.47,,182.0,1.0,,,,,,,,,,,,,,,,,,,,,,,,,,,,,,,,,,,,,,,,,,,,,,,,,,,,,,9.999e+20,,,,,,,,,,,,,,,,,,,,,,,,,,,,,4.2,1.2,2.4,2.4,2.85046,2.93581,2.99824,3.09343,3.20312,3.66892,2.0,3.8326,4.26806,4.7812,4.97879,5.16453,5.66691,5.83549,6.18357,6.76689,7.19729,9.66329,4.16244,1.9,1.0,0.0,0.0,0.0,0.0,0.0,0.0,2.0,,9.999e+20,9.999e+20,9.999e+20,9.999e+20,9.999e+20,,,,360.0,,2.4,0.0,3.6,0.0,,58.0,5.6,2.2,3.4,1.6,5.4,7.0,9.0,11.1,1176.0,776.0,976.0,648.0,1184.0,1408.0,1600.0,1696.0,,,22.0,29.0,,,,,,,278.48,1.45,,,,,,,,,,,,,,,,,,,,,,,,,,,,,,,,,,,,,,,,,,,,,,,,,,,,,,,,,,,,,9.999e+20,,,350.0,3.5,,,,,,0.0,,,,,,,737.0,290.0,290.0,290.0,,276.2,,,,,,,,,,,,,,,,,,,,,,,,,,,,,1.7,0.4,0.8,0.8,0.8,0.8,1.2,1.2,1.2,1.2,0.4,1.6,1.6,1.6,1.6,2.0,2.0,2.0,2.4,2.4,2.51781,3.13809,1.68535,0.72,0.0,0.0,0.0,0.0,0.0,0.0,0.0,0.0,1.7,2.1,
2026041004,,,,,,,,,,,,,,,,,,,,,,,,,,,,,,,,,0.0,,,,,,,,,,,,,,,,,,,,,,,,,,,,,,,,,,,,,,,,,,,,,,,,,,,,,,,,,,,,,,,,,,,,,,,,,,,,,,,,,,,,,,,,,,,,,,,,,,,,,,,,,,,,,,,,,,,,,,,,,,,,,,,,,,,,,,,,,,,,,,,,,,,,,,,,,,,,,,,,,,,,,,,,,,,,,,,,,,,,,,,,,,,,,,,,,,,,,,,,,,,,,,,,,,,,,,,,,,,,,,,,,,,,,,,,,,,,,,,,,,,,,,,,,,,,,,,,,,,,,,,,,,,,,,,,,,,,,,,,,,,,,,,,,,,,,,,,,,,,,,,,,,,,,,,,,,,,,,,,,,,,,,,,,,,,,,,,,,,,,,,,,,,,,,,,,,,,,,,,,,,,,,,,,,,,,,,,,,,,,,,,,,,,,,,,,,,,,,,,,,,,,,,,,,,,,,,,,,,,,,,,,,,,,,,,,,,,,,,,,,,,,,,,,,,,,,,,,,,,,,,,,,,,,,,,,,,,,,,,,,,,,,,,,,,,,,,,,,,,,,,,,,,,,,,,,,,,,,,,,,,,,,,,,,,,,,,,,,,,,,,,,,,,,,,,,,,,
2026041005,,,,,,,,,,,,,,,,,,,,,,,,,,,,,,,,,0.0,,,,,,,,,,,,,,,,,,,,,,,,,,,,,,,,,,,,,,,,,,,,,,,,,,,,,,,,,,,,,,,,,,,,,,,,,,,,,,,,,,,,,,,,,,,,,,,,,,,,,,,,,,,,,,,,,,,,,,,,,,,,,,,,,,,,,,,,,,,,,,,,,,,,,,,,,,,,,,,,,,,,,,,,,,,,,,,,,,,,,,,,,,,,,,,,,,,,,,,,,,,,,,,,,,,,,,,,,,,,,,,,,,,,,,,,,,,,,,,,,,,,,,,,,,,,,,,,,,,,,,,,,,,,,,,,,,,,,,,,,,,,,,,,,,,,,,,,,,,,,,,,,,,,,,,,,,,,,,,,,,,,,,,,,,,,,,,,,,,,,,,,,,,,,,,,,,,,,,,,,,,,,,,,,,,,,,,,,,,,,,,,,,,,,,,,,,,,,,,,,,,,,,,,,,,,,,,,,,,,,,,,,,,,,,,,,,,,,,,,,,,,,,,,,,,,,,,,,,,,,,,,,,,,,,,,,,,,,,,,,,,,,,,,,,,,,,,,,,,,,,,,,,,,,,,,,,,,,,,,,,,,,,,,,,,,,,,,,,,,,,,,,,,,,,,,,,,,
2026041006,0.536,0.0,0.0,0.0,0.0,0.0,0.0,0.0,0.0,0.0,0.0,0.0,0.0,0.0,0.0,0.0,0.0,0.0,0.351,1.564,3.817,8.485,16.0,0.0,0.0,0.0,0.0,7.0,0.0,0.0,2.0,0.0,0.0,,,,,,,,,,,,,,,,,,,,,,,,,,,,,,,,,,,,,,,,,,,,,,,,,,,,,,,,,,,,,,,,,,0.0,0.0,0.0,0.0,0.0,0.0,0.0,0.0,0.0,0.0,0.0,0.0,0.0,0.0,0.0,0.0,0.0,0.0,0.0,0.299,1.323,3.694,10.0,0.0,0.0,2.0,0.0,0.0,0.0,0.0,0.0,0.0,,,,,,,,,,,,,,,,,,,,,,,,,,,,,,,,,275.67,,,,,,,,,,,,,,,,,,,0.003,,,,,,,,,,,,,,,,,,0.008,,,,,,,,,,,,,,,,,,0.0,0.0,0.0,0.0,0.0,0.0,0.0,0.0,3.0,1.0,0.0,0.0,0.0,0.0,0.0,0.0,0.0,0.0,0.013,,,,,,,,,,,,,,,,,,1.0,1.0,,,,,,,,,,,14.0,15.0,14.0,17.0,18.0,18.0,19.0,0.0,0.0,0.0,0.0,0.0,15.9,,269.61,1.51,,91.0,0.0,,0.0,,,,,,,,,,,,,,,,,,,,,,,,,0.0,0.0,0.0,0.0,0.0,0.0,0.0,0.0,0.0,0.0,0.0,0.0,0.0,0.0,,,,,,,,,,,,,15.0,9.999e+20,11.7516,6.29045,7.77151,8.14761,8.29208,8.96217,8.87768,9.49721,9.9561,10.2169,7.3739,10.8141,11.5329,12.3039,13.0128,13.2534,13.7854,14.775,15.1816,16.5807,17.9168,20.5645,45.0,7.0,1.0,0.0,0.0,0.0,2.9,0.4,1.2,1.2,1.6,1.6,1.6,2.0,2.0,2.04687,0.8,2.47639,2.51204,2.54772,2.58452,3.07694,3.68068,3.85179,4.87537,5.31722,6.8813,11.28,2.9259,2.1,2.0,0.0,0.0,0.0,0.0,0.0,0.0,2.0,2.0,9.999e+20,9.999e+20,9.999e+20,9.999e+20,9.999e+20,,,37.0,240.0,,2.4,0.0,3.6,0.0,,63.0,6.0,2.4,3.8,1.8,6.0,7.6,10.5,11.9,1096.0,664.0,912.0,616.0,1104.0,1280.0,1520.0,1624.0,,,13.0,30.0,,,,,,3.05918,275.66,2.07,282.308,275.929,278.222,279.527,280.637,280.685,281.009,281.717,281.962,282.109,277.598,282.391,282.719,283.124,283.197,283.216,283.819,284.474,285.828,286.525,287.482,289.263,0.0,0.0,0.0,0.0,0.0,0.0,0.0,0.0,,,,,,,,,,,,,,,,,,,,,,,,,,,,,,,9.999e+20,,,60.0,3.2,,3.0,,,2.0,0.0,,,,,,,319.0,300.0,300.0,300.0,,273.9,4.75957,2.8,3.6,4.0,4.0,4.0,4.4,4.4,4.4,4.69123,3.2,4.71901,5.14014,5.20636,5.24507,5.69857,5.72634,5.79096,6.26251,6.39042,6.50867,7.26745,0.0,0.0,0.0,0.0,26.0,0.0,1.2,0.0,0.4,0.4,0.4,0.4,0.4,0.4,0.8,0.8,0.0,0.8,0.8,0.8,1.2,1.2,1.2,1.6,2.0,2.0,2.8,3.20212,0.81685,0.82,0.0,0.0,0.0,0.0,0.0,0.0,0.0,0.0,1.2,1.2,
2026041007,,,,,,,,,,,,,,,,,,,,,,,,,,,,,,,,,0.0,,,,,,,,,,,,,,,,,,,,,,,,,,,,,,,,,,,,,,,,,,,,,,,,,,,,,,,,,,,,,,,,,,,,,,,,,,,,,,,,,,,,,,,,,,,,,,,,,,,,,,,,,,,,,,,,,,,,,,,,,,,,,,,,,,,,,,,,,,,,,,,,,,,,,,,,,,,,,,,,,,,,,,,,,,,,,,,,,,,,,,,,,,,,,,,,,,,,,,,,,,,,,,,,,,,,,,,,,,,,,,,,,,,,,,,,,,,,,,,,,,,,,,,,,,,,,,,,,,,,,,,,,,,,,,,,,,,,,,,,,,,,,,,,,,,,,,,,,,,,,,,,,,,,,,,,,,,,,,,,,,,,,,,,,,,,,,,,,,,,,,,,,,,,,,,,,,,,,,,,,,,,,,,,,,,,,,,,,,,,,,,,,,,,,,,,,,,,,,,,,,,,,,,,,,,,,,,,,,,,,,,,,,,,,,,,,,,,,,,,,,,,,,,,,,,,,,,,,,,,,,,,,,,,,,,,,,,,,,,,,,,,,,,,,,,,,,,,,,,,,,,,,,,,,,,,,,,,,,,,,,,,,,,,,,,,,,,,,,,,,,,,,,,,,,,,,,,,
2026041008,,,,,,,,,,,,,,,,,,,,,,,,,,,,,,,,,0.0,,,,,,,,,,,,,,,,,,,,,,,,,,,,,,,,,,,,,,,,,,,,,,,,,,,,,,,,,,,,,,,,,,,,,,,,,,,,,,,,,,,,,,,,,,,,,,,,,,,,,,,,,,,,,,,,,,,,,,,,,,,,,,,,,,,,,,,,,,,,,,,,,,,,,,,,,,,,,,,,,,,,,,,,,,,,,,,,,,,,,,,,,,,,,,,,,,,,,,,,,,,,,,,,,,,,,,,,,,,,,,,,,,,,,,,,,,,,,,,,,,,,,,,,,,,,,,,,,,,,,,,,,,,,,,,,,,,,,,,,,,,,,,,,,,,,,,,,,,,,,,,,,,,,,,,,,,,,,,,,,,,,,,,,,,,,,,,,,,,,,,,,,,,,,,,,,,,,,,,,,,,,,,,,,,,,,,,,,,,,,,,,,,,,,,,,,,,,,,,,,,,,,,,,,,,,,,,,,,,,,,,,,,,,,,,,,,,,,,,,,,,,,,,,,,,,,,,,,,,,,,,,,,,,,,,,,,,,,,,,,,,,,,,,,,,,,,,,,,,,,,,,,,,,,,,,,,,,,,,,,,,,,,,,,,,,,,,,,,,,,,,,,,,,,,,,,,,,
2026041009,,,,,,,,,,,,,,,,,,,,,,,,,,,,,,,,,0.0,,,,,,,,,,,,,,,,,,,,,,,,,,,,,,,,,,,,,,,,,,,,,,,,,,,,,,,,,,,,,,,,,,,,,,,,,,,,,,,,,,,,,,,,,,,,,,,,,,,,,,,,,,,,,,,,,,,,,,,,,,,,,,,,,,275.09,,,,,,,,,,,,,,,,,,,,,,,,,,,,,,,,,,,,,,,,,,,,,,,,,,,,,,,,,,,,,,,,,,,,,,,,,,,,,,,,,,,,,,,,,,,1.0,1.0,,,,,,,,,,,11.0,15.0,11.0,16.0,17.0,19.0,19.0,0.0,0.0,0.0,0.0,0.0,15.2,,268.74,1.64,,0.0,0.0,,,,,,,,,,,,,,,,,,,,,,,,,,,,,,,,,,,,,,,,,,,,,,,,,,,,,,9.999e+20,,,,,,,,,,,,,,,,,,,,,,,,,,,,,3.4,0.8,1.6,1.6,2.0,2.0,2.0,2.4,2.4,2.4,1.2,2.8,2.8,3.27452,3.71418,3.76153,4.23709,4.74169,5.27925,6.21953,7.71571,12.9645,3.40393,2.3,2.0,0.0,0.0,0.0,0.0,0.0,0.0,2.0,,9.999e+20,9.999e+20,9.999e+20,9.999e+20,9.999e+20,,,,264.0,,0.0,0.0,4.8,0.0,,62.0,6.6,2.5,4.3,2.0,6.4,8.7,11.3,12.7,1016.0,600.0,832.0,552.0,992.0,1208.0,1448.0,1504.0,,,29.0,29.0,,,,,,,275.15,2.52,,,,,,,,,,,,,,,,,,,,,,,,,,,,,,,,,,,,,,,,,,,,,,,,,,,,,,,,,,,,,9.999e+20,,,100.0,3.4,,,,,,0.0,,,,,,,406.0,50.0,50.0,50.0,,273.3,,,,,,,,,,,,,,,,,,,,,,,,,,,,,1.2,0.0,0.4,0.4,0.4,0.8,0.8,0.8,0.8,0.8,0.4,0.8,1.2,1.2,1.2,1.6,2.0,2.0,2.4,2.8,3.2,4.0,1.20805,1.02,0.0,0.0,0.0,0.0,3.0,0.0,0.0,0.0,1.6,1.6,
2026041010,,,,,,,,,,,,,,,,,,,,,,,,,,,,,,,,,0.0,,,,,,,,,,,,,,,,,,,,,,,,,,,,,,,,,,,,,,,,,,,,,,,,,,,,,,,,,,,,,,,,,,,,,,,,,,,,,,,,,,,,,,,,,,,,,,,,,,,,,,,,,,,,,,,,,,,,,,,,,,,,,,,,,,,,,,,,,,,,,,,,,,,,,,,,,,,,,,,,,,,,,,,,,,,,,,,,,,,,,,,,,,,,,,,,,,,,,,,,,,,,,,,,,,,,,,,,,,,,,,,,,,,,,,,,,,,,,,,,,,,,,,,,,,,,,,,,,,,,,,,,,,,,,,,,,,,,,,,,,,,,,,,,,,,,,,,,,,,,,,,,,,,,,,,,,,,,,,,,,,,,,,,,,,,,,,,,,,,,,,,,,,,,,,,,,,,,,,,,,,,,,,,,,,,,,,,,,,,,,,,,,,,,,,,,,,,,,,,,,,,,,,,,,,,,,,,,,,,,,,,,,,,,,,,,,,,,,,,,,,,,,,,,,,,,,,,,,,,,,,,,,,,,,,,,,,,,,,,,,,,,,,,,,,,,,,,,,,,,,,,,,,,,,,,,,,,,,,,,,,,,,,,,,,,,,,,,,,,,,,,,,,,,,,,,,,,,
2026041011,,,,,,,,,,,,,,,,,,,,,,,,,,,,,,,,,0.0,,,,,,,,,,,,,,,,,,,,,,,,,,,,,,,,,,,,,,,,,,,,,,,,,,,,,,,,,,,,,,,,,,,,,,,,,,,,,,,,,,,,,,,,,,,,,,,,,,,,,,,,,,,,,,,,,,,,,,,,,,,,,,,,,,,,,,,,,,,,,,,,,,,,,,,,,,,,,,,,,,,,,,,,,,,,,,,,,,,,,,,,,,,,,,,,,,,,,,,,,,,,,,,,,,,,,,,,,,,,,,,,,,,,,,,,,,,,,,,,,,,,,,,,,,,,,,,,,,,,,,,,,,,,,,,,,,,,,,,,,,,,,,,,,,,,,,,,,,,,,,,,,,,,,,,,,,,,,,,,,,,,,,,,,,,,,,,,,,,,,,,,,,,,,,,,,,,,,,,,,,,,,,,,,,,,,,,,,,,,,,,,,,,,,,,,,,,,,,,,,,,,,,,,,,,,,,,,,,,,,,,,,,,,,,,,,,,,,,,,,,,,,,,,,,,,,,,,,,,,,,,,,,,,,,,,,,,,,,,,,,,,,,,,,,,,,,,,,,,,,,,,,,,,,,,,,,,,,,,,,,,,,,,,,,,,,,,,,,,,,,,,,,,,,,,,,,,,
2026041012,0.337,0.0,0.0,0.0,0.0,0.0,0.0,0.0,0.0,0.0,0.0,0.0,0.0,0.0,0.0,0.0,0.0,0.0,0.147,0.689,2.292,6.357,14.0,0.0,0.0,0.0,0.0,4.0,0.0,0.0,1.0,0.0,0.0,,1.083,0.0,0.0,0.0,0.0,0.0,0.0,0.0,0.0,0.0,0.0,0.0,0.0,0.0,0.0,0.0,0.0,0.164,1.206,2.854,7.041,18.598,19.0,0.0,2.0,0.0,0.0,0.0,1.0,0.0,6.0,0.0,2.744,0.0,0.0,0.0,0.0,0.0,0.0,0.0,0.0,0.0,0.0,0.0,0.0,0.014,0.368,1.046,2.079,3.314,5.683,8.558,16.519,33.308,6.0,0.0,23.0,0.0,2.0,0.0,0.0,0.0,0.0,0.0,0.0,0.0,0.0,0.0,0.0,0.0,0.0,0.0,0.0,0.0,0.0,0.0,0.0,0.0,0.0,0.0,0.0,0.0,0.0,0.0,0.608,3.306,6.0,0.0,0.0,1.0,0.0,0.0,0.0,0.0,0.0,0.0,4.867,0.0,0.0,0.0,0.0,0.0,0.0,0.0,0.015,0.314,0.0,0.768,1.452,2.223,3.108,4.091,5.739,7.754,9.826,15.155,25.496,44.141,0.0,0.0,5.0,0.0,0.0,0.0,0.0,23.0,0.0,0.0,272.48,,,,,,,,,,,,,,,,,,,0.003,0.0,0.0,0.0,0.0,0.0,0.0,0.01,6.0,1.0,1.0,1.0,0.0,0.0,0.0,0.0,0.0,0.0,0.008,0.0,0.0,0.0,0.0,0.0,0.018,0.051,8.0,5.0,1.0,1.0,1.0,0.0,0.0,0.0,0.0,0.0,0.0,0.0,0.0,0.0,0.0,0.0,0.0,0.0,2.0,0.0,0.0,0.0,0.0,0.0,0.0,0.0,0.0,0.0,0.013,0.0,0.0,0.0,0.0,0.005,0.025,0.071,11.0,3.0,1.0,1.0,0.0,0.0,0.0,0.0,0.0,0.0,0.0,1.0,,,,,,,,,,,15.0,15.0,15.0,16.0,18.0,18.0,18.0,0.0,0.0,0.0,0.0,0.0,16.4,,268.0,1.96,,0.0,1.0,,0.0,0.0,0.0,0.0,0.0,0.0,0.0,0.0,0.0,0.0,0.0,0.0,0.0,0.0,0.0,0.0,0.0,0.0,0.0,0.0,0.0,0.0,0.0,0.0,0.0,0.0,0.0,0.0,0.0,0.0,0.0,0.0,0.0,0.0,0.0,0.0,0.0,0.0,0.0,0.0,0.0,0.0,0.0,0.0,0.0,0.0,0.0,0.0,0.0,0.0,0.0,6.0,9.999e+20,,,,,,,,,,,,,,,,,,,,,,,,,,,,,3.71,0.8,1.6,2.0,2.0,2.4,2.4,2.8,2.8,3.2,1.2,3.2,3.6,3.61008,4.04586,4.4966,4.54222,5.05868,5.56235,6.45342,8.56539,10.3317,3.73407,2.12,1.0,0.0,0.0,0.0,0.0,0.0,0.0,2.0,2.0,9.999e+20,9.999e+20,9.999e+20,9.999e+20,9.999e+20,,,,248.0,0.0,0.0,0.0,6.0,0.0,,62.0,7.0,3.0,4.8,2.3,6.8,9.2,12.9,13.3,944.0,536.0,752.0,496.0,896.0,1112.0,1344.0,1400.0,,,35.0,35.0,,,,273.23,2.55,,274.44,2.56,,,,,,,,,,,,,,,,,,,,,,,,,,,,,,,,,,,,,,,,,,,,,,,,,,,,,,,,,,,,,9.999e+20,,,90.0,2.9,0.0,3.0,,,1.0,0.0,,,,,,,332.0,90.0,90.0,90.0,,272.7,,,,,,,,,,,,,,,,,,,,,,,,,,,,,1.6,0.0,0.4,0.8,0.8,0.8,0.8,1.2,1.2,1.2,0.0,1.2,1.2,1.6,1.6,2.0,2.0,2.4,2.8,3.2,3.6,4.0,1.6,1.0,0.0,0.0,0.0,0.0,5.0,0.0,0.0,0.0,2.0,2.0,
2026041013,,,,,,,,,,,,,,,,,,,,,,,,,,,,,,,,,0.0,,,,,,,,,,,,,,,,,,,,,,,,,,,,,,,,,,,,,,,,,,,,,,,,,,,,,,,,,,,,,,,,,,,,,,,,,,,,,,,,,,,,,,,,,,,,,,,,,,,,,,,,,,,,,,,,,,,,,,,,,,,,,,,,,,,,,,,,,,,,,,,,,,,,,,,,,,,,,,,,,,,,,,,,,,,,,,,,,,,,,,,,,,,,,,,,,,,,,,,,,,,,,,,,,,,,,,,,,,,,,,,,,,,,,,,,,,,,,,,,,,,,,,,,,,,,,,,,,,,,,,,,,,,,,,,,,,,,,,,,,,,,,,,,,,,,,,,,,,,,,,,,,,,,,,,,,,,,,,,,,,,,,,,,,,,,,,,,,,,,,,,,,,,,,,,,,,,,,,,,,,,,,,,,,,,,,,,,,,,,,,,,,,,,,,,,,,,,,,,,,,,,,,,,,,,,,,,,,,,,,,,,,,,,,,,,,,,,,,,,,,,,,,,,,,,,,,,,,,,,,,,,,,,,,,,,,,,,,,,,,,,,,,,,,,,,,,,,,,,,,,,,,,,,,,,,,,,,,,,,,,,,,,,,,,,,,,,,,,,,,,,,,,,,,,,,,,,,
2026041014,,,,,,,,,,,,,,,,,,,,,,,,,,,,,,,,,0.0,,,,,,,,,,,,,,,,,,,,,,,,,,,,,,,,,,,,,,,,,,,,,,,,,,,,,,,,,,,,,,,,,,,,,,,,,,,,,,,,,,,,,,,,,,,,,,,,,,,,,,,,,,,,,,,,,,,,,,,,,,,,,,,,,,,,,,,,,,,,,,,,,,,,,,,,,,,,,,,,,,,,,,,,,,,,,,,,,,,,,,,,,,,,,,,,,,,,,,,,,,,,,,,,,,,,,,,,,,,,,,,,,,,,,,,,,,,,,,,,,,,,,,,,,,,,,,,,,,,,,,,,,,,,,,,,,,,,,,,,,,,,,,,,,,,,,,,,,,,,,,,,,,,,,,,,,,,,,,,,,,,,,,,,,,,,,,,,,,,,,,,,,,,,,,,,,,,,,,,,,,,,,,,,,,,,,,,,,,,,,,,,,,,,,,,,,,,,,,,,,,,,,,,,,,,,,,,,,,,,,,,,,,,,,,,,,,,,,,,,,,,,,,,,,,,,,,,,,,,,,,,,,,,,,,,,,,,,,,,,,,,,,,,,,,,,,,,,,,,,,,,,,,,,,,,,,,,,,,,,,,,,,,,,,,,,,,,,,,,,,,,,,,,,,,,,,,,,
2026041015,,,,,,,,,,,,,,,,,,,,,,,,,,,,,,,,,0.0,,,,,,,,,,,,,,,,,,,,,,,,,,,,,,,,,,,,,,,,,,,,,,,,,,,,,,,,,,,,,,,,,,,,,,,,,,,,,,,,,,,,,,,,,,,,,,,,,,,,,,,,,,,,,,,,,,,,,,,,,,,,,,,,,,275.43,,,,,,,,,,,,,,,,,,,,,,,,,,,,,,,,,,,,,,,,,,,,,,,,,,,,,,,,,,,,,,,,,,,,,,,,,,,,,,,,,,,,,,,,,,,1.0,2.0,,,,,,,,,,,12.0,15.0,12.0,15.0,17.0,17.0,18.0,0.0,0.0,0.0,0.0,0.0,15.1,,267.93,1.46,,50.0,0.0,,,,,,,,,,,,,,,,,,,,,,,,,,,,,,,,,,,,,,,,,,,,,,,,,,,,,,9.999e+20,,,,,,,,,,,,,,,,,,,,,,,,,,,,,4.0,0.8,1.2,1.6,2.0,2.4,2.8,2.8,3.2304,3.25641,1.2,3.70864,3.81469,3.88917,4.37532,4.53202,5.01288,5.47587,6.00755,6.61577,7.7957,9.56266,3.97643,2.12,0.0,0.0,0.0,0.0,0.0,0.0,0.0,2.0,,9.999e+20,9.999e+20,9.999e+20,9.999e+20,9.999e+20,,,,472.0,,2.4,0.0,10.8,0.0,,53.0,7.2,3.2,5.2,2.5,6.9,9.6,12.6,13.5,952.0,600.0,776.0,512.0,928.0,1104.0,1280.0,1384.0,,,30.0,21.0,,,,,,,276.51,2.39,,,,,,,,,,,,,,,,,,,,,,,,,,,,,,,,,,,,,,,,,,,,,,,,,,,,,,,,,,,,,9.999e+20,,,130.0,3.3,,,,,,0.0,,,,,,,1078.0,100.0,100.0,100.0,,274.5,,,,,,,,,,,,,,,,,,,,,,,,,,,,,1.6,0.0,0.0,0.4,0.4,0.8,0.8,1.2,1.2,1.2,0.0,1.2,1.6,1.6,1.6,1.6,2.0,2.4,2.4,2.8,3.2,4.0,1.60219,1.0,0.0,0.0,0.0,0.0,4.0,0.0,0.0,0.0,1.6,2.0,
2026041016,,,,,,,,,,,,,,,,,,,,,,,,,,,,,,,,,0.0,,,,,,,,,,,,,,,,,,,,,,,,,,,,,,,,,,,,,,,,,,,,,,,,,,,,,,,,,,,,,,,,,,,,,,,,,,,,,,,,,,,,,,,,,,,,,,,,,,,,,,,,,,,,,,,,,,,,,,,,,,,,,,,,,,,,,,,,,,,,,,,,,,,,,,,,,,,,,,,,,,,,,,,,,,,,,,,,,,,,,,,,,,,,,,,,,,,,,,,,,,,,,,,,,,,,,,,,,,,,,,,,,,,,,,,,,,,,,,,,,,,,,,,,,,,,,,,,,,,,,,,,,,,,,,,,,,,,,,,,,,,,,,,,,,,,,,,,,,,,,,,,,,,,,,,,,,,,,,,,,,,,,,,,,,,,,,,,,,,,,,,,,,,,,,,,,,,,,,,,,,,,,,,,,,,,,,,,,,,,,,,,,,,,,,,,,,,,,,,,,,,,,,,,,,,,,,,,,,,,,,,,,,,,,,,,,,,,,,,,,,,,,,,,,,,,,,,,,,,,,,,,,,,,,,,,,,,,,,,,,,,,,,,,,,,,,,,,,,,,,,,,,,,,,,,,,,,,,,,,,,,,,,,,,,,,,,,,,,,,,,,,,,,,,,,,,,,,
2026041017,,,,,,,,,,,,,,,,,,,,,,,,,,,,,,,,,0.0,,,,,,,,,,,,,,,,,,,,,,,,,,,,,,,,,,,,,,,,,,,,,,,,,,,,,,,,,,,,,,,,,,,,,,,,,,,,,,,,,,,,,,,,,,,,,,,,,,,,,,,,,,,,,,,,,,,,,,,,,,,,,,,,,,,,,,,,,,,,,,,,,,,,,,,,,,,,,,,,,,,,,,,,,,,,,,,,,,,,,,,,,,,,,,,,,,,,,,,,,,,,,,,,,,,,,,,,,,,,,,,,,,,,,,,,,,,,,,,,,,,,,,,,,,,,,,,,,,,,,,,,,,,,,,,,,,,,,,,,,,,,,,,,,,,,,,,,,,,,,,,,,,,,,,,,,,,,,,,,,,,,,,,,,,,,,,,,,,,,,,,,,,,,,,,,,,,,,,,,,,,,,,,,,,,,,,,,,,,,,,,,,,,,,,,,,,,,,,,,,,,,,,,,,,,,,,,,,,,,,,,,,,,,,,,,,,,,,,,,,,,,,,,,,,,,,,,,,,,,,,,,,,,,,,,,,,,,,,,,,,,,,,,,,,,,,,,,,,,,,,,,,,,,,,,,,,,,,,,,,,,,,,,,,,,,,,,,,,,,,,,,,,,,,,,,,,,,
2026041018,0.386,0.0,0.0,0.0,0.0,0.0,0.0,0.0,0.0,0.0,0.0,0.0,0.0,0.0,0.0,0.0,0.0,0.0,0.006,0.555,2.632,8.176,12.0,0.0,0.0,0.0,0.0,5.0,0.0,0.0,2.0,0.0,0.0,,,,,,,,,,,,,,,,,,,,,,,,,,,,,,,,,,,,,,,,,,,,,,,,,,,,,,,,,,,,,,,,,,0.0,0.0,0.0,0.0,0.0,0.0,0.0,0.0,0.0,0.0,0.0,0.0,0.0,0.0,0.0,0.0,0.0,0.0,0.0,0.192,1.746,5.383,10.0,0.0,0.0,4.0,0.0,0.0,0.0,1.0,0.0,0.0,,,,,,,,,,,,,,,,,,,,,,,,,,,,,,,,,281.18,,,,,,,,,,,,,,,,,,,0.005,,,,,,,,,,,,,,,,,,0.008,,,,,,,,,,,,,,,,,,0.003,0.0,0.0,0.0,0.0,0.0,0.0,0.005,5.0,3.0,1.0,0.0,0.0,0.0,0.0,0.0,0.0,0.0,0.013,,,,,,,,,,,,,,,,,,3.0,6.0,,,,,,,,,,,10.0,14.0,10.0,16.0,18.0,19.0,20.0,0.0,0.0,0.0,0.0,0.0,16.0,,269.61,2.63,,251.0,0.0,,0.0,,,,,,,,,,,,,,,,,,,,,,,,,0.0,0.0,0.0,0.0,0.0,0.0,0.0,0.0,0.0,0.0,0.0,0.0,0.0,0.0,,,,,,,,,,,,,10.2,9.999e+20,,,,,,,,,,,,,,,,,,,,,,,,,,,,,5.6,1.6,2.8,3.2,3.2,3.6,3.72714,3.83293,3.93435,4.45637,2.4,4.69234,4.93826,5.43569,5.60743,6.21674,7.13224,7.85246,8.52262,8.9633,10.8665,17.1796,5.64184,3.1,4.0,2.0,1.0,0.0,0.0,0.0,0.0,12.0,2.0,9.999e+20,9.999e+20,9.999e+20,9.999e+20,9.999e+20,,63.0,,1640.0,,3.6,0.0,13.2,0.0,,42.0,6.8,2.8,4.6,2.3,6.5,8.9,11.3,12.1,1048.0,744.0,848.0,568.0,1032.0,1208.0,1360.0,1464.0,,,17.0,16.0,,,,,,2.65868,282.03,2.63,,,,,,,,,,,,,,,,,,,,,,,,,,,,,,,273.328,267.776,269.81,270.74,271.018,271.682,272.062,271.993,272.502,272.682,269.592,273.187,273.467,273.703,273.89,274.446,275.215,275.628,275.978,276.899,277.029,279.414,0.0,0.0,0.0,0.0,0.0,18.0,50.0,0.0,9.999e+20,,,180.0,4.2,,2.0,,,1.0,2.0,,,,,,,6318.0,260.0,260.0,260.0,,280.3,,,,,,,,,,,,,,,,,,,,,,,,,,,,,2.1,0.0,0.8,1.2,1.2,1.2,1.2,1.6,1.6,1.6,0.8,1.6,2.0,2.0,2.0,2.4,2.4,2.8,2.8,3.58389,3.97096,4.25394,2.13929,1.0,0.0,0.0,0.0,0.0,8.0,0.0,0.0,0.0,2.5,2.5,
2026041019,,,,,,,,,,,,,,,,,,,,,,,,,,,,,,,,,0.0,,,,,,,,,,,,,,,,,,,,,,,,,,,,,,,,,,,,,,,,,,,,,,,,,,,,,,,,,,,,,,,,,,,,,,,,,,,,,,,,,,,,,,,,,,,,,,,,,,,,,,,,,,,,,,,,,,,,,,,,,,,,,,,,,,,,,,,,,,,,,,,,,,,,,,,,,,,,,,,,,,,,,,,,,,,,,,,,,,,,,,,,,,,,,,,,,,,,,,,,,,,,,,,,,,,,,,,,,,,,,,,,,,,,,,,,,,,,,,,,,,,,,,,,,,,,,,,,,,,,,,,,,,,,,,,,,,,,,,,,,,,,,,,,,,,,,,,,,,,,,,,,,,,,,,,,,,,,,,,,,,,,,,,,,,,,,,,,,,,,,,,,,,,,,,,,,,,,,,,,,,,,,,,,,,,,,,,,,,,,,,,,,,,,,,,,,,,,,,,,,,,,,,,,,,,,,,,,,,,,,,,,,,,,,,,,,,,,,,,,,,,,,,,,,,,,,,,,,,,,,,,,,,,,,,,,,,,,,,,,,,,,,,,,,,,,,,,,,,,,,,,,,,,,,,,,,,,,,,,,,,,,,,,,,,,,,,,,,,,,,,,,,,,,,,,,,,,,
2026041020,,,,,,,,,,,,,,,,,,,,,,,,,,,,,,,,,0.0,,,,,,,,,,,,,,,,,,,,,,,,,,,,,,,,,,,,,,,,,,,,,,,,,,,,,,,,,,,,,,,,,,,,,,,,,,,,,,,,,,,,,,,,,,,,,,,,,,,,,,,,,,,,,,,,,,,,,,,,,,,,,,,,,,,,,,,,,,,,,,,,,,,,,,,,,,,,,,,,,,,,,,,,,,,,,,,,,,,,,,,,,,,,,,,,,,,,,,,,,,,,,,,,,,,,,,,,,,,,,,,,,,,,,,,,,,,,,,,,,,,,,,,,,,,,,,,,,,,,,,,,,,,,,,,,,,,,,,,,,,,,,,,,,,,,,,,,,,,,,,,,,,,,,,,,,,,,,,,,,,,,,,,,,,,,,,,,,,,,,,,,,,,,,,,,,,,,,,,,,,,,,,,,,,,,,,,,,,,,,,,,,,,,,,,,,,,,,,,,,,,,,,,,,,,,,,,,,,,,,,,,,,,,,,,,,,,,,,,,,,,,,,,,,,,,,,,,,,,,,,,,,,,,,,,,,,,,,,,,,,,,,,,,,,,,,,,,,,,,,,,,,,,,,,,,,,,,,,,,,,,,,,,,,,,,,,,,,,,,,,,,,,,,,,,,,,,,
2026041021,,,,,,,,,,,,,,,,,,,,,,,,,,,,,,,,,0.0,,,,,,,,,,,,,,,,,,,,,,,,,,,,,,,,,,,,,,,,,,,,,,,,,,,,,,,,,,,,,,,,,,,,,,,,,,,,,,,,,,,,,,,,,,,,,,,,,,,,,,,,,,,,,,,,,,,,,,,,,,,,,,,,,,283.79,,,,,,,,,,,,,,,,,,,,,,,,,,,,,,,,,,,,,,,,,,,,,,,,,,,,,,,,,,,,,,,,,,,,,,,,,,,,,,,,,,,,,,,,,,,5.0,11.0,,,,,,,,,,,11.0,14.0,11.0,14.0,16.0,18.0,18.0,0.0,0.0,0.0,0.0,0.0,14.5,,270.61,2.15,,720.0,0.0,,,,,,,,,,,,,,,,,,,,,,,,,,,,,,,,,,,,,,,,,,,,,,,,,,,,,,9.999e+20,,,,,,,,,,,,,,,,,,,,,,,,,,,,,7.9,2.8,4.07577,4.67907,4.80082,4.9105,5.40762,5.87666,5.95671,6.09483,3.2,6.57333,7.10723,7.1602,7.69047,8.65693,9.46858,9.56254,10.9614,13.0302,16.9031,22.1177,7.93809,4.1,15.0,7.0,3.0,2.0,0.0,0.0,0.0,30.0,,9.999e+20,9.999e+20,9.999e+20,9.999e+20,9.999e+20,,,,1808.0,,14.4,0.0,13.2,0.0,,39.0,6.0,2.7,4.0,1.8,6.1,8.1,10.1,10.9,1184.0,864.0,968.0,744.0,1128.0,1376.0,1528.0,1616.0,,,34.0,25.0,,,,,,,283.96,2.14,,,,,,,,,,,,,,,,,,,,,,,,,,,,,,,,,,,,,,,,,,,,,,,,,,,,,,,,,,,,,9.999e+20,,,200.0,5.5,,,,,,3.0,,,,,,,8834.0,270.0,270.0,270.0,,282.3,,,,,,,,,,,,,,,,,,,,,,,,,,,,,3.1,0.8,1.6,2.0,2.0,2.0,2.4,2.4,2.8,2.8,1.6,2.8,3.2,3.2,3.6,3.6,4.0475,4.15266,4.26757,5.13391,6.12128,7.70278,3.14752,1.5,0.0,0.0,0.0,0.0,36.0,0.0,7.0,1.0,3.5,4.0,
2026041022,,,,,,,,,,,,,,,,,,,,,,,,,,,,,,,,,0.0,,,,,,,,,,,,,,,,,,,,,,,,,,,,,,,,,,,,,,,,,,,,,,,,,,,,,,,,,,,,,,,,,,,,,,,,,,,,,,,,,,,,,,,,,,,,,,,,,,,,,,,,,,,,,,,,,,,,,,,,,,,,,,,,,,,,,,,,,,,,,,,,,,,,,,,,,,,,,,,,,,,,,,,,,,,,,,,,,,,,,,,,,,,,,,,,,,,,,,,,,,,,,,,,,,,,,,,,,,,,,,,,,,,,,,,,,,,,,,,,,,,,,,,,,,,,,,,,,,,,,,,,,,,,,,,,,,,,,,,,,,,,,,,,,,,,,,,,,,,,,,,,,,,,,,,,,,,,,,,,,,,,,,,,,,,,,,,,,,,,,,,,,,,,,,,,,,,,,,,,,,,,,,,,,,,,,,,,,,,,,,,,,,,,,,,,,,,,,,,,,,,,,,,,,,,,,,,,,,,,,,,,,,,,,,,,,,,,,,,,,,,,,,,,,,,,,,,,,,,,,,,,,,,,,,,,,,,,,,,,,,,,,,,,,,,,,,,,,,,,,,,,,,,,,,,,,,,,,,,,,,,,,,,,,,,,,,,,,,,,,,,,,,,,,,,,,,,,
2026041023,,,,,,,,,,,,,,,,,,,,,,,,,,,,,,,,,0.0,,,,,,,,,,,,,,,,,,,,,,,,,,,,,,,,,,,,,,,,,,,,,,,,,,,,,,,,,,,,,,,,,,,,,,,,,,,,,,,,,,,,,,,,,,,,,,,,,,,,,,,,,,,,,,,,,,,,,,,,,,,,,,,,,,,,,,,,,,,,,,,,,,,,,,,,,,,,,,,,,,,,,,,,,,,,,,,,,,,,,,,,,,,,,,,,,,,,,,,,,,,,,,,,,,,,,,,,,,,,,,,,,,,,,,,,,,,,,,,,,,,,,,,,,,,,,,,,,,,,,,,,,,,,,,,,,,,,,,,,,,,,,,,,,,,,,,,,,,,,,,,,,,,,,,,,,,,,,,,,,,,,,,,,,,,,,,,,,,,,,,,,,,,,,,,,,,,,,,,,,,,,,,,,,,,,,,,,,,,,,,,,,,,,,,,,,,,,,,,,,,,,,,,,,,,,,,,,,,,,,,,,,,,,,,,,,,,,,,,,,,,,,,,,,,,,,,,,,,,,,,,,,,,,,,,,,,,,,,,,,,,,,,,,,,,,,,,,,,,,,,,,,,,,,,,,,,,,,,,,,,,,,,,,,,,,,,,,,,,,,,,,,,,,,,,,,,,,
2026041100,0.76,0.0,0.0,0.0,0.0,0.0,0.0,0.0,0.0,0.0,0.0,0.0,0.0,0.0,0.0,0.0,0.0,0.288,1.171,2.416,5.378,11.154,20.0,0.0,1.0,0.0,0.0,9.0,0.0,0.0,4.0,0.0,0.0,,1.478,0.0,0.0,0.0,0.0,0.0,0.0,0.0,0.0,0.0,0.0,0.0,0.0,0.0,0.0,0.0,0.435,1.143,2.436,5.205,9.441,19.738,26.0,0.0,3.0,0.0,0.0,0.0,1.0,0.0,9.0,0.0,,,,,,,,,,,,,,,,,,,,,,,,,,,,,,,,,0.0,0.0,0.0,0.0,0.0,0.0,0.0,0.0,0.0,0.0,0.0,0.0,0.0,0.0,0.0,0.0,0.0,0.193,1.01,1.824,3.069,6.344,20.0,0.0,0.0,6.0,0.0,0.0,0.0,1.0,0.0,0.0,,,,,,,,,,,,,,,,,,,,,,,,,,,,,,,,,281.12,,,,,,,,,,,,,,,,,,,0.005,0.0,0.0,0.0,0.0,0.0,0.01,0.023,13.0,5.0,4.0,1.0,0.0,0.0,0.0,0.0,0.0,0.0,0.008,0.0,0.0,0.0,0.0,0.0,0.015,0.038,6.0,4.0,1.0,1.0,1.0,0.0,0.0,0.0,0.0,0.0,0.003,0.0,0.0,0.0,0.0,0.0,0.01,0.018,11.0,2.0,0.0,0.0,0.0,0.0,0.0,0.0,0.0,0.0,0.013,0.0,0.0,0.0,0.0,0.003,0.036,0.094,13.0,3.0,2.0,1.0,0.0,0.0,0.0,0.0,0.0,0.0,6.0,14.0,,,,,,,,,,,12.0,13.0,12.0,16.0,18.0,23.0,23.0,0.0,0.0,0.0,0.0,0.0,16.3,,271.92,2.36,,652.0,1.0,,0.0,0.0,0.0,0.0,0.0,0.0,0.0,0.0,0.0,0.0,0.0,0.0,0.0,0.0,0.0,0.0,0.0,0.0,0.0,0.0,0.0,0.0,0.0,0.0,0.0,0.0,0.0,0.0,0.0,0.0,0.0,0.0,0.0,0.0,0.0,0.0,0.0,0.0,0.0,0.0,0.0,0.0,0.0,0.0,0.0,0.0,0.0,0.0,0.0,0.0,0.0,16.0,9.999e+20,,,,,,,,,,,,,,,,,,,,,,,,,,,,,8.2,2.0,4.8,5.2,5.6,6.0,6.42383,6.55007,6.79275,7.1412,3.2,7.58956,7.75156,8.75247,9.40361,9.40476,10.083,11.0996,11.8628,12.7869,14.1722,19.1026,8.23087,3.42,18.0,4.0,2.0,0.0,0.0,0.0,0.0,38.0,2.0,9.999e+20,9.999e+20,9.999e+20,9.999e+20,9.999e+20,,,,1712.0,0.0,12.0,0.0,13.2,0.0,,46.0,5.4,2.1,3.4,1.3,5.5,7.5,9.8,10.3,1288.0,968.0,1080.0,896.0,1248.0,1480.0,1640.0,1752.0,,,39.0,21.0,,284.31,2.37,,,,282.92,2.36,,,,,,,,,,,,,,,,,,,,,,,,,,,,,,,,,,,,,,,,,,,,,,,,,,,,,,,,,,,,,9.999e+20,,,210.0,5.3,1.0,3.0,,,2.0,1.0,,,,,,,8334.0,270.0,270.0,270.0,,279.9,,,,,,,,,,,,,,,,,,,,,,,,,,,,,3.3,0.8,2.0,2.0,2.4,2.4,2.4,2.8,2.8,2.8,1.6,3.2,3.2,3.6,3.6,3.6,4.0,4.0,4.4,4.8,5.49413,7.49788,3.33421,1.3,0.0,0.0,0.0,0.0,34.0,0.0,5.0,0.0,3.7,4.1,
2026041101,,,,,,,,,,,,,,,,,,,,,,,,,,,,,,,,,0.0,,,,,,,,,,,,,,,,,,,,,,,,,,,,,,,,,,,,,,,,,,,,,,,,,,,,,,,,,,,,,,,,,,,,,,,,,,,,,,,,,,,,,,,,,,,,,,,,,,,,,,,,,,,,,,,,,,,,,,,,,,,,,,,,,,,,,,,,,,,,,,,,,,,,,,,,,,,,,,,,,,,,,,,,,,,,,,,,,,,,,,,,,,,,,,,,,,,,,,,,,,,,,,,,,,,,,,,,,,,,,,,,,,,,,,,,,,,,,,,,,,,,,,,,,,,,,,,,,,,,,,,,,,,,,,,,,,,,,,,,,,,,,,,,,,,,,,,,,,,,,,,,,,,,,,,,,,,,,,,,,,,,,,,,,,,,,,,,,,,,,,,,,,,,,,,,,,,,,,,,,,,,,,,,,,,,,,,,,,,,,,,,,,,,,,,,,,,,,,,,,,,,,,,,,,,,,,,,,,,,,,,,,,,,,,,,,,,,,,,,,,,,,,,,,,,,,,,,,,,,,,,,,,,,,,,,,,,,,,,,,,,,,,,,,,,,,,,,,,,,,,,,,,,,,,,,,,,,,,,,,,,,,,,,,,,,,,,,,,,,,,,,,,,,,,,,,,,,
2026041102,,,,,,,,,,,,,,,,,,,,,,,,,,,,,,,,,0.0,,,,,,,,,,,,,,,,,,,,,,,,,,,,,,,,,,,,,,,,,,,,,,,,,,,,,,,,,,,,,,,,,,,,,,,,,,,,,,,,,,,,,,,,,,,,,,,,,,,,,,,,,,,,,,,,,,,,,,,,,,,,,,,,,,,,,,,,,,,,,,,,,,,,,,,,,,,,,,,,,,,,,,,,,,,,,,,,,,,,,,,,,,,,,,,,,,,,,,,,,,,,,,,,,,,,,,,,,,,,,,,,,,,,,,,,,,,,,,,,,,,,,,,,,,,,,,,,,,,,,,,,,,,,,,,,,,,,,,,,,,,,,,,,,,,,,,,,,,,,,,,,,,,,,,,,,,,,,,,,,,,,,,,,,,,,,,,,,,,,,,,,,,,,,,,,,,,,,,,,,,,,,,,,,,,,,,,,,,,,,,,,,,,,,,,,,,,,,,,,,,,,,,,,,,,,,,,,,,,,,,,,,,,,,,,,,,,,,,,,,,,,,,,,,,,,,,,,,,,,,,,,,,,,,,,,,,,,,,,,,,,,,,,,,,,,,,,,,,,,,,,,,,,,,,,,,,,,,,,,,,,,,,,,,,,,,,,,,,,,,,,,,,,,,,,,,,,,
2026041103,,,,,,,,,,,,,,,,,,,,,,,,,,,,,,,,,0.0,,,,,,,,,,,,,,,,,,,,,,,,,,,,,,,,,,,,,,,,,,,,,,,,,,,,,,,,,,,,,,,,,,,,,,,,,,,,,,,,,,,,,,,,,,,,,,,,,,,,,,,,,,,,,,,,,,,,,,,,,,,,,,,,,,,,,,,,,,,,,,,,,,,,,,,,,,,,,,,,,,,,,,,,,,,,,,,,,,,,,,,,,,,,,,,,,,,,,,,,,,,,,,,,,,,,,,,,,,,,,,,,,,,,,,,,,,,,,,,,,,,,,,,,,,,,,,,,,,,,,,,,,,,,,,,,,,,,,,,,,,,,,,,,,,,,,,,,,,,,,,,,,,,,,,,,,,,,,,,,,,,,,,,,,,,,,,,1.6,2.8,3.2,3.2,3.6,3.82388,3.96724,4.03948,4.4912,2.4,4.55531,5.14436,5.27745,5.44798,5.91695,6.13241,6.33597,6.92282,7.59253,8.35127,11.858,5.07482,2.2376,2.0,0.0,0.0,0.0,0.0,0.0,0.0,4.0,,,,,,,,,,,,,,,,,,,,,,,,,,,,,,,,,,,,,,,,,,,,,,,,,,,,,,,,,,,,,,,,,,,,,,,,,,,,,,,,,,,,,,,,,,,,,,,,,,,,,,,,,,,,,,,,,,,,,,,,,,,,,,,,,,,,,,,,,,,,,,,,,,,,,,,,,,,,,,0.0,0.8,1.2,1.2,1.2,1.2,1.6,1.6,1.6,0.8,1.6,2.0,2.0,2.0,2.0,2.4,2.4,2.8,2.8,3.10831,4.33994,1.67488,1.02223,0.0,0.0,0.0,0.0,2.0,0.0,0.0,0.0,,,
2026041104,,,,,,,,,,,,,,,,,,,,,,,,,,,,,,,,,0.0,,,,,,,,,,,,,,,,,,,,,,,,,,,,,,,,,,,,,,,,,,,,,,,,,,,,,,,,,,,,,,,,,,,,,,,,,,,,,,,,,,,,,,,,,,,,,,,,,,,,,,,,,,,,,,,,,,,,,,,,,,,,,,,,,,,,,,,,,,,,,,,,,,,,,,,,,,,,,,,,,,,,,,,,,,,,,,,,,,,,,,,,,,,,,,,,,,,,,,,,,,,,,,,,,,,,,,,,,,,,,,,,,,,,,,,,,,,,,,,,,,,,,,,,,,,,,,,,,,,,,,,,,,,,,,,,,,,,,,,,,,,,,,,,,,,,,,,,,,,,,,,,,,,,,,,,,,,,,,,,,,,,,,,,,,,,,,,,,,,,,,,,,,,,,,,,,,,,,,,,,,,,,,,,,,,,,,,,,,,,,,,,,,,,,,,,,,,,,,,,,,,,,,,,,,,,,,,,,,,,,,,,,,,,,,,,,,,,,,,,,,,,,,,,,,,,,,,,,,,,,,,,,,,,,,,,,,,,,,,,,,,,,,,,,,,,,,,,,,,,,,,,,,,,,,,,,,,,,,,,,,,,,,,,,,,,,,,,,,,,,,,,,,,,,,,,,,,,
2026041105,,,,,,,,,,,,,,,,,,,,,,,,,,,,,,,,,0.0,,,,,,,,,,,,,,,,,,,,,,,,,,,,,,,,,,,,,,,,,,,,,,,,,,,,,,,,,,,,,,,,,,,,,,,,,,,,,,,,,,,,,,,,,,,,,,,,,,,,,,,,,,,,,,,,,,,,,,,,,,,,,,,,,,,,,,,,,,,,,,,,,,,,,,,,,,,,,,,,,,,,,,,,,,,,,,,,,,,,,,,,,,,,,,,,,,,,,,,,,,,,,,,,,,,,,,,,,,,,,,,,,,,,,,,,,,,,,,,,,,,,,,,,,,,,,,,,,,,,,,,,,,,,,,,,,,,,,,,,,,,,,,,,,,,,,,,,,,,,,,,,,,,,,,,,,,,,,,,,,,,,,,,,,,,,,,,,,,,,,,,,,,,,,,,,,,,,,,,,,,,,,,,,,,,,,,,,,,,,,,,,,,,,,,,,,,,,,,,,,,,,,,,,,,,,,,,,,,,,,,,,,,,,,,,,,,,,,,,,,,,,,,,,,,,,,,,,,,,,,,,,,,,,,,,,,,,,,,,,,,,,,,,,,,,,,,,,,,,,,,,,,,,,,,,,,,,,,,,,,,,,,,,,,,,,,,,,,,,,,,,,,,,,,,,,,,,,
2026041106,0.957,0.0,0.0,0.0,0.0,0.0,0.0,0.0,0.0,0.0,0.0,0.0,0.0,0.0,0.0,0.0,0.0,0.753,1.924,3.362,6.068,11.607,23.0,0.0,1.0,0.0,0.0,13.0,0.0,0.0,5.0,0.0,0.0,,,,,,,,,,,,,,,,,,,,,,,,,,,,,,,,,,,,,,,,,,,,,,,,,,,,,,,,,,,,,,,,,,0.0,0.0,0.0,0.0,0.0,0.0,0.0,0.0,0.0,0.0,0.0,0.0,0.0,0.0,0.0,0.0,0.0,0.033,0.347,1.237,3.017,7.266,16.0,0.0,0.0,6.0,0.0,0.0,0.0,1.0,0.0,0.0,,,,,,,,,,,,,,,,,,,,,,,,,,,,,,,,,277.44,,,,,,,,,,,,,,,,,,,0.005,,,,,,,,,,,,,,,,,,0.01,,,,,,,,,,,,,,,,,,0.003,0.0,0.0,0.0,0.0,0.0,0.0,0.015,7.0,2.0,1.0,0.0,0.0,0.0,0.0,0.0,0.0,0.0,0.015,,,,,,,,,,,,,,,,,,1.0,1.0,,,,,,,,,,,11.0,13.0,11.0,18.0,19.0,23.0,23.0,0.0,0.0,0.0,0.0,0.0,17.0,,271.07,1.74,,95.0,0.0,,0.0,,,,,,,,,,,,,,,,,,,,,,,,,0.0,0.0,0.0,0.0,0.0,0.0,0.0,0.0,0.0,0.0,0.0,0.0,0.0,0.0,,,,,,,,,,,,,15.0,9.999e+20,11.2363,6.20193,7.52765,8.1307,8.33565,8.49146,9.02541,9.55944,9.79844,9.98363,7.56291,10.5384,10.724,11.3865,12.0671,12.6618,12.8512,14.1906,15.0213,15.9073,17.7531,21.4446,40.0,6.0,2.0,0.0,0.0,0.0,3.2,0.8,1.2,1.2,1.6,1.6,2.0,2.0,2.00232,2.4547,1.2,2.53783,2.59574,3.03592,3.52015,4.03608,4.5561,4.67715,5.23104,5.83506,6.38192,8.28547,3.20734,1.92,0.0,0.0,0.0,0.0,0.0,0.0,0.0,1.0,3.0,9.999e+20,9.999e+20,9.999e+20,9.999e+20,9.999e+20,,,42.0,256.0,,7.2,0.0,14.4,0.0,,63.0,6.2,2.5,4.1,1.4,6.3,8.2,10.5,11.7,1176.0,864.0,984.0,720.0,1144.0,1312.0,1584.0,1640.0,,,36.0,29.0,,,,,,2.63412,277.23,2.63,282.548,276.865,279.166,279.632,280.662,281.211,281.617,281.915,282.472,282.641,278.244,282.804,283.084,283.384,283.763,283.765,284.488,284.86,285.127,285.818,287.088,289.78,0.0,0.0,0.0,0.0,0.0,0.0,0.0,0.0,,,,,,,,,,,,,,,,,,,,,,,,,,,,,,,9.999e+20,,,100.0,3.4,,,,,,0.0,,,,,,,391.0,210.0,210.0,210.0,,275.5,4.68396,2.8,3.6,3.6,3.6,4.0,4.4,4.4,4.4,4.58715,3.2,4.61794,4.66319,5.10106,5.17087,5.27906,5.34826,5.8401,5.88168,5.99608,6.54234,7.90807,0.0,0.0,0.0,0.0,21.0,1.0,1.2,0.0,0.4,0.4,0.4,0.4,0.8,0.8,0.8,0.8,0.0,0.8,1.2,1.2,1.2,1.6,1.6,2.0,2.0,2.4,2.8,3.7345,1.2253,0.9,0.0,0.0,0.0,0.0,2.0,0.0,0.0,0.0,1.6,1.6,
2026041107,,,,,,,,,,,,,,,,,,,,,,,,,,,,,,,,,0.0,,,,,,,,,,,,,,,,,,,,,,,,,,,,,,,,,,,,,,,,,,,,,,,,,,,,,,,,,,,,,,,,,,,,,,,,,,,,,,,,,,,,,,,,,,,,,,,,,,,,,,,,,,,,,,,,,,,,,,,,,,,,,,,,,,,,,,,,,,,,,,,,,,,,,,,,,,,,,,,,,,,,,,,,,,,,,,,,,,,,,,,,,,,,,,,,,,,,,,,,,,,,,,,,,,,,,,,,,,,,,,,,,,,,,,,,,,,,,,,,,,,,,,,,,,,,,,,,,,,,,,,,,,,,,,,,,,,,,,,,,,,,,,,,,,,,,,,,,,,,,,,,,,,,,,,,,,,,,,,,,,,,,,,,,,,,,,,,,,,,,,,,,,,,,,,,,,,,,,,,,,,,,,,,,,,,,,,,,,,,,,,,,,,,,,,,,,,,,,,,,,,,,,,,,,,,,,,,,,,,,,,,,,,,,,,,,,,,,,,,,,,,,,,,,,,,,,,,,,,,,,,,,,,,,,,,,,,,,,,,,,,,,,,,,,,,,,,,,,,,,,,,,,,,,,,,,,,,,,,,,,,,,,,,,,,,,,,,,,,,,,,,,,,,,,,,,,,,
2026041108,,,,,,,,,,,,,,,,,,,,,,,,,,,,,,,,,0.0,,,,,,,,,,,,,,,,,,,,,,,,,,,,,,,,,,,,,,,,,,,,,,,,,,,,,,,,,,,,,,,,,,,,,,,,,,,,,,,,,,,,,,,,,,,,,,,,,,,,,,,,,,,,,,,,,,,,,,,,,,,,,,,,,,,,,,,,,,,,,,,,,,,,,,,,,,,,,,,,,,,,,,,,,,,,,,,,,,,,,,,,,,,,,,,,,,,,,,,,,,,,,,,,,,,,,,,,,,,,,,,,,,,,,,,,,,,,,,,,,,,,,,,,,,,,,,,,,,,,,,,,,,,,,,,,,,,,,,,,,,,,,,,,,,,,,,,,,,,,,,,,,,,,,,,,,,,,,,,,,,,,,,,,,,,,,,,,,,,,,,,,,,,,,,,,,,,,,,,,,,,,,,,,,,,,,,,,,,,,,,,,,,,,,,,,,,,,,,,,,,,,,,,,,,,,,,,,,,,,,,,,,,,,,,,,,,,,,,,,,,,,,,,,,,,,,,,,,,,,,,,,,,,,,,,,,,,,,,,,,,,,,,,,,,,,,,,,,,,,,,,,,,,,,,,,,,,,,,,,,,,,,,,,,,,,,,,,,,,,,,,,,,,,,,,,,,,,
2026041109,,,,,,,,,,,,,,,,,,,,,,,,,,,,,,,,,0.0,,,,,,,,,,,,,,,,,,,,,,,,,,,,,,,,,,,,,,,,,,,,,,,,,,,,,,,,,,,,,,,,,,,,,,,,,,,,,,,,,,,,,,,,,,,,,,,,,,,,,,,,,,,,,,,,,,,,,,,,,,,,,,,,,,,,,,,,,,,,,,,,,,,,,,,,,,,,,,,,,,,,,,,,,,,,,,,,,,,,,,,,,,,,,,,,,,,,,,,,,,,,,,,,,,,,,,,,,,,,,,,,,,,,,,,,,,,,,,,,,,,,,,,,,,,,,,,,,,,,,,,,,,,,,,,,,,,,,,,,,,,,,,,,,,,,,,,,,,,,,,,,,,,,,,,,,,,,,,,,,,,,,,,,,,,,,,,,,,,,,,,,,,,,,,,,,,,,,,,,,,,,,,,,,,,,,,,,,,,,,,,,,,,,,,,,,,,,,,,,,,,,,,,,,,,,,,,,,,,,,,,,,,,,,,,,,,,,,,,,,,,,,,,,,,,,,,,,,,,,,,,,,,,,,,,,,,,,,,,,,,,,,,,,,,,,,,,,,,,,,,,,,,,,,,,,,,,,,,,,,,,,,,,,,,,,,,,,,,,,,,,,,,,,,,,,,,,,
2026041110,,,,,,,,,,,,,,,,,,,,,,,,,,,,,,,,,0.0,,,,,,,,,,,,,,,,,,,,,,,,,,,,,,,,,,,,,,,,,,,,,,,,,,,,,,,,,,,,,,,,,,,,,,,,,,,,,,,,,,,,,,,,,,,,,,,,,,,,,,,,,,,,,,,,,,,,,,,,,,,,,,,,,,,,,,,,,,,,,,,,,,,,,,,,,,,,,,,,,,,,,,,,,,,,,,,,,,,,,,,,,,,,,,,,,,,,,,,,,,,,,,,,,,,,,,,,,,,,,,,,,,,,,,,,,,,,,,,,,,,,,,,,,,,,,,,,,,,,,,,,,,,,,,,,,,,,,,,,,,,,,,,,,,,,,,,,,,,,,,,,,,,,,,,,,,,,,,,,,,,,,,,,,,,,,,,,,,,,,,,,,,,,,,,,,,,,,,,,,,,,,,,,,,,,,,,,,,,,,,,,,,,,,,,,,,,,,,,,,,,,,,,,,,,,,,,,,,,,,,,,,,,,,,,,,,,,,,,,,,,,,,,,,,,,,,,,,,,,,,,,,,,,,,,,,,,,,,,,,,,,,,,,,,,,,,,,,,,,,,,,,,,,,,,,,,,,,,,,,,,,,,,,,,,,,,,,,,,,,,,,,,,,,,,,,,,,
2026041111,,,,,,,,,,,,,,,,,,,,,,,,,,,,,,,,,0.0,,,,,,,,,,,,,,,,,,,,,,,,,,,,,,,,,,,,,,,,,,,,,,,,,,,,,,,,,,,,,,,,,,,,,,,,,,,,,,,,,,,,,,,,,,,,,,,,,,,,,,,,,,,,,,,,,,,,,,,,,,,,,,,,,,,,,,,,,,,,,,,,,,,,,,,,,,,,,,,,,,,,,,,,,,,,,,,,,,,,,,,,,,,,,,,,,,,,,,,,,,,,,,,,,,,,,,,,,,,,,,,,,,,,,,,,,,,,,,,,,,,,,,,,,,,,,,,,,,,,,,,,,,,,,,,,,,,,,,,,,,,,,,,,,,,,,,,,,,,,,,,,,,,,,,,,,,,,,,,,,,,,,,,,,,,,,,,,,,,,,,,,,,,,,,,,,,,,,,,,,,,,,,,,,,,,,,,,,,,,,,,,,,,,,,,,,,,,,,,,,,,,,,,,,,,,,,,,,,,,,,,,,,,,,,,,,,,,,,,,,,,,,,,,,,,,,,,,,,,,,,,,,,,,,,,,,,,,,,,,,,,,,,,,,,,,,,,,,,,,,,,,,,,,,,,,,,,,,,,,,,,,,,,,,,,,,,,,,,,,,,,,,,,,,,,,,,,,
2026041112,0.923,0.0,0.0,0.0,0.0,0.0,0.0,0.0,0.0,0.0,0.0,0.0,0.0,0.0,0.0,0.0,0.13,0.552,1.595,2.847,5.005,14.788,23.0,0.0,1.0,0.0,1.0,11.0,0.0,0.0,4.0,0.0,0.0,,2.178,0.0,0.0,0.0,0.0,0.0,0.0,0.0,0.0,0.0,0.0,0.0,0.0,0.0,0.001,0.199,0.943,2.299,4.406,7.268,12.081,27.925,30.0,0.0,5.0,0.0,0.0,0.0,1.0,0.0,12.0,0.0,3.146,0.0,0.0,0.0,0.0,0.0,0.0,0.0,0.0,0.0,0.0,0.0,0.0,0.229,0.861,1.764,3.014,4.5,6.658,9.959,16.359,32.477,8.0,0.0,27.0,0.0,2.0,0.0,0.0,0.0,0.0,0.0,0.0,0.0,0.0,0.0,0.0,0.0,0.0,0.0,0.0,0.0,0.0,0.0,0.0,0.0,0.0,0.0,0.0,0.005,0.28,1.088,2.871,9.368,15.0,1.0,0.0,6.0,0.0,0.0,0.0,2.0,0.0,0.0,4.893,0.0,0.0,0.0,0.0,0.0,0.0,0.0,0.0,0.044,0.0,0.417,0.958,1.732,2.656,3.986,5.826,7.847,10.649,14.891,24.183,44.309,0.0,0.0,5.0,0.0,0.0,1.0,0.0,24.0,0.0,0.0,274.84,,,,,,,,,,,,,,,,,,,0.01,0.0,0.0,0.0,0.0,0.003,0.025,0.079,20.0,8.0,6.0,1.0,1.0,0.0,0.0,0.0,0.0,0.0,0.013,0.0,0.0,0.0,0.0,0.003,0.033,0.079,9.0,6.0,2.0,2.0,1.0,0.0,0.0,0.0,0.0,0.0,0.003,0.0,0.0,0.0,0.0,0.0,0.008,0.015,13.0,3.0,1.0,1.0,0.0,0.0,0.0,0.0,0.0,0.0,0.018,0.0,0.0,0.0,0.0,0.01,0.061,0.094,16.0,3.0,2.0,1.0,1.0,0.0,0.0,0.0,0.0,0.0,0.0,1.0,,,,,,,,,,,11.0,14.0,11.0,17.0,20.0,26.0,26.0,0.0,0.0,0.0,0.0,0.0,17.3,,270.13,3.13,,0.0,0.0,,0.0,0.0,0.0,0.0,0.0,0.0,0.0,0.0,0.0,0.0,0.0,0.0,0.0,0.0,0.0,0.0,0.0,0.0,0.0,0.0,0.0,0.0,0.0,0.0,0.0,0.0,0.0,0.0,0.0,0.0,0.0,0.0,0.0,0.0,0.0,0.0,0.0,0.0,0.0,0.0,0.0,0.0,0.0,0.0,0.0,0.0,0.0,0.0,0.0,0.0,0.0,6.0,9.999e+20,,,,,,,,,,,,,,,,,,,,,,,,,,,,,3.8,0.8,1.2,1.6,2.0,2.0,2.4,2.4,2.8,3.24155,0.8,3.27787,3.7334,3.81213,4.24488,4.69162,5.13423,5.58455,6.06477,6.58605,8.44333,11.0721,3.82463,2.3,2.0,0.0,0.0,0.0,0.0,0.0,0.0,4.0,3.0,9.999e+20,9.999e+20,9.999e+20,9.999e+20,9.999e+20,,,,256.0,0.0,4.8,0.0,20.4,0.0,,64.0,7.2,2.6,4.7,1.4,7.3,10.2,12.4,13.0,1056.0,712.0,848.0,656.0,1000.0,1176.0,1408.0,1584.0,,,48.0,28.0,,,,274.92,2.63,,276.36,3.1,,,,,,,,,,,,,,,,,,,,,,,,,,,,,,,,,,,,,,,,,,,,,,,,,,,,,,,,,,,,,9.999e+20,,,100.0,3.1,2.0,,,,,0.0,,,,,,,351.0,180.0,180.0,180.0,,274.3,,,,,,,,,,,,,,,,,,,,,,,,,,,,,1.6,0.0,0.4,0.4,0.8,0.8,0.8,0.8,1.2,1.2,0.0,1.2,1.6,1.6,2.0,2.0,2.4,2.4,2.8,3.2,4.0,5.2,1.6,1.2,0.0,0.0,0.0,0.0,7.0,0.0,0.0,0.0,2.0,2.0,
2026041113,,,,,,,,,,,,,,,,,,,,,,,,,,,,,,,,,0.0,,,,,,,,,,,,,,,,,,,,,,,,,,,,,,,,,,,,,,,,,,,,,,,,,,,,,,,,,,,,,,,,,,,,,,,,,,,,,,,,,,,,,,,,,,,,,,,,,,,,,,,,,,,,,,,,,,,,,,,,,,,,,,,,,,,,,,,,,,,,,,,,,,,,,,,,,,,,,,,,,,,,,,,,,,,,,,,,,,,,,,,,,,,,,,,,,,,,,,,,,,,,,,,,,,,,,,,,,,,,,,,,,,,,,,,,,,,,,,,,,,,,,,,,,,,,,,,,,,,,,,,,,,,,,,,,,,,,,,,,,,,,,,,,,,,,,,,,,,,,,,,,,,,,,,,,,,,,,,,,,,,,,,,,,,,,,,,,,,,,,,,,,,,,,,,,,,,,,,,,,,,,,,,,,,,,,,,,,,,,,,,,,,,,,,,,,,,,,,,,,,,,,,,,,,,,,,,,,,,,,,,,,,,,,,,,,,,,,,,,,,,,,,,,,,,,,,,,,,,,,,,,,,,,,,,,,,,,,,,,,,,,,,,,,,,,,,,,,,,,,,,,,,,,,,,,,,,,,,,,,,,,,,,,,,,,,,,,,,,,,,,,,,,,,,,,,,,,
2026041114,,,,,,,,,,,,,,,,,,,,,,,,,,,,,,,,,0.0,,,,,,,,,,,,,,,,,,,,,,,,,,,,,,,,,,,,,,,,,,,,,,,,,,,,,,,,,,,,,,,,,,,,,,,,,,,,,,,,,,,,,,,,,,,,,,,,,,,,,,,,,,,,,,,,,,,,,,,,,,,,,,,,,,,,,,,,,,,,,,,,,,,,,,,,,,,,,,,,,,,,,,,,,,,,,,,,,,,,,,,,,,,,,,,,,,,,,,,,,,,,,,,,,,,,,,,,,,,,,,,,,,,,,,,,,,,,,,,,,,,,,,,,,,,,,,,,,,,,,,,,,,,,,,,,,,,,,,,,,,,,,,,,,,,,,,,,,,,,,,,,,,,,,,,,,,,,,,,,,,,,,,,,,,,,,,,,,,,,,,,,,,,,,,,,,,,,,,,,,,,,,,,,,,,,,,,,,,,,,,,,,,,,,,,,,,,,,,,,,,,,,,,,,,,,,,,,,,,,,,,,,,,,,,,,,,,,,,,,,,,,,,,,,,,,,,,,,,,,,,,,,,,,,,,,,,,,,,,,,,,,,,,,,,,,,,,,,,,,,,,,,,,,,,,,,,,,,,,,,,,,,,,,,,,,,,,,,,,,,,,,,,,,,,,,,,,,
2026041115,,,,,,,,,,,,,,,,,,,,,,,,,,,,,,,,,0.0,,,,,,,,,,,,,,,,,,,,,,,,,,,,,,,,,,,,,,,,,,,,,,,,,,,,,,,,,,,,,,,,,,,,,,,,,,,,,,,,,,,,,,,,,,,,,,,,,,,,,,,,,,,,,,,,,,,,,,,,,,,,,,,,,,,,,,,,,,,,,,,,,,,,,,,,,,,,,,,,,,,,,,,,,,,,,,,,,,,,,,,,,,,,,,,,,,,,,,,,,,,,,,,,,,,,,,,,,,,,,,,,,,,,,,,,,,,,,,,,,,,,,,,,,,,,,,,,,,,,,,,,,,,,,,,,,,,,,,,,,,,,,,,,,,,,,,,,,,,,,,,,,,,,,,,,,,,,,,,,,,,,,,,,,,,,,,,,,,,,,,,,,,,,,,,,,,,,,,,,,,,,,,,,,,,,,,,,,,,,,,,,,,,,,,,,,,,,,,,,,,,,,,,,,,,,,,,,,,,,,,,,,,,,,,,,,,,,,,,,,,,,,,,,,,,,,,,,,,,,,,,,,,,,,,,,,,,,,,,,,,,,,,,,,,,,,,,,,,,,,,,,,,,,,,,,,,,,,,,,,,,,,,,,,,,,,,,,,,,,,,,,,,,,,,,,,,,,
2026041116,,,,,,,,,,,,,,,,,,,,,,,,,,,,,,,,,0.0,,,,,,,,,,,,,,,,,,,,,,,,,,,,,,,,,,,,,,,,,,,,,,,,,,,,,,,,,,,,,,,,,,,,,,,,,,,,,,,,,,,,,,,,,,,,,,,,,,,,,,,,,,,,,,,,,,,,,,,,,,,,,,,,,,,,,,,,,,,,,,,,,,,,,,,,,,,,,,,,,,,,,,,,,,,,,,,,,,,,,,,,,,,,,,,,,,,,,,,,,,,,,,,,,,,,,,,,,,,,,,,,,,,,,,,,,,,,,,,,,,,,,,,,,,,,,,,,,,,,,,,,,,,,,,,,,,,,,,,,,,,,,,,,,,,,,,,,,,,,,,,,,,,,,,,,,,,,,,,,,,,,,,,,,,,,,,,,,,,,,,,,,,,,,,,,,,,,,,,,,,,,,,,,,,,,,,,,,,,,,,,,,,,,,,,,,,,,,,,,,,,,,,,,,,,,,,,,,,,,,,,,,,,,,,,,,,,,,,,,,,,,,,,,,,,,,,,,,,,,,,,,,,,,,,,,,,,,,,,,,,,,,,,,,,,,,,,,,,,,,,,,,,,,,,,,,,,,,,,,,,,,,,,,,,,,,,,,,,,,,,,,,,,,,,,,,,,,
2026041117,,,,,,,,,,,,,,,,,,,,,,,,,,,,,,,,,0.0,,,,,,,,,,,,,,,,,,,,,,,,,,,,,,,,,,,,,,,,,,,,,,,,,,,,,,,,,,,,,,,,,,,,,,,,,,,,,,,,,,,,,,,,,,,,,,,,,,,,,,,,,,,,,,,,,,,,,,,,,,,,,,,,,,,,,,,,,,,,,,,,,,,,,,,,,,,,,,,,,,,,,,,,,,,,,,,,,,,,,,,,,,,,,,,,,,,,,,,,,,,,,,,,,,,,,,,,,,,,,,,,,,,,,,,,,,,,,,,,,,,,,,,,,,,,,,,,,,,,,,,,,,,,,,,,,,,,,,,,,,,,,,,,,,,,,,,,,,,,,,,,,,,,,,,,,,,,,,,,,,,,,,,,,,,,,,,,,,,,,,,,,,,,,,,,,,,,,,,,,,,,,,,,,,,,,,,,,,,,,,,,,,,,,,,,,,,,,,,,,,,,,,,,,,,,,,,,,,,,,,,,,,,,,,,,,,,,,,,,,,,,,,,,,,,,,,,,,,,,,,,,,,,,,,,,,,,,,,,,,,,,,,,,,,,,,,,,,,,,,,,,,,,,,,,,,,,,,,,,,,,,,,,,,,,,,,,,,,,,,,,,,,,,,,,,,,,,
2026041118,1.166,0.0,0.0,0.0,0.0,0.0,0.0,0.0,0.0,0.0,0.0,0.0,0.0,0.0,0.0,0.008,0.269,0.988,2.206,3.52,6.229,16.288,25.0,0.0,2.0,0.0,1.0,13.0,1.0,0.0,5.0,0.0,0.0,,,,,,,,,,,,,,,,,,,,,,,,,,,,,,,,,,,,,,,,,,,,,,,,,,,,,,,,,,,,,,,,,,0.254,0.0,0.0,0.0,0.0,0.0,0.0,0.0,0.0,0.0,0.0,0.0,0.0,0.0,0.0,0.0,0.002,0.379,1.048,2.094,3.962,10.259,21.0,1.0,0.0,8.0,0.0,0.0,0.0,3.0,0.0,0.0,,,,,,,,,,,,,,,,,,,,,,,,,,,,,,,,,280.8,,,,,,,,,,,,,,,,,,,0.013,,,,,,,,,,,,,,,,,,0.015,,,,,,,,,,,,,,,,,,0.005,0.0,0.0,0.0,0.0,0.0,0.018,0.028,18.0,5.0,1.0,0.0,0.0,0.0,0.0,0.0,0.0,0.0,0.018,,,,,,,,,,,,,,,,,,3.0,6.0,,,,,,,,,,,10.0,13.0,10.0,15.0,19.0,25.0,25.0,0.0,0.0,0.0,0.0,0.0,16.6,,271.74,2.52,,273.0,0.0,,0.0,,,,,,,,,,,,,,,,,,,,,,,,,0.0,0.0,0.0,0.0,0.0,0.0,0.0,0.0,0.0,0.0,0.0,0.0,0.0,0.0,,,,,,,,,,,,,9.0,9.999e+20,,,,,,,,,,,,,,,,,,,,,,,,,,,,,5.4,1.6,2.4,2.8,3.22136,3.30877,3.44381,3.76859,3.86091,3.95044,2.0,4.50983,4.64713,5.22655,6.14068,6.77399,7.10353,7.69467,7.90438,9.76885,11.0988,16.0289,5.35165,3.32,4.0,2.0,1.0,0.0,0.0,0.0,0.0,13.0,3.0,9.999e+20,9.999e+20,9.999e+20,9.999e+20,9.999e+20,,64.0,,1392.0,,6.0,0.0,33.6,0.0,,49.0,7.2,2.6,4.8,2.0,7.7,10.2,12.2,12.7,1120.0,808.0,904.0,784.0,1048.0,1216.0,1464.0,1680.0,,,37.0,31.0,,,,,,2.33898,282.04,3.39,,,,,,,,,,,,,,,,,,,,,,,,,,,,,,,274.12,267.339,271.141,271.644,272.704,272.857,273.027,273.422,273.811,274.213,270.29,274.488,274.467,274.662,274.754,275.249,275.481,275.85,276.334,276.766,278.079,279.451,0.0,0.0,0.0,0.0,0.0,7.0,30.0,0.0,9.999e+20,,,120.0,4.1,,,,,,4.0,,,,,,,5266.0,250.0,250.0,250.0,,280.1,,,,,,,,,,,,,,,,,,,,,,,,,,,,,1.8,0.0,0.8,0.8,0.8,1.2,1.2,1.2,1.6,1.6,0.0,1.6,1.6,2.0,2.0,2.4,2.4,2.8,3.2,3.42323,4.31138,6.64384,1.78793,1.42,0.0,0.0,0.0,0.0,8.0,0.0,2.0,0.0,2.2,2.3,
2026041119,,,,,,,,,,,,,,,,,,,,,,,,,,,,,,,,,0.0,,,,,,,,,,,,,,,,,,,,,,,,,,,,,,,,,,,,,,,,,,,,,,,,,,,,,,,,,,,,,,,,,,,,,,,,,,,,,,,,,,,,,,,,,,,,,,,,,,,,,,,,,,,,,,,,,,,,,,,,,,,,,,,,,,,,,,,,,,,,,,,,,,,,,,,,,,,,,,,,,,,,,,,,,,,,,,,,,,,,,,,,,,,,,,,,,,,,,,,,,,,,,,,,,,,,,,,,,,,,,,,,,,,,,,,,,,,,,,,,,,,,,,,,,,,,,,,,,,,,,,,,,,,,,,,,,,,,,,,,,,,,,,,,,,,,,,,,,,,,,,,,,,,,,,,,,,,,,,,,,,,,,,,,,,,,,,,,,,,,,,,,,,,,,,,,,,,,,,,,,,,,,,,,,,,,,,,,,,,,,,,,,,,,,,,,,,,,,,,,,,,,,,,,,,,,,,,,,,,,,,,,,,,,,,,,,,,,,,,,,,,,,,,,,,,,,,,,,,,,,,,,,,,,,,,,,,,,,,,,,,,,,,,,,,,,,,,,,,,,,,,,,,,,,,,,,,,,,,,,,,,,,,,,,,,,,,,,,,,,,,,,,,,,,,,,,,,,
2026041120,,,,,,,,,,,,,,,,,,,,,,,,,,,,,,,,,0.254,,,,,,,,,,,,,,,,,,,,,,,,,,,,,,,,,,,,,,,,,,,,,,,,,,,,,,,,,,,,,,,,,,,,,,,,,,,,,,,,,,,,,,,,,,,,,,,,,,,,,,,,,,,,,,,,,,,,,,,,,,,,,,,,,,,,,,,,,,,,,,,,,,,,,,,,,,,,,,,,,,,,,,,,,,,,,,,,,,,,,,,,,,,,,,,,,,,,,,,,,,,,,,,,,,,,,,,,,,,,,,,,,,,,,,,,,,,,,,,,,,,,,,,,,,,,,,,,,,,,,,,,,,,,,,,,,,,,,,,,,,,,,,,,,,,,,,,,,,,,,,,,,,,,,,,,,,,,,,,,,,,,,,,,,,,,,,,,,,,,,,,,,,,,,,,,,,,,,,,,,,,,,,,,,,,,,,,,,,,,,,,,,,,,,,,,,,,,,,,,,,,,,,,,,,,,,,,,,,,,,,,,,,,,,,,,,,,,,,,,,,,,,,,,,,,,,,,,,,,,,,,,,,,,,,,,,,,,,,,,,,,,,,,,,,,,,,,,,,,,,,,,,,,,,,,,,,,,,,,,,,,,,,,,,,,,,,,,,,,,,,,,,,,,,,,,,,,,
2026041121,,,,,,,,,,,,,,,,,,,,,,,,,,,,,,,,,0.254,,,,,,,,,,,,,,,,,,,,,,,,,,,,,,,,,,,,,,,,,,,,,,,,,,,,,,,,,,,,,,,,,,,,,,,,,,,,,,,,,,,,,,,,,,,,,,,,,,,,,,,,,,,,,,,,,,,,,,,,,,,,,,,,,,,,,,,,,,,,,,,,,,,,,,,,,,,,,,,,,,,,,,,,,,,,,,,,,,,,,,,,,,,,,,,,,,,,,,,,,,,,,,,,,,,,,,,,,,,,,,,,,,,,,,,,,,,,,,,,,,,,,,,,,,,,,,,,,,,,,,,,,,,,,,,,,,,,,,,,,,,,,,,,,,,,,,,,,,,,,,,,,,,,,,,,,,,,,,,,,,,,,,,,,,,,,,,,,,,,,,,,,,,,,,,,,,,,,,,,,,,,,,,,,,,,,,,,,,,,,,,,,,,,,,,,,,,,,,,,,,,,,,,,,,,,,,,,,,,,,,,,,,,,,,,,,,,,,,,,,,,,,,,,,,,,,,,,,,,,,,,,,,,,,,,,,,,,,,,,,,,,,,,,,,,,,,,,,,,,,,,,,,,,,,,,,,,,,,,,,,,,,,,,,,,,,,,,,,,,,,,,,,,,,,,,,,,,
2026041122,,,,,,,,,,,,,,,,,,,,,,,,,,,,,,,,,0.254,,,,,,,,,,,,,,,,,,,,,,,,,,,,,,,,,,,,,,,,,,,,,,,,,,,,,,,,,,,,,,,,,,,,,,,,,,,,,,,,,,,,,,,,,,,,,,,,,,,,,,,,,,,,,,,,,,,,,,,,,,,,,,,,,,,,,,,,,,,,,,,,,,,,,,,,,,,,,,,,,,,,,,,,,,,,,,,,,,,,,,,,,,,,,,,,,,,,,,,,,,,,,,,,,,,,,,,,,,,,,,,,,,,,,,,,,,,,,,,,,,,,,,,,,,,,,,,,,,,,,,,,,,,,,,,,,,,,,,,,,,,,,,,,,,,,,,,,,,,,,,,,,,,,,,,,,,,,,,,,,,,,,,,,,,,,,,,,,,,,,,,,,,,,,,,,,,,,,,,,,,,,,,,,,,,,,,,,,,,,,,,,,,,,,,,,,,,,,,,,,,,,,,,,,,,,,,,,,,,,,,,,,,,,,,,,,,,,,,,,,,,,,,,,,,,,,,,,,,,,,,,,,,,,,,,,,,,,,,,,,,,,,,,,,,,,,,,,,,,,,,,,,,,,,,,,,,,,,,,,,,,,,,,,,,,,,,,,,,,,,,,,,,,,,,,,,,,,
2026041123,,,,,,,,,,,,,,,,,,,,,,,,,,,,,,,,,0.254,,,,,,,,,,,,,,,,,,,,,,,,,,,,,,,,,,,,,,,,,,,,,,,,,,,,,,,,,,,,,,,,,,,,,,,,,,,,,,,,,,,,,,,,,,,,,,,,,,,,,,,,,,,,,,,,,,,,,,,,,,,,,,,,,,,,,,,,,,,,,,,,,,,,,,,,,,,,,,,,,,,,,,,,,,,,,,,,,,,,,,,,,,,,,,,,,,,,,,,,,,,,,,,,,,,,,,,,,,,,,,,,,,,,,,,,,,,,,,,,,,,,,,,,,,,,,,,,,,,,,,,,,,,,,,,,,,,,,,,,,,,,,,,,,,,,,,,,,,,,,,,,,,,,,,,,,,,,,,,,,,,,,,,,,,,,,,,,,,,,,,,,,,,,,,,,,,,,,,,,,,,,,,,,,,,,,,,,,,,,,,,,,,,,,,,,,,,,,,,,,,,,,,,,,,,,,,,,,,,,,,,,,,,,,,,,,,,,,,,,,,,,,,,,,,,,,,,,,,,,,,,,,,,,,,,,,,,,,,,,,,,,,,,,,,,,,,,,,,,,,,,,,,,,,,,,,,,,,,,,,,,,,,,,,,,,,,,,,,,,,,,,,,,,,,,,,,,,
2026041200,1.74,0.0,0.0,0.0,0.0,0.0,0.0,0.0,0.0,0.0,0.0,0.0,0.0,0.0,0.098,0.854,1.568,2.297,3.354,5.282,9.286,22.906,34.0,0.0,3.0,0.0,1.0,19.0,1.0,0.0,8.0,0.0,0.254,,3.698,0.0,0.0,0.0,0.0,0.0,0.0,0.0,0.0,0.0,0.0,0.0,0.0,0.279,1.081,2.071,3.35,4.835,7.536,12.003,18.584,41.472,40.0,0.0,9.0,0.0,0.0,0.0,3.0,1.0,16.0,0.0,,,,,,,,,,,,,,,,,,,,,,,,,,,,,,,,,0.508,0.0,0.0,0.0,0.0,0.0,0.0,0.0,0.0,0.0,0.0,0.0,0.0,0.0,0.0,0.351,0.882,1.383,2.068,2.871,5.49,12.153,31.0,1.0,0.0,12.0,0.0,0.0,0.0,4.0,0.0,0.0,,,,,,,,,,,,,,,,,,,,,,,,,,,,,,,,,280.93,,,,,,,,,,,,,,,,,,,0.015,0.0,0.0,0.0,0.0,0.01,0.058,0.107,25.0,14.0,8.0,3.0,1.0,0.0,0.0,0.0,0.0,0.0,0.02,0.0,0.0,0.0,0.0,0.023,0.071,0.122,17.0,11.0,5.0,2.0,0.0,0.0,0.0,0.0,0.0,0.0,0.005,0.0,0.0,0.0,0.0,0.005,0.02,0.025,22.0,4.0,1.0,1.0,0.0,0.0,0.0,0.0,0.0,0.0,0.023,0.0,0.0,0.0,0.0,0.03,0.071,0.122,18.0,5.0,3.0,2.0,0.0,0.0,0.0,0.0,0.0,0.0,10.0,13.0,,,,,,,,,,,10.0,14.0,10.0,14.0,16.0,21.0,22.0,0.0,0.0,0.0,0.0,0.0,15.5,,273.18,1.39,,694.0,0.0,,0.0,0.0,0.0,0.0,0.0,0.0,0.0,0.0,0.0,0.0,0.0,0.0,0.0,0.0,0.0,0.0,0.0,0.0,0.0,0.0,0.0,0.0,0.0,0.0,0.0,0.0,0.0,0.0,0.0,0.0,0.0,0.0,0.0,0.0,0.0,0.0,0.0,0.0,0.0,0.0,0.0,0.0,0.0,0.0,0.0,0.0,0.0,0.0,0.0,0.0,0.0,13.2,9.999e+20,,,,,,,,,,,,,,,,,,,,,,,,,,,,,8.1,2.4,4.0,4.4,5.2,5.6,6.0,6.27643,6.54072,7.03714,3.6,7.45795,7.8066,7.92805,8.08402,9.07309,9.48867,10.0429,11.5941,13.1448,14.6986,19.0036,8.13372,3.72,17.0,4.0,2.0,1.0,0.0,0.0,0.0,32.0,3.0,9.999e+20,9.999e+20,9.999e+20,9.999e+20,9.999e+20,,,,1472.0,3.0,19.2,0.0,24.0,0.0,,52.0,6.0,1.9,3.5,1.5,6.1,8.7,10.4,11.5,1336.0,968.0,1088.0,896.0,1248.0,1464.0,1784.0,1936.0,,,47.0,28.0,,283.84,4.25,,,,282.69,4.04,,,,,,,,,,,,,,,,,,,,,,,,,,,,,,,,,,,,,,,,,,,,,,,,,,,,,,,,,,,,,9.999e+20,,,340.0,6.1,4.0,,,,,2.0,,,,,,,7841.0,270.0,270.0,270.0,,280.4,,,,,,,,,,,,,,,,,,,,,,,,,,,,,3.3,0.4,1.6,2.0,2.0,2.4,2.4,2.8,2.8,2.8,1.2,2.8,3.2,3.2,3.2,3.6,3.6,4.0,4.4,5.2,5.94335,7.58333,3.3177,1.42,0.0,0.0,0.0,0.0,26.0,0.0,7.0,1.0,3.7,4.1,
2026041201,,,,,,,,,,,,,,,,,,,,,,,,,,,,,,,,,0.254,,,,,,,,,,,,,,,,,,,,,,,,,,,,,,,,,,,,,,,,,,,,,,,,,,,,,,,,,,,,,,,,,,,,,,,,,,,,,,,,,,,,,,,,,,,,,,,,,,,,,,,,,,,,,,,,,,,,,,,,,,,,,,,,,,,,,,,,,,,,,,,,,,,,,,,,,,,,,,,,,,,,,,,,,,,,,,,,,,,,,,,,,,,,,,,,,,,,,,,,,,,,,,,,,,,,,,,,,,,,,,,,,,,,,,,,,,,,,,,,,,,,,,,,,,,,,,,,,,,,,,,,,,,,,,,,,,,,,,,,,,,,,,,,,,,,,,,,,,,,,,,,,,,,,,,,,,,,,,,,,,,,,,,,,,,,,,,,,,,,,,,,,,,,,,,,,,,,,,,,,,,,,,,,,,,,,,,,,,,,,,,,,,,,,,,,,,,,,,,,,,,,,,,,,,,,,,,,,,,,,,,,,,,,,,,,,,,,,,,,,,,,,,,,,,,,,,,,,,,,,,,,,,,,,,,,,,,,,,,,,,,,,,,,,,,,,,,,,,,,,,,,,,,,,,,,,,,,,,,,,,,,,,,,,,,,,,,,,,,,,,,,,,,,,,,,,,,,
2026041202,,,,,,,,,,,,,,,,,,,,,,,,,,,,,,,,,0.254,,,,,,,,,,,,,,,,,,,,,,,,,,,,,,,,,,,,,,,,,,,,,,,,,,,,,,,,,,,,,,,,,,,,,,,,,,,,,,,,,,,,,,,,,,,,,,,,,,,,,,,,,,,,,,,,,,,,,,,,,,,,,,,,,,,,,,,,,,,,,,,,,,,,,,,,,,,,,,,,,,,,,,,,,,,,,,,,,,,,,,,,,,,,,,,,,,,,,,,,,,,,,,,,,,,,,,,,,,,,,,,,,,,,,,,,,,,,,,,,,,,,,,,,,,,,,,,,,,,,,,,,,,,,,,,,,,,,,,,,,,,,,,,,,,,,,,,,,,,,,,,,,,,,,,,,,,,,,,,,,,,,,,,,,,,,,,,,,,,,,,,,,,,,,,,,,,,,,,,,,,,,,,,,,,,,,,,,,,,,,,,,,,,,,,,,,,,,,,,,,,,,,,,,,,,,,,,,,,,,,,,,,,,,,,,,,,,,,,,,,,,,,,,,,,,,,,,,,,,,,,,,,,,,,,,,,,,,,,,,,,,,,,,,,,,,,,,,,,,,,,,,,,,,,,,,,,,,,,,,,,,,,,,,,,,,,,,,,,,,,,,,,,,,,,,,,,,,
2026041203,,,,,,,,,,,,,,,,,,,,,,,,,,,,,,,,,0.254,,,,,,,,,,,,,,,,,,,,,,,,,,,,,,,,,,,,,,,,,,,,,,,,,,,,,,,,,,,,,,,,,,,,,,,,,,,,,,,,,,,,,,,,,,,,,,,,,,,,,,,,,,,,,,,,,,,,,,,,,,,,,,,,,,,,,,,,,,,,,,,,,,,,,,,,,,,,,,,,,,,,,,,,,,,,,,,,,,,,,,,,,,,,,,,,,,,,,,,,,,,,,,,,,,,,,,,,,,,,,,,,,,,,,,,,,,,,,,,,,,,,,,,,,,,,,,,,,,,,,,,,,,,,,,,,,,,,,,,,,,,,,,,,,,,,,,,,,,,,,,,,,,,,,,,,,,,,,,,,,,,,,,,,,,,,,,,,,,,,,,,,,,,,,,,,,,,,,,,,,,,,,,,,,,,,,,,,,,,,,,,,,,,,,,,,,,,,,,,,,,,,,,,,,,,,,,,,,,,,,,,,,,,,,,,,,,,,,,,,,,,,,,,,,,,,,,,,,,,,,,,,,,,,,,,,,,,,,,,,,,,,,,,,,,,,,,,,,,,,,,,,,,,,,,,,,,,,,,,,,,,,,,,,,,,,,,,,,,,,,,,,,,,,,,,,,,,,
2026041204,,,,,,,,,,,,,,,,,,,,,,,,,,,,,,,,,0.0,,,,,,,,,,,,,,,,,,,,,,,,,,,,,,,,,,,,,,,,,,,,,,,,,,,,,,,,,,,,,,,,,,,,,,,,,,,,,,,,,,,,,,,,,,,,,,,,,,,,,,,,,,,,,,,,,,,,,,,,,,,,,,,,,,,,,,,,,,,,,,,,,,,,,,,,,,,,,,,,,,,,,,,,,,,,,,,,,,,,,,,,,,,,,,,,,,,,,,,,,,,,,,,,,,,,,,,,,,,,,,,,,,,,,,,,,,,,,,,,,,,,,,,,,,,,,,,,,,,,,,,,,,,,,,,,,,,,,,,,,,,,,,,,,,,,,,,,,,,,,,,,,,,,,,,,,,,,,,,,,,,,,,,,,,,,,,,,,,,,,,,,,,,,,,,,,,,,,,,,,,,,,,,,,,,,,,,,,,,,,,,,,,,,,,,,,,,,,,,,,,,,,,,,,,,,,,,,,,,,,,,,,,,,,,,,,,,,,,,,,,,,,,,,,,,,,,,,,,,,,,,,,,,,,,,,,,,,,,,,,,,,,,,,,,,,,,,,,,,,,,,,,,,,,,,,,,,,,,,,,,,,,,,,,,,,,,,,,,,,,,,,,,,,,,,,,,,,
2026041205,,,,,,,,,,,,,,,,,,,,,,,,,,,,,,,,,0.0,,,,,,,,,,,,,,,,,,,,,,,,,,,,,,,,,,,,,,,,,,,,,,,,,,,,,,,,,,,,,,,,,,,,,,,,,,,,,,,,,,,,,,,,,,,,,,,,,,,,,,,,,,,,,,,,,,,,,,,,,,,,,,,,,,,,,,,,,,,,,,,,,,,,,,,,,,,,,,,,,,,,,,,,,,,,,,,,,,,,,,,,,,,,,,,,,,,,,,,,,,,,,,,,,,,,,,,,,,,,,,,,,,,,,,,,,,,,,,,,,,,,,,,,,,,,,,,,,,,,,,,,,,,,,,,,,,,,,,,,,,,,,,,,,,,,,,,,,,,,,,,,,,,,,,,,,,,,,,,,,,,,,,,,,,,,,,,,,,,,,,,,,,,,,,,,,,,,,,,,,,,,,,,,,,,,,,,,,,,,,,,,,,,,,,,,,,,,,,,,,,,,,,,,,,,,,,,,,,,,,,,,,,,,,,,,,,,,,,,,,,,,,,,,,,,,,,,,,,,,,,,,,,,,,,,,,,,,,,,,,,,,,,,,,,,,,,,,,,,,,,,,,,,,,,,,,,,,,,,,,,,,,,,,,,,,,,,,,,,,,,,,,,,,,,,,,,,,
2026041206,1.65,0.0,0.0,0.0,0.0,0.0,0.0,0.0,0.0,0.0,0.0,0.0,0.0,0.0,0.186,0.899,1.548,2.451,3.361,4.877,9.726,19.335,34.0,0.0,3.0,0.0,1.0,19.0,0.0,0.0,8.0,0.0,0.254,,,,,,,,,,,,,,,,,,,,,,,,,,,,,,,,,,,,,,,,,,,,,,,,,,,,,,,,,,,,,,,,,,0.0,0.0,0.0,0.0,0.0,0.0,0.0,0.0,0.0,0.0,0.0,0.0,0.0,0.0,0.0,0.0,0.165,0.525,1.12,1.884,3.756,9.368,23.0,1.0,0.0,8.0,0.0,0.0,0.0,2.0,0.0,0.0,,,,,,,,,,,,,,,,,,,,,,,,,,,,,,,,,277.87,,,,,,,,,,,,,,,,,,,0.015,,,,,,,,,,,,,,,,,,0.02,,,,,,,,,,,,,,,,,,0.003,0.0,0.0,0.0,0.0,0.0,0.005,0.01,11.0,0.0,0.0,0.0,0.0,0.0,0.0,0.0,0.0,0.0,0.023,,,,,,,,,,,,,,,,,,1.0,1.0,,,,,,,,,,,11.0,13.0,11.0,15.0,18.0,19.0,19.0,0.0,0.0,0.0,0.0,0.0,15.0,,272.54,2.06,,86.0,1.0,,0.0,,,,,,,,,,,,,,,,,,,,,,,,,0.0,0.0,0.0,0.0,0.0,0.0,0.0,0.0,0.0,0.0,0.0,0.0,0.0,0.0,,,,,,,,,,,,,13.0,9.999e+20,11.365,6.78819,7.79217,8.39117,8.99108,8.79586,9.40115,9.63307,9.77551,9.9645,6.82468,10.604,10.7639,10.9421,11.469,12.0432,12.3174,13.8048,14.9289,15.6993,18.6656,21.9198,38.0,7.0,2.0,1.0,0.0,0.0,3.3,0.8,1.2,1.2,1.6,1.6,2.0,2.00313,2.03547,2.5009,1.2,2.55476,2.59001,3.15853,3.24651,3.69205,4.20078,4.67404,5.68126,6.2678,7.92712,8.33018,3.29872,2.0,0.0,0.0,0.0,0.0,0.0,0.0,0.0,1.0,3.0,9.999e+20,9.999e+20,9.999e+20,9.999e+20,9.999e+20,,,49.0,256.0,,10.8,0.0,14.4,0.0,,69.0,6.6,2.0,4.0,1.3,6.9,9.8,11.4,12.0,1240.0,872.0,984.0,752.0,1192.0,1352.0,1704.0,1920.0,,,44.0,28.0,,,,,,3.12033,277.7,2.77,282.568,277.42,278.085,278.416,278.904,279.972,280.388,281.174,281.621,282.002,277.308,282.472,283.242,283.329,283.721,284.108,284.479,284.995,285.902,286.677,287.659,289.969,0.0,0.0,0.0,0.0,0.0,0.0,0.0,0.0,,,,,,,,,,,,,,,,,,,,,,,,,,,,,,,9.999e+20,,,80.0,3.2,,,,,,0.0,,,,,,,384.0,260.0,260.0,260.0,,276.2,5.03593,2.8,3.2,3.6,4.0,4.0,4.0,4.4,4.49109,4.53428,3.2,4.57674,4.62133,4.67477,5.09615,5.13527,5.5854,5.65962,6.14938,6.63325,7.56988,8.61739,0.0,0.0,0.0,0.0,24.0,2.0,1.2,0.0,0.0,0.4,0.4,0.4,0.8,0.8,0.8,0.8,0.0,0.8,0.8,1.2,1.2,1.6,1.6,2.0,2.4,2.8,3.2,4.3765,1.21206,1.02,0.0,0.0,0.0,0.0,3.0,0.0,0.0,0.0,1.6,1.6,
2026041207,,,,,,,,,,,,,,,,,,,,,,,,,,,,,,,,,0.0,,,,,,,,,,,,,,,,,,,,,,,,,,,,,,,,,,,,,,,,,,,,,,,,,,,,,,,,,,,,,,,,,,,,,,,,,,,,,,,,,,,,,,,,,,,,,,,,,,,,,,,,,,,,,,,,,,,,,,,,,,,,,,,,,,,,,,,,,,,,,,,,,,,,,,,,,,,,,,,,,,,,,,,,,,,,,,,,,,,,,,,,,,,,,,,,,,,,,,,,,,,,,,,,,,,,,,,,,,,,,,,,,,,,,,,,,,,,,,,,,,,,,,,,,,,,,,,,,,,,,,,,,,,,,,,,,,,,,,,,,,,,,,,,,,,,,,,,,,,,,,,,,,,,,,,,,,,,,,,,,,,,,,,,,,,,,,,,,,,,,,,,,,,,,,,,,,,,,,,,,,,,,,,,,,,,,,,,,,,,,,,,,,,,,,,,,,,,,,,,,,,,,,,,,,,,,,,,,,,,,,,,,,,,,,,,,,,,,,,,,,,,,,,,,,,,,,,,,,,,,,,,,,,,,,,,,,,,,,,,,,,,,,,,,,,,,,,,,,,,,,,,,,,,,,,,,,,,,,,,,,,,,,,,,,,,,,,,,,,,,,,,,,,,,,,,,,,,
2026041208,,,,,,,,,,,,,,,,,,,,,,,,,,,,,,,,,0.0,,,,,,,,,,,,,,,,,,,,,,,,,,,,,,,,,,,,,,,,,,,,,,,,,,,,,,,,,,,,,,,,,,,,,,,,,,,,,,,,,,,,,,,,,,,,,,,,,,,,,,,,,,,,,,,,,,,,,,,,,,,,,,,,,,,,,,,,,,,,,,,,,,,,,,,,,,,,,,,,,,,,,,,,,,,,,,,,,,,,,,,,,,,,,,,,,,,,,,,,,,,,,,,,,,,,,,,,,,,,,,,,,,,,,,,,,,,,,,,,,,,,,,,,,,,,,,,,,,,,,,,,,,,,,,,,,,,,,,,,,,,,,,,,,,,,,,,,,,,,,,,,,,,,,,,,,,,,,,,,,,,,,,,,,,,,,,,,,,,,,,,,,,,,,,,,,,,,,,,,,,,,,,,,,,,,,,,,,,,,,,,,,,,,,,,,,,,,,,,,,,,,,,,,,,,,,,,,,,,,,,,,,,,,,,,,,,,,,,,,,,,,,,,,,,,,,,,,,,,,,,,,,,,,,,,,,,,,,,,,,,,,,,,,,,,,,,,,,,,,,,,,,,,,,,,,,,,,,,,,,,,,,,,,,,,,,,,,,,,,,,,,,,,,,,,,,,,,
2026041209,,,,,,,,,,,,,,,,,,,,,,,,,,,,,,,,,0.0,,,,,,,,,,,,,,,,,,,,,,,,,,,,,,,,,,,,,,,,,,,,,,,,,,,,,,,,,,,,,,,,,,,,,,,,,,,,,,,,,,,,,,,,,,,,,,,,,,,,,,,,,,,,,,,,,,,,,,,,,,,,,,,,,,,,,,,,,,,,,,,,,,,,,,,,,,,,,,,,,,,,,,,,,,,,,,,,,,,,,,,,,,,,,,,,,,,,,,,,,,,,,,,,,,,,,,,,,,,,,,,,,,,,,,,,,,,,,,,,,,,,,,,,,,,,,,,,,,,,,,,,,,,,,,,,,,,,,,,,,,,,,,,,,,,,,,,,,,,,,,,,,,,,,,,,,,,,,,,,,,,,,,,,,,,,,,,,,,,,,,,,,,,,,,,,,,,,,,,,,,,,,,,,,,,,,,,,,,,,,,,,,,,,,,,,,,,,,,,,,,,,,,,,,,,,,,,,,,,,,,,,,,,,,,,,,,,,,,,,,,,,,,,,,,,,,,,,,,,,,,,,,,,,,,,,,,,,,,,,,,,,,,,,,,,,,,,,,,,,,,,,,,,,,,,,,,,,,,,,,,,,,,,,,,,,,,,,,,,,,,,,,,,,,,,,,,,,
2026041210,,,,,,,,,,,,,,,,,,,,,,,,,,,,,,,,,0.0,,,,,,,,,,,,,,,,,,,,,,,,,,,,,,,,,,,,,,,,,,,,,,,,,,,,,,,,,,,,,,,,,,,,,,,,,,,,,,,,,,,,,,,,,,,,,,,,,,,,,,,,,,,,,,,,,,,,,,,,,,,,,,,,,,,,,,,,,,,,,,,,,,,,,,,,,,,,,,,,,,,,,,,,,,,,,,,,,,,,,,,,,,,,,,,,,,,,,,,,,,,,,,,,,,,,,,,,,,,,,,,,,,,,,,,,,,,,,,,,,,,,,,,,,,,,,,,,,,,,,,,,,,,,,,,,,,,,,,,,,,,,,,,,,,,,,,,,,,,,,,,,,,,,,,,,,,,,,,,,,,,,,,,,,,,,,,,,,,,,,,,,,,,,,,,,,,,,,,,,,,,,,,,,,,,,,,,,,,,,,,,,,,,,,,,,,,,,,,,,,,,,,,,,,,,,,,,,,,,,,,,,,,,,,,,,,,,,,,,,,,,,,,,,,,,,,,,,,,,,,,,,,,,,,,,,,,,,,,,,,,,,,,,,,,,,,,,,,,,,,,,,,,,,,,,,,,,,,,,,,,,,,,,,,,,,,,,,,,,,,,,,,,,,,,,,,,,,
2026041211,,,,,,,,,,,,,,,,,,,,,,,,,,,,,,,,,0.0,,,,,,,,,,,,,,,,,,,,,,,,,,,,,,,,,,,,,,,,,,,,,,,,,,,,,,,,,,,,,,,,,,,,,,,,,,,,,,,,,,,,,,,,,,,,,,,,,,,,,,,,,,,,,,,,,,,,,,,,,,,,,,,,,,,,,,,,,,,,,,,,,,,,,,,,,,,,,,,,,,,,,,,,,,,,,,,,,,,,,,,,,,,,,,,,,,,,,,,,,,,,,,,,,,,,,,,,,,,,,,,,,,,,,,,,,,,,,,,,,,,,,,,,,,,,,,,,,,,,,,,,,,,,,,,,,,,,,,,,,,,,,,,,,,,,,,,,,,,,,,,,,,,,,,,,,,,,,,,,,,,,,,,,,,,,,,,,,,,,,,,,,,,,,,,,,,,,,,,,,,,,,,,,,,,,,,,,,,,,,,,,,,,,,,,,,,,,,,,,,,,,,,,,,,,,,,,,,,,,,,,,,,,,,,,,,,,,,,,,,,,,,,,,,,,,,,,,,,,,,,,,,,,,,,,,,,,,,,,,,,,,,,,,,,,,,,,,,,,,,,,,,,,,,,,,,,,,,,,,,,,,,,,,,,,,,,,,,,,,,,,,,,,,,,,,,,,,
2026041212,1.172,0.0,0.0,0.0,0.0,0.0,0.0,0.0,0.0,0.0,0.0,0.0,0.0,0.002,0.089,0.33,0.687,1.329,2.275,3.604,6.441,14.975,31.0,0.0,1.0,0.0,1.0,14.0,0.0,0.0,5.0,0.0,0.0,,3.972,0.0,0.0,0.0,0.0,0.0,0.0,0.0,0.0,0.0,0.0,0.0,0.147,0.859,1.694,2.593,3.674,5.229,7.523,11.24,21.41,43.177,44.0,0.0,9.0,0.0,0.0,0.0,4.0,1.0,18.0,0.0,6.005,0.0,0.0,0.0,0.0,0.0,0.0,0.0,0.0,0.175,0.0,0.908,1.768,2.891,4.071,5.492,6.845,9.003,12.728,17.734,26.944,59.883,15.0,0.0,41.0,0.0,6.0,0.0,0.0,0.0,1.0,1.0,0.0,0.0,0.0,0.0,0.0,0.0,0.0,0.0,0.0,0.0,0.0,0.0,0.0,0.0,0.0,0.0,0.001,0.06,0.45,1.067,2.007,9.048,17.0,0.0,0.0,4.0,0.0,0.0,0.0,1.0,0.0,0.0,6.916,0.0,0.0,0.0,0.0,0.0,0.0,0.0,0.145,0.884,0.0,1.63,2.671,3.797,5.047,6.517,8.308,11.004,14.251,19.395,29.859,67.865,0.0,0.0,6.0,0.0,0.0,2.0,0.0,31.0,0.0,1.0,277.18,,,,,,,,,,,,,,,,,,,0.013,0.0,0.0,0.0,0.0,0.01,0.051,0.058,28.0,14.0,6.0,1.0,0.0,0.0,0.0,0.0,0.0,0.0,0.023,0.0,0.0,0.0,0.0,0.033,0.081,0.122,19.0,13.0,4.0,2.0,0.0,0.0,0.0,0.0,0.0,0.0,0.0,0.0,0.0,0.0,0.0,0.0,0.0,0.003,8.0,1.0,0.0,0.0,0.0,0.0,0.0,0.0,0.0,0.0,0.025,0.0,0.0,0.0,0.0,0.036,0.081,0.122,20.0,5.0,3.0,2.0,0.0,0.0,0.0,0.0,0.0,0.0,1.0,2.0,,,,,,,,,,,13.0,15.0,13.0,16.0,17.0,18.0,18.0,0.0,0.0,0.0,0.0,0.0,15.7,,271.85,2.48,,0.0,1.0,,0.0,0.0,0.0,0.0,0.0,0.0,0.0,0.0,0.0,0.0,0.0,0.0,0.0,0.0,0.0,0.0,0.0,0.0,0.0,0.0,0.0,0.0,0.0,0.0,0.0,0.0,0.0,0.0,0.0,0.0,0.0,0.0,0.0,0.0,0.0,0.0,0.0,0.0,0.0,0.0,0.0,0.0,0.0,0.0,0.0,0.0,0.0,0.0,0.0,0.0,0.0,4.0,9.999e+20,,,,,,,,,,,,,,,,,,,,,,,,,,,,,3.5,0.4,1.2,1.6,1.6,1.6,2.0,2.0,2.4,2.42751,0.8,2.88279,3.31388,3.38423,3.83968,3.89776,4.38856,4.83619,5.7855,6.29068,7.28492,9.96561,3.50026,2.22,1.0,0.0,0.0,0.0,0.0,0.0,0.0,3.0,3.0,9.999e+20,9.999e+20,9.999e+20,9.999e+20,9.999e+20,,,,240.0,1.0,7.2,0.0,19.2,0.0,,69.0,7.5,2.9,5.2,2.1,7.9,10.7,12.2,12.9,1112.0,784.0,904.0,680.0,1056.0,1240.0,1560.0,1688.0,,,58.0,20.0,,,,275.63,2.29,,276.98,2.46,,,,,,,,,,,,,,,,,,,,,,,,,,,,,,,,,,,,,,,,,,,,,,,,,,,,,,,,,,,,,9.999e+20,,,80.0,3.0,4.0,,,,,0.0,,,,,,,274.0,210.0,210.0,210.0,,275.3,,,,,,,,,,,,,,,,,,,,,,,,,,,,,1.2,0.0,0.0,0.4,0.4,0.4,0.8,0.8,0.8,0.8,0.0,1.2,1.2,1.2,1.6,1.6,1.6,2.0,2.0,2.4,2.8,3.80261,1.20734,0.92,0.0,0.0,0.0,0.0,2.0,0.0,0.0,0.0,1.6,1.6,
2026041213,,,,,,,,,,,,,,,,,,,,,,,,,,,,,,,,,0.0,,,,,,,,,,,,,,,,,,,,,,,,,,,,,,,,,,,,,,,,,,,,,,,,,,,,,,,,,,,,,,,,,,,,,,,,,,,,,,,,,,,,,,,,,,,,,,,,,,,,,,,,,,,,,,,,,,,,,,,,,,,,,,,,,,,,,,,,,,,,,,,,,,,,,,,,,,,,,,,,,,,,,,,,,,,,,,,,,,,,,,,,,,,,,,,,,,,,,,,,,,,,,,,,,,,,,,,,,,,,,,,,,,,,,,,,,,,,,,,,,,,,,,,,,,,,,,,,,,,,,,,,,,,,,,,,,,,,,,,,,,,,,,,,,,,,,,,,,,,,,,,,,,,,,,,,,,,,,,,,,,,,,,,,,,,,,,,,,,,,,,,,,,,,,,,,,,,,,,,,,,,,,,,,,,,,,,,,,,,,,,,,,,,,,,,,,,,,,,,,,,,,,,,,,,,,,,,,,,,,,,,,,,,,,,,,,,,,,,,,,,,,,,,,,,,,,,,,,,,,,,,,,,,,,,,,,,,,,,,,,,,,,,,,,,,,,,,,,,,,,,,,,,,,,,,,,,,,,,,,,,,,,,,,,,,,,,,,,,,,,,,,,,,,,,,,,,,,
2026041214,,,,,,,,,,,,,,,,,,,,,,,,,,,,,,,,,0.0,,,,,,,,,,,,,,,,,,,,,,,,,,,,,,,,,,,,,,,,,,,,,,,,,,,,,,,,,,,,,,,,,,,,,,,,,,,,,,,,,,,,,,,,,,,,,,,,,,,,,,,,,,,,,,,,,,,,,,,,,,,,,,,,,,,,,,,,,,,,,,,,,,,,,,,,,,,,,,,,,,,,,,,,,,,,,,,,,,,,,,,,,,,,,,,,,,,,,,,,,,,,,,,,,,,,,,,,,,,,,,,,,,,,,,,,,,,,,,,,,,,,,,,,,,,,,,,,,,,,,,,,,,,,,,,,,,,,,,,,,,,,,,,,,,,,,,,,,,,,,,,,,,,,,,,,,,,,,,,,,,,,,,,,,,,,,,,,,,,,,,,,,,,,,,,,,,,,,,,,,,,,,,,,,,,,,,,,,,,,,,,,,,,,,,,,,,,,,,,,,,,,,,,,,,,,,,,,,,,,,,,,,,,,,,,,,,,,,,,,,,,,,,,,,,,,,,,,,,,,,,,,,,,,,,,,,,,,,,,,,,,,,,,,,,,,,,,,,,,,,,,,,,,,,,,,,,,,,,,,,,,,,,,,,,,,,,,,,,,,,,,,,,,,,,,,,,,,
2026041215,,,,,,,,,,,,,,,,,,,,,,,,,,,,,,,,,0.0,,,,,,,,,,,,,,,,,,,,,,,,,,,,,,,,,,,,,,,,,,,,,,,,,,,,,,,,,,,,,,,,,,,,,,,,,,,,,,,,,,,,,,,,,,,,,,,,,,,,,,,,,,,,,,,,,,,,,,,,,,,,,,,,,,,,,,,,,,,,,,,,,,,,,,,,,,,,,,,,,,,,,,,,,,,,,,,,,,,,,,,,,,,,,,,,,,,,,,,,,,,,,,,,,,,,,,,,,,,,,,,,,,,,,,,,,,,,,,,,,,,,,,,,,,,,,,,,,,,,,,,,,,,,,,,,,,,,,,,,,,,,,,,,,,,,,,,,,,,,,,,,,,,,,,,,,,,,,,,,,,,,,,,,,,,,,,,,,,,,,,,,,,,,,,,,,,,,,,,,,,,,,,,,,,,,,,,,,,,,,,,,,,,,,,,,,,,,,,,,,,,,,,,,,,,,,,,,,,,,,,,,,,,,,,,,,,,,,,,,,,,,,,,,,,,,,,,,,,,,,,,,,,,,,,,,,,,,,,,,,,,,,,,,,,,,,,,,,,,,,,,,,,,,,,,,,,,,,,,,,,,,,,,,,,,,,,,,,,,,,,,,,,,,,,,,,,,,
2026041216,,,,,,,,,,,,,,,,,,,,,,,,,,,,,,,,,0.0,,,,,,,,,,,,,,,,,,,,,,,,,,,,,,,,,,,,,,,,,,,,,,,,,,,,,,,,,,,,,,,,,,,,,,,,,,,,,,,,,,,,,,,,,,,,,,,,,,,,,,,,,,,,,,,,,,,,,,,,,,,,,,,,,,,,,,,,,,,,,,,,,,,,,,,,,,,,,,,,,,,,,,,,,,,,,,,,,,,,,,,,,,,,,,,,,,,,,,,,,,,,,,,,,,,,,,,,,,,,,,,,,,,,,,,,,,,,,,,,,,,,,,,,,,,,,,,,,,,,,,,,,,,,,,,,,,,,,,,,,,,,,,,,,,,,,,,,,,,,,,,,,,,,,,,,,,,,,,,,,,,,,,,,,,,,,,,,,,,,,,,,,,,,,,,,,,,,,,,,,,,,,,,,,,,,,,,,,,,,,,,,,,,,,,,,,,,,,,,,,,,,,,,,,,,,,,,,,,,,,,,,,,,,,,,,,,,,,,,,,,,,,,,,,,,,,,,,,,,,,,,,,,,,,,,,,,,,,,,,,,,,,,,,,,,,,,,,,,,,,,,,,,,,,,,,,,,,,,,,,,,,,,,,,,,,,,,,,,,,,,,,,,,,,,,,,,,,
2026041217,,,,,,,,,,,,,,,,,,,,,,,,,,,,,,,,,0.0,,,,,,,,,,,,,,,,,,,,,,,,,,,,,,,,,,,,,,,,,,,,,,,,,,,,,,,,,,,,,,,,,,,,,,,,,,,,,,,,,,,,,,,,,,,,,,,,,,,,,,,,,,,,,,,,,,,,,,,,,,,,,,,,,,,,,,,,,,,,,,,,,,,,,,,,,,,,,,,,,,,,,,,,,,,,,,,,,,,,,,,,,,,,,,,,,,,,,,,,,,,,,,,,,,,,,,,,,,,,,,,,,,,,,,,,,,,,,,,,,,,,,,,,,,,,,,,,,,,,,,,,,,,,,,,,,,,,,,,,,,,,,,,,,,,,,,,,,,,,,,,,,,,,,,,,,,,,,,,,,,,,,,,,,,,,,,,,,,,,,,,,,,,,,,,,,,,,,,,,,,,,,,,,,,,,,,,,,,,,,,,,,,,,,,,,,,,,,,,,,,,,,,,,,,,,,,,,,,,,,,,,,,,,,,,,,,,,,,,,,,,,,,,,,,,,,,,,,,,,,,,,,,,,,,,,,,,,,,,,,,,,,,,,,,,,,,,,,,,,,,,,,,,,,,,,,,,,,,,,,,,,,,,,,,,,,,,,,,,,,,,,,,,,,,,,,,,,
2026041218,0.953,0.0,0.0,0.0,0.0,0.0,0.0,0.0,0.0,0.0,0.0,0.0,0.0,0.0,0.006,0.099,0.358,0.866,1.62,2.779,4.843,15.008,27.0,0.0,1.0,0.0,1.0,11.0,0.0,0.0,3.0,0.0,0.0,,,,,,,,,,,,,,,,,,,,,,,,,,,,,,,,,,,,,,,,,,,,,,,,,,,,,,,,,,,,,,,,,,0.0,0.0,0.0,0.0,0.0,0.0,0.0,0.0,0.0,0.0,0.0,0.0,0.0,0.0,0.0,0.0,0.015,0.31,0.735,1.522,3.24,9.213,21.0,1.0,0.0,7.0,0.0,0.0,0.0,2.0,0.0,0.0,,,,,,,,,,,,,,,,,,,,,,,,,,,,,,,,,282.27,,,,,,,,,,,,,,,,,,,0.01,,,,,,,,,,,,,,,,,,0.023,,,,,,,,,,,,,,,,,,0.003,0.0,0.0,0.0,0.0,0.0,0.008,0.03,14.0,4.0,0.0,0.0,0.0,0.0,0.0,0.0,0.0,0.0,0.025,,,,,,,,,,,,,,,,,,5.0,9.0,,,,,,,,,,,11.0,14.0,11.0,15.0,16.0,17.0,17.0,0.0,0.0,0.0,0.0,0.0,15.1,,273.03,1.97,,238.0,2.0,,0.0,,,,,,,,,,,,,,,,,,,,,,,,,0.0,0.0,0.0,0.0,0.0,0.0,0.0,0.0,0.0,0.0,0.0,0.0,0.0,0.0,,,,,,,,,,,,,9.0,9.999e+20,,,,,,,,,,,,,,,,,,,,,,,,,,,,,5.0,0.8,2.4,2.8,2.8,3.2,3.20273,3.64014,3.74659,3.86215,2.4,4.38634,4.62401,4.73348,5.23908,5.33105,6.01895,7.09771,7.4175,8.91594,11.9268,15.3644,4.97209,3.0,6.0,2.0,1.0,0.0,0.0,0.0,0.0,11.0,3.0,9.999e+20,9.999e+20,9.999e+20,9.999e+20,9.999e+20,,69.0,,1856.0,,9.6,0.0,24.0,0.0,,49.0,7.0,2.7,4.6,1.7,7.5,9.4,11.7,12.4,1192.0,848.0,992.0,808.0,1104.0,1288.0,1592.0,1728.0,,,51.0,8.0,,,,,,2.36786,283.27,3.05,,,,,,,,,,,,,,,,,,,,,,,,,,,,,,,274.582,270.769,272.278,272.749,272.994,273.414,273.513,273.892,273.831,274.056,271.377,274.464,274.921,275.313,275.493,275.795,276.064,276.507,276.632,277.369,278.601,280.876,0.0,0.0,0.0,0.0,0.0,3.0,25.0,0.0,9.999e+20,,,340.0,4.2,,,,,,0.0,,,,,,,7385.0,270.0,270.0,270.0,,281.2,,,,,,,,,,,,,,,,,,,,,,,,,,,,,2.1,0.0,0.8,0.8,1.2,1.2,1.2,1.6,1.6,1.6,0.4,1.6,2.0,2.0,2.0,2.4,2.4,2.8,2.8,3.46058,4.66637,6.0783,2.09596,1.32,0.0,0.0,0.0,0.0,9.0,0.0,2.0,0.0,2.5,2.5,
2026041219,,,,,,,,,,,,,,,,,,,,,,,,,,,,,,,,,0.0,,,,,,,,,,,,,,,,,,,,,,,,,,,,,,,,,,,,,,,,,,,,,,,,,,,,,,,,,,,,,,,,,,,,,,,,,,,,,,,,,,,,,,,,,,,,,,,,,,,,,,,,,,,,,,,,,,,,,,,,,,,,,,,,,,,,,,,,,,,,,,,,,,,,,,,,,,,,,,,,,,,,,,,,,,,,,,,,,,,,,,,,,,,,,,,,,,,,,,,,,,,,,,,,,,,,,,,,,,,,,,,,,,,,,,,,,,,,,,,,,,,,,,,,,,,,,,,,,,,,,,,,,,,,,,,,,,,,,,,,,,,,,,,,,,,,,,,,,,,,,,,,,,,,,,,,,,,,,,,,,,,,,,,,,,,,,,,,,,,,,,,,,,,,,,,,,,,,,,,,,,,,,,,,,,,,,,,,,,,,,,,,,,,,,,,,,,,,,,,,,,,,,,,,,,,,,,,,,,,,,,,,,,,,,,,,,,,,,,,,,,,,,,,,,,,,,,,,,,,,,,,,,,,,,,,,,,,,,,,,,,,,,,,,,,,,,,,,,,,,,,,,,,,,,,,,,,,,,,,,,,,,,,,,,,,,,,,,,,,,,,,,,,,,,,,,,,,,
2026041220,,,,,,,,,,,,,,,,,,,,,,,,,,,,,,,,,0.0,,,,,,,,,,,,,,,,,,,,,,,,,,,,,,,,,,,,,,,,,,,,,,,,,,,,,,,,,,,,,,,,,,,,,,,,,,,,,,,,,,,,,,,,,,,,,,,,,,,,,,,,,,,,,,,,,,,,,,,,,,,,,,,,,,,,,,,,,,,,,,,,,,,,,,,,,,,,,,,,,,,,,,,,,,,,,,,,,,,,,,,,,,,,,,,,,,,,,,,,,,,,,,,,,,,,,,,,,,,,,,,,,,,,,,,,,,,,,,,,,,,,,,,,,,,,,,,,,,,,,,,,,,,,,,,,,,,,,,,,,,,,,,,,,,,,,,,,,,,,,,,,,,,,,,,,,,,,,,,,,,,,,,,,,,,,,,,,,,,,,,,,,,,,,,,,,,,,,,,,,,,,,,,,,,,,,,,,,,,,,,,,,,,,,,,,,,,,,,,,,,,,,,,,,,,,,,,,,,,,,,,,,,,,,,,,,,,,,,,,,,,,,,,,,,,,,,,,,,,,,,,,,,,,,,,,,,,,,,,,,,,,,,,,,,,,,,,,,,,,,,,,,,,,,,,,,,,,,,,,,,,,,,,,,,,,,,,,,,,,,,,,,,,,,,,,,,,,
2026041221,,,,,,,,,,,,,,,,,,,,,,,,,,,,,,,,,0.0,,,,,,,,,,,,,,,,,,,,,,,,,,,,,,,,,,,,,,,,,,,,,,,,,,,,,,,,,,,,,,,,,,,,,,,,,,,,,,,,,,,,,,,,,,,,,,,,,,,,,,,,,,,,,,,,,,,,,,,,,,,,,,,,,,,,,,,,,,,,,,,,,,,,,,,,,,,,,,,,,,,,,,,,,,,,,,,,,,,,,,,,,,,,,,,,,,,,,,,,,,,,,,,,,,,,,,,,,,,,,,,,,,,,,,,,,,,,,,,,,,,,,,,,,,,,,,,,,,,,,,,,,,,,,,,,,,,,,,,,,,,,,,,,,,,,,,,,,,,,,,,,,,,,,,,,,,,,,,,,,,,,,,,,,,,,,,,,,,,,,,,,,,,,,,,,,,,,,,,,,,,,,,,,,,,,,,,,,,,,,,,,,,,,,,,,,,,,,,,,,,,,,,,,,,,,,,,,,,,,,,,,,,,,,,,,,,,,,,,,,,,,,,,,,,,,,,,,,,,,,,,,,,,,,,,,,,,,,,,,,,,,,,,,,,,,,,,,,,,,,,,,,,,,,,,,,,,,,,,,,,,,,,,,,,,,,,,,,,,,,,,,,,,,,,,,,,,,
2026041222,,,,,,,,,,,,,,,,,,,,,,,,,,,,,,,,,0.254,,,,,,,,,,,,,,,,,,,,,,,,,,,,,,,,,,,,,,,,,,,,,,,,,,,,,,,,,,,,,,,,,,,,,,,,,,,,,,,,,,,,,,,,,,,,,,,,,,,,,,,,,,,,,,,,,,,,,,,,,,,,,,,,,,,,,,,,,,,,,,,,,,,,,,,,,,,,,,,,,,,,,,,,,,,,,,,,,,,,,,,,,,,,,,,,,,,,,,,,,,,,,,,,,,,,,,,,,,,,,,,,,,,,,,,,,,,,,,,,,,,,,,,,,,,,,,,,,,,,,,,,,,,,,,,,,,,,,,,,,,,,,,,,,,,,,,,,,,,,,,,,,,,,,,,,,,,,,,,,,,,,,,,,,,,,,,,,,,,,,,,,,,,,,,,,,,,,,,,,,,,,,,,,,,,,,,,,,,,,,,,,,,,,,,,,,,,,,,,,,,,,,,,,,,,,,,,,,,,,,,,,,,,,,,,,,,,,,,,,,,,,,,,,,,,,,,,,,,,,,,,,,,,,,,,,,,,,,,,,,,,,,,,,,,,,,,,,,,,,,,,,,,,,,,,,,,,,,,,,,,,,,,,,,,,,,,,,,,,,,,,,,,,,,,,,,,,,
2026041223,,,,,,,,,,,,,,,,,,,,,,,,,,,,,,,,,0.254,,,,,,,,,,,,,,,,,,,,,,,,,,,,,,,,,,,,,,,,,,,,,,,,,,,,,,,,,,,,,,,,,,,,,,,,,,,,,,,,,,,,,,,,,,,,,,,,,,,,,,,,,,,,,,,,,,,,,,,,,,,,,,,,,,,,,,,,,,,,,,,,,,,,,,,,,,,,,,,,,,,,,,,,,,,,,,,,,,,,,,,,,,,,,,,,,,,,,,,,,,,,,,,,,,,,,,,,,,,,,,,,,,,,,,,,,,,,,,,,,,,,,,,,,,,,,,,,,,,,,,,,,,,,,,,,,,,,,,,,,,,,,,,,,,,,,,,,,,,,,,,,,,,,,,,,,,,,,,,,,,,,,,,,,,,,,,,,,,,,,,,,,,,,,,,,,,,,,,,,,,,,,,,,,,,,,,,,,,,,,,,,,,,,,,,,,,,,,,,,,,,,,,,,,,,,,,,,,,,,,,,,,,,,,,,,,,,,,,,,,,,,,,,,,,,,,,,,,,,,,,,,,,,,,,,,,,,,,,,,,,,,,,,,,,,,,,,,,,,,,,,,,,,,,,,,,,,,,,,,,,,,,,,,,,,,,,,,,,,,,,,,,,,,,,,,,,,,
2026041300,1.361,0.0,0.0,0.0,0.0,0.0,0.0,0.0,0.0,0.0,0.0,0.0,0.0,0.002,0.181,0.505,0.976,1.678,2.796,4.44,7.616,15.467,33.0,0.0,2.0,0.0,1.0,16.0,1.0,0.0,6.0,0.0,0.254,,3.447,0.0,0.0,0.0,0.0,0.0,0.0,0.0,0.0,0.0,0.0,0.237,0.584,1.014,1.496,2.365,3.536,4.751,6.801,9.775,15.881,42.84,50.0,0.0,7.0,0.0,0.0,0.0,2.0,1.0,16.0,0.0,,,,,,,,,,,,,,,,,,,,,,,,,,,,,,,,,1.524,0.0,0.0,0.0,0.0,0.0,0.0,0.0,0.0,0.0,0.0,0.0,0.0,0.0,0.0,0.104,0.508,1.053,1.775,2.631,4.388,8.108,28.0,0.0,0.0,10.0,0.0,0.0,0.0,2.0,0.0,0.0,,,,,,,,,,,,,,,,,,,,,,,,,,,,,,,,,284.7,,,,,,,,,,,,,,,,,,,0.008,0.0,0.0,0.0,0.0,0.005,0.023,0.064,23.0,7.0,4.0,1.0,0.0,0.0,0.0,0.0,0.0,0.0,0.023,0.0,0.0,0.0,0.0,0.03,0.119,0.127,20.0,13.0,5.0,2.0,1.0,0.0,0.0,0.0,0.0,0.0,0.003,0.0,0.0,0.0,0.0,0.0,0.008,0.03,12.0,4.0,1.0,0.0,0.0,0.0,0.0,0.0,0.0,0.0,0.028,0.0,0.0,0.0,0.003,0.038,0.122,0.13,23.0,6.0,4.0,1.0,0.0,0.0,0.0,0.0,0.0,0.0,30.0,14.0,,,,,,,,,,,12.0,15.0,12.0,16.0,18.0,22.0,22.0,0.0,0.0,0.0,0.0,0.0,17.8,,274.9,1.32,,702.0,,,0.0,0.0,0.0,0.0,0.0,0.0,0.0,0.0,0.0,0.0,0.0,0.0,0.0,0.0,0.0,0.0,0.0,0.0,0.0,0.0,0.0,0.0,0.0,0.0,0.0,0.0,0.0,0.0,0.0,0.0,0.0,0.0,0.0,0.0,0.0,0.0,0.0,0.0,0.0,0.0,0.0,0.0,0.0,0.0,0.0,0.0,0.0,0.0,0.0,0.0,0.0,11.2,9.999e+20,,,,,,,,,,,,,,,,,,,,,,,,,,,,,6.5,1.6,4.0,4.0,4.4,4.4,5.41884,5.40686,5.64873,6.14489,2.8,6.57908,6.64832,6.83405,7.29395,7.40464,7.59834,8.60549,9.13733,10.283,10.6817,15.5642,6.53642,2.6,4.0,2.0,0.0,0.0,0.0,0.0,0.0,20.0,2.0,9.999e+20,9.999e+20,9.999e+20,9.999e+20,9.999e+20,,,,,3.0,15.6,0.0,12.0,0.0,,51.0,5.8,2.1,3.2,1.3,5.9,8.0,9.7,10.3,1384.0,1016.0,1168.0,984.0,1360.0,1568.0,1864.0,1920.0,,,47.0,13.0,,285.58,3.6,,,,284.38,3.2,,,,,,,,,,,,,,,,,,,,,,,,,,,,,,,,,,,,,,,,,,,,,,,,,,,,,,,,,,,,,9.999e+20,,,320.0,,3.0,,,,,1.0,,,,,,,,270.0,270.0,270.0,,281.8,,,,,,,,,,,,,,,,,,,,,,,,,,,,,2.6,0.8,1.6,1.6,2.0,2.0,2.0,2.4,2.4,2.4,1.2,2.8,2.8,2.8,2.8,3.2,3.2,3.6,3.6,3.75767,3.86154,5.74986,2.55285,1.02,0.0,0.0,0.0,0.0,17.0,0.0,2.0,0.0,3.0,3.5,
2026041301,,,,,,,,,,,,,,,,,,,,,,,,,,,,,,,,,0.254,,,,,,,,,,,,,,,,,,,,,,,,,,,,,,,,,,,,,,,,,,,,,,,,,,,,,,,,,,,,,,,,,,,,,,,,,,,,,,,,,,,,,,,,,,,,,,,,,,,,,,,,,,,,,,,,,,,,,,,,,,,,,,,,,,,,,,,,,,,,,,,,,,,,,,,,,,,,,,,,,,,,,,,,,,,,,,,,,,,,,,,,,,,,,,,,,,,,,,,,,,,,,,,,,,,,,,,,,,,,,,,,,,,,,,,,,,,,,,,,,,,,,,,,,,,,,,,,,,,,,,,,,,,,,,,,,,,,,,,,,,,,,,,,,,,,,,,,,,,,,,,,,,,,,,,,,,,,,,,,,,,,,,,,,,,,,,,,,,,,,,,,,,,,,,,,,,,,,,,,,,,,,,,,,,,,,,,,,,,,,,,,,,,,,,,,,,,,,,,,,,,,,,,,,,,,,,,,,,,,,,,,,,,,,,,,,,,,,,,,,,,,,,,,,,,,,,,,,,,,,,,,,,,,,,,,,,,,,,,,,,,,,,,,,,,,,,,,,,,,,,,,,,,,,,,,,,,,,,,,,,,,,,,,,,,,,,,,,,,,,,,,,,,,,,,,,,,,
2026041302,,,,,,,,,,,,,,,,,,,,,,,,,,,,,,,,,0.0,,,,,,,,,,,,,,,,,,,,,,,,,,,,,,,,,,,,,,,,,,,,,,,,,,,,,,,,,,,,,,,,,,,,,,,,,,,,,,,,,,,,,,,,,,,,,,,,,,,,,,,,,,,,,,,,,,,,,,,,,,,,,,,,,,,,,,,,,,,,,,,,,,,,,,,,,,,,,,,,,,,,,,,,,,,,,,,,,,,,,,,,,,,,,,,,,,,,,,,,,,,,,,,,,,,,,,,,,,,,,,,,,,,,,,,,,,,,,,,,,,,,,,,,,,,,,,,,,,,,,,,,,,,,,,,,,,,,,,,,,,,,,,,,,,,,,,,,,,,,,,,,,,,,,,,,,,,,,,,,,,,,,,,,,,,,,,,,,,,,,,,,,,,,,,,,,,,,,,,,,,,,,,,,,,,,,,,,,,,,,,,,,,,,,,,,,,,,,,,,,,,,,,,,,,,,,,,,,,,,,,,,,,,,,,,,,,,,,,,,,,,,,,,,,,,,,,,,,,,,,,,,,,,,,,,,,,,,,,,,,,,,,,,,,,,,,,,,,,,,,,,,,,,,,,,,,,,,,,,,,,,,,,,,,,,,,,,,,,,,,,,,,,,,,,,,,,,,
2026041303,,,,,,,,,,,,,,,,,,,,,,,,,,,,,,,,,0.0,,,,,,,,,,,,,,,,,,,,,,,,,,,,,,,,,,,,,,,,,,,,,,,,,,,,,,,,,,,,,,,,,,,,,,,,,,,,,,,,,,,,,,,,,,,,,,,,,,,,,,,,,,,,,,,,,,,,,,,,,,,,,,,,,,,,,,,,,,,,,,,,,,,,,,,,,,,,,,,,,,,,,,,,,,,,,,,,,,,,,,,,,,,,,,,,,,,,,,,,,,,,,,,,,,,,,,,,,,,,,,,,,,,,,,,,,,,,,,,,,,,,,,,,,,,,,,,,,,,,,,,,,,,,,,,,,,,,,,,,,,,,,,,,,,,,,,,,,,,,,,,,,,,,,,,,,,,,,,,,,,,,,,,,,,,,,,,,,,,,,,,,,,,,,,,,,,,,,,,,,,,,,,,,,,,,,,,,,,,,,,,,,,,,,,,,,,,,,,,,,,,,,,,,,,,,,,,,,,,,,,,,,,,,,,,,,,,,,,,,,,,,,,,,,,,,,,,,,,,,,,,,,,,,,,,,,,,,,,,,,,,,,,,,,,,,,,,,,,,,,,,,,,,,,,,,,,,,,,,,,,,,,,,,,,,,,,,,,,,,,,,,,,,,,,,,,,,,
2026041304,,,,,,,,,,,,,,,,,,,,,,,,,,,,,,,,,0.0,,,,,,,,,,,,,,,,,,,,,,,,,,,,,,,,,,,,,,,,,,,,,,,,,,,,,,,,,,,,,,,,,,,,,,,,,,,,,,,,,,,,,,,,,,,,,,,,,,,,,,,,,,,,,,,,,,,,,,,,,,,,,,,,,,,,,,,,,,,,,,,,,,,,,,,,,,,,,,,,,,,,,,,,,,,,,,,,,,,,,,,,,,,,,,,,,,,,,,,,,,,,,,,,,,,,,,,,,,,,,,,,,,,,,,,,,,,,,,,,,,,,,,,,,,,,,,,,,,,,,,,,,,,,,,,,,,,,,,,,,,,,,,,,,,,,,,,,,,,,,,,,,,,,,,,,,,,,,,,,,,,,,,,,,,,,,,,,,,,,,,,,,,,,,,,,,,,,,,,,,,,,,,,,,,,,,,,,,,,,,,,,,,,,,,,,,,,,,,,,,,,,,,,,,,,,,,,,,,,,,,,,,,,,,,,,,,,,,,,,,,,,,,,,,,,,,,,,,,,,,,,,,,,,,,,,,,,,,,,,,,,,,,,,,,,,,,,,,,,,,,,,,,,,,,,,,,,,,,,,,,,,,,,,,,,,,,,,,,,,,,,,,,,,,,,,,,,,
2026041305,,,,,,,,,,,,,,,,,,,,,,,,,,,,,,,,,0.0,,,,,,,,,,,,,,,,,,,,,,,,,,,,,,,,,,,,,,,,,,,,,,,,,,,,,,,,,,,,,,,,,,,,,,,,,,,,,,,,,,,,,,,,,,,,,,,,,,,,,,,,,,,,,,,,,,,,,,,,,,,,,,,,,,,,,,,,,,,,,,,,,,,,,,,,,,,,,,,,,,,,,,,,,,,,,,,,,,,,,,,,,,,,,,,,,,,,,,,,,,,,,,,,,,,,,,,,,,,,,,,,,,,,,,,,,,,,,,,,,,,,,,,,,,,,,,,,,,,,,,,,,,,,,,,,,,,,,,,,,,,,,,,,,,,,,,,,,,,,,,,,,,,,,,,,,,,,,,,,,,,,,,,,,,,,,,,,,,,,,,,,,,,,,,,,,,,,,,,,,,,,,,,,,,,,,,,,,,,,,,,,,,,,,,,,,,,,,,,,,,,,,,,,,,,,,,,,,,,,,,,,,,,,,,,,,,,,,,,,,,,,,,,,,,,,,,,,,,,,,,,,,,,,,,,,,,,,,,,,,,,,,,,,,,,,,,,,,,,,,,,,,,,,,,,,,,,,,,,,,,,,,,,,,,,,,,,,,,,,,,,,,,,,,,,,,,,,
2026041306,1.302,0.0,0.0,0.0,0.0,0.0,0.0,0.0,0.0,0.0,0.0,0.0,0.0,0.0,0.0,0.261,0.867,1.774,2.891,4.645,7.06,13.123,30.0,0.0,1.0,0.0,0.0,16.0,0.0,0.0,7.0,0.0,0.0,,,,,,,,,,,,,,,,,,,,,,,,,,,,,,,,,,,,,,,,,,,,,,,,,,,,,,,,,,,,,,,,,,0.0,0.0,0.0,0.0,0.0,0.0,0.0,0.0,0.0,0.0,0.0,0.0,0.0,0.0,0.0,0.0,0.019,0.234,0.671,1.45,2.758,7.117,20.0,0.0,0.0,6.0,0.0,0.0,0.0,1.0,0.0,0.0,,,,,,,,,,,,,,,,,,,,,,,,,,,,,,,,,279.13,,,,,,,,,,,,,,,,,,,0.008,,,,,,,,,,,,,,,,,,0.023,,,,,,,,,,,,,,,,,,0.0,0.0,0.0,0.0,0.0,0.0,0.0,0.008,6.0,1.0,0.0,0.0,0.0,0.0,0.0,0.0,0.0,0.0,0.03,,,,,,,,,,,,,,,,,,2.0,2.0,,,,,,,,,,,13.0,16.0,13.0,18.0,19.0,19.0,19.0,0.0,0.0,0.0,0.0,0.0,17.0,,273.76,1.88,,74.0,0.0,,0.0,,,,,,,,,,,,,,,,,,,,,,,,,0.0,0.0,0.0,0.0,0.0,0.0,0.0,0.0,0.0,0.0,0.0,0.0,0.0,0.0,,,,,,,,,,,,,11.0,,9.86689,5.91684,6.70388,6.90615,7.63001,8.17891,7.89953,8.48627,8.56482,9.00115,6.5156,9.16556,9.65771,9.93271,10.3572,11.1988,11.4632,11.5308,12.7219,13.6876,15.1841,19.0645,27.0,2.0,1.0,0.0,0.0,0.0,3.0,0.8,1.2,1.6,1.6,1.6,1.6,2.0,2.0,2.02875,1.2,2.509,2.60512,2.68837,3.19867,3.69491,3.84377,3.97477,4.9646,5.82386,6.36728,7.92887,2.95522,1.92,0.0,0.0,0.0,0.0,0.0,0.0,0.0,1.0,2.0,,,,,,,,49.0,288.0,,8.4,0.0,7.2,0.0,,68.0,6.9,2.3,3.9,2.1,7.1,9.9,12.2,12.5,1328.0,920.0,1080.0,864.0,1248.0,1520.0,1792.0,1944.0,,,55.0,11.0,,,,,,3.18854,279.12,3.0,282.491,277.052,278.804,279.237,279.41,280.203,280.833,281.28,281.403,281.777,278.034,281.804,282.312,282.963,282.95,283.305,284.308,285.426,286.138,286.98,287.608,289.974,0.0,0.0,0.0,0.0,0.0,0.0,0.0,0.0,,,,,,,,,,,,,,,,,,,,,,,,,,,,,,,9.999e+20,,,70.0,3.3,,,,,,0.0,,,,,,,493.0,250.0,250.0,250.0,,277.3,4.17592,2.4,2.8,3.2,3.2,3.6,3.6,3.6,3.6,4.0,2.8,4.0,4.14146,4.17151,4.60433,4.61625,4.72552,4.8483,5.34113,5.44353,5.9736,7.45525,0.0,0.0,0.0,0.0,8.0,0.0,1.2,0.0,0.4,0.4,0.4,0.4,0.4,0.8,0.8,0.8,0.0,0.8,0.8,1.2,1.2,1.2,1.6,1.6,2.0,2.4,2.8,3.6,1.21669,0.82,0.0,0.0,0.0,0.0,1.0,0.0,0.0,0.0,1.2,1.6,
2026041307,,,,,,,,,,,,,,,,,,,,,,,,,,,,,,,,,0.0,,,,,,,,,,,,,,,,,,,,,,,,,,,,,,,,,,,,,,,,,,,,,,,,,,,,,,,,,,,,,,,,,,,,,,,,,,,,,,,,,,,,,,,,,,,,,,,,,,,,,,,,,,,,,,,,,,,,,,,,,,,,,,,,,,,,,,,,,,,,,,,,,,,,,,,,,,,,,,,,,,,,,,,,,,,,,,,,,,,,,,,,,,,,,,,,,,,,,,,,,,,,,,,,,,,,,,,,,,,,,,,,,,,,,,,,,,,,,,,,,,,,,,,,,,,,,,,,,,,,,,,,,,,,,,,,,,,,,,,,,,,,,,,,,,,,,,,,,,,,,,,,,,,,,,,,,,,,,,,,,,,,,,,,,,,,,,,,,,,,,,,,,,,,,,,,,,,,,,,,,,,,,,,,,,,,,,,,,,,,,,,,,,,,,,,,,,,,,,,,,,,,,,,,,,,,,,,,,,,,,,,,,,,,,,,,,,,,,,,,,,,,,,,,,,,,,,,,,,,,,,,,,,,,,,,,,,,,,,,,,,,,,,,,,,,,,,,,,,,,,,,,,,,,,,,,,,,,,,,,,,,,,,,,,,,,,,,,,,,,,,,,,,,,,,,,,,,,
2026041308,,,,,,,,,,,,,,,,,,,,,,,,,,,,,,,,,0.0,,,,,,,,,,,,,,,,,,,,,,,,,,,,,,,,,,,,,,,,,,,,,,,,,,,,,,,,,,,,,,,,,,,,,,,,,,,,,,,,,,,,,,,,,,,,,,,,,,,,,,,,,,,,,,,,,,,,,,,,,,,,,,,,,,,,,,,,,,,,,,,,,,,,,,,,,,,,,,,,,,,,,,,,,,,,,,,,,,,,,,,,,,,,,,,,,,,,,,,,,,,,,,,,,,,,,,,,,,,,,,,,,,,,,,,,,,,,,,,,,,,,,,,,,,,,,,,,,,,,,,,,,,,,,,,,,,,,,,,,,,,,,,,,,,,,,,,,,,,,,,,,,,,,,,,,,,,,,,,,,,,,,,,,,,,,,,,,,,,,,,,,,,,,,,,,,,,,,,,,,,,,,,,,,,,,,,,,,,,,,,,,,,,,,,,,,,,,,,,,,,,,,,,,,,,,,,,,,,,,,,,,,,,,,,,,,,,,,,,,,,,,,,,,,,,,,,,,,,,,,,,,,,,,,,,,,,,,,,,,,,,,,,,,,,,,,,,,,,,,,,,,,,,,,,,,,,,,,,,,,,,,,,,,,,,,,,,,,,,,,,,,,,,,,,,,,,,,
2026041309,,,,,,,,,,,,,,,,,,,,,,,,,,,,,,,,,0.0,,,,,,,,,,,,,,,,,,,,,,,,,,,,,,,,,,,,,,,,,,,,,,,,,,,,,,,,,,,,,,,,,,,,,,,,,,,,,,,,,,,,,,,,,,,,,,,,,,,,,,,,,,,,,,,,,,,,,,,,,,,,,,,,,,,,,,,,,,,,,,,,,,,,,,,,,,,,,,,,,,,,,,,,,,,,,,,,,,,,,,,,,,,,,,,,,,,,,,,,,,,,,,,,,,,,,,,,,,,,,,,,,,,,,,,,,,,,,,,,,,,,,,,,,,,,,,,,,,,,,,,,,,,,,,,,,,,,,,,,,,,,,,,,,,,,,,,,,,,,,,,,,,,,,,,,,,,,,,,,,,,,,,,,,,,,,,,,,,,,,,,,,,,,,,,,,,,,,,,,,,,,,,,,,,,,,,,,,,,,,,,,,,,,,,,,,,,,,,,,,,,,,,,,,,,,,,,,,,,,,,,,,,,,,,,,,,,,,,,,,,,,,,,,,,,,,,,,,,,,,,,,,,,,,,,,,,,,,,,,,,,,,,,,,,,,,,,,,,,,,,,,,,,,,,,,,,,,,,,,,,,,,,,,,,,,,,,,,,,,,,,,,,,,,,,,,,,,
2026041310,,,,,,,,,,,,,,,,,,,,,,,,,,,,,,,,,0.0,,,,,,,,,,,,,,,,,,,,,,,,,,,,,,,,,,,,,,,,,,,,,,,,,,,,,,,,,,,,,,,,,,,,,,,,,,,,,,,,,,,,,,,,,,,,,,,,,,,,,,,,,,,,,,,,,,,,,,,,,,,,,,,,,,,,,,,,,,,,,,,,,,,,,,,,,,,,,,,,,,,,,,,,,,,,,,,,,,,,,,,,,,,,,,,,,,,,,,,,,,,,,,,,,,,,,,,,,,,,,,,,,,,,,,,,,,,,,,,,,,,,,,,,,,,,,,,,,,,,,,,,,,,,,,,,,,,,,,,,,,,,,,,,,,,,,,,,,,,,,,,,,,,,,,,,,,,,,,,,,,,,,,,,,,,,,,,,,,,,,,,,,,,,,,,,,,,,,,,,,,,,,,,,,,,,,,,,,,,,,,,,,,,,,,,,,,,,,,,,,,,,,,,,,,,,,,,,,,,,,,,,,,,,,,,,,,,,,,,,,,,,,,,,,,,,,,,,,,,,,,,,,,,,,,,,,,,,,,,,,,,,,,,,,,,,,,,,,,,,,,,,,,,,,,,,,,,,,,,,,,,,,,,,,,,,,,,,,,,,,,,,,,,,,,,,,,,,
2026041311,,,,,,,,,,,,,,,,,,,,,,,,,,,,,,,,,0.0,,,,,,,,,,,,,,,,,,,,,,,,,,,,,,,,,,,,,,,,,,,,,,,,,,,,,,,,,,,,,,,,,,,,,,,,,,,,,,,,,,,,,,,,,,,,,,,,,,,,,,,,,,,,,,,,,,,,,,,,,,,,,,,,,,,,,,,,,,,,,,,,,,,,,,,,,,,,,,,,,,,,,,,,,,,,,,,,,,,,,,,,,,,,,,,,,,,,,,,,,,,,,,,,,,,,,,,,,,,,,,,,,,,,,,,,,,,,,,,,,,,,,,,,,,,,,,,,,,,,,,,,,,,,,,,,,,,,,,,,,,,,,,,,,,,,,,,,,,,,,,,,,,,,,,,,,,,,,,,,,,,,,,,,,,,,,,,,,,,,,,,,,,,,,,,,,,,,,,,,,,,,,,,,,,,,,,,,,,,,,,,,,,,,,,,,,,,,,,,,,,,,,,,,,,,,,,,,,,,,,,,,,,,,,,,,,,,,,,,,,,,,,,,,,,,,,,,,,,,,,,,,,,,,,,,,,,,,,,,,,,,,,,,,,,,,,,,,,,,,,,,,,,,,,,,,,,,,,,,,,,,,,,,,,,,,,,,,,,,,,,,,,,,,,,,,,,,,
2026041312,0.938,0.0,0.0,0.0,0.0,0.0,0.0,0.0,0.0,0.0,0.0,0.0,0.0,0.0,0.001,0.065,0.331,0.682,1.362,2.582,5.312,12.421,26.0,0.0,1.0,0.0,1.0,10.0,0.0,0.0,4.0,0.0,0.0,,2.879,0.0,0.0,0.0,0.0,0.0,0.0,0.0,0.0,0.0,0.0,0.0,0.04,0.255,0.668,1.213,2.244,3.43,5.37,8.749,16.953,31.117,40.0,0.0,7.0,0.0,0.0,0.0,2.0,0.0,13.0,0.0,6.512,0.0,0.0,0.0,0.0,0.0,0.0,0.022,0.558,1.102,0.0,1.721,2.542,3.38,4.247,5.399,7.148,9.338,12.339,18.066,27.858,60.376,15.0,0.0,45.0,0.0,6.0,0.0,0.0,0.0,2.0,1.0,0.0,0.0,0.0,0.0,0.0,0.0,0.0,0.0,0.0,0.0,0.0,0.0,0.0,0.0,0.0,0.0,0.0,0.007,0.27,1.023,2.437,8.302,15.0,0.0,0.0,5.0,0.0,0.0,0.0,2.0,0.0,0.0,8.701,0.0,0.0,0.0,0.0,0.0,0.016,0.679,1.5,2.149,0.0,2.973,3.945,5.321,6.636,8.11,10.335,13.82,17.709,23.553,33.428,82.379,0.0,0.0,9.0,0.0,0.0,2.0,0.0,36.0,0.0,1.0,276.36,,,,,,,,,,,,,,,,,,,0.01,0.0,0.0,0.0,0.0,0.003,0.023,0.058,20.0,8.0,4.0,1.0,1.0,0.0,0.0,0.0,0.0,0.0,0.023,0.0,0.0,0.0,0.0,0.028,0.094,0.122,19.0,10.0,4.0,2.0,1.0,0.0,0.0,0.0,0.0,0.0,0.003,0.0,0.0,0.0,0.0,0.0,0.0,0.008,6.0,1.0,1.0,1.0,0.0,0.0,0.0,0.0,0.0,0.0,0.03,0.0,0.0,0.0,0.003,0.038,0.124,0.14,24.0,6.0,4.0,2.0,0.0,0.0,0.0,0.0,0.0,0.0,2.0,1.0,,,,,,,,,,,14.0,16.0,14.0,18.0,20.0,20.0,20.0,0.0,0.0,0.0,0.0,0.0,18.4,,272.02,0.67,,0.0,,,0.0,0.0,0.0,0.0,0.0,0.0,0.0,0.0,0.0,0.0,0.0,0.0,0.0,0.0,0.0,0.0,0.0,0.0,0.0,0.0,0.0,0.0,0.0,0.0,0.0,0.0,0.0,0.0,0.0,0.0,0.0,0.0,0.0,0.0,0.0,0.0,0.0,0.0,0.0,0.0,0.0,0.0,0.0,0.0,0.0,0.0,0.0,0.0,0.0,0.0,0.0,5.2,,,,,,,,,,,,,,,,,,,,,,,,,,,,,,3.5,0.4,1.2,1.6,1.6,2.0,2.4,2.4,2.4,2.8,0.8,2.8,3.21265,3.2516,3.33483,3.79608,4.02213,4.47762,5.33277,6.70606,7.47408,11.0775,3.49931,2.7,1.0,1.0,1.0,0.0,0.0,0.0,0.0,2.0,3.0,,,,,,,,,,1.0,6.0,0.0,8.4,0.0,,67.0,7.3,2.5,3.9,2.1,7.5,10.1,12.2,13.3,1208.0,776.0,976.0,680.0,1136.0,1488.0,1648.0,1800.0,,,47.0,21.0,,,,276.13,2.97,,277.34,2.39,,,,,,,,,,,,,,,,,,,,,,,,,,,,,,,,,,,,,,,,,,,,,,,,,,,,,,,,,,,,,9.999e+20,,,70.0,,2.0,,,,,0.0,,,,,,,,240.0,240.0,240.0,,275.5,,,,,,,,,,,,,,,,,,,,,,,,,,,,,1.6,0.0,0.0,0.4,0.8,0.8,0.8,0.8,0.8,1.2,0.0,1.2,1.2,1.2,1.6,1.6,1.6,2.0,2.4,2.8,3.2,4.4,1.2,1.12,0.0,0.0,0.0,0.0,2.0,0.0,1.0,0.0,1.6,2.0,
2026041313,,,,,,,,,,,,,,,,,,,,,,,,,,,,,,,,,0.0,,,,,,,,,,,,,,,,,,,,,,,,,,,,,,,,,,,,,,,,,,,,,,,,,,,,,,,,,,,,,,,,,,,,,,,,,,,,,,,,,,,,,,,,,,,,,,,,,,,,,,,,,,,,,,,,,,,,,,,,,,,,,,,,,,,,,,,,,,,,,,,,,,,,,,,,,,,,,,,,,,,,,,,,,,,,,,,,,,,,,,,,,,,,,,,,,,,,,,,,,,,,,,,,,,,,,,,,,,,,,,,,,,,,,,,,,,,,,,,,,,,,,,,,,,,,,,,,,,,,,,,,,,,,,,,,,,,,,,,,,,,,,,,,,,,,,,,,,,,,,,,,,,,,,,,,,,,,,,,,,,,,,,,,,,,,,,,,,,,,,,,,,,,,,,,,,,,,,,,,,,,,,,,,,,,,,,,,,,,,,,,,,,,,,,,,,,,,,,,,,,,,,,,,,,,,,,,,,,,,,,,,,,,,,,,,,,,,,,,,,,,,,,,,,,,,,,,,,,,,,,,,,,,,,,,,,,,,,,,,,,,,,,,,,,,,,,,,,,,,,,,,,,,,,,,,,,,,,,,,,,,,,,,,,,,,,,,,,,,,,,,,,,,,,,,,,,,,
2026041314,,,,,,,,,,,,,,,,,,,,,,,,,,,,,,,,,0.0,,,,,,,,,,,,,,,,,,,,,,,,,,,,,,,,,,,,,,,,,,,,,,,,,,,,,,,,,,,,,,,,,,,,,,,,,,,,,,,,,,,,,,,,,,,,,,,,,,,,,,,,,,,,,,,,,,,,,,,,,,,,,,,,,,,,,,,,,,,,,,,,,,,,,,,,,,,,,,,,,,,,,,,,,,,,,,,,,,,,,,,,,,,,,,,,,,,,,,,,,,,,,,,,,,,,,,,,,,,,,,,,,,,,,,,,,,,,,,,,,,,,,,,,,,,,,,,,,,,,,,,,,,,,,,,,,,,,,,,,,,,,,,,,,,,,,,,,,,,,,,,,,,,,,,,,,,,,,,,,,,,,,,,,,,,,,,,,,,,,,,,,,,,,,,,,,,,,,,,,,,,,,,,,,,,,,,,,,,,,,,,,,,,,,,,,,,,,,,,,,,,,,,,,,,,,,,,,,,,,,,,,,,,,,,,,,,,,,,,,,,,,,,,,,,,,,,,,,,,,,,,,,,,,,,,,,,,,,,,,,,,,,,,,,,,,,,,,,,,,,,,,,,,,,,,,,,,,,,,,,,,,,,,,,,,,,,,,,,,,,,,,,,,,,,,,,,,,
2026041315,,,,,,,,,,,,,,,,,,,,,,,,,,,,,,,,,0.0,,,,,,,,,,,,,,,,,,,,,,,,,,,,,,,,,,,,,,,,,,,,,,,,,,,,,,,,,,,,,,,,,,,,,,,,,,,,,,,,,,,,,,,,,,,,,,,,,,,,,,,,,,,,,,,,,,,,,,,,,,,,,,,,,,,,,,,,,,,,,,,,,,,,,,,,,,,,,,,,,,,,,,,,,,,,,,,,,,,,,,,,,,,,,,,,,,,,,,,,,,,,,,,,,,,,,,,,,,,,,,,,,,,,,,,,,,,,,,,,,,,,,,,,,,,,,,,,,,,,,,,,,,,,,,,,,,,,,,,,,,,,,,,,,,,,,,,,,,,,,,,,,,,,,,,,,,,,,,,,,,,,,,,,,,,,,,,,,,,,,,,,,,,,,,,,,,,,,,,,,,,,,,,,,,,,,,,,,,,,,,,,,,,,,,,,,,,,,,,,,,,,,,,,,,,,,,,,,,,,,,,,,,,,,,,,,,,,,,,,,,,,,,,,,,,,,,,,,,,,,,,,,,,,,,,,,,,,,,,,,,,,,,,,,,,,,,,,,,,,,,,,,,,,,,,,,,,,,,,,,,,,,,,,,,,,,,,,,,,,,,,,,,,,,,,,,,,,
2026041316,,,,,,,,,,,,,,,,,,,,,,,,,,,,,,,,,0.0,,,,,,,,,,,,,,,,,,,,,,,,,,,,,,,,,,,,,,,,,,,,,,,,,,,,,,,,,,,,,,,,,,,,,,,,,,,,,,,,,,,,,,,,,,,,,,,,,,,,,,,,,,,,,,,,,,,,,,,,,,,,,,,,,,,,,,,,,,,,,,,,,,,,,,,,,,,,,,,,,,,,,,,,,,,,,,,,,,,,,,,,,,,,,,,,,,,,,,,,,,,,,,,,,,,,,,,,,,,,,,,,,,,,,,,,,,,,,,,,,,,,,,,,,,,,,,,,,,,,,,,,,,,,,,,,,,,,,,,,,,,,,,,,,,,,,,,,,,,,,,,,,,,,,,,,,,,,,,,,,,,,,,,,,,,,,,,,,,,,,,,,,,,,,,,,,,,,,,,,,,,,,,,,,,,,,,,,,,,,,,,,,,,,,,,,,,,,,,,,,,,,,,,,,,,,,,,,,,,,,,,,,,,,,,,,,,,,,,,,,,,,,,,,,,,,,,,,,,,,,,,,,,,,,,,,,,,,,,,,,,,,,,,,,,,,,,,,,,,,,,,,,,,,,,,,,,,,,,,,,,,,,,,,,,,,,,,,,,,,,,,,,,,,,,,,,,,,
2026041317,,,,,,,,,,,,,,,,,,,,,,,,,,,,,,,,,0.0,,,,,,,,,,,,,,,,,,,,,,,,,,,,,,,,,,,,,,,,,,,,,,,,,,,,,,,,,,,,,,,,,,,,,,,,,,,,,,,,,,,,,,,,,,,,,,,,,,,,,,,,,,,,,,,,,,,,,,,,,,,,,,,,,,,,,,,,,,,,,,,,,,,,,,,,,,,,,,,,,,,,,,,,,,,,,,,,,,,,,,,,,,,,,,,,,,,,,,,,,,,,,,,,,,,,,,,,,,,,,,,,,,,,,,,,,,,,,,,,,,,,,,,,,,,,,,,,,,,,,,,,,,,,,,,,,,,,,,,,,,,,,,,,,,,,,,,,,,,,,,,,,,,,,,,,,,,,,,,,,,,,,,,,,,,,,,,,,,,,,,,,,,,,,,,,,,,,,,,,,,,,,,,,,,,,,,,,,,,,,,,,,,,,,,,,,,,,,,,,,,,,,,,,,,,,,,,,,,,,,,,,,,,,,,,,,,,,,,,,,,,,,,,,,,,,,,,,,,,,,,,,,,,,,,,,,,,,,,,,,,,,,,,,,,,,,,,,,,,,,,,,,,,,,,,,,,,,,,,,,,,,,,,,,,,,,,,,,,,,,,,,,,,,,,,,,,,,
2026041318,,,,,,,,,,,,,,,,,,,,,,,23.0,,,,,,,,,,0.0,,,,,,,,,,,,,,,,,,,,,,,,,,,,,,,,,,,,,,,,,,,,,,,,,,,,,,,,,,,,,,,,,,0.0,,,,,,,,,,,,,,,,,,,,,,18.0,,,,,,,,,,,,,,,,,,,,,,,,,,,,,,,,,,,,,,,,,,284.5,,,,,,,,,,,,,,,,,,,0.008,,,,,,,,,,,,,,,,,,0.018,,,,,,,,,,,,,,,,,,0.003,0.0,0.0,0.0,0.0,0.0,0.0,0.0,5.0,1.0,1.0,1.0,1.0,0.0,0.0,0.0,0.0,0.0,0.03,,,,,,,,,,,,,,,,,,11.0,16.0,,,,,,,,,,,12.0,13.0,12.0,15.0,17.0,19.0,19.0,0.0,0.0,0.0,0.0,0.0,15.6,,272.39,2.05,,286.0,1.0,,0.0,,,,,,,,,,,,,,,,,,,,,,,,,0.0,0.0,0.0,0.0,0.0,0.0,0.0,0.0,0.0,0.0,0.0,0.0,0.0,0.0,,,,,,,,,,,,,9.2,,,,,,,,,,,,,,,,,,,,,,,,,,,,,,4.6,,,,,,,,,,,,,,,,,,,,,,,2.6,,,,,,,,,4.0,,,,,,,68.0,,1512.0,,13.2,0.0,9.6,0.0,,43.0,6.3,1.9,3.2,1.5,7.0,8.8,11.0,12.6,1352.0,960.0,1128.0,824.0,1288.0,1576.0,1752.0,1824.0,,,43.0,22.0,,,,,,,284.61,3.87,,,,,,,,,,,,,,,,,,,,,,,,,,,,,,,,,,,,,,,,,,,,,,,,,,,,,,,,,,,,,9.999e+20,,,100.0,4.6,,,,,,0.0,,,,,,,6304.0,270.0,270.0,270.0,,282.1,,,,,,,,,,,,,,,,,,,,,,,,,,,,,1.7,,,,,,,,,,,,,,,,,,,,,,,1.12,,,,,,,,,2.1,2.5,
2026041319,,,,,,,,,,,,,,,,,,,,,,,,,,,,,,,,,0.0,,,,,,,,,,,,,,,,,,,,,,,,,,,,,,,,,,,,,,,,,,,,,,,,,,,,,,,,,,,,,,,,,,,,,,,,,,,,,,,,,,,,,,,,,,,,,,,,,,,,,,,,,,,,,,,,,,,,,,,,,,,,,,,,,,,,,,,,,,,,,,,,,,,,,,,,,,,,,,,,,,,,,,,,,,,,,,,,,,,,,,,,,,,,,,,,,,,,,,,,,,,,,,,,,,,,,,,,,,,,,,,,,,,,,,,,,,,,,,,,,,,,,,,,,,,,,,,,,,,,,,,,,,,,,,,,,,,,,,,,,,,,,,,,,,,,,,,,,,,,,,,,,,,,,,,,,,,,,,,,,,,,,,,,,,,,,,,,,,,,,,,,,,,,,,,,,,,,,,,,,,,,,,,,,,,,,,,,,,,,,,,,,,,,,,,,,,,,,,,,,,,,,,,,,,,,,,,,,,,,,,,,,,,,,,,,,,,,,,,,,,,,,,,,,,,,,,,,,,,,,,,,,,,,,,,,,,,,,,,,,,,,,,,,,,,,,,,,,,,,,,,,,,,,,,,,,,,,,,,,,,,,,,,,,,,,,,,,,,,,,,,,,,,,,,,,,,,,
2026041320,,,,,,,,,,,,,,,,,,,,,,,,,,,,,,,,,0.0,,,,,,,,,,,,,,,,,,,,,,,,,,,,,,,,,,,,,,,,,,,,,,,,,,,,,,,,,,,,,,,,,,,,,,,,,,,,,,,,,,,,,,,,,,,,,,,,,,,,,,,,,,,,,,,,,,,,,,,,,,,,,,,,,,,,,,,,,,,,,,,,,,,,,,,,,,,,,,,,,,,,,,,,,,,,,,,,,,,,,,,,,,,,,,,,,,,,,,,,,,,,,,,,,,,,,,,,,,,,,,,,,,,,,,,,,,,,,,,,,,,,,,,,,,,,,,,,,,,,,,,,,,,,,,,,,,,,,,,,,,,,,,,,,,,,,,,,,,,,,,,,,,,,,,,,,,,,,,,,,,,,,,,,,,,,,,,,,,,,,,,,,,,,,,,,,,,,,,,,,,,,,,,,,,,,,,,,,,,,,,,,,,,,,,,,,,,,,,,,,,,,,,,,,,,,,,,,,,,,,,,,,,,,,,,,,,,,,,,,,,,,,,,,,,,,,,,,,,,,,,,,,,,,,,,,,,,,,,,,,,,,,,,,,,,,,,,,,,,,,,,,,,,,,,,,,,,,,,,,,,,,,,,,,,,,,,,,,,,,,,,,,,,,,,,,,,,,
2026041321,,,,,,,,,,,,,,,,,,,,,,,,,,,,,,,,,0.0,,,,,,,,,,,,,,,,,,,,,,,,,,,,,,,,,,,,,,,,,,,,,,,,,,,,,,,,,,,,,,,,,,,,,,,,,,,,,,,,,,,,,,,,,,,,,,,,,,,,,,,,,,,,,,,,,,,,,,,,,,,,,,,,,,,,,,,,,,,,,,,,,,,,,,,,,,,,,,,,,,,,,,,,,,,,,,,,,,,,,,,,,,,,,,,,,,,,,,,,,,,,,,,,,,,,,,,,,,,,,,,,,,,,,,,,,,,,,,,,,,,,,,,,,,,,,,,,,,,,,,,,,,,,,,,,,,,,,,,,,,,,,,,,,,,,,,,,,,,,,,,,,,,,,,,,,,,,,,,,,,,,,,,,,,,,,,,,,,,,,,,,,,,,,,,,,,,,,,,,,,,,,,,,,,,,,,,,,,,,,,,,,,,,,,,,,,,,,,,,,,,,,,,,,,,,,,,,,,,,,,,,,,,,,,,,,,,,,,,,,,,,,,,,,,,,,,,,,,,,,,,,,,,,,,,,,,,,,,,,,,,,,,,,,,,,,,,,,,,,,,,,,,,,,,,,,,,,,,,,,,,,,,,,,,,,,,,,,,,,,,,,,,,,,,,,,,,,
