ValidTime,APCP12hr_surface,APCP12hr_surface_1% level,APCP12hr_surface_10% level,APCP12hr_surface_15% level,APCP12hr_surface_20% level,APCP12hr_surface_25% level,APCP12hr_surface_30% level,APCP12hr_surface_35% level,APCP12hr_surface_40% level,APCP12hr_surface_45% level,APCP12hr_surface_5% level,APCP12hr_surface_50% level,APCP12hr_surface_55% level,APCP12hr_surface_60% level,APCP12hr_surface_65% level,APCP12hr_surface_70% level,APCP12hr_surface_75% level,APCP12hr_surface_80% level,APCP12hr_surface_85% level,APCP12hr_surface_90% level,APCP12hr_surface_95% level,APCP12hr_surface_99% level,APCP12hr_surface_prob >0.254,APCP12hr_surface_prob >101.6,APCP12hr_surface_prob >12.7,APCP12hr_surface_prob >127,APCP12hr_surface_prob >19.05,APCP12hr_surface_prob >2.54,APCP12hr_surface_prob >25.4,APCP12hr_surface_prob >50.8,APCP12hr_surface_prob >6.35,APCP12hr_surface_prob >76.2,APCP1hr_surface,APCP1hr_surface_prob >0.254,APCP24hr_surface,APCP24hr_surface_1% level,APCP24hr_surface_10% level,APCP24hr_surface_15% level,APCP24hr_surface_20% level,APCP24hr_surface_25% level,APCP24hr_surface_30% level,APCP24hr_surface_35% level,APCP24hr_surface_40% level,APCP24hr_surface_45% level,APCP24hr_surface_5% level,APCP24hr_surface_50% level,APCP24hr_surface_55% level,APCP24hr_surface_60% level,APCP24hr_surface_65% level,APCP24hr_surface_70% level,APCP24hr_surface_75% level,APCP24hr_surface_80% level,APCP24hr_surface_85% level,APCP24hr_surface_90% level,APCP24hr_surface_95% level,APCP24hr_surface_99% level,APCP24hr_surface_prob >0.254,APCP24hr_surface_prob >101.6,APCP24hr_surface_prob >12.7,APCP24hr_surface_prob >127,APCP24hr_surface_prob >152.4,APCP24hr_surface_prob >203.2,APCP24hr_surface_prob >25.4,APCP24hr_surface_prob >50.8,APCP24hr_surface_prob >6.35,APCP24hr_surface_prob >76.2,APCP48hr_surface,APCP48hr_surface_1% level,APCP48hr_surface_10% level,APCP48hr_surface_15% level,APCP48hr_surface_20% level,APCP48hr_surface_25% level,APCP48hr_surface_30% level,APCP48hr_surface_35% level,APCP48hr_surface_40% level,APCP48hr_surface_45% level,APCP48hr_surface_5% level,APCP48hr_surface_50% level,APCP48hr_surface_55% level,APCP48hr_surface_60% level,APCP48hr_surface_65% level,APCP48hr_surface_70% level,APCP48hr_surface_75% level,APCP48hr_surface_80% level,APCP48hr_surface_85% level,APCP48hr_surface_90% level,APCP48hr_surface_95% level,APCP48hr_surface_99% level,APCP48hr_surface_prob >12.7,APCP48hr_surface_prob >127,APCP48hr_surface_prob >2.54,APCP48hr_surface_prob >203.2,APCP48hr_surface_prob >25.4,APCP48hr_surface_prob >254,APCP48hr_surface_prob >304.8,APCP48hr_surface_prob >381,APCP48hr_surface_prob >50.8,APCP48hr_surface_prob >76.2,APCP6hr_surface,APCP6hr_surface_1% level,APCP6hr_surface_10% level,APCP6hr_surface_15% level,APCP6hr_surface_20% level,APCP6hr_surface_25% level,APCP6hr_surface_30% level,APCP6hr_surface_35% level,APCP6hr_surface_40% level,APCP6hr_surface_45% level,APCP6hr_surface_5% level,APCP6hr_surface_50% level,APCP6hr_surface_55% level,APCP6hr_surface_60% level,APCP6hr_surface_65% level,APCP6hr_surface_70% level,APCP6hr_surface_75% level,APCP6hr_surface_80% level,APCP6hr_surface_85% level,APCP6hr_surface_90% level,APCP6hr_surface_95% level,APCP6hr_surface_99% level,APCP6hr_surface_prob >0.254,APCP6hr_surface_prob >12.7,APCP6hr_surface_prob >19.05,APCP6hr_surface_prob >2.54,APCP6hr_surface_prob >25.4,APCP6hr_surface_prob >38.1,APCP6hr_surface_prob >50.8,APCP6hr_surface_prob >6.35,APCP6hr_surface_prob >63.5,APCP6hr_surface_prob >76.2,APCP72hr_surface,APCP72hr_surface_1% level,APCP72hr_surface_10% level,APCP72hr_surface_15% level,APCP72hr_surface_20% level,APCP72hr_surface_25% level,APCP72hr_surface_30% level,APCP72hr_surface_35% level,APCP72hr_surface_40% level,APCP72hr_surface_45% level,APCP72hr_surface_5% level,APCP72hr_surface_50% level,APCP72hr_surface_55% level,APCP72hr_surface_60% level,APCP72hr_surface_65% level,APCP72hr_surface_70% level,APCP72hr_surface_75% level,APCP72hr_surface_80% level,APCP72hr_surface_85% level,APCP72hr_surface_90% level,APCP72hr_surface_95% level,APCP72hr_surface_99% level,APCP72hr_surface_prob >127,APCP72hr_surface_prob >203.2,APCP72hr_surface_prob >25.4,APCP72hr_surface_prob >254,APCP72hr_surface_prob >381,APCP72hr_surface_prob >50.8,APCP72hr_surface_prob >508,APCP72hr_surface_prob >6.35,APCP72hr_surface_prob >635,APCP72hr_surface_prob >76.2,APTMP_2 m above ground,ASNOW1hr_surface,ASNOW1hr_surface_10% level,ASNOW1hr_surface_25% level,ASNOW1hr_surface_5% level,ASNOW1hr_surface_50% level,ASNOW1hr_surface_75% level,ASNOW1hr_surface_90% level,ASNOW1hr_surface_95% level,ASNOW1hr_surface_prob >0.00254,ASNOW1hr_surface_prob >0.00762,ASNOW1hr_surface_prob >0.0127,ASNOW1hr_surface_prob >0.01778,ASNOW1hr_surface_prob >0.0254,ASNOW1hr_surface_prob >0.0381,ASNOW1hr_surface_prob >0.0508,ASNOW1hr_surface_prob >0.0635,ASNOW1hr_surface_prob >0.0762,ASNOW1hr_surface_prob >0.1016,ASNOW24hr_surface,ASNOW24hr_surface_10% level,ASNOW24hr_surface_25% level,ASNOW24hr_surface_5% level,ASNOW24hr_surface_50% level,ASNOW24hr_surface_75% level,ASNOW24hr_surface_90% level,ASNOW24hr_surface_95% level,ASNOW24hr_surface_prob >0.00254,ASNOW24hr_surface_prob >0.0254,ASNOW24hr_surface_prob >0.0508,ASNOW24hr_surface_prob >0.1016,ASNOW24hr_surface_prob >0.1524,ASNOW24hr_surface_prob >0.2032,ASNOW24hr_surface_prob >0.254,ASNOW24hr_surface_prob >0.3048,ASNOW24hr_surface_prob >0.4572,ASNOW24hr_surface_prob >0.6096,ASNOW48hr_surface,ASNOW48hr_surface_10% level,ASNOW48hr_surface_25% level,ASNOW48hr_surface_5% level,ASNOW48hr_surface_50% level,ASNOW48hr_surface_75% level,ASNOW48hr_surface_90% level,ASNOW48hr_surface_95% level,ASNOW48hr_surface_prob >0.0254,ASNOW48hr_surface_prob >0.0508,ASNOW48hr_surface_prob >0.1016,ASNOW48hr_surface_prob >0.1524,ASNOW48hr_surface_prob >0.2032,ASNOW48hr_surface_prob >0.3048,ASNOW48hr_surface_prob >0.4572,ASNOW48hr_surface_prob >0.6096,ASNOW48hr_surface_prob >0.762,ASNOW48hr_surface_prob >0.9144,ASNOW6hr_surface,ASNOW6hr_surface_10% level,ASNOW6hr_surface_25% level,ASNOW6hr_surface_5% level,ASNOW6hr_surface_50% level,ASNOW6hr_surface_75% level,ASNOW6hr_surface_90% level,ASNOW6hr_surface_95% level,ASNOW6hr_surface_prob >0.00254,ASNOW6hr_surface_prob >0.0254,ASNOW6hr_surface_prob >0.0508,ASNOW6hr_surface_prob >0.0762,ASNOW6hr_surface_prob >0.1016,ASNOW6hr_surface_prob >0.127,ASNOW6hr_surface_prob >0.1524,ASNOW6hr_surface_prob >0.2032,ASNOW6hr_surface_prob >0.254,ASNOW6hr_surface_prob >0.3048,ASNOW72hr_surface,ASNOW72hr_surface_10% level,ASNOW72hr_surface_25% level,ASNOW72hr_surface_5% level,ASNOW72hr_surface_50% level,ASNOW72hr_surface_75% level,ASNOW72hr_surface_90% level,ASNOW72hr_surface_95% level,ASNOW72hr_surface_prob >0.0254,ASNOW72hr_surface_prob >0.1016,ASNOW72hr_surface_prob >0.1524,ASNOW72hr_surface_prob >0.2032,ASNOW72hr_surface_prob >0.3048,ASNOW72hr_surface_prob >0.4572,ASNOW72hr_surface_prob >0.6096,ASNOW72hr_surface_prob >0.762,ASNOW72hr_surface_prob >0.9144,ASNOW72hr_surface_prob >1.219,CAPE_surface,CAPE_surface_ens std dev,CDCB_high cloud layer,CDCB_reserved,CDCTOP_reserved,CEIL_cloud base,CEIL_cloud ceiling,CEIL_cloud ceiling_prob <152.4,CEIL_cloud ceiling_prob <2011.68,CEIL_cloud ceiling_prob <304.8,CEIL_cloud ceiling_prob <609.6,CEIL_cloud ceiling_prob <914.5,CWASP_surface_10% level,CWASP_surface_25% level,CWASP_surface_5% level,CWASP_surface_50% level,CWASP_surface_75% level,CWASP_surface_90% level,CWASP_surface_95% level,CWASP_surface_prob >50,CWASP_surface_prob >65,CWASP_surface_prob >70,CWASP_surface_prob >75,CWASP_surface_prob >85,CWASP_surface_unknown derived fcst,DIST_surface - 610 m above ground,DPT_2 m above ground,DPT_2 m above ground_ens std dev,DRYTPROB3hr_surface_prob >0,DSWRF_surface,ELLINX_400-300 mb,FICEAC1hr_surface,FICEAC24hr_surface,FICEAC24hr_surface_10% level,FICEAC24hr_surface_25% level,FICEAC24hr_surface_5% level,FICEAC24hr_surface_50% level,FICEAC24hr_surface_75% level,FICEAC24hr_surface_90% level,FICEAC24hr_surface_95% level,FICEAC24hr_surface_prob >0.254,FICEAC24hr_surface_prob >12.7,FICEAC24hr_surface_prob >2.54,FICEAC24hr_surface_prob >25.4,FICEAC24hr_surface_prob >6.35,FICEAC48hr_surface_10% level,FICEAC48hr_surface_25% level,FICEAC48hr_surface_5% level,FICEAC48hr_surface_50% level,FICEAC48hr_surface_75% level,FICEAC48hr_surface_90% level,FICEAC48hr_surface_95% level,FICEAC48hr_surface_prob >0.254,FICEAC48hr_surface_prob >12.7,FICEAC48hr_surface_prob >2.54,FICEAC48hr_surface_prob >25.4,FICEAC48hr_surface_prob >6.35,FICEAC6hr_surface,FICEAC6hr_surface_10% level,FICEAC6hr_surface_25% level,FICEAC6hr_surface_5% level,FICEAC6hr_surface_50% level,FICEAC6hr_surface_75% level,FICEAC6hr_surface_90% level,FICEAC6hr_surface_95% level,FICEAC6hr_surface_prob >0.254,FICEAC6hr_surface_prob >12.7,FICEAC6hr_surface_prob >2.54,FICEAC6hr_surface_prob >25.4,FICEAC6hr_surface_prob >6.35,FICEAC72hr_surface,FICEAC72hr_surface_10% level,FICEAC72hr_surface_25% level,FICEAC72hr_surface_5% level,FICEAC72hr_surface_50% level,FICEAC72hr_surface_75% level,FICEAC72hr_surface_90% level,FICEAC72hr_surface_95% level,FICEAC72hr_surface_prob >0.254,FICEAC72hr_surface_prob >12.7,FICEAC72hr_surface_prob >2.54,FICEAC72hr_surface_prob >25.4,FICEAC72hr_surface_prob >6.35,FOSINDX6hr_surface,FRZSPR_surface,GUST24hr_10 m above ground,GUST24hr_10 m above ground_1% level,GUST24hr_10 m above ground_10% level,GUST24hr_10 m above ground_15% level,GUST24hr_10 m above ground_20% level,GUST24hr_10 m above ground_25% level,GUST24hr_10 m above ground_30% level,GUST24hr_10 m above ground_35% level,GUST24hr_10 m above ground_40% level,GUST24hr_10 m above ground_45% level,GUST24hr_10 m above ground_5% level,GUST24hr_10 m above ground_50% level,GUST24hr_10 m above ground_55% level,GUST24hr_10 m above ground_60% level,GUST24hr_10 m above ground_65% level,GUST24hr_10 m above ground_70% level,GUST24hr_10 m above ground_75% level,GUST24hr_10 m above ground_80% level,GUST24hr_10 m above ground_85% level,GUST24hr_10 m above ground_90% level,GUST24hr_10 m above ground_95% level,GUST24hr_10 m above ground_99% level,GUST24hr_10 m above ground_prob >11,GUST24hr_10 m above ground_prob >17,GUST24hr_10 m above ground_prob >21,GUST24hr_10 m above ground_prob >24,GUST24hr_10 m above ground_prob >28,GUST24hr_10 m above ground_prob >32,GUST_10 m above ground,GUST_10 m above ground_1% level,GUST_10 m above ground_10% level,GUST_10 m above ground_15% level,GUST_10 m above ground_20% level,GUST_10 m above ground_25% level,GUST_10 m above ground_30% level,GUST_10 m above ground_35% level,GUST_10 m above ground_40% level,GUST_10 m above ground_45% level,GUST_10 m above ground_5% level,GUST_10 m above ground_50% level,GUST_10 m above ground_55% level,GUST_10 m above ground_60% level,GUST_10 m above ground_65% level,GUST_10 m above ground_70% level,GUST_10 m above ground_75% level,GUST_10 m above ground_80% level,GUST_10 m above ground_85% level,GUST_10 m above ground_90% level,GUST_10 m above ground_95% level,GUST_10 m above ground_99% level,GUST_10 m above ground_ens mean,GUST_10 m above ground_ens std dev,GUST_10 m above ground_prob >11,GUST_10 m above ground_prob >15,GUST_10 m above ground_prob >17,GUST_10 m above ground_prob >21,GUST_10 m above ground_prob >24,GUST_10 m above ground_prob >28,GUST_10 m above ground_prob >32,GUST_10 m above ground_prob >8,HINDEX6hr_entire atmosphere (considered as a single layer),HTSGW_surface,HTSGW_surface_10% level,HTSGW_surface_50% level,HTSGW_surface_90% level,HTSGW_surface_ens std dev,MAXREF1hr_1000 m above ground,MAXRH12hr_2 m above ground,MINRH12hr_2 m above ground,MIXHT_entire atmosphere (considered as a single layer),PCPDUR12hr_surface,PTYPE_surface_prob >=1 <2,PTYPE_surface_prob >=3 <4,PTYPE_surface_prob >=5 <7,PTYPE_surface_prob >=8 <9,RETOP_cloud top,RH_2 m above ground,SNOWLR_surface,SNOWLR_surface_10% level,SNOWLR_surface_25% level,SNOWLR_surface_5% level,SNOWLR_surface_50% level,SNOWLR_surface_75% level,SNOWLR_surface_90% level,SNOWLR_surface_95% level,SNOWLVL_0 m above mean sea level,SNOWLVL_surface_10% level,SNOWLVL_surface_25% level,SNOWLVL_surface_5% level,SNOWLVL_surface_50% level,SNOWLVL_surface_75% level,SNOWLVL_surface_90% level,SNOWLVL_surface_95% level,TCDC_high cloud layer,TCDC_reserved,TCDC_surface,TCDC_surface_ens std dev,THUNC1hr_entire atmosphere,TMAX12hr_2 m above ground,TMAX12hr_2 m above ground_ens std dev,TMIN12hr_2 m above ground,TMIN12hr_2 m above ground_ens std dev,TMP18hr_2 m above ground,TMP_2 m above ground,TMP_2 m above ground_ens std dev,TMP_Max_2 m above ground,TMP_Max_2 m above ground_1% level,TMP_Max_2 m above ground_10% level,TMP_Max_2 m above ground_15% level,TMP_Max_2 m above ground_20% level,TMP_Max_2 m above ground_25% level,TMP_Max_2 m above ground_30% level,TMP_Max_2 m above ground_35% level,TMP_Max_2 m above ground_40% level,TMP_Max_2 m above ground_45% level,TMP_Max_2 m above ground_5% level,TMP_Max_2 m above ground_50% level,TMP_Max_2 m above ground_55% level,TMP_Max_2 m above ground_60% level,TMP_Max_2 m above ground_65% level,TMP_Max_2 m above ground_70% level,TMP_Max_2 m above ground_75% level,TMP_Max_2 m above ground_80% level,TMP_Max_2 m above ground_85% level,TMP_Max_2 m above ground_90% level,TMP_Max_2 m above ground_95% level,TMP_Max_2 m above ground_99% level,TMP_Max_2 m above ground_prob <255,TMP_Max_2 m above ground_prob <270,TMP_Max_2 m above ground_prob <273,TMP_Max_2 m above ground_prob >299,TMP_Max_2 m above ground_prob >305,TMP_Max_2 m above ground_prob >310,TMP_Max_2 m above ground_prob >316,TMP_Max_2 m above ground_prob >322,TMP_Min_2 m above ground,TMP_Min_2 m above ground_1% level,TMP_Min_2 m above ground_10% level,TMP_Min_2 m above ground_15% level,TMP_Min_2 m above ground_20% level,TMP_Min_2 m above ground_25% level,TMP_Min_2 m above ground_30% level,TMP_Min_2 m above ground_35% level,TMP_Min_2 m above ground_40% level,TMP_Min_2 m above ground_45% level,TMP_Min_2 m above ground_5% level,TMP_Min_2 m above ground_50% level,TMP_Min_2 m above ground_55% level,TMP_Min_2 m above ground_60% level,TMP_Min_2 m above ground_65% level,TMP_Min_2 m above ground_70% level,TMP_Min_2 m above ground_75% level,TMP_Min_2 m above ground_80% level,TMP_Min_2 m above ground_85% level,TMP_Min_2 m above ground_90% level,TMP_Min_2 m above ground_95% level,TMP_Min_2 m above ground_99% level,TMP_Min_2 m above ground_prob <233,TMP_Min_2 m above ground_prob <244,TMP_Min_2 m above ground_prob <249,TMP_Min_2 m above ground_prob <255,TMP_Min_2 m above ground_prob <260,TMP_Min_2 m above ground_prob <270,TMP_Min_2 m above ground_prob <273,TMP_Min_2 m above ground_prob >299,TMP_surface,TPWDIR_10 m above ground,TPWSPD_10 m above ground,TRWDIR_entire atmosphere (considered as a single layer),TRWSPD_entire atmosphere (considered as a single layer),TSRWE24hr_surface_prob >7.35e-05,TSTM12hr_surface_probability forecast,TSTM1hr_surface_probability forecast,TSTM3hr_surface_probability forecast,TSTM6hr_surface_probability forecast,TURB_surface - 1372 m above ground,VIL_entire atmosphere,VIS_surface,VIS_surface_prob <1609.34,VIS_surface_prob <3218.69,VIS_surface_prob <4828.03,VIS_surface_prob <8046.73,VRATE_entire atmosphere (considered as a single layer),WDIR_10 m above ground,WDIR_30 m above ground,WDIR_80 m above ground,WDIR_surface - 610 m above ground,WETGLBT_surface,WIND24hr_10 m above ground,WIND24hr_10 m above ground_1% level,WIND24hr_10 m above ground_10% level,WIND24hr_10 m above ground_15% level,WIND24hr_10 m above ground_20% level,WIND24hr_10 m above ground_25% level,WIND24hr_10 m above ground_30% level,WIND24hr_10 m above ground_35% level,WIND24hr_10 m above ground_40% level,WIND24hr_10 m above ground_45% level,WIND24hr_10 m above ground_5% level,WIND24hr_10 m above ground_50% level,WIND24hr_10 m above ground_55% level,WIND24hr_10 m above ground_60% level,WIND24hr_10 m above ground_65% level,WIND24hr_10 m above ground_70% level,WIND24hr_10 m above ground_75% level,WIND24hr_10 m above ground_80% level,WIND24hr_10 m above ground_85% level,WIND24hr_10 m above ground_90% level,WIND24hr_10 m above ground_95% level,WIND24hr_10 m above ground_99% level,WIND24hr_10 m above ground_prob >11,WIND24hr_10 m above ground_prob >17,WIND24hr_10 m above ground_prob >24,WIND24hr_10 m above ground_prob >32,WIND24hr_10 m above ground_prob >5,WIND24hr_10 m above ground_prob >8,WIND_10 m above ground,WIND_10 m above ground_1% level,WIND_10 m above ground_10% level,WIND_10 m above ground_15% level,WIND_10 m above ground_20% level,WIND_10 m above ground_25% level,WIND_10 m above ground_30% level,WIND_10 m above ground_35% level,WIND_10 m above ground_40% level,WIND_10 m above ground_45% level,WIND_10 m above ground_5% level,WIND_10 m above ground_50% level,WIND_10 m above ground_55% level,WIND_10 m above ground_60% level,WIND_10 m above ground_65% level,WIND_10 m above ground_70% level,WIND_10 m above ground_75% level,WIND_10 m above ground_80% level,WIND_10 m above ground_85% level,WIND_10 m above ground_90% level,WIND_10 m above ground_95% level,WIND_10 m above ground_99% level,WIND_10 m above ground_ens mean,WIND_10 m above ground_ens std dev,WIND_10 m above ground_prob >11,WIND_10 m above ground_prob >15,WIND_10 m above ground_prob >17,WIND_10 m above ground_prob >24,WIND_10 m above ground_prob >3,WIND_10 m above ground_prob >32,WIND_10 m above ground_prob >5,WIND_10 m above ground_prob >8,WIND_30 m above ground,WIND_80 m above ground,WIND_surface - 610 m above ground
2026040219,,,,,,,,,,,,,,,,,,,,,,,,,,,,,,,,,0.141,,,,,,,,,,,,,,,,,,,,,,,,,,,,,,,,,,,,,,,,,,,,,,,,,,,,,,,,,,,,,,,,,,,,,,,,,,,,,,,,,,,,,,,,,,,,,,,,,,,,,,,,,,,,,,,,,,,,,,,,,,,,,,,,,,,,,,,,,,,,,,,,,,,,,,,,,,,,,,,,,,,,,,,,,,,,,,,,,,,,,,,,,,,,,,,,,,,,,,,,,,,,,,,,,,,,,,,,,,,,,,,,,,,,,,,,,,,,,,,,,,,,,,,,,,,,,,,,,,,,,,,,,,,,,,,,,,,,,,,,,,,,,,,,,,,,,,,,,,,,,,,,,,,,,,,,,,,,,,,,,,,,,,,,,,,,,,,8.0,10.4,11.2,11.6,12.0,12.0159,12.0918,12.1454,12.6462,9.2,12.7097,12.7837,13.2594,13.4467,13.5076,13.9612,14.11,14.8884,15.362,16.3128,17.4546,12.9676,2.03918,82.0,8.0,1.0,0.0,0.0,0.0,0.0,97.0,,,,,,,,,,,,,,,,,,,,,,,,,,,,,,,,,,,,,,,,,,,,,,,,,,,,,,,,,,,,,,,,,,,,,,,,,,,,,,,,,,,,,,,,,,,,,,,,,,,,,,,,,,,,,,,,,,,,,,,,,,,,,,,,,,,,,,,,,,,,,,,,,,,,,,,,,,,,,,2.8,4.4,4.4,4.8,5.2,5.2,5.6,5.6,5.6,4.0,6.0,6.0,6.0,6.0,6.0,6.4,6.4,6.4,6.8,7.01616,7.97826,5.62461,0.884599,0.0,0.0,0.0,0.0,96.0,0.0,58.0,0.0,,,
2026040220,,,,,,,,,,,,,,,,,,,,,,,,,,,,,,,,,0.13,,,,,,,,,,,,,,,,,,,,,,,,,,,,,,,,,,,,,,,,,,,,,,,,,,,,,,,,,,,,,,,,,,,,,,,,,,,,,,,,,,,,,,,,,,,,,,,,,,,,,,,,,,,,,,,,,,,,,,,,,,,,,,,,,,,,,,,,,,,,,,,,,,,,,,,,,,,,,,,,,,,,,,,,,,,,,,,,,,,,,,,,,,,,,,,,,,,,,,,,,,,,,,,,,,,,,,,,,,,,,,,,,,,,,,,,,,,,,,,,,,,,,,,,,,,,,,,,,,,,,,,,,,,,,,,,,,,,,,,,,,,,,,,,,,,,,,,,,,,,,,,,,,,,,,,,,,,,,,,,,,,,,,,,,,,,,,,8.0,10.0,10.2073,10.3201,10.3622,10.8477,10.9772,11.4801,11.63,9.2,12.1616,12.7039,12.795,13.2751,13.3444,13.4644,14.017,14.599,15.256,16.019,17.2876,12.4596,2.0258,64.0,7.0,0.0,0.0,0.0,0.0,0.0,96.0,,,,,,,,,,,,,,,,,,,,,,,,,,,,,,,,,,,,,,,,,,,,,,,,,,,,,,,,,,,,,,,,,,,,,,,,,,,,,,,,,,,,,,,,,,,,,,,,,,,,,,,,,,,,,,,,,,,,,,,,,,,,,,,,,,,,,,,,,,,,,,,,,,,,,,,,,,,,,,2.8,4.4,4.4,4.8,4.8,5.2,5.6,5.6,5.6,3.6,5.6,6.0,6.0,6.0,6.0,6.0,6.4,6.55805,6.79275,7.30358,7.83905,5.70834,0.948728,0.0,0.0,0.0,0.0,96.0,0.0,56.0,0.0,,,
2026040221,,,,,,,,,,,,,,,,,,,,,,,,,,,,,,,,,0.146,,,,,,,,,,,,,,,,,,,,,,,,,,,,,,,,,,,,,,,,,,,,,,,,,,,,,,,,,,,,,,,,,,,,,,,,,,,,,,,,,,,,,,,,,,,,,,,,,,,,,,,,,,,,,,,,,,,,,,,,,,,,,,,,,,,,,,,,,,,,,,,,,,,,,,,,,,,,,,,,,,,,,,,,,,,,,,,,,,,,,,,,,,,,,,,,,,,,,,,,,,,,,,,,,,,,,,,,,,,,,,,,,,,,,,,,,,,,,,,,,,,,,,,,,,,,,,,,,,,,,,,,,,,,,,,,,,,,,,,,,,,,,,,,,,,,,,,,,,,,,,,,,,,,,,,,,,,,,,,,,,,,,,,,,,,,,,,8.0,8.8,8.8,9.2,9.61996,10.4916,11.098,11.1878,11.7009,8.8,12.6034,12.7272,12.8399,13.3185,13.5151,13.68,13.8833,14.5751,14.9383,16.0291,17.6433,12.0785,2.45533,60.0,7.0,2.0,0.0,0.0,0.0,0.0,93.0,,,,,,,,,,,,,,,,,,,,,,,,,,,,,,,,,,,,,,,,,,,,,,,,,,,,,,,,,,,,,,,,,,,,,,,,,,,,,,,,,,,,,,,,,,,,,,,,,,,,,,,,,,,,,,,,,,,,,,,,,,,,,,,,,,,,,,,,,,,,,,,,,,,,,,,,,,,,,,2.8,4.0,4.4,4.4,4.8,4.8,5.2,5.2,5.2,3.6,5.2,5.6,5.6,5.6,5.6,6.0,6.0,6.42265,6.50018,7.11287,7.71654,5.2385,0.914186,0.0,0.0,0.0,0.0,94.0,0.0,34.0,0.0,,,
2026040222,,,,,,,,,,,,,,,,,,,,,,,,,,,,,,,,,0.163,,,,,,,,,,,,,,,,,,,,,,,,,,,,,,,,,,,,,,,,,,,,,,,,,,,,,,,,,,,,,,,,,,,,,,,,,,,,,,,,,,,,,,,,,,,,,,,,,,,,,,,,,,,,,,,,,,,,,,,,,,,,,,,,,,,,,,,,,,,,,,,,,,,,,,,,,,,,,,,,,,,,,,,,,,,,,,,,,,,,,,,,,,,,,,,,,,,,,,,,,,,,,,,,,,,,,,,,,,,,,,,,,,,,,,,,,,,,,,,,,,,,,,,,,,,,,,,,,,,,,,,,,,,,,,,,,,,,,,,,,,,,,,,,,,,,,,,,,,,,,,,,,,,,,,,,,,,,,,,,,,,,,,,,,,,,,,,8.4,8.8,9.2,9.2,9.6,10.4,11.0639,11.5566,12.0061,8.8,12.4963,12.6302,13.1517,13.2354,13.3257,13.8305,13.886,14.5035,14.8327,15.8447,17.7805,11.9554,2.48206,64.0,8.0,2.0,0.0,0.0,0.0,0.0,93.0,,,,,,,,,,,,,,,,,,,,,,,,,,,,,,,,,,,,,,,,,,,,,,,,,,,,,,,,,,,,,,,,,,,,,,,,,,,,,,,,,,,,,,,,,,,,,,,,,,,,,,,,,,,,,,,,,,,,,,,,,,,,,,,,,,,,,,,,,,,,,,,,,,,,,,,,,,,,,,3.2,4.0,4.4,4.4,4.4,4.8,4.8,4.8,5.2,3.6,5.2,5.2,5.2,5.2,5.6,5.6,5.6,6.0,6.0,6.4,7.41008,5.20708,0.842439,0.0,0.0,0.0,0.0,93.0,0.0,22.0,0.0,,,
2026040223,,,,,,,,,,,,,,,,,,,,,,,,,,,,,,,,,0.122,,,,,,,,,,,,,,,,,,,,,,,,,,,,,,,,,,,,,,,,,,,,,,,,,,,,,,,,,,,,,,,,,,,,,,,,,,,,,,,,,,,,,,,,,,,,,,,,,,,,,,,,,,,,,,,,,,,,,,,,,,,,,,,,,,,,,,,,,,,,,,,,,,,,,,,,,,,,,,,,,,,,,,,,,,,,,,,,,,,,,,,,,,,,,,,,,,,,,,,,,,,,,,,,,,,,,,,,,,,,,,,,,,,,,,,,,,,,,,,,,,,,,,,,,,,,,,,,,,,,,,,,,,,,,,,,,,,,,,,,,,,,,,,,,,,,,,,,,,,,,,,,,,,,,,,,,,,,,,,,,,,,,,,,,,,,,,,8.4,8.8,8.8,9.2,9.6,10.4,10.8148,11.2828,11.7986,8.4,11.8765,12.4015,12.5359,13.0486,13.1756,13.2409,13.7246,13.8692,14.9177,15.6833,17.8787,11.7655,2.4148,62.0,6.0,2.0,0.0,0.0,0.0,0.0,89.0,,,,,,,,,,,,,,,,,,,,,,,,,,,,,,,,,,,,,,,,,,,,,,,,,,,,,,,,,,,,,,,,,,,,,,,,,,,,,,,,,,,,,,,,,,,,,,,,,,,,,,,,,,,,,,,,,,,,,,,,,,,,,,,,,,,,,,,,,,,,,,,,,,,,,,,,,,,,,,2.8,4.0,4.0,4.4,4.4,4.4,4.8,4.8,4.8,3.2,4.8,4.8,5.2,5.2,5.2,5.2,5.6,5.6,5.6,6.4,7.20836,4.80082,0.808696,0.0,0.0,0.0,0.0,93.0,0.0,15.0,0.0,,,
2026040300,,,,,,,,,,,,,,,,,,,,,,,,,,,,,,,,,0.216,,,,,,,,,,,,,,,,,,,,,,,,,,,,,,,,,,,,,,,,,,,,,,,,,,,,,,,,,,,,,,,,,,,0.0,0.0,0.0,0.007,0.085,0.195,0.314,0.419,0.533,0.0,0.642,0.757,0.883,1.019,1.197,1.41,1.639,1.885,2.243,2.907,4.173,,0.0,0.0,8.0,0.0,0.0,0.0,0.0,0.0,0.0,,,,,,,,,,,,,,,,,,,,,,,,,,,,,,,,,,,,,,,,,,,,,,,,,,,,,,,,,,,,,,,,,,,,,,,,,,,,,,,,,,,,,,,,,,,,,,,,,,,,,,,,,,,,,,,,,,,,,,,,,,,,,,,,,,,,,,,,,,,,,,,,,,,,,,,,,,,,,,,,,,,,,,,,,,,,,,,,,,,,,,,,,,,,,,,,,,,,,,,,,,,,,,,,,,,,,,,,,,,,,,,,,,,,,,,,,,,,,,8.0,8.4,8.8,9.2,9.6,10.0233,10.465,10.956,11.055,8.4,11.5655,11.6666,12.1858,12.3014,12.771,12.8208,12.8942,13.3828,14.2893,15.2531,17.1646,11.4254,2.0484,51.0,5.0,1.0,0.0,0.0,0.0,0.0,84.0,,,,,,,,,,,,,,,,,,,,,,,,,,,,,,,,,,,,,,,,,,,,,,,,,,,,,,,,,,,,,,,,,,,,,,,,,,,,,,,,,,,,,,,,,,,,,,,,,,,,,,,,,,,,,,,,,,,,,,,,,,,,,,,,,,,,,,,,,,,,,,,,,,,,,,,,,,,,,,2.8,3.6,4.0,4.0,4.4,4.4,4.4,4.4,4.4,3.2,4.8,4.8,4.8,4.8,4.8,5.2,5.2,5.2,5.6,6.0,6.8,4.8006,0.807879,0.0,0.0,0.0,0.0,90.0,0.0,9.0,0.0,,,
2026040301,,,,,,,,,,,,,,,,,,,,,,,,,,,,,,,,,0.153,,,,,,,,,,,,,,,,,,,,,,,,,,,,,,,,,,,,,,,,,,,,,,,,,,,,,,,,,,,,,,,,,,,,,,,,,,,,,,,,,,,,,,,,,,,,,,,,,,,,,,,,,,,,,,,,,,,,,,,,,,,,,,,,,,,,,,,,,,,,,,,,,,,,,,,,,,,,,,,,,,,,,,,,,,,,,,,,,,,,,,,,,,,,,,,,,,,,,,,,,,,,,,,,,,,,,,,,,,,,,,,,,,,,,,,,,,,,,,,,,,,,,,,,,,,,,,,,,,,,,,,,,,,,,,,,,,,,,,,,,,,,,,,,,,,,,,,,,,,,,,,,,,,,,,,,,,,,,,,,,,,,,,,,,,,,,,,7.6,8.4,8.8,8.8,9.2,9.72121,9.77451,10.2499,10.7202,8.4,10.7594,11.1889,11.2575,11.7303,12.1891,12.2445,12.7273,12.8534,13.4145,14.3929,17.0647,10.8454,1.98664,43.0,3.0,1.0,0.0,0.0,0.0,0.0,81.0,,,,,,,,,,,,,,,,,,,,,,,,,,,,,,,,,,,,,,,,,,,,,,,,,,,,,,,,,,,,,,,,,,,,,,,,,,,,,,,,,,,,,,,,,,,,,,,,,,,,,,,,,,,,,,,,,,,,,,,,,,,,,,,,,,,,,,,,,,,,,,,,,,,,,,,,,,,,,,2.8,3.2,3.6,4.0,4.0,4.0,4.0,4.0,4.4,3.2,4.4,4.4,4.4,4.8,4.8,4.8,4.8,5.2,5.2,5.6,6.81555,4.40118,0.811917,0.0,0.0,0.0,0.0,86.0,0.0,5.0,0.0,,,
2026040302,,,,,,,,,,,,,,,,,,,,,,,,,,,,,,,,,0.508,29.0,,,,,,,,,,,,,,,,,,,,,,,,,,,,,,,,,,,,,,,,,,,,,,,,,,,,,,,,,,,,,,,,,,,,,,,,,,,,,,,,,,,,,,,,,,,,,,,,,,,,,,,,,,,,,,,,,,,,,,,,,,,,,,,,,268.41,0.003,0.0,0.0,0.0,0.0,0.003,0.003,0.003,29.0,2.0,0.0,0.0,0.0,0.0,0.0,0.0,0.0,0.0,,,,,,,,,,,,,,,,,,,,,,,,,,,,,,,,,,,,,,,,,,,,,,,,,,,,,,,,,,,,,,,,,,,,,,,,,7.0,7.0,7620.0,125.0,1766.0,80.0,126.0,39.0,88.0,48.0,71.0,80.0,16.0,17.0,16.0,18.0,20.0,23.0,23.0,0.0,0.0,0.0,0.0,0.0,20.6,0.0,271.89,0.6,,30.0,2.0,0.0,,,,,,,,,,,,,,,,,,,,,,,,,,,,,,,,,,,,,,,,,,,,,,,,,,,,,,,,,,,,,,,,,,,,,,,,,,,,,,,,,,10.6,7.2,8.4,8.4,8.4,8.8,9.2,9.34106,9.84544,10.0022,8.0,10.0712,10.5566,10.625,11.1226,11.2089,11.7,11.828,12.3462,12.9173,14.0495,16.1518,10.5956,2.0,30.0,3.0,0.0,0.0,0.0,0.0,0.0,74.0,,,,,,,4.8,,,496.0,,0.0,0.0,69.5,6.0,1032.0,92.0,9.6,9.2,9.9,8.9,10.4,10.7,11.3,11.5,1120.0,1016.0,1032.0,992.0,1064.0,1096.0,1152.0,1208.0,0.0,100.0,85.0,9.0,0.0,,,,,,272.99,0.61,,,,,,,,,,,,,,,,,,,,,,,,,,,,,,,,,,,,,,,,,,,,,,,,,,,,,,,,,,,,,9.999e+20,270.0,4.0,270.0,7.8,,,1.0,,,2.0,0.004,465.0,57.0,62.0,64.0,68.0,3270.0,270.0,270.0,270.0,0.0,272.3,,,,,,,,,,,,,,,,,,,,,,,,,,,,,4.0,2.4,3.2,3.2,3.6,3.6,3.6,3.6,4.0,4.0,2.8,4.0,4.0,4.4,4.4,4.4,4.4,4.8,4.8,5.2,5.6,6.51137,4.00335,0.8,0.0,0.0,0.0,0.0,74.0,0.0,4.0,0.0,4.8,5.2,0.0
2026040303,,,,,,,,,,,,,,,,,,,,,,,,,,,,,,,,,0.762,35.0,,,,,,,,,,,,,,,,,,,,,,,,,,,,,,,,,,,,,,,,,,,,,,,,,,,,,,,,,,,,,,,,,,,,,,,,,,,,,,,,,,,,,,,,,,,,,,,,,,,,,,,,,,,,,,,,,,,,,,,,,,,,,,,,,268.71,0.005,0.0,0.0,0.0,0.0,0.003,0.003,0.005,29.0,3.0,1.0,0.0,0.0,0.0,0.0,0.0,0.0,0.0,,,,,,,,,,,,,,,,,,,,,,,,,,,,,,,,,,,,,,,,,,,,,,,,,,,,,,,,,,,,,,,,,,,,,,,,,4.0,5.0,7620.0,93.0,1768.0,64.0,94.0,54.0,93.0,61.0,77.0,85.0,17.0,18.0,16.0,20.0,21.0,24.0,25.0,0.0,0.0,0.0,0.0,0.0,21.6,0.0,271.64,0.57,,14.0,2.0,0.0,,,,,,,,,,,,,,,,,,,,,,,,,,,,,,,,,,,,,,,,,,,,,,,,,,,,,9.999e+20,,,,,,,,,,,,,,,,,,,,,,,,,,,,,10.0,6.8,7.6,8.0,8.0,8.4,8.4,8.8,8.82308,9.28854,7.6,9.3859,9.86989,9.95393,10.4371,10.5032,10.9672,11.054,11.5671,12.1208,13.1098,15.4676,9.58361,1.92,19.0,1.0,0.0,0.0,0.0,0.0,0.0,63.0,,9.999e+20,9.999e+20,9.999e+20,9.999e+20,9.999e+20,6.8,,,392.0,,0.0,0.0,91.5,0.0,1397.2,93.0,9.7,9.1,9.7,8.7,10.2,10.6,11.2,11.5,1096.0,984.0,1016.0,968.0,1056.0,1096.0,1144.0,1200.0,0.0,100.0,88.0,6.0,0.0,,,,,,272.98,0.71,,,,,,,,,,,,,,,,,,,,,,,,,,,,,,,,,,,,,,,,,,,,,,,,,,,,,,,,,,,,,9.999e+20,270.0,3.6,270.0,7.2,,,0.0,,,2.0,0.006,465.0,61.0,66.0,67.0,72.0,2283.0,270.0,270.0,270.0,0.0,272.3,,,,,,,,,,,,,,,,,,,,,,,,,,,,,3.6,2.0,2.8,2.8,3.2,3.2,3.2,3.6,3.6,3.6,2.4,3.6,4.0,4.0,4.0,4.0,4.4,4.4,4.4,4.8,5.2,6.0,3.60671,0.92,0.0,0.0,0.0,0.0,53.0,0.0,5.0,0.0,4.4,4.8,0.0
2026040304,,,,,,,,,,,,,,,,,,,,,,,,,,,,,,,,,0.508,27.0,,,,,,,,,,,,,,,,,,,,,,,,,,,,,,,,,,,,,,,,,,,,,,,,,,,,,,,,,,,,,,,,,,,,,,,,,,,,,,,,,,,,,,,,,,,,,,,,,,,,,,,,,,,,,,,,,,,,,,,,,,,,,,,,,268.88,0.003,0.0,0.0,0.0,0.0,0.003,0.003,0.005,26.0,4.0,0.0,0.0,0.0,0.0,0.0,0.0,0.0,0.0,,,,,,,,,,,,,,,,,,,,,,,,,,,,,,,,,,,,,,,,,,,,,,,,,,,,,,,,,,,,,,,,,,,,,,,,,4.0,5.0,7620.0,29.0,1772.0,32.0,30.0,62.0,93.0,68.0,78.0,85.0,18.0,18.0,17.0,20.0,22.0,25.0,26.0,0.0,0.0,0.0,0.0,0.0,22.5,0.0,271.78,0.64,,11.0,2.0,0.0,,,,,,,,,,,,,,,,,,,,,,,,,,,,,,,,,,,,,,,,,,,,,,,,,,,,,,,,,,,,,,,,,,,,,,,,,,,,,,,,,,9.4,6.0,7.2,7.6,8.0,8.0,8.0,8.4,8.4,8.8,6.8,9.2,9.24742,9.30781,9.75114,9.81889,10.3069,10.7701,10.8668,11.4743,12.0864,14.4464,9.41633,1.82,12.0,0.0,0.0,0.0,0.0,0.0,0.0,53.0,,,,,,,4.4,,,408.0,,0.0,15.3,84.7,0.0,1344.0,92.0,9.9,9.4,9.7,9.0,10.3,10.7,11.2,11.4,1080.0,960.0,992.0,944.0,1040.0,1080.0,1128.0,1176.0,0.0,99.0,85.0,9.0,0.0,,,,,,272.91,0.74,,,,,,,,,,,,,,,,,,,,,,,,,,,,,,,,,,,,,,,,,,,,,,,,,,,,,,,,,,,,,9.999e+20,260.0,3.6,270.0,7.7,,,0.0,,,2.0,0.0,465.0,53.0,63.0,70.0,79.0,2601.0,260.0,260.0,260.0,0.0,272.4,,,,,,,,,,,,,,,,,,,,,,,,,,,,,3.6,1.6,2.4,2.8,2.8,3.2,3.2,3.2,3.6,3.6,2.0,3.6,3.6,3.6,4.0,4.0,4.0,4.0,4.4,4.4,4.8,6.0,3.60825,0.9,0.0,0.0,0.0,0.0,45.0,0.0,3.0,0.0,4.0,4.4,0.0
2026040305,,,,,,,,,,,,,,,,,,,,,,,,,,,,,,,,,0.508,25.0,,,,,,,,,,,,,,,,,,,,,,,,,,,,,,,,,,,,,,,,,,,,,,,,,,,,,,,,,,,,,,,,,,,,,,,,,,,,,,,,,,,,,,,,,,,,,,,,,,,,,,,,,,,,,,,,,,,,,,,,,,,,,,,,,268.85,0.005,0.0,0.0,0.0,0.0,0.0,0.003,0.003,18.0,3.0,1.0,0.0,0.0,0.0,0.0,0.0,0.0,0.0,,,,,,,,,,,,,,,,,,,,,,,,,,,,,,,,,,,,,,,,,,,,,,,,,,,,,,,,,,,,,,,,,,,,,,,,,4.0,5.0,7620.0,33.0,1476.0,32.0,32.0,63.0,94.0,73.0,81.0,87.0,18.0,19.0,17.0,20.0,22.0,25.0,26.0,0.0,0.0,0.0,0.0,0.0,22.7,0.0,271.86,0.72,,8.0,2.0,0.0,,,,,,,,,,,,,,,,,,,,,,,,,,,,,,,,,,,,,,,,,,,,,,,,,,,,,,,,,,,,,,,,,,,,,,,,,,,,,,,,,,8.6,5.2,6.8,7.2,7.6,7.6,7.6,8.0,8.0,8.4,6.0,8.4,8.8,8.85503,9.29208,9.32932,9.82515,9.89271,10.3876,10.9546,11.9244,13.0375,8.56759,1.7,7.0,0.0,0.0,0.0,0.0,0.0,0.0,42.0,,,,,,,2.8,,,288.0,,0.0,16.0,73.5,0.0,1492.0,92.0,10.1,9.5,9.7,9.2,10.4,10.9,11.2,11.4,1064.0,936.0,976.0,912.0,1016.0,1064.0,1112.0,1152.0,0.0,99.0,83.0,9.0,0.0,,,,,,272.74,0.78,,,,,,,,,,,,,,,,,,,,,,,,,,,,,,,,,,,,,,,,,,,,,,,,,,,,,,,,,,,,,9.999e+20,260.0,3.2,260.0,6.5,,,0.0,,,1.0,0.0,465.0,48.0,59.0,65.0,74.0,1411.0,260.0,260.0,260.0,0.0,272.5,,,,,,,,,,,,,,,,,,,,,,,,,,,,,3.2,1.2,2.0,2.8,2.8,2.8,3.2,3.2,3.2,3.2,1.6,3.2,3.6,3.6,3.6,3.6,3.6,4.0,4.0,4.4,4.8,5.2,3.2,0.8,0.0,0.0,0.0,0.0,33.0,0.0,0.0,0.0,3.6,4.0,0.0
2026040306,1.762,0.0,0.0,0.004,0.081,0.263,0.466,0.716,1.037,1.33,0.0,1.57,1.82,2.034,2.259,2.501,2.765,3.073,3.418,3.813,4.608,6.755,,0.0,0.0,0.0,0.0,29.0,0.0,0.0,1.0,0.0,0.508,22.0,,,,,,,,,,,,,,,,,,,,,,,,,,,,,,,,,,,,,,,,,,,,,,,,,,,,,,,,,,,,,,,,,,0.0,0.0,0.0,0.0,0.0,0.0,0.0,0.017,0.135,0.0,0.261,0.394,0.52,0.636,0.783,0.965,1.155,1.387,1.692,2.298,4.044,,0.0,0.0,4.0,0.0,0.0,0.0,0.0,0.0,0.0,,,,,,,,,,,,,,,,,,,,,,,,,,,,,,,,,269.0,0.003,0.0,0.0,0.0,0.0,0.0,0.0,0.003,9.0,3.0,0.0,0.0,0.0,0.0,0.0,0.0,0.0,0.0,,,,,,,,,,,,,,,,,,,,,,,,,,,,,,,,,,,,,,,,,,,,,,,,,,,,,,,,,,,,,,,,,,,,,,,,,5.0,6.0,8188.0,33.0,1479.0,32.0,32.0,68.0,91.0,76.0,80.0,86.0,18.0,19.0,18.0,20.0,21.0,24.0,26.0,0.0,0.0,0.0,0.0,0.0,21.9,0.0,271.51,0.77,0.0,7.0,1.0,0.0,,,,,,,,,,,,,,,,,,,,,,,,,,,,,,,,,,,,,,,,,,,,,,,,,,,,,9.999e+20,,,,,,,,,,,,,,,,,,,,,,,,,,,,,8.2,4.4,6.4,6.8,6.8,7.2,7.2,7.6,7.6,8.0,5.6,8.0,8.04773,8.10819,8.55715,8.61057,9.07125,9.55675,10.0816,10.1629,11.1622,12.3137,8.20463,1.62,4.0,0.0,0.0,0.0,0.0,0.0,0.0,31.0,,9.999e+20,9.999e+20,9.999e+20,9.999e+20,9.999e+20,2.0,,,376.0,,0.0,0.0,73.5,0.0,1341.2,91.0,10.5,9.5,9.7,9.4,10.6,11.0,11.3,11.4,1032.0,912.0,952.0,888.0,1008.0,1048.0,1088.0,1104.0,25.0,99.0,79.0,8.0,0.0,,,,,,272.71,0.84,,,,,,,,,,,,,,,,,,,,,,,,,,,,,,,,,,,,,,,,,,,,,,,,,,,,,,,,,,,,,9.999e+20,250.0,3.2,260.0,6.3,,,0.0,1.0,,0.0,0.0,465.0,49.0,60.0,64.0,76.0,1954.0,250.0,250.0,250.0,0.0,272.5,,,,,,,,,,,,,,,,,,,,,,,,,,,,,3.2,1.2,2.0,2.4,2.4,2.4,2.8,2.8,2.8,3.2,1.6,3.2,3.2,3.2,3.2,3.6,3.6,3.6,3.6,4.0,4.4,4.8,3.2,0.8,0.0,0.0,0.0,0.0,24.0,0.0,0.0,0.0,3.6,4.0,0.0
2026040307,,,,,,,,,,,,,,,,,,,,,,,,,,,,,,,,,0.508,15.0,,,,,,,,,,,,,,,,,,,,,,,,,,,,,,,,,,,,,,,,,,,,,,,,,,,,,,,,,,,,,,,,,,,,,,,,,,,,,,,,,,,,,,,,,,,,,,,,,,,,,,,,,,,,,,,,,,,,,,,,,,,,,,,,,268.93,0.003,0.0,0.0,0.0,0.0,0.0,0.0,0.0,5.0,2.0,1.0,0.0,0.0,0.0,0.0,0.0,0.0,0.0,,,,,,,,,,,,,,,,,,,,,,,,,,,,,,,,,,,,,,,,,,,,,,,,,,,,,,,,,,,,,,,,,,,,,,,,,4.0,6.0,7620.0,33.0,1211.0,32.0,32.0,68.0,90.0,75.0,81.0,85.0,18.0,19.0,18.0,20.0,22.0,23.0,25.0,0.0,0.0,0.0,0.0,0.0,21.8,0.0,271.6,0.75,,0.0,1.0,0.0,,,,,,,,,,,,,,,,,,,,,,,,,,,,,,,,,,,,,,,,,,,,,,,,,,,,,,,,,,,,,,,,,,,,,,,,,,,,,,,,,,8.2,4.4,6.4,6.4,6.8,7.2,7.2,7.6,7.6,7.6,5.6,8.0,8.0,8.0,8.4523,8.51349,8.94452,9.06342,9.54418,10.1145,10.6545,11.7145,8.16337,1.52,3.0,0.0,0.0,0.0,0.0,0.0,0.0,27.0,,,,,,,0.4,,,288.0,,0.0,16.0,62.0,0.0,88888.0,92.0,11.0,9.9,10.1,9.7,10.8,11.1,11.5,11.7,1000.0,896.0,936.0,872.0,984.0,1024.0,1056.0,1072.0,0.0,99.0,82.0,8.0,0.0,,,,,,272.56,0.83,,,,,,,,,,,,,,,,,,,,,,,,,,,,,,,,,,,,,,,,,,,,,,,,,,,,,,,,,,,,,9.999e+20,250.0,3.2,270.0,5.9,,,0.0,,,0.0,0.0,209.0,52.0,59.0,64.0,76.0,1335.0,250.0,250.0,250.0,0.0,272.6,,,,,,,,,,,,,,,,,,,,,,,,,,,,,3.2,0.8,2.0,2.4,2.4,2.4,2.8,2.8,2.8,3.2,1.6,3.2,3.2,3.2,3.2,3.2,3.6,3.6,3.6,4.0,4.4,4.8,2.8,0.8,0.0,0.0,0.0,0.0,17.0,0.0,0.0,0.0,3.6,4.0,0.0
2026040308,,,,,,,,,,,,,,,,,,,,,,,,,,,,,,,,,0.254,8.0,,,,,,,,,,,,,,,,,,,,,,,,,,,,,,,,,,,,,,,,,,,,,,,,,,,,,,,,,,,,,,,,,,,,,,,,,,,,,,,,,,,,,,,,,,,,,,,,,,,,,,,,,,,,,,,,,,,,,,,,,,,,,,,,,269.0,0.0,0.0,0.0,0.0,0.0,0.0,0.0,0.0,2.0,1.0,0.0,0.0,0.0,0.0,0.0,0.0,0.0,0.0,,,,,,,,,,,,,,,,,,,,,,,,,,,,,,,,,,,,,,,,,,,,,,,,,,,,,,,,,,,,,,,,,,,,,,,,,2.0,5.0,7620.0,33.0,1213.0,32.0,32.0,63.0,87.0,73.0,77.0,83.0,19.0,20.0,18.0,21.0,22.0,24.0,24.0,0.0,0.0,0.0,0.0,0.0,22.0,0.0,271.33,0.78,,0.0,2.0,0.025,,,,,,,,,,,,,,,,,,,,,,,,,,,,,,,,,,,,,,,,,,,,,,,,,,,,,,,,,,,,,,,,,,,,,,,,,,,,,,,,,,7.7,4.4,6.0,6.4,6.4,6.8,7.2,7.2,7.6,7.6,5.2,8.0,8.0,8.0,8.0,8.4,8.4355,8.89094,8.94796,9.48188,10.5089,10.9139,7.70727,1.4,1.0,0.0,0.0,0.0,0.0,0.0,0.0,21.0,,,,,,,0.0,,,352.0,,0.0,28.0,28.0,0.0,88888.0,92.0,11.5,10.2,10.5,10.0,11.0,11.3,11.7,11.9,960.0,880.0,920.0,856.0,960.0,992.0,1032.0,1048.0,0.0,98.0,81.0,7.0,0.0,,,,,,272.57,0.9,,,,,,,,,,,,,,,,,,,,,,,,,,,,,,,,,,,,,,,,,,,,,,,,,,,,,,,,,,,,,9.999e+20,250.0,2.8,270.0,6.0,,,0.0,,,0.0,0.0,209.0,54.0,62.0,65.0,76.0,1711.0,250.0,250.0,250.0,0.0,272.6,,,,,,,,,,,,,,,,,,,,,,,,,,,,,2.8,0.8,1.6,2.0,2.4,2.4,2.4,2.8,2.8,2.8,1.2,2.8,3.2,3.2,3.2,3.2,3.2,3.6,3.6,3.6,4.0,4.4,2.8,0.8,0.0,0.0,0.0,0.0,12.0,0.0,0.0,0.0,3.2,3.6,0.0
2026040309,,,,,,,,,,,,,,,,,,,,,,,,,,,,,,,,,0.0,6.0,,,,,,,,,,,,,,,,,,,,,,,,,,,,,,,,,,,,,,,,,,,,,,,,,,,,,,,,,,,,,,,,,,,,,,,,,,,,,,,,,,,,,,,,,,,,,,,,,,,,,,,,,,,,,,,,,,,,,,,,,,,,,,,,,268.89,0.0,0.0,0.0,0.0,0.0,0.0,0.0,0.0,1.0,1.0,0.0,0.0,0.0,0.0,0.0,0.0,0.0,0.0,,,,,,,,,,,,,,,,,,,,,,,,,,,,,,,,,,,,,,,,,,,,,,,,,,,,,,,,,,,,,,,,,,,,,,,,,2.0,4.0,7620.0,61.0,1217.0,48.0,62.0,64.0,87.0,70.0,77.0,83.0,19.0,21.0,18.0,21.0,22.0,23.0,24.0,0.0,0.0,0.0,0.0,0.0,22.2,0.0,271.55,0.8,0.0,0.0,1.0,0.0,,,,,,,,,,,,,,,,,,,,,,,,,,,,,,,,,,,,,,,,,,,,,,,,,,,,,9.999e+20,,,,,,,,,,,,,,,,,,,,,,,,,,,,,7.7,4.0,5.6,6.0,6.0,6.4,6.8,7.2,7.2,7.6,5.2,7.6,8.0,8.0,8.0,8.4,8.4,8.40715,8.50112,8.97471,9.98802,10.6929,7.67872,1.4,0.0,0.0,0.0,0.0,0.0,0.0,0.0,14.0,,9.999e+20,9.999e+20,9.999e+20,9.999e+20,9.999e+20,0.0,,,416.0,,0.0,0.0,22.0,0.0,88888.0,93.0,11.8,10.5,10.8,10.4,11.1,11.5,11.9,12.3,936.0,864.0,896.0,840.0,936.0,984.0,1016.0,1032.0,0.0,98.0,82.0,7.0,0.0,,,,,,272.43,0.98,,,,,,,,,,,,,,,,,,,,,,,,,,,,,,,,,,,,,,,,,,,,,,,,,,,,,,,,,,,,,9.999e+20,250.0,2.8,270.0,5.7,,,0.0,1.0,,0.0,0.0,209.0,54.0,63.0,68.0,80.0,1946.0,250.0,250.0,250.0,0.0,272.4,,,,,,,,,,,,,,,,,,,,,,,,,,,,,2.8,0.8,1.6,2.0,2.0,2.0,2.4,2.4,2.4,2.8,1.2,2.8,2.8,3.2,3.2,3.2,3.2,3.2,3.6,3.6,3.6,4.4,2.8,0.8,0.0,0.0,0.0,0.0,11.0,0.0,0.0,0.0,3.2,3.6,0.0
2026040310,,,,,,,,,,,,,,,,,,,,,,,,,,,,,,,,,0.0,4.0,,,,,,,,,,,,,,,,,,,,,,,,,,,,,,,,,,,,,,,,,,,,,,,,,,,,,,,,,,,,,,,,,,,,,,,,,,,,,,,,,,,,,,,,,,,,,,,,,,,,,,,,,,,,,,,,,,,,,,,,,,,,,,,,,269.05,0.0,0.0,0.0,0.0,0.0,0.0,0.0,0.0,1.0,0.0,0.0,0.0,0.0,0.0,0.0,0.0,0.0,0.0,,,,,,,,,,,,,,,,,,,,,,,,,,,,,,,,,,,,,,,,,,,,,,,,,,,,,,,,,,,,,,,,,,,,,,,,,2.0,4.0,7620.0,61.0,980.0,48.0,62.0,65.0,91.0,72.0,80.0,87.0,19.0,20.0,18.0,22.0,23.0,24.0,24.0,0.0,0.0,0.0,0.0,0.0,22.9,0.0,271.33,0.85,,0.0,1.0,0.0,,,,,,,,,,,,,,,,,,,,,,,,,,,,,,,,,,,,,,,,,,,,,,,,,,,,,,,,,,,,,,,,,,,,,,,,,,,,,,,,,,7.3,4.0,5.2,5.6,6.0,6.0,6.4,6.8,6.8,6.8,4.8,7.2,7.6,7.6,7.6,8.0,8.0,8.0,8.44357,8.50747,9.07265,9.9603,7.25191,1.32,0.0,0.0,0.0,0.0,0.0,0.0,0.0,8.0,,,,,,,0.0,,,368.0,,0.0,0.0,15.0,0.0,88888.0,93.0,12.2,10.7,11.0,10.6,11.2,11.6,12.1,12.5,904.0,840.0,872.0,824.0,920.0,952.0,992.0,1016.0,0.0,97.0,85.0,5.0,0.0,,,,,,272.06,1.03,,,,,,,,,,,,,,,,,,,,,,,,,,,,,,,,,,,,,,,,,,,,,,,,,,,,,,,,,,,,,9.999e+20,250.0,2.8,270.0,5.2,,,0.0,,,0.0,0.0,209.0,53.0,65.0,71.0,83.0,1568.0,250.0,250.0,250.0,0.0,272.2,,,,,,,,,,,,,,,,,,,,,,,,,,,,,2.8,0.8,1.6,1.6,2.0,2.0,2.0,2.4,2.4,2.4,1.2,2.8,2.8,2.8,2.8,3.2,3.2,3.2,3.2,3.6,3.6,4.0,2.4,0.8,0.0,0.0,0.0,0.0,6.0,0.0,0.0,0.0,2.8,3.2,0.0
2026040311,,,,,,,,,,,,,,,,,,,,,,,,,,,,,,,,,0.0,3.0,,,,,,,,,,,,,,,,,,,,,,,,,,,,,,,,,,,,,,,,,,,,,,,,,,,,,,,,,,,,,,,,,,,,,,,,,,,,,,,,,,,,,,,,,,,,,,,,,,,,,,,,,,,,,,,,,,,,,,,,,,,,,,,,,269.02,0.0,0.0,0.0,0.0,0.0,0.0,0.0,0.0,1.0,0.0,0.0,0.0,0.0,0.0,0.0,0.0,0.0,0.0,,,,,,,,,,,,,,,,,,,,,,,,,,,,,,,,,,,,,,,,,,,,,,,,,,,,,,,,,,,,,,,,,,,,,,,,,2.0,4.0,7620.0,33.0,979.0,32.0,32.0,76.0,97.0,80.0,84.0,89.0,19.0,20.0,18.0,22.0,23.0,24.0,24.0,0.0,0.0,0.0,0.0,0.0,22.7,0.0,271.08,0.84,,0.0,1.0,0.0,,,,,,,,,,,,,,,,,,,,,,,,,,,,,,,,,,,,,,,,,,,,,,,,,,,,,,,,,,,,,,,,,,,,,,,,,,,,,,,,,,6.8,3.6,4.8,5.2,5.6,5.6,6.0,6.0,6.4,6.4,4.4,6.8,7.2,7.2,7.6,7.6,7.6,8.0,8.0,8.40613,9.01945,9.65187,6.83747,1.3,0.0,0.0,0.0,0.0,0.0,0.0,0.0,7.0,,,,,,,0.0,,,376.0,,0.0,0.0,15.0,0.0,88888.0,93.0,12.2,10.9,11.1,10.8,11.4,11.7,12.1,12.4,872.0,824.0,864.0,784.0,896.0,944.0,984.0,992.0,0.0,96.0,80.0,6.0,0.0,,,,,,272.12,0.96,,,,,,,,,,,,,,,,,,,,,,,,,,,,,,,,,,,,,,,,,,,,,,,,,,,,,,,,,,,,,9.999e+20,250.0,2.4,270.0,5.2,,,0.0,,,0.0,0.0,209.0,58.0,69.0,76.0,85.0,1576.0,250.0,250.0,250.0,0.0,272.1,,,,,,,,,,,,,,,,,,,,,,,,,,,,,2.4,0.8,1.2,1.6,1.6,2.0,2.0,2.0,2.0,2.4,1.2,2.4,2.4,2.8,2.8,2.8,2.8,3.2,3.2,3.2,3.6,3.6,2.4,0.8,0.0,0.0,0.0,0.0,3.0,0.0,0.0,0.0,2.8,3.2,0.0
2026040312,0.862,0.0,0.0,0.0,0.0,0.0,0.0,0.0,0.106,0.255,0.0,0.411,0.575,0.733,0.873,1.043,1.258,1.524,1.843,2.293,3.141,5.847,,0.0,0.0,0.0,0.0,8.0,0.0,0.0,1.0,0.0,0.0,2.0,,,,,,,,,,,,,,,,,,,,,,,,,,,,,,,,,,,,,,,,,,,,,,,,,,,,,,,,,,,,,,,,,0.0,0.0,0.0,0.0,0.0,0.0,0.0,0.0,0.0,0.0,0.0,0.0,0.0,0.0,0.0,0.0,0.002,0.084,0.219,0.43,0.857,2.168,15.0,0.0,0.0,1.0,0.0,0.0,0.0,0.0,0.0,0.0,,,,,,,,,,,,,,,,,,,,,,,,,,,,,,,,,268.69,0.0,0.0,0.0,0.0,0.0,0.0,0.0,0.0,1.0,0.0,0.0,0.0,0.0,0.0,0.0,0.0,0.0,0.0,,,,,,,,,,,,,,,,,,,,,,,,,,,,,,,,,,,,,0.005,0.0,0.0,0.0,0.0,0.0,0.0,0.003,6.0,1.0,0.0,0.0,0.0,0.0,0.0,0.0,0.0,0.0,,,,,,,,,,,,,,,,,,,1.0,3.0,7620.0,33.0,767.0,32.0,32.0,49.0,81.0,60.0,71.0,76.0,19.0,20.0,18.0,21.0,23.0,23.0,24.0,0.0,0.0,0.0,0.0,0.0,22.1,0.0,271.04,0.93,0.0,0.0,1.0,0.0,,,,,,,,,,,,,,,,,,,,,,,,,,0.0,0.0,0.0,0.0,0.0,0.0,0.0,0.0,0.0,0.0,0.0,0.0,0.0,,,,,,,,,,,,,,3.2,9.999e+20,,,,,,,,,,,,,,,,,,,,,,,,,,,,,6.4,3.6,4.4,4.8,5.2,5.2,5.2,5.6,5.6,6.0,4.0,6.4,6.8,6.8,7.2,7.2,7.6,7.6,8.0,8.00113,8.47044,8.80346,6.42876,1.42,0.0,0.0,0.0,0.0,0.0,0.0,0.0,3.0,4.0,9.999e+20,9.999e+20,9.999e+20,9.999e+20,9.999e+20,0.0,,,336.0,,0.0,0.0,12.0,0.0,88888.0,94.0,12.1,11.1,11.2,11.0,11.4,11.8,12.2,12.7,840.0,784.0,840.0,760.0,880.0,936.0,968.0,984.0,0.0,95.0,84.0,9.0,0.0,,,,,,271.71,1.07,,,,,,,,,,,,,,,,,,,,,,,,,,,,,,,,,,,,,,,,,,,,,,,,,,,,,,,,,,,,,9.999e+20,240.0,2.4,260.0,4.5,,,0.0,1.0,2.0,0.0,0.0,256.0,41.0,47.0,50.0,59.0,1246.0,240.0,240.0,240.0,0.0,271.8,,,,,,,,,,,,,,,,,,,,,,,,,,,,,2.4,0.8,1.2,1.2,1.6,1.6,1.6,2.0,2.0,2.0,0.8,2.0,2.4,2.4,2.4,2.8,2.8,2.8,3.2,3.2,3.2,3.6,2.00076,0.8,0.0,0.0,0.0,0.0,1.0,0.0,0.0,0.0,2.4,2.8,0.0
2026040313,,,,,,,,,,,,,,,,,,,,,,,,,,,,,,,,,0.0,1.0,,,,,,,,,,,,,,,,,,,,,,,,,,,,,,,,,,,,,,,,,,,,,,,,,,,,,,,,,,,,,,,,,,,,,,,,,,,,,,,,,,,,,,,,,,,,,,,,,,,,,,,,,,,,,,,,,,,,,,,,,,,,,,,,,268.8,0.0,0.0,0.0,0.0,0.0,0.0,0.0,0.0,1.0,0.0,0.0,0.0,0.0,0.0,0.0,0.0,0.0,0.0,,,,,,,,,,,,,,,,,,,,,,,,,,,,,,,,,,,,,,,,,,,,,,,,,,,,,,,,,,,,,,,,,,,,,,,,,1.0,3.0,7620.0,33.0,767.0,32.0,32.0,49.0,71.0,54.0,57.0,63.0,18.0,20.0,17.0,21.0,22.0,23.0,23.0,0.0,0.0,0.0,0.0,0.0,21.6,0.0,270.85,0.96,,0.0,1.0,0.0,,,,,,,,,,,,,,,,,,,,,,,,,,,,,,,,,,,,,,,,,,,,,,,,,,,,,,,,,,,,,,,,,,,,,,,,,,,,,,,,,,6.0,3.2,4.4,4.4,4.8,4.8,5.2,5.2,5.6,5.6,4.0,6.0,6.4,6.4,6.8,6.8,7.2,7.2,7.6,7.65329,8.20806,8.49917,6.03646,1.42,0.0,0.0,0.0,0.0,0.0,0.0,0.0,1.0,,,,,,,0.0,,,256.0,,0.0,0.0,12.0,0.0,88888.0,95.0,12.0,10.8,11.0,10.8,11.2,11.5,12.0,12.5,816.0,792.0,848.0,768.0,880.0,944.0,976.0,992.0,0.0,95.0,85.0,7.0,0.0,,,,,,271.54,1.21,,,,,,,,,,,,,,,,,,,,,,,,,,,,,,,,,,,,,,,,,,,,,,,,,,,,,,,,,,,,,9.999e+20,240.0,2.0,270.0,4.5,,,0.0,,,0.0,0.0,256.0,40.0,42.0,42.0,42.0,833.0,240.0,240.0,240.0,0.0,271.6,,,,,,,,,,,,,,,,,,,,,,,,,,,,,2.0,0.4,1.2,1.2,1.2,1.6,1.6,1.6,1.6,2.0,0.8,2.0,2.0,2.4,2.4,2.4,2.8,2.8,2.8,3.2,3.2,3.6,2.0,0.72,0.0,0.0,0.0,0.0,0.0,0.0,0.0,0.0,2.4,2.4,0.0
2026040314,,,,,,,,,,,,,,,,,,,,,,,,,,,,,,,,,0.0,1.0,,,,,,,,,,,,,,,,,,,,,,,,,,,,,,,,,,,,,,,,,,,,,,,,,,,,,,,,,,,,,,,,,,,,,,,,,,,,,,,,,,,,,,,,,,,,,,,,,,,,,,,,,,,,,,,,,,,,,,,,,,,,,,,,,269.0,0.0,0.0,0.0,0.0,0.0,0.0,0.0,0.0,0.0,0.0,0.0,0.0,0.0,0.0,0.0,0.0,0.0,0.0,,,,,,,,,,,,,,,,,,,,,,,,,,,,,,,,,,,,,,,,,,,,,,,,,,,,,,,,,,,,,,,,,,,,,,,,,1.0,3.0,7620.0,29.0,579.0,32.0,30.0,38.0,56.0,38.0,40.0,46.0,17.0,20.0,16.0,21.0,22.0,22.0,23.0,0.0,0.0,0.0,0.0,0.0,20.9,0.0,270.45,1.02,,1.0,1.0,0.0,,,,,,,,,,,,,,,,,,,,,,,,,,,,,,,,,,,,,,,,,,,,,,,,,,,,,,,,,,,,,,,,,,,,,,,,,,,,,,,,,,5.7,2.4,3.6,4.0,4.0,4.4,4.4,4.8,5.2,5.2,3.2,5.6,6.0,6.0,6.4,6.4,6.8,6.8,7.21186,7.34026,7.91783,8.55335,5.6564,1.5,0.0,0.0,0.0,0.0,0.0,0.0,0.0,1.0,,,,,,,0.0,,,288.0,,0.0,0.0,12.0,0.0,88888.0,93.0,11.7,10.4,10.7,10.2,11.0,11.4,11.8,12.5,808.0,776.0,848.0,736.0,896.0,944.0,984.0,1000.0,0.0,94.0,81.0,8.0,0.0,,,,,,271.6,1.27,,,,,,,,,,,,,,,,,,,,,,,,,,,,,,,,,,,,,,,,,,,,,,,,,,,,,,,,,,,,,9.999e+20,240.0,2.0,260.0,4.0,,,0.0,,,0.0,0.0,384.0,37.0,39.0,39.0,45.0,938.0,240.0,240.0,240.0,0.0,271.9,,,,,,,,,,,,,,,,,,,,,,,,,,,,,2.0,0.4,0.8,0.8,1.2,1.2,1.6,1.6,1.6,1.6,0.8,2.0,2.0,2.0,2.0,2.4,2.4,2.4,2.8,2.8,3.2,3.2,2.0,0.8,0.0,0.0,0.0,0.0,1.0,0.0,0.0,0.0,2.0,2.4,0.0
2026040315,,,,,,,,,,,,,,,,,,,,,,,,,,,,,,,,,0.0,2.0,,,,,,,,,,,,,,,,,,,,,,,,,,,,,,,,,,,,,,,,,,,,,,,,,,,,,,,,,,,,,,,,,,,,,,,,,,,,,,,,,,,,,,,,,,,,,,,,,,,,,,,,,,,,,,,,,,,,,,,,,,,,,,,,,269.67,0.0,0.0,0.0,0.0,0.0,0.0,0.0,0.0,0.0,0.0,0.0,0.0,0.0,0.0,0.0,0.0,0.0,0.0,,,,,,,,,,,,,,,,,,,,,,,,,,,,,,,,,,,,,,,,,,,,,,,,,,,,,,,,,,,,,,,,,,,,,,,,,2.0,3.0,7620.0,29.0,581.0,32.0,30.0,36.0,59.0,36.0,38.0,44.0,17.0,19.0,15.0,21.0,22.0,23.0,23.0,0.0,0.0,0.0,0.0,0.0,20.9,0.0,270.42,0.91,0.0,74.0,0.0,0.0,,,,,,,,,,,,,,,,,,,,,,,,,,,,,,,,,,,,,,,,,,,,,,,,,,,,,9.999e+20,,,,,,,,,,,,,,,,,,,,,,,,,,,,,5.3,2.0,3.2,4.0,4.0,4.4,4.4,4.8,4.8,5.2,2.8,5.6,5.6,6.0,6.4,6.4,6.42889,6.90556,7.03938,7.16206,7.73175,8.77362,5.30006,1.52,0.0,0.0,0.0,0.0,0.0,0.0,0.0,1.0,,9.999e+20,9.999e+20,9.999e+20,9.999e+20,9.999e+20,0.0,,,312.0,,0.0,0.0,15.0,0.0,88888.0,92.0,11.0,10.0,10.4,9.5,10.7,11.2,11.6,12.1,808.0,768.0,856.0,736.0,912.0,952.0,992.0,1008.0,0.0,57.0,82.0,8.0,0.0,,,,,,271.67,1.16,,,,,,,,,,,,,,,,,,,,,,,,,,,,,,,,,,,,,,,,,,,,,,,,,,,,,,,,,,,,,9.999e+20,240.0,1.6,260.0,3.8,,,0.0,0.0,,0.0,0.001,465.0,33.0,36.0,37.0,40.0,889.0,240.0,240.0,240.0,0.0,271.1,,,,,,,,,,,,,,,,,,,,,,,,,,,,,1.6,0.0,0.8,0.8,0.8,1.2,1.2,1.6,1.6,1.6,0.4,1.6,2.0,2.0,2.0,2.0,2.4,2.4,2.4,2.8,2.8,3.2,1.6,0.8,0.0,0.0,0.0,0.0,1.0,0.0,0.0,0.0,2.0,2.0,0.0
2026040316,,,,,,,,,,,,,,,,,,,,,,,,,,,,,,,,,0.0,2.0,,,,,,,,,,,,,,,,,,,,,,,,,,,,,,,,,,,,,,,,,,,,,,,,,,,,,,,,,,,,,,,,,,,,,,,,,,,,,,,,,,,,,,,,,,,,,,,,,,,,,,,,,,,,,,,,,,,,,,,,,,,,,,,,,270.14,0.0,0.0,0.0,0.0,0.0,0.0,0.0,0.0,0.0,0.0,0.0,0.0,0.0,0.0,0.0,0.0,0.0,0.0,,,,,,,,,,,,,,,,,,,,,,,,,,,,,,,,,,,,,,,,,,,,,,,,,,,,,,,,,,,,,,,,,,,,,,,,,2.0,4.0,7620.0,29.0,9431.0,32.0,30.0,36.0,59.0,39.0,43.0,51.0,15.0,19.0,15.0,20.0,21.0,22.0,22.0,0.0,0.0,0.0,0.0,0.0,20.4,0.0,270.49,0.71,,163.0,1.0,0.0,,,,,,,,,,,,,,,,,,,,,,,,,,,,,,,,,,,,,,,,,,,,,,,,,,,,,,,,,,,,,,,,,,,,,,,,,,,,,,,,,,5.4,2.8,3.6,4.0,4.4,4.4,4.8,4.8,5.2,5.2,3.2,5.6,5.6,5.60472,6.03727,6.07347,6.17234,6.7202,6.86402,7.04585,7.58398,9.06112,5.38629,1.3,0.0,0.0,0.0,0.0,0.0,0.0,0.0,2.0,,,,,,,0.0,,,432.0,,0.0,0.0,13.0,0.0,88888.0,88.0,10.6,9.3,9.8,8.7,10.1,10.4,10.9,11.8,832.0,848.0,904.0,816.0,960.0,1008.0,1024.0,1040.0,0.0,57.0,77.0,10.0,0.0,,,,,,272.43,1.16,,,,,,,,,,,,,,,,,,,,,,,,,,,,,,,,,,,,,,,,,,,,,,,,,,,,,,,,,,,,,9.999e+20,240.0,1.6,260.0,3.8,,,0.0,,,0.0,0.001,465.0,32.0,36.0,38.0,38.0,1443.0,240.0,240.0,240.0,0.0,271.9,,,,,,,,,,,,,,,,,,,,,,,,,,,,,1.6,0.4,0.8,0.8,1.2,1.2,1.2,1.6,1.6,1.6,0.4,1.6,1.6,2.0,2.0,2.0,2.4,2.4,2.4,2.4,2.8,3.6,1.6,0.72,0.0,0.0,0.0,0.0,1.0,0.0,0.0,0.0,2.0,2.0,0.0
2026040317,,,,,,,,,,,,,,,,,,,,,,,,,,,,,,,,,0.0,2.0,,,,,,,,,,,,,,,,,,,,,,,,,,,,,,,,,,,,,,,,,,,,,,,,,,,,,,,,,,,,,,,,,,,,,,,,,,,,,,,,,,,,,,,,,,,,,,,,,,,,,,,,,,,,,,,,,,,,,,,,,,,,,,,,,271.07,0.0,0.0,0.0,0.0,0.0,0.0,0.0,0.0,0.0,0.0,0.0,0.0,0.0,0.0,0.0,0.0,0.0,0.0,,,,,,,,,,,,,,,,,,,,,,,,,,,,,,,,,,,,,,,,,,,,,,,,,,,,,,,,,,,,,,,,,,,,,,,,,2.0,3.0,7620.0,61.0,4971.0,64.0,62.0,28.0,47.0,31.0,35.0,40.0,14.0,18.0,14.0,20.0,21.0,21.0,22.0,0.0,0.0,0.0,0.0,0.0,19.8,0.0,270.74,0.74,,297.0,1.0,0.0,,,,,,,,,,,,,,,,,,,,,,,,,,,,,,,,,,,,,,,,,,,,,,,,,,,,,,,,,,,,,,,,,,,,,,,,,,,,,,,,,,5.5,3.2,4.0,4.4,4.8,4.8,4.8,5.2,5.2,5.6,3.6,5.62873,5.70422,5.77085,5.87181,5.9958,6.46852,6.63793,6.7763,6.98298,7.54918,9.06017,5.53506,1.22,0.0,0.0,0.0,0.0,0.0,0.0,0.0,2.0,,,,,,,0.0,,,448.0,,0.0,0.0,0.0,0.0,88888.0,83.0,9.9,8.8,9.2,7.9,9.5,9.7,10.0,11.6,896.0,904.0,968.0,888.0,1008.0,1040.0,1080.0,1104.0,0.0,57.0,66.0,17.0,0.0,,,,,,273.52,1.02,,,,,,,,,,,,,,,,,,,,,,,,,,,,,,,,,,,,,,,,,,,,,,,,,,,,,,,,,,,,,9.999e+20,240.0,2.0,260.0,4.3,,,0.0,,,0.0,0.0,465.0,25.0,25.0,25.0,28.0,1563.0,240.0,240.0,240.0,0.0,273.1,,,,,,,,,,,,,,,,,,,,,,,,,,,,,2.0,0.4,1.2,1.2,1.2,1.2,1.6,1.6,1.6,1.6,0.8,1.6,1.6,2.0,2.0,2.0,2.0,2.4,2.4,2.4,2.8,3.6,1.6,0.6,0.0,0.0,0.0,0.0,1.0,0.0,0.0,0.0,2.0,2.4,0.0
2026040318,0.161,0.0,0.0,0.0,0.0,0.0,0.0,0.0,0.0,0.0,0.0,0.0,0.0,0.0,0.0,0.0,0.0,0.003,0.142,0.435,1.048,2.827,15.0,0.0,0.0,0.0,0.0,1.0,0.0,0.0,0.0,0.0,0.0,2.0,,,,,,,,,,,,,,,,,,,,,,,,,,,,,,,,,,,,,,,,,,,,,,,,,,,,,,,,,,,,,,,,,0.0,0.0,0.0,0.0,0.0,0.0,0.0,0.0,0.0,0.0,0.0,0.0,0.0,0.0,0.0,0.0,0.0,0.0,0.0,0.0,0.0,0.707,4.0,0.0,0.0,0.0,0.0,0.0,0.0,0.0,0.0,0.0,,,,,,,,,,,,,,,,,,,,,,,,,,,,,,,,,272.58,0.0,0.0,0.0,0.0,0.0,0.0,0.0,0.0,0.0,0.0,0.0,0.0,0.0,0.0,0.0,0.0,0.0,0.0,,,,,,,,,,,,,,,,,,,,,,,,,,,,,,,,,,,,,0.0,0.0,0.0,0.0,0.0,0.0,0.0,0.0,1.0,0.0,0.0,0.0,0.0,0.0,0.0,0.0,0.0,0.0,,,,,,,,,,,,,,,,,,,2.0,3.0,7620.0,821.0,4979.0,808.0,822.0,14.0,42.0,20.0,25.0,34.0,13.0,18.0,13.0,20.0,21.0,22.0,22.0,0.0,0.0,0.0,0.0,0.0,20.0,0.0,271.21,0.86,0.0,398.0,1.0,0.0,,,,,,,,,,,,,,,,,,,,,,,,,,0.0,0.0,0.0,0.0,0.0,0.0,0.0,0.0,0.0,0.0,0.0,0.0,0.0,,,,,,,,,,,,,,5.2,9.999e+20,,,,,,,,,,,,,,,,,,,,,,,,,,,,,6.0,3.2,4.4,4.8,4.8,5.2,5.2,5.2,5.6,5.6,4.0,5.60301,6.06289,6.10451,6.15578,6.62911,6.71685,6.83145,7.52651,7.50457,8.32093,9.37453,5.97051,1.32,0.0,0.0,0.0,0.0,0.0,0.0,0.0,2.0,2.0,9.999e+20,9.999e+20,9.999e+20,9.999e+20,9.999e+20,0.0,94.0,,616.0,,0.0,0.0,17.0,0.0,88888.0,78.0,9.3,8.0,8.4,7.1,8.8,9.2,9.4,10.9,984.0,968.0,1016.0,952.0,1064.0,1120.0,1152.0,1168.0,0.0,57.0,56.0,28.0,0.0,,,,,0.977238,274.44,1.09,,,,,,,,,,,,,,,,,,,,,,,,,,,,,,,271.423,269.28,270.701,270.65,270.792,271.122,270.932,271.227,271.157,271.163,270.291,271.236,271.315,271.275,271.452,271.66,271.472,271.876,271.767,272.424,272.756,273.038,0.0,0.0,0.0,0.0,0.0,26.0,98.0,0.0,9.999e+20,240.0,2.0,260.0,4.2,,2.0,0.0,0.0,1.0,0.0,0.0,465.0,19.0,21.0,24.0,25.0,2281.0,240.0,240.0,240.0,0.0,274.5,,,,,,,,,,,,,,,,,,,,,,,,,,,,,2.0,0.4,1.2,1.2,1.6,1.6,1.6,1.6,1.6,2.0,1.2,2.0,2.0,2.0,2.0,2.4,2.4,2.4,2.4,2.8,2.8,3.6,2.0,0.6,0.0,0.0,0.0,0.0,2.0,0.0,0.0,0.0,2.4,2.4,0.0
2026040319,,,,,,,,,,,,,,,,,,,,,,,,,,,,,,,,,0.0,2.0,,,,,,,,,,,,,,,,,,,,,,,,,,,,,,,,,,,,,,,,,,,,,,,,,,,,,,,,,,,,,,,,,,,,,,,,,,,,,,,,,,,,,,,,,,,,,,,,,,,,,,,,,,,,,,,,,,,,,,,,,,,,,,,,,273.62,0.0,0.0,0.0,0.0,0.0,0.0,0.0,0.0,0.0,0.0,0.0,0.0,0.0,0.0,0.0,0.0,0.0,0.0,,,,,,,,,,,,,,,,,,,,,,,,,,,,,,,,,,,,,,,,,,,,,,,,,,,,,,,,,,,,,,,,,,,,,,,,,2.0,3.0,7620.0,7621.0,13716.0,1424.0,88886.0,9.0,35.0,12.0,17.0,25.0,13.0,18.0,13.0,20.0,21.0,22.0,22.0,0.0,0.0,0.0,0.0,0.0,19.7,0.0,271.59,1.02,,586.0,1.0,0.0,,,,,,,,,,,,,,,,,,,,,,,,,,,,,,,,,,,,,,,,,,,,,,,,,,,,,,,,,,,,,,,,,,,,,,,,,,,,,,,,,,6.3,3.6,4.8,4.8,5.2,5.2,5.2,5.6,5.6,5.6093,4.4,6.08199,6.13683,6.19429,6.62467,6.64817,6.7642,7.66326,7.79573,8.07098,8.5688,9.51799,6.29318,1.4,0.0,0.0,0.0,0.0,0.0,0.0,0.0,6.0,,,,,,,0.0,,,672.0,,0.0,0.0,0.0,0.0,88888.0,75.0,7.4,6.7,7.5,6.3,7.9,8.3,8.7,10.0,1080.0,1064.0,1088.0,1040.0,1136.0,1216.0,1240.0,1256.0,0.0,0.0,51.0,29.0,0.0,,,,,,275.87,1.08,,,,,,,,,,,,,,,,,,,,,,,,,,,,,,,,,,,,,,,,,,,,,,,,,,,,,,,,,,,,,9.999e+20,240.0,2.4,260.0,4.3,,,0.0,,,1.0,0.0,1745.0,11.0,14.0,16.0,18.0,2682.0,240.0,240.0,240.0,0.0,276.0,,,,,,,,,,,,,,,,,,,,,,,,,,,,,2.4,0.8,1.6,1.6,1.6,1.6,2.0,2.0,2.0,2.0,1.2,2.0,2.0,2.4,2.4,2.4,2.4,2.4,2.8,2.8,3.2,3.6,2.0,0.6,0.0,0.0,0.0,0.0,1.0,0.0,0.0,0.0,2.4,2.8,0.0
2026040320,,,,,,,,,,,,,,,,,,,,,,,,,,,,,,,,,0.0,2.0,,,,,,,,,,,,,,,,,,,,,,,,,,,,,,,,,,,,,,,,,,,,,,,,,,,,,,,,,,,,,,,,,,,,,,,,,,,,,,,,,,,,,,,,,,,,,,,,,,,,,,,,,,,,,,,,,,,,,,,,,,,,,,,,,274.43,0.0,0.0,0.0,0.0,0.0,0.0,0.0,0.0,0.0,0.0,0.0,0.0,0.0,0.0,0.0,0.0,0.0,0.0,,,,,,,,,,,,,,,,,,,,,,,,,,,,,,,,,,,,,,,,,,,,,,,,,,,,,,,,,,,,,,,,,,,,,,,,,2.0,3.0,7620.0,821.0,4985.0,824.0,822.0,15.0,43.0,16.0,25.0,34.0,14.0,18.0,13.0,20.0,21.0,22.0,22.0,0.0,0.0,0.0,0.0,0.0,20.3,0.0,272.05,1.0,,641.0,1.0,0.0,,,,,,,,,,,,,,,,,,,,,,,,,,,,,,,,,,,,,,,,,,,,,,,,,,,,,,,,,,,,,,,,,,,,,,,,,,,,,,,,,,6.2,3.6,4.8,5.2,5.6,5.6,5.6,5.70343,5.83122,5.92974,4.4,6.04252,6.10162,6.204,6.70102,6.76466,6.88755,7.73769,7.91916,8.27641,8.93363,9.45823,6.18806,1.3,0.0,0.0,0.0,0.0,0.0,0.0,0.0,6.0,,,,,,,0.0,,,728.0,,0.0,0.0,0.0,0.0,88888.0,72.0,6.2,5.8,6.5,5.5,7.1,7.6,7.9,8.9,1168.0,1136.0,1168.0,1128.0,1208.0,1296.0,1352.0,1360.0,0.0,57.0,49.0,24.0,0.0,,,,,,276.59,1.08,,,,,,,,,,,,,,,,,,,,,,,,,,,,,,,,,,,,,,,,,,,,,,,,,,,,,,,,,,,,,9.999e+20,250.0,2.4,260.0,4.7,,,0.0,,,1.0,0.0,465.0,16.0,16.0,17.0,18.0,3065.0,250.0,250.0,250.0,0.0,277.2,,,,,,,,,,,,,,,,,,,,,,,,,,,,,2.4,0.8,1.6,2.0,2.0,2.0,2.0,2.0,2.0,2.0,1.2,2.4,2.4,2.4,2.4,2.4,2.4,2.8,2.8,3.2,3.6,3.60281,2.40136,0.6,0.0,0.0,0.0,0.0,2.0,0.0,0.0,0.0,2.8,2.8,0.0
2026040321,,,,,,,,,,,,,,,,,,,,,,,,,,,,,,,,,0.0,3.0,,,,,,,,,,,,,,,,,,,,,,,,,,,,,,,,,,,,,,,,,,,,,,,,,,,,,,,,,,,,,,,,,,,,,,,,,,,,,,,,,,,,,,,,,,,,,,,,,,,,,,,,,,,,,,,,,,,,,,,,,,,,,,,,,274.74,0.0,0.0,0.0,0.0,0.0,0.0,0.0,0.0,0.0,0.0,0.0,0.0,0.0,0.0,0.0,0.0,0.0,0.0,,,,,,,,,,,,,,,,,,,,,,,,,,,,,,,,,,,,,,,,,,,,,,,,,,,,,,,,,,,,,,,,,,,,,,,,,2.0,4.0,7620.0,821.0,4454.0,824.0,822.0,12.0,45.0,15.0,24.0,31.0,15.0,18.0,13.0,20.0,21.0,22.0,23.0,0.0,0.0,0.0,0.0,0.0,20.3,0.0,272.13,1.11,0.0,551.0,1.0,0.0,,,,,,,,,,,,,,,,,,,,,,,,,,,,,,,,,,,,,,,,,,,,,,,,,,,,,9.999e+20,,,,,,,,,,,,,,,,,,,,,,,,,,,,,6.5,4.0,5.2,5.2,5.6,5.6,5.6643,5.82401,6.06249,6.23899,4.4,6.2885,6.37838,6.4384,6.92273,7.02922,7.1183,7.64617,7.86297,8.18504,8.75936,9.29239,6.47508,1.22,0.0,0.0,0.0,0.0,0.0,0.0,0.0,6.0,,9.999e+20,9.999e+20,9.999e+20,9.999e+20,9.999e+20,0.0,,,792.0,,0.0,0.0,0.0,0.0,88888.0,71.0,5.5,5.1,5.5,5.0,6.2,6.9,7.1,8.1,1240.0,1208.0,1240.0,1192.0,1272.0,1392.0,1440.0,1472.0,0.0,57.0,50.0,24.0,0.0,,,,,,277.22,1.16,,,,,,,,,,,,,,,,,,,,,,,,,,,,,,,,,,,,,,,,,,,,,,,,,,,,,,,,,,,,,9.999e+20,250.0,2.4,260.0,4.7,,,0.0,0.0,,0.0,0.0,849.0,13.0,14.0,14.0,18.0,3504.0,250.0,250.0,250.0,0.0,277.2,,,,,,,,,,,,,,,,,,,,,,,,,,,,,2.4,0.8,1.6,2.0,2.0,2.0,2.0,2.4,2.4,2.4,1.6,2.4,2.4,2.4,2.4,2.8,2.8,2.8,2.8,3.2,3.6,3.78643,2.40505,0.6,0.0,0.0,0.0,0.0,3.0,0.0,0.0,0.0,2.8,3.2,0.0
2026040322,,,,,,,,,,,,,,,,,,,,,,,,,,,,,,,,,0.0,3.0,,,,,,,,,,,,,,,,,,,,,,,,,,,,,,,,,,,,,,,,,,,,,,,,,,,,,,,,,,,,,,,,,,,,,,,,,,,,,,,,,,,,,,,,,,,,,,,,,,,,,,,,,,,,,,,,,,,,,,,,,,,,,,,,,275.35,0.0,0.0,0.0,0.0,0.0,0.0,0.0,0.0,0.0,0.0,0.0,0.0,0.0,0.0,0.0,0.0,0.0,0.0,,,,,,,,,,,,,,,,,,,,,,,,,,,,,,,,,,,,,,,,,,,,,,,,,,,,,,,,,,,,,,,,,,,,,,,,,2.0,4.0,8692.0,821.0,4458.0,824.0,822.0,13.0,48.0,17.0,23.0,31.0,15.0,18.0,13.0,20.0,21.0,23.0,23.0,0.0,0.0,0.0,0.0,0.0,20.6,0.0,272.6,0.93,,629.0,0.0,0.0,,,,,,,,,,,,,,,,,,,,,,,,,,,,,,,,,,,,,,,,,,,,,,,,,,,,,,,,,,,,,,,,,,,,,,,,,,,,,,,,,,6.6,4.0,5.2,5.2,5.6,5.6,5.65864,5.76117,6.22854,6.25967,4.8,6.26804,6.44289,6.44633,6.96409,7.0371,7.51292,7.62429,7.77642,8.36298,8.72416,9.34325,6.57006,1.22,0.0,0.0,0.0,0.0,0.0,0.0,0.0,5.0,,,,,,,0.0,,,784.0,,0.0,0.0,0.0,0.0,88888.0,71.0,5.0,4.9,5.4,4.7,5.9,6.3,6.6,7.7,1304.0,1264.0,1296.0,1224.0,1344.0,1416.0,1480.0,1496.0,22.0,57.0,27.0,19.0,0.0,,,,,,277.36,1.13,,,,,,,,,,,,,,,,,,,,,,,,,,,,,,,,,,,,,,,,,,,,,,,,,,,,,,,,,,,,,9.999e+20,250.0,2.4,260.0,4.9,,,0.0,,,1.0,0.0,11089.0,8.0,8.0,8.0,13.0,3463.0,250.0,250.0,250.0,0.0,277.5,,,,,,,,,,,,,,,,,,,,,,,,,,,,,2.4,1.2,2.0,2.0,2.0,2.0,2.0,2.4,2.4,2.4,1.6,2.4,2.4,2.4,2.4,2.4,2.8,2.8,2.8,3.2,3.2,3.86453,2.41449,0.5,0.0,0.0,0.0,0.0,2.0,0.0,0.0,0.0,2.8,3.2,0.0
2026040323,,,,,,,,,,,,,,,,,,,,,,,,,,,,,,,,,0.0,3.0,,,,,,,,,,,,,,,,,,,,,,,,,,,,,,,,,,,,,,,,,,,,,,,,,,,,,,,,,,,,,,,,,,,,,,,,,,,,,,,,,,,,,,,,,,,,,,,,,,,,,,,,,,,,,,,,,,,,,,,,,,,,,,,,,275.21,0.0,0.0,0.0,0.0,0.0,0.0,0.0,0.0,0.0,0.0,0.0,0.0,0.0,0.0,0.0,0.0,0.0,0.0,,,,,,,,,,,,,,,,,,,,,,,,,,,,,,,,,,,,,,,,,,,,,,,,,,,,,,,,,,,,,,,,,,,,,,,,,3.0,5.0,7620.0,821.0,2934.0,824.0,822.0,11.0,46.0,15.0,22.0,28.0,15.0,19.0,14.0,20.0,21.0,23.0,23.0,0.0,0.0,0.0,0.0,0.0,20.9,0.0,272.99,1.03,,522.0,1.0,0.0,,,,,,,,,,,,,,,,,,,,,,,,,,,,,,,,,,,,,,,,,,,,,,,,,,,,,,,,,,,,,,,,,,,,,,,,,,,,,,,,,,6.4,4.0,5.2,5.6,5.6,5.6,5.62908,5.82991,5.94499,6.1024,4.8,6.20541,6.71281,6.80155,6.8982,6.97559,7.58021,7.73809,7.94074,8.09545,8.29165,9.46653,6.38314,1.1,0.0,0.0,0.0,0.0,0.0,0.0,0.0,2.0,,,,,,,0.0,,,776.0,,1.0,0.0,0.0,0.0,88888.0,73.0,4.7,4.7,5.1,4.4,5.4,5.7,6.0,7.7,1336.0,1320.0,1352.0,1264.0,1400.0,1448.0,1512.0,1536.0,0.0,57.0,39.0,28.0,0.0,,,,,,277.31,1.11,,,,,,,,,,,,,,,,,,,,,,,,,,,,,,,,,,,,,,,,,,,,,,,,,,,,,,,,,,,,,9.999e+20,250.0,2.4,260.0,4.8,,,0.0,,,1.0,0.0,849.0,11.0,11.0,12.0,20.0,3291.0,250.0,250.0,250.0,0.0,276.3,,,,,,,,,,,,,,,,,,,,,,,,,,,,,2.4,1.2,2.0,2.0,2.0,2.0,2.0,2.4,2.4,2.4,1.6,2.4,2.4,2.4,2.4,2.4,2.8,2.8,2.8,3.2,3.2,3.6,2.41165,0.5,0.0,0.0,0.0,0.0,1.0,0.0,0.0,0.0,2.8,3.2,0.0
2026040400,0.039,0.0,0.0,0.0,0.0,0.0,0.0,0.0,0.0,0.0,0.0,0.0,0.0,0.0,0.0,0.0,0.0,0.0,0.0,0.0,0.095,1.138,7.0,0.0,0.0,0.0,0.0,0.0,0.0,0.0,0.0,0.0,0.0,3.0,0.869,0.0,0.0,0.0,0.0,0.0,0.0,0.0,0.0,0.046,0.0,0.154,0.27,0.403,0.566,0.785,1.057,1.377,1.86,2.608,3.849,8.336,46.0,0.0,0.0,0.0,0.0,0.0,0.0,0.0,2.0,0.0,,,,,,,,,,,,,,,,,,,,,,,,,,,,,,,,,0.0,0.0,0.0,0.0,0.0,0.0,0.0,0.0,0.0,0.0,0.0,0.0,0.0,0.0,0.0,0.0,0.0,0.0,0.0,0.0,0.0,0.15,4.0,0.0,0.0,0.0,0.0,0.0,0.0,0.0,0.0,0.0,,,,,,,,,,,,,,,,,,,,,,,,,,,,,,,,,274.89,0.0,0.0,0.0,0.0,0.0,0.0,0.0,0.0,0.0,0.0,0.0,0.0,0.0,0.0,0.0,0.0,0.0,0.0,,,,,,,,,,,,,,,,,,,,,,,,,,,,,,,,,,,,,0.0,0.0,0.0,0.0,0.0,0.0,0.0,0.0,0.0,0.0,0.0,0.0,0.0,0.0,0.0,0.0,0.0,0.0,,,,,,,,,,,,,,,,,,,3.0,5.0,7620.0,821.0,2512.0,824.0,822.0,17.0,45.0,20.0,24.0,31.0,15.0,18.0,14.0,20.0,21.0,21.0,22.0,0.0,0.0,0.0,0.0,0.0,19.9,0.0,273.09,0.96,0.0,390.0,0.0,0.0,,,,,,,,,,,,,,,,,,,,,,,,,,0.0,0.0,0.0,0.0,0.0,0.0,0.0,0.0,0.0,0.0,0.0,0.0,0.0,,,,,,,,,,,,,,7.0,9.999e+20,,,,,,,,,,,,,,,,,,,,,,,,,,,,,6.7,4.4,5.2,5.6,5.6,5.6,6.0,6.0,6.16743,6.37213,4.8,6.51975,6.59439,6.69397,6.81682,6.94075,7.41541,7.59215,7.41897,7.65798,7.95693,9.22789,6.2666,1.02,0.0,0.0,0.0,0.0,0.0,0.0,0.0,2.0,2.0,9.999e+20,9.999e+20,9.999e+20,9.999e+20,9.999e+20,0.0,,,720.0,0.0,1.0,0.0,0.0,0.0,88888.0,76.0,4.7,4.2,4.7,4.0,5.0,5.5,5.8,7.4,1352.0,1368.0,1408.0,1304.0,1440.0,1496.0,1552.0,1576.0,0.0,57.0,46.0,30.0,0.0,277.71,1.02,,,,276.9,1.02,,,,,,,,,,,,,,,,,,,,,,,,,,,,,,,,,,,,,,,,,,,,,,,,,,,,,,,,,,,,,9.999e+20,250.0,2.4,260.0,4.5,,1.0,0.0,0.0,1.0,1.0,0.0,465.0,15.0,16.0,18.0,24.0,3005.0,250.0,250.0,250.0,0.0,276.4,,,,,,,,,,,,,,,,,,,,,,,,,,,,,2.4,1.2,2.0,2.0,2.0,2.0,2.0,2.4,2.4,2.4,1.6,2.4,2.4,2.4,2.4,2.4,2.8,2.8,2.8,2.8,3.2,3.6,2.40439,0.4,0.0,0.0,0.0,0.0,1.0,0.0,0.0,0.0,2.8,3.2,0.0
2026040401,,,,,,,,,,,,,,,,,,,,,,,,,,,,,,,,,0.0,3.0,,,,,,,,,,,,,,,,,,,,,,,,,,,,,,,,,,,,,,,,,,,,,,,,,,,,,,,,,,,,,,,,,,,,,,,,,,,,,,,,,,,,,,,,,,,,,,,,,,,,,,,,,,,,,,,,,,,,,,,,,,,,,,,,,274.18,0.0,0.0,0.0,0.0,0.0,0.0,0.0,0.0,0.0,0.0,0.0,0.0,0.0,0.0,0.0,0.0,0.0,0.0,,,,,,,,,,,,,,,,,,,,,,,,,,,,,,,,,,,,,,,,,,,,,,,,,,,,,,,,,,,,,,,,,,,,,,,,,4.0,6.0,8286.0,93.0,2511.0,88.0,94.0,20.0,48.0,23.0,26.0,28.0,15.0,18.0,15.0,20.0,20.0,21.0,21.0,0.0,0.0,0.0,0.0,0.0,19.5,0.0,273.21,0.82,,181.0,0.0,0.0,,,,,,,,,,,,,,,,,,,,,,,,,,,,,,,,,,,,,,,,,,,,,,,,,,,,,,,,,,,,,,,,,,,,,,,,,,,,,,,,,,5.6,4.0,4.8,5.2,5.2,5.2,5.2,5.2,5.6,5.70971,4.4,5.80441,5.85356,5.99886,6.0754,6.17163,6.26093,6.77512,6.85474,7.04785,7.39023,8.4147,6.01653,0.9,0.0,0.0,0.0,0.0,0.0,0.0,0.0,0.0,,,,,,,0.0,,,528.0,,1.0,0.0,0.0,0.0,88888.0,80.0,4.6,4.1,4.6,4.0,5.0,5.5,5.9,7.2,1344.0,1360.0,1400.0,1288.0,1432.0,1464.0,1520.0,1536.0,43.0,57.0,43.0,33.0,0.0,,,,,,276.42,0.83,,,,,,,,,,,,,,,,,,,,,,,,,,,,,,,,,,,,,,,,,,,,,,,,,,,,,,,,,,,,,9.999e+20,250.0,2.0,260.0,4.6,,,0.0,,,1.0,0.002,849.0,16.0,18.0,19.0,25.0,2152.0,250.0,250.0,250.0,0.0,275.3,,,,,,,,,,,,,,,,,,,,,,,,,,,,,2.0,1.2,1.6,1.6,2.0,2.0,2.0,2.0,2.0,2.0,1.6,2.0,2.0,2.0,2.4,2.4,2.4,2.4,2.4,2.4,2.8,3.2,2.0,0.4,0.0,0.0,0.0,0.0,0.0,0.0,0.0,0.0,2.4,2.8,0.0
2026040402,,,,,,,,,,,,,,,,,,,,,,,,,,,,,,,,,0.0,2.0,,,,,,,,,,,,,,,,,,,,,,,,,,,,,,,,,,,,,,,,,,,,,,,,,,,,,,,,,,,,,,,,,,,,,,,,,,,,,,,,,,,,,,,,,,,,,,,,,,,,,,,,,,,,,,,,,,,,,,,,,,,,,,,,,273.29,0.0,0.0,0.0,0.0,0.0,0.0,0.0,0.0,0.0,0.0,0.0,0.0,0.0,0.0,0.0,0.0,0.0,0.0,,,,,,,,,,,,,,,,,,,,,,,,,,,,,,,,,,,,,,,,,,,,,,,,,,,,,,,,,,,,,,,,,,,,,,,,,2.0,3.0,8296.0,89.0,2515.0,88.0,88.0,23.0,51.0,26.0,28.0,32.0,16.0,17.0,15.0,20.0,21.0,22.0,22.0,0.0,0.0,0.0,0.0,0.0,19.6,0.0,272.79,0.88,,66.0,0.0,0.0,,,,,,,,,,,,,,,,,,,,,,,,,,,,,,,,,,,,,,,,,,,,,,,,,,,,,,,,,,,,,,,,,,,,,,,,,,,,,,,,,,5.4,3.2,4.4,4.4,4.4,4.8,4.8,4.8,4.8,5.2,4.0,5.2,5.2,5.2,5.6,5.61748,5.71238,6.25145,6.40567,6.5428,6.70876,7.48526,5.35573,0.9,0.0,0.0,0.0,0.0,0.0,0.0,0.0,0.0,,,,,,,0.0,,,312.0,,1.0,0.0,0.0,0.0,88888.0,84.0,4.5,4.1,4.5,3.9,4.9,5.5,6.2,7.0,1328.0,1352.0,1384.0,1288.0,1416.0,1464.0,1488.0,1504.0,64.0,57.0,36.0,30.0,0.0,,,,,,275.37,0.88,,,,,,,,,,,,,,,,,,,,,,,,,,,,,,,,,,,,,,,,,,,,,,,,,,,,,,,,,,,,,9.999e+20,260.0,2.0,260.0,3.8,,,0.0,,,1.0,0.0,384.0,18.0,20.0,22.0,27.0,939.0,260.0,260.0,260.0,0.0,274.9,,,,,,,,,,,,,,,,,,,,,,,,,,,,,2.0,0.8,1.2,1.6,1.6,1.6,1.6,1.6,1.6,1.6,1.2,2.0,2.0,2.0,2.0,2.0,2.0,2.0,2.4,2.4,2.4,2.8,2.0,0.4,0.0,0.0,0.0,0.0,0.0,0.0,0.0,0.0,2.0,2.4,0.0
2026040403,,,,,,,,,,,,,,,,,,,,,,,,,,,,,,,,,0.0,2.0,,,,,,,,,,,,,,,,,,,,,,,,,,,,,,,,,,,,,,,,,,,,,,,,,,,,,,,,,,,,,,,,,,,,,,,,,,,,,,,,,,,,,,,,,,,,,,,,,,,,,,,,,,,,,,,,,,,,,,,,,,,,,,,,,272.8,0.0,0.0,0.0,0.0,0.0,0.0,0.0,0.0,0.0,0.0,0.0,0.0,0.0,0.0,0.0,0.0,0.0,0.0,,,,,,,,,,,,,,,,,,,,,,,,,,,,,,,,,,,,,,,,,,,,,,,,,,,,,,,,,,,,,,,,,,,,,,,,,1.0,2.0,8296.0,65.0,1802.0,64.0,64.0,22.0,50.0,25.0,25.0,28.0,16.0,18.0,15.0,20.0,22.0,23.0,23.0,0.0,0.0,0.0,0.0,0.0,20.5,0.0,272.58,0.84,0.0,20.0,1.0,0.0,,,,,,,,,,,,,,,,,,,,,,,,,,,,,,,,,,,,,,,,,,,,,,,,,,,,,9.999e+20,,,,,,,,,,,,,,,,,,,,,,,,,,,,,4.5,2.4,3.2,3.6,3.6,4.0,4.0,4.4,4.4,4.4,2.8,4.4,4.8,4.8,4.8,5.2,5.30263,5.48881,5.60348,6.12979,6.31465,6.55727,4.54146,1.02,0.0,0.0,0.0,0.0,0.0,0.0,0.0,0.0,,9.999e+20,9.999e+20,9.999e+20,9.999e+20,9.999e+20,0.0,,,184.0,,1.0,0.0,0.0,0.0,88888.0,88.0,4.4,4.1,4.4,3.8,4.9,5.5,6.3,7.1,1288.0,1312.0,1352.0,1264.0,1416.0,1456.0,1472.0,1488.0,65.0,57.0,24.0,27.0,0.0,,,,,,274.59,0.84,,,,,,,,,,,,,,,,,,,,,,,,,,,,,,,,,,,,,,,,,,,,,,,,,,,,,,,,,,,,,9.999e+20,250.0,1.6,270.0,3.3,,,0.0,0.0,,1.0,0.0,384.0,21.0,24.0,24.0,29.0,389.0,250.0,250.0,250.0,0.0,273.8,,,,,,,,,,,,,,,,,,,,,,,,,,,,,1.6,0.4,0.8,1.2,1.2,1.2,1.2,1.2,1.6,1.6,0.8,1.6,1.6,1.6,1.6,1.6,1.6,2.0,2.0,2.0,2.4,2.4,1.6,0.4,0.0,0.0,0.0,0.0,0.0,0.0,0.0,0.0,1.6,2.0,0.0
2026040404,,,,,,,,,,,,,,,,,,,,,,,,,,,,,,,,,0.0,2.0,,,,,,,,,,,,,,,,,,,,,,,,,,,,,,,,,,,,,,,,,,,,,,,,,,,,,,,,,,,,,,,,,,,,,,,,,,,,,,,,,,,,,,,,,,,,,,,,,,,,,,,,,,,,,,,,,,,,,,,,,,,,,,,,,273.65,0.0,0.0,0.0,0.0,0.0,0.0,0.0,0.0,0.0,0.0,0.0,0.0,0.0,0.0,0.0,0.0,0.0,0.0,,,,,,,,,,,,,,,,,,,,,,,,,,,,,,,,,,,,,,,,,,,,,,,,,,,,,,,,,,,,,,,,,,,,,,,,,1.0,1.0,7620.0,89.0,1100.0,88.0,88.0,17.0,50.0,19.0,22.0,27.0,18.0,19.0,17.0,21.0,22.0,25.0,25.0,0.0,0.0,0.0,0.0,0.0,21.8,0.0,272.05,0.92,,15.0,1.0,0.0,,,,,,,,,,,,,,,,,,,,,,,,,,,,,,,,,,,,,,,,,,,,,,,,,,,,,,,,,,,,,,,,,,,,,,,,,,,,,,,,,,4.1,2.4,3.2,3.2,3.2,3.6,3.6,3.6,4.0,4.0,2.8,4.0,4.4,4.4,4.4,4.41478,4.91506,5.01093,5.49186,5.63637,5.90216,6.75806,4.1285,1.02,0.0,0.0,0.0,0.0,0.0,0.0,0.0,0.0,,,,,,,0.0,,,176.0,,0.0,0.0,0.0,0.0,88888.0,89.0,4.3,4.2,4.5,3.8,4.9,5.5,6.2,7.0,1248.0,1272.0,1312.0,1240.0,1400.0,1432.0,1456.0,1472.0,0.0,57.0,17.0,22.0,0.0,,,,,,273.66,0.89,,,,,,,,,,,,,,,,,,,,,,,,,,,,,,,,,,,,,,,,,,,,,,,,,,,,,,,,,,,,,9.999e+20,240.0,1.2,270.0,3.4,,,0.0,,,1.0,0.0,384.0,14.0,15.0,16.0,28.0,373.0,240.0,240.0,240.0,0.0,273.1,,,,,,,,,,,,,,,,,,,,,,,,,,,,,1.2,0.4,0.8,0.8,0.8,1.2,1.2,1.2,1.2,1.2,0.8,1.2,1.2,1.2,1.6,1.6,1.6,1.6,2.0,2.0,2.0,2.4,1.2,0.4,0.0,0.0,0.0,0.0,0.0,0.0,0.0,0.0,1.6,1.6,0.0
2026040405,,,,,,,,,,,,,,,,,,,,,,,,,,,,,,,,,0.0,1.0,,,,,,,,,,,,,,,,,,,,,,,,,,,,,,,,,,,,,,,,,,,,,,,,,,,,,,,,,,,,,,,,,,,,,,,,,,,,,,,,,,,,,,,,,,,,,,,,,,,,,,,,,,,,,,,,,,,,,,,,,,,,,,,,,272.91,0.0,0.0,0.0,0.0,0.0,0.0,0.0,0.0,0.0,0.0,0.0,0.0,0.0,0.0,0.0,0.0,0.0,0.0,,,,,,,,,,,,,,,,,,,,,,,,,,,,,,,,,,,,,,,,,,,,,,,,,,,,,,,,,,,,,,,,,,,,,,,,,0.0,0.0,7876.0,1065.0,1547.0,1064.0,1064.0,15.0,44.0,17.0,21.0,28.0,19.0,20.0,19.0,21.0,23.0,26.0,27.0,0.0,0.0,0.0,0.0,0.0,22.5,0.0,271.29,0.98,,12.0,1.0,0.0,,,,,,,,,,,,,,,,,,,,,,,,,,,,,,,,,,,,,,,,,,,,,,,,,,,,,,,,,,,,,,,,,,,,,,,,,,,,,,,,,,4.1,2.0,2.8,3.2,3.2,3.2,3.6,3.6,3.6,4.0,2.8,4.0,4.0,4.0,4.0,4.02706,4.57582,4.64469,5.10898,5.28582,5.85281,6.84331,4.14636,0.92,0.0,0.0,0.0,0.0,0.0,0.0,0.0,0.0,,,,,,,0.0,,,184.0,,0.0,0.0,0.0,0.0,88888.0,89.0,4.1,4.2,4.5,3.9,4.8,5.4,6.1,6.9,1224.0,1224.0,1280.0,1200.0,1368.0,1408.0,1432.0,1456.0,23.0,57.0,22.0,20.0,0.0,,,,,,273.12,0.96,,,,,,,,,,,,,,,,,,,,,,,,,,,,,,,,,,,,,,,,,,,,,,,,,,,,,,,,,,,,,9.999e+20,240.0,1.2,270.0,3.0,,,0.0,,,0.0,0.0,384.0,11.0,12.0,14.0,25.0,363.0,240.0,240.0,240.0,0.0,272.4,,,,,,,,,,,,,,,,,,,,,,,,,,,,,1.2,0.4,0.8,0.8,0.8,0.8,0.8,0.8,1.2,1.2,0.8,1.2,1.2,1.2,1.2,1.2,1.2,1.6,1.6,1.6,2.0,2.4,1.2,0.4,0.0,0.0,0.0,0.0,0.0,0.0,0.0,0.0,1.6,1.6,0.0
2026040406,0.038,0.0,0.0,0.0,0.0,0.0,0.0,0.0,0.0,0.0,0.0,0.0,0.0,0.0,0.0,0.0,0.0,0.0,0.0,0.0,0.019,1.09,4.0,0.0,0.0,0.0,0.0,0.0,0.0,0.0,0.0,0.0,0.0,1.0,0.254,0.0,0.0,0.0,0.0,0.0,0.0,0.0,0.0,0.0,0.0,0.0,0.0,0.0,0.0,0.0,0.0,0.044,0.301,0.76,1.598,4.223,16.0,0.0,0.0,0.0,0.0,0.0,0.0,0.0,0.0,0.0,,,,,,,,,,,,,,,,,,,,,,,,,,,,,,,,,0.0,0.0,0.0,0.0,0.0,0.0,0.0,0.0,0.0,0.0,0.0,0.0,0.0,0.0,0.0,0.0,0.0,0.0,0.0,0.0,0.0,0.281,4.0,0.0,0.0,0.0,0.0,0.0,0.0,0.0,0.0,0.0,,,,,,,,,,,,,,,,,,,,,,,,,,,,,,,,,272.73,0.0,0.0,0.0,0.0,0.0,0.0,0.0,0.0,0.0,0.0,0.0,0.0,0.0,0.0,0.0,0.0,0.0,0.0,0.008,0.0,0.0,0.0,0.0,0.0,0.0,0.003,6.0,1.0,0.0,0.0,0.0,0.0,0.0,0.0,0.0,0.0,,,,,,,,,,,,,,,,,,,0.0,0.0,0.0,0.0,0.0,0.0,0.0,0.0,0.0,0.0,0.0,0.0,0.0,0.0,0.0,0.0,0.0,0.0,,,,,,,,,,,,,,,,,,,0.0,1.0,7620.0,65.0,1293.0,64.0,64.0,19.0,41.0,19.0,21.0,26.0,20.0,21.0,19.0,23.0,24.0,27.0,28.0,0.0,0.0,0.0,0.0,0.0,23.1,0.0,271.08,1.13,0.0,10.0,1.0,0.0,0.0,0.0,0.0,0.0,0.0,0.0,0.0,0.0,0.0,0.0,0.0,0.0,0.0,,,,,,,,,,,,,0.0,0.0,0.0,0.0,0.0,0.0,0.0,0.0,0.0,0.0,0.0,0.0,0.0,,,,,,,,,,,,,,5.2,9.999e+20,10.7252,7.53839,9.28905,9.46417,9.70115,10.0837,10.2207,10.1603,10.2746,10.3899,9.24034,10.515,10.699,10.857,11.0322,11.1926,11.3476,11.4701,11.5661,12.215,12.5111,13.4274,22.0,0.0,0.0,0.0,0.0,0.0,3.9,2.0,2.8,2.8,3.2,3.2,3.2,3.6,3.6,3.6,2.4,3.6,4.01241,4.09214,4.13405,4.18334,4.33533,4.52713,4.58634,5.0656,5.59474,6.9319,3.86,1.02,0.0,0.0,0.0,0.0,0.0,0.0,0.0,0.0,3.0,9.999e+20,9.999e+20,9.999e+20,9.999e+20,9.999e+20,0.0,,71.0,176.0,,0.0,0.0,0.0,0.0,88888.0,88.0,4.1,4.2,4.5,3.9,4.8,5.3,6.1,6.8,1208.0,1184.0,1232.0,1144.0,1344.0,1392.0,1416.0,1440.0,0.0,57.0,21.0,27.0,0.0,,,,,0.909318,272.65,1.11,277.931,275.066,276.734,276.874,276.967,277.173,277.338,277.547,277.646,277.76,275.97,277.86,277.91,277.988,278.088,278.223,278.361,278.617,278.819,278.971,279.26,280.553,0.0,0.0,0.0,0.0,0.0,0.0,0.0,0.0,,,,,,,,,,,,,,,,,,,,,,,,,,,,,,,9.999e+20,230.0,1.2,270.0,3.2,0.0,1.0,0.0,0.0,0.0,0.0,0.002,16256.0,3.0,6.0,11.0,16.0,360.0,230.0,230.0,230.0,0.0,272.5,4.3786,3.2,3.6,3.6,4.0,4.0,4.0,4.0,4.0,4.4,3.2,4.4,4.4,4.4,4.4,4.52811,4.55118,4.60142,4.61588,5.06955,5.14079,5.67952,0.0,0.0,0.0,0.0,1.0,0.0,1.2,0.4,0.8,0.8,0.8,0.8,0.8,0.8,0.8,1.2,0.4,1.2,1.2,1.2,1.2,1.2,1.2,1.6,1.6,1.6,2.0,2.4,1.2,0.4,0.0,0.0,0.0,0.0,0.0,0.0,0.0,0.0,1.6,1.6,0.0
2026040407,,,,,,,,,,,,,,,,,,,,,,,,,,,,,,,,,0.0,1.0,,,,,,,,,,,,,,,,,,,,,,,,,,,,,,,,,,,,,,,,,,,,,,,,,,,,,,,,,,,,,,,,,,,,,,,,,,,,,,,,,,,,,,,,,,,,,,,,,,,,,,,,,,,,,,,,,,,,,,,,,,,,,,,,,272.38,0.0,0.0,0.0,0.0,0.0,0.0,0.0,0.0,0.0,0.0,0.0,0.0,0.0,0.0,0.0,0.0,0.0,0.0,,,,,,,,,,,,,,,,,,,,,,,,,,,,,,,,,,,,,,,,,,,,,,,,,,,,,,,,,,,,,,,,,,,,,,,,,0.0,0.0,7620.0,65.0,805.0,64.0,64.0,20.0,42.0,20.0,23.0,26.0,21.0,21.0,20.0,23.0,24.0,27.0,27.0,0.0,0.0,0.0,0.0,0.0,23.4,0.0,270.84,1.19,,0.0,1.0,0.0,,,,,,,,,,,,,,,,,,,,,,,,,,,,,,,,,,,,,,,,,,,,,,,,,,,,,,,,,,,,,,,,,,,,,,,,,,,,,,,,,,3.8,1.6,2.8,2.8,3.2,3.2,3.2,3.2,3.6,3.6,2.4,3.6,3.6121,3.66422,4.14455,4.21822,4.28587,4.44169,4.4949,4.56066,5.47777,6.71396,3.82449,1.0,0.0,0.0,0.0,0.0,0.0,0.0,0.0,0.0,,,,,,,0.0,,,184.0,,0.0,0.0,0.0,0.0,88888.0,89.0,3.9,4.0,4.3,3.7,4.6,5.1,5.9,7.0,1200.0,1136.0,1216.0,1104.0,1336.0,1392.0,1416.0,1432.0,0.0,57.0,15.0,22.0,0.0,,,,,,272.41,1.2,,,,,,,,,,,,,,,,,,,,,,,,,,,,,,,,,,,,,,,,,,,,,,,,,,,,,,,,,,,,,9.999e+20,230.0,1.2,260.0,2.5,,,0.0,,,0.0,0.0,384.0,11.0,12.0,12.0,26.0,313.0,230.0,230.0,230.0,0.0,272.1,,,,,,,,,,,,,,,,,,,,,,,,,,,,,1.2,0.4,0.8,0.8,0.8,0.8,0.8,0.8,0.8,1.2,0.4,1.2,1.2,1.2,1.2,1.2,1.2,1.6,1.6,1.6,2.0,2.4,1.2,0.4,0.0,0.0,0.0,0.0,0.0,0.0,0.0,0.0,1.2,1.6,0.0
2026040408,,,,,,,,,,,,,,,,,,,,,,,,,,,,,,,,,0.0,1.0,,,,,,,,,,,,,,,,,,,,,,,,,,,,,,,,,,,,,,,,,,,,,,,,,,,,,,,,,,,,,,,,,,,,,,,,,,,,,,,,,,,,,,,,,,,,,,,,,,,,,,,,,,,,,,,,,,,,,,,,,,,,,,,,,272.28,0.0,0.0,0.0,0.0,0.0,0.0,0.0,0.0,0.0,0.0,0.0,0.0,0.0,0.0,0.0,0.0,0.0,0.0,,,,,,,,,,,,,,,,,,,,,,,,,,,,,,,,,,,,,,,,,,,,,,,,,,,,,,,,,,,,,,,,,,,,,,,,,0.0,0.0,7620.0,65.0,364.0,64.0,64.0,21.0,42.0,22.0,26.0,28.0,21.0,22.0,20.0,23.0,24.0,27.0,27.0,0.0,0.0,0.0,0.0,0.0,23.7,0.0,270.79,1.26,,0.0,1.0,0.0,,,,,,,,,,,,,,,,,,,,,,,,,,,,,,,,,,,,,,,,,,,,,,,,,,,,,,,,,,,,,,,,,,,,,,,,,,,,,,,,,,3.9,1.6,2.4,2.8,3.2,3.2,3.2,3.6,3.6,3.6,2.4,3.6,3.61611,3.6972,3.77053,3.83016,3.92887,4.40447,4.46603,4.93907,5.47771,6.66661,3.8506,0.92,0.0,0.0,0.0,0.0,0.0,0.0,0.0,0.0,,,,,,,0.0,,,184.0,,0.0,0.0,0.0,0.0,88888.0,89.0,3.9,3.8,4.2,3.6,4.4,4.9,5.7,7.2,1192.0,1104.0,1192.0,1088.0,1336.0,1392.0,1416.0,1432.0,0.0,57.0,8.0,23.0,0.0,,,,,,272.04,1.26,,,,,,,,,,,,,,,,,,,,,,,,,,,,,,,,,,,,,,,,,,,,,,,,,,,,,,,,,,,,,9.999e+20,230.0,1.2,260.0,2.5,,,0.0,,,1.0,0.0,384.0,12.0,14.0,16.0,27.0,309.0,230.0,230.0,230.0,0.0,272.1,,,,,,,,,,,,,,,,,,,,,,,,,,,,,1.2,0.0,0.8,0.8,0.8,0.8,0.8,0.8,0.8,1.2,0.4,1.2,1.2,1.2,1.2,1.2,1.2,1.6,1.6,1.6,2.0,2.4,1.2,0.52,0.0,0.0,0.0,0.0,0.0,0.0,0.0,0.0,1.2,1.6,0.0
2026040409,,,,,,,,,,,,,,,,,,,,,,,,,,,,,,,,,0.0,1.0,,,,,,,,,,,,,,,,,,,,,,,,,,,,,,,,,,,,,,,,,,,,,,,,,,,,,,,,,,,,,,,,,,,,,,,,,,,,,,,,,,,,,,,,,,,,,,,,,,,,,,,,,,,,,,,,,,,,,,,,,,,,,,,,,271.84,0.0,0.0,0.0,0.0,0.0,0.0,0.0,0.0,0.0,0.0,0.0,0.0,0.0,0.0,0.0,0.0,0.0,0.0,,,,,,,,,,,,,,,,,,,,,,,,,,,,,,,,,,,,,,,,,,,,,,,,,,,,,,,,,,,,,,,,,,,,,,,,,0.0,0.0,7620.0,65.0,364.0,64.0,64.0,22.0,39.0,22.0,23.0,26.0,21.0,23.0,21.0,23.0,25.0,28.0,28.0,0.0,0.0,0.0,0.0,0.0,24.3,0.0,270.3,1.18,0.0,0.0,1.0,0.0,,,,,,,,,,,,,,,,,,,,,,,,,,,,,,,,,,,,,,,,,,,,,,,,,,,,,9.999e+20,,,,,,,,,,,,,,,,,,,,,,,,,,,,,3.8,1.2,2.8,2.8,3.2,3.2,3.2,3.6,3.6,3.6,2.4,3.6,4.01072,3.712,3.80903,4.25094,4.31011,4.40004,4.45523,4.94954,5.52057,6.57846,3.83045,1.0,0.0,0.0,0.0,0.0,0.0,0.0,0.0,0.0,,9.999e+20,9.999e+20,9.999e+20,9.999e+20,9.999e+20,0.0,,,184.0,,0.0,0.0,0.0,0.0,88888.0,89.0,3.7,3.6,4.0,3.4,4.3,4.8,5.5,7.4,1192.0,1064.0,1152.0,1032.0,1344.0,1392.0,1416.0,1432.0,0.0,57.0,17.0,25.0,0.0,,,,,,271.86,1.17,,,,,,,,,,,,,,,,,,,,,,,,,,,,,,,,,,,,,,,,,,,,,,,,,,,,,,,,,,,,,9.999e+20,220.0,1.2,260.0,2.5,,,0.0,0.0,,1.0,0.0,7936.0,8.0,10.0,12.0,25.0,312.0,220.0,220.0,220.0,0.0,271.7,,,,,,,,,,,,,,,,,,,,,,,,,,,,,1.2,0.0,0.8,0.8,0.8,0.8,0.8,0.8,0.8,1.2,0.4,1.2,1.2,1.2,1.2,1.2,1.2,1.6,1.6,1.6,2.0,2.4,1.2,0.52,0.0,0.0,0.0,0.0,0.0,0.0,0.0,0.0,1.6,1.6,0.0
2026040410,,,,,,,,,,,,,,,,,,,,,,,,,,,,,,,,,0.0,0.0,,,,,,,,,,,,,,,,,,,,,,,,,,,,,,,,,,,,,,,,,,,,,,,,,,,,,,,,,,,,,,,,,,,,,,,,,,,,,,,,,,,,,,,,,,,,,,,,,,,,,,,,,,,,,,,,,,,,,,,,,,,,,,,,,271.73,0.0,0.0,0.0,0.0,0.0,0.0,0.0,0.0,0.0,0.0,0.0,0.0,0.0,0.0,0.0,0.0,0.0,0.0,,,,,,,,,,,,,,,,,,,,,,,,,,,,,,,,,,,,,,,,,,,,,,,,,,,,,,,,,,,,,,,,,,,,,,,,,0.0,0.0,7620.0,65.0,364.0,64.0,64.0,23.0,35.0,23.0,23.0,25.0,21.0,23.0,21.0,24.0,25.0,28.0,28.0,0.0,0.0,0.0,0.0,0.0,24.7,0.0,270.09,1.15,,0.0,1.0,0.0,,,,,,,,,,,,,,,,,,,,,,,,,,,,,,,,,,,,,,,,,,,,,,,,,,,,,,,,,,,,,,,,,,,,,,,,,,,,,,,,,,3.8,1.2,2.4,2.8,2.8,3.2,3.2,3.2,3.6,3.6,2.0,3.6,3.60592,3.6936,3.74531,4.22285,4.26609,4.30825,4.35725,4.83185,5.37399,6.11539,3.77212,1.0,0.0,0.0,0.0,0.0,0.0,0.0,0.0,0.0,,,,,,,0.0,,,184.0,,0.0,0.0,0.0,0.0,88888.0,88.0,3.5,3.4,3.7,3.0,4.1,4.6,5.3,6.8,1200.0,1056.0,1128.0,1024.0,1352.0,1400.0,1424.0,1440.0,0.0,57.0,7.0,26.0,0.0,,,,,,271.73,1.18,,,,,,,,,,,,,,,,,,,,,,,,,,,,,,,,,,,,,,,,,,,,,,,,,,,,,,,,,,,,,9.999e+20,210.0,1.2,250.0,2.8,,,0.0,,,0.0,0.0,384.0,20.0,24.0,24.0,31.0,316.0,210.0,210.0,210.0,0.0,271.9,,,,,,,,,,,,,,,,,,,,,,,,,,,,,1.2,0.0,0.8,0.8,0.8,0.8,0.8,0.8,0.8,0.8,0.4,0.8,1.2,1.2,1.2,1.2,1.2,1.6,1.6,1.6,2.0,2.4,1.2,0.52,0.0,0.0,0.0,0.0,0.0,0.0,0.0,0.0,1.2,1.6,0.0
2026040411,,,,,,,,,,,,,,,,,,,,,,,,,,,,,,,,,0.0,0.0,,,,,,,,,,,,,,,,,,,,,,,,,,,,,,,,,,,,,,,,,,,,,,,,,,,,,,,,,,,,,,,,,,,,,,,,,,,,,,,,,,,,,,,,,,,,,,,,,,,,,,,,,,,,,,,,,,,,,,,,,,,,,,,,,271.66,0.0,0.0,0.0,0.0,0.0,0.0,0.0,0.0,0.0,0.0,0.0,0.0,0.0,0.0,0.0,0.0,0.0,0.0,,,,,,,,,,,,,,,,,,,,,,,,,,,,,,,,,,,,,,,,,,,,,,,,,,,,,,,,,,,,,,,,,,,,,,,,,0.0,0.0,7620.0,33.0,332.0,32.0,32.0,21.0,32.0,21.0,22.0,24.0,21.0,23.0,21.0,24.0,25.0,27.0,28.0,0.0,0.0,0.0,0.0,0.0,24.8,0.0,269.89,1.17,,0.0,1.0,0.0,,,,,,,,,,,,,,,,,,,,,,,,,,,,,,,,,,,,,,,,,,,,,,,,,,,,,,,,,,,,,,,,,,,,,,,,,,,,,,,,,,3.71,1.2,2.4,2.8,2.8,3.2,3.2,3.2,3.6,3.6,2.0,3.6,4.0109,3.66681,4.093,4.16084,4.21153,4.65047,4.73021,4.80195,5.31099,6.2813,3.73799,1.0,0.0,0.0,0.0,0.0,0.0,0.0,0.0,0.0,,,,,,,0.0,,,192.0,,0.0,0.0,0.0,0.0,88888.0,88.0,3.3,3.1,3.5,2.9,3.9,4.5,5.3,6.3,1216.0,1040.0,1112.0,1008.0,1360.0,1408.0,1432.0,1456.0,0.0,57.0,5.0,26.0,0.0,,,,,,271.38,1.2,,,,,,,,,,,,,,,,,,,,,,,,,,,,,,,,,,,,,,,,,,,,,,,,,,,,,,,,,,,,,9.999e+20,210.0,1.2,260.0,2.4,,,0.0,,,0.0,0.0,256.0,21.0,23.0,25.0,35.0,321.0,210.0,210.0,210.0,0.0,271.6,,,,,,,,,,,,,,,,,,,,,,,,,,,,,1.2,0.0,0.8,0.8,0.8,0.8,0.8,0.8,0.8,0.8,0.4,0.8,1.2,1.2,1.2,1.2,1.6,1.6,1.6,1.6,2.0,2.4,1.2,0.52,0.0,0.0,0.0,0.0,0.0,0.0,0.0,0.0,1.2,1.6,0.0
2026040412,0.024,0.0,0.0,0.0,0.0,0.0,0.0,0.0,0.0,0.0,0.0,0.0,0.0,0.0,0.0,0.0,0.0,0.0,0.0,0.0,0.0,0.528,5.0,0.0,0.0,0.0,0.0,0.0,0.0,0.0,0.0,0.0,0.0,0.0,0.078,0.0,0.0,0.0,0.0,0.0,0.0,0.0,0.0,0.0,0.0,0.0,0.0,0.0,0.0,0.0,0.0,0.0,0.0,0.0,0.18,2.271,4.0,0.0,0.0,0.0,0.0,0.0,0.0,0.0,0.0,0.0,,,,,,,,,,,,,,,,,,,,,,,,,,,,,,,,,0.0,0.0,0.0,0.0,0.0,0.0,0.0,0.0,0.0,0.0,0.0,0.0,0.0,0.0,0.0,0.0,0.0,0.0,0.0,0.0,0.0,0.0,1.0,0.0,0.0,0.0,0.0,0.0,0.0,0.0,0.0,0.0,,,,,,,,,,,,,,,,,,,,,,,,,,,,,,,,,271.49,0.0,0.0,0.0,0.0,0.0,0.0,0.0,0.0,0.0,0.0,0.0,0.0,0.0,0.0,0.0,0.0,0.0,0.0,0.0,0.0,0.0,0.0,0.0,0.0,0.0,0.0,1.0,0.0,0.0,0.0,0.0,0.0,0.0,0.0,0.0,0.0,,,,,,,,,,,,,,,,,,,0.0,0.0,0.0,0.0,0.0,0.0,0.0,0.0,0.0,0.0,0.0,0.0,0.0,0.0,0.0,0.0,0.0,0.0,,,,,,,,,,,,,,,,,,,0.0,0.0,7620.0,33.0,332.0,32.0,32.0,25.0,36.0,25.0,26.0,28.0,21.0,23.0,21.0,24.0,26.0,27.0,27.0,0.0,0.0,0.0,0.0,0.0,25.0,0.0,269.76,1.3,0.0,0.0,1.0,0.0,0.0,0.0,0.0,0.0,0.0,0.0,0.0,0.0,0.0,0.0,0.0,0.0,0.0,,,,,,,,,,,,,0.0,0.0,0.0,0.0,0.0,0.0,0.0,0.0,0.0,0.0,0.0,0.0,0.0,,,,,,,,,,,,,,2.0,9.999e+20,,,,,,,,,,,,,,,,,,,,,,,,,,,,,3.71,1.2,2.8,2.8,3.2,3.2,3.6,3.6,3.6,3.6,2.0,3.6,4.00528,4.06097,4.13973,4.16738,4.60038,4.64124,4.73979,5.21596,5.29965,6.28849,3.74404,1.0,0.0,0.0,0.0,0.0,0.0,0.0,0.0,0.0,3.0,9.999e+20,9.999e+20,9.999e+20,9.999e+20,9.999e+20,0.0,,,176.0,0.0,0.0,0.0,0.0,0.0,88888.0,89.0,3.0,2.9,3.3,2.6,3.6,4.3,5.2,5.8,1224.0,1024.0,1104.0,1000.0,1368.0,1416.0,1440.0,1480.0,0.0,57.0,20.0,27.0,0.0,,,270.93,0.92,,271.31,1.3,,,,,,,,,,,,,,,,,,,,,,,,,,,,,,,,,,,,,,,,,,,,,,,,,,,,,,,,,,,,,9.999e+20,190.0,1.2,260.0,2.3,0.0,0.0,0.0,0.0,0.0,0.0,0.0,256.0,29.0,32.0,34.0,43.0,233.0,190.0,190.0,190.0,0.0,271.6,,,,,,,,,,,,,,,,,,,,,,,,,,,,,1.2,0.0,0.8,0.8,0.8,0.8,0.8,0.8,0.8,1.2,0.4,1.2,1.2,1.2,1.2,1.6,1.6,1.6,1.6,2.0,2.4,2.8,1.2,0.6,0.0,0.0,0.0,0.0,0.0,0.0,0.0,0.0,1.6,1.6,0.0
2026040413,,,,,,,,,,,,,,,,,,,,,,,,,,,,,,,,,0.0,0.0,,,,,,,,,,,,,,,,,,,,,,,,,,,,,,,,,,,,,,,,,,,,,,,,,,,,,,,,,,,,,,,,,,,,,,,,,,,,,,,,,,,,,,,,,,,,,,,,,,,,,,,,,,,,,,,,,,,,,,,,,,,,,,,,,271.73,0.0,0.0,0.0,0.0,0.0,0.0,0.0,0.0,0.0,0.0,0.0,0.0,0.0,0.0,0.0,0.0,0.0,0.0,,,,,,,,,,,,,,,,,,,,,,,,,,,,,,,,,,,,,,,,,,,,,,,,,,,,,,,,,,,,,,,,,,,,,,,,,0.0,0.0,7620.0,33.0,331.0,32.0,32.0,23.0,34.0,23.0,24.0,27.0,21.0,23.0,20.0,24.0,25.0,25.0,26.0,0.0,0.0,0.0,0.0,0.0,23.8,0.0,269.93,1.14,,0.0,2.0,0.0,,,,,,,,,,,,,,,,,,,,,,,,,,,,,,,,,,,,,,,,,,,,,,,,,,,,,,,,,,,,,,,,,,,,,,,,,,,,,,,,,,3.71,1.2,2.4,2.8,2.8,3.2,3.2,3.2,3.6,3.6,2.0,3.6,3.6,3.62812,4.06994,4.08946,4.13259,4.60319,4.68484,4.82427,5.32295,5.53563,3.72101,1.0,0.0,0.0,0.0,0.0,0.0,0.0,0.0,0.0,,,,,,,0.0,,,168.0,,0.0,0.0,0.0,0.0,88888.2,88.0,2.8,2.7,3.1,2.5,3.4,4.1,4.9,5.7,1200.0,1080.0,1152.0,1064.0,1384.0,1424.0,1464.0,1480.0,0.0,57.0,24.0,35.0,0.0,,,,,,271.86,1.14,,,,,,,,,,,,,,,,,,,,,,,,,,,,,,,,,,,,,,,,,,,,,,,,,,,,,,,,,,,,,9.999e+20,210.0,1.2,230.0,2.8,,,0.0,,,0.0,0.0,256.0,35.0,40.0,42.0,45.0,288.0,210.0,210.0,210.0,0.0,271.6,,,,,,,,,,,,,,,,,,,,,,,,,,,,,1.2,0.0,0.4,0.4,0.8,0.8,0.8,0.8,0.8,0.8,0.4,0.8,0.8,1.2,1.2,1.2,1.6,1.6,1.6,1.6,2.4,3.2,1.2,0.6,0.0,0.0,0.0,0.0,1.0,0.0,0.0,0.0,1.2,1.6,0.0
2026040414,,,,,,,,,,,,,,,,,,,,,,,,,,,,,,,,,0.0,,,,,,,,,,,,,,,,,,,,,,,,,,,,,,,,,,,,,,,,,,,,,,,,,,,,,,,,,,,,,,,,,,,,,,,,,,,,,,,,,,,,,,,,,,,,,,,,,,,,,,,,,,,,,,,,,,,,,,,,,,,,,,,,,,,,,,,,,,,,,,,,,,,,,,,,,,,,,,,,,,,,,,,,,,,,,,,,,,,,,,,,,,,,,,,,,,,,,,,,,,,,,,,,,,,,,,,,,,,,,,,,,,,,,,,,,,,,,,,,,,,,,,,,,,,,,,,,,,,,,,,,,,,,,,,,,,,,,,,,,,,,,,,,,,,,,,,,,,,,,,,,,,,,,,,,,,,,,,,,,,,,,,,,,,,,,,,1.2,2.4,2.4,2.8,2.8,2.8,3.2,3.2,3.2,2.0,3.2,3.6,3.60421,3.62895,4.06141,4.09222,4.59545,4.7274,4.88394,5.34567,5.54671,3.32448,1.00971,0.0,0.0,0.0,0.0,0.0,0.0,0.0,0.0,,,,,,,,,,,,,,,,,,,,,,,,,,,,,,,,,,,,,,,,,,,,,,,,,,,,,,,,,,,,,,,,,,,,,,,,,,,,,,,,,,,,,,,,,,,,,,,,,,,,,,,,,,,,,,,,,,,,,,,,,,,,,,,,,,,,,,,,,,,,,,,,,,,,,,,,,,,,,,0.0,0.4,0.4,0.4,0.4,0.8,0.8,0.8,0.8,0.4,0.8,0.8,0.8,1.2,1.2,1.2,1.6,1.6,1.6,2.4,3.2,1.2,0.8,0.0,0.0,0.0,0.0,1.0,0.0,0.0,0.0,,,
2026040415,,,,,,,,,,,,,,,,,,,,,,,,,,,,,,,,,0.0,,,,,,,,,,,,,,,,,,,,,,,,,,,,,,,,,,,,,,,,,,,,,,,,,,,,,,,,,,,,,,,,,,,,,,,,,,,,,,,,,,,,,,,,,,,,,,,,,,,,,,,,,,,,,,,,,,,,,,,,,,,,,,,,,,273.23,,,,,,,,,,,,,,,,,,,,,,,,,,,,,,,,,,,,,,,,,,,,,,,,,,,,,,,,,,,,,,,,,,,,,,,,,,,,,,,,,,,,,,,,,,,0.0,0.0,,,,3128.0,88888.0,,,,,,22.0,22.0,18.0,23.0,25.0,26.0,26.0,0.0,0.0,0.0,0.0,0.0,23.8,,270.69,1.44,0.0,136.0,1.0,,,,,,,,,,,,,,,,,,,,,,,,,,,,,,,,,,,,,,,,,,,,,,,,,,,,,,9.999e+20,,,,,,,,,,,,,,,,,,,,,,,,,,,,,3.4,1.2,2.0,2.4,2.8,2.8,2.8,2.8,3.2,3.2,1.6,3.2,3.6,3.6,3.61406,4.06884,4.10867,4.66604,4.83893,4.99926,5.08061,5.89311,3.37415,1.12,0.0,0.0,0.0,0.0,0.0,0.0,0.0,0.0,,9.999e+20,9.999e+20,9.999e+20,9.999e+20,9.999e+20,,,,176.0,,0.0,0.0,0.0,0.0,,83.0,2.1,2.3,2.7,2.0,2.9,3.8,4.4,4.9,1264.0,1184.0,1248.0,1176.0,1408.0,1448.0,1488.0,1512.0,,,27.0,29.0,,,,,,,273.43,1.44,,,,,,,,,,,,,,,,,,,,,,,,,,,,,,,,,,,,,,,,,,,,,,,,,,,,,,,,,,,,,9.999e+20,180.0,0.8,200.0,1.9,,,,0.0,,0.0,,7680.0,,,,,227.0,180.0,180.0,180.0,,272.8,,,,,,,,,,,,,,,,,,,,,,,,,,,,,0.8,0.0,0.4,0.4,0.4,0.4,0.4,0.8,0.8,0.8,0.0,0.8,0.8,0.8,1.2,1.2,1.2,1.6,1.6,1.6,2.4,3.2,0.8,0.72,0.0,0.0,0.0,0.0,1.0,0.0,0.0,0.0,1.2,1.2,
2026040416,,,,,,,,,,,,,,,,,,,,,,,,,,,,,,,,,0.0,,,,,,,,,,,,,,,,,,,,,,,,,,,,,,,,,,,,,,,,,,,,,,,,,,,,,,,,,,,,,,,,,,,,,,,,,,,,,,,,,,,,,,,,,,,,,,,,,,,,,,,,,,,,,,,,,,,,,,,,,,,,,,,,,,,,,,,,,,,,,,,,,,,,,,,,,,,,,,,,,,,,,,,,,,,,,,,,,,,,,,,,,,,,,,,,,,,,,,,,,,,,,,,,,,,,,,,,,,,,,,,,,,,,3.0,,4.0,,6.0,,,,,,,,,,,,,,,,,,,,,,,,,,,,,,,,,,,,,,,,,,,,,,,,,,,,,,,,,,,,,,,,,,,,,,,,,,,,,,,,,,,,,,,,,,,,,,,,,,,,,,,0.8,2.0,2.4,2.4,2.4,2.8,2.8,2.8,3.2,1.6,3.2,3.20453,3.2339,3.28089,3.7788,3.86566,4.07781,4.17299,4.30022,4.45209,5.15974,3.04287,0.689285,0.0,0.0,0.0,0.0,0.0,0.0,0.0,0.0,,,,,,,,,,,,,,,,,,,,,,,,,,,,,,,,,,,,,,,,,,,,,,,,,,,,,,,,,,,,,,,,,,,,,,,,,,,,,,,,,,,,,,,,,,,,,,,,,,,,,,,,,,,,,,,,,,,,,,,27.0,,32.0,35.0,,,,,,,,,,,,,,,,,,,,,,,,,,,,,,,,,,,,0.0,0.0,0.4,0.4,0.4,0.4,0.4,0.4,0.8,0.0,0.8,0.8,0.8,0.8,0.8,0.8,1.2,1.2,1.2,1.2,2.0,0.8,0.4,0.0,0.0,0.0,0.0,0.0,0.0,0.0,0.0,,,
2026040417,,,,,,,,,,,,,,,,,,,,,,,,,,,,,,,,,0.0,,,,,,,,,,,,,,,,,,,,,,,,,,,,,,,,,,,,,,,,,,,,,,,,,,,,,,,,,,,,,,,,,,,,,,,,,,,,,,,,,,,,,,,,,,,,,,,,,,,,,,,,,,,,,,,,,,,,,,,,,,,,,,,,,,,,,,,,,,,,,,,,,,,,,,,,,,,,,,,,,,,,,,,,,,,,,,,,,,,,,,,,,,,,,,,,,,,,,,,,,,,,,,,,,,,,,,,,,,,,,,,,,,,,,,,,,,,,,,,,,,,,,,,,,,,,,,,,,,,,,,,,,,,,,,,,,,,,,,,,,,,,,,,,,,,,,,,,,,,,,,,,,,,,,,,,,,,,,,,,,,,,,,,,,,,,,,,0.8,2.0,2.0,2.4,2.4,2.4,2.8,2.8,2.8,1.6,3.2,3.27756,3.34169,3.38114,3.43787,3.50448,3.5432,3.64674,3.78464,4.09219,4.73807,3.00354,0.670741,0.0,0.0,0.0,0.0,0.0,0.0,0.0,0.0,,,,,,,,,,,,,,,,,,,,,,,,,,,,,,,,,,,,,,,,,,,,,,,,,,,,,,,,,,,,,,,,,,,,,,,,,,,,,,,,,,,,,,,,,,,,,,,,,,,,,,,,,,,,,,,,,,,,,,,,,,,,,,,,,,,,,,,,,,,,,,,,,,,,,,,,,,,,,,0.0,0.0,0.0,0.0,0.0,0.0,0.0,0.4,0.4,0.0,0.4,0.4,0.4,0.8,0.8,0.8,0.8,0.8,0.8,1.2,1.2,0.4,0.4,0.0,0.0,0.0,0.0,0.0,0.0,0.0,0.0,,,
2026040418,0.002,0.0,0.0,0.0,0.0,0.0,0.0,0.0,0.0,0.0,0.0,0.0,0.0,0.0,0.0,0.0,0.0,0.0,0.0,0.0,0.0,0.0,0.0,0.0,0.0,0.0,0.0,0.0,0.0,0.0,0.0,0.0,0.0,,,,,,,,,,,,,,,,,,,,,,,,,,,,,,,,,,,,,,,,,,,,,,,,,,,,,,,,,,,,,,,,,,0.0,0.0,0.0,0.0,0.0,0.0,0.0,0.0,0.0,0.0,0.0,0.0,0.0,0.0,0.0,0.0,0.0,0.0,0.0,0.0,0.0,0.0,0.0,0.0,0.0,0.0,0.0,0.0,0.0,0.0,0.0,0.0,,,,,,,,,,,,,,,,,,,,,,,,,,,,,,,,,280.09,,,,,,,,,,,,,,,,,,,0.0,0.0,0.0,0.0,0.0,0.0,0.0,0.0,0.0,0.0,0.0,0.0,0.0,0.0,0.0,0.0,0.0,0.0,,,,,,,,,,,,,,,,,,,0.0,0.0,0.0,0.0,0.0,0.0,0.0,0.0,0.0,0.0,0.0,0.0,0.0,0.0,0.0,0.0,0.0,0.0,,,,,,,,,,,,,,,,,,,0.0,0.0,,,,3112.0,88888.0,,,,,,21.0,23.0,21.0,25.0,26.0,27.0,27.0,0.0,0.0,0.0,0.0,0.0,23.6,,273.67,1.38,0.0,581.0,1.0,,0.0,0.0,0.0,0.0,0.0,0.0,0.0,0.0,0.0,0.0,0.0,0.0,0.0,,,,,,,,,,,,,0.0,0.0,0.0,0.0,0.0,0.0,0.0,0.0,0.0,0.0,0.0,0.0,0.0,,,,,,,,,,,,,,3.0,9.999e+20,,,,,,,,,,,,,,,,,,,,,,,,,,,,,3.1,1.2,2.0,2.0,2.4,2.4,2.4,2.8,2.8,2.8,1.6,2.8997,2.98736,3.44015,3.49904,3.55873,3.63438,3.7101,4.16302,4.24996,4.48426,4.87873,3.09011,0.9,0.0,0.0,0.0,0.0,0.0,0.0,0.0,0.0,3.0,9.999e+20,9.999e+20,9.999e+20,9.999e+20,9.999e+20,,89.0,,632.0,,0.0,0.0,0.0,0.0,,63.0,1.6,1.7,1.9,1.5,2.3,2.9,3.6,4.7,1552.0,1488.0,1512.0,1456.0,1536.0,1600.0,1632.0,1640.0,,,17.0,20.0,,,,,,0.960318,280.06,1.38,,,,,,,,,,,,,,,,,,,,,,,,,,,,,,,271.048,268.864,269.759,270.185,270.349,270.162,270.459,270.674,270.679,270.535,269.643,270.666,270.866,271.104,271.024,271.095,271.178,271.281,271.479,271.685,272.407,273.128,0.0,0.0,0.0,0.0,0.0,58.0,98.0,0.0,9.999e+20,240.0,0.4,220.0,2.3,0.0,0.0,,0.0,0.0,0.0,,7680.0,,,,,1198.0,240.0,240.0,240.0,,279.4,,,,,,,,,,,,,,,,,,,,,,,,,,,,,0.4,0.0,0.0,0.0,0.0,0.0,0.0,0.0,0.0,0.4,0.0,0.4,0.4,0.8,0.8,0.8,0.8,0.8,0.8,1.2,1.2,1.6,0.4,0.52,0.0,0.0,0.0,0.0,0.0,0.0,0.0,0.0,0.8,0.8,
2026040419,,,,,,,,,,,,,,,,,,,,,,,,,,,,,,,,,0.0,,,,,,,,,,,,,,,,,,,,,,,,,,,,,,,,,,,,,,,,,,,,,,,,,,,,,,,,,,,,,,,,,,,,,,,,,,,,,,,,,,,,,,,,,,,,,,,,,,,,,,,,,,,,,,,,,,,,,,,,,,,,,,,,,,,,,,,,,,,,,,,,,,,,,,,,,,,,,,,,,,,,,,,,,,,,,,,,,,,,,,,,,,,,,,,,,,,,,,,,,,,,,,,,,,,,,,,,,,,,,,,,,,,,1.0,,2.0,,7.0,,,,,,,,,,,,,,,,,,,,,,,,,,,,,,,,,,,,,,,,,,,,,,,,,,,,,,,,,,,,,,,,,,,,,,,,,,,,,,,,,,,,,,,,,,,,,,,,,,,,,,,,,,,,,,,,,,,,,,,,,,,,,,,,,,,,,,,,,,,,,,,,,,,,,,,,,,,,,,,,,,,,,,,,,,,,,,,,,,,,,,,,,,,,,,,,,,,,,,,,,,,,,,,,,,,,,,,,,,,,,,,,,,,,,,,,,,,,,,,,,,,,,,,,,,,,16.0,,20.0,23.0,,,,,,,,,,,,,,,,,,,,,,,,,,,,,,,,,,,,,,,,,,,,,,,,,,,,,,,,,,,,,,,,,,,,,
2026040420,,,,,,,,,,,,,,,,,,,,,,,,,,,,,,,,,0.0,,,,,,,,,,,,,,,,,,,,,,,,,,,,,,,,,,,,,,,,,,,,,,,,,,,,,,,,,,,,,,,,,,,,,,,,,,,,,,,,,,,,,,,,,,,,,,,,,,,,,,,,,,,,,,,,,,,,,,,,,,,,,,,,,,,,,,,,,,,,,,,,,,,,,,,,,,,,,,,,,,,,,,,,,,,,,,,,,,,,,,,,,,,,,,,,,,,,,,,,,,,,,,,,,,,,,,,,,,,,,,,,,,,,,,,,,,,,,,,,,,,,,,,,,,,,,,,,,,,,,,,,,,,,,,,,,,,,,,,,,,,,,,,,,,,,,,,,,,,,,,,,,,,,,,,,,,,,,,,,,,,,,,,,,,,,,,,,,,,,,,,,,,,,,,,,,,,,,,,,,,,,,,,,,,,,,,,,,,,,,,,,,,,,,,,,,,,,,,,,,,,,,,,,,,,,,,,,,,,,,,,,,,,,,,,,,,,,,,,,,,,,,,,,,,,,,,,,,,,,,,,,,,,,,,,,,,,,,,,,,,,,,,,,,,,,,,,,,,,,,,,,,,,,,,,,,,,,,,,,,,,,,,,,,,,,,,,,,,,,,,,,,,,,,,,,,,,,
2026040421,,,,,,,,,,,,,,,,,,,,,,,,,,,,,,,,,0.0,,,,,,,,,,,,,,,,,,,,,,,,,,,,,,,,,,,,,,,,,,,,,,,,,,,,,,,,,,,,,,,,,,,,,,,,,,,,,,,,,,,,,,,,,,,,,,,,,,,,,,,,,,,,,,,,,,,,,,,,,,,,,,,,,,282.92,,,,,,,,,,,,,,,,,,,,,,,,,,,,,,,,,,,,,,,,,,,,,,,,,,,,,,,,,,,,,,,,,,,,,,,,,,,,,,,,,,,,,,,,,,,0.0,0.0,,,,2184.0,88888.0,,,,,,21.0,22.0,21.0,22.0,24.0,25.0,29.0,0.0,0.0,0.0,0.0,0.0,22.1,,274.24,1.88,0.0,774.0,1.0,,,,,,,,,,,,,,,,,,,,,,,,,,,,,,,,,,,,,,,,,,,,,,,,,,,,,,9.999e+20,,,,,,,,,,,,,,,,,,,,,,,,,,,,,4.1,2.4,3.2,3.2,3.2377,3.46696,3.29903,3.7429,3.82402,3.87902,2.8,3.94402,4.00925,4.12978,4.60271,4.66394,4.41886,4.92644,5.02301,5.3023,6.16092,6.4502,4.08834,1.0,0.0,0.0,0.0,0.0,0.0,0.0,0.0,0.0,,9.999e+20,9.999e+20,9.999e+20,9.999e+20,9.999e+20,,,,1152.0,,0.0,0.0,0.0,0.0,,54.0,1.7,1.4,1.4,1.3,1.7,2.0,2.3,3.6,1800.0,1712.0,1736.0,1688.0,1800.0,1872.0,1896.0,1936.0,,,14.0,17.0,,,,,,,282.98,1.88,,,,,,,,,,,,,,,,,,,,,,,,,,,,,,,,,,,,,,,,,,,,,,,,,,,,,,,,,,,,,9.999e+20,260.0,1.2,250.0,3.0,,,,0.0,,0.0,,7808.0,,,,,3147.0,260.0,260.0,260.0,,282.5,,,,,,,,,,,,,,,,,,,,,,,,,,,,,1.2,0.4,0.8,0.8,0.8,0.8,0.8,1.2,1.2,1.2,0.4,1.2,1.2,1.2,1.2,1.2,1.6,1.6,1.6,1.81309,1.92337,2.55572,1.24556,0.42,0.0,0.0,0.0,0.0,0.0,0.0,0.0,0.0,1.6,1.6,
2026040422,,,,,,,,,,,,,,,,,,,,,,,,,,,,,,,,,0.0,,,,,,,,,,,,,,,,,,,,,,,,,,,,,,,,,,,,,,,,,,,,,,,,,,,,,,,,,,,,,,,,,,,,,,,,,,,,,,,,,,,,,,,,,,,,,,,,,,,,,,,,,,,,,,,,,,,,,,,,,,,,,,,,,,,,,,,,,,,,,,,,,,,,,,,,,,,,,,,,,,,,,,,,,,,,,,,,,,,,,,,,,,,,,,,,,,,,,,,,,,,,,,,,,,,,,,,,,,,,,,,,,,,,0.0,,0.0,,2.0,,,,,,,,,,,,,,,,,,,,,,,,,,,,,,,,,,,,,,,,,,,,,,,,,,,,,,,,,,,,,,,,,,,,,,,,,,,,,,,,,,,,,,,,,,,,,,,,,,,,,,,,,,,,,,,,,,,,,,,,,,,,,,,,,,,,,,,,,,,,,,,,,,,,,,,,,,,,,,,,,,,,,,,,,,,,,,,,,,,,,,,,,,,,,,,,,,,,,,,,,,,,,,,,,,,,,,,,,,,,,,,,,,,,,,,,,,,,,,,,,,,,,,,,,,,,11.0,,14.0,15.0,,,,,,,,,,,,,,,,,,,,,,,,,,,,,,,,,,,,,,,,,,,,,,,,,,,,,,,,,,,,,,,,,,,,,
2026040423,,,,,,,,,,,,,,,,,,,,,,,,,,,,,,,,,0.0,,,,,,,,,,,,,,,,,,,,,,,,,,,,,,,,,,,,,,,,,,,,,,,,,,,,,,,,,,,,,,,,,,,,,,,,,,,,,,,,,,,,,,,,,,,,,,,,,,,,,,,,,,,,,,,,,,,,,,,,,,,,,,,,,,,,,,,,,,,,,,,,,,,,,,,,,,,,,,,,,,,,,,,,,,,,,,,,,,,,,,,,,,,,,,,,,,,,,,,,,,,,,,,,,,,,,,,,,,,,,,,,,,,,,,,,,,,,,,,,,,,,,,,,,,,,,,,,,,,,,,,,,,,,,,,,,,,,,,,,,,,,,,,,,,,,,,,,,,,,,,,,,,,,,,,,,,,,,,,,,,,,,,,,,,,,,,,,,,,,,,,,,,,,,,,,,,,,,,,,,,,,,,,,,,,,,,,,,,,,,,,,,,,,,,,,,,,,,,,,,,,,,,,,,,,,,,,,,,,,,,,,,,,,,,,,,,,,,,,,,,,,,,,,,,,,,,,,,,,,,,,,,,,,,,,,,,,,,,,,,,,,,,,,,,,,,,,,,,,,,,,,,,,,,,,,,,,,,,,,,,,,,,,,,,,,,,,,,,,,,,,,,,,,,,,,,,,,
2026040500,0.001,0.0,0.0,0.0,0.0,0.0,0.0,0.0,0.0,0.0,0.0,0.0,0.0,0.0,0.0,0.0,0.0,0.0,0.0,0.0,0.0,0.0,0.0,0.0,0.0,0.0,0.0,0.0,0.0,0.0,0.0,0.0,0.0,,0.035,0.0,0.0,0.0,0.0,0.0,0.0,0.0,0.0,0.0,0.0,0.0,0.0,0.0,0.0,0.0,0.0,0.0,0.0,0.0,0.0,0.448,1.0,0.0,0.0,0.0,0.0,0.0,0.0,0.0,0.0,0.0,0.613,0.0,0.0,0.0,0.0,0.0,0.0,0.0,0.0,0.0,0.0,0.0,0.02,0.098,0.227,0.387,0.607,0.878,1.334,2.01,3.382,6.108,0.0,0.0,7.0,0.0,0.0,0.0,0.0,0.0,0.0,0.0,0.0,0.0,0.0,0.0,0.0,0.0,0.0,0.0,0.0,0.0,0.0,0.0,0.0,0.0,0.0,0.0,0.0,0.0,0.0,0.0,0.0,0.0,0.0,0.0,0.0,0.0,0.0,0.0,0.0,0.0,0.0,0.0,,,,,,,,,,,,,,,,,,,,,,,,,,,,,,,,,282.47,,,,,,,,,,,,,,,,,,,0.0,0.0,0.0,0.0,0.0,0.0,0.0,0.0,0.0,0.0,0.0,0.0,0.0,0.0,0.0,0.0,0.0,0.0,,,,,,,,,,,,,,,,,,,0.0,0.0,0.0,0.0,0.0,0.0,0.0,0.0,0.0,0.0,0.0,0.0,0.0,0.0,0.0,0.0,0.0,0.0,,,,,,,,,,,,,,,,,,,0.0,1.0,,,,4200.0,88888.0,,,,,,21.0,21.0,20.0,21.0,24.0,26.0,26.0,0.0,0.0,0.0,0.0,0.0,21.8,,275.88,1.74,0.0,519.0,0.0,,0.0,0.0,0.0,0.0,0.0,0.0,0.0,0.0,0.0,0.0,0.0,0.0,0.0,,,,,,,,,,,,,0.0,0.0,0.0,0.0,0.0,0.0,0.0,0.0,0.0,0.0,0.0,0.0,0.0,,,,,,,,,,,,,,6.2,9.999e+20,,,,,,,,,,,,,,,,,,,,,,,,,,,,,4.2,2.0,2.8,2.8,3.2,3.43214,3.55364,3.66297,3.75513,3.87622,2.4,4.01623,4.16268,4.28544,4.34224,4.82679,4.95963,5.07663,5.1608,5.36062,5.96483,6.78211,4.16815,1.1,0.0,0.0,0.0,0.0,0.0,0.0,0.0,0.0,3.0,9.999e+20,9.999e+20,9.999e+20,9.999e+20,9.999e+20,,,,824.0,0.0,0.0,0.0,0.0,0.0,,62.0,1.3,1.0,1.1,1.0,1.2,1.6,1.9,2.6,1952.0,1880.0,1928.0,1848.0,1976.0,2016.0,2048.0,2072.0,,,16.0,20.0,,283.87,0.78,,,,282.55,1.76,,,,,,,,,,,,,,,,,,,,,,,,,,,,,,,,,,,,,,,,,,,,,,,,,,,,,,,,,,,,,9.999e+20,260.0,1.2,240.0,1.9,0.0,0.0,,0.0,0.0,0.0,,7296.0,,,,,1436.0,260.0,260.0,260.0,,280.9,,,,,,,,,,,,,,,,,,,,,,,,,,,,,1.2,0.0,0.8,0.8,0.8,1.2,1.2,1.2,1.2,1.2,0.4,1.2,1.6,1.6,1.6,1.6,1.6,1.6,2.0,1.75505,2.21929,2.33314,1.23532,0.5,0.0,0.0,0.0,0.0,0.0,0.0,0.0,0.0,1.6,1.6,
2026040501,,,,,,,,,,,,,,,,,,,,,,,,,,,,,,,,,0.0,,,,,,,,,,,,,,,,,,,,,,,,,,,,,,,,,,,,,,,,,,,,,,,,,,,,,,,,,,,,,,,,,,,,,,,,,,,,,,,,,,,,,,,,,,,,,,,,,,,,,,,,,,,,,,,,,,,,,,,,,,,,,,,,,,,,,,,,,,,,,,,,,,,,,,,,,,,,,,,,,,,,,,,,,,,,,,,,,,,,,,,,,,,,,,,,,,,,,,,,,,,,,,,,,,,,,,,,,,,,,,,,,,,,0.0,,0.0,,0.0,,,,,,,,,,,,,,,,,,,,,,,,,,,,,,,,,,,,,,,,,,,,,,,,,,,,,,,,,,,,,,,,,,,,,,,,,,,,,,,,,,,,,,,,,,,,,,,,,,,,,,,,,,,,,,,,,,,,,,,,,,,,,,,,,,,,,,,,,,,,,,,,,,,,,,,,,,,,,,,,,,,,,,,,,,,,,,,,,,,,,,,,,,,,,,,,,,,,,,,,,,,,,,,,,,,,,,,,,,,,,,,,,,,,,,,,,,,,,,,,,,,,,,,,,,,,10.0,,14.0,16.0,,,,,,,,,,,,,,,,,,,,,,,,,,,,,,,,,,,,,,,,,,,,,,,,,,,,,,,,,,,,,,,,,,,,,
2026040502,,,,,,,,,,,,,,,,,,,,,,,,,,,,,,,,,0.0,,,,,,,,,,,,,,,,,,,,,,,,,,,,,,,,,,,,,,,,,,,,,,,,,,,,,,,,,,,,,,,,,,,,,,,,,,,,,,,,,,,,,,,,,,,,,,,,,,,,,,,,,,,,,,,,,,,,,,,,,,,,,,,,,,,,,,,,,,,,,,,,,,,,,,,,,,,,,,,,,,,,,,,,,,,,,,,,,,,,,,,,,,,,,,,,,,,,,,,,,,,,,,,,,,,,,,,,,,,,,,,,,,,,,,,,,,,,,,,,,,,,,,,,,,,,,,,,,,,,,,,,,,,,,,,,,,,,,,,,,,,,,,,,,,,,,,,,,,,,,,,,,,,,,,,,,,,,,,,,,,,,,,,,,,,,,,,,,,,,,,,,,,,,,,,,,,,,,,,,,,,,,,,,,,,,,,,,,,,,,,,,,,,,,,,,,,,,,,,,,,,,,,,,,,,,,,,,,,,,,,,,,,,,,,,,,,,,,,,,,,,,,,,,,,,,,,,,,,,,,,,,,,,,,,,,,,,,,,,,,,,,,,,,,,,,,,,,,,,,,,,,,,,,,,,,,,,,,,,,,,,,,,,,,,,,,,,,,,,,,,,,,,,,,,,,,,,,
2026040503,,,,,,,,,,,,,,,,,,,,,,,,,,,,,,,,,0.0,,,,,,,,,,,,,,,,,,,,,,,,,,,,,,,,,,,,,,,,,,,,,,,,,,,,,,,,,,,,,,,,,,,,,,,,,,,,,,,,,,,,,,,,,,,,,,,,,,,,,,,,,,,,,,,,,,,,,,,,,,,,,,,,,,277.81,,,,,,,,,,,,,,,,,,,,,,,,,,,,,,,,,,,,,,,,,,,,,,,,,,,,,,,,,,,,,,,,,,,,,,,,,,,,,,,,,,,,,,,,,,,0.0,0.0,,,,1488.0,88888.0,,,,,,19.0,20.0,18.0,21.0,22.0,23.0,23.0,0.0,0.0,0.0,0.0,0.0,21.1,,274.76,1.46,0.0,84.0,0.0,,,,,,,,,,,,,,,,,,,,,,,,,,,,,,,,,,,,,,,,,,,,,,,,,,,,,,9.999e+20,,,,,,,,,,,,,,,,,,,,,,,,,,,,,3.9,1.2,2.0,2.8,2.8,3.2,3.2,3.2,3.6,3.6,1.6,3.62143,3.68456,4.14559,4.31025,4.39677,4.4626,4.52048,4.60278,4.69068,5.2862,5.6636,3.51875,1.12,0.0,0.0,0.0,0.0,0.0,0.0,0.0,0.0,,9.999e+20,9.999e+20,9.999e+20,9.999e+20,9.999e+20,,,,184.0,,0.0,0.0,0.0,0.0,,81.0,1.2,0.8,0.9,0.8,1.1,1.5,1.8,2.0,1952.0,1912.0,1944.0,1896.0,2000.0,2040.0,2088.0,2112.0,,,37.0,27.0,,,,,,,277.9,1.57,,,,,,,,,,,,,,,,,,,,,,,,,,,,,,,,,,,,,,,,,,,,,,,,,,,,,,,,,,,,,9.999e+20,170.0,1.2,120.0,2.5,,,,0.0,,0.0,,7708.0,,,,,314.0,170.0,170.0,170.0,,276.9,,,,,,,,,,,,,,,,,,,,,,,,,,,,,1.2,0.0,0.4,0.4,0.8,0.8,0.8,0.8,1.2,1.2,0.0,1.2,1.2,1.2,1.2,1.6,1.6,1.6,1.6,1.6,2.0,2.0,1.2,0.52,0.0,0.0,0.0,0.0,0.0,0.0,0.0,0.0,1.2,1.6,
2026040504,,,,,,,,,,,,,,,,,,,,,,,,,,,,,,,,,0.0,,,,,,,,,,,,,,,,,,,,,,,,,,,,,,,,,,,,,,,,,,,,,,,,,,,,,,,,,,,,,,,,,,,,,,,,,,,,,,,,,,,,,,,,,,,,,,,,,,,,,,,,,,,,,,,,,,,,,,,,,,,,,,,,,,,,,,,,,,,,,,,,,,,,,,,,,,,,,,,,,,,,,,,,,,,,,,,,,,,,,,,,,,,,,,,,,,,,,,,,,,,,,,,,,,,,,,,,,,,,,,,,,,,,0.0,,0.0,,2.0,,,,,,,,,,,,,,,,,,,,,,,,,,,,,,,,,,,,,,,,,,,,,,,,,,,,,,,,,,,,,,,,,,,,,,,,,,,,,,,,,,,,,,,,,,,,,,,,,,,,,,,,,,,,,,,,,,,,,,,,,,,,,,,,,,,,,,,,,,,,,,,,,,,,,,,,,,,,,,,,,,,,,,,,,,,,,,,,,,,,,,,,,,,,,,,,,,,,,,,,,,,,,,,,,,,,,,,,,,,,,,,,,,,,,,,,,,,,,,,,,,,,,,,,,,,,15.0,,18.0,20.0,,,,,,,,,,,,,,,,,,,,,,,,,,,,,,,,,,,,,,,,,,,,,,,,,,,,,,,,,,,,,,,,,,,,,
2026040505,,,,,,,,,,,,,,,,,,,,,,,,,,,,,,,,,0.0,,,,,,,,,,,,,,,,,,,,,,,,,,,,,,,,,,,,,,,,,,,,,,,,,,,,,,,,,,,,,,,,,,,,,,,,,,,,,,,,,,,,,,,,,,,,,,,,,,,,,,,,,,,,,,,,,,,,,,,,,,,,,,,,,,,,,,,,,,,,,,,,,,,,,,,,,,,,,,,,,,,,,,,,,,,,,,,,,,,,,,,,,,,,,,,,,,,,,,,,,,,,,,,,,,,,,,,,,,,,,,,,,,,,,,,,,,,,,,,,,,,,,,,,,,,,,,,,,,,,,,,,,,,,,,,,,,,,,,,,,,,,,,,,,,,,,,,,,,,,,,,,,,,,,,,,,,,,,,,,,,,,,,,,,,,,,,,,,,,,,,,,,,,,,,,,,,,,,,,,,,,,,,,,,,,,,,,,,,,,,,,,,,,,,,,,,,,,,,,,,,,,,,,,,,,,,,,,,,,,,,,,,,,,,,,,,,,,,,,,,,,,,,,,,,,,,,,,,,,,,,,,,,,,,,,,,,,,,,,,,,,,,,,,,,,,,,,,,,,,,,,,,,,,,,,,,,,,,,,,,,,,,,,,,,,,,,,,,,,,,,,,,,,,,,,,,,,,
2026040506,0.001,0.0,0.0,0.0,0.0,0.0,0.0,0.0,0.0,0.0,0.0,0.0,0.0,0.0,0.0,0.0,0.0,0.0,0.0,0.0,0.0,0.0,0.0,0.0,0.0,0.0,0.0,0.0,0.0,0.0,0.0,0.0,0.0,,0.008,0.0,0.0,0.0,0.0,0.0,0.0,0.0,0.0,0.0,0.0,0.0,0.0,0.0,0.0,0.0,0.0,0.0,0.0,0.0,0.0,0.0,0.0,0.0,0.0,0.0,0.0,0.0,0.0,0.0,0.0,0.0,,,,,,,,,,,,,,,,,,,,,,,,,,,,,,,,,0.0,0.0,0.0,0.0,0.0,0.0,0.0,0.0,0.0,0.0,0.0,0.0,0.0,0.0,0.0,0.0,0.0,0.0,0.0,0.0,0.0,0.0,0.0,0.0,0.0,0.0,0.0,0.0,0.0,0.0,0.0,0.0,,,,,,,,,,,,,,,,,,,,,,,,,,,,,,,,,274.1,,,,,,,,,,,,,,,,,,,0.0,0.0,0.0,0.0,0.0,0.0,0.0,0.0,0.0,0.0,0.0,0.0,0.0,0.0,0.0,0.0,0.0,0.0,0.008,0.0,0.0,0.0,0.0,0.0,0.0,0.0,1.0,0.0,0.0,0.0,0.0,0.0,0.0,0.0,0.0,0.0,0.0,0.0,0.0,0.0,0.0,0.0,0.0,0.0,0.0,0.0,0.0,0.0,0.0,0.0,0.0,0.0,0.0,0.0,,,,,,,,,,,,,,,,,,,0.0,0.0,,,,2424.0,88888.0,,,,,,18.0,20.0,16.0,21.0,23.0,23.0,24.0,0.0,0.0,0.0,0.0,0.0,21.1,,272.96,1.26,0.0,42.0,1.0,,0.0,0.0,0.0,0.0,0.0,0.0,0.0,0.0,0.0,0.0,0.0,0.0,0.0,0.0,0.0,0.0,0.0,0.0,0.0,0.0,0.0,0.0,0.0,0.0,0.0,0.0,0.0,0.0,0.0,0.0,0.0,0.0,0.0,0.0,0.0,0.0,0.0,0.0,,,,,,,,,,,,,,6.2,9.999e+20,7.85407,4.60749,6.64874,7.19085,7.34352,7.46687,7.30348,7.57947,7.7437,7.82741,5.76627,7.8903,8.02371,8.10207,8.15689,8.20881,8.70445,8.82119,8.96325,9.32541,9.33515,10.437,0.0,0.0,0.0,0.0,0.0,0.0,4.7,1.6,3.2,3.6,3.6,4.0,4.0,4.4,4.4,4.4,2.4,4.4249,4.87287,4.93866,5.40938,5.55019,5.66019,5.74484,5.87418,5.61084,6.12666,6.46949,4.71003,1.1,0.0,0.0,0.0,0.0,0.0,0.0,0.0,0.0,3.0,9.999e+20,9.999e+20,9.999e+20,9.999e+20,9.999e+20,,,54.0,192.0,,0.0,0.0,0.0,0.0,,81.0,1.0,0.6,0.7,0.6,0.9,1.3,1.6,1.9,1944.0,1888.0,1944.0,1856.0,1984.0,2032.0,2080.0,2112.0,,,47.0,25.0,,,,,,1.34833,275.95,1.47,283.546,280.551,281.857,282.118,282.509,282.712,282.774,282.894,283.07,283.321,281.247,283.499,283.614,283.438,283.756,283.739,284.076,284.325,284.525,284.96,286.043,286.541,0.0,0.0,0.0,0.0,0.0,0.0,0.0,0.0,,,,,,,,,,,,,,,,,,,,,,,,,,,,,,,9.999e+20,120.0,2.0,100.0,3.6,0.0,0.0,,0.0,0.0,0.0,,16286.0,,,,,480.0,120.0,120.0,120.0,,275.4,3.30254,2.0,2.8,2.76033,2.86942,2.95931,3.10362,3.19949,3.22196,3.27044,2.4,3.30692,3.33032,3.35011,3.37775,3.42176,3.45386,3.88893,3.92747,4.3741,4.82781,5.35363,0.0,0.0,0.0,0.0,0.0,0.0,2.0,0.4,0.8,1.2,1.2,1.2,1.2,1.2,1.6,1.6,0.8,1.6,1.6,2.0,2.0,2.0,2.0,2.0,2.0,2.8,4.0,4.8,1.6,1.0,0.0,0.0,0.0,0.0,8.0,0.0,0.0,0.0,2.0,2.4,
2026040507,,,,,,,,,,,,,,,,,,,,,,,,,,,,,,,,,0.0,,,,,,,,,,,,,,,,,,,,,,,,,,,,,,,,,,,,,,,,,,,,,,,,,,,,,,,,,,,,,,,,,,,,,,,,,,,,,,,,,,,,,,,,,,,,,,,,,,,,,,,,,,,,,,,,,,,,,,,,,,,,,,,,,,,,,,,,,,,,,,,,,,,,,,,,,,,,,,,,,,,,,,,,,,,,,,,,,,,,,,,,,,,,,,,,,,,,,,,,,,,,,,,,,,,,,,,,,,,,,,,,,,,,0.0,,0.0,,0.0,,,,,,,,,,,,,,,,,,,,,,,,,,,,,,,,,,,,,,,,,,,,,,,,,,,,,,,,,,,,,,,,,,,,,,,,,,,,,,,,,,,,,,,,,,,,,,,,,,,,,,,,,,,,,,,,,,,,,,,,,,,,,,,,,,,,,,,,,,,,,,,,,,,,,,,,,,,,,,,,,,,,,,,,,,,,,,,,,,,,,,,,,,,,,,,,,,,,,,,,,,,,,,,,,,,,,,,,,,,,,,,,,,,,,,,,,,,,,,,,,,,,,,,,,,,,0.0,,0.0,2.0,,,,,,,,,,,,,,,,,,,,,,,,,,,,,,,,,,,,,,,,,,,,,,,,,,,,,,,,,,,,,,,,,,,,,
2026040508,,,,,,,,,,,,,,,,,,,,,,,,,,,,,,,,,0.0,,,,,,,,,,,,,,,,,,,,,,,,,,,,,,,,,,,,,,,,,,,,,,,,,,,,,,,,,,,,,,,,,,,,,,,,,,,,,,,,,,,,,,,,,,,,,,,,,,,,,,,,,,,,,,,,,,,,,,,,,,,,,,,,,,,,,,,,,,,,,,,,,,,,,,,,,,,,,,,,,,,,,,,,,,,,,,,,,,,,,,,,,,,,,,,,,,,,,,,,,,,,,,,,,,,,,,,,,,,,,,,,,,,,,,,,,,,,,,,,,,,,,,,,,,,,,,,,,,,,,,,,,,,,,,,,,,,,,,,,,,,,,,,,,,,,,,,,,,,,,,,,,,,,,,,,,,,,,,,,,,,,,,,,,,,,,,,,,,,,,,,,,,,,,,,,,,,,,,,,,,,,,,,,,,,,,,,,,,,,,,,,,,,,,,,,,,,,,,,,,,,,,,,,,,,,,,,,,,,,,,,,,,,,,,,,,,,,,,,,,,,,,,,,,,,,,,,,,,,,,,,,,,,,,,,,,,,,,,,,,,,,,,,,,,,,,,,,,,,,,,,,,,,,,,,,,,,,,,,,,,,,,,,,,,,,,,,,,,,,,,,,,,,,,,,,,,,,
2026040509,,,,,,,,,,,,,,,,,,,,,,,,,,,,,,,,,0.0,,,,,,,,,,,,,,,,,,,,,,,,,,,,,,,,,,,,,,,,,,,,,,,,,,,,,,,,,,,,,,,,,,,,,,,,,,,,,,,,,,,,,,,,,,,,,,,,,,,,,,,,,,,,,,,,,,,,,,,,,,,,,,,,,,273.59,,,,,,,,,,,,,,,,,,,,,,,,,,,,,,,,,,,,,,,,,,,,,,,,,,,,,,,,,,,,,,,,,,,,,,,,,,,,,,,,,,,,,,,,,,,0.0,0.0,,,,952.0,88888.0,,,,,,18.0,20.0,18.0,21.0,23.0,25.0,25.0,0.0,0.0,0.0,0.0,0.0,21.3,,272.69,0.9,0.0,0.0,1.0,,,,,,,,,,,,,,,,,,,,,,,,,,,,,,,,,,,,,,,,,,,,,,,,,,,,,,9.999e+20,,,,,,,,,,,,,,,,,,,,,,,,,,,,,4.6,2.0,3.2,3.6,3.6,4.0,4.0,4.4,4.4,4.4,2.8,4.80198,4.83125,5.25978,5.31432,5.34465,5.41928,5.47767,5.95673,6.49532,7.12577,7.73433,4.95276,1.32,0.0,0.0,0.0,0.0,0.0,0.0,0.0,0.0,,9.999e+20,9.999e+20,9.999e+20,9.999e+20,9.999e+20,,,,192.0,,0.0,0.0,0.0,0.0,,83.0,1.1,0.5,0.6,0.5,0.8,1.2,1.4,1.8,1960.0,1864.0,1896.0,1824.0,1960.0,2016.0,2056.0,2088.0,,,60.0,18.0,,,,,,,275.36,1.22,,,,,,,,,,,,,,,,,,,,,,,,,,,,,,,,,,,,,,,,,,,,,,,,,,,,,,,,,,,,,9.999e+20,110.0,2.0,100.0,4.8,,,,0.0,,0.0,,16256.0,,,,,587.0,110.0,110.0,110.0,,274.7,,,,,,,,,,,,,,,,,,,,,,,,,,,,,2.0,0.4,0.8,1.2,1.2,1.2,1.6,1.6,1.6,1.6,0.8,1.6,1.6,2.0,2.0,2.0,2.0,2.0,2.4,2.8,3.6,4.8,2.0,0.92,0.0,0.0,0.0,0.0,6.0,0.0,0.0,0.0,2.0,2.4,
2026040510,,,,,,,,,,,,,,,,,,,,,,,,,,,,,,,,,0.0,,,,,,,,,,,,,,,,,,,,,,,,,,,,,,,,,,,,,,,,,,,,,,,,,,,,,,,,,,,,,,,,,,,,,,,,,,,,,,,,,,,,,,,,,,,,,,,,,,,,,,,,,,,,,,,,,,,,,,,,,,,,,,,,,,,,,,,,,,,,,,,,,,,,,,,,,,,,,,,,,,,,,,,,,,,,,,,,,,,,,,,,,,,,,,,,,,,,,,,,,,,,,,,,,,,,,,,,,,,,,,,,,,,,2.0,,2.0,,2.0,,,,,,,,,,,,,,,,,,,,,,,,,,,,,,,,,,,,,,,,,,,,,,,,,,,,,,,,,,,,,,,,,,,,,,,,,,,,,,,,,,,,,,,,,,,,,,,,,,,,,,,,,,,,,,,,,,,,,,,,,,,,,,,,,,,,,,,,,,,,,,,,,,,,,,,,,,,,,,,,,,,,,,,,,,,,,,,,,,,,,,,,,,,,,,,,,,,,,,,,,,,,,,,,,,,,,,,,,,,,,,,,,,,,,,,,,,,,,,,,,,,,,,,,,,,,0.0,,1.0,2.0,,,,,,,,,,,,,,,,,,,,,,,,,,,,,,,,,,,,,,,,,,,,,,,,,,,,,,,,,,,,,,,,,,,,,
2026040511,,,,,,,,,,,,,,,,,,,,,,,,,,,,,,,,,0.0,,,,,,,,,,,,,,,,,,,,,,,,,,,,,,,,,,,,,,,,,,,,,,,,,,,,,,,,,,,,,,,,,,,,,,,,,,,,,,,,,,,,,,,,,,,,,,,,,,,,,,,,,,,,,,,,,,,,,,,,,,,,,,,,,,,,,,,,,,,,,,,,,,,,,,,,,,,,,,,,,,,,,,,,,,,,,,,,,,,,,,,,,,,,,,,,,,,,,,,,,,,,,,,,,,,,,,,,,,,,,,,,,,,,,,,,,,,,,,,,,,,,,,,,,,,,,,,,,,,,,,,,,,,,,,,,,,,,,,,,,,,,,,,,,,,,,,,,,,,,,,,,,,,,,,,,,,,,,,,,,,,,,,,,,,,,,,,,,,,,,,,,,,,,,,,,,,,,,,,,,,,,,,,,,,,,,,,,,,,,,,,,,,,,,,,,,,,,,,,,,,,,,,,,,,,,,,,,,,,,,,,,,,,,,,,,,,,,,,,,,,,,,,,,,,,,,,,,,,,,,,,,,,,,,,,,,,,,,,,,,,,,,,,,,,,,,,,,,,,,,,,,,,,,,,,,,,,,,,,,,,,,,,,,,,,,,,,,,,,,,,,,,,,,,,,,,,,,
2026040512,0.001,0.0,0.0,0.0,0.0,0.0,0.0,0.0,0.0,0.0,0.0,0.0,0.0,0.0,0.0,0.0,0.0,0.0,0.0,0.0,0.0,0.0,0.0,0.0,0.0,0.0,0.0,0.0,0.0,0.0,0.0,0.0,0.0,,0.004,0.0,0.0,0.0,0.0,0.0,0.0,0.0,0.0,0.0,0.0,0.0,0.0,0.0,0.0,0.0,0.0,0.0,0.0,0.0,0.0,0.0,0.0,0.0,0.0,0.0,0.0,0.0,0.0,0.0,0.0,0.0,0.089,0.0,0.0,0.0,0.0,0.0,0.0,0.0,0.0,0.0,0.0,0.0,0.0,0.0,0.0,0.0,0.0,0.0,0.0,0.0,0.067,2.401,0.0,0.0,1.0,0.0,0.0,0.0,0.0,0.0,0.0,0.0,0.0,0.0,0.0,0.0,0.0,0.0,0.0,0.0,0.0,0.0,0.0,0.0,0.0,0.0,0.0,0.0,0.0,0.0,0.0,0.0,0.0,0.0,0.0,0.0,0.0,0.0,0.0,0.0,0.0,0.0,0.0,0.0,,,,,,,,,,,,,,,,,,,,,,,,,,,,,,,,,273.03,,,,,,,,,,,,,,,,,,,0.0,0.0,0.0,0.0,0.0,0.0,0.0,0.0,0.0,0.0,0.0,0.0,0.0,0.0,0.0,0.0,0.0,0.0,0.0,0.0,0.0,0.0,0.0,0.0,0.0,0.0,0.0,0.0,0.0,0.0,0.0,0.0,0.0,0.0,0.0,0.0,0.0,0.0,0.0,0.0,0.0,0.0,0.0,0.0,0.0,0.0,0.0,0.0,0.0,0.0,0.0,0.0,0.0,0.0,,,,,,,,,,,,,,,,,,,0.0,0.0,,,,1376.0,88888.0,,,,,,18.0,19.0,18.0,21.0,23.0,23.0,24.0,0.0,0.0,0.0,0.0,0.0,21.0,,272.31,0.69,0.0,0.0,1.0,,0.0,0.0,0.0,0.0,0.0,0.0,0.0,0.0,0.0,0.0,0.0,0.0,0.0,0.0,0.0,0.0,0.0,0.0,0.0,0.0,0.0,0.0,0.0,0.0,0.0,0.0,0.0,0.0,0.0,0.0,0.0,0.0,0.0,0.0,0.0,0.0,0.0,0.0,,,,,,,,,,,,,,4.0,9.999e+20,,,,,,,,,,,,,,,,,,,,,,,,,,,,,5.3,2.0,3.6,4.0,4.0,4.4,4.4,4.4,4.8,4.8,3.2,5.2,5.22174,5.64783,5.67381,5.70526,5.74132,6.18552,6.65446,7.15696,7.60498,8.20446,5.30455,1.3,0.0,0.0,0.0,0.0,0.0,0.0,0.0,0.0,4.0,9.999e+20,9.999e+20,9.999e+20,9.999e+20,9.999e+20,,,,192.0,0.0,0.0,0.0,0.0,0.0,,83.0,1.1,0.5,0.6,0.4,0.7,1.0,1.4,1.8,1896.0,1784.0,1824.0,1736.0,1928.0,1984.0,2016.0,2056.0,,,55.0,30.0,,,,274.56,0.9,,275.03,1.11,,,,,,,,,,,,,,,,,,,,,,,,,,,,,,,,,,,,,,,,,,,,,,,,,,,,,,,,,,,,,9.999e+20,110.0,2.0,100.0,4.7,0.0,0.0,,0.0,0.0,0.0,,6656.0,,,,,582.0,110.0,110.0,110.0,,274.2,,,,,,,,,,,,,,,,,,,,,,,,,,,,,2.0,0.4,1.2,1.2,1.2,1.6,1.6,1.6,1.6,2.0,0.8,2.0,2.0,2.0,2.0,2.0,2.4,2.4,2.8,2.8,3.6,4.0,2.0,0.8,0.0,0.0,0.0,0.0,4.0,0.0,0.0,0.0,2.0,2.4,
2026040513,,,,,,,,,,,,,,,,,,,,,,,,,,,,,,,,,0.0,,,,,,,,,,,,,,,,,,,,,,,,,,,,,,,,,,,,,,,,,,,,,,,,,,,,,,,,,,,,,,,,,,,,,,,,,,,,,,,,,,,,,,,,,,,,,,,,,,,,,,,,,,,,,,,,,,,,,,,,,,,,,,,,,,,,,,,,,,,,,,,,,,,,,,,,,,,,,,,,,,,,,,,,,,,,,,,,,,,,,,,,,,,,,,,,,,,,,,,,,,,,,,,,,,,,,,,,,,,,,,,,,,,,3.0,,3.0,,4.0,,,,,,,,,,,,,,,,,,,,,,,,,,,,,,,,,,,,,,,,,,,,,,,,,,,,,,,,,,,,,,,,,,,,,,,,,,,,,,,,,,,,,,,,,,,,,,,,,,,,,,,,,,,,,,,,,,,,,,,,,,,,,,,,,,,,,,,,,,,,,,,,,,,,,,,,,,,,,,,,,,,,,,,,,,,,,,,,,,,,,,,,,,,,,,,,,,,,,,,,,,,,,,,,,,,,,,,,,,,,,,,,,,,,,,,,,,,,,,,,,,,,,,,,,,,,23.0,,28.0,32.0,,,,,,,,,,,,,,,,,,,,,,,,,,,,,,,,,,,,,,,,,,,,,,,,,,,,,,,,,,,,,,,,,,,,,
2026040514,,,,,,,,,,,,,,,,,,,,,,,,,,,,,,,,,0.0,,,,,,,,,,,,,,,,,,,,,,,,,,,,,,,,,,,,,,,,,,,,,,,,,,,,,,,,,,,,,,,,,,,,,,,,,,,,,,,,,,,,,,,,,,,,,,,,,,,,,,,,,,,,,,,,,,,,,,,,,,,,,,,,,,,,,,,,,,,,,,,,,,,,,,,,,,,,,,,,,,,,,,,,,,,,,,,,,,,,,,,,,,,,,,,,,,,,,,,,,,,,,,,,,,,,,,,,,,,,,,,,,,,,,,,,,,,,,,,,,,,,,,,,,,,,,,,,,,,,,,,,,,,,,,,,,,,,,,,,,,,,,,,,,,,,,,,,,,,,,,,,,,,,,,,,,,,,,,,,,,,,,,,,,,,,,,,,,,,,,,,,,,,,,,,,,,,,,,,,,,,,,,,,,,,,,,,,,,,,,,,,,,,,,,,,,,,,,,,,,,,,,,,,,,,,,,,,,,,,,,,,,,,,,,,,,,,,,,,,,,,,,,,,,,,,,,,,,,,,,,,,,,,,,,,,,,,,,,,,,,,,,,,,,,,,,,,,,,,,,,,,,,,,,,,,,,,,,,,,,,,,,,,,,,,,,,,,,,,,,,,,,,,,,,,,,,,,
2026040515,,,,,,,,,,,,,,,,,,,,,,,,,,,,,,,,,0.0,,,,,,,,,,,,,,,,,,,,,,,,,,,,,,,,,,,,,,,,,,,,,,,,,,,,,,,,,,,,,,,,,,,,,,,,,,,,,,,,,,,,,,,,,,,,,,,,,,,,,,,,,,,,,,,,,,,,,,,,,,,,,,,,,,274.72,,,,,,,,,,,,,,,,,,,,,,,,,,,,,,,,,,,,,,,,,,,,,,,,,,,,,,,,,,,,,,,,,,,,,,,,,,,,,,,,,,,,,,,,,,,0.0,0.0,,,,5424.0,88888.0,,,,,,18.0,19.0,18.0,20.0,22.0,22.0,23.0,0.0,0.0,0.0,0.0,0.0,20.1,,273.2,1.05,0.0,39.0,1.0,,,,,,,,,,,,,,,,,,,,,,,,,,,,,,,,,,,,,,,,,,,,,,,,,,,,,,9.999e+20,,,,,,,,,,,,,,,,,,,,,,,,,,,,,5.9,1.6,4.0,4.4,4.8,4.8,5.2,5.2,5.6,5.6,3.6,5.6,6.0,6.07019,6.20127,6.29186,6.34409,6.87987,7.33554,7.80769,7.97208,8.20906,5.85357,1.4,0.0,0.0,0.0,0.0,0.0,0.0,0.0,1.0,,9.999e+20,9.999e+20,9.999e+20,9.999e+20,9.999e+20,,,,192.0,,0.0,0.0,0.0,0.0,,79.0,0.9,0.4,0.5,0.4,0.6,0.8,1.3,1.7,1864.0,1736.0,1792.0,1680.0,1912.0,1976.0,2008.0,2032.0,,,55.0,29.0,,,,,,,276.8,1.31,,,,,,,,,,,,,,,,,,,,,,,,,,,,,,,,,,,,,,,,,,,,,,,,,,,,,,,,,,,,,9.999e+20,110.0,2.0,100.0,4.7,,,,0.0,,0.0,,7680.0,,,,,586.0,110.0,110.0,110.0,,275.9,,,,,,,,,,,,,,,,,,,,,,,,,,,,,2.0,0.0,1.2,1.2,1.6,1.6,1.6,1.6,2.0,2.0,0.8,2.0,2.0,2.4,2.4,2.4,2.4,2.8,2.8,2.8,3.2,3.6,2.0,0.72,0.0,0.0,0.0,0.0,2.0,0.0,0.0,0.0,2.4,2.8,
2026040516,,,,,,,,,,,,,,,,,,,,,,,,,,,,,,,,,0.0,,,,,,,,,,,,,,,,,,,,,,,,,,,,,,,,,,,,,,,,,,,,,,,,,,,,,,,,,,,,,,,,,,,,,,,,,,,,,,,,,,,,,,,,,,,,,,,,,,,,,,,,,,,,,,,,,,,,,,,,,,,,,,,,,,,,,,,,,,,,,,,,,,,,,,,,,,,,,,,,,,,,,,,,,,,,,,,,,,,,,,,,,,,,,,,,,,,,,,,,,,,,,,,,,,,,,,,,,,,,,,,,,,,,2.0,,2.0,,2.0,,,,,,,,,,,,,,,,,,,,,,,,,,,,,,,,,,,,,,,,,,,,,,,,,,,,,,,,,,,,,,,,,,,,,,,,,,,,,,,,,,,,,,,,,,,,,,,,,,,,,,,,,,,,,,,,,,,,,,,,,,,,,,,,,,,,,,,,,,,,,,,,,,,,,,,,,,,,,,,,,,,,,,,,,,,,,,,,,,,,,,,,,,,,,,,,,,,,,,,,,,,,,,,,,,,,,,,,,,,,,,,,,,,,,,,,,,,,,,,,,,,,,,,,,,,,27.0,,31.0,35.0,,,,,,,,,,,,,,,,,,,,,,,,,,,,,,,,,,,,,,,,,,,,,,,,,,,,,,,,,,,,,,,,,,,,,
2026040517,,,,,,,,,,,,,,,,,,,,,,,,,,,,,,,,,0.0,,,,,,,,,,,,,,,,,,,,,,,,,,,,,,,,,,,,,,,,,,,,,,,,,,,,,,,,,,,,,,,,,,,,,,,,,,,,,,,,,,,,,,,,,,,,,,,,,,,,,,,,,,,,,,,,,,,,,,,,,,,,,,,,,,,,,,,,,,,,,,,,,,,,,,,,,,,,,,,,,,,,,,,,,,,,,,,,,,,,,,,,,,,,,,,,,,,,,,,,,,,,,,,,,,,,,,,,,,,,,,,,,,,,,,,,,,,,,,,,,,,,,,,,,,,,,,,,,,,,,,,,,,,,,,,,,,,,,,,,,,,,,,,,,,,,,,,,,,,,,,,,,,,,,,,,,,,,,,,,,,,,,,,,,,,,,,,,,,,,,,,,,,,,,,,,,,,,,,,,,,,,,,,,,,,,,,,,,,,,,,,,,,,,,,,,,,,,,,,,,,,,,,,,,,,,,,,,,,,,,,,,,,,,,,,,,,,,,,,,,,,,,,,,,,,,,,,,,,,,,,,,,,,,,,,,,,,,,,,,,,,,,,,,,,,,,,,,,,,,,,,,,,,,,,,,,,,,,,,,,,,,,,,,,,,,,,,,,,,,,,,,,,,,,,,,,,,,
2026040518,0.0,0.0,0.0,0.0,0.0,0.0,0.0,0.0,0.0,0.0,0.0,0.0,0.0,0.0,0.0,0.0,0.0,0.0,0.0,0.0,0.0,0.0,0.0,0.0,0.0,0.0,0.0,0.0,0.0,0.0,0.0,0.0,0.0,,,,,,,,,,,,,,,,,,,,,,,,,,,,,,,,,,,,,,,,,,,,,,,,,,,,,,,,,,,,,,,,,,0.0,0.0,0.0,0.0,0.0,0.0,0.0,0.0,0.0,0.0,0.0,0.0,0.0,0.0,0.0,0.0,0.0,0.0,0.0,0.0,0.0,0.0,0.0,0.0,0.0,0.0,0.0,0.0,0.0,0.0,0.0,0.0,,,,,,,,,,,,,,,,,,,,,,,,,,,,,,,,,280.61,,,,,,,,,,,,,,,,,,,0.0,0.0,0.0,0.0,0.0,0.0,0.0,0.0,0.0,0.0,0.0,0.0,0.0,0.0,0.0,0.0,0.0,0.0,0.0,0.0,0.0,0.0,0.0,0.0,0.0,0.0,0.0,0.0,0.0,0.0,0.0,0.0,0.0,0.0,0.0,0.0,0.0,0.0,0.0,0.0,0.0,0.0,0.0,0.0,0.0,0.0,0.0,0.0,0.0,0.0,0.0,0.0,0.0,0.0,,,,,,,,,,,,,,,,,,,0.0,0.0,,,,5568.0,88888.0,,,,,,18.0,18.0,16.0,19.0,20.0,21.0,24.0,0.0,0.0,0.0,0.0,0.0,18.8,,275.74,1.27,0.0,235.0,1.0,,0.0,0.0,0.0,0.0,0.0,0.0,0.0,0.0,0.0,0.0,0.0,0.0,0.0,0.0,0.0,0.0,0.0,0.0,0.0,0.0,0.0,0.0,0.0,0.0,0.0,0.0,0.0,0.0,0.0,0.0,0.0,0.0,0.0,0.0,0.0,0.0,0.0,0.0,,,,,,,,,,,,,,8.2,9.999e+20,,,,,,,,,,,,,,,,,,,,,,,,,,,,,6.6,2.0,4.8,5.2,5.6,5.6,6.0,6.0,6.0,6.4,4.0,6.4,6.8,6.8,6.84511,7.29313,7.35329,7.43727,7.52156,8.08747,8.52354,10.1718,6.58418,1.52,1.0,0.0,0.0,0.0,0.0,0.0,0.0,5.0,4.0,9.999e+20,9.999e+20,9.999e+20,9.999e+20,9.999e+20,,83.0,,624.0,,0.0,0.0,0.0,0.0,,66.0,0.9,0.4,0.5,0.4,0.6,0.8,1.2,1.6,1968.0,1920.0,1952.0,1896.0,1984.0,2008.0,2040.0,2048.0,,,53.0,23.0,,,,,,1.00542,282.0,1.27,,,,,,,,,,,,,,,,,,,,,,,,,,,,,,,274.009,271.501,272.346,272.957,273.369,273.77,273.955,274.244,274.28,274.121,272.18,274.294,274.534,274.397,274.736,274.521,274.775,274.764,275.012,275.202,275.874,276.606,0.0,0.0,0.0,0.0,0.0,0.0,16.0,0.0,9.999e+20,110.0,2.4,110.0,5.0,0.0,0.0,,0.0,0.0,0.0,,7680.0,,,,,2852.0,110.0,110.0,110.0,,281.2,,,,,,,,,,,,,,,,,,,,,,,,,,,,,2.4,0.0,1.2,1.6,1.6,1.6,2.0,2.0,2.0,2.0,1.2,2.0,2.4,2.4,2.4,2.8,2.8,2.8,3.2,3.2,3.6,4.0,2.4,0.8,0.0,0.0,0.0,0.0,3.0,0.0,0.0,0.0,2.4,2.8,
2026040519,,,,,,,,,,,,,,,,,,,,,,,,,,,,,,,,,0.0,,,,,,,,,,,,,,,,,,,,,,,,,,,,,,,,,,,,,,,,,,,,,,,,,,,,,,,,,,,,,,,,,,,,,,,,,,,,,,,,,,,,,,,,,,,,,,,,,,,,,,,,,,,,,,,,,,,,,,,,,,,,,,,,,,,,,,,,,,,,,,,,,,,,,,,,,,,,,,,,,,,,,,,,,,,,,,,,,,,,,,,,,,,,,,,,,,,,,,,,,,,,,,,,,,,,,,,,,,,,,,,,,,,,3.0,,4.0,,6.0,,,,,,,,,,,,,,,,,,,,,,,,,,,,,,,,,,,,,,,,,,,,,,,,,,,,,,,,,,,,,,,,,,,,,,,,,,,,,,,,,,,,,,,,,,,,,,,,,,,,,,,,,,,,,,,,,,,,,,,,,,,,,,,,,,,,,,,,,,,,,,,,,,,,,,,,,,,,,,,,,,,,,,,,,,,,,,,,,,,,,,,,,,,,,,,,,,,,,,,,,,,,,,,,,,,,,,,,,,,,,,,,,,,,,,,,,,,,,,,,,,,,,,,,,,,,16.0,,19.0,22.0,,,,,,,,,,,,,,,,,,,,,,,,,,,,,,,,,,,,,,,,,,,,,,,,,,,,,,,,,,,,,,,,,,,,,
2026040520,,,,,,,,,,,,,,,,,,,,,,,,,,,,,,,,,0.0,,,,,,,,,,,,,,,,,,,,,,,,,,,,,,,,,,,,,,,,,,,,,,,,,,,,,,,,,,,,,,,,,,,,,,,,,,,,,,,,,,,,,,,,,,,,,,,,,,,,,,,,,,,,,,,,,,,,,,,,,,,,,,,,,,,,,,,,,,,,,,,,,,,,,,,,,,,,,,,,,,,,,,,,,,,,,,,,,,,,,,,,,,,,,,,,,,,,,,,,,,,,,,,,,,,,,,,,,,,,,,,,,,,,,,,,,,,,,,,,,,,,,,,,,,,,,,,,,,,,,,,,,,,,,,,,,,,,,,,,,,,,,,,,,,,,,,,,,,,,,,,,,,,,,,,,,,,,,,,,,,,,,,,,,,,,,,,,,,,,,,,,,,,,,,,,,,,,,,,,,,,,,,,,,,,,,,,,,,,,,,,,,,,,,,,,,,,,,,,,,,,,,,,,,,,,,,,,,,,,,,,,,,,,,,,,,,,,,,,,,,,,,,,,,,,,,,,,,,,,,,,,,,,,,,,,,,,,,,,,,,,,,,,,,,,,,,,,,,,,,,,,,,,,,,,,,,,,,,,,,,,,,,,,,,,,,,,,,,,,,,,,,,,,,,,,,,,,
2026040521,,,,,,,,,,,,,,,,,,,,,,,,,,,,,,,,,0.0,,,,,,,,,,,,,,,,,,,,,,,,,,,,,,,,,,,,,,,,,,,,,,,,,,,,,,,,,,,,,,,,,,,,,,,,,,,,,,,,,,,,,,,,,,,,,,,,,,,,,,,,,,,,,,,,,,,,,,,,,,,,,,,,,,284.92,,,,,,,,,,,,,,,,,,,,,,,,,,,,,,,,,,,,,,,,,,,,,,,,,,,,,,,,,,,,,,,,,,,,,,,,,,,,,,,,,,,,,,,,,,,8.0,46.0,,,,5232.0,88888.0,,,,,,19.0,20.0,16.0,21.0,23.0,24.0,24.0,0.0,0.0,0.0,0.0,0.0,20.9,,276.75,1.57,0.0,724.0,0.0,,,,,,,,,,,,,,,,,,,,,,,,,,,,,,,,,,,,,,,,,,,,,,,,,,,,,,9.999e+20,,,,,,,,,,,,,,,,,,,,,,,,,,,,,6.1,2.4,4.0,4.42209,4.89105,4.98133,5.10817,5.67769,5.77518,5.84482,3.6,5.89533,6.32334,6.41778,6.44972,6.89301,7.06032,7.28511,7.90637,8.08757,8.6054,9.7577,6.06038,1.6,1.0,0.0,0.0,0.0,0.0,0.0,0.0,5.0,,9.999e+20,9.999e+20,9.999e+20,9.999e+20,9.999e+20,,,,936.0,,0.0,0.0,0.0,0.0,,58.0,0.7,0.3,0.3,0.2,0.5,0.7,1.0,1.4,2144.0,2064.0,2104.0,2056.0,2136.0,2168.0,2208.0,2216.0,,,58.0,21.0,,,,,,,284.89,1.58,,,,,,,,,,,,,,,,,,,,,,,,,,,,,,,,,,,,,,,,,,,,,,,,,,,,,,,,,,,,,9.999e+20,120.0,2.4,130.0,5.0,,,,0.0,,1.0,,7808.0,,,,,4170.0,120.0,120.0,120.0,,283.9,,,,,,,,,,,,,,,,,,,,,,,,,,,,,2.4,0.4,1.2,1.6,1.6,1.6,2.0,2.0,2.0,2.0,1.2,2.0,2.4,2.4,2.4,2.8,2.8,2.8,3.2,3.2,3.6,4.4,2.40723,0.82,0.0,0.0,0.0,0.0,8.0,0.0,0.0,0.0,2.8,2.8,
2026040522,,,,,,,,,,,,,,,,,,,,,,,,,,,,,,,,,0.0,,,,,,,,,,,,,,,,,,,,,,,,,,,,,,,,,,,,,,,,,,,,,,,,,,,,,,,,,,,,,,,,,,,,,,,,,,,,,,,,,,,,,,,,,,,,,,,,,,,,,,,,,,,,,,,,,,,,,,,,,,,,,,,,,,,,,,,,,,,,,,,,,,,,,,,,,,,,,,,,,,,,,,,,,,,,,,,,,,,,,,,,,,,,,,,,,,,,,,,,,,,,,,,,,,,,,,,,,,,,,,,,,,,,0.0,,0.0,,2.0,,,,,,,,,,,,,,,,,,,,,,,,,,,,,,,,,,,,,,,,,,,,,,,,,,,,,,,,,,,,,,,,,,,,,,,,,,,,,,,,,,,,,,,,,,,,,,,,,,,,,,,,,,,,,,,,,,,,,,,,,,,,,,,,,,,,,,,,,,,,,,,,,,,,,,,,,,,,,,,,,,,,,,,,,,,,,,,,,,,,,,,,,,,,,,,,,,,,,,,,,,,,,,,,,,,,,,,,,,,,,,,,,,,,,,,,,,,,,,,,,,,,,,,,,,,,11.0,,14.0,17.0,,,,,,,,,,,,,,,,,,,,,,,,,,,,,,,,,,,,,,,,,,,,,,,,,,,,,,,,,,,,,,,,,,,,,
2026040523,,,,,,,,,,,,,,,,,,,,,,,,,,,,,,,,,0.0,,,,,,,,,,,,,,,,,,,,,,,,,,,,,,,,,,,,,,,,,,,,,,,,,,,,,,,,,,,,,,,,,,,,,,,,,,,,,,,,,,,,,,,,,,,,,,,,,,,,,,,,,,,,,,,,,,,,,,,,,,,,,,,,,,,,,,,,,,,,,,,,,,,,,,,,,,,,,,,,,,,,,,,,,,,,,,,,,,,,,,,,,,,,,,,,,,,,,,,,,,,,,,,,,,,,,,,,,,,,,,,,,,,,,,,,,,,,,,,,,,,,,,,,,,,,,,,,,,,,,,,,,,,,,,,,,,,,,,,,,,,,,,,,,,,,,,,,,,,,,,,,,,,,,,,,,,,,,,,,,,,,,,,,,,,,,,,,,,,,,,,,,,,,,,,,,,,,,,,,,,,,,,,,,,,,,,,,,,,,,,,,,,,,,,,,,,,,,,,,,,,,,,,,,,,,,,,,,,,,,,,,,,,,,,,,,,,,,,,,,,,,,,,,,,,,,,,,,,,,,,,,,,,,,,,,,,,,,,,,,,,,,,,,,,,,,,,,,,,,,,,,,,,,,,,,,,,,,,,,,,,,,,,,,,,,,,,,,,,,,,,,,,,,,,,,,,,,
2026040600,0.0,0.0,0.0,0.0,0.0,0.0,0.0,0.0,0.0,0.0,0.0,0.0,0.0,0.0,0.0,0.0,0.0,0.0,0.0,0.0,0.0,0.0,0.0,0.0,0.0,0.0,0.0,0.0,0.0,0.0,0.0,0.0,0.0,,0.001,0.0,0.0,0.0,0.0,0.0,0.0,0.0,0.0,0.0,0.0,0.0,0.0,0.0,0.0,0.0,0.0,0.0,0.0,0.0,0.0,0.0,0.0,0.0,0.0,0.0,0.0,0.0,0.0,0.0,0.0,0.0,0.052,0.0,0.0,0.0,0.0,0.0,0.0,0.0,0.0,0.0,0.0,0.0,0.0,0.0,0.0,0.0,0.0,0.0,0.0,0.0,0.0,1.116,0.0,0.0,1.0,0.0,0.0,0.0,0.0,0.0,0.0,0.0,0.0,0.0,0.0,0.0,0.0,0.0,0.0,0.0,0.0,0.0,0.0,0.0,0.0,0.0,0.0,0.0,0.0,0.0,0.0,0.0,0.0,0.0,0.0,0.0,0.0,0.0,0.0,0.0,0.0,0.0,0.0,0.0,0.397,0.0,0.0,0.0,0.0,0.0,0.0,0.0,0.0,0.0,0.0,0.0,0.0,0.0,0.0,0.031,0.14,0.344,0.666,1.295,2.423,5.474,0.0,0.0,0.0,0.0,0.0,0.0,0.0,1.0,0.0,0.0,284.43,,,,,,,,,,,,,,,,,,,0.0,0.0,0.0,0.0,0.0,0.0,0.0,0.0,0.0,0.0,0.0,0.0,0.0,0.0,0.0,0.0,0.0,0.0,0.0,0.0,0.0,0.0,0.0,0.0,0.0,0.0,0.0,0.0,0.0,0.0,0.0,0.0,0.0,0.0,0.0,0.0,0.0,0.0,0.0,0.0,0.0,0.0,0.0,0.0,0.0,0.0,0.0,0.0,0.0,0.0,0.0,0.0,0.0,0.0,,,,,,,,,,,,,,,,,,,17.0,73.0,,,,5744.0,88888.0,,,,,,21.0,22.0,16.0,23.0,24.0,25.0,27.0,0.0,0.0,0.0,0.0,0.0,23.0,,277.35,1.71,0.0,661.0,1.0,,0.0,0.0,0.0,0.0,0.0,0.0,0.0,0.0,0.0,0.0,0.0,0.0,0.0,0.0,0.0,0.0,0.0,0.0,0.0,0.0,0.0,0.0,0.0,0.0,0.0,0.0,0.0,0.0,0.0,0.0,0.0,0.0,0.0,0.0,0.0,0.0,0.0,0.0,,,,,,,,,,,,,,9.0,9.999e+20,,,,,,,,,,,,,,,,,,,,,,,,,,,,,5.6,2.0,4.0,4.0,4.4,4.8,4.81899,4.93385,5.00096,5.17275,2.8,5.33601,5.55547,5.67496,6.12012,6.18968,6.64668,6.7292,7.17913,7.31691,7.93607,8.73071,5.56663,1.52,0.0,0.0,0.0,0.0,0.0,0.0,0.0,1.0,4.0,9.999e+20,9.999e+20,9.999e+20,9.999e+20,9.999e+20,,,,800.0,0.0,0.0,0.0,0.0,0.0,,63.0,0.6,0.1,0.2,0.1,0.4,0.6,0.8,1.2,2224.0,2168.0,2192.0,2160.0,2216.0,2240.0,2264.0,2296.0,,,63.0,26.0,,285.82,0.86,,,,284.4,1.71,,,,,,,,,,,,,,,,,,,,,,,,,,,,,,,,,,,,,,,,,,,,,,,,,,,,,,,,,,,,,9.999e+20,110.0,2.0,120.0,4.5,0.0,0.0,,0.0,0.0,1.0,,7707.0,,,,,3246.0,110.0,110.0,110.0,,282.3,,,,,,,,,,,,,,,,,,,,,,,,,,,,,2.0,0.4,1.2,1.2,1.2,1.6,1.6,1.6,1.6,2.0,0.8,2.0,2.0,2.0,2.4,2.4,2.4,2.4,2.8,2.8,2.8,3.06856,2.01529,0.7,0.0,0.0,0.0,0.0,1.0,0.0,0.0,0.0,2.0,2.4,
2026040601,,,,,,,,,,,,,,,,,,,,,,,,,,,,,,,,,0.0,,,,,,,,,,,,,,,,,,,,,,,,,,,,,,,,,,,,,,,,,,,,,,,,,,,,,,,,,,,,,,,,,,,,,,,,,,,,,,,,,,,,,,,,,,,,,,,,,,,,,,,,,,,,,,,,,,,,,,,,,,,,,,,,,,,,,,,,,,,,,,,,,,,,,,,,,,,,,,,,,,,,,,,,,,,,,,,,,,,,,,,,,,,,,,,,,,,,,,,,,,,,,,,,,,,,,,,,,,,,,,,,,,,,0.0,,0.0,,1.0,,,,,,,,,,,,,,,,,,,,,,,,,,,,,,,,,,,,,,,,,,,,,,,,,,,,,,,,,,,,,,,,,,,,,,,,,,,,,,,,,,,,,,,,,,,,,,,,,,,,,,,,,,,,,,,,,,,,,,,,,,,,,,,,,,,,,,,,,,,,,,,,,,,,,,,,,,,,,,,,,,,,,,,,,,,,,,,,,,,,,,,,,,,,,,,,,,,,,,,,,,,,,,,,,,,,,,,,,,,,,,,,,,,,,,,,,,,,,,,,,,,,,,,,,,,,11.0,,15.0,16.0,,,,,,,,,,,,,,,,,,,,,,,,,,,,,,,,,,,,,,,,,,,,,,,,,,,,,,,,,,,,,,,,,,,,,
2026040602,,,,,,,,,,,,,,,,,,,,,,,,,,,,,,,,,0.0,,,,,,,,,,,,,,,,,,,,,,,,,,,,,,,,,,,,,,,,,,,,,,,,,,,,,,,,,,,,,,,,,,,,,,,,,,,,,,,,,,,,,,,,,,,,,,,,,,,,,,,,,,,,,,,,,,,,,,,,,,,,,,,,,,,,,,,,,,,,,,,,,,,,,,,,,,,,,,,,,,,,,,,,,,,,,,,,,,,,,,,,,,,,,,,,,,,,,,,,,,,,,,,,,,,,,,,,,,,,,,,,,,,,,,,,,,,,,,,,,,,,,,,,,,,,,,,,,,,,,,,,,,,,,,,,,,,,,,,,,,,,,,,,,,,,,,,,,,,,,,,,,,,,,,,,,,,,,,,,,,,,,,,,,,,,,,,,,,,,,,,,,,,,,,,,,,,,,,,,,,,,,,,,,,,,,,,,,,,,,,,,,,,,,,,,,,,,,,,,,,,,,,,,,,,,,,,,,,,,,,,,,,,,,,,,,,,,,,,,,,,,,,,,,,,,,,,,,,,,,,,,,,,,,,,,,,,,,,,,,,,,,,,,,,,,,,,,,,,,,,,,,,,,,,,,,,,,,,,,,,,,,,,,,,,,,,,,,,,,,,,,,,,,,,,,,,,,
2026040603,,,,,,,,,,,,,,,,,,,,,,,,,,,,,,,,,0.0,,,,,,,,,,,,,,,,,,,,,,,,,,,,,,,,,,,,,,,,,,,,,,,,,,,,,,,,,,,,,,,,,,,,,,,,,,,,,,,,,,,,,,,,,,,,,,,,,,,,,,,,,,,,,,,,,,,,,,,,,,,,,,,,,,278.36,,,,,,,,,,,,,,,,,,,,,,,,,,,,,,,,,,,,,,,,,,,,,,,,,,,,,,,,,,,,,,,,,,,,,,,,,,,,,,,,,,,,,,,,,,,2.0,9.0,,,,5232.0,88888.0,,,,,,19.0,21.0,17.0,21.0,24.0,25.0,25.0,0.0,0.0,0.0,0.0,0.0,21.7,,276.45,1.19,0.0,122.0,0.0,,,,,,,,,,,,,,,,,,,,,,,,,,,,,,,,,,,,,,,,,,,,,,,,,,,,,,9.999e+20,,,,,,,,,,,,,,,,,,,,,,,,,,,,,5.4,1.6,4.0,4.4,4.4,4.8,4.8,4.8,4.8,4.8,3.2,5.2,5.23015,5.31744,5.43701,5.90059,6.35611,6.43016,6.94354,7.43952,7.9617,8.76934,5.41605,1.42,0.0,0.0,0.0,0.0,0.0,0.0,0.0,2.0,,9.999e+20,9.999e+20,9.999e+20,9.999e+20,9.999e+20,,,,184.0,,0.0,0.0,0.0,0.0,,78.0,0.5,0.1,0.2,0.1,0.4,0.6,0.7,1.0,2176.0,2088.0,2136.0,2064.0,2192.0,2232.0,2264.0,2296.0,,,75.0,21.0,,,,,,,279.96,2.02,,,,,,,,,,,,,,,,,,,,,,,,,,,,,,,,,,,,,,,,,,,,,,,,,,,,,,,,,,,,,9.999e+20,100.0,2.0,100.0,4.3,,,,0.0,,0.0,,7705.0,,,,,549.0,100.0,100.0,100.0,,278.5,,,,,,,,,,,,,,,,,,,,,,,,,,,,,2.0,0.4,1.2,1.2,1.6,1.6,1.6,1.6,2.0,2.0,0.8,2.0,2.0,2.4,2.4,2.4,2.4,2.8,2.8,3.2,3.6,3.6,2.0,0.8,0.0,0.0,0.0,0.0,3.0,0.0,0.0,0.0,2.4,2.8,
2026040604,,,,,,,,,,,,,,,,,,,,,,,,,,,,,,,,,0.0,,,,,,,,,,,,,,,,,,,,,,,,,,,,,,,,,,,,,,,,,,,,,,,,,,,,,,,,,,,,,,,,,,,,,,,,,,,,,,,,,,,,,,,,,,,,,,,,,,,,,,,,,,,,,,,,,,,,,,,,,,,,,,,,,,,,,,,,,,,,,,,,,,,,,,,,,,,,,,,,,,,,,,,,,,,,,,,,,,,,,,,,,,,,,,,,,,,,,,,,,,,,,,,,,,,,,,,,,,,,,,,,,,,,0.0,,0.0,,1.0,,,,,,,,,,,,,,,,,,,,,,,,,,,,,,,,,,,,,,,,,,,,,,,,,,,,,,,,,,,,,,,,,,,,,,,,,,,,,,,,,,,,,,,,,,,,,,,,,,,,,,,,,,,,,,,,,,,,,,,,,,,,,,,,,,,,,,,,,,,,,,,,,,,,,,,,,,,,,,,,,,,,,,,,,,,,,,,,,,,,,,,,,,,,,,,,,,,,,,,,,,,,,,,,,,,,,,,,,,,,,,,,,,,,,,,,,,,,,,,,,,,,,,,,,,,,16.0,,18.0,21.0,,,,,,,,,,,,,,,,,,,,,,,,,,,,,,,,,,,,,,,,,,,,,,,,,,,,,,,,,,,,,,,,,,,,,
2026040605,,,,,,,,,,,,,,,,,,,,,,,,,,,,,,,,,0.0,,,,,,,,,,,,,,,,,,,,,,,,,,,,,,,,,,,,,,,,,,,,,,,,,,,,,,,,,,,,,,,,,,,,,,,,,,,,,,,,,,,,,,,,,,,,,,,,,,,,,,,,,,,,,,,,,,,,,,,,,,,,,,,,,,,,,,,,,,,,,,,,,,,,,,,,,,,,,,,,,,,,,,,,,,,,,,,,,,,,,,,,,,,,,,,,,,,,,,,,,,,,,,,,,,,,,,,,,,,,,,,,,,,,,,,,,,,,,,,,,,,,,,,,,,,,,,,,,,,,,,,,,,,,,,,,,,,,,,,,,,,,,,,,,,,,,,,,,,,,,,,,,,,,,,,,,,,,,,,,,,,,,,,,,,,,,,,,,,,,,,,,,,,,,,,,,,,,,,,,,,,,,,,,,,,,,,,,,,,,,,,,,,,,,,,,,,,,,,,,,,,,,,,,,,,,,,,,,,,,,,,,,,,,,,,,,,,,,,,,,,,,,,,,,,,,,,,,,,,,,,,,,,,,,,,,,,,,,,,,,,,,,,,,,,,,,,,,,,,,,,,,,,,,,,,,,,,,,,,,,,,,,,,,,,,,,,,,,,,,,,,,,,,,,,,,,,,,
2026040606,0.0,0.0,0.0,0.0,0.0,0.0,0.0,0.0,0.0,0.0,0.0,0.0,0.0,0.0,0.0,0.0,0.0,0.0,0.0,0.0,0.0,0.0,0.0,0.0,0.0,0.0,0.0,0.0,0.0,0.0,0.0,0.0,0.0,,0.0,0.0,0.0,0.0,0.0,0.0,0.0,0.0,0.0,0.0,0.0,0.0,0.0,0.0,0.0,0.0,0.0,0.0,0.0,0.0,0.0,0.0,0.0,0.0,0.0,0.0,0.0,0.0,0.0,0.0,0.0,0.0,,,,,,,,,,,,,,,,,,,,,,,,,,,,,,,,,0.0,0.0,0.0,0.0,0.0,0.0,0.0,0.0,0.0,0.0,0.0,0.0,0.0,0.0,0.0,0.0,0.0,0.0,0.0,0.0,0.0,0.0,0.0,0.0,0.0,0.0,0.0,0.0,0.0,0.0,0.0,0.0,,,,,,,,,,,,,,,,,,,,,,,,,,,,,,,,,276.53,,,,,,,,,,,,,,,,,,,0.0,0.0,0.0,0.0,0.0,0.0,0.0,0.0,0.0,0.0,0.0,0.0,0.0,0.0,0.0,0.0,0.0,0.0,0.0,0.0,0.0,0.0,0.0,0.0,0.0,0.0,0.0,0.0,0.0,0.0,0.0,0.0,0.0,0.0,0.0,0.0,0.0,0.0,0.0,0.0,0.0,0.0,0.0,0.0,0.0,0.0,0.0,0.0,0.0,0.0,0.0,0.0,0.0,0.0,0.0,0.0,0.0,0.0,0.0,0.0,0.0,0.0,1.0,0.0,0.0,0.0,0.0,0.0,0.0,0.0,0.0,0.0,0.0,0.0,,,,5576.0,88888.0,,,,,,19.0,19.0,17.0,20.0,23.0,24.0,24.0,0.0,0.0,0.0,0.0,0.0,20.9,,274.86,1.04,0.0,61.0,0.0,,0.0,0.0,0.0,0.0,0.0,0.0,0.0,0.0,0.0,0.0,0.0,0.0,0.0,0.0,0.0,0.0,0.0,0.0,0.0,0.0,0.0,0.0,0.0,0.0,0.0,0.0,0.0,0.0,0.0,0.0,0.0,0.0,0.0,0.0,0.0,0.0,0.0,0.0,0.0,0.0,0.0,0.0,0.0,0.0,0.0,0.0,0.0,0.0,0.0,0.0,0.0,7.0,9.999e+20,10.0229,6.44685,7.93585,8.1106,8.63428,8.73708,9.27271,9.08901,9.38057,9.46172,7.42724,9.94539,9.99726,10.452,10.5156,10.6068,10.6875,10.7718,11.3331,11.8915,12.1917,14.2396,14.0,0.0,0.0,0.0,0.0,0.0,5.3,2.8,4.0,4.0,4.4,4.4,4.4,4.4,4.4,4.8,3.6,4.8,5.2,5.2,5.22894,5.67759,5.71114,6.15648,6.58441,7.47671,7.72724,8.42421,5.29324,1.32,0.0,0.0,0.0,0.0,0.0,0.0,0.0,1.0,4.0,9.999e+20,9.999e+20,9.999e+20,9.999e+20,9.999e+20,,,58.0,200.0,,0.0,0.0,0.0,0.0,,80.0,0.5,0.2,0.3,0.1,0.4,0.6,0.8,1.1,2128.0,2000.0,2048.0,1968.0,2152.0,2208.0,2240.0,2280.0,,,62.0,22.0,,,,,,1.42117,278.15,1.98,285.571,282.76,283.416,283.784,283.805,284.138,284.506,284.366,284.53,284.657,283.189,284.815,285.334,285.589,285.854,286.212,286.516,286.951,287.216,287.799,288.168,288.944,0.0,0.0,0.0,0.0,0.0,0.0,0.0,0.0,,,,,,,,,,,,,,,,,,,,,,,,,,,,,,,9.999e+20,100.0,2.0,100.0,4.6,0.0,0.0,,0.0,0.0,0.0,,16296.0,,,,,601.0,100.0,100.0,100.0,,277.1,4.05734,2.8,3.2,3.6,3.6,3.6,3.6,4.0,4.0,4.0,3.2,4.4,4.4,4.44534,4.4686,4.53086,4.58501,4.63688,4.656,5.10873,5.23952,5.52546,0.0,0.0,0.0,0.0,1.0,0.0,2.0,0.8,1.2,1.2,1.6,1.6,1.6,1.6,1.6,1.6,1.2,2.0,2.0,2.0,2.0,2.4,2.4,2.4,2.8,3.2,3.6,4.0,2.0,0.72,0.0,0.0,0.0,0.0,5.0,0.0,0.0,0.0,2.4,2.4,
2026040607,,,,,,,,,,,,,,,,,,,,,,,,,,,,,,,,,0.0,,,,,,,,,,,,,,,,,,,,,,,,,,,,,,,,,,,,,,,,,,,,,,,,,,,,,,,,,,,,,,,,,,,,,,,,,,,,,,,,,,,,,,,,,,,,,,,,,,,,,,,,,,,,,,,,,,,,,,,,,,,,,,,,,,,,,,,,,,,,,,,,,,,,,,,,,,,,,,,,,,,,,,,,,,,,,,,,,,,,,,,,,,,,,,,,,,,,,,,,,,,,,,,,,,,,,,,,,,,,,,,,,,,,0.0,,1.0,,2.0,,,,,,,,,,,,,,,,,,,,,,,,,,,,,,,,,,,,,,,,,,,,,,,,,,,,,,,,,,,,,,,,,,,,,,,,,,,,,,,,,,,,,,,,,,,,,,,,,,,,,,,,,,,,,,,,,,,,,,,,,,,,,,,,,,,,,,,,,,,,,,,,,,,,,,,,,,,,,,,,,,,,,,,,,,,,,,,,,,,,,,,,,,,,,,,,,,,,,,,,,,,,,,,,,,,,,,,,,,,,,,,,,,,,,,,,,,,,,,,,,,,,,,,,,,,,0.0,,0.0,2.0,,,,,,,,,,,,,,,,,,,,,,,,,,,,,,,,,,,,,,,,,,,,,,,,,,,,,,,,,,,,,,,,,,,,,
2026040608,,,,,,,,,,,,,,,,,,,,,,,,,,,,,,,,,0.0,,,,,,,,,,,,,,,,,,,,,,,,,,,,,,,,,,,,,,,,,,,,,,,,,,,,,,,,,,,,,,,,,,,,,,,,,,,,,,,,,,,,,,,,,,,,,,,,,,,,,,,,,,,,,,,,,,,,,,,,,,,,,,,,,,,,,,,,,,,,,,,,,,,,,,,,,,,,,,,,,,,,,,,,,,,,,,,,,,,,,,,,,,,,,,,,,,,,,,,,,,,,,,,,,,,,,,,,,,,,,,,,,,,,,,,,,,,,,,,,,,,,,,,,,,,,,,,,,,,,,,,,,,,,,,,,,,,,,,,,,,,,,,,,,,,,,,,,,,,,,,,,,,,,,,,,,,,,,,,,,,,,,,,,,,,,,,,,,,,,,,,,,,,,,,,,,,,,,,,,,,,,,,,,,,,,,,,,,,,,,,,,,,,,,,,,,,,,,,,,,,,,,,,,,,,,,,,,,,,,,,,,,,,,,,,,,,,,,,,,,,,,,,,,,,,,,,,,,,,,,,,,,,,,,,,,,,,,,,,,,,,,,,,,,,,,,,,,,,,,,,,,,,,,,,,,,,,,,,,,,,,,,,,,,,,,,,,,,,,,,,,,,,,,,,,,,,,,
2026040609,,,,,,,,,,,,,,,,,,,,,,,,,,,,,,,,,0.0,,,,,,,,,,,,,,,,,,,,,,,,,,,,,,,,,,,,,,,,,,,,,,,,,,,,,,,,,,,,,,,,,,,,,,,,,,,,,,,,,,,,,,,,,,,,,,,,,,,,,,,,,,,,,,,,,,,,,,,,,,,,,,,,,,275.88,,,,,,,,,,,,,,,,,,,,,,,,,,,,,,,,,,,,,,,,,,,,,,,,,,,,,,,,,,,,,,,,,,,,,,,,,,,,,,,,,,,,,,,,,,,0.0,0.0,,,,5230.0,88886.0,,,,,,20.0,20.0,19.0,21.0,22.0,25.0,25.0,0.0,0.0,0.0,0.0,0.0,21.7,,274.24,1.02,0.0,0.0,0.0,,,,,,,,,,,,,,,,,,,,,,,,,,,,,,,,,,,,,,,,,,,,,,,,,,,,,,9.999e+20,,,,,,,,,,,,,,,,,,,,,,,,,,,,,4.8,2.4,3.2,3.6,3.6,3.6,3.6,4.0,4.0,4.0,2.8,4.0,4.4,4.4,4.4,4.8,5.20166,5.61845,6.44628,7.67347,7.77146,8.30888,4.42598,1.5,0.0,0.0,0.0,0.0,0.0,0.0,0.0,1.0,,9.999e+20,9.999e+20,9.999e+20,9.999e+20,9.999e+20,,,,184.0,,0.0,0.0,0.0,0.0,,80.0,0.4,0.3,0.4,0.2,0.5,0.5,0.6,0.7,2104.0,1960.0,2000.0,1928.0,2136.0,2176.0,2224.0,2256.0,,,52.0,29.0,,,,,,,277.07,1.57,,,,,,,,,,,,,,,,,,,,,,,,,,,,,,,,,,,,,,,,,,,,,,,,,,,,,,,,,,,,,9.999e+20,90.0,2.0,90.0,4.9,,,,0.0,,0.0,,,,,,,586.0,90.0,90.0,90.0,,276.5,,,,,,,,,,,,,,,,,,,,,,,,,,,,,2.0,0.8,0.8,0.8,1.2,1.2,1.2,1.2,1.2,1.6,0.8,1.6,1.6,1.6,2.0,2.0,2.0,2.4,2.4,3.2,3.6,4.0,1.6,0.92,0.0,0.0,0.0,0.0,8.0,0.0,0.0,0.0,2.0,2.4,
2026040610,,,,,,,,,,,,,,,,,,,,,,,,,,,,,,,,,0.0,,,,,,,,,,,,,,,,,,,,,,,,,,,,,,,,,,,,,,,,,,,,,,,,,,,,,,,,,,,,,,,,,,,,,,,,,,,,,,,,,,,,,,,,,,,,,,,,,,,,,,,,,,,,,,,,,,,,,,,,,,,,,,,,,,,,,,,,,,,,,,,,,,,,,,,,,,,,,,,,,,,,,,,,,,,,,,,,,,,,,,,,,,,,,,,,,,,,,,,,,,,,,,,,,,,,,,,,,,,,,,,,,,,,,,,,,,,,,,,,,,,,,,,,,,,,,,,,,,,,,,,,,,,,,,,,,,,,,,,,,,,,,,,,,,,,,,,,,,,,,,,,,,,,,,,,,,,,,,,,,,,,,,,,,,,,,,,,,,,,,,,,,,,,,,,,,,,,,,,,,,,,,,,,,,,,,,,,,,,,,,,,,,,,,,,,,,,,,,,,,,,,,,,,,,,,,,,,,,,,,,,,,,,,,,,,,,,,,,,,,,,,,,,,,,,,,,,,,,,,,,,,,,,,,,,,,,,,,,,,,,,,,,,,,,,,,,,,,,,,,,,,,,,,,,,,,,,,,,,,,,,,,,,,,,,,,,,,,,,,,,,,,,,,,,,,,,,,
2026040611,,,,,,,,,,,,,,,,,,,,,,,,,,,,,,,,,0.0,,,,,,,,,,,,,,,,,,,,,,,,,,,,,,,,,,,,,,,,,,,,,,,,,,,,,,,,,,,,,,,,,,,,,,,,,,,,,,,,,,,,,,,,,,,,,,,,,,,,,,,,,,,,,,,,,,,,,,,,,,,,,,,,,,,,,,,,,,,,,,,,,,,,,,,,,,,,,,,,,,,,,,,,,,,,,,,,,,,,,,,,,,,,,,,,,,,,,,,,,,,,,,,,,,,,,,,,,,,,,,,,,,,,,,,,,,,,,,,,,,,,,,,,,,,,,,,,,,,,,,,,,,,,,,,,,,,,,,,,,,,,,,,,,,,,,,,,,,,,,,,,,,,,,,,,,,,,,,,,,,,,,,,,,,,,,,,,,,,,,,,,,,,,,,,,,,,,,,,,,,,,,,,,,,,,,,,,,,,,,,,,,,,,,,,,,,,,,,,,,,,,,,,,,,,,,,,,,,,,,,,,,,,,,,,,,,,,,,,,,,,,,,,,,,,,,,,,,,,,,,,,,,,,,,,,,,,,,,,,,,,,,,,,,,,,,,,,,,,,,,,,,,,,,,,,,,,,,,,,,,,,,,,,,,,,,,,,,,,,,,,,,,,,,,,,,,,,
2026040612,0.0,0.0,0.0,0.0,0.0,0.0,0.0,0.0,0.0,0.0,0.0,0.0,0.0,0.0,0.0,0.0,0.0,0.0,0.0,0.0,0.0,0.0,0.0,0.0,0.0,0.0,0.0,0.0,0.0,0.0,0.0,0.0,0.0,,0.0,0.0,0.0,0.0,0.0,0.0,0.0,0.0,0.0,0.0,0.0,0.0,0.0,0.0,0.0,0.0,0.0,0.0,0.0,0.0,0.0,0.0,0.0,0.0,0.0,0.0,0.0,0.0,0.0,0.0,0.0,0.0,0.005,0.0,0.0,0.0,0.0,0.0,0.0,0.0,0.0,0.0,0.0,0.0,0.0,0.0,0.0,0.0,0.0,0.0,0.0,0.0,0.0,0.0,0.0,0.0,0.0,0.0,0.0,0.0,0.0,0.0,0.0,0.0,0.0,0.0,0.0,0.0,0.0,0.0,0.0,0.0,0.0,0.0,0.0,0.0,0.0,0.0,0.0,0.0,0.0,0.0,0.0,0.0,0.0,0.0,0.0,0.0,0.0,0.0,0.0,0.0,0.0,0.0,0.0,0.0,0.106,0.0,0.0,0.0,0.0,0.0,0.0,0.0,0.0,0.0,0.0,0.0,0.0,0.0,0.0,0.0,0.0,0.0,0.0,0.0,0.001,3.507,0.0,0.0,0.0,0.0,0.0,0.0,0.0,1.0,0.0,0.0,275.37,,,,,,,,,,,,,,,,,,,0.0,0.0,0.0,0.0,0.0,0.0,0.0,0.0,0.0,0.0,0.0,0.0,0.0,0.0,0.0,0.0,0.0,0.0,0.0,0.0,0.0,0.0,0.0,0.0,0.0,0.0,0.0,0.0,0.0,0.0,0.0,0.0,0.0,0.0,0.0,0.0,0.0,0.0,0.0,0.0,0.0,0.0,0.0,0.0,0.0,0.0,0.0,0.0,0.0,0.0,0.0,0.0,0.0,0.0,0.0,0.0,0.0,0.0,0.0,0.0,0.0,0.0,0.0,0.0,0.0,0.0,0.0,0.0,0.0,0.0,0.0,0.0,0.0,1.0,,,,5214.0,88886.0,,,,,,20.0,21.0,19.0,22.0,23.0,24.0,24.0,0.0,0.0,0.0,0.0,0.0,22.3,,273.57,0.96,0.0,0.0,0.0,,0.0,0.0,0.0,0.0,0.0,0.0,0.0,0.0,0.0,0.0,0.0,0.0,0.0,0.0,0.0,0.0,0.0,0.0,0.0,0.0,0.0,0.0,0.0,0.0,0.0,0.0,0.0,0.0,0.0,0.0,0.0,0.0,0.0,0.0,0.0,0.0,0.0,0.0,0.0,0.0,0.0,0.0,0.0,0.0,0.0,0.0,0.0,0.0,0.0,0.0,0.0,5.2,9.999e+20,,,,,,,,,,,,,,,,,,,,,,,,,,,,,4.4,2.0,2.4,2.8,2.8,3.2,3.2,3.2,3.6,3.6,2.4,4.0,4.0,4.0,4.4,4.4,4.80505,5.22675,6.04744,7.29827,7.80422,8.36193,4.03155,1.7,0.0,0.0,0.0,0.0,0.0,0.0,0.0,1.0,4.0,9.999e+20,9.999e+20,9.999e+20,9.999e+20,9.999e+20,,,,184.0,0.0,0.0,0.0,0.0,0.0,,79.0,0.5,0.4,0.5,0.3,0.5,0.6,0.8,0.8,2088.0,1928.0,2000.0,1896.0,2120.0,2168.0,2208.0,2232.0,,,51.0,28.0,,,,276.44,0.67,,276.89,1.37,,,,,,,,,,,,,,,,,,,,,,,,,,,,,,,,,,,,,,,,,,,,,,,,,,,,,,,,,,,,,9.999e+20,90.0,1.6,90.0,4.9,0.0,0.0,,0.0,0.0,0.0,,,,,,,604.0,90.0,90.0,90.0,,275.7,,,,,,,,,,,,,,,,,,,,,,,,,,,,,1.6,0.4,0.4,0.8,0.8,0.8,0.8,0.8,1.2,1.2,0.4,1.2,1.6,1.6,1.6,2.0,2.0,2.0,2.4,3.6,3.6,4.0,1.6,1.0,0.0,0.0,0.0,0.0,7.0,0.0,0.0,0.0,2.0,2.0,
2026040613,,,,,,,,,,,,,,,,,,,,,,,,,,,,,,,,,0.0,,,,,,,,,,,,,,,,,,,,,,,,,,,,,,,,,,,,,,,,,,,,,,,,,,,,,,,,,,,,,,,,,,,,,,,,,,,,,,,,,,,,,,,,,,,,,,,,,,,,,,,,,,,,,,,,,,,,,,,,,,,,,,,,,,,,,,,,,,,,,,,,,,,,,,,,,,,,,,,,,,,,,,,,,,,,,,,,,,,,,,,,,,,,,,,,,,,,,,,,,,,,,,,,,,,,,,,,,,,,,,,,,,,,,,,,,,,,,,,,,,,,,,,,,,,,,,,,,,,,,,,,,,,,,,,,,,,,,,,,,,,,,,,,,,,,,,,,,,,,,,,,,,,,,,,,,,,,,,,,,,,,,,,,,,,,,,,,,,,,,,,,,,,,,,,,,,,,,,,,,,,,,,,,,,,,,,,,,,,,,,,,,,,,,,,,,,,,,,,,,,,,,,,,,,,,,,,,,,,,,,,,,,,,,,,,,,,,,,,,,,,,,,,,,,,,,,,,,,,,,,,,,,,,,,,,,,,,,,,,,,,,,,,,,,,,,,,,,,,,,,,,,,,,,,,,,,,,,,,,,,,,,,,,,,,,,,,,,,,,,,,,,,,,,,,,,,,,
2026040614,,,,,,,,,,,,,,,,,,,,,,,,,,,,,,,,,0.0,,,,,,,,,,,,,,,,,,,,,,,,,,,,,,,,,,,,,,,,,,,,,,,,,,,,,,,,,,,,,,,,,,,,,,,,,,,,,,,,,,,,,,,,,,,,,,,,,,,,,,,,,,,,,,,,,,,,,,,,,,,,,,,,,,,,,,,,,,,,,,,,,,,,,,,,,,,,,,,,,,,,,,,,,,,,,,,,,,,,,,,,,,,,,,,,,,,,,,,,,,,,,,,,,,,,,,,,,,,,,,,,,,,,,,,,,,,,,,,,,,,,,,,,,,,,,,,,,,,,,,,,,,,,,,,,,,,,,,,,,,,,,,,,,,,,,,,,,,,,,,,,,,,,,,,,,,,,,,,,,,,,,,,,,,,,,,,,,,,,,,,,,,,,,,,,,,,,,,,,,,,,,,,,,,,,,,,,,,,,,,,,,,,,,,,,,,,,,,,,,,,,,,,,,,,,,,,,,,,,,,,,,,,,,,,,,,,,,,,,,,,,,,,,,,,,,,,,,,,,,,,,,,,,,,,,,,,,,,,,,,,,,,,,,,,,,,,,,,,,,,,,,,,,,,,,,,,,,,,,,,,,,,,,,,,,,,,,,,,,,,,,,,,,,,,,,,,,
2026040615,,,,,,,,,,,,,,,,,,,,,,,,,,,,,,,,,0.0,,,,,,,,,,,,,,,,,,,,,,,,,,,,,,,,,,,,,,,,,,,,,,,,,,,,,,,,,,,,,,,,,,,,,,,,,,,,,,,,,,,,,,,,,,,,,,,,,,,,,,,,,,,,,,,,,,,,,,,,,,,,,,,,,,277.08,,,,,,,,,,,,,,,,,,,,,,,,,,,,,,,,,,,,,,,,,,,,,,,,,,,,,,,,,,,,,,,,,,,,,,,,,,,,,,,,,,,,,,,,,,,1.0,2.0,,,,,,,,,,,20.0,21.0,20.0,22.0,23.0,26.0,26.0,0.0,0.0,0.0,0.0,0.0,22.3,,274.2,0.9,,27.0,0.0,,,,,,,,,,,,,,,,,,,,,,,,,,,,,,,,,,,,,,,,,,,,,,,,,,,,,,9.999e+20,,,,,,,,,,,,,,,,,,,,,,,,,,,,,4.9,2.8,3.2,3.6,3.6,3.6,4.0,4.0,4.0,4.4,3.2,4.4,4.4,4.44441,4.86358,4.89802,5.32637,5.75508,6.20225,7.0621,8.02454,8.68314,4.89266,1.52,0.0,0.0,0.0,0.0,0.0,0.0,0.0,1.0,,9.999e+20,9.999e+20,9.999e+20,9.999e+20,9.999e+20,,,,208.0,,0.0,0.0,0.0,0.0,,76.0,0.6,0.4,0.5,0.4,0.6,0.7,1.0,1.0,2088.0,1920.0,2000.0,1896.0,2112.0,2176.0,2216.0,2240.0,,,47.0,29.0,,,,,,,278.35,1.58,,,,,,,,,,,,,,,,,,,,,,,,,,,,,,,,,,,,,,,,,,,,,,,,,,,,,,,,,,,,,9.999e+20,110.0,1.6,100.0,4.5,,,,,,0.0,,,,,,,632.0,110.0,110.0,110.0,,277.4,,,,,,,,,,,,,,,,,,,,,,,,,,,,,1.6,0.4,0.8,0.8,0.8,1.2,1.2,1.2,1.2,1.2,0.8,1.2,1.6,1.6,1.6,2.0,2.0,2.0,2.4,2.8,3.2,3.6,1.6,0.8,0.0,0.0,0.0,0.0,1.0,0.0,0.0,0.0,2.0,2.0,
2026040616,,,,,,,,,,,,,,,,,,,,,,,,,,,,,,,,,0.0,,,,,,,,,,,,,,,,,,,,,,,,,,,,,,,,,,,,,,,,,,,,,,,,,,,,,,,,,,,,,,,,,,,,,,,,,,,,,,,,,,,,,,,,,,,,,,,,,,,,,,,,,,,,,,,,,,,,,,,,,,,,,,,,,,,,,,,,,,,,,,,,,,,,,,,,,,,,,,,,,,,,,,,,,,,,,,,,,,,,,,,,,,,,,,,,,,,,,,,,,,,,,,,,,,,,,,,,,,,,,,,,,,,,,,,,,,,,,,,,,,,,,,,,,,,,,,,,,,,,,,,,,,,,,,,,,,,,,,,,,,,,,,,,,,,,,,,,,,,,,,,,,,,,,,,,,,,,,,,,,,,,,,,,,,,,,,,,,,,,,,,,,,,,,,,,,,,,,,,,,,,,,,,,,,,,,,,,,,,,,,,,,,,,,,,,,,,,,,,,,,,,,,,,,,,,,,,,,,,,,,,,,,,,,,,,,,,,,,,,,,,,,,,,,,,,,,,,,,,,,,,,,,,,,,,,,,,,,,,,,,,,,,,,,,,,,,,,,,,,,,,,,,,,,,,,,,,,,,,,,,,,,,,,,,,,,,,,,,,,,,,,,,,,,,,,,,,,
2026040617,,,,,,,,,,,,,,,,,,,,,,,,,,,,,,,,,0.0,,,,,,,,,,,,,,,,,,,,,,,,,,,,,,,,,,,,,,,,,,,,,,,,,,,,,,,,,,,,,,,,,,,,,,,,,,,,,,,,,,,,,,,,,,,,,,,,,,,,,,,,,,,,,,,,,,,,,,,,,,,,,,,,,,,,,,,,,,,,,,,,,,,,,,,,,,,,,,,,,,,,,,,,,,,,,,,,,,,,,,,,,,,,,,,,,,,,,,,,,,,,,,,,,,,,,,,,,,,,,,,,,,,,,,,,,,,,,,,,,,,,,,,,,,,,,,,,,,,,,,,,,,,,,,,,,,,,,,,,,,,,,,,,,,,,,,,,,,,,,,,,,,,,,,,,,,,,,,,,,,,,,,,,,,,,,,,,,,,,,,,,,,,,,,,,,,,,,,,,,,,,,,,,,,,,,,,,,,,,,,,,,,,,,,,,,,,,,,,,,,,,,,,,,,,,,,,,,,,,,,,,,,,,,,,,,,,,,,,,,,,,,,,,,,,,,,,,,,,,,,,,,,,,,,,,,,,,,,,,,,,,,,,,,,,,,,,,,,,,,,,,,,,,,,,,,,,,,,,,,,,,,,,,,,,,,,,,,,,,,,,,,,,,,,,,,,,,
2026040618,0.0,0.0,0.0,0.0,0.0,0.0,0.0,0.0,0.0,0.0,0.0,0.0,0.0,0.0,0.0,0.0,0.0,0.0,0.0,0.0,0.0,0.0,0.0,0.0,0.0,0.0,0.0,0.0,0.0,0.0,0.0,0.0,0.0,,,,,,,,,,,,,,,,,,,,,,,,,,,,,,,,,,,,,,,,,,,,,,,,,,,,,,,,,,,,,,,,,,0.0,0.0,0.0,0.0,0.0,0.0,0.0,0.0,0.0,0.0,0.0,0.0,0.0,0.0,0.0,0.0,0.0,0.0,0.0,0.0,0.0,0.0,0.0,0.0,0.0,0.0,0.0,0.0,0.0,0.0,0.0,0.0,,,,,,,,,,,,,,,,,,,,,,,,,,,,,,,,,283.49,,,,,,,,,,,,,,,,,,,0.0,,,,,,,,,,,,,,,,,,0.0,,,,,,,,,,,,,,,,,,0.0,0.0,0.0,0.0,0.0,0.0,0.0,0.0,0.0,0.0,0.0,0.0,0.0,0.0,0.0,0.0,0.0,0.0,0.0,,,,,,,,,,,,,,,,,,12.0,38.0,,,,,,,,,,,21.0,22.0,20.0,23.0,23.0,24.0,24.0,0.0,0.0,0.0,0.0,0.0,22.3,,277.22,1.23,,184.0,1.0,,0.0,,,,,,,,,,,,,,,,,,,,,,,,,0.0,0.0,0.0,0.0,0.0,0.0,0.0,0.0,0.0,0.0,0.0,0.0,0.0,0.0,,,,,,,,,,,,,7.0,9.999e+20,,,,,,,,,,,,,,,,,,,,,,,,,,,,,5.5,2.0,3.6,4.0,4.0,4.4,4.4,4.8,4.8,5.2,3.6,5.2,5.61894,5.65851,6.13628,6.59282,6.70405,6.83779,7.39113,7.78617,8.20893,9.50122,5.50713,1.72,0.0,0.0,0.0,0.0,0.0,0.0,0.0,4.0,3.0,9.999e+20,9.999e+20,9.999e+20,9.999e+20,9.999e+20,,80.0,,1112.0,,0.0,0.0,0.0,0.0,,64.0,0.7,0.4,0.6,0.4,0.7,0.8,1.1,1.1,2152.0,2064.0,2104.0,2056.0,2152.0,2192.0,2240.0,2272.0,,,40.0,28.0,,,,,,1.43104,283.42,1.31,,,,,,,,,,,,,,,,,,,,,,,,,,,,,,,275.474,272.31,272.911,273.898,274.796,275.218,275.372,275.309,275.485,275.485,272.519,275.708,275.808,276.018,275.888,276.215,276.158,276.548,276.494,276.868,277.045,277.029,0.0,0.0,0.0,0.0,0.0,0.0,12.0,0.0,9.999e+20,210.0,1.6,230.0,3.6,,0.0,,,0.0,1.0,,,,,,,3676.0,210.0,210.0,210.0,,282.3,,,,,,,,,,,,,,,,,,,,,,,,,,,,,1.6,0.0,0.8,0.8,1.2,1.2,1.2,1.2,1.2,1.6,0.8,1.6,1.6,1.6,2.0,2.0,2.0,2.4,2.4,2.8,2.8,3.6,1.6,0.8,0.0,0.0,0.0,0.0,2.0,0.0,0.0,0.0,2.0,2.0,
2026040619,,,,,,,,,,,,,,,,,,,,,,,,,,,,,,,,,0.0,,,,,,,,,,,,,,,,,,,,,,,,,,,,,,,,,,,,,,,,,,,,,,,,,,,,,,,,,,,,,,,,,,,,,,,,,,,,,,,,,,,,,,,,,,,,,,,,,,,,,,,,,,,,,,,,,,,,,,,,,,,,,,,,,,,,,,,,,,,,,,,,,,,,,,,,,,,,,,,,,,,,,,,,,,,,,,,,,,,,,,,,,,,,,,,,,,,,,,,,,,,,,,,,,,,,,,,,,,,,,,,,,,,,,,,,,,,,,,,,,,,,,,,,,,,,,,,,,,,,,,,,,,,,,,,,,,,,,,,,,,,,,,,,,,,,,,,,,,,,,,,,,,,,,,,,,,,,,,,,,,,,,,,,,,,,,,,,,,,,,,,,,,,,,,,,,,,,,,,,,,,,,,,,,,,,,,,,,,,,,,,,,,,,,,,,,,,,,,,,,,,,,,,,,,,,,,,,,,,,,,,,,,,,,,,,,,,,,,,,,,,,,,,,,,,,,,,,,,,,,,,,,,,,,,,,,,,,,,,,,,,,,,,,,,,,,,,,,,,,,,,,,,,,,,,,,,,,,,,,,,,,,,,,,,,,,,,,,,,,,,,,,,,,,,,,,,,,
2026040620,,,,,,,,,,,,,,,,,,,,,,,,,,,,,,,,,0.0,,,,,,,,,,,,,,,,,,,,,,,,,,,,,,,,,,,,,,,,,,,,,,,,,,,,,,,,,,,,,,,,,,,,,,,,,,,,,,,,,,,,,,,,,,,,,,,,,,,,,,,,,,,,,,,,,,,,,,,,,,,,,,,,,,,,,,,,,,,,,,,,,,,,,,,,,,,,,,,,,,,,,,,,,,,,,,,,,,,,,,,,,,,,,,,,,,,,,,,,,,,,,,,,,,,,,,,,,,,,,,,,,,,,,,,,,,,,,,,,,,,,,,,,,,,,,,,,,,,,,,,,,,,,,,,,,,,,,,,,,,,,,,,,,,,,,,,,,,,,,,,,,,,,,,,,,,,,,,,,,,,,,,,,,,,,,,,,,,,,,,,,,,,,,,,,,,,,,,,,,,,,,,,,,,,,,,,,,,,,,,,,,,,,,,,,,,,,,,,,,,,,,,,,,,,,,,,,,,,,,,,,,,,,,,,,,,,,,,,,,,,,,,,,,,,,,,,,,,,,,,,,,,,,,,,,,,,,,,,,,,,,,,,,,,,,,,,,,,,,,,,,,,,,,,,,,,,,,,,,,,,,,,,,,,,,,,,,,,,,,,,,,,,,,,,,,,,,
2026040621,,,,,,,,,,,,,,,,,,,,,,,,,,,,,,,,,0.0,,,,,,,,,,,,,,,,,,,,,,,,,,,,,,,,,,,,,,,,,,,,,,,,,,,,,,,,,,,,,,,,,,,,,,,,,,,,,,,,,,,,,,,,,,,,,,,,,,,,,,,,,,,,,,,,,,,,,,,,,,,,,,,,,,286.04,,,,,,,,,,,,,,,,,,,,,,,,,,,,,,,,,,,,,,,,,,,,,,,,,,,,,,,,,,,,,,,,,,,,,,,,,,,,,,,,,,,,,,,,,,,39.0,73.0,,,,,,,,,,,23.0,23.0,23.0,25.0,27.0,31.0,31.0,0.0,0.0,0.0,0.0,0.0,25.4,,277.08,1.42,,675.0,0.0,,,,,,,,,,,,,,,,,,,,,,,,,,,,,,,,,,,,,,,,,,,,,,,,,,,,,,9.999e+20,,,,,,,,,,,,,,,,,,,,,,,,,,,,,7.3,2.8,4.4,5.36766,5.17567,5.68598,6.20711,6.24394,6.34472,6.53353,3.6,7.05777,7.12786,7.17308,7.76215,8.28085,8.45646,8.99368,9.24378,9.77864,10.2405,11.3391,6.89434,2.0,2.0,0.0,0.0,0.0,0.0,0.0,0.0,22.0,,9.999e+20,9.999e+20,9.999e+20,9.999e+20,9.999e+20,,,,1672.0,,1.2,0.0,0.0,0.0,,55.0,0.7,0.3,0.5,0.3,0.7,0.8,1.1,1.4,2216.0,2088.0,2152.0,2064.0,2200.0,2256.0,2304.0,2344.0,,,41.0,21.0,,,,,,,285.98,1.76,,,,,,,,,,,,,,,,,,,,,,,,,,,,,,,,,,,,,,,,,,,,,,,,,,,,,,,,,,,,,9.999e+20,270.0,2.6,260.0,7.5,,,,,,2.0,,,,,,,11722.0,270.0,270.0,270.0,,284.7,,,,,,,,,,,,,,,,,,,,,,,,,,,,,2.6,0.8,1.2,1.6,1.6,2.0,2.0,2.0,2.4,2.4,0.8,2.4,2.8,2.8,2.8,3.2,3.2,3.2,3.6,3.70018,4.18466,4.36421,2.5552,0.92,0.0,0.0,0.0,0.0,13.0,0.0,0.0,0.0,3.0,3.1,
2026040622,,,,,,,,,,,,,,,,,,,,,,,,,,,,,,,,,0.0,,,,,,,,,,,,,,,,,,,,,,,,,,,,,,,,,,,,,,,,,,,,,,,,,,,,,,,,,,,,,,,,,,,,,,,,,,,,,,,,,,,,,,,,,,,,,,,,,,,,,,,,,,,,,,,,,,,,,,,,,,,,,,,,,,,,,,,,,,,,,,,,,,,,,,,,,,,,,,,,,,,,,,,,,,,,,,,,,,,,,,,,,,,,,,,,,,,,,,,,,,,,,,,,,,,,,,,,,,,,,,,,,,,,,,,,,,,,,,,,,,,,,,,,,,,,,,,,,,,,,,,,,,,,,,,,,,,,,,,,,,,,,,,,,,,,,,,,,,,,,,,,,,,,,,,,,,,,,,,,,,,,,,,,,,,,,,,,,,,,,,,,,,,,,,,,,,,,,,,,,,,,,,,,,,,,,,,,,,,,,,,,,,,,,,,,,,,,,,,,,,,,,,,,,,,,,,,,,,,,,,,,,,,,,,,,,,,,,,,,,,,,,,,,,,,,,,,,,,,,,,,,,,,,,,,,,,,,,,,,,,,,,,,,,,,,,,,,,,,,,,,,,,,,,,,,,,,,,,,,,,,,,,,,,,,,,,,,,,,,,,,,,,,,,,,,,,,,
2026040623,,,,,,,,,,,,,,,,,,,,,,,,,,,,,,,,,0.0,,,,,,,,,,,,,,,,,,,,,,,,,,,,,,,,,,,,,,,,,,,,,,,,,,,,,,,,,,,,,,,,,,,,,,,,,,,,,,,,,,,,,,,,,,,,,,,,,,,,,,,,,,,,,,,,,,,,,,,,,,,,,,,,,,,,,,,,,,,,,,,,,,,,,,,,,,,,,,,,,,,,,,,,,,,,,,,,,,,,,,,,,,,,,,,,,,,,,,,,,,,,,,,,,,,,,,,,,,,,,,,,,,,,,,,,,,,,,,,,,,,,,,,,,,,,,,,,,,,,,,,,,,,,,,,,,,,,,,,,,,,,,,,,,,,,,,,,,,,,,,,,,,,,,,,,,,,,,,,,,,,,,,,,,,,,,,,,,,,,,,,,,,,,,,,,,,,,,,,,,,,,,,,,,,,,,,,,,,,,,,,,,,,,,,,,,,,,,,,,,,,,,,,,,,,,,,,,,,,,,,,,,,,,,,,,,,,,,,,,,,,,,,,,,,,,,,,,,,,,,,,,,,,,,,,,,,,,,,,,,,,,,,,,,,,,,,,,,,,,,,,,,,,,,,,,,,,,,,,,,,,,,,,,,,,,,,,,,,,,,,,,,,,,,,,,,,,,
2026040700,0.035,0.0,0.0,0.0,0.0,0.0,0.0,0.0,0.0,0.0,0.0,0.0,0.0,0.0,0.0,0.0,0.0,0.0,0.0,0.0,0.012,1.025,3.0,0.0,0.0,0.0,0.0,0.0,0.0,0.0,0.0,0.0,0.0,,0.044,0.0,0.0,0.0,0.0,0.0,0.0,0.0,0.0,0.0,0.0,0.0,0.0,0.0,0.0,0.0,0.0,0.0,0.0,0.0,0.02,1.41,3.0,0.0,0.0,0.0,0.0,0.0,0.0,0.0,0.0,0.0,,,,,,,,,,,,,,,,,,,,,,,,,,,,,,,,,0.0,0.0,0.0,0.0,0.0,0.0,0.0,0.0,0.0,0.0,0.0,0.0,0.0,0.0,0.0,0.0,0.0,0.0,0.0,0.0,0.135,0.944,4.0,0.0,0.0,0.0,0.0,0.0,0.0,0.0,0.0,0.0,,,,,,,,,,,,,,,,,,,,,,,,,,,,,,,,,284.44,,,,,,,,,,,,,,,,,,,0.0,0.0,0.0,0.0,0.0,0.0,0.0,0.0,0.0,0.0,0.0,0.0,0.0,0.0,0.0,0.0,0.0,0.0,0.0,0.0,0.0,0.0,0.0,0.0,0.0,0.0,0.0,0.0,0.0,0.0,0.0,0.0,0.0,0.0,0.0,0.0,0.0,0.0,0.0,0.0,0.0,0.0,0.0,0.0,0.0,0.0,0.0,0.0,0.0,0.0,0.0,0.0,0.0,0.0,0.0,0.0,0.0,0.0,0.0,0.0,0.0,0.0,0.0,0.0,0.0,0.0,0.0,0.0,0.0,0.0,0.0,0.0,41.0,59.0,,,,,,,,,,,23.0,25.0,23.0,26.0,29.0,32.0,32.0,0.0,0.0,0.0,0.0,0.0,27.3,,277.45,2.01,,605.0,0.0,,0.0,0.0,0.0,0.0,0.0,0.0,0.0,0.0,0.0,0.0,0.0,0.0,0.0,0.0,0.0,0.0,0.0,0.0,0.0,0.0,0.0,0.0,0.0,0.0,0.0,0.0,0.0,0.0,0.0,0.0,0.0,0.0,0.0,0.0,0.0,0.0,0.0,0.0,0.0,0.0,0.0,0.0,0.0,0.0,0.0,0.0,0.0,0.0,0.0,0.0,0.0,10.2,9.999e+20,,,,,,,,,,,,,,,,,,,,,,,,,,,,,7.8,2.4,4.4,4.8,5.6,6.0,6.44905,6.9227,7.01018,7.46823,3.6,7.54143,8.02379,8.52237,9.02608,9.13554,9.64306,9.79906,10.0197,11.1916,11.9944,13.002,7.83151,2.5,8.0,0.0,0.0,0.0,0.0,0.0,0.0,37.0,3.0,9.999e+20,9.999e+20,9.999e+20,9.999e+20,9.999e+20,,,,1448.0,0.0,1.2,0.0,0.0,0.0,,63.0,0.8,0.2,0.5,0.1,0.7,1.0,1.4,1.9,2200.0,2024.0,2112.0,1984.0,2200.0,2280.0,2384.0,2432.0,,,44.0,17.0,,286.89,1.51,,,,284.29,2.03,,,,,,,,,,,,,,,,,,,,,,,,,,,,,,,,,,,,,,,,,,,,,,,,,,,,,,,,,,,,,9.999e+20,270.0,2.8,260.0,8.1,0.0,2.0,,,2.0,2.0,,,,,,,11348.0,270.0,270.0,270.0,,282.2,,,,,,,,,,,,,,,,,,,,,,,,,,,,,2.8,0.4,1.2,1.6,2.0,2.0,2.4,2.4,2.4,2.8,0.8,2.8,3.2,3.2,3.2,3.6,3.6,3.6,3.6,4.0,4.4,5.2,2.81852,1.12,0.0,0.0,0.0,0.0,18.0,0.0,0.0,0.0,3.2,3.6,
2026040701,,,,,,,,,,,,,,,,,,,,,,,,,,,,,,,,,0.0,,,,,,,,,,,,,,,,,,,,,,,,,,,,,,,,,,,,,,,,,,,,,,,,,,,,,,,,,,,,,,,,,,,,,,,,,,,,,,,,,,,,,,,,,,,,,,,,,,,,,,,,,,,,,,,,,,,,,,,,,,,,,,,,,,,,,,,,,,,,,,,,,,,,,,,,,,,,,,,,,,,,,,,,,,,,,,,,,,,,,,,,,,,,,,,,,,,,,,,,,,,,,,,,,,,,,,,,,,,,,,,,,,,,,,,,,,,,,,,,,,,,,,,,,,,,,,,,,,,,,,,,,,,,,,,,,,,,,,,,,,,,,,,,,,,,,,,,,,,,,,,,,,,,,,,,,,,,,,,,,,,,,,,,,,,,,,,,,,,,,,,,,,,,,,,,,,,,,,,,,,,,,,,,,,,,,,,,,,,,,,,,,,,,,,,,,,,,,,,,,,,,,,,,,,,,,,,,,,,,,,,,,,,,,,,,,,,,,,,,,,,,,,,,,,,,,,,,,,,,,,,,,,,,,,,,,,,,,,,,,,,,,,,,,,,,,,,,,,,,,,,,,,,,,,,,,,,,,,,,,,,,,,,,,,,,,,,,,,,,,,,,,,,,,,,,,,,,
2026040702,,,,,,,,,,,,,,,,,,,,,,,,,,,,,,,,,0.0,,,,,,,,,,,,,,,,,,,,,,,,,,,,,,,,,,,,,,,,,,,,,,,,,,,,,,,,,,,,,,,,,,,,,,,,,,,,,,,,,,,,,,,,,,,,,,,,,,,,,,,,,,,,,,,,,,,,,,,,,,,,,,,,,,,,,,,,,,,,,,,,,,,,,,,,,,,,,,,,,,,,,,,,,,,,,,,,,,,,,,,,,,,,,,,,,,,,,,,,,,,,,,,,,,,,,,,,,,,,,,,,,,,,,,,,,,,,,,,,,,,,,,,,,,,,,,,,,,,,,,,,,,,,,,,,,,,,,,,,,,,,,,,,,,,,,,,,,,,,,,,,,,,,,,,,,,,,,,,,,,,,,,,,,,,,,,,,,,,,,,,,,,,,,,,,,,,,,,,,,,,,,,,,,,,,,,,,,,,,,,,,,,,,,,,,,,,,,,,,,,,,,,,,,,,,,,,,,,,,,,,,,,,,,,,,,,,,,,,,,,,,,,,,,,,,,,,,,,,,,,,,,,,,,,,,,,,,,,,,,,,,,,,,,,,,,,,,,,,,,,,,,,,,,,,,,,,,,,,,,,,,,,,,,,,,,,,,,,,,,,,,,,,,,,,,,,,,
2026040703,,,,,,,,,,,,,,,,,,,,,,,,,,,,,,,,,0.0,,,,,,,,,,,,,,,,,,,,,,,,,,,,,,,,,,,,,,,,,,,,,,,,,,,,,,,,,,,,,,,,,,,,,,,,,,,,,,,,,,,,,,,,,,,,,,,,,,,,,,,,,,,,,,,,,,,,,,,,,,,,,,,,,,277.86,,,,,,,,,,,,,,,,,,,,,,,,,,,,,,,,,,,,,,,,,,,,,,,,,,,,,,,,,,,,,,,,,,,,,,,,,,,,,,,,,,,,,,,,,,,11.0,9.0,,,,,,,,,,,20.0,23.0,20.0,26.0,29.0,30.0,30.0,0.0,0.0,0.0,0.0,0.0,26.5,,276.68,0.77,,164.0,0.0,,,,,,,,,,,,,,,,,,,,,,,,,,,,,,,,,,,,,,,,,,,,,,,,,,,,,,9.999e+20,,,,,,,,,,,,,,,,,,,,,,,,,,,,,6.8,2.8,3.6,4.4,4.8,5.2,5.2,5.2,5.2,5.6,3.2,5.64716,5.73571,6.59099,6.6551,7.14341,7.66381,8.61624,8.8457,10.2083,11.9233,14.8584,6.37181,2.7,7.0,1.0,1.0,0.0,0.0,0.0,0.0,16.0,,9.999e+20,9.999e+20,9.999e+20,9.999e+20,9.999e+20,,,,200.0,,0.0,0.0,0.0,0.0,,82.0,1.2,0.4,0.7,0.2,1.1,1.7,2.5,2.8,2112.0,1792.0,2016.0,1752.0,2136.0,2248.0,2304.0,2352.0,,,39.0,10.0,,,,,,,279.66,1.57,,,,,,,,,,,,,,,,,,,,,,,,,,,,,,,,,,,,,,,,,,,,,,,,,,,,,,,,,,,,,9.999e+20,260.0,2.8,260.0,4.5,,,,,,2.0,,,,,,,620.0,260.0,260.0,260.0,,278.7,,,,,,,,,,,,,,,,,,,,,,,,,,,,,2.8,0.4,1.2,1.6,1.6,2.0,2.0,2.0,2.4,2.4,0.8,2.4,2.4,2.8,2.8,2.8,2.8,3.2,3.6,4.0,4.8,6.0,2.4,1.2,0.0,0.0,0.0,0.0,15.0,0.0,2.0,0.0,2.8,3.2,
2026040704,,,,,,,,,,,,,,,,,,,,,,,,,,,,,,,,,0.0,,,,,,,,,,,,,,,,,,,,,,,,,,,,,,,,,,,,,,,,,,,,,,,,,,,,,,,,,,,,,,,,,,,,,,,,,,,,,,,,,,,,,,,,,,,,,,,,,,,,,,,,,,,,,,,,,,,,,,,,,,,,,,,,,,,,,,,,,,,,,,,,,,,,,,,,,,,,,,,,,,,,,,,,,,,,,,,,,,,,,,,,,,,,,,,,,,,,,,,,,,,,,,,,,,,,,,,,,,,,,,,,,,,,,,,,,,,,,,,,,,,,,,,,,,,,,,,,,,,,,,,,,,,,,,,,,,,,,,,,,,,,,,,,,,,,,,,,,,,,,,,,,,,,,,,,,,,,,,,,,,,,,,,,,,,,,,,,,,,,,,,,,,,,,,,,,,,,,,,,,,,,,,,,,,,,,,,,,,,,,,,,,,,,,,,,,,,,,,,,,,,,,,,,,,,,,,,,,,,,,,,,,,,,,,,,,,,,,,,,,,,,,,,,,,,,,,,,,,,,,,,,,,,,,,,,,,,,,,,,,,,,,,,,,,,,,,,,,,,,,,,,,,,,,,,,,,,,,,,,,,,,,,,,,,,,,,,,,,,,,,,,,,,,,,,,,,,,
2026040705,,,,,,,,,,,,,,,,,,,,,,,,,,,,,,,,,0.0,,,,,,,,,,,,,,,,,,,,,,,,,,,,,,,,,,,,,,,,,,,,,,,,,,,,,,,,,,,,,,,,,,,,,,,,,,,,,,,,,,,,,,,,,,,,,,,,,,,,,,,,,,,,,,,,,,,,,,,,,,,,,,,,,,,,,,,,,,,,,,,,,,,,,,,,,,,,,,,,,,,,,,,,,,,,,,,,,,,,,,,,,,,,,,,,,,,,,,,,,,,,,,,,,,,,,,,,,,,,,,,,,,,,,,,,,,,,,,,,,,,,,,,,,,,,,,,,,,,,,,,,,,,,,,,,,,,,,,,,,,,,,,,,,,,,,,,,,,,,,,,,,,,,,,,,,,,,,,,,,,,,,,,,,,,,,,,,,,,,,,,,,,,,,,,,,,,,,,,,,,,,,,,,,,,,,,,,,,,,,,,,,,,,,,,,,,,,,,,,,,,,,,,,,,,,,,,,,,,,,,,,,,,,,,,,,,,,,,,,,,,,,,,,,,,,,,,,,,,,,,,,,,,,,,,,,,,,,,,,,,,,,,,,,,,,,,,,,,,,,,,,,,,,,,,,,,,,,,,,,,,,,,,,,,,,,,,,,,,,,,,,,,,,,,,,,,,,
2026040706,0.168,0.0,0.0,0.0,0.0,0.0,0.0,0.0,0.0,0.0,0.0,0.0,0.0,0.0,0.0,0.0,0.0,0.0,0.0,0.118,0.885,3.884,9.0,0.0,0.0,0.0,0.0,2.0,0.0,0.0,0.0,0.0,0.0,,,,,,,,,,,,,,,,,,,,,,,,,,,,,,,,,,,,,,,,,,,,,,,,,,,,,,,,,,,,,,,,,,0.0,0.0,0.0,0.0,0.0,0.0,0.0,0.0,0.0,0.0,0.0,0.0,0.0,0.0,0.0,0.0,0.0,0.0,0.0,0.0,0.331,2.795,6.0,0.0,0.0,1.0,0.0,0.0,0.0,0.0,0.0,0.0,,,,,,,,,,,,,,,,,,,,,,,,,,,,,,,,,275.6,,,,,,,,,,,,,,,,,,,0.0,,,,,,,,,,,,,,,,,,0.0,,,,,,,,,,,,,,,,,,0.0,0.0,0.0,0.0,0.0,0.0,0.0,0.0,0.0,0.0,0.0,0.0,0.0,0.0,0.0,0.0,0.0,0.0,0.0,,,,,,,,,,,,,,,,,,4.0,3.0,,,,,,,,,,,20.0,25.0,20.0,26.0,27.0,28.0,29.0,0.0,0.0,0.0,0.0,0.0,25.9,,275.58,1.24,,82.0,0.0,,0.0,,,,,,,,,,,,,,,,,,,,,,,,,0.0,0.0,0.0,0.0,0.0,0.0,0.0,0.0,0.0,0.0,0.0,0.0,0.0,0.0,,,,,,,,,,,,,10.2,9.999e+20,11.7821,7.84581,9.25131,9.37535,9.9689,10.0899,10.3643,10.4891,10.6349,11.0895,8.58583,11.6202,12.1975,12.32,12.3964,12.9319,13.0635,13.9707,14.5282,15.1334,17.0073,20.7835,52.0,3.0,1.0,0.0,0.0,0.0,6.6,2.4,4.0,4.4,4.4,4.8,4.8,4.8,4.8,5.2,3.6,5.2,5.62121,6.05466,6.11572,6.55036,7.3764,8.66092,9.9415,10.9572,13.1877,18.8427,6.57408,3.3,10.0,2.0,2.0,0.0,0.0,0.0,0.0,21.0,2.0,9.999e+20,9.999e+20,9.999e+20,9.999e+20,9.999e+20,,,55.0,232.0,,0.0,0.0,0.0,0.0,,86.0,1.9,0.6,0.9,0.5,1.5,2.6,4.2,4.6,1984.0,1544.0,1808.0,1432.0,2064.0,2176.0,2232.0,2312.0,,,44.0,23.0,,,,,,2.60112,277.63,1.72,286.109,281.821,283.188,283.772,284.028,284.144,284.312,284.555,284.833,284.877,282.545,285.333,285.797,285.961,286.021,286.398,287.829,289.317,289.652,290.267,291.088,291.358,0.0,0.0,0.0,0.0,0.0,0.0,0.0,0.0,,,,,,,,,,,,,,,,,,,,,,,,,,,,,,,9.999e+20,250.0,2.8,260.0,5.0,,2.0,,,2.0,3.0,,,,,,,804.0,250.0,250.0,250.0,,276.9,4.71904,3.2,4.0,4.0,4.0,4.4,4.4,4.4,4.4,4.8,3.6,4.8,4.8,5.12481,5.16594,5.25029,5.30793,5.38266,5.89269,6.34922,6.84982,8.58951,0.0,0.0,0.0,0.0,17.0,0.0,2.8,0.4,1.2,1.2,1.6,1.6,1.6,1.6,2.0,2.0,0.8,2.4,2.4,2.4,2.8,2.8,3.6,4.0,4.4,4.4,5.2,8.0,2.80183,1.52,0.0,0.0,0.0,0.0,24.0,0.0,2.0,0.0,2.8,3.2,
2026040707,,,,,,,,,,,,,,,,,,,,,,,,,,,,,,,,,0.0,,,,,,,,,,,,,,,,,,,,,,,,,,,,,,,,,,,,,,,,,,,,,,,,,,,,,,,,,,,,,,,,,,,,,,,,,,,,,,,,,,,,,,,,,,,,,,,,,,,,,,,,,,,,,,,,,,,,,,,,,,,,,,,,,,,,,,,,,,,,,,,,,,,,,,,,,,,,,,,,,,,,,,,,,,,,,,,,,,,,,,,,,,,,,,,,,,,,,,,,,,,,,,,,,,,,,,,,,,,,,,,,,,,,,,,,,,,,,,,,,,,,,,,,,,,,,,,,,,,,,,,,,,,,,,,,,,,,,,,,,,,,,,,,,,,,,,,,,,,,,,,,,,,,,,,,,,,,,,,,,,,,,,,,,,,,,,,,,,,,,,,,,,,,,,,,,,,,,,,,,,,,,,,,,,,,,,,,,,,,,,,,,,,,,,,,,,,,,,,,,,,,,,,,,,,,,,,,,,,,,,,,,,,,,,,,,,,,,,,,,,,,,,,,,,,,,,,,,,,,,,,,,,,,,,,,,,,,,,,,,,,,,,,,,,,,,,,,,,,,,,,,,,,,,,,,,,,,,,,,,,,,,,,,,,,,,,,,,,,,,,,,,,,,,,,,,,,,
2026040708,,,,,,,,,,,,,,,,,,,,,,,,,,,,,,,,,0.0,,,,,,,,,,,,,,,,,,,,,,,,,,,,,,,,,,,,,,,,,,,,,,,,,,,,,,,,,,,,,,,,,,,,,,,,,,,,,,,,,,,,,,,,,,,,,,,,,,,,,,,,,,,,,,,,,,,,,,,,,,,,,,,,,,,,,,,,,,,,,,,,,,,,,,,,,,,,,,,,,,,,,,,,,,,,,,,,,,,,,,,,,,,,,,,,,,,,,,,,,,,,,,,,,,,,,,,,,,,,,,,,,,,,,,,,,,,,,,,,,,,,,,,,,,,,,,,,,,,,,,,,,,,,,,,,,,,,,,,,,,,,,,,,,,,,,,,,,,,,,,,,,,,,,,,,,,,,,,,,,,,,,,,,,,,,,,,,,,,,,,,,,,,,,,,,,,,,,,,,,,,,,,,,,,,,,,,,,,,,,,,,,,,,,,,,,,,,,,,,,,,,,,,,,,,,,,,,,,,,,,,,,,,,,,,,,,,,,,,,,,,,,,,,,,,,,,,,,,,,,,,,,,,,,,,,,,,,,,,,,,,,,,,,,,,,,,,,,,,,,,,,,,,,,,,,,,,,,,,,,,,,,,,,,,,,,,,,,,,,,,,,,,,,,,,,,,,,
2026040709,,,,,,,,,,,,,,,,,,,,,,,,,,,,,,,,,0.0,,,,,,,,,,,,,,,,,,,,,,,,,,,,,,,,,,,,,,,,,,,,,,,,,,,,,,,,,,,,,,,,,,,,,,,,,,,,,,,,,,,,,,,,,,,,,,,,,,,,,,,,,,,,,,,,,,,,,,,,,,,,,,,,,,273.81,,,,,,,,,,,,,,,,,,,,,,,,,,,,,,,,,,,,,,,,,,,,,,,,,,,,,,,,,,,,,,,,,,,,,,,,,,,,,,,,,,,,,,,,,,,2.0,3.0,,,,,,,,,,,17.0,25.0,17.0,25.0,27.0,28.0,28.0,0.0,0.0,0.0,0.0,0.0,25.7,,274.52,1.49,,0.0,2.0,,,,,,,,,,,,,,,,,,,,,,,,,,,,,,,,,,,,,,,,,,,,,,,,,,,,,,9.999e+20,,,,,,,,,,,,,,,,,,,,,,,,,,,,,7.3,2.4,4.0,4.0,4.4,4.8,4.8,5.2,5.2,5.6,3.6,6.0,6.4,6.4,7.2,8.0512,8.9139,9.76503,11.0421,12.3457,13.6914,18.2302,6.92258,3.4,13.0,2.0,2.0,0.0,0.0,0.0,0.0,26.0,,9.999e+20,9.999e+20,9.999e+20,9.999e+20,9.999e+20,,,,240.0,,2.4,0.0,0.0,0.0,,86.0,2.8,0.8,1.1,0.6,2.1,3.8,6.9,7.4,1776.0,1216.0,1576.0,1080.0,1880.0,2056.0,2152.0,2216.0,,,55.0,16.0,,,,,,,276.89,1.61,,,,,,,,,,,,,,,,,,,,,,,,,,,,,,,,,,,,,,,,,,,,,,,,,,,,,,,,,,,,,9.999e+20,270.0,2.8,270.0,6.1,,,,,,3.0,,,,,,,1020.0,270.0,270.0,270.0,,275.8,,,,,,,,,,,,,,,,,,,,,,,,,,,,,2.8,0.4,1.2,1.2,1.6,1.6,1.6,2.0,2.0,2.4,1.2,2.4,2.8,2.8,3.2,3.2,3.6,4.0,4.4,5.2,5.6,8.0,2.8,1.6,0.0,0.0,0.0,0.0,28.0,0.0,7.0,0.0,3.2,3.6,
2026040710,,,,,,,,,,,,,,,,,,,,,,,,,,,,,,,,,0.0,,,,,,,,,,,,,,,,,,,,,,,,,,,,,,,,,,,,,,,,,,,,,,,,,,,,,,,,,,,,,,,,,,,,,,,,,,,,,,,,,,,,,,,,,,,,,,,,,,,,,,,,,,,,,,,,,,,,,,,,,,,,,,,,,,,,,,,,,,,,,,,,,,,,,,,,,,,,,,,,,,,,,,,,,,,,,,,,,,,,,,,,,,,,,,,,,,,,,,,,,,,,,,,,,,,,,,,,,,,,,,,,,,,,,,,,,,,,,,,,,,,,,,,,,,,,,,,,,,,,,,,,,,,,,,,,,,,,,,,,,,,,,,,,,,,,,,,,,,,,,,,,,,,,,,,,,,,,,,,,,,,,,,,,,,,,,,,,,,,,,,,,,,,,,,,,,,,,,,,,,,,,,,,,,,,,,,,,,,,,,,,,,,,,,,,,,,,,,,,,,,,,,,,,,,,,,,,,,,,,,,,,,,,,,,,,,,,,,,,,,,,,,,,,,,,,,,,,,,,,,,,,,,,,,,,,,,,,,,,,,,,,,,,,,,,,,,,,,,,,,,,,,,,,,,,,,,,,,,,,,,,,,,,,,,,,,,,,,,,,,,,,,,,,,,,,,,,,
2026040711,,,,,,,,,,,,,,,,,,,,,,,,,,,,,,,,,0.0,,,,,,,,,,,,,,,,,,,,,,,,,,,,,,,,,,,,,,,,,,,,,,,,,,,,,,,,,,,,,,,,,,,,,,,,,,,,,,,,,,,,,,,,,,,,,,,,,,,,,,,,,,,,,,,,,,,,,,,,,,,,,,,,,,,,,,,,,,,,,,,,,,,,,,,,,,,,,,,,,,,,,,,,,,,,,,,,,,,,,,,,,,,,,,,,,,,,,,,,,,,,,,,,,,,,,,,,,,,,,,,,,,,,,,,,,,,,,,,,,,,,,,,,,,,,,,,,,,,,,,,,,,,,,,,,,,,,,,,,,,,,,,,,,,,,,,,,,,,,,,,,,,,,,,,,,,,,,,,,,,,,,,,,,,,,,,,,,,,,,,,,,,,,,,,,,,,,,,,,,,,,,,,,,,,,,,,,,,,,,,,,,,,,,,,,,,,,,,,,,,,,,,,,,,,,,,,,,,,,,,,,,,,,,,,,,,,,,,,,,,,,,,,,,,,,,,,,,,,,,,,,,,,,,,,,,,,,,,,,,,,,,,,,,,,,,,,,,,,,,,,,,,,,,,,,,,,,,,,,,,,,,,,,,,,,,,,,,,,,,,,,,,,,,,,,,,,,
2026040712,0.194,0.0,0.0,0.0,0.0,0.0,0.0,0.0,0.0,0.0,0.0,0.0,0.0,0.0,0.0,0.0,0.0,0.0,0.0,0.109,1.1,4.556,8.0,0.0,0.0,0.0,0.0,2.0,0.0,0.0,1.0,0.0,0.0,,0.319,0.0,0.0,0.0,0.0,0.0,0.0,0.0,0.0,0.0,0.0,0.0,0.0,0.0,0.0,0.0,0.0,0.0,0.0,0.213,1.771,7.192,10.0,0.0,0.0,0.0,0.0,0.0,0.0,0.0,1.0,0.0,0.317,0.0,0.0,0.0,0.0,0.0,0.0,0.0,0.0,0.0,0.0,0.0,0.0,0.0,0.0,0.0,0.0,0.0,0.0,0.214,1.729,7.568,0.0,0.0,4.0,0.0,0.0,0.0,0.0,0.0,0.0,0.0,0.0,0.0,0.0,0.0,0.0,0.0,0.0,0.0,0.0,0.0,0.0,0.0,0.0,0.0,0.0,0.0,0.0,0.0,0.0,0.0,0.078,1.82,4.0,0.0,0.0,1.0,0.0,0.0,0.0,0.0,0.0,0.0,0.318,0.0,0.0,0.0,0.0,0.0,0.0,0.0,0.0,0.0,0.0,0.0,0.0,0.0,0.0,0.0,0.0,0.0,0.0,0.166,1.703,7.993,0.0,0.0,0.0,0.0,0.0,0.0,0.0,1.0,0.0,0.0,271.95,,,,,,,,,,,,,,,,,,,0.0,0.0,0.0,0.0,0.0,0.0,0.0,0.0,0.0,0.0,0.0,0.0,0.0,0.0,0.0,0.0,0.0,0.0,0.0,0.0,0.0,0.0,0.0,0.0,0.0,0.0,0.0,0.0,0.0,0.0,0.0,0.0,0.0,0.0,0.0,0.0,0.0,0.0,0.0,0.0,0.0,0.0,0.0,0.0,0.0,0.0,0.0,0.0,0.0,0.0,0.0,0.0,0.0,0.0,0.0,0.0,0.0,0.0,0.0,0.0,0.0,0.0,0.0,0.0,0.0,0.0,0.0,0.0,0.0,0.0,0.0,0.0,2.0,3.0,,,,,,,,,,,14.0,23.0,14.0,25.0,27.0,28.0,28.0,0.0,0.0,0.0,0.0,0.0,25.1,,272.96,1.01,,0.0,1.0,,0.0,0.0,0.0,0.0,0.0,0.0,0.0,0.0,0.0,0.0,0.0,0.0,0.0,0.0,0.0,0.0,0.0,0.0,0.0,0.0,0.0,0.0,0.0,0.0,0.0,0.0,0.0,0.0,0.0,0.0,0.0,0.0,0.0,0.0,0.0,0.0,0.0,0.0,0.0,0.0,0.0,0.0,0.0,0.0,0.0,0.0,0.0,0.0,0.0,0.0,0.0,5.2,9.999e+20,,,,,,,,,,,,,,,,,,,,,,,,,,,,,7.6,3.2,4.4,4.4,4.8,4.8,5.2,5.6,6.0,6.4,4.0,6.8,7.2,7.6,8.4,9.2,9.6,10.4086,11.6293,12.1467,14.2274,17.3476,7.64174,3.42,17.0,3.0,2.0,0.0,0.0,0.0,0.0,32.0,3.0,9.999e+20,9.999e+20,9.999e+20,9.999e+20,9.999e+20,,,,256.0,0.0,1.2,0.0,1.2,0.0,,86.0,4.0,1.1,1.6,0.8,3.1,5.0,10.1,11.2,1568.0,896.0,1296.0,752.0,1680.0,1904.0,2048.0,2128.0,,,60.0,16.0,,,,273.89,1.52,,275.23,1.2,,,,,,,,,,,,,,,,,,,,,,,,,,,,,,,,,,,,,,,,,,,,,,,,,,,,,,,,,,,,,9.999e+20,270.0,3.2,270.0,6.1,0.0,2.0,,,1.0,3.0,,,,,,,1162.0,270.0,270.0,270.0,,274.5,,,,,,,,,,,,,,,,,,,,,,,,,,,,,3.2,0.8,1.2,1.6,1.6,2.0,2.0,2.0,2.4,2.4,1.2,2.8,3.2,3.2,3.6,3.6,4.0,4.4,4.8,5.2,6.4,7.6,3.2,1.6,0.0,0.0,0.0,0.0,31.0,0.0,8.0,0.0,3.6,4.0,
2026040713,,,,,,,,,,,,,,,,,,,,,,,,,,,,,,,,,0.0,,,,,,,,,,,,,,,,,,,,,,,,,,,,,,,,,,,,,,,,,,,,,,,,,,,,,,,,,,,,,,,,,,,,,,,,,,,,,,,,,,,,,,,,,,,,,,,,,,,,,,,,,,,,,,,,,,,,,,,,,,,,,,,,,,,,,,,,,,,,,,,,,,,,,,,,,,,,,,,,,,,,,,,,,,,,,,,,,,,,,,,,,,,,,,,,,,,,,,,,,,,,,,,,,,,,,,,,,,,,,,,,,,,,,,,,,,,,,,,,,,,,,,,,,,,,,,,,,,,,,,,,,,,,,,,,,,,,,,,,,,,,,,,,,,,,,,,,,,,,,,,,,,,,,,,,,,,,,,,,,,,,,,,,,,,,,,,,,,,,,,,,,,,,,,,,,,,,,,,,,,,,,,,,,,,,,,,,,,,,,,,,,,,,,,,,,,,,,,,,,,,,,,,,,,,,,,,,,,,,,,,,,,,,,,,,,,,,,,,,,,,,,,,,,,,,,,,,,,,,,,,,,,,,,,,,,,,,,,,,,,,,,,,,,,,,,,,,,,,,,,,,,,,,,,,,,,,,,,,,,,,,,,,,,,,,,,,,,,,,,,,,,,,,,,,,,,,,
2026040714,,,,,,,,,,,,,,,,,,,,,,,,,,,,,,,,,0.0,,,,,,,,,,,,,,,,,,,,,,,,,,,,,,,,,,,,,,,,,,,,,,,,,,,,,,,,,,,,,,,,,,,,,,,,,,,,,,,,,,,,,,,,,,,,,,,,,,,,,,,,,,,,,,,,,,,,,,,,,,,,,,,,,,,,,,,,,,,,,,,,,,,,,,,,,,,,,,,,,,,,,,,,,,,,,,,,,,,,,,,,,,,,,,,,,,,,,,,,,,,,,,,,,,,,,,,,,,,,,,,,,,,,,,,,,,,,,,,,,,,,,,,,,,,,,,,,,,,,,,,,,,,,,,,,,,,,,,,,,,,,,,,,,,,,,,,,,,,,,,,,,,,,,,,,,,,,,,,,,,,,,,,,,,,,,,,,,,,,,,,,,,,,,,,,,,,,,,,,,,,,,,,,,,,,,,,,,,,,,,,,,,,,,,,,,,,,,,,,,,,,,,,,,,,,,,,,,,,,,,,,,,,,,,,,,,,,,,,,,,,,,,,,,,,,,,,,,,,,,,,,,,,,,,,,,,,,,,,,,,,,,,,,,,,,,,,,,,,,,,,,,,,,,,,,,,,,,,,,,,,,,,,,,,,,,,,,,,,,,,,,,,,,,,,,,,,,
2026040715,,,,,,,,,,,,,,,,,,,,,,,,,,,,,,,,,0.0,,,,,,,,,,,,,,,,,,,,,,,,,,,,,,,,,,,,,,,,,,,,,,,,,,,,,,,,,,,,,,,,,,,,,,,,,,,,,,,,,,,,,,,,,,,,,,,,,,,,,,,,,,,,,,,,,,,,,,,,,,,,,,,,,,271.38,,,,,,,,,,,,,,,,,,,,,,,,,,,,,,,,,,,,,,,,,,,,,,,,,,,,,,,,,,,,,,,,,,,,,,,,,,,,,,,,,,,,,,,,,,,4.0,3.0,,,,,,,,,,,14.0,21.0,14.0,24.0,27.0,28.0,28.0,0.0,0.0,0.0,0.0,0.0,23.6,,271.99,1.84,,37.0,2.0,,,,,,,,,,,,,,,,,,,,,,,,,,,,,,,,,,,,,,,,,,,,,,,,,,,,,,9.999e+20,,,,,,,,,,,,,,,,,,,,,,,,,,,,,8.7,3.6,4.4,4.8,5.2,5.6,6.4,6.4,7.2,7.6,4.0,8.0,8.8,8.85778,9.29496,10.2403,10.697,11.6378,12.9337,13.5049,14.4463,17.8195,8.66063,3.62,23.0,4.0,2.0,0.0,0.0,0.0,0.0,45.0,,9.999e+20,9.999e+20,9.999e+20,9.999e+20,9.999e+20,,,,536.0,,2.4,0.0,1.2,0.0,,82.0,4.9,1.4,2.0,0.9,3.7,6.7,11.5,13.2,1424.0,624.0,1120.0,552.0,1464.0,1808.0,1968.0,2080.0,,,51.0,26.0,,,,,,,274.79,1.84,,,,,,,,,,,,,,,,,,,,,,,,,,,,,,,,,,,,,,,,,,,,,,,,,,,,,,,,,,,,,9.999e+20,270.0,3.6,270.0,7.4,,,,,,3.0,,,,,,,3520.0,270.0,270.0,270.0,,274.1,,,,,,,,,,,,,,,,,,,,,,,,,,,,,3.6,0.8,1.6,1.6,1.6,2.0,2.4,2.4,2.8,2.8,1.2,3.2,3.6,3.6,4.0,4.4,4.8,5.2,5.6,6.0,6.4,7.6,3.6,1.72,0.0,0.0,0.0,0.0,37.0,0.0,12.0,0.0,4.0,4.4,
2026040716,,,,,,,,,,,,,,,,,,,,,,,,,,,,,,,,,0.0,,,,,,,,,,,,,,,,,,,,,,,,,,,,,,,,,,,,,,,,,,,,,,,,,,,,,,,,,,,,,,,,,,,,,,,,,,,,,,,,,,,,,,,,,,,,,,,,,,,,,,,,,,,,,,,,,,,,,,,,,,,,,,,,,,,,,,,,,,,,,,,,,,,,,,,,,,,,,,,,,,,,,,,,,,,,,,,,,,,,,,,,,,,,,,,,,,,,,,,,,,,,,,,,,,,,,,,,,,,,,,,,,,,,,,,,,,,,,,,,,,,,,,,,,,,,,,,,,,,,,,,,,,,,,,,,,,,,,,,,,,,,,,,,,,,,,,,,,,,,,,,,,,,,,,,,,,,,,,,,,,,,,,,,,,,,,,,,,,,,,,,,,,,,,,,,,,,,,,,,,,,,,,,,,,,,,,,,,,,,,,,,,,,,,,,,,,,,,,,,,,,,,,,,,,,,,,,,,,,,,,,,,,,,,,,,,,,,,,,,,,,,,,,,,,,,,,,,,,,,,,,,,,,,,,,,,,,,,,,,,,,,,,,,,,,,,,,,,,,,,,,,,,,,,,,,,,,,,,,,,,,,,,,,,,,,,,,,,,,,,,,,,,,,,,,,,,,,
2026040717,,,,,,,,,,,,,,,,,,,,,,,,,,,,,,,,,0.0,,,,,,,,,,,,,,,,,,,,,,,,,,,,,,,,,,,,,,,,,,,,,,,,,,,,,,,,,,,,,,,,,,,,,,,,,,,,,,,,,,,,,,,,,,,,,,,,,,,,,,,,,,,,,,,,,,,,,,,,,,,,,,,,,,,,,,,,,,,,,,,,,,,,,,,,,,,,,,,,,,,,,,,,,,,,,,,,,,,,,,,,,,,,,,,,,,,,,,,,,,,,,,,,,,,,,,,,,,,,,,,,,,,,,,,,,,,,,,,,,,,,,,,,,,,,,,,,,,,,,,,,,,,,,,,,,,,,,,,,,,,,,,,,,,,,,,,,,,,,,,,,,,,,,,,,,,,,,,,,,,,,,,,,,,,,,,,,,,,,,,,,,,,,,,,,,,,,,,,,,,,,,,,,,,,,,,,,,,,,,,,,,,,,,,,,,,,,,,,,,,,,,,,,,,,,,,,,,,,,,,,,,,,,,,,,,,,,,,,,,,,,,,,,,,,,,,,,,,,,,,,,,,,,,,,,,,,,,,,,,,,,,,,,,,,,,,,,,,,,,,,,,,,,,,,,,,,,,,,,,,,,,,,,,,,,,,,,,,,,,,,,,,,,,,,,,,,,
2026040718,0.211,0.0,0.0,0.0,0.0,0.0,0.0,0.0,0.0,0.0,0.0,0.0,0.0,0.0,0.0,0.0,0.0,0.0,0.0,0.097,1.079,4.07,9.0,0.0,0.0,0.0,0.0,2.0,0.0,0.0,1.0,0.0,0.0,,,,,,,,,,,,,,,,,,,,,,,,,,,,,,,,,,,,,,,,,,,,,,,,,,,,,,,,,,,,,,,,,,0.0,0.0,0.0,0.0,0.0,0.0,0.0,0.0,0.0,0.0,0.0,0.0,0.0,0.0,0.0,0.0,0.0,0.0,0.0,0.0,0.605,3.33,6.0,0.0,0.0,1.0,0.0,0.0,0.0,0.0,0.0,0.0,,,,,,,,,,,,,,,,,,,,,,,,,,,,,,,,,272.75,,,,,,,,,,,,,,,,,,,0.0,,,,,,,,,,,,,,,,,,0.0,,,,,,,,,,,,,,,,,,0.0,0.0,0.0,0.0,0.0,0.0,0.0,0.0,2.0,1.0,1.0,0.0,0.0,0.0,0.0,0.0,0.0,0.0,0.0,,,,,,,,,,,,,,,,,,9.0,7.0,,,,,,,,,,,13.0,21.0,13.0,24.0,26.0,28.0,28.0,0.0,0.0,0.0,0.0,0.0,23.6,,271.34,2.65,,71.0,2.0,,0.0,,,,,,,,,,,,,,,,,,,,,,,,,0.0,0.0,0.0,0.0,0.0,0.0,0.0,0.0,0.0,0.0,0.0,0.0,0.0,0.0,,,,,,,,,,,,,12.2,9.999e+20,,,,,,,,,,,,,,,,,,,,,,,,,,,,,10.3,2.8,5.6,7.26201,8.24446,8.71628,8.74824,9.1941,9.65547,9.68873,4.0,10.1315,10.6462,10.8325,11.3833,11.6247,12.5834,13.1592,13.7806,14.569,15.441,18.1315,10.3189,3.42,35.0,6.0,2.0,0.0,0.0,0.0,0.0,73.0,3.0,9.999e+20,9.999e+20,9.999e+20,9.999e+20,9.999e+20,,86.0,,608.0,,1.2,0.0,2.4,0.0,,70.0,5.3,1.5,2.1,1.0,3.8,7.6,11.9,14.4,1368.0,632.0,992.0,456.0,1488.0,1792.0,1888.0,1992.0,,,38.0,19.0,,,,,,2.33133,276.37,2.65,,,,,,,,,,,,,,,,,,,,,,,,,,,,,,,274.335,268.852,270.954,271.822,272.101,272.444,272.633,272.82,273.369,273.689,269.916,274.128,274.682,274.87,275.384,275.561,275.808,276.679,276.867,277.675,278.044,278.843,0.0,0.0,0.0,0.0,0.0,11.0,40.0,0.0,9.999e+20,280.0,4.1,270.0,7.2,,2.0,,,1.0,4.0,,,,,,,3870.0,280.0,280.0,280.0,,276.0,,,,,,,,,,,,,,,,,,,,,,,,,,,,,4.1,0.0,1.6,2.4,3.2,3.6,3.6,4.0,4.0,4.0,0.8,4.4,4.4,4.4,4.8,5.2,5.2,5.6,6.0,6.4,6.85326,8.12226,4.08162,1.8,0.0,0.0,0.0,0.0,71.0,0.0,18.0,0.0,4.9,5.3,
2026040719,,,,,,,,,,,,,,,,,,,,,,,,,,,,,,,,,0.0,,,,,,,,,,,,,,,,,,,,,,,,,,,,,,,,,,,,,,,,,,,,,,,,,,,,,,,,,,,,,,,,,,,,,,,,,,,,,,,,,,,,,,,,,,,,,,,,,,,,,,,,,,,,,,,,,,,,,,,,,,,,,,,,,,,,,,,,,,,,,,,,,,,,,,,,,,,,,,,,,,,,,,,,,,,,,,,,,,,,,,,,,,,,,,,,,,,,,,,,,,,,,,,,,,,,,,,,,,,,,,,,,,,,,,,,,,,,,,,,,,,,,,,,,,,,,,,,,,,,,,,,,,,,,,,,,,,,,,,,,,,,,,,,,,,,,,,,,,,,,,,,,,,,,,,,,,,,,,,,,,,,,,,,,,,,,,,,,,,,,,,,,,,,,,,,,,,,,,,,,,,,,,,,,,,,,,,,,,,,,,,,,,,,,,,,,,,,,,,,,,,,,,,,,,,,,,,,,,,,,,,,,,,,,,,,,,,,,,,,,,,,,,,,,,,,,,,,,,,,,,,,,,,,,,,,,,,,,,,,,,,,,,,,,,,,,,,,,,,,,,,,,,,,,,,,,,,,,,,,,,,,,,,,,,,,,,,,,,,,,,,,,,,,,,,,,,,,
2026040720,,,,,,,,,,,,,,,,,,,,,,,,,,,,,,,,,0.0,,,,,,,,,,,,,,,,,,,,,,,,,,,,,,,,,,,,,,,,,,,,,,,,,,,,,,,,,,,,,,,,,,,,,,,,,,,,,,,,,,,,,,,,,,,,,,,,,,,,,,,,,,,,,,,,,,,,,,,,,,,,,,,,,,,,,,,,,,,,,,,,,,,,,,,,,,,,,,,,,,,,,,,,,,,,,,,,,,,,,,,,,,,,,,,,,,,,,,,,,,,,,,,,,,,,,,,,,,,,,,,,,,,,,,,,,,,,,,,,,,,,,,,,,,,,,,,,,,,,,,,,,,,,,,,,,,,,,,,,,,,,,,,,,,,,,,,,,,,,,,,,,,,,,,,,,,,,,,,,,,,,,,,,,,,,,,,,,,,,,,,,,,,,,,,,,,,,,,,,,,,,,,,,,,,,,,,,,,,,,,,,,,,,,,,,,,,,,,,,,,,,,,,,,,,,,,,,,,,,,,,,,,,,,,,,,,,,,,,,,,,,,,,,,,,,,,,,,,,,,,,,,,,,,,,,,,,,,,,,,,,,,,,,,,,,,,,,,,,,,,,,,,,,,,,,,,,,,,,,,,,,,,,,,,,,,,,,,,,,,,,,,,,,,,,,,,,,
2026040721,,,,,,,,,,,,,,,,,,,,,,,,,,,,,,,,,0.0,,,,,,,,,,,,,,,,,,,,,,,,,,,,,,,,,,,,,,,,,,,,,,,,,,,,,,,,,,,,,,,,,,,,,,,,,,,,,,,,,,,,,,,,,,,,,,,,,,,,,,,,,,,,,,,,,,,,,,,,,,,,,,,,,,274.12,,,,,,,,,,,,,,,,,,,,,,,,,,,,,,,,,,,,,,,,,,,,,,,,,,,,,,,,,,,,,,,,,,,,,,,,,,,,,,,,,,,,,,,,,,,16.0,12.0,,,,,,,,,,,14.0,20.0,14.0,24.0,25.0,25.0,25.0,0.0,0.0,0.0,0.0,0.0,21.9,,270.86,3.4,,127.0,2.0,,,,,,,,,,,,,,,,,,,,,,,,,,,,,,,,,,,,,,,,,,,,,,,,,,,,,,9.999e+20,,,,,,,,,,,,,,,,,,,,,,,,,,,,,10.8,4.0,6.8,7.52467,7.98718,8.87576,9.73558,10.1601,10.2102,10.665,5.2,10.7555,11.2794,11.8074,12.319,12.7686,12.9291,13.1659,13.8129,14.282,15.0348,16.6898,10.7678,3.02,43.0,5.0,1.0,0.0,0.0,0.0,0.0,77.0,,9.999e+20,9.999e+20,9.999e+20,9.999e+20,9.999e+20,,,,832.0,,6.0,0.0,4.8,0.0,,62.0,5.1,1.4,2.1,0.9,3.7,6.5,13.5,14.1,1400.0,736.0,1088.0,456.0,1408.0,1808.0,1992.0,2056.0,,,39.0,23.0,,,,,,,277.43,3.4,,,,,,,,,,,,,,,,,,,,,,,,,,,,,,,,,,,,,,,,,,,,,,,,,,,,,,,,,,,,,9.999e+20,280.0,4.5,270.0,8.3,,,,,,3.0,,,,,,,6463.0,280.0,280.0,280.0,,277.6,,,,,,,,,,,,,,,,,,,,,,,,,,,,,4.5,1.2,2.4,2.8,3.6,3.6,4.0,4.0,4.0,4.4,1.6,4.4,4.4,4.8,4.82506,4.94108,5.44598,5.53983,6.09666,6.27586,6.8998,7.49972,4.49383,1.4,0.0,0.0,0.0,0.0,77.0,0.0,19.0,0.0,5.0,5.5,
2026040722,,,,,,,,,,,,,,,,,,,,,,,,,,,,,,,,,0.0,,,,,,,,,,,,,,,,,,,,,,,,,,,,,,,,,,,,,,,,,,,,,,,,,,,,,,,,,,,,,,,,,,,,,,,,,,,,,,,,,,,,,,,,,,,,,,,,,,,,,,,,,,,,,,,,,,,,,,,,,,,,,,,,,,,,,,,,,,,,,,,,,,,,,,,,,,,,,,,,,,,,,,,,,,,,,,,,,,,,,,,,,,,,,,,,,,,,,,,,,,,,,,,,,,,,,,,,,,,,,,,,,,,,,,,,,,,,,,,,,,,,,,,,,,,,,,,,,,,,,,,,,,,,,,,,,,,,,,,,,,,,,,,,,,,,,,,,,,,,,,,,,,,,,,,,,,,,,,,,,,,,,,,,,,,,,,,,,,,,,,,,,,,,,,,,,,,,,,,,,,,,,,,,,,,,,,,,,,,,,,,,,,,,,,,,,,,,,,,,,,,,,,,,,,,,,,,,,,,,,,,,,,,,,,,,,,,,,,,,,,,,,,,,,,,,,,,,,,,,,,,,,,,,,,,,,,,,,,,,,,,,,,,,,,,,,,,,,,,,,,,,,,,,,,,,,,,,,,,,,,,,,,,,,,,,,,,,,,,,,,,,,,,,,,,,,,,,
2026040723,,,,,,,,,,,,,,,,,,,,,,,,,,,,,,,,,0.0,,,,,,,,,,,,,,,,,,,,,,,,,,,,,,,,,,,,,,,,,,,,,,,,,,,,,,,,,,,,,,,,,,,,,,,,,,,,,,,,,,,,,,,,,,,,,,,,,,,,,,,,,,,,,,,,,,,,,,,,,,,,,,,,,,,,,,,,,,,,,,,,,,,,,,,,,,,,,,,,,,,,,,,,,,,,,,,,,,,,,,,,,,,,,,,,,,,,,,,,,,,,,,,,,,,,,,,,,,,,,,,,,,,,,,,,,,,,,,,,,,,,,,,,,,,,,,,,,,,,,,,,,,,,,,,,,,,,,,,,,,,,,,,,,,,,,,,,,,,,,,,,,,,,,,,,,,,,,,,,,,,,,,,,,,,,,,,,,,,,,,,,,,,,,,,,,,,,,,,,,,,,,,,,,,,,,,,,,,,,,,,,,,,,,,,,,,,,,,,,,,,,,,,,,,,,,,,,,,,,,,,,,,,,,,,,,,,,,,,,,,,,,,,,,,,,,,,,,,,,,,,,,,,,,,,,,,,,,,,,,,,,,,,,,,,,,,,,,,,,,,,,,,,,,,,,,,,,,,,,,,,,,,,,,,,,,,,,,,,,,,,,,,,,,,,,,,,,
2026040800,0.286,0.0,0.0,0.0,0.0,0.0,0.0,0.0,0.0,0.0,0.0,0.0,0.0,0.0,0.0,0.0,0.0,0.0,0.053,0.564,1.818,5.139,12.0,0.0,0.0,0.0,0.0,3.0,0.0,0.0,1.0,0.0,0.0,,0.688,0.0,0.0,0.0,0.0,0.0,0.0,0.0,0.0,0.0,0.0,0.0,0.0,0.0,0.0,0.0,0.001,0.181,0.673,1.773,4.072,12.719,19.0,0.0,1.0,0.0,0.0,0.0,0.0,0.0,3.0,0.0,,,,,,,,,,,,,,,,,,,,,,,,,,,,,,,,,0.0,0.0,0.0,0.0,0.0,0.0,0.0,0.0,0.0,0.0,0.0,0.0,0.0,0.0,0.0,0.0,0.0,0.0,0.0,0.149,0.758,2.954,9.0,0.0,0.0,2.0,0.0,0.0,0.0,0.0,0.0,0.0,,,,,,,,,,,,,,,,,,,,,,,,,,,,,,,,,273.07,,,,,,,,,,,,,,,,,,,0.0,0.0,0.0,0.0,0.0,0.0,0.0,0.0,3.0,1.0,1.0,0.0,0.0,0.0,0.0,0.0,0.0,0.0,0.0,0.0,0.0,0.0,0.0,0.0,0.0,0.0,1.0,1.0,0.0,0.0,0.0,0.0,0.0,0.0,0.0,0.0,0.0,0.0,0.0,0.0,0.0,0.0,0.0,0.0,3.0,0.0,0.0,0.0,0.0,0.0,0.0,0.0,0.0,0.0,0.0,0.0,0.0,0.0,0.0,0.0,0.0,0.0,1.0,0.0,0.0,0.0,0.0,0.0,0.0,0.0,0.0,0.0,21.0,17.0,,,,,,,,,,,16.0,20.0,15.0,22.0,25.0,27.0,27.0,0.0,0.0,0.0,0.0,0.0,21.8,,271.14,3.38,,137.0,3.0,,0.0,0.0,0.0,0.0,0.0,0.0,0.0,0.0,0.0,0.0,0.0,0.0,0.0,0.0,0.0,0.0,0.0,0.0,0.0,0.0,0.0,0.0,0.0,0.0,0.0,0.0,0.0,0.0,0.0,0.0,0.0,0.0,0.0,0.0,0.0,0.0,0.0,0.0,0.0,0.0,0.0,0.0,0.0,0.0,0.0,0.0,0.0,0.0,0.0,0.0,0.0,15.0,9.999e+20,,,,,,,,,,,,,,,,,,,,,,,,,,,,,10.9,4.4,6.8,7.6,7.78076,8.85325,9.20765,9.4417,9.99984,10.5131,5.2,11.1532,11.7714,11.8354,12.2806,12.403,13.3501,13.895,14.5183,15.1897,15.554,17.9717,10.8698,3.22,50.0,7.0,2.0,0.0,0.0,0.0,0.0,74.0,3.0,9.999e+20,9.999e+20,9.999e+20,9.999e+20,9.999e+20,,,,912.0,0.0,7.2,0.0,4.8,0.0,,67.0,5.3,1.4,2.2,1.1,3.6,7.2,13.1,13.7,1408.0,680.0,1128.0,488.0,1440.0,1776.0,1952.0,2112.0,,,50.0,21.0,,278.25,3.26,,,,276.71,3.38,,,,,,,,,,,,,,,,,,,,,,,,,,,,,,,,,,,,,,,,,,,,,,,,,,,,,,,,,,,,,9.999e+20,280.0,4.5,280.0,7.5,0.0,4.0,,,3.0,3.0,,,,,,,6168.0,280.0,280.0,280.0,,275.6,,,,,,,,,,,,,,,,,,,,,,,,,,,,,4.5,1.2,2.4,2.8,3.2,3.6,3.6,4.0,4.0,4.4,1.6,4.4,4.4,4.8,4.8,5.2,5.2,5.6,5.6,6.0,6.37154,7.44779,4.48429,1.4,0.0,0.0,0.0,0.0,69.0,0.0,17.0,0.0,4.9,5.3,
2026040801,,,,,,,,,,,,,,,,,,,,,,,,,,,,,,,,,0.0,,,,,,,,,,,,,,,,,,,,,,,,,,,,,,,,,,,,,,,,,,,,,,,,,,,,,,,,,,,,,,,,,,,,,,,,,,,,,,,,,,,,,,,,,,,,,,,,,,,,,,,,,,,,,,,,,,,,,,,,,,,,,,,,,,,,,,,,,,,,,,,,,,,,,,,,,,,,,,,,,,,,,,,,,,,,,,,,,,,,,,,,,,,,,,,,,,,,,,,,,,,,,,,,,,,,,,,,,,,,,,,,,,,,,,,,,,,,,,,,,,,,,,,,,,,,,,,,,,,,,,,,,,,,,,,,,,,,,,,,,,,,,,,,,,,,,,,,,,,,,,,,,,,,,,,,,,,,,,,,,,,,,,,,,,,,,,,,,,,,,,,,,,,,,,,,,,,,,,,,,,,,,,,,,,,,,,,,,,,,,,,,,,,,,,,,,,,,,,,,,,,,,,,,,,,,,,,,,,,,,,,,,,,,,,,,,,,,,,,,,,,,,,,,,,,,,,,,,,,,,,,,,,,,,,,,,,,,,,,,,,,,,,,,,,,,,,,,,,,,,,,,,,,,,,,,,,,,,,,,,,,,,,,,,,,,,,,,,,,,,,,,,,,,,,,,,,,,
2026040802,,,,,,,,,,,,,,,,,,,,,,,,,,,,,,,,,0.0,,,,,,,,,,,,,,,,,,,,,,,,,,,,,,,,,,,,,,,,,,,,,,,,,,,,,,,,,,,,,,,,,,,,,,,,,,,,,,,,,,,,,,,,,,,,,,,,,,,,,,,,,,,,,,,,,,,,,,,,,,,,,,,,,,,,,,,,,,,,,,,,,,,,,,,,,,,,,,,,,,,,,,,,,,,,,,,,,,,,,,,,,,,,,,,,,,,,,,,,,,,,,,,,,,,,,,,,,,,,,,,,,,,,,,,,,,,,,,,,,,,,,,,,,,,,,,,,,,,,,,,,,,,,,,,,,,,,,,,,,,,,,,,,,,,,,,,,,,,,,,,,,,,,,,,,,,,,,,,,,,,,,,,,,,,,,,,,,,,,,,,,,,,,,,,,,,,,,,,,,,,,,,,,,,,,,,,,,,,,,,,,,,,,,,,,,,,,,,,,,,,,,,,,,,,,,,,,,,,,,,,,,,,,,,,,,,,,,,,,,,,,,,,,,,,,,,,,,,,,,,,,,,,,,,,,,,,,,,,,,,,,,,,,,,,,,,,,,,,,,,,,,,,,,,,,,,,,,,,,,,,,,,,,,,,,,,,,,,,,,,,,,,,,,,,,,,,,
2026040803,,,,,,,,,,,,,,,,,,,,,,,,,,,,,,,,,0.0,,,,,,,,,,,,,,,,,,,,,,,,,,,,,,,,,,,,,,,,,,,,,,,,,,,,,,,,,,,,,,,,,,,,,,,,,,,,,,,,,,,,,,,,,,,,,,,,,,,,,,,,,,,,,,,,,,,,,,,,,,,,,,,,,,270.45,,,,,,,,,,,,,,,,,,,,,,,,,,,,,,,,,,,,,,,,,,,,,,,,,,,,,,,,,,,,,,,,,,,,,,,,,,,,,,,,,,,,,,,,,,,10.0,8.0,,,,,,,,,,,17.0,18.0,17.0,20.0,22.0,28.0,28.0,0.0,0.0,0.0,0.0,0.0,20.4,,270.33,2.63,,76.0,3.0,,,,,,,,,,,,,,,,,,,,,,,,,,,,,,,,,,,,,,,,,,,,,,,,,,,,,,9.999e+20,,,,,,,,,,,,,,,,,,,,,,,,,,,,,8.9,3.2,4.8,5.6,6.0,6.48417,6.73267,7.24379,7.71181,8.254,4.4,8.71386,8.85287,9.46264,10.1174,10.2918,10.9381,11.5295,12.2052,13.2175,14.8162,17.0268,8.87062,3.22,22.0,3.0,1.0,0.0,0.0,0.0,0.0,50.0,,9.999e+20,9.999e+20,9.999e+20,9.999e+20,9.999e+20,,,,240.0,,9.6,0.0,6.0,0.0,,75.0,6.5,2.0,3.1,1.4,4.8,9.4,13.5,16.2,1304.0,552.0,944.0,496.0,1344.0,1672.0,1896.0,2064.0,,,38.0,26.0,,,,,,,274.07,2.81,,,,,,,,,,,,,,,,,,,,,,,,,,,,,,,,,,,,,,,,,,,,,,,,,,,,,,,,,,,,,9.999e+20,290.0,3.7,280.0,4.2,,,,,,2.0,,,,,,,770.0,290.0,290.0,290.0,,272.9,,,,,,,,,,,,,,,,,,,,,,,,,,,,,3.7,0.8,2.0,2.0,2.4,2.4,2.4,2.8,2.8,3.2,1.2,3.2,3.6,3.6,4.0,4.0,4.4,4.8,4.8,5.2,6.0,7.00501,3.27005,1.4,0.0,0.0,0.0,0.0,42.0,0.0,7.0,0.0,4.1,4.5,
2026040804,,,,,,,,,,,,,,,,,,,,,,,,,,,,,,,,,0.0,,,,,,,,,,,,,,,,,,,,,,,,,,,,,,,,,,,,,,,,,,,,,,,,,,,,,,,,,,,,,,,,,,,,,,,,,,,,,,,,,,,,,,,,,,,,,,,,,,,,,,,,,,,,,,,,,,,,,,,,,,,,,,,,,,,,,,,,,,,,,,,,,,,,,,,,,,,,,,,,,,,,,,,,,,,,,,,,,,,,,,,,,,,,,,,,,,,,,,,,,,,,,,,,,,,,,,,,,,,,,,,,,,,,,,,,,,,,,,,,,,,,,,,,,,,,,,,,,,,,,,,,,,,,,,,,,,,,,,,,,,,,,,,,,,,,,,,,,,,,,,,,,,,,,,,,,,,,,,,,,,,,,,,,,,,,,,,,,,,,,,,,,,,,,,,,,,,,,,,,,,,,,,,,,,,,,,,,,,,,,,,,,,,,,,,,,,,,,,,,,,,,,,,,,,,,,,,,,,,,,,,,,,,,,,,,,,,,,,,,,,,,,,,,,,,,,,,,,,,,,,,,,,,,,,,,,,,,,,,,,,,,,,,,,,,,,,,,,,,,,,,,,,,,,,,,,,,,,,,,,,,,,,,,,,,,,,,,,,,,,,,,,,,,,,,,,,,,
2026040805,,,,,,,,,,,,,,,,,,,,,,,,,,,,,,,,,0.0,,,,,,,,,,,,,,,,,,,,,,,,,,,,,,,,,,,,,,,,,,,,,,,,,,,,,,,,,,,,,,,,,,,,,,,,,,,,,,,,,,,,,,,,,,,,,,,,,,,,,,,,,,,,,,,,,,,,,,,,,,,,,,,,,,,,,,,,,,,,,,,,,,,,,,,,,,,,,,,,,,,,,,,,,,,,,,,,,,,,,,,,,,,,,,,,,,,,,,,,,,,,,,,,,,,,,,,,,,,,,,,,,,,,,,,,,,,,,,,,,,,,,,,,,,,,,,,,,,,,,,,,,,,,,,,,,,,,,,,,,,,,,,,,,,,,,,,,,,,,,,,,,,,,,,,,,,,,,,,,,,,,,,,,,,,,,,,,,,,,,,,,,,,,,,,,,,,,,,,,,,,,,,,,,,,,,,,,,,,,,,,,,,,,,,,,,,,,,,,,,,,,,,,,,,,,,,,,,,,,,,,,,,,,,,,,,,,,,,,,,,,,,,,,,,,,,,,,,,,,,,,,,,,,,,,,,,,,,,,,,,,,,,,,,,,,,,,,,,,,,,,,,,,,,,,,,,,,,,,,,,,,,,,,,,,,,,,,,,,,,,,,,,,,,,,,,,,,
2026040806,0.421,0.0,0.0,0.0,0.0,0.0,0.0,0.0,0.0,0.0,0.0,0.0,0.0,0.0,0.0,0.0,0.0,0.08,0.469,1.097,2.661,7.366,17.0,0.0,0.0,0.0,0.0,5.0,0.0,0.0,1.0,0.0,0.0,,,,,,,,,,,,,,,,,,,,,,,,,,,,,,,,,,,,,,,,,,,,,,,,,,,,,,,,,,,,,,,,,,0.0,0.0,0.0,0.0,0.0,0.0,0.0,0.0,0.0,0.0,0.0,0.0,0.0,0.0,0.0,0.0,0.0,0.0,0.0,0.41,1.434,4.757,12.0,0.0,0.0,3.0,0.0,0.0,0.0,1.0,0.0,0.0,,,,,,,,,,,,,,,,,,,,,,,,,,,,,,,,,269.59,,,,,,,,,,,,,,,,,,,0.003,,,,,,,,,,,,,,,,,,0.003,,,,,,,,,,,,,,,,,,0.0,0.0,0.0,0.0,0.0,0.0,0.0,0.0,4.0,1.0,0.0,0.0,0.0,0.0,0.0,0.0,0.0,0.0,0.003,,,,,,,,,,,,,,,,,,2.0,4.0,,,,,,,,,,,15.0,16.0,15.0,17.0,19.0,28.0,28.0,0.0,0.0,0.0,0.0,0.0,18.3,,269.13,2.72,,38.0,1.0,,0.0,,,,,,,,,,,,,,,,,,,,,,,,,0.0,0.0,0.0,0.0,0.0,0.0,0.0,0.0,0.0,0.0,0.0,0.0,0.0,0.0,,,,,,,,,,,,,14.2,9.999e+20,15.7508,8.16258,11.0278,12.1072,12.694,13.6968,14.3298,14.4609,15.0004,15.2111,9.86576,16.1691,16.3304,17.0137,17.3258,17.6104,17.9209,18.6849,19.6721,20.3407,21.8264,24.7117,86.0,29.0,7.0,2.0,0.0,0.0,6.9,2.4,4.0,4.0,4.4,4.8,4.8,5.2,5.6407,5.70647,3.2,6.18094,6.65024,6.72564,7.24101,8.09953,8.63085,9.24432,9.87311,11.2971,12.3238,16.217,6.93773,3.12,12.0,2.0,1.0,0.0,0.0,0.0,0.0,25.0,3.0,9.999e+20,9.999e+20,9.999e+20,9.999e+20,9.999e+20,,,62.0,184.0,,7.2,0.0,8.4,0.0,,77.0,7.6,2.3,3.8,1.6,5.7,12.3,14.2,16.4,1160.0,576.0,768.0,472.0,1160.0,1512.0,1752.0,1992.0,,,27.0,16.0,,,,,,4.2828,272.74,2.89,278.74,271.47,273.384,273.99,274.622,275.248,276.241,276.772,277.37,278.372,272.027,278.868,278.965,279.695,280.218,280.786,281.378,282.823,283.207,284.355,285.364,286.853,0.0,0.0,10.0,0.0,0.0,0.0,0.0,0.0,,,,,,,,,,,,,,,,,,,,,,,,,,,,,,,9.999e+20,290.0,2.8,280.0,4.8,,4.0,,,2.0,0.0,,,,,,,564.0,290.0,290.0,290.0,,272.2,6.57995,3.2,4.8,5.01308,5.12639,5.59331,5.6915,5.73264,6.18337,6.25025,4.4,6.75967,6.89442,7.02277,7.05713,7.10344,7.58396,7.6631,7.82533,8.08588,8.73821,10.1884,0.0,0.0,0.0,0.0,71.0,4.0,2.8,0.4,1.2,1.2,1.6,1.6,1.6,2.0,2.0,2.0,0.8,2.4,2.4,2.4,2.4,2.8,3.2,3.6,4.0,4.4,4.8,6.46054,2.41679,1.42,0.0,0.0,0.0,0.0,21.0,0.0,2.0,0.0,2.8,3.2,
2026040807,,,,,,,,,,,,,,,,,,,,,,,,,,,,,,,,,0.0,,,,,,,,,,,,,,,,,,,,,,,,,,,,,,,,,,,,,,,,,,,,,,,,,,,,,,,,,,,,,,,,,,,,,,,,,,,,,,,,,,,,,,,,,,,,,,,,,,,,,,,,,,,,,,,,,,,,,,,,,,,,,,,,,,,,,,,,,,,,,,,,,,,,,,,,,,,,,,,,,,,,,,,,,,,,,,,,,,,,,,,,,,,,,,,,,,,,,,,,,,,,,,,,,,,,,,,,,,,,,,,,,,,,,,,,,,,,,,,,,,,,,,,,,,,,,,,,,,,,,,,,,,,,,,,,,,,,,,,,,,,,,,,,,,,,,,,,,,,,,,,,,,,,,,,,,,,,,,,,,,,,,,,,,,,,,,,,,,,,,,,,,,,,,,,,,,,,,,,,,,,,,,,,,,,,,,,,,,,,,,,,,,,,,,,,,,,,,,,,,,,,,,,,,,,,,,,,,,,,,,,,,,,,,,,,,,,,,,,,,,,,,,,,,,,,,,,,,,,,,,,,,,,,,,,,,,,,,,,,,,,,,,,,,,,,,,,,,,,,,,,,,,,,,,,,,,,,,,,,,,,,,,,,,,,,,,,,,,,,,,,,,,,,,,,,,,,,
2026040808,,,,,,,,,,,,,,,,,,,,,,,,,,,,,,,,,0.0,,,,,,,,,,,,,,,,,,,,,,,,,,,,,,,,,,,,,,,,,,,,,,,,,,,,,,,,,,,,,,,,,,,,,,,,,,,,,,,,,,,,,,,,,,,,,,,,,,,,,,,,,,,,,,,,,,,,,,,,,,,,,,,,,,,,,,,,,,,,,,,,,,,,,,,,,,,,,,,,,,,,,,,,,,,,,,,,,,,,,,,,,,,,,,,,,,,,,,,,,,,,,,,,,,,,,,,,,,,,,,,,,,,,,,,,,,,,,,,,,,,,,,,,,,,,,,,,,,,,,,,,,,,,,,,,,,,,,,,,,,,,,,,,,,,,,,,,,,,,,,,,,,,,,,,,,,,,,,,,,,,,,,,,,,,,,,,,,,,,,,,,,,,,,,,,,,,,,,,,,,,,,,,,,,,,,,,,,,,,,,,,,,,,,,,,,,,,,,,,,,,,,,,,,,,,,,,,,,,,,,,,,,,,,,,,,,,,,,,,,,,,,,,,,,,,,,,,,,,,,,,,,,,,,,,,,,,,,,,,,,,,,,,,,,,,,,,,,,,,,,,,,,,,,,,,,,,,,,,,,,,,,,,,,,,,,,,,,,,,,,,,,,,,,,,,,,,,
2026040809,,,,,,,,,,,,,,,,,,,,,,,,,,,,,,,,,0.0,,,,,,,,,,,,,,,,,,,,,,,,,,,,,,,,,,,,,,,,,,,,,,,,,,,,,,,,,,,,,,,,,,,,,,,,,,,,,,,,,,,,,,,,,,,,,,,,,,,,,,,,,,,,,,,,,,,,,,,,,,,,,,,,,,268.64,,,,,,,,,,,,,,,,,,,,,,,,,,,,,,,,,,,,,,,,,,,,,,,,,,,,,,,,,,,,,,,,,,,,,,,,,,,,,,,,,,,,,,,,,,,2.0,4.0,,,,,,,,,,,15.0,16.0,15.0,17.0,20.0,24.0,25.0,0.0,0.0,0.0,0.0,0.0,18.6,,268.85,2.94,,0.0,1.0,,,,,,,,,,,,,,,,,,,,,,,,,,,,,,,,,,,,,,,,,,,,,,,,,,,,,,9.999e+20,,,,,,,,,,,,,,,,,,,,,,,,,,,,,6.3,2.0,3.6,4.0,4.0,4.4,4.4,4.8,4.8,5.2,3.2,5.60313,6.07835,6.1662,6.59517,7.06887,7.56822,8.4514,8.52427,9.87492,11.633,15.9276,6.24977,2.82,7.0,2.0,1.0,0.0,0.0,0.0,0.0,15.0,,9.999e+20,9.999e+20,9.999e+20,9.999e+20,9.999e+20,,,,176.0,,4.8,0.0,4.8,0.0,,81.0,8.3,2.7,4.3,1.9,6.4,12.7,15.6,17.3,1040.0,504.0,664.0,448.0,992.0,1344.0,1656.0,1904.0,,,24.0,24.0,,,,,,,271.87,3.13,,,,,,,,,,,,,,,,,,,,,,,,,,,,,,,,,,,,,,,,,,,,,,,,,,,,,,,,,,,,,9.999e+20,300.0,2.4,320.0,3.9,,,,,,0.0,,,,,,,444.0,300.0,300.0,300.0,,271.4,,,,,,,,,,,,,,,,,,,,,,,,,,,,,2.4,0.4,0.8,1.2,1.2,1.2,1.6,1.6,1.6,1.6,0.8,2.0,2.0,2.4,2.4,2.8,2.8,3.2,3.6,4.0,4.8,6.8,2.4,1.32,0.0,0.0,0.0,0.0,14.0,0.0,2.0,0.0,2.8,2.8,
2026040810,,,,,,,,,,,,,,,,,,,,,,,,,,,,,,,,,0.0,,,,,,,,,,,,,,,,,,,,,,,,,,,,,,,,,,,,,,,,,,,,,,,,,,,,,,,,,,,,,,,,,,,,,,,,,,,,,,,,,,,,,,,,,,,,,,,,,,,,,,,,,,,,,,,,,,,,,,,,,,,,,,,,,,,,,,,,,,,,,,,,,,,,,,,,,,,,,,,,,,,,,,,,,,,,,,,,,,,,,,,,,,,,,,,,,,,,,,,,,,,,,,,,,,,,,,,,,,,,,,,,,,,,,,,,,,,,,,,,,,,,,,,,,,,,,,,,,,,,,,,,,,,,,,,,,,,,,,,,,,,,,,,,,,,,,,,,,,,,,,,,,,,,,,,,,,,,,,,,,,,,,,,,,,,,,,,,,,,,,,,,,,,,,,,,,,,,,,,,,,,,,,,,,,,,,,,,,,,,,,,,,,,,,,,,,,,,,,,,,,,,,,,,,,,,,,,,,,,,,,,,,,,,,,,,,,,,,,,,,,,,,,,,,,,,,,,,,,,,,,,,,,,,,,,,,,,,,,,,,,,,,,,,,,,,,,,,,,,,,,,,,,,,,,,,,,,,,,,,,,,,,,,,,,,,,,,,,,,,,,,,,,,,,,,,,,,,
2026040811,,,,,,,,,,,,,,,,,,,,,,,,,,,,,,,,,0.0,,,,,,,,,,,,,,,,,,,,,,,,,,,,,,,,,,,,,,,,,,,,,,,,,,,,,,,,,,,,,,,,,,,,,,,,,,,,,,,,,,,,,,,,,,,,,,,,,,,,,,,,,,,,,,,,,,,,,,,,,,,,,,,,,,,,,,,,,,,,,,,,,,,,,,,,,,,,,,,,,,,,,,,,,,,,,,,,,,,,,,,,,,,,,,,,,,,,,,,,,,,,,,,,,,,,,,,,,,,,,,,,,,,,,,,,,,,,,,,,,,,,,,,,,,,,,,,,,,,,,,,,,,,,,,,,,,,,,,,,,,,,,,,,,,,,,,,,,,,,,,,,,,,,,,,,,,,,,,,,,,,,,,,,,,,,,,,,,,,,,,,,,,,,,,,,,,,,,,,,,,,,,,,,,,,,,,,,,,,,,,,,,,,,,,,,,,,,,,,,,,,,,,,,,,,,,,,,,,,,,,,,,,,,,,,,,,,,,,,,,,,,,,,,,,,,,,,,,,,,,,,,,,,,,,,,,,,,,,,,,,,,,,,,,,,,,,,,,,,,,,,,,,,,,,,,,,,,,,,,,,,,,,,,,,,,,,,,,,,,,,,,,,,,,,,,,,,,
2026040812,0.505,0.0,0.0,0.0,0.0,0.0,0.0,0.0,0.0,0.0,0.0,0.0,0.0,0.0,0.0,0.0,0.0,0.018,0.477,1.267,3.27,8.486,17.0,0.0,0.0,0.0,0.0,7.0,0.0,0.0,2.0,0.0,0.0,,1.079,0.0,0.0,0.0,0.0,0.0,0.0,0.0,0.0,0.0,0.0,0.0,0.0,0.0,0.0,0.0,0.192,0.749,1.473,3.071,6.851,15.024,24.0,0.0,2.0,0.0,0.0,0.0,0.0,0.0,6.0,0.0,1.435,0.0,0.0,0.0,0.0,0.0,0.0,0.0,0.0,0.0,0.0,0.0,0.0,0.0,0.045,0.326,0.779,1.314,2.288,4.408,8.374,17.742,2.0,0.0,14.0,0.0,0.0,0.0,0.0,0.0,0.0,0.0,0.0,0.0,0.0,0.0,0.0,0.0,0.0,0.0,0.0,0.0,0.0,0.0,0.0,0.0,0.0,0.0,0.0,0.0,0.0,0.251,1.27,5.497,10.0,0.0,0.0,3.0,0.0,0.0,0.0,1.0,0.0,0.0,1.422,0.0,0.0,0.0,0.0,0.0,0.0,0.0,0.0,0.0,0.0,0.0,0.0,0.0,0.022,0.295,0.698,1.28,2.193,4.284,7.932,17.488,0.0,0.0,0.0,0.0,0.0,0.0,0.0,7.0,0.0,0.0,268.33,,,,,,,,,,,,,,,,,,,0.003,0.0,0.0,0.0,0.0,0.0,0.0,0.01,10.0,4.0,2.0,0.0,0.0,0.0,0.0,0.0,0.0,0.0,0.003,0.0,0.0,0.0,0.0,0.0,0.0,0.01,4.0,2.0,0.0,0.0,0.0,0.0,0.0,0.0,0.0,0.0,0.0,0.0,0.0,0.0,0.0,0.0,0.0,0.003,6.0,2.0,0.0,0.0,0.0,0.0,0.0,0.0,0.0,0.0,0.003,0.0,0.0,0.0,0.0,0.0,0.0,0.01,4.0,0.0,0.0,0.0,0.0,0.0,0.0,0.0,0.0,0.0,1.0,2.0,,,,,,,,,,,13.0,15.0,13.0,17.0,19.0,22.0,22.0,0.0,0.0,0.0,0.0,0.0,17.7,,268.41,3.06,,0.0,1.0,,0.0,0.0,0.0,0.0,0.0,0.0,0.0,0.0,0.0,0.0,0.0,0.0,0.0,0.0,0.0,0.0,0.0,0.0,0.0,0.0,0.0,0.0,0.0,0.0,0.0,0.0,0.0,0.0,0.0,0.0,0.0,0.0,0.0,0.0,0.0,0.0,0.0,0.0,0.0,0.0,0.0,0.0,0.0,0.0,0.0,0.0,0.0,0.0,0.0,0.0,0.0,6.0,9.999e+20,,,,,,,,,,,,,,,,,,,,,,,,,,,,,5.8,2.0,3.2,3.6,3.6,4.0,4.4,4.4,4.8,4.8,3.2,5.2,5.61143,6.06745,6.49862,6.58854,7.42449,7.50281,7.97632,8.52934,10.294,14.9732,5.78398,2.72,5.0,1.0,0.0,0.0,0.0,0.0,0.0,10.0,3.0,9.999e+20,9.999e+20,9.999e+20,9.999e+20,9.999e+20,,,,168.0,0.0,3.6,0.0,7.2,0.0,,81.0,8.7,2.9,4.5,2.4,7.2,13.2,15.6,16.6,936.0,416.0,600.0,376.0,832.0,1200.0,1592.0,1704.0,,,29.0,25.0,,,,270.63,3.08,,271.24,3.15,,,,,,,,,,,,,,,,,,,,,,,,,,,,,,,,,,,,,,,,,,,,,,,,,,,,,,,,,,,,,9.999e+20,300.0,2.0,30.0,4.3,0.0,2.0,,,1.0,0.0,,,,,,,436.0,300.0,300.0,300.0,,270.9,,,,,,,,,,,,,,,,,,,,,,,,,,,,,2.0,0.0,0.8,0.8,1.2,1.2,1.2,1.2,1.6,1.6,0.4,1.6,1.6,2.0,2.0,2.4,2.8,2.8,2.8,3.6,4.8,6.4,2.00738,1.3,0.0,0.0,0.0,0.0,11.0,0.0,3.0,0.0,2.4,2.4,
2026040813,,,,,,,,,,,,,,,,,,,,,,,,,,,,,,,,,0.0,,,,,,,,,,,,,,,,,,,,,,,,,,,,,,,,,,,,,,,,,,,,,,,,,,,,,,,,,,,,,,,,,,,,,,,,,,,,,,,,,,,,,,,,,,,,,,,,,,,,,,,,,,,,,,,,,,,,,,,,,,,,,,,,,,,,,,,,,,,,,,,,,,,,,,,,,,,,,,,,,,,,,,,,,,,,,,,,,,,,,,,,,,,,,,,,,,,,,,,,,,,,,,,,,,,,,,,,,,,,,,,,,,,,,,,,,,,,,,,,,,,,,,,,,,,,,,,,,,,,,,,,,,,,,,,,,,,,,,,,,,,,,,,,,,,,,,,,,,,,,,,,,,,,,,,,,,,,,,,,,,,,,,,,,,,,,,,,,,,,,,,,,,,,,,,,,,,,,,,,,,,,,,,,,,,,,,,,,,,,,,,,,,,,,,,,,,,,,,,,,,,,,,,,,,,,,,,,,,,,,,,,,,,,,,,,,,,,,,,,,,,,,,,,,,,,,,,,,,,,,,,,,,,,,,,,,,,,,,,,,,,,,,,,,,,,,,,,,,,,,,,,,,,,,,,,,,,,,,,,,,,,,,,,,,,,,,,,,,,,,,,,,,,,,,,,,,,,
2026040814,,,,,,,,,,,,,,,,,,,,,,,,,,,,,,,,,0.0,,,,,,,,,,,,,,,,,,,,,,,,,,,,,,,,,,,,,,,,,,,,,,,,,,,,,,,,,,,,,,,,,,,,,,,,,,,,,,,,,,,,,,,,,,,,,,,,,,,,,,,,,,,,,,,,,,,,,,,,,,,,,,,,,,,,,,,,,,,,,,,,,,,,,,,,,,,,,,,,,,,,,,,,,,,,,,,,,,,,,,,,,,,,,,,,,,,,,,,,,,,,,,,,,,,,,,,,,,,,,,,,,,,,,,,,,,,,,,,,,,,,,,,,,,,,,,,,,,,,,,,,,,,,,,,,,,,,,,,,,,,,,,,,,,,,,,,,,,,,,,,,,,,,,,,,,,,,,,,,,,,,,,,,,,,,,,,,,,,,,,,,,,,,,,,,,,,,,,,,,,,,,,,,,,,,,,,,,,,,,,,,,,,,,,,,,,,,,,,,,,,,,,,,,,,,,,,,,,,,,,,,,,,,,,,,,,,,,,,,,,,,,,,,,,,,,,,,,,,,,,,,,,,,,,,,,,,,,,,,,,,,,,,,,,,,,,,,,,,,,,,,,,,,,,,,,,,,,,,,,,,,,,,,,,,,,,,,,,,,,,,,,,,,,,,,,,,,
2026040815,,,,,,,,,,,,,,,,,,,,,,,,,,,,,,,,,0.0,,,,,,,,,,,,,,,,,,,,,,,,,,,,,,,,,,,,,,,,,,,,,,,,,,,,,,,,,,,,,,,,,,,,,,,,,,,,,,,,,,,,,,,,,,,,,,,,,,,,,,,,,,,,,,,,,,,,,,,,,,,,,,,,,,270.2,,,,,,,,,,,,,,,,,,,,,,,,,,,,,,,,,,,,,,,,,,,,,,,,,,,,,,,,,,,,,,,,,,,,,,,,,,,,,,,,,,,,,,,,,,,1.0,3.0,,,,,,,,,,,13.0,14.0,13.0,16.0,17.0,20.0,20.0,0.0,0.0,0.0,0.0,0.0,16.2,,268.09,2.66,,47.0,1.0,,,,,,,,,,,,,,,,,,,,,,,,,,,,,,,,,,,,,,,,,,,,,,,,,,,,,,9.999e+20,,,,,,,,,,,,,,,,,,,,,,,,,,,,,6.0,2.4,3.2,3.2,3.6,4.0,4.4,4.8,4.8,5.2,2.8,5.6,5.60122,6.10633,6.2796,6.87646,7.01409,7.71237,7.90187,8.99535,10.464,13.8391,6.0356,2.52,3.0,0.0,0.0,0.0,0.0,0.0,0.0,11.0,,9.999e+20,9.999e+20,9.999e+20,9.999e+20,9.999e+20,,,,536.0,,1.2,0.0,14.4,0.0,,72.0,8.8,3.3,4.3,2.3,8.4,13.4,15.7,16.1,904.0,440.0,584.0,352.0,912.0,1176.0,1464.0,1656.0,,,24.0,17.0,,,,,,,272.44,2.66,,,,,,,,,,,,,,,,,,,,,,,,,,,,,,,,,,,,,,,,,,,,,,,,,,,,,,,,,,,,,9.999e+20,300.0,2.0,70.0,3.6,,,,,,0.0,,,,,,,1704.0,300.0,300.0,300.0,,271.7,,,,,,,,,,,,,,,,,,,,,,,,,,,,,2.0,0.0,0.4,0.8,0.8,0.8,1.2,1.2,1.6,1.6,0.4,1.6,2.0,2.0,2.0,2.4,2.8,2.8,3.2,4.0,5.2,5.51004,2.0235,1.3,0.0,0.0,0.0,0.0,11.0,0.0,1.0,0.0,2.0,2.4,
2026040816,,,,,,,,,,,,,,,,,,,,,,,,,,,,,,,,,0.0,,,,,,,,,,,,,,,,,,,,,,,,,,,,,,,,,,,,,,,,,,,,,,,,,,,,,,,,,,,,,,,,,,,,,,,,,,,,,,,,,,,,,,,,,,,,,,,,,,,,,,,,,,,,,,,,,,,,,,,,,,,,,,,,,,,,,,,,,,,,,,,,,,,,,,,,,,,,,,,,,,,,,,,,,,,,,,,,,,,,,,,,,,,,,,,,,,,,,,,,,,,,,,,,,,,,,,,,,,,,,,,,,,,,,,,,,,,,,,,,,,,,,,,,,,,,,,,,,,,,,,,,,,,,,,,,,,,,,,,,,,,,,,,,,,,,,,,,,,,,,,,,,,,,,,,,,,,,,,,,,,,,,,,,,,,,,,,,,,,,,,,,,,,,,,,,,,,,,,,,,,,,,,,,,,,,,,,,,,,,,,,,,,,,,,,,,,,,,,,,,,,,,,,,,,,,,,,,,,,,,,,,,,,,,,,,,,,,,,,,,,,,,,,,,,,,,,,,,,,,,,,,,,,,,,,,,,,,,,,,,,,,,,,,,,,,,,,,,,,,,,,,,,,,,,,,,,,,,,,,,,,,,,,,,,,,,,,,,,,,,,,,,,,,,,,,,,,,
2026040817,,,,,,,,,,,,,,,,,,,,,,,,,,,,,,,,,0.0,,,,,,,,,,,,,,,,,,,,,,,,,,,,,,,,,,,,,,,,,,,,,,,,,,,,,,,,,,,,,,,,,,,,,,,,,,,,,,,,,,,,,,,,,,,,,,,,,,,,,,,,,,,,,,,,,,,,,,,,,,,,,,,,,,,,,,,,,,,,,,,,,,,,,,,,,,,,,,,,,,,,,,,,,,,,,,,,,,,,,,,,,,,,,,,,,,,,,,,,,,,,,,,,,,,,,,,,,,,,,,,,,,,,,,,,,,,,,,,,,,,,,,,,,,,,,,,,,,,,,,,,,,,,,,,,,,,,,,,,,,,,,,,,,,,,,,,,,,,,,,,,,,,,,,,,,,,,,,,,,,,,,,,,,,,,,,,,,,,,,,,,,,,,,,,,,,,,,,,,,,,,,,,,,,,,,,,,,,,,,,,,,,,,,,,,,,,,,,,,,,,,,,,,,,,,,,,,,,,,,,,,,,,,,,,,,,,,,,,,,,,,,,,,,,,,,,,,,,,,,,,,,,,,,,,,,,,,,,,,,,,,,,,,,,,,,,,,,,,,,,,,,,,,,,,,,,,,,,,,,,,,,,,,,,,,,,,,,,,,,,,,,,,,,,,,,,,,
2026040818,0.587,0.0,0.0,0.0,0.0,0.0,0.0,0.0,0.0,0.0,0.0,0.0,0.0,0.0,0.0,0.0,0.0,0.003,0.428,1.314,3.858,9.453,17.0,0.0,1.0,0.0,0.0,7.0,0.0,0.0,3.0,0.0,0.0,,,,,,,,,,,,,,,,,,,,,,,,,,,,,,,,,,,,,,,,,,,,,,,,,,,,,,,,,,,,,,,,,,0.0,0.0,0.0,0.0,0.0,0.0,0.0,0.0,0.0,0.0,0.0,0.0,0.0,0.0,0.0,0.0,0.0,0.0,0.0,0.476,2.093,6.078,12.0,0.0,0.0,4.0,0.0,0.0,0.0,1.0,0.0,0.0,,,,,,,,,,,,,,,,,,,,,,,,,,,,,,,,,273.62,,,,,,,,,,,,,,,,,,,0.003,,,,,,,,,,,,,,,,,,0.003,,,,,,,,,,,,,,,,,,0.0,0.0,0.0,0.0,0.0,0.0,0.0,0.0,6.0,0.0,0.0,0.0,0.0,0.0,0.0,0.0,0.0,0.0,0.003,,,,,,,,,,,,,,,,,,8.0,11.0,,,,,,,,,,,13.0,14.0,13.0,15.0,17.0,21.0,21.0,0.0,0.0,0.0,0.0,0.0,15.9,,267.94,2.63,,269.0,1.0,,0.0,,,,,,,,,,,,,,,,,,,,,,,,,0.0,0.0,0.0,0.0,0.0,0.0,0.0,0.0,0.0,0.0,0.0,0.0,0.0,0.0,,,,,,,,,,,,,10.2,9.999e+20,,,,,,,,,,,,,,,,,,,,,,,,,,,,,7.0,2.4,3.6,4.0,4.57718,5.21245,5.33152,5.79376,5.91025,6.38729,3.2,6.88252,6.64971,7.16455,7.70021,8.39344,8.62133,9.37248,9.90429,11.1919,12.328,14.3552,7.00036,2.9,8.0,1.0,0.0,0.0,0.0,0.0,0.0,24.0,2.0,9.999e+20,9.999e+20,9.999e+20,9.999e+20,9.999e+20,,81.0,,1472.0,,1.2,0.0,14.4,0.0,,55.0,8.0,2.7,3.9,2.4,7.1,12.3,15.2,16.0,984.0,488.0,632.0,448.0,912.0,1256.0,1560.0,1728.0,,,15.0,15.0,,,,,,2.76655,276.2,2.69,,,,,,,,,,,,,,,,,,,,,,,,,,,,,,,270.326,264.552,266.998,267.848,268.485,268.799,269.152,269.862,269.949,270.16,266.133,270.666,270.957,271.129,271.297,271.875,272.543,272.661,273.052,273.547,274.93,275.686,0.0,0.0,0.0,0.0,0.0,54.0,86.0,0.0,9.999e+20,280.0,2.7,100.0,3.6,,1.0,,,1.0,2.0,,,,,,,4788.0,280.0,280.0,280.0,,275.7,,,,,,,,,,,,,,,,,,,,,,,,,,,,,2.7,0.0,0.8,0.8,1.2,1.2,1.6,1.6,2.0,2.0,0.4,2.4,2.4,2.8,2.8,3.2,3.6,4.0,4.32953,4.8061,5.42562,6.49991,2.67403,1.62,0.0,0.0,0.0,0.0,25.0,0.0,4.0,0.0,3.1,3.2,
2026040819,,,,,,,,,,,,,,,,,,,,,,,,,,,,,,,,,0.0,,,,,,,,,,,,,,,,,,,,,,,,,,,,,,,,,,,,,,,,,,,,,,,,,,,,,,,,,,,,,,,,,,,,,,,,,,,,,,,,,,,,,,,,,,,,,,,,,,,,,,,,,,,,,,,,,,,,,,,,,,,,,,,,,,,,,,,,,,,,,,,,,,,,,,,,,,,,,,,,,,,,,,,,,,,,,,,,,,,,,,,,,,,,,,,,,,,,,,,,,,,,,,,,,,,,,,,,,,,,,,,,,,,,,,,,,,,,,,,,,,,,,,,,,,,,,,,,,,,,,,,,,,,,,,,,,,,,,,,,,,,,,,,,,,,,,,,,,,,,,,,,,,,,,,,,,,,,,,,,,,,,,,,,,,,,,,,,,,,,,,,,,,,,,,,,,,,,,,,,,,,,,,,,,,,,,,,,,,,,,,,,,,,,,,,,,,,,,,,,,,,,,,,,,,,,,,,,,,,,,,,,,,,,,,,,,,,,,,,,,,,,,,,,,,,,,,,,,,,,,,,,,,,,,,,,,,,,,,,,,,,,,,,,,,,,,,,,,,,,,,,,,,,,,,,,,,,,,,,,,,,,,,,,,,,,,,,,,,,,,,,,,,,,,,,,,,,,
2026040820,,,,,,,,,,,,,,,,,,,,,,,,,,,,,,,,,0.0,,,,,,,,,,,,,,,,,,,,,,,,,,,,,,,,,,,,,,,,,,,,,,,,,,,,,,,,,,,,,,,,,,,,,,,,,,,,,,,,,,,,,,,,,,,,,,,,,,,,,,,,,,,,,,,,,,,,,,,,,,,,,,,,,,,,,,,,,,,,,,,,,,,,,,,,,,,,,,,,,,,,,,,,,,,,,,,,,,,,,,,,,,,,,,,,,,,,,,,,,,,,,,,,,,,,,,,,,,,,,,,,,,,,,,,,,,,,,,,,,,,,,,,,,,,,,,,,,,,,,,,,,,,,,,,,,,,,,,,,,,,,,,,,,,,,,,,,,,,,,,,,,,,,,,,,,,,,,,,,,,,,,,,,,,,,,,,,,,,,,,,,,,,,,,,,,,,,,,,,,,,,,,,,,,,,,,,,,,,,,,,,,,,,,,,,,,,,,,,,,,,,,,,,,,,,,,,,,,,,,,,,,,,,,,,,,,,,,,,,,,,,,,,,,,,,,,,,,,,,,,,,,,,,,,,,,,,,,,,,,,,,,,,,,,,,,,,,,,,,,,,,,,,,,,,,,,,,,,,,,,,,,,,,,,,,,,,,,,,,,,,,,,,,,,,,,,,,
2026040821,,,,,,,,,,,,,,,,,,,,,,,,,,,,,,,,,0.0,,,,,,,,,,,,,,,,,,,,,,,,,,,,,,,,,,,,,,,,,,,,,,,,,,,,,,,,,,,,,,,,,,,,,,,,,,,,,,,,,,,,,,,,,,,,,,,,,,,,,,,,,,,,,,,,,,,,,,,,,,,,,,,,,,276.72,,,,,,,,,,,,,,,,,,,,,,,,,,,,,,,,,,,,,,,,,,,,,,,,,,,,,,,,,,,,,,,,,,,,,,,,,,,,,,,,,,,,,,,,,,,25.0,26.0,,,,,,,,,,,12.0,14.0,12.0,15.0,17.0,20.0,20.0,0.0,0.0,0.0,0.0,0.0,15.6,,268.43,2.67,,720.0,0.0,,,,,,,,,,,,,,,,,,,,,,,,,,,,,,,,,,,,,,,,,,,,,,,,,,,,,,9.999e+20,,,,,,,,,,,,,,,,,,,,,,,,,,,,,7.6,3.2,4.21274,4.70357,5.15967,5.27576,5.3694,5.91811,6.48667,6.55749,4.07376,7.07443,7.24959,7.51168,8.0471,8.55811,9.22766,9.92202,10.6956,11.3184,12.0158,13.0474,7.22705,2.62,10.0,0.0,0.0,0.0,0.0,0.0,0.0,30.0,,9.999e+20,9.999e+20,9.999e+20,9.999e+20,9.999e+20,,,,1920.0,,1.2,0.0,14.4,0.0,,47.0,6.6,2.0,3.0,1.7,5.5,10.5,14.5,14.7,1144.0,624.0,800.0,488.0,1056.0,1488.0,1664.0,1896.0,,,31.0,22.0,,,,,,,279.15,3.01,,,,,,,,,,,,,,,,,,,,,,,,,,,,,,,,,,,,,,,,,,,,,,,,,,,,,,,,,,,,,9.999e+20,280.0,3.0,320.0,4.5,,,,,,4.0,,,,,,,8547.0,280.0,280.0,280.0,,277.8,,,,,,,,,,,,,,,,,,,,,,,,,,,,,3.0,0.8,1.6,1.6,1.6,2.0,2.0,2.4,2.4,2.4,1.2,2.8,2.8,2.8,3.2,3.6,3.63318,4.07595,4.56338,4.73293,5.31188,5.59919,2.96672,1.32,0.0,0.0,0.0,0.0,26.0,0.0,2.0,0.0,3.5,3.6,
2026040822,,,,,,,,,,,,,,,,,,,,,,,,,,,,,,,,,0.0,,,,,,,,,,,,,,,,,,,,,,,,,,,,,,,,,,,,,,,,,,,,,,,,,,,,,,,,,,,,,,,,,,,,,,,,,,,,,,,,,,,,,,,,,,,,,,,,,,,,,,,,,,,,,,,,,,,,,,,,,,,,,,,,,,,,,,,,,,,,,,,,,,,,,,,,,,,,,,,,,,,,,,,,,,,,,,,,,,,,,,,,,,,,,,,,,,,,,,,,,,,,,,,,,,,,,,,,,,,,,,,,,,,,,,,,,,,,,,,,,,,,,,,,,,,,,,,,,,,,,,,,,,,,,,,,,,,,,,,,,,,,,,,,,,,,,,,,,,,,,,,,,,,,,,,,,,,,,,,,,,,,,,,,,,,,,,,,,,,,,,,,,,,,,,,,,,,,,,,,,,,,,,,,,,,,,,,,,,,,,,,,,,,,,,,,,,,,,,,,,,,,,,,,,,,,,,,,,,,,,,,,,,,,,,,,,,,,,,,,,,,,,,,,,,,,,,,,,,,,,,,,,,,,,,,,,,,,,,,,,,,,,,,,,,,,,,,,,,,,,,,,,,,,,,,,,,,,,,,,,,,,,,,,,,,,,,,,,,,,,,,,,,,,,,,,,,,,
2026040823,,,,,,,,,,,,,,,,,,,,,,,,,,,,,,,,,0.0,,,,,,,,,,,,,,,,,,,,,,,,,,,,,,,,,,,,,,,,,,,,,,,,,,,,,,,,,,,,,,,,,,,,,,,,,,,,,,,,,,,,,,,,,,,,,,,,,,,,,,,,,,,,,,,,,,,,,,,,,,,,,,,,,,,,,,,,,,,,,,,,,,,,,,,,,,,,,,,,,,,,,,,,,,,,,,,,,,,,,,,,,,,,,,,,,,,,,,,,,,,,,,,,,,,,,,,,,,,,,,,,,,,,,,,,,,,,,,,,,,,,,,,,,,,,,,,,,,,,,,,,,,,,,,,,,,,,,,,,,,,,,,,,,,,,,,,,,,,,,,,,,,,,,,,,,,,,,,,,,,,,,,,,,,,,,,,,,,,,,,,,,,,,,,,,,,,,,,,,,,,,,,,,,,,,,,,,,,,,,,,,,,,,,,,,,,,,,,,,,,,,,,,,,,,,,,,,,,,,,,,,,,,,,,,,,,,,,,,,,,,,,,,,,,,,,,,,,,,,,,,,,,,,,,,,,,,,,,,,,,,,,,,,,,,,,,,,,,,,,,,,,,,,,,,,,,,,,,,,,,,,,,,,,,,,,,,,,,,,,,,,,,,,,,,,,,,,
2026040900,0.811,0.0,0.0,0.0,0.0,0.0,0.0,0.0,0.0,0.0,0.0,0.0,0.0,0.0,0.0,0.0,0.002,0.438,1.224,2.43,5.02,12.722,21.0,0.0,1.0,0.0,0.0,10.0,0.0,0.0,3.0,0.0,0.0,,1.92,0.0,0.0,0.0,0.0,0.0,0.0,0.0,0.0,0.0,0.0,0.0,0.0,0.0,0.002,0.297,1.003,1.943,3.562,6.174,10.314,24.204,30.0,0.0,4.0,0.0,0.0,0.0,1.0,0.0,10.0,0.0,,,,,,,,,,,,,,,,,,,,,,,,,,,,,,,,,0.0,0.0,0.0,0.0,0.0,0.0,0.0,0.0,0.0,0.0,0.0,0.0,0.0,0.0,0.0,0.0,0.0,0.05,0.421,1.139,2.375,7.405,17.0,0.0,0.0,5.0,0.0,0.0,0.0,1.0,0.0,0.0,,,,,,,,,,,,,,,,,,,,,,,,,,,,,,,,,275.69,,,,,,,,,,,,,,,,,,,0.005,0.0,0.0,0.0,0.0,0.0,0.015,0.02,17.0,6.0,3.0,0.0,0.0,0.0,0.0,0.0,0.0,0.0,0.005,0.0,0.0,0.0,0.0,0.0,0.02,0.033,7.0,4.0,1.0,0.0,0.0,0.0,0.0,0.0,0.0,0.0,0.003,0.0,0.0,0.0,0.0,0.0,0.005,0.008,13.0,2.0,1.0,0.0,0.0,0.0,0.0,0.0,0.0,0.0,0.005,0.0,0.0,0.0,0.0,0.0,0.02,0.033,7.0,1.0,0.0,0.0,0.0,0.0,0.0,0.0,0.0,0.0,26.0,26.0,,,,,,,,,,,12.0,13.0,12.0,16.0,17.0,20.0,20.0,0.0,0.0,0.0,0.0,0.0,15.7,,269.36,2.87,,653.0,1.0,,0.0,0.0,0.0,0.0,0.0,0.0,0.0,0.0,0.0,0.0,0.0,0.0,0.0,0.0,0.0,0.0,0.0,0.0,0.0,0.0,0.0,0.0,0.0,0.0,0.0,0.0,0.0,0.0,0.0,0.0,0.0,0.0,0.0,0.0,0.0,0.0,0.0,0.0,0.0,0.0,0.0,0.0,0.0,0.0,0.0,0.0,0.0,0.0,0.0,0.0,0.0,13.0,9.999e+20,,,,,,,,,,,,,,,,,,,,,,,,,,,,,7.4,3.2,4.4,4.8,5.2,5.41519,5.71027,5.91914,6.437,6.57512,4.0,7.0426,7.56341,7.72389,8.23146,8.77739,9.30776,9.47456,10.5366,11.5917,12.9928,13.5497,7.44046,2.72,12.0,1.0,0.0,0.0,0.0,0.0,0.0,31.0,2.0,9.999e+20,9.999e+20,9.999e+20,9.999e+20,9.999e+20,,,,1688.0,0.0,1.2,0.0,14.4,0.0,,53.0,5.9,1.7,2.6,1.4,5.2,9.1,13.3,13.7,1264.0,736.0,944.0,624.0,1208.0,1608.0,1792.0,1936.0,,,38.0,23.0,,279.24,3.16,,,,278.14,2.86,,,,,,,,,,,,,,,,,,,,,,,,,,,,,,,,,,,,,,,,,,,,,,,,,,,,,,,,,,,,,9.999e+20,290.0,2.9,330.0,5.7,1.0,4.0,,,4.0,2.0,,,,,,,9260.0,290.0,290.0,290.0,,276.1,,,,,,,,,,,,,,,,,,,,,,,,,,,,,2.9,0.8,1.6,1.6,1.6,2.0,2.0,2.4,2.4,2.8,1.2,2.8,3.2,3.2,3.6,3.6,4.0,4.0,4.0,4.8,5.2,5.83923,2.87298,1.3,0.0,0.0,0.0,0.0,28.0,0.0,3.0,0.0,3.3,3.7,
2026040901,,,,,,,,,,,,,,,,,,,,,,,,,,,,,,,,,0.0,,,,,,,,,,,,,,,,,,,,,,,,,,,,,,,,,,,,,,,,,,,,,,,,,,,,,,,,,,,,,,,,,,,,,,,,,,,,,,,,,,,,,,,,,,,,,,,,,,,,,,,,,,,,,,,,,,,,,,,,,,,,,,,,,,,,,,,,,,,,,,,,,,,,,,,,,,,,,,,,,,,,,,,,,,,,,,,,,,,,,,,,,,,,,,,,,,,,,,,,,,,,,,,,,,,,,,,,,,,,,,,,,,,,,,,,,,,,,,,,,,,,,,,,,,,,,,,,,,,,,,,,,,,,,,,,,,,,,,,,,,,,,,,,,,,,,,,,,,,,,,,,,,,,,,,,,,,,,,,,,,,,,,,,,,,,,,,,,,,,,,,,,,,,,,,,,,,,,,,,,,,,,,,,,,,,,,,,,,,,,,,,,,,,,,,,,,,,,,,,,,,,,,,,,,,,,,,,,,,,,,,,,,,,,,,,,,,,,,,,,,,,,,,,,,,,,,,,,,,,,,,,,,,,,,,,,,,,,,,,,,,,,,,,,,,,,,,,,,,,,,,,,,,,,,,,,,,,,,,,,,,,,,,,,,,,,,,,,,,,,,,,,,,,,,,,,,,,
2026040902,,,,,,,,,,,,,,,,,,,,,,,,,,,,,,,,,0.0,,,,,,,,,,,,,,,,,,,,,,,,,,,,,,,,,,,,,,,,,,,,,,,,,,,,,,,,,,,,,,,,,,,,,,,,,,,,,,,,,,,,,,,,,,,,,,,,,,,,,,,,,,,,,,,,,,,,,,,,,,,,,,,,,,,,,,,,,,,,,,,,,,,,,,,,,,,,,,,,,,,,,,,,,,,,,,,,,,,,,,,,,,,,,,,,,,,,,,,,,,,,,,,,,,,,,,,,,,,,,,,,,,,,,,,,,,,,,,,,,,,,,,,,,,,,,,,,,,,,,,,,,,,,,,,,,,,,,,,,,,,,,,,,,,,,,,,,,,,,,,,,,,,,,,,,,,,,,,,,,,,,,,,,,,,,,,,,,,,,,,,,,,,,,,,,,,,,,,,,,,,,,,,,,,,,,,,,,,,,,,,,,,,,,,,,,,,,,,,,,,,,,,,,,,,,,,,,,,,,,,,,,,,,,,,,,,,,,,,,,,,,,,,,,,,,,,,,,,,,,,,,,,,,,,,,,,,,,,,,,,,,,,,,,,,,,,,,,,,,,,,,,,,,,,,,,,,,,,,,,,,,,,,,,,,,,,,,,,,,,,,,,,,,,,,,,,,,
2026040903,,,,,,,,,,,,,,,,,,,,,,,,,,,,,,,,,0.0,,,,,,,,,,,,,,,,,,,,,,,,,,,,,,,,,,,,,,,,,,,,,,,,,,,,,,,,,,,,,,,,,,,,,,,,,,,,,,,,,,,,,,,,,,,,,,,,,,,,,,,,,,,,,,,,,,,,,,,,,,,,,,,,,,272.64,,,,,,,,,,,,,,,,,,,,,,,,,,,,,,,,,,,,,,,,,,,,,,,,,,,,,,,,,,,,,,,,,,,,,,,,,,,,,,,,,,,,,,,,,,,4.0,4.0,,,,,,,,,,,13.0,13.0,12.0,15.0,18.0,18.0,18.0,0.0,0.0,0.0,0.0,0.0,15.1,,270.77,2.34,,176.0,1.0,,,,,,,,,,,,,,,,,,,,,,,,,,,,,,,,,,,,,,,,,,,,,,,,,,,,,,9.999e+20,,,,,,,,,,,,,,,,,,,,,,,,,,,,,6.1,1.6,3.6,4.0,4.0,4.52109,4.44414,4.87747,4.9415,5.3778,2.8,5.46266,5.93185,6.4384,6.52826,7.00116,7.51669,7.67338,8.62026,9.61887,11.1913,12.2966,6.13091,2.52,4.0,0.0,0.0,0.0,0.0,0.0,0.0,14.0,,9.999e+20,9.999e+20,9.999e+20,9.999e+20,9.999e+20,,,,328.0,,1.2,0.0,7.2,0.0,,73.0,6.7,2.1,3.0,1.7,5.6,10.4,14.3,14.8,1232.0,712.0,912.0,536.0,1232.0,1560.0,1720.0,1864.0,,,30.0,13.0,,,,,,,274.96,2.36,,,,,,,,,,,,,,,,,,,,,,,,,,,,,,,,,,,,,,,,,,,,,,,,,,,,,,,,,,,,,9.999e+20,270.0,2.4,70.0,3.7,,,,,,0.0,,,,,,,991.0,270.0,270.0,270.0,,273.7,,,,,,,,,,,,,,,,,,,,,,,,,,,,,2.4,0.0,1.2,1.2,1.2,1.6,1.6,1.6,1.6,2.0,0.8,2.0,2.4,2.4,2.4,2.8,2.8,2.8,3.2,3.2,4.0,4.84578,2.03769,1.0,0.0,0.0,0.0,0.0,9.0,0.0,0.0,0.0,2.4,2.8,
2026040904,,,,,,,,,,,,,,,,,,,,,,,,,,,,,,,,,0.0,,,,,,,,,,,,,,,,,,,,,,,,,,,,,,,,,,,,,,,,,,,,,,,,,,,,,,,,,,,,,,,,,,,,,,,,,,,,,,,,,,,,,,,,,,,,,,,,,,,,,,,,,,,,,,,,,,,,,,,,,,,,,,,,,,,,,,,,,,,,,,,,,,,,,,,,,,,,,,,,,,,,,,,,,,,,,,,,,,,,,,,,,,,,,,,,,,,,,,,,,,,,,,,,,,,,,,,,,,,,,,,,,,,,,,,,,,,,,,,,,,,,,,,,,,,,,,,,,,,,,,,,,,,,,,,,,,,,,,,,,,,,,,,,,,,,,,,,,,,,,,,,,,,,,,,,,,,,,,,,,,,,,,,,,,,,,,,,,,,,,,,,,,,,,,,,,,,,,,,,,,,,,,,,,,,,,,,,,,,,,,,,,,,,,,,,,,,,,,,,,,,,,,,,,,,,,,,,,,,,,,,,,,,,,,,,,,,,,,,,,,,,,,,,,,,,,,,,,,,,,,,,,,,,,,,,,,,,,,,,,,,,,,,,,,,,,,,,,,,,,,,,,,,,,,,,,,,,,,,,,,,,,,,,,,,,,,,,,,,,,,,,,,,,,,,,,,,,
2026040905,,,,,,,,,,,,,,,,,,,,,,,,,,,,,,,,,0.0,,,,,,,,,,,,,,,,,,,,,,,,,,,,,,,,,,,,,,,,,,,,,,,,,,,,,,,,,,,,,,,,,,,,,,,,,,,,,,,,,,,,,,,,,,,,,,,,,,,,,,,,,,,,,,,,,,,,,,,,,,,,,,,,,,,,,,,,,,,,,,,,,,,,,,,,,,,,,,,,,,,,,,,,,,,,,,,,,,,,,,,,,,,,,,,,,,,,,,,,,,,,,,,,,,,,,,,,,,,,,,,,,,,,,,,,,,,,,,,,,,,,,,,,,,,,,,,,,,,,,,,,,,,,,,,,,,,,,,,,,,,,,,,,,,,,,,,,,,,,,,,,,,,,,,,,,,,,,,,,,,,,,,,,,,,,,,,,,,,,,,,,,,,,,,,,,,,,,,,,,,,,,,,,,,,,,,,,,,,,,,,,,,,,,,,,,,,,,,,,,,,,,,,,,,,,,,,,,,,,,,,,,,,,,,,,,,,,,,,,,,,,,,,,,,,,,,,,,,,,,,,,,,,,,,,,,,,,,,,,,,,,,,,,,,,,,,,,,,,,,,,,,,,,,,,,,,,,,,,,,,,,,,,,,,,,,,,,,,,,,,,,,,,,,,,,,,,,
2026040906,0.814,0.0,0.0,0.0,0.0,0.0,0.0,0.0,0.0,0.0,0.0,0.0,0.0,0.0,0.0,0.0,0.095,0.615,1.403,2.347,4.753,11.532,24.0,0.0,1.0,0.0,0.0,9.0,0.0,0.0,4.0,0.0,0.0,,,,,,,,,,,,,,,,,,,,,,,,,,,,,,,,,,,,,,,,,,,,,,,,,,,,,,,,,,,,,,,,,,0.0,0.0,0.0,0.0,0.0,0.0,0.0,0.0,0.0,0.0,0.0,0.0,0.0,0.0,0.0,0.0,0.0,0.0,0.096,0.775,2.026,6.288,14.0,0.0,0.0,4.0,0.0,0.0,0.0,1.0,0.0,0.0,,,,,,,,,,,,,,,,,,,,,,,,,,,,,,,,,271.23,,,,,,,,,,,,,,,,,,,0.005,,,,,,,,,,,,,,,,,,0.008,,,,,,,,,,,,,,,,,,0.003,0.0,0.0,0.0,0.0,0.0,0.0,0.018,8.0,4.0,0.0,0.0,0.0,0.0,0.0,0.0,0.0,0.0,0.008,,,,,,,,,,,,,,,,,,2.0,3.0,,,,,,,,,,,11.0,12.0,11.0,14.0,18.0,21.0,21.0,0.0,0.0,0.0,0.0,0.0,15.0,,270.42,2.67,,88.0,3.0,,0.0,,,,,,,,,,,,,,,,,,,,,,,,,0.0,0.0,0.0,0.0,0.0,0.0,0.0,0.0,0.0,0.0,0.0,0.0,0.0,0.0,,,,,,,,,,,,,12.2,9.999e+20,11.7121,7.36408,8.43961,9.17156,9.36834,9.65212,10.0645,10.1111,10.4602,11.0918,7.92171,11.3584,11.6305,11.8448,12.4384,13.3602,13.8688,14.364,15.2617,16.2999,17.4939,19.4687,50.0,4.0,1.0,0.0,0.0,0.0,5.2,2.0,3.2,3.2,3.6,3.6,4.0,4.0,4.4,4.4,2.8,4.4,4.80305,5.26143,5.38021,5.9045,6.45632,6.5966,7.3826,7.68574,8.94931,10.4314,5.20655,2.02,1.0,0.0,0.0,0.0,0.0,0.0,0.0,7.0,2.0,9.999e+20,9.999e+20,9.999e+20,9.999e+20,9.999e+20,,,47.0,224.0,,1.2,0.0,7.2,0.0,,80.0,7.6,2.4,3.6,2.0,6.4,12.3,14.9,15.6,1144.0,600.0,872.0,504.0,1136.0,1432.0,1640.0,1800.0,,,30.0,14.0,,,,,,3.89605,273.31,2.66,277.854,271.154,273.101,273.971,274.706,274.905,275.949,275.895,276.966,277.067,272.276,277.496,277.685,278.474,278.496,279.312,279.637,280.46,281.594,283.852,286.478,287.479,0.0,1.0,11.0,0.0,0.0,0.0,0.0,0.0,,,,,,,,,,,,,,,,,,,,,,,,,,,,,,,9.999e+20,120.0,1.6,90.0,4.9,,4.0,,,4.0,0.0,,,,,,,758.0,120.0,120.0,120.0,,272.3,5.06738,2.8,3.6,3.6,4.0,4.21198,3.99024,4.04507,4.51161,4.56262,3.2,4.59768,5.05904,5.09222,5.56988,5.64419,5.74234,5.86247,6.34888,6.88721,7.15775,7.8676,0.0,0.0,0.0,0.0,26.0,0.0,1.6,0.4,0.8,0.8,0.8,1.2,1.2,1.2,1.2,1.6,0.4,1.6,1.6,1.6,2.0,2.0,2.0,2.4,2.8,2.8,3.2,4.23822,1.62245,0.9,0.0,0.0,0.0,0.0,4.0,0.0,0.0,0.0,2.0,2.0,
2026040907,,,,,,,,,,,,,,,,,,,,,,,,,,,,,,,,,0.0,,,,,,,,,,,,,,,,,,,,,,,,,,,,,,,,,,,,,,,,,,,,,,,,,,,,,,,,,,,,,,,,,,,,,,,,,,,,,,,,,,,,,,,,,,,,,,,,,,,,,,,,,,,,,,,,,,,,,,,,,,,,,,,,,,,,,,,,,,,,,,,,,,,,,,,,,,,,,,,,,,,,,,,,,,,,,,,,,,,,,,,,,,,,,,,,,,,,,,,,,,,,,,,,,,,,,,,,,,,,,,,,,,,,,,,,,,,,,,,,,,,,,,,,,,,,,,,,,,,,,,,,,,,,,,,,,,,,,,,,,,,,,,,,,,,,,,,,,,,,,,,,,,,,,,,,,,,,,,,,,,,,,,,,,,,,,,,,,,,,,,,,,,,,,,,,,,,,,,,,,,,,,,,,,,,,,,,,,,,,,,,,,,,,,,,,,,,,,,,,,,,,,,,,,,,,,,,,,,,,,,,,,,,,,,,,,,,,,,,,,,,,,,,,,,,,,,,,,,,,,,,,,,,,,,,,,,,,,,,,,,,,,,,,,,,,,,,,,,,,,,,,,,,,,,,,,,,,,,,,,,,,,,,,,,,,,,,,,,,,,,,,,,,,,,,,,,,,
2026040908,,,,,,,,,,,,,,,,,,,,,,,,,,,,,,,,,0.0,,,,,,,,,,,,,,,,,,,,,,,,,,,,,,,,,,,,,,,,,,,,,,,,,,,,,,,,,,,,,,,,,,,,,,,,,,,,,,,,,,,,,,,,,,,,,,,,,,,,,,,,,,,,,,,,,,,,,,,,,,,,,,,,,,,,,,,,,,,,,,,,,,,,,,,,,,,,,,,,,,,,,,,,,,,,,,,,,,,,,,,,,,,,,,,,,,,,,,,,,,,,,,,,,,,,,,,,,,,,,,,,,,,,,,,,,,,,,,,,,,,,,,,,,,,,,,,,,,,,,,,,,,,,,,,,,,,,,,,,,,,,,,,,,,,,,,,,,,,,,,,,,,,,,,,,,,,,,,,,,,,,,,,,,,,,,,,,,,,,,,,,,,,,,,,,,,,,,,,,,,,,,,,,,,,,,,,,,,,,,,,,,,,,,,,,,,,,,,,,,,,,,,,,,,,,,,,,,,,,,,,,,,,,,,,,,,,,,,,,,,,,,,,,,,,,,,,,,,,,,,,,,,,,,,,,,,,,,,,,,,,,,,,,,,,,,,,,,,,,,,,,,,,,,,,,,,,,,,,,,,,,,,,,,,,,,,,,,,,,,,,,,,,,,,,,,,,,
2026040909,,,,,,,,,,,,,,,,,,,,,,,,,,,,,,,,,0.0,,,,,,,,,,,,,,,,,,,,,,,,,,,,,,,,,,,,,,,,,,,,,,,,,,,,,,,,,,,,,,,,,,,,,,,,,,,,,,,,,,,,,,,,,,,,,,,,,,,,,,,,,,,,,,,,,,,,,,,,,,,,,,,,,,270.3,,,,,,,,,,,,,,,,,,,,,,,,,,,,,,,,,,,,,,,,,,,,,,,,,,,,,,,,,,,,,,,,,,,,,,,,,,,,,,,,,,,,,,,,,,,1.0,2.0,,,,,,,,,,,10.0,13.0,10.0,15.0,18.0,21.0,21.0,0.0,0.0,0.0,0.0,0.0,15.4,,269.25,2.89,,0.0,2.0,,,,,,,,,,,,,,,,,,,,,,,,,,,,,,,,,,,,,,,,,,,,,,,,,,,,,,9.999e+20,,,,,,,,,,,,,,,,,,,,,,,,,,,,,4.6,2.4,2.8,3.2,3.2,3.6,3.6,4.0,4.0,4.4,2.8,4.4,4.8,4.8,4.86836,4.93198,5.40794,6.29708,6.84951,7.51604,8.23558,9.16699,4.62477,1.72,0.0,0.0,0.0,0.0,0.0,0.0,0.0,3.0,,9.999e+20,9.999e+20,9.999e+20,9.999e+20,9.999e+20,,,,176.0,,2.4,0.0,3.6,0.0,,81.0,8.3,2.5,4.0,2.2,7.7,13.0,15.3,16.2,1040.0,496.0,704.0,424.0,1048.0,1304.0,1552.0,1744.0,,,25.0,13.0,,,,,,,272.47,2.89,,,,,,,,,,,,,,,,,,,,,,,,,,,,,,,,,,,,,,,,,,,,,,,,,,,,,,,,,,,,,9.999e+20,120.0,1.6,100.0,4.4,,,,,,0.0,,,,,,,481.0,120.0,120.0,120.0,,271.6,,,,,,,,,,,,,,,,,,,,,,,,,,,,,1.6,0.4,0.8,0.8,0.8,1.2,1.2,1.2,1.2,1.2,0.8,1.6,1.6,1.6,1.6,2.0,2.0,2.4,2.4,2.8,3.2,4.0,1.61649,0.82,0.0,0.0,0.0,0.0,2.0,0.0,0.0,0.0,2.0,2.0,
2026040910,,,,,,,,,,,,,,,,,,,,,,,,,,,,,,,,,0.0,,,,,,,,,,,,,,,,,,,,,,,,,,,,,,,,,,,,,,,,,,,,,,,,,,,,,,,,,,,,,,,,,,,,,,,,,,,,,,,,,,,,,,,,,,,,,,,,,,,,,,,,,,,,,,,,,,,,,,,,,,,,,,,,,,,,,,,,,,,,,,,,,,,,,,,,,,,,,,,,,,,,,,,,,,,,,,,,,,,,,,,,,,,,,,,,,,,,,,,,,,,,,,,,,,,,,,,,,,,,,,,,,,,,,,,,,,,,,,,,,,,,,,,,,,,,,,,,,,,,,,,,,,,,,,,,,,,,,,,,,,,,,,,,,,,,,,,,,,,,,,,,,,,,,,,,,,,,,,,,,,,,,,,,,,,,,,,,,,,,,,,,,,,,,,,,,,,,,,,,,,,,,,,,,,,,,,,,,,,,,,,,,,,,,,,,,,,,,,,,,,,,,,,,,,,,,,,,,,,,,,,,,,,,,,,,,,,,,,,,,,,,,,,,,,,,,,,,,,,,,,,,,,,,,,,,,,,,,,,,,,,,,,,,,,,,,,,,,,,,,,,,,,,,,,,,,,,,,,,,,,,,,,,,,,,,,,,,,,,,,,,,,,,,,,,,,,,,
2026040911,,,,,,,,,,,,,,,,,,,,,,,,,,,,,,,,,0.0,,,,,,,,,,,,,,,,,,,,,,,,,,,,,,,,,,,,,,,,,,,,,,,,,,,,,,,,,,,,,,,,,,,,,,,,,,,,,,,,,,,,,,,,,,,,,,,,,,,,,,,,,,,,,,,,,,,,,,,,,,,,,,,,,,,,,,,,,,,,,,,,,,,,,,,,,,,,,,,,,,,,,,,,,,,,,,,,,,,,,,,,,,,,,,,,,,,,,,,,,,,,,,,,,,,,,,,,,,,,,,,,,,,,,,,,,,,,,,,,,,,,,,,,,,,,,,,,,,,,,,,,,,,,,,,,,,,,,,,,,,,,,,,,,,,,,,,,,,,,,,,,,,,,,,,,,,,,,,,,,,,,,,,,,,,,,,,,,,,,,,,,,,,,,,,,,,,,,,,,,,,,,,,,,,,,,,,,,,,,,,,,,,,,,,,,,,,,,,,,,,,,,,,,,,,,,,,,,,,,,,,,,,,,,,,,,,,,,,,,,,,,,,,,,,,,,,,,,,,,,,,,,,,,,,,,,,,,,,,,,,,,,,,,,,,,,,,,,,,,,,,,,,,,,,,,,,,,,,,,,,,,,,,,,,,,,,,,,,,,,,,,,,,,,,,,,,,,
2026040912,0.54,0.0,0.0,0.0,0.0,0.0,0.0,0.0,0.0,0.0,0.0,0.0,0.0,0.0,0.0,0.0,0.0,0.0,0.421,1.482,3.283,9.29,16.0,0.0,1.0,0.0,0.0,6.0,0.0,0.0,3.0,0.0,0.0,,1.776,0.0,0.0,0.0,0.0,0.0,0.0,0.0,0.0,0.0,0.0,0.0,0.0,0.0,0.0,0.01,0.527,1.457,2.9,5.135,9.992,24.637,27.0,0.0,3.0,0.0,0.0,0.0,1.0,0.0,9.0,0.0,2.891,0.0,0.0,0.0,0.0,0.0,0.0,0.0,0.0,0.0,0.0,0.0,0.001,0.361,0.887,1.584,2.651,3.997,6.143,9.073,14.01,30.464,6.0,0.0,26.0,0.0,2.0,0.0,0.0,0.0,0.0,0.0,0.0,0.0,0.0,0.0,0.0,0.0,0.0,0.0,0.0,0.0,0.0,0.0,0.0,0.0,0.0,0.0,0.0,0.0,0.0,0.078,1.105,4.14,9.0,0.0,0.0,2.0,0.0,0.0,0.0,0.0,0.0,0.0,3.285,0.0,0.0,0.0,0.0,0.0,0.0,0.0,0.0,0.0,0.0,0.017,0.349,0.855,1.422,2.258,3.345,4.888,7.165,9.889,15.583,32.003,0.0,0.0,2.0,0.0,0.0,0.0,0.0,17.0,0.0,0.0,269.76,,,,,,,,,,,,,,,,,,,0.005,0.0,0.0,0.0,0.0,0.0,0.008,0.028,17.0,6.0,5.0,0.0,0.0,0.0,0.0,0.0,0.0,0.0,0.008,0.0,0.0,0.0,0.0,0.0,0.02,0.061,10.0,8.0,1.0,0.0,0.0,0.0,0.0,0.0,0.0,0.0,0.0,0.0,0.0,0.0,0.0,0.0,0.0,0.0,3.0,1.0,0.0,0.0,0.0,0.0,0.0,0.0,0.0,0.0,0.008,0.0,0.0,0.0,0.0,0.0,0.02,0.061,10.0,1.0,0.0,0.0,0.0,0.0,0.0,0.0,0.0,0.0,1.0,2.0,,,,,,,,,,,11.0,14.0,11.0,14.0,19.0,21.0,21.0,0.0,0.0,0.0,0.0,0.0,15.8,,268.35,2.97,,0.0,1.0,,0.0,0.0,0.0,0.0,0.0,0.0,0.0,0.0,0.0,0.0,0.0,0.0,0.0,0.0,0.0,0.0,0.0,0.0,0.0,0.0,0.0,0.0,0.0,0.0,0.0,0.0,0.0,0.0,0.0,0.0,0.0,0.0,0.0,0.0,0.0,0.0,0.0,0.0,0.0,0.0,0.0,0.0,0.0,0.0,0.0,0.0,0.0,0.0,0.0,0.0,0.0,4.0,9.999e+20,,,,,,,,,,,,,,,,,,,,,,,,,,,,,4.51,2.4,2.8,3.2,3.2,3.6,3.6,4.0,4.0,4.4,2.8,4.4,4.4,4.8,4.8349,5.29964,5.33559,5.78854,6.36997,6.85731,7.75015,8.60535,4.54838,1.52,0.0,0.0,0.0,0.0,0.0,0.0,0.0,1.0,2.0,9.999e+20,9.999e+20,9.999e+20,9.999e+20,9.999e+20,,,,192.0,0.0,2.4,0.0,3.6,0.0,,79.0,8.8,2.9,4.3,2.5,8.3,13.8,15.8,16.6,944.0,416.0,608.0,368.0,944.0,1248.0,1504.0,1664.0,,,25.0,16.0,,,,270.65,2.68,,271.5,3.02,,,,,,,,,,,,,,,,,,,,,,,,,,,,,,,,,,,,,,,,,,,,,,,,,,,,,,,,,,,,,9.999e+20,140.0,1.6,80.0,4.4,1.0,4.0,,,1.0,0.0,,,,,,,568.0,140.0,140.0,140.0,,271.3,,,,,,,,,,,,,,,,,,,,,,,,,,,,,1.6,0.4,0.8,0.8,0.8,0.8,1.2,1.2,1.2,1.2,0.4,1.6,1.6,1.6,1.6,1.6,2.0,2.0,2.4,2.4,2.8,3.46083,1.61058,0.82,0.0,0.0,0.0,0.0,2.0,0.0,0.0,0.0,1.6,2.0,
2026040913,,,,,,,,,,,,,,,,,,,,,,,,,,,,,,,,,0.0,,,,,,,,,,,,,,,,,,,,,,,,,,,,,,,,,,,,,,,,,,,,,,,,,,,,,,,,,,,,,,,,,,,,,,,,,,,,,,,,,,,,,,,,,,,,,,,,,,,,,,,,,,,,,,,,,,,,,,,,,,,,,,,,,,,,,,,,,,,,,,,,,,,,,,,,,,,,,,,,,,,,,,,,,,,,,,,,,,,,,,,,,,,,,,,,,,,,,,,,,,,,,,,,,,,,,,,,,,,,,,,,,,,,,,,,,,,,,,,,,,,,,,,,,,,,,,,,,,,,,,,,,,,,,,,,,,,,,,,,,,,,,,,,,,,,,,,,,,,,,,,,,,,,,,,,,,,,,,,,,,,,,,,,,,,,,,,,,,,,,,,,,,,,,,,,,,,,,,,,,,,,,,,,,,,,,,,,,,,,,,,,,,,,,,,,,,,,,,,,,,,,,,,,,,,,,,,,,,,,,,,,,,,,,,,,,,,,,,,,,,,,,,,,,,,,,,,,,,,,,,,,,,,,,,,,,,,,,,,,,,,,,,,,,,,,,,,,,,,,,,,,,,,,,,,,,,,,,,,,,,,,,,,,,,,,,,,,,,,,,,,,,,,,,,,,,,,,
2026040914,,,,,,,,,,,,,,,,,,,,,,,,,,,,,,,,,0.0,,,,,,,,,,,,,,,,,,,,,,,,,,,,,,,,,,,,,,,,,,,,,,,,,,,,,,,,,,,,,,,,,,,,,,,,,,,,,,,,,,,,,,,,,,,,,,,,,,,,,,,,,,,,,,,,,,,,,,,,,,,,,,,,,,,,,,,,,,,,,,,,,,,,,,,,,,,,,,,,,,,,,,,,,,,,,,,,,,,,,,,,,,,,,,,,,,,,,,,,,,,,,,,,,,,,,,,,,,,,,,,,,,,,,,,,,,,,,,,,,,,,,,,,,,,,,,,,,,,,,,,,,,,,,,,,,,,,,,,,,,,,,,,,,,,,,,,,,,,,,,,,,,,,,,,,,,,,,,,,,,,,,,,,,,,,,,,,,,,,,,,,,,,,,,,,,,,,,,,,,,,,,,,,,,,,,,,,,,,,,,,,,,,,,,,,,,,,,,,,,,,,,,,,,,,,,,,,,,,,,,,,,,,,,,,,,,,,,,,,,,,,,,,,,,,,,,,,,,,,,,,,,,,,,,,,,,,,,,,,,,,,,,,,,,,,,,,,,,,,,,,,,,,,,,,,,,,,,,,,,,,,,,,,,,,,,,,,,,,,,,,,,,,,,,,,,,,,
2026040915,,,,,,,,,,,,,,,,,,,,,,,,,,,,,,,,,0.0,,,,,,,,,,,,,,,,,,,,,,,,,,,,,,,,,,,,,,,,,,,,,,,,,,,,,,,,,,,,,,,,,,,,,,,,,,,,,,,,,,,,,,,,,,,,,,,,,,,,,,,,,,,,,,,,,,,,,,,,,,,,,,,,,,271.51,,,,,,,,,,,,,,,,,,,,,,,,,,,,,,,,,,,,,,,,,,,,,,,,,,,,,,,,,,,,,,,,,,,,,,,,,,,,,,,,,,,,,,,,,,,1.0,3.0,,,,,,,,,,,10.0,13.0,10.0,15.0,19.0,22.0,22.0,0.0,0.0,0.0,0.0,0.0,15.4,,268.56,2.91,,50.0,1.0,,,,,,,,,,,,,,,,,,,,,,,,,,,,,,,,,,,,,,,,,,,,,,,,,,,,,,9.999e+20,,,,,,,,,,,,,,,,,,,,,,,,,,,,,4.7,2.0,2.8,3.2,3.2,3.6,3.6,4.0,4.0,4.4,2.4,4.4,4.8,5.25236,5.33562,5.85605,5.93585,6.08287,6.34516,6.91728,7.99091,9.47498,4.68953,1.7,0.0,0.0,0.0,0.0,0.0,0.0,0.0,2.0,,9.999e+20,9.999e+20,9.999e+20,9.999e+20,9.999e+20,,,,488.0,,2.4,0.0,9.6,0.0,,71.0,8.5,3.2,4.3,2.6,7.8,12.8,15.5,16.5,936.0,408.0,600.0,320.0,912.0,1248.0,1464.0,1664.0,,,25.0,20.0,,,,,,,273.27,2.9,,,,,,,,,,,,,,,,,,,,,,,,,,,,,,,,,,,,,,,,,,,,,,,,,,,,,,,,,,,,,9.999e+20,230.0,1.6,70.0,3.8,,,,,,0.0,,,,,,,1604.0,230.0,230.0,230.0,,272.3,,,,,,,,,,,,,,,,,,,,,,,,,,,,,1.6,0.0,0.4,0.8,0.8,0.8,1.2,1.2,1.2,1.2,0.4,1.2,1.6,1.6,1.6,2.0,2.0,2.0,2.4,2.4,3.2,3.55516,1.62683,0.82,0.0,0.0,0.0,0.0,2.0,0.0,0.0,0.0,1.6,2.0,
2026040916,,,,,,,,,,,,,,,,,,,,,,,,,,,,,,,,,0.0,,,,,,,,,,,,,,,,,,,,,,,,,,,,,,,,,,,,,,,,,,,,,,,,,,,,,,,,,,,,,,,,,,,,,,,,,,,,,,,,,,,,,,,,,,,,,,,,,,,,,,,,,,,,,,,,,,,,,,,,,,,,,,,,,,,,,,,,,,,,,,,,,,,,,,,,,,,,,,,,,,,,,,,,,,,,,,,,,,,,,,,,,,,,,,,,,,,,,,,,,,,,,,,,,,,,,,,,,,,,,,,,,,,,,,,,,,,,,,,,,,,,,,,,,,,,,,,,,,,,,,,,,,,,,,,,,,,,,,,,,,,,,,,,,,,,,,,,,,,,,,,,,,,,,,,,,,,,,,,,,,,,,,,,,,,,,,,,,,,,,,,,,,,,,,,,,,,,,,,,,,,,,,,,,,,,,,,,,,,,,,,,,,,,,,,,,,,,,,,,,,,,,,,,,,,,,,,,,,,,,,,,,,,,,,,,,,,,,,,,,,,,,,,,,,,,,,,,,,,,,,,,,,,,,,,,,,,,,,,,,,,,,,,,,,,,,,,,,,,,,,,,,,,,,,,,,,,,,,,,,,,,,,,,,,,,,,,,,,,,,,,,,,,,,,,,,,,,
2026040917,,,,,,,,,,,,,,,,,,,,,,,,,,,,,,,,,0.0,,,,,,,,,,,,,,,,,,,,,,,,,,,,,,,,,,,,,,,,,,,,,,,,,,,,,,,,,,,,,,,,,,,,,,,,,,,,,,,,,,,,,,,,,,,,,,,,,,,,,,,,,,,,,,,,,,,,,,,,,,,,,,,,,,,,,,,,,,,,,,,,,,,,,,,,,,,,,,,,,,,,,,,,,,,,,,,,,,,,,,,,,,,,,,,,,,,,,,,,,,,,,,,,,,,,,,,,,,,,,,,,,,,,,,,,,,,,,,,,,,,,,,,,,,,,,,,,,,,,,,,,,,,,,,,,,,,,,,,,,,,,,,,,,,,,,,,,,,,,,,,,,,,,,,,,,,,,,,,,,,,,,,,,,,,,,,,,,,,,,,,,,,,,,,,,,,,,,,,,,,,,,,,,,,,,,,,,,,,,,,,,,,,,,,,,,,,,,,,,,,,,,,,,,,,,,,,,,,,,,,,,,,,,,,,,,,,,,,,,,,,,,,,,,,,,,,,,,,,,,,,,,,,,,,,,,,,,,,,,,,,,,,,,,,,,,,,,,,,,,,,,,,,,,,,,,,,,,,,,,,,,,,,,,,,,,,,,,,,,,,,,,,,,,,,,,,,,
2026040918,0.419,0.0,0.0,0.0,0.0,0.0,0.0,0.0,0.0,0.0,0.0,0.0,0.0,0.0,0.0,0.0,0.0,0.0,0.006,0.751,3.122,8.145,13.0,0.0,0.0,0.0,0.0,6.0,0.0,0.0,2.0,0.0,0.0,,,,,,,,,,,,,,,,,,,,,,,,,,,,,,,,,,,,,,,,,,,,,,,,,,,,,,,,,,,,,,,,,,0.0,0.0,0.0,0.0,0.0,0.0,0.0,0.0,0.0,0.0,0.0,0.0,0.0,0.0,0.0,0.0,0.0,0.0,0.0,0.002,0.835,4.811,8.0,0.0,0.0,3.0,0.0,0.0,0.0,1.0,0.0,0.0,,,,,,,,,,,,,,,,,,,,,,,,,,,,,,,,,275.91,,,,,,,,,,,,,,,,,,,0.005,,,,,,,,,,,,,,,,,,0.008,,,,,,,,,,,,,,,,,,0.0,0.0,0.0,0.0,0.0,0.0,0.0,0.0,3.0,1.0,0.0,0.0,0.0,0.0,0.0,0.0,0.0,0.0,0.008,,,,,,,,,,,,,,,,,,7.0,12.0,,,,,,,,,,,11.0,13.0,11.0,16.0,19.0,20.0,20.0,0.0,0.0,0.0,0.0,0.0,15.3,,268.87,2.52,,250.0,2.0,,0.0,,,,,,,,,,,,,,,,,,,,,,,,,0.0,0.0,0.0,0.0,0.0,0.0,0.0,0.0,0.0,0.0,0.0,0.0,0.0,0.0,,,,,,,,,,,,,9.2,9.999e+20,,,,,,,,,,,,,,,,,,,,,,,,,,,,,6.1,2.4,3.6,3.6,3.7733,4.41906,4.50848,4.99274,5.05457,5.54532,2.8,5.70355,5.76124,6.31486,6.43763,6.63302,7.60359,7.8876,8.2197,9.13461,10.8787,11.6748,6.06119,2.32,2.0,0.0,0.0,0.0,0.0,0.0,0.0,12.0,3.0,9.999e+20,9.999e+20,9.999e+20,9.999e+20,9.999e+20,,81.0,,1248.0,,3.6,0.0,8.4,0.0,,53.0,7.4,2.7,3.9,2.3,6.7,10.1,13.5,15.2,1032.0,464.0,736.0,336.0,992.0,1360.0,1608.0,1664.0,,,20.0,16.0,,,,,,2.36954,277.63,2.52,,,,,,,,,,,,,,,,,,,,,,,,,,,,,,,270.289,264.963,266.944,267.89,268.137,268.554,269.106,269.595,269.601,270.081,266.239,270.37,270.701,270.638,270.983,271.635,271.946,272.652,273.385,273.794,274.574,276.081,0.0,0.0,0.0,0.0,0.0,61.0,83.0,0.0,9.999e+20,260.0,2.2,260.0,4.7,,1.0,,,1.0,2.0,,,,,,,5444.0,260.0,260.0,260.0,,276.7,,,,,,,,,,,,,,,,,,,,,,,,,,,,,2.2,0.0,0.8,0.8,0.8,1.2,1.2,1.6,1.6,1.6,0.4,2.0,2.0,2.0,2.4,2.4,2.8,2.8,3.2,4.0,4.25577,4.93915,2.17885,1.2,0.0,0.0,0.0,0.0,11.0,0.0,0.0,0.0,2.2,2.7,
2026040919,,,,,,,,,,,,,,,,,,,,,,,,,,,,,,,,,0.0,,,,,,,,,,,,,,,,,,,,,,,,,,,,,,,,,,,,,,,,,,,,,,,,,,,,,,,,,,,,,,,,,,,,,,,,,,,,,,,,,,,,,,,,,,,,,,,,,,,,,,,,,,,,,,,,,,,,,,,,,,,,,,,,,,,,,,,,,,,,,,,,,,,,,,,,,,,,,,,,,,,,,,,,,,,,,,,,,,,,,,,,,,,,,,,,,,,,,,,,,,,,,,,,,,,,,,,,,,,,,,,,,,,,,,,,,,,,,,,,,,,,,,,,,,,,,,,,,,,,,,,,,,,,,,,,,,,,,,,,,,,,,,,,,,,,,,,,,,,,,,,,,,,,,,,,,,,,,,,,,,,,,,,,,,,,,,,,,,,,,,,,,,,,,,,,,,,,,,,,,,,,,,,,,,,,,,,,,,,,,,,,,,,,,,,,,,,,,,,,,,,,,,,,,,,,,,,,,,,,,,,,,,,,,,,,,,,,,,,,,,,,,,,,,,,,,,,,,,,,,,,,,,,,,,,,,,,,,,,,,,,,,,,,,,,,,,,,,,,,,,,,,,,,,,,,,,,,,,,,,,,,,,,,,,,,,,,,,,,,,,,,,,,,,,,,,,,,
2026040920,,,,,,,,,,,,,,,,,,,,,,,,,,,,,,,,,0.0,,,,,,,,,,,,,,,,,,,,,,,,,,,,,,,,,,,,,,,,,,,,,,,,,,,,,,,,,,,,,,,,,,,,,,,,,,,,,,,,,,,,,,,,,,,,,,,,,,,,,,,,,,,,,,,,,,,,,,,,,,,,,,,,,,,,,,,,,,,,,,,,,,,,,,,,,,,,,,,,,,,,,,,,,,,,,,,,,,,,,,,,,,,,,,,,,,,,,,,,,,,,,,,,,,,,,,,,,,,,,,,,,,,,,,,,,,,,,,,,,,,,,,,,,,,,,,,,,,,,,,,,,,,,,,,,,,,,,,,,,,,,,,,,,,,,,,,,,,,,,,,,,,,,,,,,,,,,,,,,,,,,,,,,,,,,,,,,,,,,,,,,,,,,,,,,,,,,,,,,,,,,,,,,,,,,,,,,,,,,,,,,,,,,,,,,,,,,,,,,,,,,,,,,,,,,,,,,,,,,,,,,,,,,,,,,,,,,,,,,,,,,,,,,,,,,,,,,,,,,,,,,,,,,,,,,,,,,,,,,,,,,,,,,,,,,,,,,,,,,,,,,,,,,,,,,,,,,,,,,,,,,,,,,,,,,,,,,,,,,,,,,,,,,,,,,,,,,
2026040921,,,,,,,,,,,,,,,,,,,,,,,,,,,,,,,,,0.0,,,,,,,,,,,,,,,,,,,,,,,,,,,,,,,,,,,,,,,,,,,,,,,,,,,,,,,,,,,,,,,,,,,,,,,,,,,,,,,,,,,,,,,,,,,,,,,,,,,,,,,,,,,,,,,,,,,,,,,,,,,,,,,,,,278.13,,,,,,,,,,,,,,,,,,,,,,,,,,,,,,,,,,,,,,,,,,,,,,,,,,,,,,,,,,,,,,,,,,,,,,,,,,,,,,,,,,,,,,,,,,,17.0,21.0,,,,,,,,,,,9.0,14.0,9.0,16.0,17.0,20.0,20.0,0.0,0.0,0.0,0.0,0.0,15.0,,269.47,2.51,,684.0,2.0,,,,,,,,,,,,,,,,,,,,,,,,,,,,,,,,,,,,,,,,,,,,,,,,,,,,,,9.999e+20,,,,,,,,,,,,,,,,,,,,,,,,,,,,,7.1,3.2,4.0,4.3552,4.86619,5.36101,5.59214,5.73671,6.21043,6.29095,3.6,6.47341,6.66393,6.79745,6.93224,7.96868,8.11576,8.98735,9.82188,10.5595,11.7208,13.9651,7.08501,2.52,7.0,0.0,0.0,0.0,0.0,0.0,0.0,21.0,,9.999e+20,9.999e+20,9.999e+20,9.999e+20,9.999e+20,,,,1576.0,,6.0,0.0,7.2,0.0,,47.0,6.0,2.0,3.2,1.7,5.8,8.1,10.7,12.7,1200.0,688.0,896.0,472.0,1176.0,1504.0,1736.0,1848.0,,,34.0,25.0,,,,,,,279.8,2.52,,,,,,,,,,,,,,,,,,,,,,,,,,,,,,,,,,,,,,,,,,,,,,,,,,,,,,,,,,,,,9.999e+20,270.0,2.8,270.0,6.4,,,,,,4.0,,,,,,,9357.0,270.0,270.0,270.0,,279.2,,,,,,,,,,,,,,,,,,,,,,,,,,,,,2.8,0.8,1.2,1.6,1.6,1.6,2.0,2.0,2.0,2.4,1.2,2.4,2.4,2.8,2.8,3.2,3.6,3.80312,3.84098,4.43665,4.79751,6.16938,2.83959,1.22,0.0,0.0,0.0,0.0,22.0,0.0,3.0,0.0,2.9,3.4,
2026040922,,,,,,,,,,,,,,,,,,,,,,,,,,,,,,,,,0.0,,,,,,,,,,,,,,,,,,,,,,,,,,,,,,,,,,,,,,,,,,,,,,,,,,,,,,,,,,,,,,,,,,,,,,,,,,,,,,,,,,,,,,,,,,,,,,,,,,,,,,,,,,,,,,,,,,,,,,,,,,,,,,,,,,,,,,,,,,,,,,,,,,,,,,,,,,,,,,,,,,,,,,,,,,,,,,,,,,,,,,,,,,,,,,,,,,,,,,,,,,,,,,,,,,,,,,,,,,,,,,,,,,,,,,,,,,,,,,,,,,,,,,,,,,,,,,,,,,,,,,,,,,,,,,,,,,,,,,,,,,,,,,,,,,,,,,,,,,,,,,,,,,,,,,,,,,,,,,,,,,,,,,,,,,,,,,,,,,,,,,,,,,,,,,,,,,,,,,,,,,,,,,,,,,,,,,,,,,,,,,,,,,,,,,,,,,,,,,,,,,,,,,,,,,,,,,,,,,,,,,,,,,,,,,,,,,,,,,,,,,,,,,,,,,,,,,,,,,,,,,,,,,,,,,,,,,,,,,,,,,,,,,,,,,,,,,,,,,,,,,,,,,,,,,,,,,,,,,,,,,,,,,,,,,,,,,,,,,,,,,,,,,,,,,,,,,,,
2026040923,,,,,,,,,,,,,,,,,,,,,,,,,,,,,,,,,0.0,,,,,,,,,,,,,,,,,,,,,,,,,,,,,,,,,,,,,,,,,,,,,,,,,,,,,,,,,,,,,,,,,,,,,,,,,,,,,,,,,,,,,,,,,,,,,,,,,,,,,,,,,,,,,,,,,,,,,,,,,,,,,,,,,,,,,,,,,,,,,,,,,,,,,,,,,,,,,,,,,,,,,,,,,,,,,,,,,,,,,,,,,,,,,,,,,,,,,,,,,,,,,,,,,,,,,,,,,,,,,,,,,,,,,,,,,,,,,,,,,,,,,,,,,,,,,,,,,,,,,,,,,,,,,,,,,,,,,,,,,,,,,,,,,,,,,,,,,,,,,,,,,,,,,,,,,,,,,,,,,,,,,,,,,,,,,,,,,,,,,,,,,,,,,,,,,,,,,,,,,,,,,,,,,,,,,,,,,,,,,,,,,,,,,,,,,,,,,,,,,,,,,,,,,,,,,,,,,,,,,,,,,,,,,,,,,,,,,,,,,,,,,,,,,,,,,,,,,,,,,,,,,,,,,,,,,,,,,,,,,,,,,,,,,,,,,,,,,,,,,,,,,,,,,,,,,,,,,,,,,,,,,,,,,,,,,,,,,,,,,,,,,,,,,,,,,,,,
2026041000,0.628,0.0,0.0,0.0,0.0,0.0,0.0,0.0,0.0,0.0,0.0,0.0,0.0,0.0,0.0,0.0,0.0,0.0,0.394,1.524,4.224,11.164,16.0,0.0,1.0,0.0,0.0,8.0,0.0,0.0,3.0,0.0,0.0,,1.695,0.0,0.0,0.0,0.0,0.0,0.0,0.0,0.0,0.0,0.0,0.0,0.0,0.0,0.0,0.0,0.12,1.249,2.74,5.336,11.499,25.063,24.0,0.0,4.0,0.0,0.0,0.0,1.0,0.0,9.0,0.0,,,,,,,,,,,,,,,,,,,,,,,,,,,,,,,,,0.0,0.0,0.0,0.0,0.0,0.0,0.0,0.0,0.0,0.0,0.0,0.0,0.0,0.0,0.0,0.0,0.0,0.0,0.042,0.826,2.466,7.244,13.0,0.0,0.0,5.0,0.0,0.0,0.0,2.0,0.0,0.0,,,,,,,,,,,,,,,,,,,,,,,,,,,,,,,,,276.61,,,,,,,,,,,,,,,,,,,0.003,0.0,0.0,0.0,0.0,0.0,0.005,0.023,13.0,5.0,2.0,1.0,0.0,0.0,0.0,0.0,0.0,0.0,0.008,0.0,0.0,0.0,0.0,0.0,0.02,0.061,10.0,7.0,1.0,0.0,0.0,0.0,0.0,0.0,0.0,0.0,0.0,0.0,0.0,0.0,0.0,0.0,0.0,0.005,7.0,1.0,0.0,0.0,0.0,0.0,0.0,0.0,0.0,0.0,0.01,0.0,0.0,0.0,0.0,0.0,0.028,0.061,11.0,2.0,0.0,0.0,0.0,0.0,0.0,0.0,0.0,0.0,13.0,16.0,,,,,,,,,,,12.0,14.0,11.0,16.0,18.0,20.0,20.0,0.0,0.0,0.0,0.0,0.0,15.7,,270.32,2.34,,519.0,2.0,,0.0,0.0,0.0,0.0,0.0,0.0,0.0,0.0,0.0,0.0,0.0,0.0,0.0,0.0,0.0,0.0,0.0,0.0,0.0,0.0,0.0,0.0,0.0,0.0,0.0,0.0,0.0,0.0,0.0,0.0,0.0,0.0,0.0,0.0,0.0,0.0,0.0,0.0,0.0,0.0,0.0,0.0,0.0,0.0,0.0,0.0,0.0,0.0,0.0,0.0,0.0,12.0,9.999e+20,,,,,,,,,,,,,,,,,,,,,,,,,,,,,7.3,3.2,3.6929,4.32857,5.23165,5.72132,5.82009,6.35972,6.59136,7.09346,3.6,7.26342,7.34312,7.88637,8.00372,8.33862,9.04382,9.61668,10.1141,11.1118,12.0852,14.3562,7.33594,2.72,10.0,0.0,0.0,0.0,0.0,0.0,0.0,28.0,3.0,9.999e+20,9.999e+20,9.999e+20,9.999e+20,9.999e+20,,,,1528.0,0.0,6.0,0.0,7.2,0.0,,54.0,5.3,1.7,3.2,1.4,5.1,7.0,9.4,11.7,1328.0,824.0,1064.0,680.0,1296.0,1592.0,1824.0,1904.0,,,35.0,24.0,,280.39,2.49,,,,278.85,2.47,,,,,,,,,,,,,,,,,,,,,,,,,,,,,,,,,,,,,,,,,,,,,,,,,,,,,,,,,,,,,9.999e+20,290.0,3.0,300.0,4.2,1.0,4.0,,,4.0,1.0,,,,,,,6155.0,290.0,290.0,290.0,,276.8,,,,,,,,,,,,,,,,,,,,,,,,,,,,,3.0,0.8,1.2,1.6,1.6,2.0,2.0,2.4,2.8,2.8,1.2,2.8,2.8,3.2,3.2,3.6,3.6,4.0,4.0,4.4,4.97617,6.6442,2.94969,1.3,0.0,0.0,0.0,0.0,29.0,0.0,4.0,0.0,3.4,3.5,
2026041001,,,,,,,,,,,,,,,,,,,,,,,,,,,,,,,,,0.0,,,,,,,,,,,,,,,,,,,,,,,,,,,,,,,,,,,,,,,,,,,,,,,,,,,,,,,,,,,,,,,,,,,,,,,,,,,,,,,,,,,,,,,,,,,,,,,,,,,,,,,,,,,,,,,,,,,,,,,,,,,,,,,,,,,,,,,,,,,,,,,,,,,,,,,,,,,,,,,,,,,,,,,,,,,,,,,,,,,,,,,,,,,,,,,,,,,,,,,,,,,,,,,,,,,,,,,,,,,,,,,,,,,,,,,,,,,,,,,,,,,,,,,,,,,,,,,,,,,,,,,,,,,,,,,,,,,,,,,,,,,,,,,,,,,,,,,,,,,,,,,,,,,,,,,,,,,,,,,,,,,,,,,,,,,,,,,,,,,,,,,,,,,,,,,,,,,,,,,,,,,,,,,,,,,,,,,,,,,,,,,,,,,,,,,,,,,,,,,,,,,,,,,,,,,,,,,,,,,,,,,,,,,,,,,,,,,,,,,,,,,,,,,,,,,,,,,,,,,,,,,,,,,,,,,,,,,,,,,,,,,,,,,,,,,,,,,,,,,,,,,,,,,,,,,,,,,,,,,,,,,,,,,,,,,,,,,,,,,,,,,,,,,,,,,,,,,,
2026041002,,,,,,,,,,,,,,,,,,,,,,,,,,,,,,,,,0.0,,,,,,,,,,,,,,,,,,,,,,,,,,,,,,,,,,,,,,,,,,,,,,,,,,,,,,,,,,,,,,,,,,,,,,,,,,,,,,,,,,,,,,,,,,,,,,,,,,,,,,,,,,,,,,,,,,,,,,,,,,,,,,,,,,,,,,,,,,,,,,,,,,,,,,,,,,,,,,,,,,,,,,,,,,,,,,,,,,,,,,,,,,,,,,,,,,,,,,,,,,,,,,,,,,,,,,,,,,,,,,,,,,,,,,,,,,,,,,,,,,,,,,,,,,,,,,,,,,,,,,,,,,,,,,,,,,,,,,,,,,,,,,,,,,,,,,,,,,,,,,,,,,,,,,,,,,,,,,,,,,,,,,,,,,,,,,,,,,,,,,,,,,,,,,,,,,,,,,,,,,,,,,,,,,,,,,,,,,,,,,,,,,,,,,,,,,,,,,,,,,,,,,,,,,,,,,,,,,,,,,,,,,,,,,,,,,,,,,,,,,,,,,,,,,,,,,,,,,,,,,,,,,,,,,,,,,,,,,,,,,,,,,,,,,,,,,,,,,,,,,,,,,,,,,,,,,,,,,,,,,,,,,,,,,,,,,,,,,,,,,,,,,,,,,,,,,,,
2026041003,,,,,,,,,,,,,,,,,,,,,,,,,,,,,,,,,0.0,,,,,,,,,,,,,,,,,,,,,,,,,,,,,,,,,,,,,,,,,,,,,,,,,,,,,,,,,,,,,,,,,,,,,,,,,,,,,,,,,,,,,,,,,,,,,,,,,,,,,,,,,,,,,,,,,,,,,,,,,,,,,,,,,,273.56,,,,,,,,,,,,,,,,,,,,,,,,,,,,,,,,,,,,,,,,,,,,,,,,,,,,,,,,,,,,,,,,,,,,,,,,,,,,,,,,,,,,,,,,,,,2.0,2.0,,,,,,,,,,,9.0,14.0,9.0,16.0,18.0,21.0,21.0,0.0,0.0,0.0,0.0,0.0,15.3,,271.02,2.11,,102.0,2.0,,,,,,,,,,,,,,,,,,,,,,,,,,,,,,,,,,,,,,,,,,,,,,,,,,,,,,9.999e+20,,,,,,,,,,,,,,,,,,,,,,,,,,,,,5.4,2.4,3.2,3.6,4.05046,4.13581,4.59824,4.69343,4.80312,4.86892,2.8,5.0326,5.46806,5.5812,6.17879,6.36453,6.46691,7.03549,7.78357,7.96689,9.19729,11.6633,5.36244,2.02,2.0,0.0,0.0,0.0,0.0,0.0,0.0,7.0,,9.999e+20,9.999e+20,9.999e+20,9.999e+20,9.999e+20,,,,392.0,,2.4,0.0,6.0,0.0,,72.0,6.0,1.8,3.7,1.5,5.4,7.8,11.7,13.1,1296.0,824.0,1072.0,728.0,1264.0,1536.0,1760.0,1792.0,,,30.0,32.0,,,,,,,275.68,2.09,,,,,,,,,,,,,,,,,,,,,,,,,,,,,,,,,,,,,,,,,,,,,,,,,,,,,,,,,,,,,9.999e+20,,,20.0,3.5,,,,,,0.0,,,,,,,1073.0,280.0,280.0,280.0,,274.2,,,,,,,,,,,,,,,,,,,,,,,,,,,,,2.1,0.4,0.8,1.2,1.2,1.6,1.6,1.6,1.6,2.0,0.8,2.0,2.0,2.0,2.4,2.4,2.4,2.8,2.8,3.2,3.31781,4.33809,2.08535,0.92,0.0,0.0,0.0,0.0,4.0,0.0,0.0,0.0,2.5,2.5,
2026041004,,,,,,,,,,,,,,,,,,,,,,,,,,,,,,,,,0.0,,,,,,,,,,,,,,,,,,,,,,,,,,,,,,,,,,,,,,,,,,,,,,,,,,,,,,,,,,,,,,,,,,,,,,,,,,,,,,,,,,,,,,,,,,,,,,,,,,,,,,,,,,,,,,,,,,,,,,,,,,,,,,,,,,,,,,,,,,,,,,,,,,,,,,,,,,,,,,,,,,,,,,,,,,,,,,,,,,,,,,,,,,,,,,,,,,,,,,,,,,,,,,,,,,,,,,,,,,,,,,,,,,,,,,,,,,,,,,,,,,,,,,,,,,,,,,,,,,,,,,,,,,,,,,,,,,,,,,,,,,,,,,,,,,,,,,,,,,,,,,,,,,,,,,,,,,,,,,,,,,,,,,,,,,,,,,,,,,,,,,,,,,,,,,,,,,,,,,,,,,,,,,,,,,,,,,,,,,,,,,,,,,,,,,,,,,,,,,,,,,,,,,,,,,,,,,,,,,,,,,,,,,,,,,,,,,,,,,,,,,,,,,,,,,,,,,,,,,,,,,,,,,,,,,,,,,,,,,,,,,,,,,,,,,,,,,,,,,,,,,,,,,,,,,,,,,,,,,,,,,,,,,,,,,,,,,,,,,,,,,,,,,,,,,,,,,,,
2026041005,,,,,,,,,,,,,,,,,,,,,,,,,,,,,,,,,0.0,,,,,,,,,,,,,,,,,,,,,,,,,,,,,,,,,,,,,,,,,,,,,,,,,,,,,,,,,,,,,,,,,,,,,,,,,,,,,,,,,,,,,,,,,,,,,,,,,,,,,,,,,,,,,,,,,,,,,,,,,,,,,,,,,,,,,,,,,,,,,,,,,,,,,,,,,,,,,,,,,,,,,,,,,,,,,,,,,,,,,,,,,,,,,,,,,,,,,,,,,,,,,,,,,,,,,,,,,,,,,,,,,,,,,,,,,,,,,,,,,,,,,,,,,,,,,,,,,,,,,,,,,,,,,,,,,,,,,,,,,,,,,,,,,,,,,,,,,,,,,,,,,,,,,,,,,,,,,,,,,,,,,,,,,,,,,,,,,,,,,,,,,,,,,,,,,,,,,,,,,,,,,,,,,,,,,,,,,,,,,,,,,,,,,,,,,,,,,,,,,,,,,,,,,,,,,,,,,,,,,,,,,,,,,,,,,,,,,,,,,,,,,,,,,,,,,,,,,,,,,,,,,,,,,,,,,,,,,,,,,,,,,,,,,,,,,,,,,,,,,,,,,,,,,,,,,,,,,,,,,,,,,,,,,,,,,,,,,,,,,,,,,,,,,,,,,,,,
2026041006,0.662,0.0,0.0,0.0,0.0,0.0,0.0,0.0,0.0,0.0,0.0,0.0,0.0,0.0,0.0,0.0,0.0,0.001,0.63,1.893,4.284,10.281,17.0,0.0,1.0,0.0,0.0,8.0,0.0,0.0,3.0,0.0,0.0,,,,,,,,,,,,,,,,,,,,,,,,,,,,,,,,,,,,,,,,,,,,,,,,,,,,,,,,,,,,,,,,,,0.0,0.0,0.0,0.0,0.0,0.0,0.0,0.0,0.0,0.0,0.0,0.0,0.0,0.0,0.0,0.0,0.0,0.0,0.0,0.29,1.533,5.821,10.0,0.0,0.0,4.0,0.0,0.0,0.0,1.0,0.0,0.0,,,,,,,,,,,,,,,,,,,,,,,,,,,,,,,,,272.07,,,,,,,,,,,,,,,,,,,0.003,,,,,,,,,,,,,,,,,,0.01,,,,,,,,,,,,,,,,,,0.003,0.0,0.0,0.0,0.0,0.0,0.0,0.0,5.0,2.0,1.0,1.0,0.0,0.0,0.0,0.0,0.0,0.0,0.01,,,,,,,,,,,,,,,,,,1.0,1.0,,,,,,,,,,,11.0,13.0,11.0,16.0,19.0,20.0,20.0,0.0,0.0,0.0,0.0,0.0,15.5,,270.81,2.11,,51.0,2.0,,0.0,,,,,,,,,,,,,,,,,,,,,,,,,0.0,0.0,0.0,0.0,0.0,0.0,0.0,0.0,0.0,0.0,0.0,0.0,0.0,0.0,,,,,,,,,,,,,12.2,9.999e+20,11.3516,7.09045,8.17151,8.54761,9.09208,9.36217,10.0777,10.2972,10.3561,10.6169,7.7739,10.8141,11.1329,11.5039,11.8128,12.0534,12.9854,13.575,14.3816,14.9807,15.9168,17.7645,41.0,2.0,0.0,0.0,0.0,0.0,4.5,1.6,2.8,3.2,3.2,3.2,3.6,3.6,3.6,4.04687,2.4,4.07639,4.11204,4.54772,4.58452,4.67694,5.28068,5.45179,6.07537,6.51722,7.6813,8.87999,4.5259,1.62,0.0,0.0,0.0,0.0,0.0,0.0,0.0,2.0,3.0,9.999e+20,9.999e+20,9.999e+20,9.999e+20,9.999e+20,,,47.0,176.0,,2.4,0.0,6.0,0.0,,81.0,6.7,2.1,4.4,1.6,6.4,8.7,12.9,14.0,1208.0,760.0,1008.0,688.0,1200.0,1416.0,1624.0,1704.0,,,24.0,30.0,,,,,,3.45918,273.66,2.11,278.708,272.329,274.622,275.927,276.237,276.685,277.009,277.317,277.962,278.109,273.598,278.391,278.319,278.724,279.197,279.616,280.219,280.474,281.428,282.125,285.482,287.663,0.0,1.0,3.0,0.0,0.0,0.0,0.0,0.0,,,,,,,,,,,,,,,,,,,,,,,,,,,,,,,9.999e+20,,,60.0,3.6,,4.0,,,2.0,0.0,,,,,,,399.0,290.0,290.0,290.0,,272.7,4.75957,2.8,3.2,3.6,4.0,4.0,4.0,4.4,4.4,4.29122,3.2,4.71901,4.74014,4.80636,5.24507,5.29857,5.32634,5.79096,5.86251,5.99042,6.50867,7.66745,0.0,0.0,0.0,0.0,21.0,0.0,1.6,0.0,0.4,0.8,0.8,0.8,0.8,0.8,1.2,1.2,0.4,1.2,1.2,1.6,1.6,1.6,1.6,2.0,2.4,2.4,2.8,3.20212,1.21685,0.82,0.0,0.0,0.0,0.0,1.0,0.0,0.0,0.0,1.6,2.0,
2026041007,,,,,,,,,,,,,,,,,,,,,,,,,,,,,,,,,0.0,,,,,,,,,,,,,,,,,,,,,,,,,,,,,,,,,,,,,,,,,,,,,,,,,,,,,,,,,,,,,,,,,,,,,,,,,,,,,,,,,,,,,,,,,,,,,,,,,,,,,,,,,,,,,,,,,,,,,,,,,,,,,,,,,,,,,,,,,,,,,,,,,,,,,,,,,,,,,,,,,,,,,,,,,,,,,,,,,,,,,,,,,,,,,,,,,,,,,,,,,,,,,,,,,,,,,,,,,,,,,,,,,,,,,,,,,,,,,,,,,,,,,,,,,,,,,,,,,,,,,,,,,,,,,,,,,,,,,,,,,,,,,,,,,,,,,,,,,,,,,,,,,,,,,,,,,,,,,,,,,,,,,,,,,,,,,,,,,,,,,,,,,,,,,,,,,,,,,,,,,,,,,,,,,,,,,,,,,,,,,,,,,,,,,,,,,,,,,,,,,,,,,,,,,,,,,,,,,,,,,,,,,,,,,,,,,,,,,,,,,,,,,,,,,,,,,,,,,,,,,,,,,,,,,,,,,,,,,,,,,,,,,,,,,,,,,,,,,,,,,,,,,,,,,,,,,,,,,,,,,,,,,,,,,,,,,,,,,,,,,,,,,,,,,,,,,,,,
2026041008,,,,,,,,,,,,,,,,,,,,,,,,,,,,,,,,,0.0,,,,,,,,,,,,,,,,,,,,,,,,,,,,,,,,,,,,,,,,,,,,,,,,,,,,,,,,,,,,,,,,,,,,,,,,,,,,,,,,,,,,,,,,,,,,,,,,,,,,,,,,,,,,,,,,,,,,,,,,,,,,,,,,,,,,,,,,,,,,,,,,,,,,,,,,,,,,,,,,,,,,,,,,,,,,,,,,,,,,,,,,,,,,,,,,,,,,,,,,,,,,,,,,,,,,,,,,,,,,,,,,,,,,,,,,,,,,,,,,,,,,,,,,,,,,,,,,,,,,,,,,,,,,,,,,,,,,,,,,,,,,,,,,,,,,,,,,,,,,,,,,,,,,,,,,,,,,,,,,,,,,,,,,,,,,,,,,,,,,,,,,,,,,,,,,,,,,,,,,,,,,,,,,,,,,,,,,,,,,,,,,,,,,,,,,,,,,,,,,,,,,,,,,,,,,,,,,,,,,,,,,,,,,,,,,,,,,,,,,,,,,,,,,,,,,,,,,,,,,,,,,,,,,,,,,,,,,,,,,,,,,,,,,,,,,,,,,,,,,,,,,,,,,,,,,,,,,,,,,,,,,,,,,,,,,,,,,,,,,,,,,,,,,,,,,,,,,
2026041009,,,,,,,,,,,,,,,,,,,,,,,,,,,,,,,,,0.0,,,,,,,,,,,,,,,,,,,,,,,,,,,,,,,,,,,,,,,,,,,,,,,,,,,,,,,,,,,,,,,,,,,,,,,,,,,,,,,,,,,,,,,,,,,,,,,,,,,,,,,,,,,,,,,,,,,,,,,,,,,,,,,,,,271.09,,,,,,,,,,,,,,,,,,,,,,,,,,,,,,,,,,,,,,,,,,,,,,,,,,,,,,,,,,,,,,,,,,,,,,,,,,,,,,,,,,,,,,,,,,,0.0,1.0,,,,,,,,,,,10.0,12.0,10.0,14.0,16.0,18.0,18.0,0.0,0.0,0.0,0.0,0.0,14.2,,269.94,2.52,,0.0,0.0,,,,,,,,,,,,,,,,,,,,,,,,,,,,,,,,,,,,,,,,,,,,,,,,,,,,,,9.999e+20,,,,,,,,,,,,,,,,,,,,,,,,,,,,,4.6,2.0,2.8,2.8,3.2,3.2,3.2,3.6,3.6,4.0,2.4,4.0,4.4,4.47452,4.51418,4.96153,5.43709,5.54169,6.07925,7.01953,7.31571,8.16451,4.20393,1.5,0.0,0.0,0.0,0.0,0.0,0.0,0.0,1.0,,9.999e+20,9.999e+20,9.999e+20,9.999e+20,9.999e+20,,,,152.0,,1.2,1.2,3.6,0.0,,83.0,7.2,2.3,4.7,1.6,6.9,10.0,13.0,14.3,1120.0,696.0,920.0,632.0,1128.0,1328.0,1496.0,1640.0,,,31.0,30.0,,,,,,,272.75,2.52,,,,,,,,,,,,,,,,,,,,,,,,,,,,,,,,,,,,,,,,,,,,,,,,,,,,,,,,,,,,,9.999e+20,,,50.0,3.8,,,,,,0.0,,,,,,,310.0,290.0,290.0,290.0,,272.1,,,,,,,,,,,,,,,,,,,,,,,,,,,,,1.6,0.0,0.4,0.8,0.8,0.8,0.8,0.8,1.2,1.2,0.4,1.2,1.6,1.6,1.6,1.6,1.6,2.0,2.4,2.4,2.8,3.2,1.20805,0.82,0.0,0.0,0.0,0.0,1.0,0.0,0.0,0.0,1.6,2.0,
2026041010,,,,,,,,,,,,,,,,,,,,,,,,,,,,,,,,,0.0,,,,,,,,,,,,,,,,,,,,,,,,,,,,,,,,,,,,,,,,,,,,,,,,,,,,,,,,,,,,,,,,,,,,,,,,,,,,,,,,,,,,,,,,,,,,,,,,,,,,,,,,,,,,,,,,,,,,,,,,,,,,,,,,,,,,,,,,,,,,,,,,,,,,,,,,,,,,,,,,,,,,,,,,,,,,,,,,,,,,,,,,,,,,,,,,,,,,,,,,,,,,,,,,,,,,,,,,,,,,,,,,,,,,,,,,,,,,,,,,,,,,,,,,,,,,,,,,,,,,,,,,,,,,,,,,,,,,,,,,,,,,,,,,,,,,,,,,,,,,,,,,,,,,,,,,,,,,,,,,,,,,,,,,,,,,,,,,,,,,,,,,,,,,,,,,,,,,,,,,,,,,,,,,,,,,,,,,,,,,,,,,,,,,,,,,,,,,,,,,,,,,,,,,,,,,,,,,,,,,,,,,,,,,,,,,,,,,,,,,,,,,,,,,,,,,,,,,,,,,,,,,,,,,,,,,,,,,,,,,,,,,,,,,,,,,,,,,,,,,,,,,,,,,,,,,,,,,,,,,,,,,,,,,,,,,,,,,,,,,,,,,,,,,,,,,,,,,
2026041011,,,,,,,,,,,,,,,,,,,,,,,,,,,,,,,,,0.0,,,,,,,,,,,,,,,,,,,,,,,,,,,,,,,,,,,,,,,,,,,,,,,,,,,,,,,,,,,,,,,,,,,,,,,,,,,,,,,,,,,,,,,,,,,,,,,,,,,,,,,,,,,,,,,,,,,,,,,,,,,,,,,,,,,,,,,,,,,,,,,,,,,,,,,,,,,,,,,,,,,,,,,,,,,,,,,,,,,,,,,,,,,,,,,,,,,,,,,,,,,,,,,,,,,,,,,,,,,,,,,,,,,,,,,,,,,,,,,,,,,,,,,,,,,,,,,,,,,,,,,,,,,,,,,,,,,,,,,,,,,,,,,,,,,,,,,,,,,,,,,,,,,,,,,,,,,,,,,,,,,,,,,,,,,,,,,,,,,,,,,,,,,,,,,,,,,,,,,,,,,,,,,,,,,,,,,,,,,,,,,,,,,,,,,,,,,,,,,,,,,,,,,,,,,,,,,,,,,,,,,,,,,,,,,,,,,,,,,,,,,,,,,,,,,,,,,,,,,,,,,,,,,,,,,,,,,,,,,,,,,,,,,,,,,,,,,,,,,,,,,,,,,,,,,,,,,,,,,,,,,,,,,,,,,,,,,,,,,,,,,,,,,,,,,,,,,,
2026041012,0.401,0.0,0.0,0.0,0.0,0.0,0.0,0.0,0.0,0.0,0.0,0.0,0.0,0.0,0.0,0.0,0.0,0.0,0.003,0.606,2.701,7.136,12.0,0.0,1.0,0.0,0.0,5.0,0.0,0.0,2.0,0.0,0.0,,1.322,0.0,0.0,0.0,0.0,0.0,0.0,0.0,0.0,0.0,0.0,0.0,0.0,0.0,0.0,0.0,0.0,0.148,1.192,3.877,8.894,22.886,19.0,0.0,3.0,0.0,0.0,0.0,1.0,0.0,7.0,0.0,3.08,0.0,0.0,0.0,0.0,0.0,0.0,0.0,0.0,0.0,0.0,0.0,0.0,0.0,0.313,1.17,2.16,3.719,6.003,9.672,17.242,37.95,8.0,0.0,24.0,0.0,2.0,0.0,0.0,0.0,0.0,0.0,0.0,0.0,0.0,0.0,0.0,0.0,0.0,0.0,0.0,0.0,0.0,0.0,0.0,0.0,0.0,0.0,0.0,0.0,0.0,0.0,0.308,3.991,5.0,0.0,0.0,2.0,0.0,0.0,0.0,0.0,0.0,0.0,4.276,0.0,0.0,0.0,0.0,0.0,0.0,0.0,0.0,0.0,0.0,0.035,0.407,1.027,1.924,3.261,4.375,6.396,9.275,13.043,21.844,42.498,0.0,0.0,4.0,0.0,0.0,0.0,0.0,20.0,0.0,0.0,270.48,,,,,,,,,,,,,,,,,,,0.003,0.0,0.0,0.0,0.0,0.0,0.0,0.01,9.0,4.0,2.0,1.0,1.0,0.0,0.0,0.0,0.0,0.0,0.008,0.0,0.0,0.0,0.0,0.0,0.023,0.051,9.0,6.0,1.0,1.0,1.0,0.0,0.0,0.0,0.0,0.0,0.0,0.0,0.0,0.0,0.0,0.0,0.0,0.0,4.0,1.0,0.0,0.0,0.0,0.0,0.0,0.0,0.0,0.0,0.01,0.0,0.0,0.0,0.0,0.0,0.046,0.061,13.0,2.0,1.0,1.0,0.0,0.0,0.0,0.0,0.0,0.0,0.0,1.0,,,,,,,,,,,12.0,15.0,12.0,15.0,17.0,17.0,17.0,0.0,0.0,0.0,0.0,0.0,15.5,,269.2,2.76,,0.0,0.0,,0.0,0.0,0.0,0.0,0.0,0.0,0.0,0.0,0.0,0.0,0.0,0.0,0.0,0.0,0.0,0.0,0.0,0.0,0.0,0.0,0.0,0.0,0.0,0.0,0.0,0.0,0.0,0.0,0.0,0.0,0.0,0.0,0.0,0.0,0.0,0.0,0.0,0.0,0.0,0.0,0.0,0.0,0.0,0.0,0.0,0.0,0.0,0.0,0.0,0.0,0.0,3.2,9.999e+20,,,,,,,,,,,,,,,,,,,,,,,,,,,,,4.51,2.0,2.8,2.8,3.2,3.2,3.6,3.6,4.0,4.0,2.4,4.0,4.4,4.41008,4.84586,4.8966,4.94222,5.45868,5.96235,6.45342,6.96539,7.53168,4.53407,1.4,0.0,0.0,0.0,0.0,0.0,0.0,0.0,0.0,3.0,9.999e+20,9.999e+20,9.999e+20,9.999e+20,9.999e+20,,,,160.0,0.0,1.2,0.0,6.0,0.0,,82.0,7.6,2.7,4.8,1.7,7.0,10.9,13.0,14.6,1048.0,624.0,864.0,568.0,1064.0,1216.0,1416.0,1560.0,,,44.0,33.0,,,,271.23,1.91,,272.04,2.76,,,,,,,,,,,,,,,,,,,,,,,,,,,,,,,,,,,,,,,,,,,,,,,,,,,,,,,,,,,,,9.999e+20,,,60.0,4.1,0.0,3.0,,,1.0,0.0,,,,,,,396.0,270.0,270.0,270.0,,271.9,,,,,,,,,,,,,,,,,,,,,,,,,,,,,1.6,0.4,0.4,0.8,0.8,0.8,1.2,1.2,1.2,1.2,0.4,1.2,1.2,1.6,1.6,1.6,1.6,2.0,2.0,2.4,2.8,3.6,1.2,0.72,0.0,0.0,0.0,0.0,1.0,0.0,0.0,0.0,1.6,2.0,
2026041013,,,,,,,,,,,,,,,,,,,,,,,,,,,,,,,,,0.0,,,,,,,,,,,,,,,,,,,,,,,,,,,,,,,,,,,,,,,,,,,,,,,,,,,,,,,,,,,,,,,,,,,,,,,,,,,,,,,,,,,,,,,,,,,,,,,,,,,,,,,,,,,,,,,,,,,,,,,,,,,,,,,,,,,,,,,,,,,,,,,,,,,,,,,,,,,,,,,,,,,,,,,,,,,,,,,,,,,,,,,,,,,,,,,,,,,,,,,,,,,,,,,,,,,,,,,,,,,,,,,,,,,,,,,,,,,,,,,,,,,,,,,,,,,,,,,,,,,,,,,,,,,,,,,,,,,,,,,,,,,,,,,,,,,,,,,,,,,,,,,,,,,,,,,,,,,,,,,,,,,,,,,,,,,,,,,,,,,,,,,,,,,,,,,,,,,,,,,,,,,,,,,,,,,,,,,,,,,,,,,,,,,,,,,,,,,,,,,,,,,,,,,,,,,,,,,,,,,,,,,,,,,,,,,,,,,,,,,,,,,,,,,,,,,,,,,,,,,,,,,,,,,,,,,,,,,,,,,,,,,,,,,,,,,,,,,,,,,,,,,,,,,,,,,,,,,,,,,,,,,,,,,,,,,,,,,,,,,,,,,,,,,,,,,,,,,,
2026041014,,,,,,,,,,,,,,,,,,,,,,,,,,,,,,,,,0.0,,,,,,,,,,,,,,,,,,,,,,,,,,,,,,,,,,,,,,,,,,,,,,,,,,,,,,,,,,,,,,,,,,,,,,,,,,,,,,,,,,,,,,,,,,,,,,,,,,,,,,,,,,,,,,,,,,,,,,,,,,,,,,,,,,,,,,,,,,,,,,,,,,,,,,,,,,,,,,,,,,,,,,,,,,,,,,,,,,,,,,,,,,,,,,,,,,,,,,,,,,,,,,,,,,,,,,,,,,,,,,,,,,,,,,,,,,,,,,,,,,,,,,,,,,,,,,,,,,,,,,,,,,,,,,,,,,,,,,,,,,,,,,,,,,,,,,,,,,,,,,,,,,,,,,,,,,,,,,,,,,,,,,,,,,,,,,,,,,,,,,,,,,,,,,,,,,,,,,,,,,,,,,,,,,,,,,,,,,,,,,,,,,,,,,,,,,,,,,,,,,,,,,,,,,,,,,,,,,,,,,,,,,,,,,,,,,,,,,,,,,,,,,,,,,,,,,,,,,,,,,,,,,,,,,,,,,,,,,,,,,,,,,,,,,,,,,,,,,,,,,,,,,,,,,,,,,,,,,,,,,,,,,,,,,,,,,,,,,,,,,,,,,,,,,,,,,,,
2026041015,,,,,,,,,,,,,,,,,,,,,,,,,,,,,,,,,0.0,,,,,,,,,,,,,,,,,,,,,,,,,,,,,,,,,,,,,,,,,,,,,,,,,,,,,,,,,,,,,,,,,,,,,,,,,,,,,,,,,,,,,,,,,,,,,,,,,,,,,,,,,,,,,,,,,,,,,,,,,,,,,,,,,,273.83,,,,,,,,,,,,,,,,,,,,,,,,,,,,,,,,,,,,,,,,,,,,,,,,,,,,,,,,,,,,,,,,,,,,,,,,,,,,,,,,,,,,,,,,,,,2.0,6.0,,,,,,,,,,,10.0,13.0,10.0,14.0,15.0,16.0,16.0,0.0,0.0,0.0,0.0,0.0,13.8,,269.13,2.42,,52.0,1.0,,,,,,,,,,,,,,,,,,,,,,,,,,,,,,,,,,,,,,,,,,,,,,,,,,,,,,9.999e+20,,,,,,,,,,,,,,,,,,,,,,,,,,,,,4.4,2.0,2.8,2.8,3.2,3.2,3.6,3.6,4.0304,4.05641,2.4,4.10864,4.21469,4.28917,4.77532,4.93202,5.01288,5.47587,6.00755,6.61577,7.7957,8.76266,4.37643,1.6,0.0,0.0,0.0,0.0,0.0,0.0,0.0,2.0,,9.999e+20,9.999e+20,9.999e+20,9.999e+20,9.999e+20,,,,544.0,,1.2,0.0,9.6,0.0,,71.0,7.3,2.9,4.9,1.8,6.7,10.5,13.3,14.4,1056.0,640.0,872.0,552.0,1024.0,1248.0,1392.0,1568.0,,,40.0,21.0,,,,,,,273.71,2.39,,,,,,,,,,,,,,,,,,,,,,,,,,,,,,,,,,,,,,,,,,,,,,,,,,,,,,,,,,,,,9.999e+20,,,70.0,3.7,,,,,,0.0,,,,,,,1686.0,90.0,90.0,90.0,,272.9,,,,,,,,,,,,,,,,,,,,,,,,,,,,,1.2,0.0,0.4,0.4,0.8,0.8,0.8,0.8,0.8,1.2,0.4,1.2,1.2,1.2,1.6,1.6,2.0,2.0,2.4,2.8,3.2,3.6,1.20219,0.92,0.0,0.0,0.0,0.0,2.0,0.0,0.0,0.0,1.6,1.6,
2026041016,,,,,,,,,,,,,,,,,,,,,,,,,,,,,,,,,0.0,,,,,,,,,,,,,,,,,,,,,,,,,,,,,,,,,,,,,,,,,,,,,,,,,,,,,,,,,,,,,,,,,,,,,,,,,,,,,,,,,,,,,,,,,,,,,,,,,,,,,,,,,,,,,,,,,,,,,,,,,,,,,,,,,,,,,,,,,,,,,,,,,,,,,,,,,,,,,,,,,,,,,,,,,,,,,,,,,,,,,,,,,,,,,,,,,,,,,,,,,,,,,,,,,,,,,,,,,,,,,,,,,,,,,,,,,,,,,,,,,,,,,,,,,,,,,,,,,,,,,,,,,,,,,,,,,,,,,,,,,,,,,,,,,,,,,,,,,,,,,,,,,,,,,,,,,,,,,,,,,,,,,,,,,,,,,,,,,,,,,,,,,,,,,,,,,,,,,,,,,,,,,,,,,,,,,,,,,,,,,,,,,,,,,,,,,,,,,,,,,,,,,,,,,,,,,,,,,,,,,,,,,,,,,,,,,,,,,,,,,,,,,,,,,,,,,,,,,,,,,,,,,,,,,,,,,,,,,,,,,,,,,,,,,,,,,,,,,,,,,,,,,,,,,,,,,,,,,,,,,,,,,,,,,,,,,,,,,,,,,,,,,,,,,,,,,,,,
2026041017,,,,,,,,,,,,,,,,,,,,,,,,,,,,,,,,,0.0,,,,,,,,,,,,,,,,,,,,,,,,,,,,,,,,,,,,,,,,,,,,,,,,,,,,,,,,,,,,,,,,,,,,,,,,,,,,,,,,,,,,,,,,,,,,,,,,,,,,,,,,,,,,,,,,,,,,,,,,,,,,,,,,,,,,,,,,,,,,,,,,,,,,,,,,,,,,,,,,,,,,,,,,,,,,,,,,,,,,,,,,,,,,,,,,,,,,,,,,,,,,,,,,,,,,,,,,,,,,,,,,,,,,,,,,,,,,,,,,,,,,,,,,,,,,,,,,,,,,,,,,,,,,,,,,,,,,,,,,,,,,,,,,,,,,,,,,,,,,,,,,,,,,,,,,,,,,,,,,,,,,,,,,,,,,,,,,,,,,,,,,,,,,,,,,,,,,,,,,,,,,,,,,,,,,,,,,,,,,,,,,,,,,,,,,,,,,,,,,,,,,,,,,,,,,,,,,,,,,,,,,,,,,,,,,,,,,,,,,,,,,,,,,,,,,,,,,,,,,,,,,,,,,,,,,,,,,,,,,,,,,,,,,,,,,,,,,,,,,,,,,,,,,,,,,,,,,,,,,,,,,,,,,,,,,,,,,,,,,,,,,,,,,,,,,,,,,
2026041018,0.385,0.0,0.0,0.0,0.0,0.0,0.0,0.0,0.0,0.0,0.0,0.0,0.0,0.0,0.0,0.0,0.0,0.0,0.0,0.414,2.277,8.345,11.0,0.0,0.0,0.0,0.0,4.0,0.0,0.0,2.0,0.0,0.0,,,,,,,,,,,,,,,,,,,,,,,,,,,,,,,,,,,,,,,,,,,,,,,,,,,,,,,,,,,,,,,,,,0.0,0.0,0.0,0.0,0.0,0.0,0.0,0.0,0.0,0.0,0.0,0.0,0.0,0.0,0.0,0.0,0.0,0.0,0.0,0.01,1.118,6.195,8.0,0.0,0.0,3.0,0.0,0.0,0.0,1.0,0.0,0.0,,,,,,,,,,,,,,,,,,,,,,,,,,,,,,,,,277.18,,,,,,,,,,,,,,,,,,,0.005,,,,,,,,,,,,,,,,,,0.008,,,,,,,,,,,,,,,,,,0.0,0.0,0.0,0.0,0.0,0.0,0.0,0.0,5.0,0.0,0.0,0.0,0.0,0.0,0.0,0.0,0.0,0.0,0.01,,,,,,,,,,,,,,,,,,5.0,13.0,,,,,,,,,,,12.0,14.0,12.0,15.0,16.0,19.0,19.0,0.0,0.0,0.0,0.0,0.0,15.2,,270.01,2.27,,278.0,0.0,,0.0,,,,,,,,,,,,,,,,,,,,,,,,,0.0,0.0,0.0,0.0,0.0,0.0,0.0,0.0,0.0,0.0,0.0,0.0,0.0,0.0,,,,,,,,,,,,,8.2,9.999e+20,,,,,,,,,,,,,,,,,,,,,,,,,,,,,5.6,2.4,2.8,3.2,3.6,4.0,4.12714,4.23293,4.73435,4.85637,2.8,5.09234,5.33826,5.83569,6.00743,6.21674,6.73224,7.05246,7.72263,8.9633,10.4665,11.5796,5.64184,2.3,2.0,0.0,0.0,0.0,0.0,0.0,0.0,12.0,3.0,9.999e+20,9.999e+20,9.999e+20,9.999e+20,9.999e+20,,83.0,,1592.0,,2.4,0.0,12.0,0.0,,55.0,6.4,2.3,4.6,1.5,5.7,9.1,12.0,13.0,1160.0,768.0,912.0,576.0,1136.0,1384.0,1520.0,1640.0,,,21.0,16.0,,,,,,2.25868,278.43,2.27,,,,,,,,,,,,,,,,,,,,,,,,,,,,,,,270.928,265.776,267.41,268.34,269.018,269.282,269.662,269.993,270.102,270.682,266.792,270.787,271.467,271.703,271.89,272.446,272.815,272.828,273.178,273.699,274.629,276.214,0.0,0.0,0.0,0.0,0.0,49.0,84.0,0.0,9.999e+20,,,180.0,3.4,,2.0,,,1.0,2.0,,,,,,,4894.0,260.0,260.0,260.0,,277.5,,,,,,,,,,,,,,,,,,,,,,,,,,,,,1.7,0.0,0.4,0.4,0.8,0.8,0.8,1.2,1.2,1.2,0.4,1.6,1.6,2.0,2.0,2.0,2.4,2.8,3.2,3.58389,4.37096,4.65394,1.73929,1.2,0.0,0.0,0.0,0.0,10.0,0.0,0.0,0.0,2.1,2.5,
2026041019,,,,,,,,,,,,,,,,,,,,,,,,,,,,,,,,,0.0,,,,,,,,,,,,,,,,,,,,,,,,,,,,,,,,,,,,,,,,,,,,,,,,,,,,,,,,,,,,,,,,,,,,,,,,,,,,,,,,,,,,,,,,,,,,,,,,,,,,,,,,,,,,,,,,,,,,,,,,,,,,,,,,,,,,,,,,,,,,,,,,,,,,,,,,,,,,,,,,,,,,,,,,,,,,,,,,,,,,,,,,,,,,,,,,,,,,,,,,,,,,,,,,,,,,,,,,,,,,,,,,,,,,,,,,,,,,,,,,,,,,,,,,,,,,,,,,,,,,,,,,,,,,,,,,,,,,,,,,,,,,,,,,,,,,,,,,,,,,,,,,,,,,,,,,,,,,,,,,,,,,,,,,,,,,,,,,,,,,,,,,,,,,,,,,,,,,,,,,,,,,,,,,,,,,,,,,,,,,,,,,,,,,,,,,,,,,,,,,,,,,,,,,,,,,,,,,,,,,,,,,,,,,,,,,,,,,,,,,,,,,,,,,,,,,,,,,,,,,,,,,,,,,,,,,,,,,,,,,,,,,,,,,,,,,,,,,,,,,,,,,,,,,,,,,,,,,,,,,,,,,,,,,,,,,,,,,,,,,,,,,,,,,,,,,,,,,
2026041020,,,,,,,,,,,,,,,,,,,,,,,,,,,,,,,,,0.0,,,,,,,,,,,,,,,,,,,,,,,,,,,,,,,,,,,,,,,,,,,,,,,,,,,,,,,,,,,,,,,,,,,,,,,,,,,,,,,,,,,,,,,,,,,,,,,,,,,,,,,,,,,,,,,,,,,,,,,,,,,,,,,,,,,,,,,,,,,,,,,,,,,,,,,,,,,,,,,,,,,,,,,,,,,,,,,,,,,,,,,,,,,,,,,,,,,,,,,,,,,,,,,,,,,,,,,,,,,,,,,,,,,,,,,,,,,,,,,,,,,,,,,,,,,,,,,,,,,,,,,,,,,,,,,,,,,,,,,,,,,,,,,,,,,,,,,,,,,,,,,,,,,,,,,,,,,,,,,,,,,,,,,,,,,,,,,,,,,,,,,,,,,,,,,,,,,,,,,,,,,,,,,,,,,,,,,,,,,,,,,,,,,,,,,,,,,,,,,,,,,,,,,,,,,,,,,,,,,,,,,,,,,,,,,,,,,,,,,,,,,,,,,,,,,,,,,,,,,,,,,,,,,,,,,,,,,,,,,,,,,,,,,,,,,,,,,,,,,,,,,,,,,,,,,,,,,,,,,,,,,,,,,,,,,,,,,,,,,,,,,,,,,,,,,,,,,,
2026041021,,,,,,,,,,,,,,,,,,,,,,,,,,,,,,,,,0.0,,,,,,,,,,,,,,,,,,,,,,,,,,,,,,,,,,,,,,,,,,,,,,,,,,,,,,,,,,,,,,,,,,,,,,,,,,,,,,,,,,,,,,,,,,,,,,,,,,,,,,,,,,,,,,,,,,,,,,,,,,,,,,,,,,278.99,,,,,,,,,,,,,,,,,,,,,,,,,,,,,,,,,,,,,,,,,,,,,,,,,,,,,,,,,,,,,,,,,,,,,,,,,,,,,,,,,,,,,,,,,,,10.0,16.0,,,,,,,,,,,12.0,13.0,12.0,14.0,15.0,16.0,16.0,0.0,0.0,0.0,0.0,0.0,14.0,,270.61,1.83,,804.0,0.0,,,,,,,,,,,,,,,,,,,,,,,,,,,,,,,,,,,,,,,,,,,,,,,,,,,,,,9.999e+20,,,,,,,,,,,,,,,,,,,,,,,,,,,,,6.7,3.2,4.07577,4.27907,4.40082,4.9105,5.00762,5.47666,5.95671,6.09483,3.6,6.57333,6.70723,6.7602,7.29047,7.85693,8.26858,8.76254,8.96142,10.2302,11.3031,13.7177,6.73809,2.42,6.0,0.0,0.0,0.0,0.0,0.0,0.0,17.0,,9.999e+20,9.999e+20,9.999e+20,9.999e+20,9.999e+20,,,,1816.0,,8.4,0.0,12.0,0.0,,48.0,5.6,2.0,3.7,1.2,5.3,7.5,10.2,11.3,1296.0,888.0,1048.0,752.0,1256.0,1520.0,1688.0,1824.0,,,22.0,12.0,,,,,,,280.76,2.66,,,,,,,,,,,,,,,,,,,,,,,,,,,,,,,,,,,,,,,,,,,,,,,,,,,,,,,,,,,,,9.999e+20,,,210.0,3.5,,,,,,2.0,,,,,,,5962.0,280.0,280.0,280.0,,279.9,,,,,,,,,,,,,,,,,,,,,,,,,,,,,2.7,0.8,1.2,1.2,1.2,1.6,2.0,2.0,2.0,2.4,0.8,2.4,2.8,2.8,3.2,3.2,3.2475,3.75266,3.86757,4.33391,5.32128,6.50278,2.74752,1.3,0.0,0.0,0.0,0.0,20.0,0.0,2.0,0.0,3.1,3.2,
2026041022,,,,,,,,,,,,,,,,,,,,,,,,,,,,,,,,,0.0,,,,,,,,,,,,,,,,,,,,,,,,,,,,,,,,,,,,,,,,,,,,,,,,,,,,,,,,,,,,,,,,,,,,,,,,,,,,,,,,,,,,,,,,,,,,,,,,,,,,,,,,,,,,,,,,,,,,,,,,,,,,,,,,,,,,,,,,,,,,,,,,,,,,,,,,,,,,,,,,,,,,,,,,,,,,,,,,,,,,,,,,,,,,,,,,,,,,,,,,,,,,,,,,,,,,,,,,,,,,,,,,,,,,,,,,,,,,,,,,,,,,,,,,,,,,,,,,,,,,,,,,,,,,,,,,,,,,,,,,,,,,,,,,,,,,,,,,,,,,,,,,,,,,,,,,,,,,,,,,,,,,,,,,,,,,,,,,,,,,,,,,,,,,,,,,,,,,,,,,,,,,,,,,,,,,,,,,,,,,,,,,,,,,,,,,,,,,,,,,,,,,,,,,,,,,,,,,,,,,,,,,,,,,,,,,,,,,,,,,,,,,,,,,,,,,,,,,,,,,,,,,,,,,,,,,,,,,,,,,,,,,,,,,,,,,,,,,,,,,,,,,,,,,,,,,,,,,,,,,,,,,,,,,,,,,,,,,,,,,,,,,,,,,,,,,,,,,
2026041023,,,,,,,,,,,,,,,,,,,,,,,,,,,,,,,,,0.0,,,,,,,,,,,,,,,,,,,,,,,,,,,,,,,,,,,,,,,,,,,,,,,,,,,,,,,,,,,,,,,,,,,,,,,,,,,,,,,,,,,,,,,,,,,,,,,,,,,,,,,,,,,,,,,,,,,,,,,,,,,,,,,,,,,,,,,,,,,,,,,,,,,,,,,,,,,,,,,,,,,,,,,,,,,,,,,,,,,,,,,,,,,,,,,,,,,,,,,,,,,,,,,,,,,,,,,,,,,,,,,,,,,,,,,,,,,,,,,,,,,,,,,,,,,,,,,,,,,,,,,,,,,,,,,,,,,,,,,,,,,,,,,,,,,,,,,,,,,,,,,,,,,,,,,,,,,,,,,,,,,,,,,,,,,,,,,,,,,,,,,,,,,,,,,,,,,,,,,,,,,,,,,,,,,,,,,,,,,,,,,,,,,,,,,,,,,,,,,,,,,,,,,,,,,,,,,,,,,,,,,,,,,,,,,,,,,,,,,,,,,,,,,,,,,,,,,,,,,,,,,,,,,,,,,,,,,,,,,,,,,,,,,,,,,,,,,,,,,,,,,,,,,,,,,,,,,,,,,,,,,,,,,,,,,,,,,,,,,,,,,,,,,,,,,,,,,,
2026041100,0.738,0.0,0.0,0.0,0.0,0.0,0.0,0.0,0.0,0.0,0.0,0.0,0.0,0.0,0.0,0.0,0.0,0.033,0.788,2.15,5.015,12.455,18.0,0.0,1.0,0.0,0.0,9.0,0.0,0.0,4.0,0.0,0.0,,1.604,0.0,0.0,0.0,0.0,0.0,0.0,0.0,0.0,0.0,0.0,0.0,0.0,0.0,0.0,0.0,0.121,0.841,2.269,5.307,10.612,24.16,23.0,0.0,4.0,0.0,0.0,0.0,1.0,0.0,9.0,0.0,,,,,,,,,,,,,,,,,,,,,,,,,,,,,,,,,0.0,0.0,0.0,0.0,0.0,0.0,0.0,0.0,0.0,0.0,0.0,0.0,0.0,0.0,0.0,0.0,0.0,0.01,0.479,1.209,2.879,7.622,17.0,0.0,0.0,6.0,0.0,0.0,0.0,1.0,0.0,0.0,,,,,,,,,,,,,,,,,,,,,,,,,,,,,,,,,277.52,,,,,,,,,,,,,,,,,,,0.005,0.0,0.0,0.0,0.0,0.0,0.005,0.03,12.0,7.0,2.0,1.0,0.0,0.0,0.0,0.0,0.0,0.0,0.008,0.0,0.0,0.0,0.0,0.0,0.028,0.036,10.0,4.0,1.0,1.0,1.0,0.0,0.0,0.0,0.0,0.0,0.003,0.0,0.0,0.0,0.0,0.0,0.0,0.01,10.0,2.0,0.0,0.0,0.0,0.0,0.0,0.0,0.0,0.0,0.013,0.0,0.0,0.0,0.0,0.0,0.038,0.069,16.0,2.0,1.0,1.0,0.0,0.0,0.0,0.0,0.0,0.0,9.0,17.0,,,,,,,,,,,12.0,13.0,11.0,14.0,16.0,23.0,23.0,0.0,0.0,0.0,0.0,0.0,15.7,,271.52,1.56,,677.0,2.0,,0.0,0.0,0.0,0.0,0.0,0.0,0.0,0.0,0.0,0.0,0.0,0.0,0.0,0.0,0.0,0.0,0.0,0.0,0.0,0.0,0.0,0.0,0.0,0.0,0.0,0.0,0.0,0.0,0.0,0.0,0.0,0.0,0.0,0.0,0.0,0.0,0.0,0.0,0.0,0.0,0.0,0.0,0.0,0.0,0.0,0.0,0.0,0.0,0.0,0.0,0.0,12.0,9.999e+20,,,,,,,,,,,,,,,,,,,,,,,,,,,,,7.4,2.8,4.0,4.4,4.8,5.2,5.62383,6.15007,6.79275,7.1412,3.6,7.58956,7.75156,7.95247,8.20361,8.60476,8.88301,9.09959,9.86278,10.3869,11.3722,13.1026,7.43087,2.42,5.0,0.0,0.0,0.0,0.0,0.0,0.0,26.0,2.0,9.999e+20,9.999e+20,9.999e+20,9.999e+20,9.999e+20,,,,1728.0,0.0,8.4,0.0,10.8,0.0,,57.0,5.1,1.9,3.0,1.0,4.9,6.7,9.4,10.8,1408.0,1008.0,1176.0,952.0,1344.0,1576.0,1840.0,1952.0,,,26.0,19.0,,281.51,2.57,,,,279.72,2.4,,,,,,,,,,,,,,,,,,,,,,,,,,,,,,,,,,,,,,,,,,,,,,,,,,,,,,,,,,,,,9.999e+20,,,240.0,3.7,1.0,4.0,,,4.0,2.0,,,,,,,6006.0,280.0,280.0,280.0,,277.9,,,,,,,,,,,,,,,,,,,,,,,,,,,,,2.9,0.8,1.2,1.6,1.6,2.0,2.0,2.4,2.8,2.8,1.2,2.8,3.2,3.2,3.2,3.6,3.6,4.0,4.0,4.4,4.69413,5.89788,2.93421,1.22,0.0,0.0,0.0,0.0,31.0,0.0,2.0,0.0,3.3,3.7,
2026041101,,,,,,,,,,,,,,,,,,,,,,,,,,,,,,,,,0.0,,,,,,,,,,,,,,,,,,,,,,,,,,,,,,,,,,,,,,,,,,,,,,,,,,,,,,,,,,,,,,,,,,,,,,,,,,,,,,,,,,,,,,,,,,,,,,,,,,,,,,,,,,,,,,,,,,,,,,,,,,,,,,,,,,,,,,,,,,,,,,,,,,,,,,,,,,,,,,,,,,,,,,,,,,,,,,,,,,,,,,,,,,,,,,,,,,,,,,,,,,,,,,,,,,,,,,,,,,,,,,,,,,,,,,,,,,,,,,,,,,,,,,,,,,,,,,,,,,,,,,,,,,,,,,,,,,,,,,,,,,,,,,,,,,,,,,,,,,,,,,,,,,,,,,,,,,,,,,,,,,,,,,,,,,,,,,,,,,,,,,,,,,,,,,,,,,,,,,,,,,,,,,,,,,,,,,,,,,,,,,,,,,,,,,,,,,,,,,,,,,,,,,,,,,,,,,,,,,,,,,,,,,,,,,,,,,,,,,,,,,,,,,,,,,,,,,,,,,,,,,,,,,,,,,,,,,,,,,,,,,,,,,,,,,,,,,,,,,,,,,,,,,,,,,,,,,,,,,,,,,,,,,,,,,,,,,,,,,,,,,,,,,,,,,,,,,,,
2026041102,,,,,,,,,,,,,,,,,,,,,,,,,,,,,,,,,0.0,,,,,,,,,,,,,,,,,,,,,,,,,,,,,,,,,,,,,,,,,,,,,,,,,,,,,,,,,,,,,,,,,,,,,,,,,,,,,,,,,,,,,,,,,,,,,,,,,,,,,,,,,,,,,,,,,,,,,,,,,,,,,,,,,,,,,,,,,,,,,,,,,,,,,,,,,,,,,,,,,,,,,,,,,,,,,,,,,,,,,,,,,,,,,,,,,,,,,,,,,,,,,,,,,,,,,,,,,,,,,,,,,,,,,,,,,,,,,,,,,,,,,,,,,,,,,,,,,,,,,,,,,,,,,,,,,,,,,,,,,,,,,,,,,,,,,,,,,,,,,,,,,,,,,,,,,,,,,,,,,,,,,,,,,,,,,,,,,,,,,,,,,,,,,,,,,,,,,,,,,,,,,,,,,,,,,,,,,,,,,,,,,,,,,,,,,,,,,,,,,,,,,,,,,,,,,,,,,,,,,,,,,,,,,,,,,,,,,,,,,,,,,,,,,,,,,,,,,,,,,,,,,,,,,,,,,,,,,,,,,,,,,,,,,,,,,,,,,,,,,,,,,,,,,,,,,,,,,,,,,,,,,,,,,,,,,,,,,,,,,,,,,,,,,,,,,,,,
2026041103,,,,,,,,,,,,,,,,,,,,,,,,,,,,,,,,,0.0,,,,,,,,,,,,,,,,,,,,,,,,,,,,,,,,,,,,,,,,,,,,,,,,,,,,,,,,,,,,,,,,,,,,,,,,,,,,,,,,,,,,,,,,,,,,,,,,,,,,,,,,,,,,,,,,,,,,,,,,,,,,,,,,,,,,,,,,,,,,,,,,,,,,,,,,,,,,,,,,,,,,,,,,,,,,,,,,,,,,,,,,,,,,,,,,,,,,,,,,,,,,,,,,,,,,,,,,,,,,,,,,,,,,,,,,,,,,,,,,,,,,,,,,,,,,,,,,,,,,,,,,,,,,,,,,,,,,,,,,,,,,,,,,,,,,,,,,,,,,,,,,,,,,,,,,,,,,,,,,,,,,,,,,,,,,,,,2.4,3.2,4.0,4.0,4.0,4.62388,4.76724,5.23948,5.2912,2.8,5.75531,5.94436,6.07745,6.64798,7.11695,7.33241,7.93597,8.52282,8.79253,9.95127,11.858,5.87482,2.2376,2.0,0.0,0.0,0.0,0.0,0.0,0.0,11.0,,,,,,,,,,,,,,,,,,,,,,,,,,,,,,,,,,,,,,,,,,,,,,,,,,,,,,,,,,,,,,,,,,,,,,,,,,,,,,,,,,,,,,,,,,,,,,,,,,,,,,,,,,,,,,,,,,,,,,,,,,,,,,,,,,,,,,,,,,,,,,,,,,,,,,,,,,,,,,0.4,0.8,1.2,1.2,1.2,1.6,1.6,1.6,2.0,0.8,2.0,2.4,2.4,2.4,2.4,2.8,2.8,3.2,3.2,3.90831,4.73994,2.07488,1.02223,0.0,0.0,0.0,0.0,8.0,0.0,0.0,0.0,,,
2026041104,,,,,,,,,,,,,,,,,,,,,,,,,,,,,,,,,0.0,,,,,,,,,,,,,,,,,,,,,,,,,,,,,,,,,,,,,,,,,,,,,,,,,,,,,,,,,,,,,,,,,,,,,,,,,,,,,,,,,,,,,,,,,,,,,,,,,,,,,,,,,,,,,,,,,,,,,,,,,,,,,,,,,,,,,,,,,,,,,,,,,,,,,,,,,,,,,,,,,,,,,,,,,,,,,,,,,,,,,,,,,,,,,,,,,,,,,,,,,,,,,,,,,,,,,,,,,,,,,,,,,,,,,,,,,,,,,,,,,,,,,,,,,,,,,,,,,,,,,,,,,,,,,,,,,,,,,,,,,,,,,,,,,,,,,,,,,,,,,,,,,,,,,,,,,,,,,,,,,,,,,,,,,,,,,,,,,,,,,,,,,,,,,,,,,,,,,,,,,,,,,,,,,,,,,,,,,,,,,,,,,,,,,,,,,,,,,,,,,,,,,,,,,,,,,,,,,,,,,,,,,,,,,,,,,,,,,,,,,,,,,,,,,,,,,,,,,,,,,,,,,,,,,,,,,,,,,,,,,,,,,,,,,,,,,,,,,,,,,,,,,,,,,,,,,,,,,,,,,,,,,,,,,,,,,,,,,,,,,,,,,,,,,,,,,,,,
2026041105,,,,,,,,,,,,,,,,,,,,,,,,,,,,,,,,,0.0,,,,,,,,,,,,,,,,,,,,,,,,,,,,,,,,,,,,,,,,,,,,,,,,,,,,,,,,,,,,,,,,,,,,,,,,,,,,,,,,,,,,,,,,,,,,,,,,,,,,,,,,,,,,,,,,,,,,,,,,,,,,,,,,,,,,,,,,,,,,,,,,,,,,,,,,,,,,,,,,,,,,,,,,,,,,,,,,,,,,,,,,,,,,,,,,,,,,,,,,,,,,,,,,,,,,,,,,,,,,,,,,,,,,,,,,,,,,,,,,,,,,,,,,,,,,,,,,,,,,,,,,,,,,,,,,,,,,,,,,,,,,,,,,,,,,,,,,,,,,,,,,,,,,,,,,,,,,,,,,,,,,,,,,,,,,,,,,,,,,,,,,,,,,,,,,,,,,,,,,,,,,,,,,,,,,,,,,,,,,,,,,,,,,,,,,,,,,,,,,,,,,,,,,,,,,,,,,,,,,,,,,,,,,,,,,,,,,,,,,,,,,,,,,,,,,,,,,,,,,,,,,,,,,,,,,,,,,,,,,,,,,,,,,,,,,,,,,,,,,,,,,,,,,,,,,,,,,,,,,,,,,,,,,,,,,,,,,,,,,,,,,,,,,,,,,,,,,
2026041106,1.0,0.0,0.0,0.0,0.0,0.0,0.0,0.0,0.0,0.0,0.0,0.0,0.0,0.0,0.0,0.0,0.003,0.568,1.467,3.063,5.946,17.352,22.0,0.0,2.0,0.0,1.0,12.0,0.0,0.0,5.0,0.0,0.0,,,,,,,,,,,,,,,,,,,,,,,,,,,,,,,,,,,,,,,,,,,,,,,,,,,,,,,,,,,,,,,,,,0.0,0.0,0.0,0.0,0.0,0.0,0.0,0.0,0.0,0.0,0.0,0.0,0.0,0.0,0.0,0.0,0.0,0.0,0.138,1.181,3.425,9.759,14.0,1.0,0.0,7.0,0.0,0.0,0.0,2.0,0.0,0.0,,,,,,,,,,,,,,,,,,,,,,,,,,,,,,,,,272.64,,,,,,,,,,,,,,,,,,,0.005,,,,,,,,,,,,,,,,,,0.008,,,,,,,,,,,,,,,,,,0.003,0.0,0.0,0.0,0.0,0.0,0.0,0.01,7.0,4.0,1.0,0.0,0.0,0.0,0.0,0.0,0.0,0.0,0.013,,,,,,,,,,,,,,,,,,1.0,1.0,,,,,,,,,,,10.0,11.0,10.0,15.0,17.0,24.0,24.0,0.0,0.0,0.0,0.0,0.0,15.7,,271.87,1.54,,74.0,0.0,,0.0,,,,,,,,,,,,,,,,,,,,,,,,,0.0,0.0,0.0,0.0,0.0,0.0,0.0,0.0,0.0,0.0,0.0,0.0,0.0,0.0,,,,,,,,,,,,,11.0,9.999e+20,10.8363,5.80193,7.52765,8.1307,8.33565,8.89146,9.42541,9.95944,10.1984,10.7836,6.76291,10.9384,11.124,11.3865,11.6671,12.2618,12.8512,12.9906,13.8213,14.7073,15.7531,18.2446,41.0,2.0,0.0,0.0,0.0,0.0,5.2,1.6,3.2,3.2,3.2,3.6,3.6,4.0,4.00232,4.4547,2.8,4.53783,4.59574,5.03592,5.52015,5.63608,6.1561,6.27714,6.83104,7.83506,8.38192,9.88547,4.80734,2.0,1.0,0.0,0.0,0.0,0.0,0.0,0.0,4.0,2.0,9.999e+20,9.999e+20,9.999e+20,9.999e+20,9.999e+20,,,55.0,192.0,,1.2,0.0,10.8,0.0,,83.0,6.6,2.5,4.0,1.0,6.4,8.6,12.5,13.7,1280.0,896.0,1096.0,800.0,1240.0,1432.0,1688.0,1784.0,,,40.0,24.0,,,,,,3.03412,274.43,1.55,279.348,273.265,275.966,276.832,277.462,277.611,278.017,278.315,278.472,279.041,274.644,279.204,279.484,279.784,279.763,280.165,280.888,281.26,282.327,283.018,284.288,288.18,0.0,0.0,2.0,0.0,0.0,0.0,0.0,0.0,,,,,,,,,,,,,,,,,,,,,,,,,,,,,,,9.999e+20,,,70.0,5.0,,,,,,0.0,,,,,,,623.0,240.0,240.0,240.0,,273.5,4.68396,2.4,3.2,3.2,3.6,3.6,4.0,4.4,4.4,4.58715,2.8,4.61794,5.06319,5.10106,5.17087,5.27906,5.34826,5.4401,5.88168,6.39608,6.94234,7.90807,0.0,0.0,0.0,0.0,19.0,0.0,1.6,0.0,0.8,0.8,0.8,1.2,1.2,1.2,1.2,1.6,0.8,1.6,1.6,2.0,2.0,2.0,2.4,2.4,2.8,2.8,3.6,4.5345,1.6253,0.9,0.0,0.0,0.0,0.0,6.0,0.0,0.0,0.0,2.0,2.0,
2026041107,,,,,,,,,,,,,,,,,,,,,,,,,,,,,,,,,0.0,,,,,,,,,,,,,,,,,,,,,,,,,,,,,,,,,,,,,,,,,,,,,,,,,,,,,,,,,,,,,,,,,,,,,,,,,,,,,,,,,,,,,,,,,,,,,,,,,,,,,,,,,,,,,,,,,,,,,,,,,,,,,,,,,,,,,,,,,,,,,,,,,,,,,,,,,,,,,,,,,,,,,,,,,,,,,,,,,,,,,,,,,,,,,,,,,,,,,,,,,,,,,,,,,,,,,,,,,,,,,,,,,,,,,,,,,,,,,,,,,,,,,,,,,,,,,,,,,,,,,,,,,,,,,,,,,,,,,,,,,,,,,,,,,,,,,,,,,,,,,,,,,,,,,,,,,,,,,,,,,,,,,,,,,,,,,,,,,,,,,,,,,,,,,,,,,,,,,,,,,,,,,,,,,,,,,,,,,,,,,,,,,,,,,,,,,,,,,,,,,,,,,,,,,,,,,,,,,,,,,,,,,,,,,,,,,,,,,,,,,,,,,,,,,,,,,,,,,,,,,,,,,,,,,,,,,,,,,,,,,,,,,,,,,,,,,,,,,,,,,,,,,,,,,,,,,,,,,,,,,,,,,,,,,,,,,,,,,,,,,,,,,,,,,,,,,,,,
2026041108,,,,,,,,,,,,,,,,,,,,,,,,,,,,,,,,,0.0,,,,,,,,,,,,,,,,,,,,,,,,,,,,,,,,,,,,,,,,,,,,,,,,,,,,,,,,,,,,,,,,,,,,,,,,,,,,,,,,,,,,,,,,,,,,,,,,,,,,,,,,,,,,,,,,,,,,,,,,,,,,,,,,,,,,,,,,,,,,,,,,,,,,,,,,,,,,,,,,,,,,,,,,,,,,,,,,,,,,,,,,,,,,,,,,,,,,,,,,,,,,,,,,,,,,,,,,,,,,,,,,,,,,,,,,,,,,,,,,,,,,,,,,,,,,,,,,,,,,,,,,,,,,,,,,,,,,,,,,,,,,,,,,,,,,,,,,,,,,,,,,,,,,,,,,,,,,,,,,,,,,,,,,,,,,,,,,,,,,,,,,,,,,,,,,,,,,,,,,,,,,,,,,,,,,,,,,,,,,,,,,,,,,,,,,,,,,,,,,,,,,,,,,,,,,,,,,,,,,,,,,,,,,,,,,,,,,,,,,,,,,,,,,,,,,,,,,,,,,,,,,,,,,,,,,,,,,,,,,,,,,,,,,,,,,,,,,,,,,,,,,,,,,,,,,,,,,,,,,,,,,,,,,,,,,,,,,,,,,,,,,,,,,,,,,,,,,
2026041109,,,,,,,,,,,,,,,,,,,,,,,,,,,,,,,,,0.0,,,,,,,,,,,,,,,,,,,,,,,,,,,,,,,,,,,,,,,,,,,,,,,,,,,,,,,,,,,,,,,,,,,,,,,,,,,,,,,,,,,,,,,,,,,,,,,,,,,,,,,,,,,,,,,,,,,,,,,,,,,,,,,,,,,,,,,,,,,,,,,,,,,,,,,,,,,,,,,,,,,,,,,,,,,,,,,,,,,,,,,,,,,,,,,,,,,,,,,,,,,,,,,,,,,,,,,,,,,,,,,,,,,,,,,,,,,,,,,,,,,,,,,,,,,,,,,,,,,,,,,,,,,,,,,,,,,,,,,,,,,,,,,,,,,,,,,,,,,,,,,,,,,,,,,,,,,,,,,,,,,,,,,,,,,,,,,,,,,,,,,,,,,,,,,,,,,,,,,,,,,,,,,,,,,,,,,,,,,,,,,,,,,,,,,,,,,,,,,,,,,,,,,,,,,,,,,,,,,,,,,,,,,,,,,,,,,,,,,,,,,,,,,,,,,,,,,,,,,,,,,,,,,,,,,,,,,,,,,,,,,,,,,,,,,,,,,,,,,,,,,,,,,,,,,,,,,,,,,,,,,,,,,,,,,,,,,,,,,,,,,,,,,,,,,,,,,,
2026041110,,,,,,,,,,,,,,,,,,,,,,,,,,,,,,,,,0.0,,,,,,,,,,,,,,,,,,,,,,,,,,,,,,,,,,,,,,,,,,,,,,,,,,,,,,,,,,,,,,,,,,,,,,,,,,,,,,,,,,,,,,,,,,,,,,,,,,,,,,,,,,,,,,,,,,,,,,,,,,,,,,,,,,,,,,,,,,,,,,,,,,,,,,,,,,,,,,,,,,,,,,,,,,,,,,,,,,,,,,,,,,,,,,,,,,,,,,,,,,,,,,,,,,,,,,,,,,,,,,,,,,,,,,,,,,,,,,,,,,,,,,,,,,,,,,,,,,,,,,,,,,,,,,,,,,,,,,,,,,,,,,,,,,,,,,,,,,,,,,,,,,,,,,,,,,,,,,,,,,,,,,,,,,,,,,,,,,,,,,,,,,,,,,,,,,,,,,,,,,,,,,,,,,,,,,,,,,,,,,,,,,,,,,,,,,,,,,,,,,,,,,,,,,,,,,,,,,,,,,,,,,,,,,,,,,,,,,,,,,,,,,,,,,,,,,,,,,,,,,,,,,,,,,,,,,,,,,,,,,,,,,,,,,,,,,,,,,,,,,,,,,,,,,,,,,,,,,,,,,,,,,,,,,,,,,,,,,,,,,,,,,,,,,,,,,,,
2026041111,,,,,,,,,,,,,,,,,,,,,,,,,,,,,,,,,0.0,,,,,,,,,,,,,,,,,,,,,,,,,,,,,,,,,,,,,,,,,,,,,,,,,,,,,,,,,,,,,,,,,,,,,,,,,,,,,,,,,,,,,,,,,,,,,,,,,,,,,,,,,,,,,,,,,,,,,,,,,,,,,,,,,,,,,,,,,,,,,,,,,,,,,,,,,,,,,,,,,,,,,,,,,,,,,,,,,,,,,,,,,,,,,,,,,,,,,,,,,,,,,,,,,,,,,,,,,,,,,,,,,,,,,,,,,,,,,,,,,,,,,,,,,,,,,,,,,,,,,,,,,,,,,,,,,,,,,,,,,,,,,,,,,,,,,,,,,,,,,,,,,,,,,,,,,,,,,,,,,,,,,,,,,,,,,,,,,,,,,,,,,,,,,,,,,,,,,,,,,,,,,,,,,,,,,,,,,,,,,,,,,,,,,,,,,,,,,,,,,,,,,,,,,,,,,,,,,,,,,,,,,,,,,,,,,,,,,,,,,,,,,,,,,,,,,,,,,,,,,,,,,,,,,,,,,,,,,,,,,,,,,,,,,,,,,,,,,,,,,,,,,,,,,,,,,,,,,,,,,,,,,,,,,,,,,,,,,,,,,,,,,,,,,,,,,,,,
2026041112,0.95,0.0,0.0,0.0,0.0,0.0,0.0,0.0,0.0,0.0,0.0,0.0,0.0,0.0,0.0,0.0,0.0,0.172,0.75,2.682,5.486,18.625,19.0,0.0,2.0,0.0,1.0,10.0,1.0,0.0,4.0,0.0,0.0,,2.295,0.0,0.0,0.0,0.0,0.0,0.0,0.0,0.0,0.0,0.0,0.0,0.0,0.0,0.0,0.0,0.422,1.385,3.528,7.227,13.008,40.115,26.0,0.0,5.0,0.0,0.0,0.0,2.0,1.0,11.0,0.0,3.512,0.0,0.0,0.0,0.0,0.0,0.0,0.0,0.0,0.0,0.0,0.0,0.0,0.009,0.429,1.115,2.506,4.567,6.947,11.828,17.967,48.568,9.0,0.0,25.0,0.0,3.0,0.0,0.0,0.0,1.0,0.0,0.0,0.0,0.0,0.0,0.0,0.0,0.0,0.0,0.0,0.0,0.0,0.0,0.0,0.0,0.0,0.0,0.0,0.0,0.0,0.454,2.578,9.865,11.0,1.0,0.0,5.0,0.0,0.0,0.0,2.0,0.0,0.0,5.392,0.0,0.0,0.0,0.0,0.0,0.0,0.0,0.0,0.0,0.0,0.245,0.787,1.549,2.515,3.934,5.422,7.506,10.825,17.457,25.496,58.038,0.0,0.0,5.0,0.0,0.0,2.0,0.0,23.0,0.0,0.0,271.24,,,,,,,,,,,,,,,,,,,0.005,0.0,0.0,0.0,0.0,0.0,0.013,0.046,19.0,7.0,4.0,1.0,0.0,0.0,0.0,0.0,0.0,0.0,0.01,0.0,0.0,0.0,0.0,0.0,0.033,0.064,10.0,6.0,3.0,1.0,1.0,0.0,0.0,0.0,0.0,0.0,0.003,0.0,0.0,0.0,0.0,0.0,0.0,0.005,9.0,2.0,1.0,1.0,0.0,0.0,0.0,0.0,0.0,0.0,0.015,0.0,0.0,0.0,0.0,0.005,0.053,0.076,17.0,3.0,1.0,1.0,0.0,0.0,0.0,0.0,0.0,0.0,1.0,1.0,,,,,,,,,,,9.0,14.0,9.0,15.0,20.0,26.0,26.0,0.0,0.0,0.0,0.0,0.0,17.7,,270.53,1.97,,0.0,0.0,,0.0,0.0,0.0,0.0,0.0,0.0,0.0,0.0,0.0,0.0,0.0,0.0,0.0,0.0,0.0,0.0,0.0,0.0,0.0,0.0,0.0,0.0,0.0,0.0,0.0,0.0,0.0,0.0,0.0,0.0,0.0,0.0,0.0,0.0,0.0,0.0,0.0,0.0,0.0,0.0,0.0,0.0,0.0,0.0,0.0,0.0,0.0,0.0,0.0,0.0,0.0,4.0,9.999e+20,,,,,,,,,,,,,,,,,,,,,,,,,,,,,4.6,1.6,2.8,2.8,3.2,3.6,3.6,4.0,4.0,4.04155,2.4,4.07787,4.5334,4.61213,5.04488,5.49162,5.93423,6.38455,7.26477,7.38605,8.04333,12.2721,4.62463,2.1,2.0,0.0,0.0,0.0,0.0,0.0,0.0,3.0,3.0,9.999e+20,9.999e+20,9.999e+20,9.999e+20,9.999e+20,,,,184.0,0.0,2.4,0.0,16.8,0.0,,82.0,7.5,2.4,4.2,1.4,7.0,11.6,13.6,14.7,1128.0,808.0,968.0,672.0,1080.0,1248.0,1544.0,1656.0,,,45.0,31.0,,,,272.52,1.71,,273.16,1.98,,,,,,,,,,,,,,,,,,,,,,,,,,,,,,,,,,,,,,,,,,,,,,,,,,,,,,,,,,,,,9.999e+20,,,80.0,5.1,1.0,,,,,0.0,,,,,,,599.0,270.0,270.0,270.0,,272.3,,,,,,,,,,,,,,,,,,,,,,,,,,,,,1.6,0.0,0.4,0.8,0.8,0.8,1.2,1.2,1.2,1.2,0.4,1.6,1.6,1.6,2.0,2.0,2.4,2.8,2.8,3.2,3.6,4.4,1.6,1.0,0.0,0.0,0.0,0.0,5.0,0.0,1.0,0.0,2.0,2.0,
2026041113,,,,,,,,,,,,,,,,,,,,,,,,,,,,,,,,,0.0,,,,,,,,,,,,,,,,,,,,,,,,,,,,,,,,,,,,,,,,,,,,,,,,,,,,,,,,,,,,,,,,,,,,,,,,,,,,,,,,,,,,,,,,,,,,,,,,,,,,,,,,,,,,,,,,,,,,,,,,,,,,,,,,,,,,,,,,,,,,,,,,,,,,,,,,,,,,,,,,,,,,,,,,,,,,,,,,,,,,,,,,,,,,,,,,,,,,,,,,,,,,,,,,,,,,,,,,,,,,,,,,,,,,,,,,,,,,,,,,,,,,,,,,,,,,,,,,,,,,,,,,,,,,,,,,,,,,,,,,,,,,,,,,,,,,,,,,,,,,,,,,,,,,,,,,,,,,,,,,,,,,,,,,,,,,,,,,,,,,,,,,,,,,,,,,,,,,,,,,,,,,,,,,,,,,,,,,,,,,,,,,,,,,,,,,,,,,,,,,,,,,,,,,,,,,,,,,,,,,,,,,,,,,,,,,,,,,,,,,,,,,,,,,,,,,,,,,,,,,,,,,,,,,,,,,,,,,,,,,,,,,,,,,,,,,,,,,,,,,,,,,,,,,,,,,,,,,,,,,,,,,,,,,,,,,,,,,,,,,,,,,,,,,,,,,,,,,
2026041114,,,,,,,,,,,,,,,,,,,,,,,,,,,,,,,,,0.0,,,,,,,,,,,,,,,,,,,,,,,,,,,,,,,,,,,,,,,,,,,,,,,,,,,,,,,,,,,,,,,,,,,,,,,,,,,,,,,,,,,,,,,,,,,,,,,,,,,,,,,,,,,,,,,,,,,,,,,,,,,,,,,,,,,,,,,,,,,,,,,,,,,,,,,,,,,,,,,,,,,,,,,,,,,,,,,,,,,,,,,,,,,,,,,,,,,,,,,,,,,,,,,,,,,,,,,,,,,,,,,,,,,,,,,,,,,,,,,,,,,,,,,,,,,,,,,,,,,,,,,,,,,,,,,,,,,,,,,,,,,,,,,,,,,,,,,,,,,,,,,,,,,,,,,,,,,,,,,,,,,,,,,,,,,,,,,,,,,,,,,,,,,,,,,,,,,,,,,,,,,,,,,,,,,,,,,,,,,,,,,,,,,,,,,,,,,,,,,,,,,,,,,,,,,,,,,,,,,,,,,,,,,,,,,,,,,,,,,,,,,,,,,,,,,,,,,,,,,,,,,,,,,,,,,,,,,,,,,,,,,,,,,,,,,,,,,,,,,,,,,,,,,,,,,,,,,,,,,,,,,,,,,,,,,,,,,,,,,,,,,,,,,,,,,,,,,,
2026041115,,,,,,,,,,,,,,,,,,,,,,,,,,,,,,,,,0.0,,,,,,,,,,,,,,,,,,,,,,,,,,,,,,,,,,,,,,,,,,,,,,,,,,,,,,,,,,,,,,,,,,,,,,,,,,,,,,,,,,,,,,,,,,,,,,,,,,,,,,,,,,,,,,,,,,,,,,,,,,,,,,,,,,,,,,,,,,,,,,,,,,,,,,,,,,,,,,,,,,,,,,,,,,,,,,,,,,,,,,,,,,,,,,,,,,,,,,,,,,,,,,,,,,,,,,,,,,,,,,,,,,,,,,,,,,,,,,,,,,,,,,,,,,,,,,,,,,,,,,,,,,,,,,,,,,,,,,,,,,,,,,,,,,,,,,,,,,,,,,,,,,,,,,,,,,,,,,,,,,,,,,,,,,,,,,,,,,,,,,,,,,,,,,,,,,,,,,,,,,,,,,,,,,,,,,,,,,,,,,,,,,,,,,,,,,,,,,,,,,,,,,,,,,,,,,,,,,,,,,,,,,,,,,,,,,,,,,,,,,,,,,,,,,,,,,,,,,,,,,,,,,,,,,,,,,,,,,,,,,,,,,,,,,,,,,,,,,,,,,,,,,,,,,,,,,,,,,,,,,,,,,,,,,,,,,,,,,,,,,,,,,,,,,,,,,,,
2026041116,,,,,,,,,,,,,,,,,,,,,,,,,,,,,,,,,0.0,,,,,,,,,,,,,,,,,,,,,,,,,,,,,,,,,,,,,,,,,,,,,,,,,,,,,,,,,,,,,,,,,,,,,,,,,,,,,,,,,,,,,,,,,,,,,,,,,,,,,,,,,,,,,,,,,,,,,,,,,,,,,,,,,,,,,,,,,,,,,,,,,,,,,,,,,,,,,,,,,,,,,,,,,,,,,,,,,,,,,,,,,,,,,,,,,,,,,,,,,,,,,,,,,,,,,,,,,,,,,,,,,,,,,,,,,,,,,,,,,,,,,,,,,,,,,,,,,,,,,,,,,,,,,,,,,,,,,,,,,,,,,,,,,,,,,,,,,,,,,,,,,,,,,,,,,,,,,,,,,,,,,,,,,,,,,,,,,,,,,,,,,,,,,,,,,,,,,,,,,,,,,,,,,,,,,,,,,,,,,,,,,,,,,,,,,,,,,,,,,,,,,,,,,,,,,,,,,,,,,,,,,,,,,,,,,,,,,,,,,,,,,,,,,,,,,,,,,,,,,,,,,,,,,,,,,,,,,,,,,,,,,,,,,,,,,,,,,,,,,,,,,,,,,,,,,,,,,,,,,,,,,,,,,,,,,,,,,,,,,,,,,,,,,,,,,,,,
2026041117,,,,,,,,,,,,,,,,,,,,,,,,,,,,,,,,,0.0,,,,,,,,,,,,,,,,,,,,,,,,,,,,,,,,,,,,,,,,,,,,,,,,,,,,,,,,,,,,,,,,,,,,,,,,,,,,,,,,,,,,,,,,,,,,,,,,,,,,,,,,,,,,,,,,,,,,,,,,,,,,,,,,,,,,,,,,,,,,,,,,,,,,,,,,,,,,,,,,,,,,,,,,,,,,,,,,,,,,,,,,,,,,,,,,,,,,,,,,,,,,,,,,,,,,,,,,,,,,,,,,,,,,,,,,,,,,,,,,,,,,,,,,,,,,,,,,,,,,,,,,,,,,,,,,,,,,,,,,,,,,,,,,,,,,,,,,,,,,,,,,,,,,,,,,,,,,,,,,,,,,,,,,,,,,,,,,,,,,,,,,,,,,,,,,,,,,,,,,,,,,,,,,,,,,,,,,,,,,,,,,,,,,,,,,,,,,,,,,,,,,,,,,,,,,,,,,,,,,,,,,,,,,,,,,,,,,,,,,,,,,,,,,,,,,,,,,,,,,,,,,,,,,,,,,,,,,,,,,,,,,,,,,,,,,,,,,,,,,,,,,,,,,,,,,,,,,,,,,,,,,,,,,,,,,,,,,,,,,,,,,,,,,,,,,,,,,
2026041118,0.996,0.0,0.0,0.0,0.0,0.0,0.0,0.0,0.0,0.0,0.0,0.0,0.0,0.0,0.0,0.0,0.0,0.321,1.12,2.882,5.876,15.758,21.0,0.0,1.0,0.0,1.0,11.0,1.0,0.0,4.0,0.0,0.0,,,,,,,,,,,,,,,,,,,,,,,,,,,,,,,,,,,,,,,,,,,,,,,,,,,,,,,,,,,,,,,,,,0.0,0.0,0.0,0.0,0.0,0.0,0.0,0.0,0.0,0.0,0.0,0.0,0.0,0.0,0.0,0.0,0.0,0.0,0.486,1.372,3.27,11.462,17.0,1.0,0.0,6.0,0.0,0.0,0.0,2.0,0.0,0.0,,,,,,,,,,,,,,,,,,,,,,,,,,,,,,,,,276.4,,,,,,,,,,,,,,,,,,,0.008,,,,,,,,,,,,,,,,,,0.013,,,,,,,,,,,,,,,,,,0.003,0.0,0.0,0.0,0.0,0.0,0.008,0.028,14.0,6.0,1.0,0.0,0.0,0.0,0.0,0.0,0.0,0.0,0.015,,,,,,,,,,,,,,,,,,3.0,7.0,,,,,,,,,,,9.0,14.0,9.0,15.0,17.0,24.0,24.0,0.0,0.0,0.0,0.0,0.0,16.4,,271.34,2.32,,284.0,0.0,,0.0,,,,,,,,,,,,,,,,,,,,,,,,,0.0,0.0,0.0,0.0,0.0,0.0,0.0,0.0,0.0,0.0,0.0,0.0,0.0,0.0,,,,,,,,,,,,,8.2,9.999e+20,,,,,,,,,,,,,,,,,,,,,,,,,,,,,6.2,2.4,3.6,4.0,4.02136,4.50877,4.64381,4.96859,5.06091,5.55044,3.2,6.10983,6.24713,6.42655,6.54068,6.77399,7.10353,7.69467,8.30438,8.96885,9.49883,14.8289,6.15165,2.32,2.0,2.0,0.0,0.0,0.0,0.0,0.0,12.0,3.0,9.999e+20,9.999e+20,9.999e+20,9.999e+20,9.999e+20,,83.0,,1376.0,,4.8,0.0,27.6,0.0,,61.0,6.8,2.1,3.6,1.5,5.9,10.7,12.8,13.1,1224.0,880.0,992.0,816.0,1160.0,1376.0,1664.0,1792.0,,,39.0,30.0,,,,,,2.33898,278.04,3.11,,,,,,,,,,,,,,,,,,,,,,,,,,,,,,,271.72,265.739,268.741,270.044,270.304,270.457,270.627,271.022,271.011,271.413,267.89,271.688,272.067,272.262,272.354,272.849,273.081,273.45,273.534,274.366,275.279,275.851,0.0,0.0,0.0,0.0,0.0,34.0,77.0,0.0,9.999e+20,,,90.0,4.1,,,,,,3.0,,,,,,,5394.0,250.0,250.0,250.0,,277.3,,,,,,,,,,,,,,,,,,,,,,,,,,,,,2.2,0.0,0.8,0.8,1.2,1.2,1.2,1.6,1.6,1.6,0.4,2.0,2.0,2.4,2.4,2.4,2.8,3.2,3.2,3.82323,4.31138,6.64384,2.18793,1.3,0.0,0.0,0.0,0.0,12.0,0.0,2.0,0.0,2.6,2.7,
2026041119,,,,,,,,,,,,,,,,,,,,,,,,,,,,,,,,,0.0,,,,,,,,,,,,,,,,,,,,,,,,,,,,,,,,,,,,,,,,,,,,,,,,,,,,,,,,,,,,,,,,,,,,,,,,,,,,,,,,,,,,,,,,,,,,,,,,,,,,,,,,,,,,,,,,,,,,,,,,,,,,,,,,,,,,,,,,,,,,,,,,,,,,,,,,,,,,,,,,,,,,,,,,,,,,,,,,,,,,,,,,,,,,,,,,,,,,,,,,,,,,,,,,,,,,,,,,,,,,,,,,,,,,,,,,,,,,,,,,,,,,,,,,,,,,,,,,,,,,,,,,,,,,,,,,,,,,,,,,,,,,,,,,,,,,,,,,,,,,,,,,,,,,,,,,,,,,,,,,,,,,,,,,,,,,,,,,,,,,,,,,,,,,,,,,,,,,,,,,,,,,,,,,,,,,,,,,,,,,,,,,,,,,,,,,,,,,,,,,,,,,,,,,,,,,,,,,,,,,,,,,,,,,,,,,,,,,,,,,,,,,,,,,,,,,,,,,,,,,,,,,,,,,,,,,,,,,,,,,,,,,,,,,,,,,,,,,,,,,,,,,,,,,,,,,,,,,,,,,,,,,,,,,,,,,,,,,,,,,,,,,,,,,,,,,,,,,
2026041120,,,,,,,,,,,,,,,,,,,,,,,,,,,,,,,,,0.0,,,,,,,,,,,,,,,,,,,,,,,,,,,,,,,,,,,,,,,,,,,,,,,,,,,,,,,,,,,,,,,,,,,,,,,,,,,,,,,,,,,,,,,,,,,,,,,,,,,,,,,,,,,,,,,,,,,,,,,,,,,,,,,,,,,,,,,,,,,,,,,,,,,,,,,,,,,,,,,,,,,,,,,,,,,,,,,,,,,,,,,,,,,,,,,,,,,,,,,,,,,,,,,,,,,,,,,,,,,,,,,,,,,,,,,,,,,,,,,,,,,,,,,,,,,,,,,,,,,,,,,,,,,,,,,,,,,,,,,,,,,,,,,,,,,,,,,,,,,,,,,,,,,,,,,,,,,,,,,,,,,,,,,,,,,,,,,,,,,,,,,,,,,,,,,,,,,,,,,,,,,,,,,,,,,,,,,,,,,,,,,,,,,,,,,,,,,,,,,,,,,,,,,,,,,,,,,,,,,,,,,,,,,,,,,,,,,,,,,,,,,,,,,,,,,,,,,,,,,,,,,,,,,,,,,,,,,,,,,,,,,,,,,,,,,,,,,,,,,,,,,,,,,,,,,,,,,,,,,,,,,,,,,,,,,,,,,,,,,,,,,,,,,,,,,,,,,,
2026041121,,,,,,,,,,,,,,,,,,,,,,,,,,,,,,,,,0.0,,,,,,,,,,,,,,,,,,,,,,,,,,,,,,,,,,,,,,,,,,,,,,,,,,,,,,,,,,,,,,,,,,,,,,,,,,,,,,,,,,,,,,,,,,,,,,,,,,,,,,,,,,,,,,,,,,,,,,,,,,,,,,,,,,,,,,,,,,,,,,,,,,,,,,,,,,,,,,,,,,,,,,,,,,,,,,,,,,,,,,,,,,,,,,,,,,,,,,,,,,,,,,,,,,,,,,,,,,,,,,,,,,,,,,,,,,,,,,,,,,,,,,,,,,,,,,,,,,,,,,,,,,,,,,,,,,,,,,,,,,,,,,,,,,,,,,,,,,,,,,,,,,,,,,,,,,,,,,,,,,,,,,,,,,,,,,,,,,,,,,,,,,,,,,,,,,,,,,,,,,,,,,,,,,,,,,,,,,,,,,,,,,,,,,,,,,,,,,,,,,,,,,,,,,,,,,,,,,,,,,,,,,,,,,,,,,,,,,,,,,,,,,,,,,,,,,,,,,,,,,,,,,,,,,,,,,,,,,,,,,,,,,,,,,,,,,,,,,,,,,,,,,,,,,,,,,,,,,,,,,,,,,,,,,,,,,,,,,,,,,,,,,,,,,,,,,,,
2026041122,,,,,,,,,,,,,,,,,,,,,,,,,,,,,,,,,0.254,,,,,,,,,,,,,,,,,,,,,,,,,,,,,,,,,,,,,,,,,,,,,,,,,,,,,,,,,,,,,,,,,,,,,,,,,,,,,,,,,,,,,,,,,,,,,,,,,,,,,,,,,,,,,,,,,,,,,,,,,,,,,,,,,,,,,,,,,,,,,,,,,,,,,,,,,,,,,,,,,,,,,,,,,,,,,,,,,,,,,,,,,,,,,,,,,,,,,,,,,,,,,,,,,,,,,,,,,,,,,,,,,,,,,,,,,,,,,,,,,,,,,,,,,,,,,,,,,,,,,,,,,,,,,,,,,,,,,,,,,,,,,,,,,,,,,,,,,,,,,,,,,,,,,,,,,,,,,,,,,,,,,,,,,,,,,,,,,,,,,,,,,,,,,,,,,,,,,,,,,,,,,,,,,,,,,,,,,,,,,,,,,,,,,,,,,,,,,,,,,,,,,,,,,,,,,,,,,,,,,,,,,,,,,,,,,,,,,,,,,,,,,,,,,,,,,,,,,,,,,,,,,,,,,,,,,,,,,,,,,,,,,,,,,,,,,,,,,,,,,,,,,,,,,,,,,,,,,,,,,,,,,,,,,,,,,,,,,,,,,,,,,,,,,,,,,,,,
2026041123,,,,,,,,,,,,,,,,,,,,,,,,,,,,,,,,,0.0,,,,,,,,,,,,,,,,,,,,,,,,,,,,,,,,,,,,,,,,,,,,,,,,,,,,,,,,,,,,,,,,,,,,,,,,,,,,,,,,,,,,,,,,,,,,,,,,,,,,,,,,,,,,,,,,,,,,,,,,,,,,,,,,,,,,,,,,,,,,,,,,,,,,,,,,,,,,,,,,,,,,,,,,,,,,,,,,,,,,,,,,,,,,,,,,,,,,,,,,,,,,,,,,,,,,,,,,,,,,,,,,,,,,,,,,,,,,,,,,,,,,,,,,,,,,,,,,,,,,,,,,,,,,,,,,,,,,,,,,,,,,,,,,,,,,,,,,,,,,,,,,,,,,,,,,,,,,,,,,,,,,,,,,,,,,,,,,,,,,,,,,,,,,,,,,,,,,,,,,,,,,,,,,,,,,,,,,,,,,,,,,,,,,,,,,,,,,,,,,,,,,,,,,,,,,,,,,,,,,,,,,,,,,,,,,,,,,,,,,,,,,,,,,,,,,,,,,,,,,,,,,,,,,,,,,,,,,,,,,,,,,,,,,,,,,,,,,,,,,,,,,,,,,,,,,,,,,,,,,,,,,,,,,,,,,,,,,,,,,,,,,,,,,,,,,,,,,
2026041200,1.491,0.0,0.0,0.0,0.0,0.0,0.0,0.0,0.0,0.0,0.0,0.0,0.0,0.0,0.0,0.063,0.731,1.486,2.78,4.55,8.419,23.756,29.0,0.0,3.0,0.0,2.0,15.0,1.0,0.0,7.0,0.0,0.254,,3.416,0.0,0.0,0.0,0.0,0.0,0.0,0.0,0.0,0.0,0.0,0.0,0.0,0.0,0.133,0.958,2.357,3.948,6.303,10.528,17.318,48.23,34.0,0.0,8.0,0.0,0.0,0.0,3.0,1.0,15.0,0.0,,,,,,,,,,,,,,,,,,,,,,,,,,,,,,,,,0.508,0.0,0.0,0.0,0.0,0.0,0.0,0.0,0.0,0.0,0.0,0.0,0.0,0.0,0.0,0.0,0.198,0.574,1.174,2.468,5.565,14.435,24.0,1.0,0.0,10.0,0.0,0.0,0.0,4.0,0.0,0.0,,,,,,,,,,,,,,,,,,,,,,,,,,,,,,,,,277.33,,,,,,,,,,,,,,,,,,,0.01,0.0,0.0,0.0,0.0,0.005,0.028,0.064,28.0,10.0,7.0,2.0,2.0,0.0,0.0,0.0,0.0,0.0,0.015,0.0,0.0,0.0,0.0,0.005,0.051,0.094,16.0,9.0,4.0,2.0,0.0,0.0,0.0,0.0,0.0,0.0,0.003,0.0,0.0,0.0,0.0,0.0,0.008,0.01,21.0,1.0,1.0,1.0,1.0,1.0,0.0,0.0,0.0,0.0,0.018,0.0,0.0,0.0,0.0,0.013,0.053,0.099,20.0,4.0,3.0,2.0,0.0,0.0,0.0,0.0,0.0,0.0,5.0,11.0,,,,,,,,,,,12.0,14.0,12.0,15.0,17.0,22.0,23.0,0.0,0.0,0.0,0.0,0.0,16.6,,272.38,2.39,,754.0,1.0,,0.0,0.0,0.0,0.0,0.0,0.0,0.0,0.0,0.0,0.0,0.0,0.0,0.0,0.0,0.0,0.0,0.0,0.0,0.0,0.0,0.0,0.0,0.0,0.0,0.0,0.0,0.0,0.0,0.0,0.0,0.0,0.0,0.0,0.0,0.0,0.0,0.0,0.0,0.0,0.0,0.0,0.0,0.0,0.0,0.0,0.0,0.0,0.0,0.0,0.0,0.0,11.2,9.999e+20,,,,,,,,,,,,,,,,,,,,,,,,,,,,,7.7,3.2,4.4,4.8,5.6,5.6,6.0,6.27643,6.54072,7.03714,3.6,7.05795,7.8066,8.32805,8.48402,8.67309,9.08867,9.24286,9.99415,10.7448,11.4986,13.0036,7.33372,2.52,7.0,1.0,1.0,0.0,0.0,0.0,0.0,31.0,3.0,9.999e+20,9.999e+20,9.999e+20,9.999e+20,9.999e+20,,,,1816.0,1.0,6.0,0.0,24.0,0.0,,61.0,5.5,1.5,2.9,1.0,5.5,8.4,10.1,11.6,1432.0,1064.0,1168.0,1008.0,1328.0,1648.0,1944.0,2000.0,,,42.0,32.0,,281.04,3.93,,,,279.49,3.92,,,,,,,,,,,,,,,,,,,,,,,,,,,,,,,,,,,,,,,,,,,,,,,,,,,,,,,,,,,,,9.999e+20,,,350.0,4.5,3.0,,,,,3.0,,,,,,,7889.0,280.0,280.0,280.0,,277.6,,,,,,,,,,,,,,,,,,,,,,,,,,,,,2.9,0.8,1.6,1.6,2.0,2.0,2.0,2.4,2.4,2.8,1.2,2.8,3.2,3.2,3.2,3.6,3.6,4.0,4.4,4.4,5.14335,5.18333,2.9177,1.22,0.0,0.0,0.0,0.0,26.0,0.0,1.0,0.0,3.3,3.7,
2026041201,,,,,,,,,,,,,,,,,,,,,,,,,,,,,,,,,0.254,,,,,,,,,,,,,,,,,,,,,,,,,,,,,,,,,,,,,,,,,,,,,,,,,,,,,,,,,,,,,,,,,,,,,,,,,,,,,,,,,,,,,,,,,,,,,,,,,,,,,,,,,,,,,,,,,,,,,,,,,,,,,,,,,,,,,,,,,,,,,,,,,,,,,,,,,,,,,,,,,,,,,,,,,,,,,,,,,,,,,,,,,,,,,,,,,,,,,,,,,,,,,,,,,,,,,,,,,,,,,,,,,,,,,,,,,,,,,,,,,,,,,,,,,,,,,,,,,,,,,,,,,,,,,,,,,,,,,,,,,,,,,,,,,,,,,,,,,,,,,,,,,,,,,,,,,,,,,,,,,,,,,,,,,,,,,,,,,,,,,,,,,,,,,,,,,,,,,,,,,,,,,,,,,,,,,,,,,,,,,,,,,,,,,,,,,,,,,,,,,,,,,,,,,,,,,,,,,,,,,,,,,,,,,,,,,,,,,,,,,,,,,,,,,,,,,,,,,,,,,,,,,,,,,,,,,,,,,,,,,,,,,,,,,,,,,,,,,,,,,,,,,,,,,,,,,,,,,,,,,,,,,,,,,,,,,,,,,,,,,,,,,,,,,,,,,,,,
2026041202,,,,,,,,,,,,,,,,,,,,,,,,,,,,,,,,,0.254,,,,,,,,,,,,,,,,,,,,,,,,,,,,,,,,,,,,,,,,,,,,,,,,,,,,,,,,,,,,,,,,,,,,,,,,,,,,,,,,,,,,,,,,,,,,,,,,,,,,,,,,,,,,,,,,,,,,,,,,,,,,,,,,,,,,,,,,,,,,,,,,,,,,,,,,,,,,,,,,,,,,,,,,,,,,,,,,,,,,,,,,,,,,,,,,,,,,,,,,,,,,,,,,,,,,,,,,,,,,,,,,,,,,,,,,,,,,,,,,,,,,,,,,,,,,,,,,,,,,,,,,,,,,,,,,,,,,,,,,,,,,,,,,,,,,,,,,,,,,,,,,,,,,,,,,,,,,,,,,,,,,,,,,,,,,,,,,,,,,,,,,,,,,,,,,,,,,,,,,,,,,,,,,,,,,,,,,,,,,,,,,,,,,,,,,,,,,,,,,,,,,,,,,,,,,,,,,,,,,,,,,,,,,,,,,,,,,,,,,,,,,,,,,,,,,,,,,,,,,,,,,,,,,,,,,,,,,,,,,,,,,,,,,,,,,,,,,,,,,,,,,,,,,,,,,,,,,,,,,,,,,,,,,,,,,,,,,,,,,,,,,,,,,,,,,,,,,
2026041203,,,,,,,,,,,,,,,,,,,,,,,,,,,,,,,,,0.254,,,,,,,,,,,,,,,,,,,,,,,,,,,,,,,,,,,,,,,,,,,,,,,,,,,,,,,,,,,,,,,,,,,,,,,,,,,,,,,,,,,,,,,,,,,,,,,,,,,,,,,,,,,,,,,,,,,,,,,,,,,,,,,,,,,,,,,,,,,,,,,,,,,,,,,,,,,,,,,,,,,,,,,,,,,,,,,,,,,,,,,,,,,,,,,,,,,,,,,,,,,,,,,,,,,,,,,,,,,,,,,,,,,,,,,,,,,,,,,,,,,,,,,,,,,,,,,,,,,,,,,,,,,,,,,,,,,,,,,,,,,,,,,,,,,,,,,,,,,,,,,,,,,,,,,,,,,,,,,,,,,,,,,,,,,,,,,,,,,,,,,,,,,,,,,,,,,,,,,,,,,,,,,,,,,,,,,,,,,,,,,,,,,,,,,,,,,,,,,,,,,,,,,,,,,,,,,,,,,,,,,,,,,,,,,,,,,,,,,,,,,,,,,,,,,,,,,,,,,,,,,,,,,,,,,,,,,,,,,,,,,,,,,,,,,,,,,,,,,,,,,,,,,,,,,,,,,,,,,,,,,,,,,,,,,,,,,,,,,,,,,,,,,,,,,,,,,,
2026041204,,,,,,,,,,,,,,,,,,,,,,,,,,,,,,,,,0.0,,,,,,,,,,,,,,,,,,,,,,,,,,,,,,,,,,,,,,,,,,,,,,,,,,,,,,,,,,,,,,,,,,,,,,,,,,,,,,,,,,,,,,,,,,,,,,,,,,,,,,,,,,,,,,,,,,,,,,,,,,,,,,,,,,,,,,,,,,,,,,,,,,,,,,,,,,,,,,,,,,,,,,,,,,,,,,,,,,,,,,,,,,,,,,,,,,,,,,,,,,,,,,,,,,,,,,,,,,,,,,,,,,,,,,,,,,,,,,,,,,,,,,,,,,,,,,,,,,,,,,,,,,,,,,,,,,,,,,,,,,,,,,,,,,,,,,,,,,,,,,,,,,,,,,,,,,,,,,,,,,,,,,,,,,,,,,,,,,,,,,,,,,,,,,,,,,,,,,,,,,,,,,,,,,,,,,,,,,,,,,,,,,,,,,,,,,,,,,,,,,,,,,,,,,,,,,,,,,,,,,,,,,,,,,,,,,,,,,,,,,,,,,,,,,,,,,,,,,,,,,,,,,,,,,,,,,,,,,,,,,,,,,,,,,,,,,,,,,,,,,,,,,,,,,,,,,,,,,,,,,,,,,,,,,,,,,,,,,,,,,,,,,,,,,,,,,,,
2026041205,,,,,,,,,,,,,,,,,,,,,,,,,,,,,,,,,0.0,,,,,,,,,,,,,,,,,,,,,,,,,,,,,,,,,,,,,,,,,,,,,,,,,,,,,,,,,,,,,,,,,,,,,,,,,,,,,,,,,,,,,,,,,,,,,,,,,,,,,,,,,,,,,,,,,,,,,,,,,,,,,,,,,,,,,,,,,,,,,,,,,,,,,,,,,,,,,,,,,,,,,,,,,,,,,,,,,,,,,,,,,,,,,,,,,,,,,,,,,,,,,,,,,,,,,,,,,,,,,,,,,,,,,,,,,,,,,,,,,,,,,,,,,,,,,,,,,,,,,,,,,,,,,,,,,,,,,,,,,,,,,,,,,,,,,,,,,,,,,,,,,,,,,,,,,,,,,,,,,,,,,,,,,,,,,,,,,,,,,,,,,,,,,,,,,,,,,,,,,,,,,,,,,,,,,,,,,,,,,,,,,,,,,,,,,,,,,,,,,,,,,,,,,,,,,,,,,,,,,,,,,,,,,,,,,,,,,,,,,,,,,,,,,,,,,,,,,,,,,,,,,,,,,,,,,,,,,,,,,,,,,,,,,,,,,,,,,,,,,,,,,,,,,,,,,,,,,,,,,,,,,,,,,,,,,,,,,,,,,,,,,,,,,,,,,,,,
2026041206,1.517,0.0,0.0,0.0,0.0,0.0,0.0,0.0,0.0,0.0,0.0,0.0,0.0,0.0,0.0,0.309,0.784,1.618,2.713,4.522,8.904,23.228,30.0,0.0,3.0,0.0,1.0,16.0,1.0,0.0,8.0,0.0,0.0,,,,,,,,,,,,,,,,,,,,,,,,,,,,,,,,,,,,,,,,,,,,,,,,,,,,,,,,,,,,,,,,,,0.254,0.0,0.0,0.0,0.0,0.0,0.0,0.0,0.0,0.0,0.0,0.0,0.0,0.0,0.0,0.0,0.0,0.12,0.803,1.78,3.937,10.494,19.0,1.0,0.0,8.0,0.0,0.0,0.0,3.0,0.0,0.0,,,,,,,,,,,,,,,,,,,,,,,,,,,,,,,,,272.67,,,,,,,,,,,,,,,,,,,0.013,,,,,,,,,,,,,,,,,,0.015,,,,,,,,,,,,,,,,,,0.003,0.0,0.0,0.0,0.0,0.0,0.008,0.018,14.0,4.0,1.0,1.0,0.0,0.0,0.0,0.0,0.0,0.0,0.02,,,,,,,,,,,,,,,,,,0.0,1.0,,,,,,,,,,,12.0,12.0,12.0,14.0,14.0,15.0,15.0,0.0,0.0,0.0,0.0,0.0,13.7,,272.54,2.06,,96.0,2.0,,0.0,,,,,,,,,,,,,,,,,,,,,,,,,0.0,0.0,0.0,0.0,0.0,0.0,0.0,0.0,0.0,0.0,0.0,0.0,0.0,0.0,,,,,,,,,,,,,11.0,9.999e+20,11.365,5.98819,8.19217,8.39117,8.99108,9.19586,9.40115,9.63307,10.1755,10.7645,7.62468,11.004,11.5639,11.7421,12.269,12.4432,13.1174,13.4048,14.1289,14.8993,15.8656,21.1198,46.0,3.0,2.0,0.0,0.0,0.0,5.7,2.0,3.2,3.6,3.6,4.0,4.0,4.40313,4.43547,4.5009,2.8,4.95476,5.39001,5.55853,6.04651,6.49205,7.00078,7.07404,7.68126,8.6678,9.12712,11.1302,5.69872,2.32,1.0,0.0,0.0,0.0,0.0,0.0,0.0,10.0,3.0,9.999e+20,9.999e+20,9.999e+20,9.999e+20,9.999e+20,,,61.0,184.0,,4.8,0.0,13.2,0.0,,84.0,6.7,1.5,4.0,0.8,6.6,10.4,12.2,13.0,1320.0,904.0,1032.0,832.0,1256.0,1472.0,1776.0,1976.0,,,37.0,31.0,,,,,,3.12033,274.9,2.05,279.368,273.82,275.285,275.616,276.104,276.772,277.188,277.974,278.021,278.402,274.908,278.872,279.242,279.729,280.121,280.508,280.879,281.795,282.302,283.877,285.259,287.969,0.0,0.0,0.0,0.0,0.0,0.0,0.0,0.0,,,,,,,,,,,,,,,,,,,,,,,,,,,,,,,9.999e+20,,,290.0,3.6,,,,,,0.0,,,,,,,440.0,270.0,270.0,270.0,,274.2,4.63593,2.4,3.6,3.6,3.6,4.0,4.0,4.4,4.49109,4.53428,3.2,4.57674,4.62133,5.07477,5.09615,5.13527,5.5854,6.05962,6.14938,6.23325,6.76988,8.61739,0.0,0.0,0.0,0.0,21.0,2.0,2.0,0.4,0.8,0.8,0.8,1.2,1.2,1.2,1.6,1.6,0.4,1.6,2.0,2.0,2.0,2.4,2.4,2.8,3.2,3.6,4.0,4.7765,2.01206,1.1,0.0,0.0,0.0,0.0,10.0,0.0,1.0,0.0,2.4,2.4,
2026041207,,,,,,,,,,,,,,,,,,,,,,,,,,,,,,,,,0.0,,,,,,,,,,,,,,,,,,,,,,,,,,,,,,,,,,,,,,,,,,,,,,,,,,,,,,,,,,,,,,,,,,,,,,,,,,,,,,,,,,,,,,,,,,,,,,,,,,,,,,,,,,,,,,,,,,,,,,,,,,,,,,,,,,,,,,,,,,,,,,,,,,,,,,,,,,,,,,,,,,,,,,,,,,,,,,,,,,,,,,,,,,,,,,,,,,,,,,,,,,,,,,,,,,,,,,,,,,,,,,,,,,,,,,,,,,,,,,,,,,,,,,,,,,,,,,,,,,,,,,,,,,,,,,,,,,,,,,,,,,,,,,,,,,,,,,,,,,,,,,,,,,,,,,,,,,,,,,,,,,,,,,,,,,,,,,,,,,,,,,,,,,,,,,,,,,,,,,,,,,,,,,,,,,,,,,,,,,,,,,,,,,,,,,,,,,,,,,,,,,,,,,,,,,,,,,,,,,,,,,,,,,,,,,,,,,,,,,,,,,,,,,,,,,,,,,,,,,,,,,,,,,,,,,,,,,,,,,,,,,,,,,,,,,,,,,,,,,,,,,,,,,,,,,,,,,,,,,,,,,,,,,,,,,,,,,,,,,,,,,,,,,,,,,,,,,,,
2026041208,,,,,,,,,,,,,,,,,,,,,,,,,,,,,,,,,0.0,,,,,,,,,,,,,,,,,,,,,,,,,,,,,,,,,,,,,,,,,,,,,,,,,,,,,,,,,,,,,,,,,,,,,,,,,,,,,,,,,,,,,,,,,,,,,,,,,,,,,,,,,,,,,,,,,,,,,,,,,,,,,,,,,,,,,,,,,,,,,,,,,,,,,,,,,,,,,,,,,,,,,,,,,,,,,,,,,,,,,,,,,,,,,,,,,,,,,,,,,,,,,,,,,,,,,,,,,,,,,,,,,,,,,,,,,,,,,,,,,,,,,,,,,,,,,,,,,,,,,,,,,,,,,,,,,,,,,,,,,,,,,,,,,,,,,,,,,,,,,,,,,,,,,,,,,,,,,,,,,,,,,,,,,,,,,,,,,,,,,,,,,,,,,,,,,,,,,,,,,,,,,,,,,,,,,,,,,,,,,,,,,,,,,,,,,,,,,,,,,,,,,,,,,,,,,,,,,,,,,,,,,,,,,,,,,,,,,,,,,,,,,,,,,,,,,,,,,,,,,,,,,,,,,,,,,,,,,,,,,,,,,,,,,,,,,,,,,,,,,,,,,,,,,,,,,,,,,,,,,,,,,,,,,,,,,,,,,,,,,,,,,,,,,,,,,,,,
2026041209,,,,,,,,,,,,,,,,,,,,,,,,,,,,,,,,,0.0,,,,,,,,,,,,,,,,,,,,,,,,,,,,,,,,,,,,,,,,,,,,,,,,,,,,,,,,,,,,,,,,,,,,,,,,,,,,,,,,,,,,,,,,,,,,,,,,,,,,,,,,,,,,,,,,,,,,,,,,,,,,,,,,,,,,,,,,,,,,,,,,,,,,,,,,,,,,,,,,,,,,,,,,,,,,,,,,,,,,,,,,,,,,,,,,,,,,,,,,,,,,,,,,,,,,,,,,,,,,,,,,,,,,,,,,,,,,,,,,,,,,,,,,,,,,,,,,,,,,,,,,,,,,,,,,,,,,,,,,,,,,,,,,,,,,,,,,,,,,,,,,,,,,,,,,,,,,,,,,,,,,,,,,,,,,,,,,,,,,,,,,,,,,,,,,,,,,,,,,,,,,,,,,,,,,,,,,,,,,,,,,,,,,,,,,,,,,,,,,,,,,,,,,,,,,,,,,,,,,,,,,,,,,,,,,,,,,,,,,,,,,,,,,,,,,,,,,,,,,,,,,,,,,,,,,,,,,,,,,,,,,,,,,,,,,,,,,,,,,,,,,,,,,,,,,,,,,,,,,,,,,,,,,,,,,,,,,,,,,,,,,,,,,,,,,,,,,
2026041210,,,,,,,,,,,,,,,,,,,,,,,,,,,,,,,,,0.0,,,,,,,,,,,,,,,,,,,,,,,,,,,,,,,,,,,,,,,,,,,,,,,,,,,,,,,,,,,,,,,,,,,,,,,,,,,,,,,,,,,,,,,,,,,,,,,,,,,,,,,,,,,,,,,,,,,,,,,,,,,,,,,,,,,,,,,,,,,,,,,,,,,,,,,,,,,,,,,,,,,,,,,,,,,,,,,,,,,,,,,,,,,,,,,,,,,,,,,,,,,,,,,,,,,,,,,,,,,,,,,,,,,,,,,,,,,,,,,,,,,,,,,,,,,,,,,,,,,,,,,,,,,,,,,,,,,,,,,,,,,,,,,,,,,,,,,,,,,,,,,,,,,,,,,,,,,,,,,,,,,,,,,,,,,,,,,,,,,,,,,,,,,,,,,,,,,,,,,,,,,,,,,,,,,,,,,,,,,,,,,,,,,,,,,,,,,,,,,,,,,,,,,,,,,,,,,,,,,,,,,,,,,,,,,,,,,,,,,,,,,,,,,,,,,,,,,,,,,,,,,,,,,,,,,,,,,,,,,,,,,,,,,,,,,,,,,,,,,,,,,,,,,,,,,,,,,,,,,,,,,,,,,,,,,,,,,,,,,,,,,,,,,,,,,,,,,,
2026041211,,,,,,,,,,,,,,,,,,,,,,,,,,,,,,,,,0.0,,,,,,,,,,,,,,,,,,,,,,,,,,,,,,,,,,,,,,,,,,,,,,,,,,,,,,,,,,,,,,,,,,,,,,,,,,,,,,,,,,,,,,,,,,,,,,,,,,,,,,,,,,,,,,,,,,,,,,,,,,,,,,,,,,,,,,,,,,,,,,,,,,,,,,,,,,,,,,,,,,,,,,,,,,,,,,,,,,,,,,,,,,,,,,,,,,,,,,,,,,,,,,,,,,,,,,,,,,,,,,,,,,,,,,,,,,,,,,,,,,,,,,,,,,,,,,,,,,,,,,,,,,,,,,,,,,,,,,,,,,,,,,,,,,,,,,,,,,,,,,,,,,,,,,,,,,,,,,,,,,,,,,,,,,,,,,,,,,,,,,,,,,,,,,,,,,,,,,,,,,,,,,,,,,,,,,,,,,,,,,,,,,,,,,,,,,,,,,,,,,,,,,,,,,,,,,,,,,,,,,,,,,,,,,,,,,,,,,,,,,,,,,,,,,,,,,,,,,,,,,,,,,,,,,,,,,,,,,,,,,,,,,,,,,,,,,,,,,,,,,,,,,,,,,,,,,,,,,,,,,,,,,,,,,,,,,,,,,,,,,,,,,,,,,,,,,,,
2026041212,1.097,0.0,0.0,0.0,0.0,0.0,0.0,0.0,0.0,0.0,0.0,0.0,0.0,0.0,0.0,0.0,0.004,0.503,1.467,2.866,6.957,19.692,23.0,0.0,2.0,0.0,1.0,11.0,1.0,0.0,6.0,0.0,0.0,,3.643,0.0,0.0,0.0,0.0,0.0,0.0,0.0,0.0,0.0,0.0,0.0,0.0,0.0,0.377,1.289,2.423,4.144,6.335,10.749,19.226,50.101,36.0,0.0,9.0,0.0,0.0,0.0,4.0,1.0,15.0,0.0,5.747,0.0,0.0,0.0,0.0,0.0,0.0,0.0,0.0,0.0,0.0,0.005,0.432,1.395,2.446,3.711,5.72,8.506,12.271,15.977,28.711,74.09,14.0,0.0,35.0,0.0,6.0,0.0,0.0,0.0,2.0,1.0,0.0,0.0,0.0,0.0,0.0,0.0,0.0,0.0,0.0,0.0,0.0,0.0,0.0,0.0,0.0,0.0,0.0,0.0,0.0,0.427,2.085,10.592,11.0,1.0,0.0,4.0,0.0,0.0,0.0,2.0,0.0,0.0,6.93,0.0,0.0,0.0,0.0,0.0,0.0,0.0,0.0,0.022,0.0,0.602,1.495,2.389,3.537,5.518,7.799,10.933,14.443,18.483,32.816,76.232,0.0,0.0,6.0,0.0,0.0,3.0,0.0,28.0,0.0,1.0,271.98,,,,,,,,,,,,,,,,,,,0.01,0.0,0.0,0.0,0.0,0.008,0.028,0.051,32.0,12.0,5.0,1.0,1.0,1.0,1.0,0.0,0.0,0.0,0.015,0.0,0.0,0.0,0.0,0.015,0.036,0.089,18.0,9.0,4.0,2.0,1.0,0.0,0.0,0.0,0.0,0.0,0.0,0.0,0.0,0.0,0.0,0.0,0.0,0.005,9.0,1.0,0.0,0.0,0.0,0.0,0.0,0.0,0.0,0.0,0.02,0.0,0.0,0.0,0.0,0.015,0.066,0.117,20.0,6.0,3.0,2.0,0.0,0.0,0.0,0.0,0.0,0.0,0.0,1.0,,,,,,,,,,,11.0,12.0,11.0,14.0,15.0,16.0,16.0,0.0,0.0,0.0,0.0,0.0,13.7,,271.85,2.0,,0.0,1.0,,0.0,0.0,0.0,0.0,0.0,0.0,0.0,0.0,0.0,0.0,0.0,0.0,0.0,0.0,0.0,0.0,0.0,0.0,0.0,0.0,0.0,0.0,0.0,0.0,0.0,0.0,0.0,0.0,0.0,0.0,0.0,0.0,0.0,0.0,0.0,0.0,0.0,0.0,0.0,0.0,0.0,0.0,0.0,0.0,0.0,0.0,0.0,0.0,0.0,0.0,0.0,4.0,9.999e+20,,,,,,,,,,,,,,,,,,,,,,,,,,,,,5.1,1.6,2.8,3.2,3.2,3.6,4.0,4.0,4.4,4.42751,2.4,4.88279,5.31388,5.38423,5.83968,5.89776,6.78856,6.83619,6.9855,7.49068,8.08492,10.7656,5.10026,2.22,1.0,1.0,0.0,0.0,0.0,0.0,0.0,3.0,3.0,9.999e+20,9.999e+20,9.999e+20,9.999e+20,9.999e+20,,,,176.0,1.0,2.4,0.0,13.2,0.0,,85.0,7.6,2.0,4.3,1.3,7.4,11.3,13.3,14.1,1184.0,776.0,944.0,688.0,1112.0,1352.0,1640.0,1832.0,,,38.0,31.0,,,,272.83,2.05,,274.18,2.02,,,,,,,,,,,,,,,,,,,,,,,,,,,,,,,,,,,,,,,,,,,,,,,,,,,,,,,,,,,,,9.999e+20,,,300.0,4.2,3.0,,,,,0.0,,,,,,,490.0,270.0,270.0,270.0,,273.3,,,,,,,,,,,,,,,,,,,,,,,,,,,,,1.6,0.0,0.8,0.8,0.8,0.8,1.2,1.2,1.2,1.6,0.4,1.6,1.6,1.6,2.0,2.0,2.4,2.4,2.8,3.2,3.2,4.20261,1.60734,1.12,0.0,0.0,0.0,0.0,3.0,0.0,1.0,0.0,2.0,2.0,
2026041213,,,,,,,,,,,,,,,,,,,,,,,,,,,,,,,,,0.0,,,,,,,,,,,,,,,,,,,,,,,,,,,,,,,,,,,,,,,,,,,,,,,,,,,,,,,,,,,,,,,,,,,,,,,,,,,,,,,,,,,,,,,,,,,,,,,,,,,,,,,,,,,,,,,,,,,,,,,,,,,,,,,,,,,,,,,,,,,,,,,,,,,,,,,,,,,,,,,,,,,,,,,,,,,,,,,,,,,,,,,,,,,,,,,,,,,,,,,,,,,,,,,,,,,,,,,,,,,,,,,,,,,,,,,,,,,,,,,,,,,,,,,,,,,,,,,,,,,,,,,,,,,,,,,,,,,,,,,,,,,,,,,,,,,,,,,,,,,,,,,,,,,,,,,,,,,,,,,,,,,,,,,,,,,,,,,,,,,,,,,,,,,,,,,,,,,,,,,,,,,,,,,,,,,,,,,,,,,,,,,,,,,,,,,,,,,,,,,,,,,,,,,,,,,,,,,,,,,,,,,,,,,,,,,,,,,,,,,,,,,,,,,,,,,,,,,,,,,,,,,,,,,,,,,,,,,,,,,,,,,,,,,,,,,,,,,,,,,,,,,,,,,,,,,,,,,,,,,,,,,,,,,,,,,,,,,,,,,,,,,,,,,,,,,,,,,,
2026041214,,,,,,,,,,,,,,,,,,,,,,,,,,,,,,,,,0.0,,,,,,,,,,,,,,,,,,,,,,,,,,,,,,,,,,,,,,,,,,,,,,,,,,,,,,,,,,,,,,,,,,,,,,,,,,,,,,,,,,,,,,,,,,,,,,,,,,,,,,,,,,,,,,,,,,,,,,,,,,,,,,,,,,,,,,,,,,,,,,,,,,,,,,,,,,,,,,,,,,,,,,,,,,,,,,,,,,,,,,,,,,,,,,,,,,,,,,,,,,,,,,,,,,,,,,,,,,,,,,,,,,,,,,,,,,,,,,,,,,,,,,,,,,,,,,,,,,,,,,,,,,,,,,,,,,,,,,,,,,,,,,,,,,,,,,,,,,,,,,,,,,,,,,,,,,,,,,,,,,,,,,,,,,,,,,,,,,,,,,,,,,,,,,,,,,,,,,,,,,,,,,,,,,,,,,,,,,,,,,,,,,,,,,,,,,,,,,,,,,,,,,,,,,,,,,,,,,,,,,,,,,,,,,,,,,,,,,,,,,,,,,,,,,,,,,,,,,,,,,,,,,,,,,,,,,,,,,,,,,,,,,,,,,,,,,,,,,,,,,,,,,,,,,,,,,,,,,,,,,,,,,,,,,,,,,,,,,,,,,,,,,,,,,,,,,,,
2026041215,,,,,,,,,,,,,,,,,,,,,,,,,,,,,,,,,0.0,,,,,,,,,,,,,,,,,,,,,,,,,,,,,,,,,,,,,,,,,,,,,,,,,,,,,,,,,,,,,,,,,,,,,,,,,,,,,,,,,,,,,,,,,,,,,,,,,,,,,,,,,,,,,,,,,,,,,,,,,,,,,,,,,,,,,,,,,,,,,,,,,,,,,,,,,,,,,,,,,,,,,,,,,,,,,,,,,,,,,,,,,,,,,,,,,,,,,,,,,,,,,,,,,,,,,,,,,,,,,,,,,,,,,,,,,,,,,,,,,,,,,,,,,,,,,,,,,,,,,,,,,,,,,,,,,,,,,,,,,,,,,,,,,,,,,,,,,,,,,,,,,,,,,,,,,,,,,,,,,,,,,,,,,,,,,,,,,,,,,,,,,,,,,,,,,,,,,,,,,,,,,,,,,,,,,,,,,,,,,,,,,,,,,,,,,,,,,,,,,,,,,,,,,,,,,,,,,,,,,,,,,,,,,,,,,,,,,,,,,,,,,,,,,,,,,,,,,,,,,,,,,,,,,,,,,,,,,,,,,,,,,,,,,,,,,,,,,,,,,,,,,,,,,,,,,,,,,,,,,,,,,,,,,,,,,,,,,,,,,,,,,,,,,,,,,,,,
2026041216,,,,,,,,,,,,,,,,,,,,,,,,,,,,,,,,,0.0,,,,,,,,,,,,,,,,,,,,,,,,,,,,,,,,,,,,,,,,,,,,,,,,,,,,,,,,,,,,,,,,,,,,,,,,,,,,,,,,,,,,,,,,,,,,,,,,,,,,,,,,,,,,,,,,,,,,,,,,,,,,,,,,,,,,,,,,,,,,,,,,,,,,,,,,,,,,,,,,,,,,,,,,,,,,,,,,,,,,,,,,,,,,,,,,,,,,,,,,,,,,,,,,,,,,,,,,,,,,,,,,,,,,,,,,,,,,,,,,,,,,,,,,,,,,,,,,,,,,,,,,,,,,,,,,,,,,,,,,,,,,,,,,,,,,,,,,,,,,,,,,,,,,,,,,,,,,,,,,,,,,,,,,,,,,,,,,,,,,,,,,,,,,,,,,,,,,,,,,,,,,,,,,,,,,,,,,,,,,,,,,,,,,,,,,,,,,,,,,,,,,,,,,,,,,,,,,,,,,,,,,,,,,,,,,,,,,,,,,,,,,,,,,,,,,,,,,,,,,,,,,,,,,,,,,,,,,,,,,,,,,,,,,,,,,,,,,,,,,,,,,,,,,,,,,,,,,,,,,,,,,,,,,,,,,,,,,,,,,,,,,,,,,,,,,,,,,
2026041217,,,,,,,,,,,,,,,,,,,,,,,,,,,,,,,,,0.0,,,,,,,,,,,,,,,,,,,,,,,,,,,,,,,,,,,,,,,,,,,,,,,,,,,,,,,,,,,,,,,,,,,,,,,,,,,,,,,,,,,,,,,,,,,,,,,,,,,,,,,,,,,,,,,,,,,,,,,,,,,,,,,,,,,,,,,,,,,,,,,,,,,,,,,,,,,,,,,,,,,,,,,,,,,,,,,,,,,,,,,,,,,,,,,,,,,,,,,,,,,,,,,,,,,,,,,,,,,,,,,,,,,,,,,,,,,,,,,,,,,,,,,,,,,,,,,,,,,,,,,,,,,,,,,,,,,,,,,,,,,,,,,,,,,,,,,,,,,,,,,,,,,,,,,,,,,,,,,,,,,,,,,,,,,,,,,,,,,,,,,,,,,,,,,,,,,,,,,,,,,,,,,,,,,,,,,,,,,,,,,,,,,,,,,,,,,,,,,,,,,,,,,,,,,,,,,,,,,,,,,,,,,,,,,,,,,,,,,,,,,,,,,,,,,,,,,,,,,,,,,,,,,,,,,,,,,,,,,,,,,,,,,,,,,,,,,,,,,,,,,,,,,,,,,,,,,,,,,,,,,,,,,,,,,,,,,,,,,,,,,,,,,,,,,,,,,,
2026041218,0.82,0.0,0.0,0.0,0.0,0.0,0.0,0.0,0.0,0.0,0.0,0.0,0.0,0.0,0.0,0.0,0.0,0.028,0.585,1.749,4.607,18.494,17.0,0.0,2.0,0.0,1.0,9.0,0.0,0.0,3.0,0.0,0.0,,,,,,,,,,,,,,,,,,,,,,,,,,,,,,,,,,,,,,,,,,,,,,,,,,,,,,,,,,,,,,,,,,0.0,0.0,0.0,0.0,0.0,0.0,0.0,0.0,0.0,0.0,0.0,0.0,0.0,0.0,0.0,0.0,0.0,0.0,0.005,0.676,2.129,8.162,12.0,0.0,0.0,4.0,0.0,0.0,0.0,1.0,0.0,0.0,,,,,,,,,,,,,,,,,,,,,,,,,,,,,,,,,277.47,,,,,,,,,,,,,,,,,,,0.008,,,,,,,,,,,,,,,,,,0.015,,,,,,,,,,,,,,,,,,0.0,0.0,0.0,0.0,0.0,0.0,0.0,0.005,7.0,1.0,0.0,0.0,0.0,0.0,0.0,0.0,0.0,0.0,0.02,,,,,,,,,,,,,,,,,,9.0,3.0,,,,,,,,,,,12.0,13.0,12.0,15.0,18.0,19.0,20.0,0.0,0.0,0.0,0.0,0.0,16.4,,272.63,0.89,,281.0,1.0,,0.0,,,,,,,,,,,,,,,,,,,,,,,,,0.0,0.0,0.0,0.0,0.0,0.0,0.0,0.0,0.0,0.0,0.0,0.0,0.0,0.0,,,,,,,,,,,,,8.2,9.999e+20,,,,,,,,,,,,,,,,,,,,,,,,,,,,,6.2,2.4,3.2,3.6,4.0,4.4,4.80273,4.84014,4.94659,5.46215,2.8,5.58634,6.22401,6.33348,6.43908,6.93105,7.21895,7.49771,8.2175,8.91594,10.7268,11.3644,5.77209,2.4,3.0,1.0,0.0,0.0,0.0,0.0,0.0,11.0,3.0,9.999e+20,9.999e+20,9.999e+20,9.999e+20,9.999e+20,,85.0,,1928.0,,8.4,0.0,13.2,0.0,,64.0,6.3,2.0,3.6,1.0,6.3,8.7,11.5,12.5,1304.0,896.0,1056.0,840.0,1216.0,1456.0,1768.0,1920.0,,,39.0,21.0,,,,,,1.96786,278.87,3.29,,,,,,,,,,,,,,,,,,,,,,,,,,,,,,,272.182,267.969,270.678,270.749,270.994,271.414,271.513,271.492,271.831,272.056,270.177,272.064,272.521,272.513,273.093,272.995,273.264,273.707,273.832,274.569,275.401,276.476,0.0,0.0,0.0,0.0,0.0,18.0,71.0,0.0,9.999e+20,,,280.0,3.4,,,,,,1.0,,,,,,,6537.0,280.0,280.0,280.0,,278.4,,,,,,,,,,,,,,,,,,,,,,,,,,,,,2.1,0.0,0.8,0.8,0.8,1.2,1.2,1.2,1.6,1.6,0.4,2.0,2.4,2.4,2.8,2.8,2.8,3.2,3.2,3.46058,4.26637,4.8783,2.09596,1.2,0.0,0.0,0.0,0.0,10.0,0.0,1.0,0.0,2.5,2.5,
2026041219,,,,,,,,,,,,,,,,,,,,,,,,,,,,,,,,,0.0,,,,,,,,,,,,,,,,,,,,,,,,,,,,,,,,,,,,,,,,,,,,,,,,,,,,,,,,,,,,,,,,,,,,,,,,,,,,,,,,,,,,,,,,,,,,,,,,,,,,,,,,,,,,,,,,,,,,,,,,,,,,,,,,,,,,,,,,,,,,,,,,,,,,,,,,,,,,,,,,,,,,,,,,,,,,,,,,,,,,,,,,,,,,,,,,,,,,,,,,,,,,,,,,,,,,,,,,,,,,,,,,,,,,,,,,,,,,,,,,,,,,,,,,,,,,,,,,,,,,,,,,,,,,,,,,,,,,,,,,,,,,,,,,,,,,,,,,,,,,,,,,,,,,,,,,,,,,,,,,,,,,,,,,,,,,,,,,,,,,,,,,,,,,,,,,,,,,,,,,,,,,,,,,,,,,,,,,,,,,,,,,,,,,,,,,,,,,,,,,,,,,,,,,,,,,,,,,,,,,,,,,,,,,,,,,,,,,,,,,,,,,,,,,,,,,,,,,,,,,,,,,,,,,,,,,,,,,,,,,,,,,,,,,,,,,,,,,,,,,,,,,,,,,,,,,,,,,,,,,,,,,,,,,,,,,,,,,,,,,,,,,,,,,,,,,,,,,
2026041220,,,,,,,,,,,,,,,,,,,,,,,,,,,,,,,,,0.0,,,,,,,,,,,,,,,,,,,,,,,,,,,,,,,,,,,,,,,,,,,,,,,,,,,,,,,,,,,,,,,,,,,,,,,,,,,,,,,,,,,,,,,,,,,,,,,,,,,,,,,,,,,,,,,,,,,,,,,,,,,,,,,,,,,,,,,,,,,,,,,,,,,,,,,,,,,,,,,,,,,,,,,,,,,,,,,,,,,,,,,,,,,,,,,,,,,,,,,,,,,,,,,,,,,,,,,,,,,,,,,,,,,,,,,,,,,,,,,,,,,,,,,,,,,,,,,,,,,,,,,,,,,,,,,,,,,,,,,,,,,,,,,,,,,,,,,,,,,,,,,,,,,,,,,,,,,,,,,,,,,,,,,,,,,,,,,,,,,,,,,,,,,,,,,,,,,,,,,,,,,,,,,,,,,,,,,,,,,,,,,,,,,,,,,,,,,,,,,,,,,,,,,,,,,,,,,,,,,,,,,,,,,,,,,,,,,,,,,,,,,,,,,,,,,,,,,,,,,,,,,,,,,,,,,,,,,,,,,,,,,,,,,,,,,,,,,,,,,,,,,,,,,,,,,,,,,,,,,,,,,,,,,,,,,,,,,,,,,,,,,,,,,,,,,,,,,,
2026041221,,,,,,,,,,,,,,,,,,,,,,,,,,,,,,,,,0.0,,,,,,,,,,,,,,,,,,,,,,,,,,,,,,,,,,,,,,,,,,,,,,,,,,,,,,,,,,,,,,,,,,,,,,,,,,,,,,,,,,,,,,,,,,,,,,,,,,,,,,,,,,,,,,,,,,,,,,,,,,,,,,,,,,,,,,,,,,,,,,,,,,,,,,,,,,,,,,,,,,,,,,,,,,,,,,,,,,,,,,,,,,,,,,,,,,,,,,,,,,,,,,,,,,,,,,,,,,,,,,,,,,,,,,,,,,,,,,,,,,,,,,,,,,,,,,,,,,,,,,,,,,,,,,,,,,,,,,,,,,,,,,,,,,,,,,,,,,,,,,,,,,,,,,,,,,,,,,,,,,,,,,,,,,,,,,,,,,,,,,,,,,,,,,,,,,,,,,,,,,,,,,,,,,,,,,,,,,,,,,,,,,,,,,,,,,,,,,,,,,,,,,,,,,,,,,,,,,,,,,,,,,,,,,,,,,,,,,,,,,,,,,,,,,,,,,,,,,,,,,,,,,,,,,,,,,,,,,,,,,,,,,,,,,,,,,,,,,,,,,,,,,,,,,,,,,,,,,,,,,,,,,,,,,,,,,,,,,,,,,,,,,,,,,,,,,,,
2026041222,,,,,,,,,,,,,,,,,,,,,,,,,,,,,,,,,0.0,,,,,,,,,,,,,,,,,,,,,,,,,,,,,,,,,,,,,,,,,,,,,,,,,,,,,,,,,,,,,,,,,,,,,,,,,,,,,,,,,,,,,,,,,,,,,,,,,,,,,,,,,,,,,,,,,,,,,,,,,,,,,,,,,,,,,,,,,,,,,,,,,,,,,,,,,,,,,,,,,,,,,,,,,,,,,,,,,,,,,,,,,,,,,,,,,,,,,,,,,,,,,,,,,,,,,,,,,,,,,,,,,,,,,,,,,,,,,,,,,,,,,,,,,,,,,,,,,,,,,,,,,,,,,,,,,,,,,,,,,,,,,,,,,,,,,,,,,,,,,,,,,,,,,,,,,,,,,,,,,,,,,,,,,,,,,,,,,,,,,,,,,,,,,,,,,,,,,,,,,,,,,,,,,,,,,,,,,,,,,,,,,,,,,,,,,,,,,,,,,,,,,,,,,,,,,,,,,,,,,,,,,,,,,,,,,,,,,,,,,,,,,,,,,,,,,,,,,,,,,,,,,,,,,,,,,,,,,,,,,,,,,,,,,,,,,,,,,,,,,,,,,,,,,,,,,,,,,,,,,,,,,,,,,,,,,,,,,,,,,,,,,,,,,,,,,,,,
2026041223,,,,,,,,,,,,,,,,,,,,,,,,,,,,,,,,,0.0,,,,,,,,,,,,,,,,,,,,,,,,,,,,,,,,,,,,,,,,,,,,,,,,,,,,,,,,,,,,,,,,,,,,,,,,,,,,,,,,,,,,,,,,,,,,,,,,,,,,,,,,,,,,,,,,,,,,,,,,,,,,,,,,,,,,,,,,,,,,,,,,,,,,,,,,,,,,,,,,,,,,,,,,,,,,,,,,,,,,,,,,,,,,,,,,,,,,,,,,,,,,,,,,,,,,,,,,,,,,,,,,,,,,,,,,,,,,,,,,,,,,,,,,,,,,,,,,,,,,,,,,,,,,,,,,,,,,,,,,,,,,,,,,,,,,,,,,,,,,,,,,,,,,,,,,,,,,,,,,,,,,,,,,,,,,,,,,,,,,,,,,,,,,,,,,,,,,,,,,,,,,,,,,,,,,,,,,,,,,,,,,,,,,,,,,,,,,,,,,,,,,,,,,,,,,,,,,,,,,,,,,,,,,,,,,,,,,,,,,,,,,,,,,,,,,,,,,,,,,,,,,,,,,,,,,,,,,,,,,,,,,,,,,,,,,,,,,,,,,,,,,,,,,,,,,,,,,,,,,,,,,,,,,,,,,,,,,,,,,,,,,,,,,,,,,,,,,
2026041300,1.048,0.0,0.0,0.0,0.0,0.0,0.0,0.0,0.0,0.0,0.0,0.0,0.0,0.0,0.0,0.0,0.091,0.578,1.388,2.791,6.207,17.363,23.0,0.0,2.0,0.0,1.0,11.0,0.0,0.0,5.0,0.0,0.254,,3.025,0.0,0.0,0.0,0.0,0.0,0.0,0.0,0.0,0.0,0.0,0.0,0.0,0.043,0.403,1.003,1.692,2.795,4.342,8.37,16.67,49.451,36.0,0.0,6.0,0.0,0.0,0.0,3.0,1.0,12.0,0.0,,,,,,,,,,,,,,,,,,,,,,,,,,,,,,,,,0.0,0.0,0.0,0.0,0.0,0.0,0.0,0.0,0.0,0.0,0.0,0.0,0.0,0.0,0.0,0.0,0.0,0.17,0.685,1.483,3.688,10.747,19.0,0.0,0.0,7.0,0.0,0.0,0.0,3.0,0.0,0.0,,,,,,,,,,,,,,,,,,,,,,,,,,,,,,,,,279.1,,,,,,,,,,,,,,,,,,,0.008,0.0,0.0,0.0,0.0,0.003,0.02,0.036,24.0,8.0,3.0,2.0,0.0,0.0,0.0,0.0,0.0,0.0,0.018,0.0,0.0,0.0,0.0,0.015,0.038,0.122,17.0,9.0,5.0,2.0,1.0,0.0,0.0,0.0,0.0,0.0,0.003,0.0,0.0,0.0,0.0,0.0,0.005,0.013,11.0,2.0,0.0,0.0,0.0,0.0,0.0,0.0,0.0,0.0,0.02,0.0,0.0,0.0,0.0,0.018,0.066,0.127,22.0,7.0,3.0,1.0,0.0,0.0,0.0,0.0,0.0,0.0,17.0,5.0,,,,,,,,,,,12.0,14.0,12.0,15.0,17.0,23.0,23.0,0.0,0.0,0.0,0.0,0.0,17.7,,273.7,1.04,,700.0,,,0.0,0.0,0.0,0.0,0.0,0.0,0.0,0.0,0.0,0.0,0.0,0.0,0.0,0.0,0.0,0.0,0.0,0.0,0.0,0.0,0.0,0.0,0.0,0.0,0.0,0.0,0.0,0.0,0.0,0.0,0.0,0.0,0.0,0.0,0.0,0.0,0.0,0.0,0.0,0.0,0.0,0.0,0.0,0.0,0.0,0.0,0.0,0.0,0.0,0.0,0.0,10.0,9.999e+20,,,,,,,,,,,,,,,,,,,,,,,,,,,,,6.9,3.2,4.0,4.0,4.4,5.2,5.41884,5.40686,5.64873,5.74489,3.6,6.17908,6.24832,6.83405,7.29395,7.40464,8.39834,9.00549,9.13733,9.88299,11.0817,12.3642,6.53642,2.4,5.0,0.0,0.0,0.0,0.0,0.0,0.0,22.0,2.0,9.999e+20,9.999e+20,9.999e+20,9.999e+20,9.999e+20,,,,,1.0,9.6,0.0,10.8,0.0,,61.0,5.1,1.4,2.6,1.0,5.0,7.1,8.9,9.6,1504.0,1120.0,1240.0,1088.0,1440.0,1720.0,1960.0,2144.0,,,41.0,12.0,,281.98,3.4,,,,280.78,3.4,,,,,,,,,,,,,,,,,,,,,,,,,,,,,,,,,,,,,,,,,,,,,,,,,,,,,,,,,,,,,9.999e+20,,,290.0,,2.0,,,,,2.0,,,,,,,,280.0,280.0,280.0,,279.0,,,,,,,,,,,,,,,,,,,,,,,,,,,,,2.6,0.8,1.2,1.6,1.6,2.0,2.0,2.0,2.4,2.4,1.2,2.4,2.8,2.8,3.2,3.2,3.2,3.6,3.6,3.75767,4.26154,4.54986,2.55285,1.02,0.0,0.0,0.0,0.0,17.0,0.0,0.0,0.0,3.0,3.5,
2026041301,,,,,,,,,,,,,,,,,,,,,,,,,,,,,,,,,0.0,,,,,,,,,,,,,,,,,,,,,,,,,,,,,,,,,,,,,,,,,,,,,,,,,,,,,,,,,,,,,,,,,,,,,,,,,,,,,,,,,,,,,,,,,,,,,,,,,,,,,,,,,,,,,,,,,,,,,,,,,,,,,,,,,,,,,,,,,,,,,,,,,,,,,,,,,,,,,,,,,,,,,,,,,,,,,,,,,,,,,,,,,,,,,,,,,,,,,,,,,,,,,,,,,,,,,,,,,,,,,,,,,,,,,,,,,,,,,,,,,,,,,,,,,,,,,,,,,,,,,,,,,,,,,,,,,,,,,,,,,,,,,,,,,,,,,,,,,,,,,,,,,,,,,,,,,,,,,,,,,,,,,,,,,,,,,,,,,,,,,,,,,,,,,,,,,,,,,,,,,,,,,,,,,,,,,,,,,,,,,,,,,,,,,,,,,,,,,,,,,,,,,,,,,,,,,,,,,,,,,,,,,,,,,,,,,,,,,,,,,,,,,,,,,,,,,,,,,,,,,,,,,,,,,,,,,,,,,,,,,,,,,,,,,,,,,,,,,,,,,,,,,,,,,,,,,,,,,,,,,,,,,,,,,,,,,,,,,,,,,,,,,,,,,,,,,,,,
2026041302,,,,,,,,,,,,,,,,,,,,,,,,,,,,,,,,,0.0,,,,,,,,,,,,,,,,,,,,,,,,,,,,,,,,,,,,,,,,,,,,,,,,,,,,,,,,,,,,,,,,,,,,,,,,,,,,,,,,,,,,,,,,,,,,,,,,,,,,,,,,,,,,,,,,,,,,,,,,,,,,,,,,,,,,,,,,,,,,,,,,,,,,,,,,,,,,,,,,,,,,,,,,,,,,,,,,,,,,,,,,,,,,,,,,,,,,,,,,,,,,,,,,,,,,,,,,,,,,,,,,,,,,,,,,,,,,,,,,,,,,,,,,,,,,,,,,,,,,,,,,,,,,,,,,,,,,,,,,,,,,,,,,,,,,,,,,,,,,,,,,,,,,,,,,,,,,,,,,,,,,,,,,,,,,,,,,,,,,,,,,,,,,,,,,,,,,,,,,,,,,,,,,,,,,,,,,,,,,,,,,,,,,,,,,,,,,,,,,,,,,,,,,,,,,,,,,,,,,,,,,,,,,,,,,,,,,,,,,,,,,,,,,,,,,,,,,,,,,,,,,,,,,,,,,,,,,,,,,,,,,,,,,,,,,,,,,,,,,,,,,,,,,,,,,,,,,,,,,,,,,,,,,,,,,,,,,,,,,,,,,,,,,,,,,,,,,
2026041303,,,,,,,,,,,,,,,,,,,,,,,,,,,,,,,,,0.0,,,,,,,,,,,,,,,,,,,,,,,,,,,,,,,,,,,,,,,,,,,,,,,,,,,,,,,,,,,,,,,,,,,,,,,,,,,,,,,,,,,,,,,,,,,,,,,,,,,,,,,,,,,,,,,,,,,,,,,,,,,,,,,,,,,,,,,,,,,,,,,,,,,,,,,,,,,,,,,,,,,,,,,,,,,,,,,,,,,,,,,,,,,,,,,,,,,,,,,,,,,,,,,,,,,,,,,,,,,,,,,,,,,,,,,,,,,,,,,,,,,,,,,,,,,,,,,,,,,,,,,,,,,,,,,,,,,,,,,,,,,,,,,,,,,,,,,,,,,,,,,,,,,,,,,,,,,,,,,,,,,,,,,,,,,,,,,,,,,,,,,,,,,,,,,,,,,,,,,,,,,,,,,,,,,,,,,,,,,,,,,,,,,,,,,,,,,,,,,,,,,,,,,,,,,,,,,,,,,,,,,,,,,,,,,,,,,,,,,,,,,,,,,,,,,,,,,,,,,,,,,,,,,,,,,,,,,,,,,,,,,,,,,,,,,,,,,,,,,,,,,,,,,,,,,,,,,,,,,,,,,,,,,,,,,,,,,,,,,,,,,,,,,,,,,,,,,,
2026041304,,,,,,,,,,,,,,,,,,,,,,,,,,,,,,,,,0.0,,,,,,,,,,,,,,,,,,,,,,,,,,,,,,,,,,,,,,,,,,,,,,,,,,,,,,,,,,,,,,,,,,,,,,,,,,,,,,,,,,,,,,,,,,,,,,,,,,,,,,,,,,,,,,,,,,,,,,,,,,,,,,,,,,,,,,,,,,,,,,,,,,,,,,,,,,,,,,,,,,,,,,,,,,,,,,,,,,,,,,,,,,,,,,,,,,,,,,,,,,,,,,,,,,,,,,,,,,,,,,,,,,,,,,,,,,,,,,,,,,,,,,,,,,,,,,,,,,,,,,,,,,,,,,,,,,,,,,,,,,,,,,,,,,,,,,,,,,,,,,,,,,,,,,,,,,,,,,,,,,,,,,,,,,,,,,,,,,,,,,,,,,,,,,,,,,,,,,,,,,,,,,,,,,,,,,,,,,,,,,,,,,,,,,,,,,,,,,,,,,,,,,,,,,,,,,,,,,,,,,,,,,,,,,,,,,,,,,,,,,,,,,,,,,,,,,,,,,,,,,,,,,,,,,,,,,,,,,,,,,,,,,,,,,,,,,,,,,,,,,,,,,,,,,,,,,,,,,,,,,,,,,,,,,,,,,,,,,,,,,,,,,,,,,,,,,,,
2026041305,,,,,,,,,,,,,,,,,,,,,,,,,,,,,,,,,0.0,,,,,,,,,,,,,,,,,,,,,,,,,,,,,,,,,,,,,,,,,,,,,,,,,,,,,,,,,,,,,,,,,,,,,,,,,,,,,,,,,,,,,,,,,,,,,,,,,,,,,,,,,,,,,,,,,,,,,,,,,,,,,,,,,,,,,,,,,,,,,,,,,,,,,,,,,,,,,,,,,,,,,,,,,,,,,,,,,,,,,,,,,,,,,,,,,,,,,,,,,,,,,,,,,,,,,,,,,,,,,,,,,,,,,,,,,,,,,,,,,,,,,,,,,,,,,,,,,,,,,,,,,,,,,,,,,,,,,,,,,,,,,,,,,,,,,,,,,,,,,,,,,,,,,,,,,,,,,,,,,,,,,,,,,,,,,,,,,,,,,,,,,,,,,,,,,,,,,,,,,,,,,,,,,,,,,,,,,,,,,,,,,,,,,,,,,,,,,,,,,,,,,,,,,,,,,,,,,,,,,,,,,,,,,,,,,,,,,,,,,,,,,,,,,,,,,,,,,,,,,,,,,,,,,,,,,,,,,,,,,,,,,,,,,,,,,,,,,,,,,,,,,,,,,,,,,,,,,,,,,,,,,,,,,,,,,,,,,,,,,,,,,,,,,,,,,,,,
2026041306,1.087,0.0,0.0,0.0,0.0,0.0,0.0,0.0,0.0,0.0,0.0,0.0,0.0,0.0,0.0,0.0,0.192,0.84,1.697,3.402,6.048,16.375,24.0,0.0,2.0,0.0,1.0,12.0,0.0,0.0,5.0,0.0,0.0,,,,,,,,,,,,,,,,,,,,,,,,,,,,,,,,,,,,,,,,,,,,,,,,,,,,,,,,,,,,,,,,,,0.0,0.0,0.0,0.0,0.0,0.0,0.0,0.0,0.0,0.0,0.0,0.0,0.0,0.0,0.0,0.0,0.0,0.0,0.296,1.085,2.651,6.653,15.0,0.0,0.0,5.0,0.0,0.0,0.0,1.0,0.0,0.0,,,,,,,,,,,,,,,,,,,,,,,,,,,,,,,,,274.33,,,,,,,,,,,,,,,,,,,0.005,,,,,,,,,,,,,,,,,,0.018,,,,,,,,,,,,,,,,,,0.003,0.0,0.0,0.0,0.0,0.0,0.003,0.01,11.0,3.0,0.0,0.0,0.0,0.0,0.0,0.0,0.0,0.0,0.02,,,,,,,,,,,,,,,,,,1.0,1.0,,,,,,,,,,,13.0,14.0,12.0,15.0,16.0,18.0,18.0,0.0,0.0,0.0,0.0,0.0,15.7,,273.76,1.96,,93.0,2.0,,0.0,,,,,,,,,,,,,,,,,,,,,,,,,0.0,0.0,0.0,0.0,0.0,0.0,0.0,0.0,0.0,0.0,0.0,0.0,0.0,0.0,,,,,,,,,,,,,10.2,,10.6669,6.31684,7.90388,8.10615,8.43001,8.97891,9.09953,9.28627,9.76482,9.80115,6.9156,9.96556,10.4577,10.7327,10.7572,11.1988,11.8632,12.7308,13.1219,14.0876,15.5841,17.0645,32.0,1.0,0.0,0.0,0.0,0.0,4.6,2.0,2.4,2.8,2.8,2.8,3.2,3.2,3.6,4.02875,2.0,4.109,4.20512,4.68837,5.19867,5.29491,5.44377,6.37477,7.3646,7.82386,9.16728,9.52887,4.55522,2.2,1.0,0.0,0.0,0.0,0.0,0.0,0.0,6.0,2.0,,,,,,,,61.0,208.0,,3.6,0.0,13.2,0.0,,86.0,6.7,1.7,3.6,1.5,6.6,10.4,12.1,13.1,1408.0,960.0,1056.0,888.0,1352.0,1648.0,1864.0,2056.0,,,42.0,17.0,,,,,,2.78854,275.92,2.0,278.891,274.252,275.604,276.037,276.61,277.003,277.233,277.68,278.203,278.577,274.834,278.604,279.112,279.363,279.75,280.105,280.708,281.026,281.738,282.98,284.408,284.774,0.0,0.0,0.0,0.0,0.0,0.0,0.0,0.0,,,,,,,,,,,,,,,,,,,,,,,,,,,,,,,9.999e+20,,,290.0,3.7,,,,,,0.0,,,,,,,557.0,280.0,280.0,280.0,,275.3,4.57592,2.4,3.2,3.2,3.6,3.6,3.6,4.0,4.0,4.4,2.8,4.4,4.54146,4.57151,4.60433,5.01625,5.12552,5.2483,5.34113,5.84353,6.3736,7.05525,0.0,0.0,0.0,0.0,11.0,0.0,1.6,0.0,0.4,0.4,0.8,0.8,0.8,0.8,1.2,1.2,0.4,1.2,1.2,1.6,1.6,1.6,2.0,2.4,2.8,2.8,3.2,3.6,1.61669,1.02,0.0,0.0,0.0,0.0,2.0,0.0,1.0,0.0,1.6,2.0,
2026041307,,,,,,,,,,,,,,,,,,,,,,,,,,,,,,,,,0.0,,,,,,,,,,,,,,,,,,,,,,,,,,,,,,,,,,,,,,,,,,,,,,,,,,,,,,,,,,,,,,,,,,,,,,,,,,,,,,,,,,,,,,,,,,,,,,,,,,,,,,,,,,,,,,,,,,,,,,,,,,,,,,,,,,,,,,,,,,,,,,,,,,,,,,,,,,,,,,,,,,,,,,,,,,,,,,,,,,,,,,,,,,,,,,,,,,,,,,,,,,,,,,,,,,,,,,,,,,,,,,,,,,,,,,,,,,,,,,,,,,,,,,,,,,,,,,,,,,,,,,,,,,,,,,,,,,,,,,,,,,,,,,,,,,,,,,,,,,,,,,,,,,,,,,,,,,,,,,,,,,,,,,,,,,,,,,,,,,,,,,,,,,,,,,,,,,,,,,,,,,,,,,,,,,,,,,,,,,,,,,,,,,,,,,,,,,,,,,,,,,,,,,,,,,,,,,,,,,,,,,,,,,,,,,,,,,,,,,,,,,,,,,,,,,,,,,,,,,,,,,,,,,,,,,,,,,,,,,,,,,,,,,,,,,,,,,,,,,,,,,,,,,,,,,,,,,,,,,,,,,,,,,,,,,,,,,,,,,,,,,,,,,,,,,,,,,,,
2026041308,,,,,,,,,,,,,,,,,,,,,,,,,,,,,,,,,0.0,,,,,,,,,,,,,,,,,,,,,,,,,,,,,,,,,,,,,,,,,,,,,,,,,,,,,,,,,,,,,,,,,,,,,,,,,,,,,,,,,,,,,,,,,,,,,,,,,,,,,,,,,,,,,,,,,,,,,,,,,,,,,,,,,,,,,,,,,,,,,,,,,,,,,,,,,,,,,,,,,,,,,,,,,,,,,,,,,,,,,,,,,,,,,,,,,,,,,,,,,,,,,,,,,,,,,,,,,,,,,,,,,,,,,,,,,,,,,,,,,,,,,,,,,,,,,,,,,,,,,,,,,,,,,,,,,,,,,,,,,,,,,,,,,,,,,,,,,,,,,,,,,,,,,,,,,,,,,,,,,,,,,,,,,,,,,,,,,,,,,,,,,,,,,,,,,,,,,,,,,,,,,,,,,,,,,,,,,,,,,,,,,,,,,,,,,,,,,,,,,,,,,,,,,,,,,,,,,,,,,,,,,,,,,,,,,,,,,,,,,,,,,,,,,,,,,,,,,,,,,,,,,,,,,,,,,,,,,,,,,,,,,,,,,,,,,,,,,,,,,,,,,,,,,,,,,,,,,,,,,,,,,,,,,,,,,,,,,,,,,,,,,,,,,,,,,,,,
2026041309,,,,,,,,,,,,,,,,,,,,,,,,,,,,,,,,,0.0,,,,,,,,,,,,,,,,,,,,,,,,,,,,,,,,,,,,,,,,,,,,,,,,,,,,,,,,,,,,,,,,,,,,,,,,,,,,,,,,,,,,,,,,,,,,,,,,,,,,,,,,,,,,,,,,,,,,,,,,,,,,,,,,,,,,,,,,,,,,,,,,,,,,,,,,,,,,,,,,,,,,,,,,,,,,,,,,,,,,,,,,,,,,,,,,,,,,,,,,,,,,,,,,,,,,,,,,,,,,,,,,,,,,,,,,,,,,,,,,,,,,,,,,,,,,,,,,,,,,,,,,,,,,,,,,,,,,,,,,,,,,,,,,,,,,,,,,,,,,,,,,,,,,,,,,,,,,,,,,,,,,,,,,,,,,,,,,,,,,,,,,,,,,,,,,,,,,,,,,,,,,,,,,,,,,,,,,,,,,,,,,,,,,,,,,,,,,,,,,,,,,,,,,,,,,,,,,,,,,,,,,,,,,,,,,,,,,,,,,,,,,,,,,,,,,,,,,,,,,,,,,,,,,,,,,,,,,,,,,,,,,,,,,,,,,,,,,,,,,,,,,,,,,,,,,,,,,,,,,,,,,,,,,,,,,,,,,,,,,,,,,,,,,,,,,,,,,
2026041310,,,,,,,,,,,,,,,,,,,,,,,,,,,,,,,,,0.0,,,,,,,,,,,,,,,,,,,,,,,,,,,,,,,,,,,,,,,,,,,,,,,,,,,,,,,,,,,,,,,,,,,,,,,,,,,,,,,,,,,,,,,,,,,,,,,,,,,,,,,,,,,,,,,,,,,,,,,,,,,,,,,,,,,,,,,,,,,,,,,,,,,,,,,,,,,,,,,,,,,,,,,,,,,,,,,,,,,,,,,,,,,,,,,,,,,,,,,,,,,,,,,,,,,,,,,,,,,,,,,,,,,,,,,,,,,,,,,,,,,,,,,,,,,,,,,,,,,,,,,,,,,,,,,,,,,,,,,,,,,,,,,,,,,,,,,,,,,,,,,,,,,,,,,,,,,,,,,,,,,,,,,,,,,,,,,,,,,,,,,,,,,,,,,,,,,,,,,,,,,,,,,,,,,,,,,,,,,,,,,,,,,,,,,,,,,,,,,,,,,,,,,,,,,,,,,,,,,,,,,,,,,,,,,,,,,,,,,,,,,,,,,,,,,,,,,,,,,,,,,,,,,,,,,,,,,,,,,,,,,,,,,,,,,,,,,,,,,,,,,,,,,,,,,,,,,,,,,,,,,,,,,,,,,,,,,,,,,,,,,,,,,,,,,,,,,,
2026041311,,,,,,,,,,,,,,,,,,,,,,,,,,,,,,,,,0.0,,,,,,,,,,,,,,,,,,,,,,,,,,,,,,,,,,,,,,,,,,,,,,,,,,,,,,,,,,,,,,,,,,,,,,,,,,,,,,,,,,,,,,,,,,,,,,,,,,,,,,,,,,,,,,,,,,,,,,,,,,,,,,,,,,,,,,,,,,,,,,,,,,,,,,,,,,,,,,,,,,,,,,,,,,,,,,,,,,,,,,,,,,,,,,,,,,,,,,,,,,,,,,,,,,,,,,,,,,,,,,,,,,,,,,,,,,,,,,,,,,,,,,,,,,,,,,,,,,,,,,,,,,,,,,,,,,,,,,,,,,,,,,,,,,,,,,,,,,,,,,,,,,,,,,,,,,,,,,,,,,,,,,,,,,,,,,,,,,,,,,,,,,,,,,,,,,,,,,,,,,,,,,,,,,,,,,,,,,,,,,,,,,,,,,,,,,,,,,,,,,,,,,,,,,,,,,,,,,,,,,,,,,,,,,,,,,,,,,,,,,,,,,,,,,,,,,,,,,,,,,,,,,,,,,,,,,,,,,,,,,,,,,,,,,,,,,,,,,,,,,,,,,,,,,,,,,,,,,,,,,,,,,,,,,,,,,,,,,,,,,,,,,,,,,,,,,,,
2026041312,0.764,0.0,0.0,0.0,0.0,0.0,0.0,0.0,0.0,0.0,0.0,0.0,0.0,0.0,0.0,0.0,0.0,0.022,0.658,1.995,4.737,12.183,17.0,0.0,1.0,0.0,1.0,8.0,0.0,0.0,3.0,0.0,0.0,,2.42,0.0,0.0,0.0,0.0,0.0,0.0,0.0,0.0,0.0,0.0,0.0,0.0,0.0,0.0,0.099,0.689,1.739,3.696,7.019,13.718,35.582,29.0,0.0,5.0,0.0,0.0,0.0,2.0,1.0,11.0,0.0,5.552,0.0,0.0,0.0,0.0,0.0,0.0,0.0,0.0,0.0,0.0,0.271,0.979,1.677,2.402,3.393,4.952,6.969,9.557,15.65,27.45,71.72,12.0,0.0,34.0,0.0,6.0,0.0,0.0,0.0,2.0,1.0,0.0,0.0,0.0,0.0,0.0,0.0,0.0,0.0,0.0,0.0,0.0,0.0,0.0,0.0,0.0,0.0,0.0,0.0,0.0,0.249,1.734,8.645,10.0,0.0,0.0,3.0,0.0,0.0,0.0,1.0,0.0,0.0,7.732,0.0,0.0,0.0,0.0,0.0,0.0,0.0,0.208,0.739,0.0,1.535,2.196,3.152,4.166,5.711,8.192,11.409,14.779,20.589,35.25,90.742,0.0,0.0,8.0,0.0,0.0,3.0,0.0,28.0,0.0,2.0,273.56,,,,,,,,,,,,,,,,,,,0.005,0.0,0.0,0.0,0.0,0.0,0.025,0.03,19.0,9.0,4.0,2.0,0.0,0.0,0.0,0.0,0.0,0.0,0.018,0.0,0.0,0.0,0.0,0.018,0.046,0.107,19.0,10.0,5.0,1.0,1.0,0.0,0.0,0.0,0.0,0.0,0.003,0.0,0.0,0.0,0.0,0.0,0.0,0.013,7.0,2.0,0.0,0.0,0.0,0.0,0.0,0.0,0.0,0.0,0.023,0.0,0.0,0.0,0.0,0.025,0.066,0.135,23.0,7.0,3.0,1.0,0.0,0.0,0.0,0.0,0.0,0.0,0.0,1.0,,,,,,,,,,,13.0,13.0,13.0,15.0,17.0,18.0,18.0,0.0,0.0,0.0,0.0,0.0,16.3,,272.42,1.95,,0.0,,,0.0,0.0,0.0,0.0,0.0,0.0,0.0,0.0,0.0,0.0,0.0,0.0,0.0,0.0,0.0,0.0,0.0,0.0,0.0,0.0,0.0,0.0,0.0,0.0,0.0,0.0,0.0,0.0,0.0,0.0,0.0,0.0,0.0,0.0,0.0,0.0,0.0,0.0,0.0,0.0,0.0,0.0,0.0,0.0,0.0,0.0,0.0,0.0,0.0,0.0,0.0,3.2,,,,,,,,,,,,,,,,,,,,,,,,,,,,,,4.3,1.6,2.4,2.8,2.8,3.2,3.2,3.2,3.6,4.0,2.0,4.0,4.41265,4.4516,4.53483,4.99608,5.22213,5.67762,6.13277,6.70606,7.87408,9.87746,4.29931,2.02,1.0,0.0,0.0,0.0,0.0,0.0,0.0,3.0,2.0,,,,,,,,,,0.0,7.2,0.0,7.2,0.0,,85.0,7.1,1.9,3.5,1.5,7.0,10.5,12.6,13.5,1288.0,824.0,984.0,784.0,1240.0,1552.0,1712.0,1880.0,,,52.0,7.0,,,,273.73,2.57,,274.94,1.95,,,,,,,,,,,,,,,,,,,,,,,,,,,,,,,,,,,,,,,,,,,,,,,,,,,,,,,,,,,,,9.999e+20,,,300.0,,1.0,,,,,0.0,,,,,,,,290.0,290.0,290.0,,273.9,,,,,,,,,,,,,,,,,,,,,,,,,,,,,1.6,0.0,0.4,0.4,0.8,0.8,0.8,0.8,1.2,1.2,0.0,1.2,1.2,1.6,1.6,1.6,2.0,2.0,2.4,2.8,3.2,4.0,1.6,1.0,0.0,0.0,0.0,0.0,3.0,0.0,1.0,0.0,1.6,2.0,
2026041313,,,,,,,,,,,,,,,,,,,,,,,,,,,,,,,,,0.0,,,,,,,,,,,,,,,,,,,,,,,,,,,,,,,,,,,,,,,,,,,,,,,,,,,,,,,,,,,,,,,,,,,,,,,,,,,,,,,,,,,,,,,,,,,,,,,,,,,,,,,,,,,,,,,,,,,,,,,,,,,,,,,,,,,,,,,,,,,,,,,,,,,,,,,,,,,,,,,,,,,,,,,,,,,,,,,,,,,,,,,,,,,,,,,,,,,,,,,,,,,,,,,,,,,,,,,,,,,,,,,,,,,,,,,,,,,,,,,,,,,,,,,,,,,,,,,,,,,,,,,,,,,,,,,,,,,,,,,,,,,,,,,,,,,,,,,,,,,,,,,,,,,,,,,,,,,,,,,,,,,,,,,,,,,,,,,,,,,,,,,,,,,,,,,,,,,,,,,,,,,,,,,,,,,,,,,,,,,,,,,,,,,,,,,,,,,,,,,,,,,,,,,,,,,,,,,,,,,,,,,,,,,,,,,,,,,,,,,,,,,,,,,,,,,,,,,,,,,,,,,,,,,,,,,,,,,,,,,,,,,,,,,,,,,,,,,,,,,,,,,,,,,,,,,,,,,,,,,,,,,,,,,,,,,,,,,,,,,,,,,,,,,,,,,,,,,,
2026041314,,,,,,,,,,,,,,,,,,,,,,,,,,,,,,,,,0.0,,,,,,,,,,,,,,,,,,,,,,,,,,,,,,,,,,,,,,,,,,,,,,,,,,,,,,,,,,,,,,,,,,,,,,,,,,,,,,,,,,,,,,,,,,,,,,,,,,,,,,,,,,,,,,,,,,,,,,,,,,,,,,,,,,,,,,,,,,,,,,,,,,,,,,,,,,,,,,,,,,,,,,,,,,,,,,,,,,,,,,,,,,,,,,,,,,,,,,,,,,,,,,,,,,,,,,,,,,,,,,,,,,,,,,,,,,,,,,,,,,,,,,,,,,,,,,,,,,,,,,,,,,,,,,,,,,,,,,,,,,,,,,,,,,,,,,,,,,,,,,,,,,,,,,,,,,,,,,,,,,,,,,,,,,,,,,,,,,,,,,,,,,,,,,,,,,,,,,,,,,,,,,,,,,,,,,,,,,,,,,,,,,,,,,,,,,,,,,,,,,,,,,,,,,,,,,,,,,,,,,,,,,,,,,,,,,,,,,,,,,,,,,,,,,,,,,,,,,,,,,,,,,,,,,,,,,,,,,,,,,,,,,,,,,,,,,,,,,,,,,,,,,,,,,,,,,,,,,,,,,,,,,,,,,,,,,,,,,,,,,,,,,,,,,,,,,,,
2026041315,,,,,,,,,,,,,,,,,,,,,,,,,,,,,,,,,0.0,,,,,,,,,,,,,,,,,,,,,,,,,,,,,,,,,,,,,,,,,,,,,,,,,,,,,,,,,,,,,,,,,,,,,,,,,,,,,,,,,,,,,,,,,,,,,,,,,,,,,,,,,,,,,,,,,,,,,,,,,,,,,,,,,,,,,,,,,,,,,,,,,,,,,,,,,,,,,,,,,,,,,,,,,,,,,,,,,,,,,,,,,,,,,,,,,,,,,,,,,,,,,,,,,,,,,,,,,,,,,,,,,,,,,,,,,,,,,,,,,,,,,,,,,,,,,,,,,,,,,,,,,,,,,,,,,,,,,,,,,,,,,,,,,,,,,,,,,,,,,,,,,,,,,,,,,,,,,,,,,,,,,,,,,,,,,,,,,,,,,,,,,,,,,,,,,,,,,,,,,,,,,,,,,,,,,,,,,,,,,,,,,,,,,,,,,,,,,,,,,,,,,,,,,,,,,,,,,,,,,,,,,,,,,,,,,,,,,,,,,,,,,,,,,,,,,,,,,,,,,,,,,,,,,,,,,,,,,,,,,,,,,,,,,,,,,,,,,,,,,,,,,,,,,,,,,,,,,,,,,,,,,,,,,,,,,,,,,,,,,,,,,,,,,,,,,,,,
2026041316,,,,,,,,,,,,,,,,,,,,,,,,,,,,,,,,,0.0,,,,,,,,,,,,,,,,,,,,,,,,,,,,,,,,,,,,,,,,,,,,,,,,,,,,,,,,,,,,,,,,,,,,,,,,,,,,,,,,,,,,,,,,,,,,,,,,,,,,,,,,,,,,,,,,,,,,,,,,,,,,,,,,,,,,,,,,,,,,,,,,,,,,,,,,,,,,,,,,,,,,,,,,,,,,,,,,,,,,,,,,,,,,,,,,,,,,,,,,,,,,,,,,,,,,,,,,,,,,,,,,,,,,,,,,,,,,,,,,,,,,,,,,,,,,,,,,,,,,,,,,,,,,,,,,,,,,,,,,,,,,,,,,,,,,,,,,,,,,,,,,,,,,,,,,,,,,,,,,,,,,,,,,,,,,,,,,,,,,,,,,,,,,,,,,,,,,,,,,,,,,,,,,,,,,,,,,,,,,,,,,,,,,,,,,,,,,,,,,,,,,,,,,,,,,,,,,,,,,,,,,,,,,,,,,,,,,,,,,,,,,,,,,,,,,,,,,,,,,,,,,,,,,,,,,,,,,,,,,,,,,,,,,,,,,,,,,,,,,,,,,,,,,,,,,,,,,,,,,,,,,,,,,,,,,,,,,,,,,,,,,,,,,,,,,,,,,
2026041317,,,,,,,,,,,,,,,,,,,,,,,,,,,,,,,,,0.0,,,,,,,,,,,,,,,,,,,,,,,,,,,,,,,,,,,,,,,,,,,,,,,,,,,,,,,,,,,,,,,,,,,,,,,,,,,,,,,,,,,,,,,,,,,,,,,,,,,,,,,,,,,,,,,,,,,,,,,,,,,,,,,,,,,,,,,,,,,,,,,,,,,,,,,,,,,,,,,,,,,,,,,,,,,,,,,,,,,,,,,,,,,,,,,,,,,,,,,,,,,,,,,,,,,,,,,,,,,,,,,,,,,,,,,,,,,,,,,,,,,,,,,,,,,,,,,,,,,,,,,,,,,,,,,,,,,,,,,,,,,,,,,,,,,,,,,,,,,,,,,,,,,,,,,,,,,,,,,,,,,,,,,,,,,,,,,,,,,,,,,,,,,,,,,,,,,,,,,,,,,,,,,,,,,,,,,,,,,,,,,,,,,,,,,,,,,,,,,,,,,,,,,,,,,,,,,,,,,,,,,,,,,,,,,,,,,,,,,,,,,,,,,,,,,,,,,,,,,,,,,,,,,,,,,,,,,,,,,,,,,,,,,,,,,,,,,,,,,,,,,,,,,,,,,,,,,,,,,,,,,,,,,,,,,,,,,,,,,,,,,,,,,,,,,,,,,,
2026041318,,,,,,,,,,,,,,,,,,,,,,,16.0,,,,,,,,,,0.0,,,,,,,,,,,,,,,,,,,,,,,,,,,,,,,,,,,,,,,,,,,,,,,,,,,,,,,,,,,,,,,,,,0.0,,,,,,,,,,,,,,,,,,,,,,12.0,,,,,,,,,,,,,,,,,,,,,,,,,,,,,,,,,,,,,,,,,,280.1,,,,,,,,,,,,,,,,,,,0.008,,,,,,,,,,,,,,,,,,0.015,,,,,,,,,,,,,,,,,,0.003,0.0,0.0,0.0,0.0,0.0,0.0,0.0,5.0,3.0,1.0,1.0,1.0,1.0,0.0,0.0,0.0,0.0,0.023,,,,,,,,,,,,,,,,,,5.0,8.0,,,,,,,,,,,13.0,13.0,13.0,17.0,21.0,22.0,22.0,0.0,0.0,0.0,0.0,0.0,18.4,,272.79,0.77,,287.0,1.0,,0.0,,,,,,,,,,,,,,,,,,,,,,,,,0.0,0.0,0.0,0.0,0.0,0.0,0.0,0.0,0.0,0.0,0.0,0.0,0.0,0.0,,,,,,,,,,,,,8.0,,,,,,,,,,,,,,,,,,,,,,,,,,,,,,5.4,,,,,,,,,,,,,,,,,,,,,,,2.2,,,,,,,,,2.0,,,,,,,86.0,,2120.0,,8.4,0.0,4.8,0.0,,55.0,5.5,1.5,2.5,1.0,5.6,8.1,10.4,12.3,1488.0,1000.0,1224.0,904.0,1472.0,1760.0,1952.0,2048.0,,,41.0,20.0,,,,,,,281.01,4.11,,,,,,,,,,,,,,,,,,,,,,,,,,,,,,,,,,,,,,,,,,,,,,,,,,,,,,,,,,,,,9.999e+20,,,70.0,5.8,,,,,,2.0,,,,,,,11736.0,320.0,320.0,320.0,,279.7,,,,,,,,,,,,,,,,,,,,,,,,,,,,,2.1,,,,,,,,,,,,,,,,,,,,,,,1.0,,,,,,,,,2.1,2.5,
2026041319,,,,,,,,,,,,,,,,,,,,,,,,,,,,,,,,,0.0,,,,,,,,,,,,,,,,,,,,,,,,,,,,,,,,,,,,,,,,,,,,,,,,,,,,,,,,,,,,,,,,,,,,,,,,,,,,,,,,,,,,,,,,,,,,,,,,,,,,,,,,,,,,,,,,,,,,,,,,,,,,,,,,,,,,,,,,,,,,,,,,,,,,,,,,,,,,,,,,,,,,,,,,,,,,,,,,,,,,,,,,,,,,,,,,,,,,,,,,,,,,,,,,,,,,,,,,,,,,,,,,,,,,,,,,,,,,,,,,,,,,,,,,,,,,,,,,,,,,,,,,,,,,,,,,,,,,,,,,,,,,,,,,,,,,,,,,,,,,,,,,,,,,,,,,,,,,,,,,,,,,,,,,,,,,,,,,,,,,,,,,,,,,,,,,,,,,,,,,,,,,,,,,,,,,,,,,,,,,,,,,,,,,,,,,,,,,,,,,,,,,,,,,,,,,,,,,,,,,,,,,,,,,,,,,,,,,,,,,,,,,,,,,,,,,,,,,,,,,,,,,,,,,,,,,,,,,,,,,,,,,,,,,,,,,,,,,,,,,,,,,,,,,,,,,,,,,,,,,,,,,,,,,,,,,,,,,,,,,,,,,,,,,,,,,,,,,
2026041320,,,,,,,,,,,,,,,,,,,,,,,,,,,,,,,,,0.0,,,,,,,,,,,,,,,,,,,,,,,,,,,,,,,,,,,,,,,,,,,,,,,,,,,,,,,,,,,,,,,,,,,,,,,,,,,,,,,,,,,,,,,,,,,,,,,,,,,,,,,,,,,,,,,,,,,,,,,,,,,,,,,,,,,,,,,,,,,,,,,,,,,,,,,,,,,,,,,,,,,,,,,,,,,,,,,,,,,,,,,,,,,,,,,,,,,,,,,,,,,,,,,,,,,,,,,,,,,,,,,,,,,,,,,,,,,,,,,,,,,,,,,,,,,,,,,,,,,,,,,,,,,,,,,,,,,,,,,,,,,,,,,,,,,,,,,,,,,,,,,,,,,,,,,,,,,,,,,,,,,,,,,,,,,,,,,,,,,,,,,,,,,,,,,,,,,,,,,,,,,,,,,,,,,,,,,,,,,,,,,,,,,,,,,,,,,,,,,,,,,,,,,,,,,,,,,,,,,,,,,,,,,,,,,,,,,,,,,,,,,,,,,,,,,,,,,,,,,,,,,,,,,,,,,,,,,,,,,,,,,,,,,,,,,,,,,,,,,,,,,,,,,,,,,,,,,,,,,,,,,,,,,,,,,,,,,,,,,,,,,,,,,,,,,,,,,,
2026041321,,,,,,,,,,,,,,,,,,,,,,,,,,,,,,,,,0.0,,,,,,,,,,,,,,,,,,,,,,,,,,,,,,,,,,,,,,,,,,,,,,,,,,,,,,,,,,,,,,,,,,,,,,,,,,,,,,,,,,,,,,,,,,,,,,,,,,,,,,,,,,,,,,,,,,,,,,,,,,,,,,,,,,,,,,,,,,,,,,,,,,,,,,,,,,,,,,,,,,,,,,,,,,,,,,,,,,,,,,,,,,,,,,,,,,,,,,,,,,,,,,,,,,,,,,,,,,,,,,,,,,,,,,,,,,,,,,,,,,,,,,,,,,,,,,,,,,,,,,,,,,,,,,,,,,,,,,,,,,,,,,,,,,,,,,,,,,,,,,,,,,,,,,,,,,,,,,,,,,,,,,,,,,,,,,,,,,,,,,,,,,,,,,,,,,,,,,,,,,,,,,,,,,,,,,,,,,,,,,,,,,,,,,,,,,,,,,,,,,,,,,,,,,,,,,,,,,,,,,,,,,,,,,,,,,,,,,,,,,,,,,,,,,,,,,,,,,,,,,,,,,,,,,,,,,,,,,,,,,,,,,,,,,,,,,,,,,,,,,,,,,,,,,,,,,,,,,,,,,,,,,,,,,,,,,,,,,,,,,,,,,,,,,,,,,,,
