ValidTime,APCP12hr_surface,APCP12hr_surface_1% level,APCP12hr_surface_10% level,APCP12hr_surface_15% level,APCP12hr_surface_20% level,APCP12hr_surface_25% level,APCP12hr_surface_30% level,APCP12hr_surface_35% level,APCP12hr_surface_40% level,APCP12hr_surface_45% level,APCP12hr_surface_5% level,APCP12hr_surface_50% level,APCP12hr_surface_55% level,APCP12hr_surface_60% level,APCP12hr_surface_65% level,APCP12hr_surface_70% level,APCP12hr_surface_75% level,APCP12hr_surface_80% level,APCP12hr_surface_85% level,APCP12hr_surface_90% level,APCP12hr_surface_95% level,APCP12hr_surface_99% level,APCP12hr_surface_prob >0.254,APCP12hr_surface_prob >101.6,APCP12hr_surface_prob >12.7,APCP12hr_surface_prob >127,APCP12hr_surface_prob >19.05,APCP12hr_surface_prob >2.54,APCP12hr_surface_prob >25.4,APCP12hr_surface_prob >50.8,APCP12hr_surface_prob >6.35,APCP12hr_surface_prob >76.2,APCP1hr_surface,APCP1hr_surface_prob >0.254,APCP24hr_surface,APCP24hr_surface_1% level,APCP24hr_surface_10% level,APCP24hr_surface_15% level,APCP24hr_surface_20% level,APCP24hr_surface_25% level,APCP24hr_surface_30% level,APCP24hr_surface_35% level,APCP24hr_surface_40% level,APCP24hr_surface_45% level,APCP24hr_surface_5% level,APCP24hr_surface_50% level,APCP24hr_surface_55% level,APCP24hr_surface_60% level,APCP24hr_surface_65% level,APCP24hr_surface_70% level,APCP24hr_surface_75% level,APCP24hr_surface_80% level,APCP24hr_surface_85% level,APCP24hr_surface_90% level,APCP24hr_surface_95% level,APCP24hr_surface_99% level,APCP24hr_surface_prob >0.254,APCP24hr_surface_prob >101.6,APCP24hr_surface_prob >12.7,APCP24hr_surface_prob >127,APCP24hr_surface_prob >152.4,APCP24hr_surface_prob >203.2,APCP24hr_surface_prob >25.4,APCP24hr_surface_prob >50.8,APCP24hr_surface_prob >6.35,APCP24hr_surface_prob >76.2,APCP48hr_surface,APCP48hr_surface_1% level,APCP48hr_surface_10% level,APCP48hr_surface_15% level,APCP48hr_surface_20% level,APCP48hr_surface_25% level,APCP48hr_surface_30% level,APCP48hr_surface_35% level,APCP48hr_surface_40% level,APCP48hr_surface_45% level,APCP48hr_surface_5% level,APCP48hr_surface_50% level,APCP48hr_surface_55% level,APCP48hr_surface_60% level,APCP48hr_surface_65% level,APCP48hr_surface_70% level,APCP48hr_surface_75% level,APCP48hr_surface_80% level,APCP48hr_surface_85% level,APCP48hr_surface_90% level,APCP48hr_surface_95% level,APCP48hr_surface_99% level,APCP48hr_surface_prob >12.7,APCP48hr_surface_prob >127,APCP48hr_surface_prob >2.54,APCP48hr_surface_prob >203.2,APCP48hr_surface_prob >25.4,APCP48hr_surface_prob >254,APCP48hr_surface_prob >304.8,APCP48hr_surface_prob >381,APCP48hr_surface_prob >50.8,APCP48hr_surface_prob >76.2,APCP6hr_surface,APCP6hr_surface_1% level,APCP6hr_surface_10% level,APCP6hr_surface_15% level,APCP6hr_surface_20% level,APCP6hr_surface_25% level,APCP6hr_surface_30% level,APCP6hr_surface_35% level,APCP6hr_surface_40% level,APCP6hr_surface_45% level,APCP6hr_surface_5% level,APCP6hr_surface_50% level,APCP6hr_surface_55% level,APCP6hr_surface_60% level,APCP6hr_surface_65% level,APCP6hr_surface_70% level,APCP6hr_surface_75% level,APCP6hr_surface_80% level,APCP6hr_surface_85% level,APCP6hr_surface_90% level,APCP6hr_surface_95% level,APCP6hr_surface_99% level,APCP6hr_surface_prob >0.254,APCP6hr_surface_prob >12.7,APCP6hr_surface_prob >19.05,APCP6hr_surface_prob >2.54,APCP6hr_surface_prob >25.4,APCP6hr_surface_prob >38.1,APCP6hr_surface_prob >50.8,APCP6hr_surface_prob >6.35,APCP6hr_surface_prob >63.5,APCP6hr_surface_prob >76.2,APCP72hr_surface,APCP72hr_surface_1% level,APCP72hr_surface_10% level,APCP72hr_surface_15% level,APCP72hr_surface_20% level,APCP72hr_surface_25% level,APCP72hr_surface_30% level,APCP72hr_surface_35% level,APCP72hr_surface_40% level,APCP72hr_surface_45% level,APCP72hr_surface_5% level,APCP72hr_surface_50% level,APCP72hr_surface_55% level,APCP72hr_surface_60% level,APCP72hr_surface_65% level,APCP72hr_surface_70% level,APCP72hr_surface_75% level,APCP72hr_surface_80% level,APCP72hr_surface_85% level,APCP72hr_surface_90% level,APCP72hr_surface_95% level,APCP72hr_surface_99% level,APCP72hr_surface_prob >127,APCP72hr_surface_prob >203.2,APCP72hr_surface_prob >25.4,APCP72hr_surface_prob >254,APCP72hr_surface_prob >381,APCP72hr_surface_prob >50.8,APCP72hr_surface_prob >508,APCP72hr_surface_prob >6.35,APCP72hr_surface_prob >635,APCP72hr_surface_prob >76.2,APTMP_2 m above ground,ASNOW1hr_surface,ASNOW1hr_surface_10% level,ASNOW1hr_surface_25% level,ASNOW1hr_surface_5% level,ASNOW1hr_surface_50% level,ASNOW1hr_surface_75% level,ASNOW1hr_surface_90% level,ASNOW1hr_surface_95% level,ASNOW1hr_surface_prob >0.00254,ASNOW1hr_surface_prob >0.00762,ASNOW1hr_surface_prob >0.0127,ASNOW1hr_surface_prob >0.01778,ASNOW1hr_surface_prob >0.0254,ASNOW1hr_surface_prob >0.0381,ASNOW1hr_surface_prob >0.0508,ASNOW1hr_surface_prob >0.0635,ASNOW1hr_surface_prob >0.0762,ASNOW1hr_surface_prob >0.1016,ASNOW24hr_surface,ASNOW24hr_surface_10% level,ASNOW24hr_surface_25% level,ASNOW24hr_surface_5% level,ASNOW24hr_surface_50% level,ASNOW24hr_surface_75% level,ASNOW24hr_surface_90% level,ASNOW24hr_surface_95% level,ASNOW24hr_surface_prob >0.00254,ASNOW24hr_surface_prob >0.0254,ASNOW24hr_surface_prob >0.0508,ASNOW24hr_surface_prob >0.1016,ASNOW24hr_surface_prob >0.1524,ASNOW24hr_surface_prob >0.2032,ASNOW24hr_surface_prob >0.254,ASNOW24hr_surface_prob >0.3048,ASNOW24hr_surface_prob >0.4572,ASNOW24hr_surface_prob >0.6096,ASNOW48hr_surface,ASNOW48hr_surface_10% level,ASNOW48hr_surface_25% level,ASNOW48hr_surface_5% level,ASNOW48hr_surface_50% level,ASNOW48hr_surface_75% level,ASNOW48hr_surface_90% level,ASNOW48hr_surface_95% level,ASNOW48hr_surface_prob >0.0254,ASNOW48hr_surface_prob >0.0508,ASNOW48hr_surface_prob >0.1016,ASNOW48hr_surface_prob >0.1524,ASNOW48hr_surface_prob >0.2032,ASNOW48hr_surface_prob >0.3048,ASNOW48hr_surface_prob >0.4572,ASNOW48hr_surface_prob >0.6096,ASNOW48hr_surface_prob >0.762,ASNOW48hr_surface_prob >0.9144,ASNOW6hr_surface,ASNOW6hr_surface_10% level,ASNOW6hr_surface_25% level,ASNOW6hr_surface_5% level,ASNOW6hr_surface_50% level,ASNOW6hr_surface_75% level,ASNOW6hr_surface_90% level,ASNOW6hr_surface_95% level,ASNOW6hr_surface_prob >0.00254,ASNOW6hr_surface_prob >0.0254,ASNOW6hr_surface_prob >0.0508,ASNOW6hr_surface_prob >0.0762,ASNOW6hr_surface_prob >0.1016,ASNOW6hr_surface_prob >0.127,ASNOW6hr_surface_prob >0.1524,ASNOW6hr_surface_prob >0.2032,ASNOW6hr_surface_prob >0.254,ASNOW6hr_surface_prob >0.3048,ASNOW72hr_surface,ASNOW72hr_surface_10% level,ASNOW72hr_surface_25% level,ASNOW72hr_surface_5% level,ASNOW72hr_surface_50% level,ASNOW72hr_surface_75% level,ASNOW72hr_surface_90% level,ASNOW72hr_surface_95% level,ASNOW72hr_surface_prob >0.0254,ASNOW72hr_surface_prob >0.1016,ASNOW72hr_surface_prob >0.1524,ASNOW72hr_surface_prob >0.2032,ASNOW72hr_surface_prob >0.3048,ASNOW72hr_surface_prob >0.4572,ASNOW72hr_surface_prob >0.6096,ASNOW72hr_surface_prob >0.762,ASNOW72hr_surface_prob >0.9144,ASNOW72hr_surface_prob >1.219,CAPE_surface,CAPE_surface_ens std dev,CDCB_high cloud layer,CDCB_reserved,CDCTOP_reserved,CEIL_cloud base,CEIL_cloud ceiling,CEIL_cloud ceiling_prob <152.4,CEIL_cloud ceiling_prob <2011.68,CEIL_cloud ceiling_prob <304.8,CEIL_cloud ceiling_prob <609.6,CEIL_cloud ceiling_prob <914.5,CWASP_surface_10% level,CWASP_surface_25% level,CWASP_surface_5% level,CWASP_surface_50% level,CWASP_surface_75% level,CWASP_surface_90% level,CWASP_surface_95% level,CWASP_surface_prob >50,CWASP_surface_prob >65,CWASP_surface_prob >70,CWASP_surface_prob >75,CWASP_surface_prob >85,CWASP_surface_unknown derived fcst,DIST_surface - 610 m above ground,DPT_2 m above ground,DPT_2 m above ground_ens std dev,DRYTPROB3hr_surface_prob >0,DSWRF_surface,ELLINX_400-300 mb,FICEAC1hr_surface,FICEAC24hr_surface,FICEAC24hr_surface_10% level,FICEAC24hr_surface_25% level,FICEAC24hr_surface_5% level,FICEAC24hr_surface_50% level,FICEAC24hr_surface_75% level,FICEAC24hr_surface_90% level,FICEAC24hr_surface_95% level,FICEAC24hr_surface_prob >0.254,FICEAC24hr_surface_prob >12.7,FICEAC24hr_surface_prob >2.54,FICEAC24hr_surface_prob >25.4,FICEAC24hr_surface_prob >6.35,FICEAC48hr_surface_10% level,FICEAC48hr_surface_25% level,FICEAC48hr_surface_5% level,FICEAC48hr_surface_50% level,FICEAC48hr_surface_75% level,FICEAC48hr_surface_90% level,FICEAC48hr_surface_95% level,FICEAC48hr_surface_prob >0.254,FICEAC48hr_surface_prob >12.7,FICEAC48hr_surface_prob >2.54,FICEAC48hr_surface_prob >25.4,FICEAC48hr_surface_prob >6.35,FICEAC6hr_surface,FICEAC6hr_surface_10% level,FICEAC6hr_surface_25% level,FICEAC6hr_surface_5% level,FICEAC6hr_surface_50% level,FICEAC6hr_surface_75% level,FICEAC6hr_surface_90% level,FICEAC6hr_surface_95% level,FICEAC6hr_surface_prob >0.254,FICEAC6hr_surface_prob >12.7,FICEAC6hr_surface_prob >2.54,FICEAC6hr_surface_prob >25.4,FICEAC6hr_surface_prob >6.35,FICEAC72hr_surface,FICEAC72hr_surface_10% level,FICEAC72hr_surface_25% level,FICEAC72hr_surface_5% level,FICEAC72hr_surface_50% level,FICEAC72hr_surface_75% level,FICEAC72hr_surface_90% level,FICEAC72hr_surface_95% level,FICEAC72hr_surface_prob >0.254,FICEAC72hr_surface_prob >12.7,FICEAC72hr_surface_prob >2.54,FICEAC72hr_surface_prob >25.4,FICEAC72hr_surface_prob >6.35,FOSINDX6hr_surface,FRZSPR_surface,GUST_10 m above ground,GUST_10 m above ground_1% level,GUST_10 m above ground_10% level,GUST_10 m above ground_15% level,GUST_10 m above ground_20% level,GUST_10 m above ground_25% level,GUST_10 m above ground_30% level,GUST_10 m above ground_35% level,GUST_10 m above ground_40% level,GUST_10 m above ground_45% level,GUST_10 m above ground_5% level,GUST_10 m above ground_50% level,GUST_10 m above ground_55% level,GUST_10 m above ground_60% level,GUST_10 m above ground_65% level,GUST_10 m above ground_70% level,GUST_10 m above ground_75% level,GUST_10 m above ground_80% level,GUST_10 m above ground_85% level,GUST_10 m above ground_90% level,GUST_10 m above ground_95% level,GUST_10 m above ground_99% level,GUST_10 m above ground_ens mean,GUST_10 m above ground_ens std dev,GUST_10 m above ground_prob >11,GUST_10 m above ground_prob >15,GUST_10 m above ground_prob >17,GUST_10 m above ground_prob >21,GUST_10 m above ground_prob >24,GUST_10 m above ground_prob >28,GUST_10 m above ground_prob >32,GUST_10 m above ground_prob >8,HINDEX6hr_entire atmosphere (considered as a single layer),HTSGW_surface,HTSGW_surface_10% level,HTSGW_surface_50% level,HTSGW_surface_90% level,HTSGW_surface_ens std dev,ICPRB_1066.8 m above mean sea level,ICPRB_1219.2 m above mean sea level,ICPRB_1371.6 m above mean sea level,ICPRB_152.4 m above mean sea level,ICPRB_1524 m above mean sea level,ICPRB_1676.4 m above mean sea level,ICPRB_1828.8 m above mean sea level,ICPRB_1981.2 m above mean sea level,ICPRB_2133.6 m above mean sea level,ICPRB_2286 m above mean sea level,ICPRB_2438.4 m above mean sea level,ICPRB_2590.8 m above mean sea level,ICPRB_2743.2 m above mean sea level,ICPRB_2895.6 m above mean sea level,ICPRB_304.8 m above mean sea level,ICPRB_3048 m above mean sea level,ICPRB_3200.4 m above mean sea level,ICPRB_3352.8 m above mean sea level,ICPRB_3505.2 m above mean sea level,ICPRB_3657.6 m above mean sea level,ICPRB_3810 m above mean sea level,ICPRB_3962.4 m above mean sea level,ICPRB_4114.8 m above mean sea level,ICPRB_4267.2 m above mean sea level,ICPRB_4419.6 m above mean sea level,ICPRB_457.2 m above mean sea level,ICPRB_4572 m above mean sea level,ICPRB_4724.4 m above mean sea level,ICPRB_4876.8 m above mean sea level,ICPRB_5029.2 m above mean sea level,ICPRB_5181.6 m above mean sea level,ICPRB_5334 m above mean sea level,ICPRB_5486.4 m above mean sea level,ICPRB_5638.8 m above mean sea level,ICPRB_5791.2 m above mean sea level,ICPRB_5943.6 m above mean sea level,ICPRB_609.6 m above mean sea level,ICPRB_6096 m above mean sea level,ICPRB_6248.4 m above mean sea level,ICPRB_6400.8 m above mean sea level,ICPRB_6553.2 m above mean sea level,ICPRB_6705.6 m above mean sea level,ICPRB_6858 m above mean sea level,ICPRB_7010.4 m above mean sea level,ICPRB_7162.8 m above mean sea level,ICPRB_7315.2 m above mean sea level,ICPRB_7467.6 m above mean sea level,ICPRB_762 m above mean sea level,ICPRB_7620 m above mean sea level,ICPRB_7772.4 m above mean sea level,ICPRB_7924.8 m above mean sea level,ICPRB_8077.2 m above mean sea level,ICPRB_8229.6 m above mean sea level,ICPRB_8382 m above mean sea level,ICPRB_8534.4 m above mean sea level,ICPRB_8686.8 m above mean sea level,ICPRB_8839.2 m above mean sea level,ICPRB_8991.6 m above mean sea level,ICPRB_914.4 m above mean sea level,ICPRB_9144 m above mean sea level,ICSEV_1066.8 m above mean sea level,ICSEV_1219.2 m above mean sea level,ICSEV_1371.6 m above mean sea level,ICSEV_152.4 m above mean sea level,ICSEV_1524 m above mean sea level,ICSEV_1676.4 m above mean sea level,ICSEV_1828.8 m above mean sea level,ICSEV_1981.2 m above mean sea level,ICSEV_2133.6 m above mean sea level,ICSEV_2286 m above mean sea level,ICSEV_2438.4 m above mean sea level,ICSEV_2590.8 m above mean sea level,ICSEV_2743.2 m above mean sea level,ICSEV_2895.6 m above mean sea level,ICSEV_304.8 m above mean sea level,ICSEV_3048 m above mean sea level,ICSEV_3200.4 m above mean sea level,ICSEV_3352.8 m above mean sea level,ICSEV_3505.2 m above mean sea level,ICSEV_3657.6 m above mean sea level,ICSEV_3810 m above mean sea level,ICSEV_3962.4 m above mean sea level,ICSEV_4114.8 m above mean sea level,ICSEV_4267.2 m above mean sea level,ICSEV_4419.6 m above mean sea level,ICSEV_457.2 m above mean sea level,ICSEV_4572 m above mean sea level,ICSEV_4724.4 m above mean sea level,ICSEV_4876.8 m above mean sea level,ICSEV_5029.2 m above mean sea level,ICSEV_5181.6 m above mean sea level,ICSEV_5334 m above mean sea level,ICSEV_5486.4 m above mean sea level,ICSEV_5638.8 m above mean sea level,ICSEV_5791.2 m above mean sea level,ICSEV_5943.6 m above mean sea level,ICSEV_609.6 m above mean sea level,ICSEV_6096 m above mean sea level,ICSEV_6248.4 m above mean sea level,ICSEV_6400.8 m above mean sea level,ICSEV_6553.2 m above mean sea level,ICSEV_6705.6 m above mean sea level,ICSEV_6858 m above mean sea level,ICSEV_7010.4 m above mean sea level,ICSEV_7162.8 m above mean sea level,ICSEV_7315.2 m above mean sea level,ICSEV_7467.6 m above mean sea level,ICSEV_762 m above mean sea level,ICSEV_7620 m above mean sea level,ICSEV_7772.4 m above mean sea level,ICSEV_7924.8 m above mean sea level,ICSEV_8077.2 m above mean sea level,ICSEV_8229.6 m above mean sea level,ICSEV_8382 m above mean sea level,ICSEV_8534.4 m above mean sea level,ICSEV_8686.8 m above mean sea level,ICSEV_8839.2 m above mean sea level,ICSEV_8991.6 m above mean sea level,ICSEV_914.4 m above mean sea level,ICSEV_9144 m above mean sea level,MAXREF1hr_1000 m above ground,MAXRH12hr_2 m above ground,MINRH12hr_2 m above ground,MIXHT_entire atmosphere (considered as a single layer),PCPDUR12hr_surface,PTYPE_surface_prob >=1 <2,PTYPE_surface_prob >=3 <4,PTYPE_surface_prob >=5 <7,PTYPE_surface_prob >=8 <9,RETOP_cloud top,RH_2 m above ground,SIPD_1066.8 m above mean sea level,SIPD_1219.2 m above mean sea level,SIPD_1371.6 m above mean sea level,SIPD_152.4 m above mean sea level,SIPD_1524 m above mean sea level,SIPD_1676.4 m above mean sea level,SIPD_1828.8 m above mean sea level,SIPD_1981.2 m above mean sea level,SIPD_2133.6 m above mean sea level,SIPD_2286 m above mean sea level,SIPD_2438.4 m above mean sea level,SIPD_2590.8 m above mean sea level,SIPD_2743.2 m above mean sea level,SIPD_2895.6 m above mean sea level,SIPD_304.8 m above mean sea level,SIPD_3048 m above mean sea level,SIPD_3200.4 m above mean sea level,SIPD_3352.8 m above mean sea level,SIPD_3505.2 m above mean sea level,SIPD_3657.6 m above mean sea level,SIPD_3810 m above mean sea level,SIPD_3962.4 m above mean sea level,SIPD_4114.8 m above mean sea level,SIPD_4267.2 m above mean sea level,SIPD_4419.6 m above mean sea level,SIPD_457.2 m above mean sea level,SIPD_4572 m above mean sea level,SIPD_4724.4 m above mean sea level,SIPD_4876.8 m above mean sea level,SIPD_5029.2 m above mean sea level,SIPD_5181.6 m above mean sea level,SIPD_5334 m above mean sea level,SIPD_5486.4 m above mean sea level,SIPD_5638.8 m above mean sea level,SIPD_5791.2 m above mean sea level,SIPD_5943.6 m above mean sea level,SIPD_609.6 m above mean sea level,SIPD_6096 m above mean sea level,SIPD_6248.4 m above mean sea level,SIPD_6400.8 m above mean sea level,SIPD_6553.2 m above mean sea level,SIPD_6705.6 m above mean sea level,SIPD_6858 m above mean sea level,SIPD_7010.4 m above mean sea level,SIPD_7162.8 m above mean sea level,SIPD_7315.2 m above mean sea level,SIPD_7467.6 m above mean sea level,SIPD_762 m above mean sea level,SIPD_7620 m above mean sea level,SIPD_7772.4 m above mean sea level,SIPD_7924.8 m above mean sea level,SIPD_8077.2 m above mean sea level,SIPD_8229.6 m above mean sea level,SIPD_8382 m above mean sea level,SIPD_8534.4 m above mean sea level,SIPD_8686.8 m above mean sea level,SIPD_8839.2 m above mean sea level,SIPD_8991.6 m above mean sea level,SIPD_914.4 m above mean sea level,SIPD_9144 m above mean sea level,SNOWLR_surface,SNOWLR_surface_10% level,SNOWLR_surface_25% level,SNOWLR_surface_5% level,SNOWLR_surface_50% level,SNOWLR_surface_75% level,SNOWLR_surface_90% level,SNOWLR_surface_95% level,SNOWLVL_0 m above mean sea level,SNOWLVL_surface_10% level,SNOWLVL_surface_25% level,SNOWLVL_surface_5% level,SNOWLVL_surface_50% level,SNOWLVL_surface_75% level,SNOWLVL_surface_90% level,SNOWLVL_surface_95% level,TCDC_high cloud layer,TCDC_reserved,TCDC_surface,TCDC_surface_ens std dev,THUNC1hr_entire atmosphere,TMAX12hr_2 m above ground,TMAX12hr_2 m above ground_ens std dev,TMIN12hr_2 m above ground,TMIN12hr_2 m above ground_ens std dev,TMP18hr_2 m above ground,TMP_2 m above ground,TMP_2 m above ground_ens std dev,TMP_Max_2 m above ground,TMP_Max_2 m above ground_1% level,TMP_Max_2 m above ground_10% level,TMP_Max_2 m above ground_15% level,TMP_Max_2 m above ground_20% level,TMP_Max_2 m above ground_25% level,TMP_Max_2 m above ground_30% level,TMP_Max_2 m above ground_35% level,TMP_Max_2 m above ground_40% level,TMP_Max_2 m above ground_45% level,TMP_Max_2 m above ground_5% level,TMP_Max_2 m above ground_50% level,TMP_Max_2 m above ground_55% level,TMP_Max_2 m above ground_60% level,TMP_Max_2 m above ground_65% level,TMP_Max_2 m above ground_70% level,TMP_Max_2 m above ground_75% level,TMP_Max_2 m above ground_80% level,TMP_Max_2 m above ground_85% level,TMP_Max_2 m above ground_90% level,TMP_Max_2 m above ground_95% level,TMP_Max_2 m above ground_99% level,TMP_Max_2 m above ground_prob <255,TMP_Max_2 m above ground_prob <270,TMP_Max_2 m above ground_prob <273,TMP_Max_2 m above ground_prob >299,TMP_Max_2 m above ground_prob >305,TMP_Max_2 m above ground_prob >310,TMP_Max_2 m above ground_prob >316,TMP_Max_2 m above ground_prob >322,TMP_Min_2 m above ground,TMP_Min_2 m above ground_1% level,TMP_Min_2 m above ground_10% level,TMP_Min_2 m above ground_15% level,TMP_Min_2 m above ground_20% level,TMP_Min_2 m above ground_25% level,TMP_Min_2 m above ground_30% level,TMP_Min_2 m above ground_35% level,TMP_Min_2 m above ground_40% level,TMP_Min_2 m above ground_45% level,TMP_Min_2 m above ground_5% level,TMP_Min_2 m above ground_50% level,TMP_Min_2 m above ground_55% level,TMP_Min_2 m above ground_60% level,TMP_Min_2 m above ground_65% level,TMP_Min_2 m above ground_70% level,TMP_Min_2 m above ground_75% level,TMP_Min_2 m above ground_80% level,TMP_Min_2 m above ground_85% level,TMP_Min_2 m above ground_90% level,TMP_Min_2 m above ground_95% level,TMP_Min_2 m above ground_99% level,TMP_Min_2 m above ground_prob <233,TMP_Min_2 m above ground_prob <244,TMP_Min_2 m above ground_prob <249,TMP_Min_2 m above ground_prob <255,TMP_Min_2 m above ground_prob <260,TMP_Min_2 m above ground_prob <270,TMP_Min_2 m above ground_prob <273,TMP_Min_2 m above ground_prob >299,TMP_surface,TPWDIR_10 m above ground,TPWSPD_10 m above ground,TRWDIR_entire atmosphere (considered as a single layer),TRWSPD_entire atmosphere (considered as a single layer),TSRWE24hr_surface_prob >7.35e-05,TSTM12hr_surface_probability forecast,TSTM1hr_surface_probability forecast,TSTM3hr_surface_probability forecast,TSTM6hr_surface_probability forecast,TURB_surface - 1372 m above ground,VIL_entire atmosphere,VIS_surface,VIS_surface_prob <1609.34,VIS_surface_prob <3218.69,VIS_surface_prob <4828.03,VIS_surface_prob <8046.73,VRATE_entire atmosphere (considered as a single layer),WDIR_10 m above ground,WDIR_30 m above ground,WDIR_80 m above ground,WDIR_surface - 610 m above ground,WETGLBT_surface,WIND_10 m above ground,WIND_10 m above ground_1% level,WIND_10 m above ground_10% level,WIND_10 m above ground_15% level,WIND_10 m above ground_20% level,WIND_10 m above ground_25% level,WIND_10 m above ground_30% level,WIND_10 m above ground_35% level,WIND_10 m above ground_40% level,WIND_10 m above ground_45% level,WIND_10 m above ground_5% level,WIND_10 m above ground_50% level,WIND_10 m above ground_55% level,WIND_10 m above ground_60% level,WIND_10 m above ground_65% level,WIND_10 m above ground_70% level,WIND_10 m above ground_75% level,WIND_10 m above ground_80% level,WIND_10 m above ground_85% level,WIND_10 m above ground_90% level,WIND_10 m above ground_95% level,WIND_10 m above ground_99% level,WIND_10 m above ground_ens mean,WIND_10 m above ground_ens std dev,WIND_10 m above ground_prob >11,WIND_10 m above ground_prob >15,WIND_10 m above ground_prob >17,WIND_10 m above ground_prob >24,WIND_10 m above ground_prob >3,WIND_10 m above ground_prob >32,WIND_10 m above ground_prob >5,WIND_10 m above ground_prob >8,WIND_30 m above ground,WIND_80 m above ground,WIND_surface - 610 m above ground
2025120507,,,,,,,,,,,,,,,,,,,,,,,,,,,,,,,,,0.053,,,,,,,,,,,,,,,,,,,,,,,,,,,,,,,,,,,,,,,,,,,,,,,,,,,,,,,,,,,,,,,,,,,,,,,,,,,,,,,,,,,,,,,,,,,,,,,,,,,,,,,,,,,,,,,,,,,,,,,,,,,,,,,,,,,,,,,,,,,,,,,,,,,,,,,,,,,,,,,,,,,,,,,,,,,,,,,,,,,,,,,,,,,,,,,,,,,,,,,,,,,,,,,,,,,,,,,,,,,,,,,,,,,,,,,,,,,,,,,,,,,,,,,,,,,,,,,,,,,,,,,,,,,,,,,,,,,,,,,,,,,,,,,,,,,,,,,,,,,,,,,,,,,1.6,2.0,2.4,2.4,2.8,2.8,2.8,2.8,3.2,2.0,3.2,3.2,3.2,3.6,3.6,3.6,4.0,4.0,5.22493,6.15516,8.02831,3.23934,1.32174,0.0,0.0,0.0,0.0,0.0,0.0,0.0,0.0,,,,,,,,,,,,,,,,,,,,,,,,,,,,,,,,,,,,,,,,,,,,,,,,,,,,,,,,,,,,,,,,,,,,,,,,,,,,,,,,,,,,,,,,,,,,,,,,,,,,,,,,,,,,,,,,,,,,,,,,,,,,,,,,,,,,,,,,,,,,,,,,,,,,,,,,,,,,,,,,,,,,,,,,,,,,,,,,,,,,,,,,,,,,,,,,,,,,,,,,,,,,,,,,,,,,,,,,,,,,,,,,,,,,,,,,,,,,,,,,,,,,,,,,,,,,,,,,,,,,,,,,,,,,,,,,,,,,,,,,,,,,,,,,,,,,,,,,,,,,,,,,,,,,,,0.4,0.8,0.8,1.2,1.2,1.2,1.2,1.2,1.2,0.8,1.6,1.6,1.6,1.6,1.6,1.6,2.0,2.0,2.4,2.8,3.6,1.6,0.8,0.0,0.0,0.0,0.0,2.0,0.0,0.0,0.0,,,
2025120508,,,,,,,,,,,,,,,,,,,,,,,,,,,,,,,,,0.043,,,,,,,,,,,,,,,,,,,,,,,,,,,,,,,,,,,,,,,,,,,,,,,,,,,,,,,,,,,,,,,,,,,,,,,,,,,,,,,,,,,,,,,,,,,,,,,,,,,,,,,,,,,,,,,,,,,,,,,,,,,,,,,,,,,,,,,,,,,,,,,,,,,,,,,,,,,,,,,,,,,,,,,,,,,,,,,,,,,,,,,,,,,,,,,,,,,,,,,,,,,,,,,,,,,,,,,,,,,,,,,,,,,,,,,,,,,,,,,,,,,,,,,,,,,,,,,,,,,,,,,,,,,,,,,,,,,,,,,,,,,,,,,,,,,,,,,,,,,,,,,,,,,1.6,2.0,2.4,2.4,2.4,2.8,2.8,2.8,2.8,1.6,3.2,3.2,3.2,3.2,3.2,3.6,3.6,4.0,4.41724,5.33118,7.17549,3.22207,1.30905,0.0,0.0,0.0,0.0,0.0,0.0,0.0,0.0,,,,,,,,,,,,,,,,,,,,,,,,,,,,,,,,,,,,,,,,,,,,,,,,,,,,,,,,,,,,,,,,,,,,,,,,,,,,,,,,,,,,,,,,,,,,,,,,,,,,,,,,,,,,,,,,,,,,,,,,,,,,,,,,,,,,,,,,,,,,,,,,,,,,,,,,,,,,,,,,,,,,,,,,,,,,,,,,,,,,,,,,,,,,,,,,,,,,,,,,,,,,,,,,,,,,,,,,,,,,,,,,,,,,,,,,,,,,,,,,,,,,,,,,,,,,,,,,,,,,,,,,,,,,,,,,,,,,,,,,,,,,,,,,,,,,,,,,,,,,,,,,,,,,,,0.4,0.8,0.8,1.2,1.2,1.2,1.2,1.2,1.2,0.8,1.2,1.6,1.6,1.6,1.6,1.6,1.6,2.0,2.4,2.4,3.2,1.6,0.4,0.0,0.0,0.0,0.0,1.0,0.0,0.0,0.0,,,
2025120509,,,,,,,,,,,,,,,,,,,,,,,,,,,,,,,,,0.062,,,,,,,,,,,,,,,,,,,,,,,,,,,,,,,,,,,,,,,,,,,,,,,,,,,,,,,,,,,,,,,,,,,,,,,,,,,,,,,,,,,,,,,,,,,,,,,,,,,,,,,,,,,,,,,,,,,,,,,,,,,,,,,,,,,,,,,,,,,,,,,,,,,,,,,,,,,,,,,,,,,,,,,,,,,,,,,,,,,,,,,,,,,,,,,,,,,,,,,,,,,,,,,,,,,,,,,,,,,,,,,,,,,,,,,,,,,,,,,,,,,,,,,,,,,,,,,,,,,,,,,,,,,,,,,,,,,,,,,,,,,,,,,,,,,,,,,,,,,,,,,,,,,1.2,1.6,2.0,2.4,2.4,2.4,2.4,2.8,2.8,1.6,2.8,2.8,3.2,3.2,3.6,3.6,3.6,4.0,4.46899,4.99018,7.02223,3.23184,1.32139,0.0,0.0,0.0,0.0,0.0,0.0,0.0,0.0,,,,,,,,,,,,,,,,,,,,,,,,,,,,,,,,,,,,,,,,,,,,,,,,,,,,,,,,,,,,,,,,,,,,,,,,,,,,,,,,,,,,,,,,,,,,,,,,,,,,,,,,,,,,,,,,,,,,,,,,,,,,,,,,,,,,,,,,,,,,,,,,,,,,,,,,,,,,,,,,,,,,,,,,,,,,,,,,,,,,,,,,,,,,,,,,,,,,,,,,,,,,,,,,,,,,,,,,,,,,,,,,,,,,,,,,,,,,,,,,,,,,,,,,,,,,,,,,,,,,,,,,,,,,,,,,,,,,,,,,,,,,,,,,,,,,,,,,,,,,,,,,,,,,,,0.4,0.8,0.8,0.8,1.2,1.2,1.2,1.2,1.2,0.4,1.2,1.2,1.6,1.6,1.6,1.6,1.6,2.0,2.0,2.4,3.2,1.2,0.4,0.0,0.0,0.0,0.0,1.0,0.0,0.0,0.0,,,
2025120510,,,,,,,,,,,,,,,,,,,,,,,,,,,,,,,,,0.078,,,,,,,,,,,,,,,,,,,,,,,,,,,,,,,,,,,,,,,,,,,,,,,,,,,,,,,,,,,,,,,,,,,,,,,,,,,,,,,,,,,,,,,,,,,,,,,,,,,,,,,,,,,,,,,,,,,,,,,,,,,,,,,,,,,,,,,,,,,,,,,,,,,,,,,,,,,,,,,,,,,,,,,,,,,,,,,,,,,,,,,,,,,,,,,,,,,,,,,,,,,,,,,,,,,,,,,,,,,,,,,,,,,,,,,,,,,,,,,,,,,,,,,,,,,,,,,,,,,,,,,,,,,,,,,,,,,,,,,,,,,,,,,,,,,,,,,,,,,,,,,,,,,1.2,1.6,2.0,2.0,2.0,2.4,2.4,2.4,2.4,1.6,2.8,2.8,2.8,2.8,3.2,3.2,3.2,3.6,4.0,4.97112,6.84673,2.82207,1.28323,0.0,0.0,0.0,0.0,0.0,0.0,0.0,0.0,,,,,,,,,,,,,,,,,,,,,,,,,,,,,,,,,,,,,,,,,,,,,,,,,,,,,,,,,,,,,,,,,,,,,,,,,,,,,,,,,,,,,,,,,,,,,,,,,,,,,,,,,,,,,,,,,,,,,,,,,,,,,,,,,,,,,,,,,,,,,,,,,,,,,,,,,,,,,,,,,,,,,,,,,,,,,,,,,,,,,,,,,,,,,,,,,,,,,,,,,,,,,,,,,,,,,,,,,,,,,,,,,,,,,,,,,,,,,,,,,,,,,,,,,,,,,,,,,,,,,,,,,,,,,,,,,,,,,,,,,,,,,,,,,,,,,,,,,,,,,,,,,,,,,,0.4,0.4,0.8,0.8,0.8,0.8,1.2,1.2,1.2,0.4,1.2,1.2,1.2,1.2,1.6,1.6,1.6,1.6,2.0,2.4,3.2,1.2,0.8,0.0,0.0,0.0,0.0,1.0,0.0,0.0,0.0,,,
2025120511,,,,,,,,,,,,,,,,,,,,,,,,,,,,,,,,,0.039,,,,,,,,,,,,,,,,,,,,,,,,,,,,,,,,,,,,,,,,,,,,,,,,,,,,,,,,,,,,,,,,,,,,,,,,,,,,,,,,,,,,,,,,,,,,,,,,,,,,,,,,,,,,,,,,,,,,,,,,,,,,,,,,,,,,,,,,,,,,,,,,,,,,,,,,,,,,,,,,,,,,,,,,,,,,,,,,,,,,,,,,,,,,,,,,,,,,,,,,,,,,,,,,,,,,,,,,,,,,,,,,,,,,,,,,,,,,,,,,,,,,,,,,,,,,,,,,,,,,,,,,,,,,,,,,,,,,,,,,,,,,,,,,,,,,,,,,,,,,,,,,,,,0.8,1.6,1.6,2.0,2.0,2.0,2.0,2.4,2.4,1.2,2.4,2.8,2.8,2.8,3.2,3.2,3.6,3.6,4.07015,5.38571,6.81089,2.82663,1.29628,0.0,0.0,0.0,0.0,0.0,0.0,0.0,0.0,,,,,,,,,,,,,,,,,,,,,,,,,,,,,,,,,,,,,,,,,,,,,,,,,,,,,,,,,,,,,,,,,,,,,,,,,,,,,,,,,,,,,,,,,,,,,,,,,,,,,,,,,,,,,,,,,,,,,,,,,,,,,,,,,,,,,,,,,,,,,,,,,,,,,,,,,,,,,,,,,,,,,,,,,,,,,,,,,,,,,,,,,,,,,,,,,,,,,,,,,,,,,,,,,,,,,,,,,,,,,,,,,,,,,,,,,,,,,,,,,,,,,,,,,,,,,,,,,,,,,,,,,,,,,,,,,,,,,,,,,,,,,,,,,,,,,,,,,,,,,,,,,,,,,,0.0,0.4,0.8,0.8,0.8,0.8,0.8,0.8,0.8,0.4,1.2,1.2,1.2,1.2,1.2,1.6,1.6,2.0,2.0,2.4,3.2,1.2,0.8,0.0,0.0,0.0,0.0,0.0,0.0,0.0,0.0,,,
2025120512,,,,,,,,,,,,,,,,,,,,,,,,,,,,,,,,,0.073,,,,,,,,,,,,,,,,,,,,,,,,,,,,,,,,,,,,,,,,,,,,,,,,,,,,,,,,,,,,,,,,,,,0.0,0.0,0.0,0.0,0.0,0.0,0.0,0.0,0.0,0.0,0.0,0.0,0.0,0.0,0.0,0.102,0.375,0.788,1.347,2.086,4.56,,0.0,0.0,3.0,0.0,0.0,0.0,0.0,0.0,0.0,,,,,,,,,,,,,,,,,,,,,,,,,,,,,,,,,,,,,,,,,,,,,,,,,,,,,,,,,,,,,,,,,,,,,,,,,,,,,,,,,,,,,,,,,,,,,,,,,,,,,,,,,,,,,,,,,,,,,,,,,,,,,,,,,,,,,,,,,,,,,,,,,,,,,,,,,,,,,,,,,,,,,,,,,,,,,,,,,,,,,,,,,,,,,,,,,,,,,,,,,,,,,,,,,,0.8,1.2,1.6,1.6,1.6,2.0,2.0,2.0,2.4,1.2,2.4,2.4,2.4,2.8,2.8,3.2,3.6,4.0,4.52634,5.52821,6.80387,2.85029,1.37286,0.0,0.0,0.0,0.0,0.0,0.0,0.0,0.0,,,,,,,,,,,,,,,,,,,,,,,,,,,,,,,,,,,,,,,,,,,,,,,,,,,,,,,,,,,,,,,,,,,,,,,,,,,,,,,,,,,,,,,,,,,,,,,,,,,,,,,,,,,,,,,,,,,,,,,,,,,,,,,,,,,,,,,,,,,,,,,,,,,,,,,,,,,,,,,,,,,,,,,,,,,,,,,,,,,,,,,,,,,,,,,,,,,,,,,,,,,,,,,,,,,,,,,,,,,,,,,,,,,,,,,,,,,,,,,,,,,,,,,,,,,,,,,,,,,,,,,,,,,,,,,,,,,,,,,,,,,,,,,,,,,,,,,,,,,,,,,,,,,,,,0.0,0.4,0.4,0.4,0.8,0.8,0.8,0.8,0.8,0.0,0.8,1.2,1.2,1.2,1.6,1.6,1.6,2.0,2.4,2.8,3.6,1.2,0.8,0.0,0.0,0.0,0.0,1.0,0.0,0.0,0.0,,,
2025120513,,,,,,,,,,,,,,,,,,,,,,,,,,,,,,,,,0.149,,,,,,,,,,,,,,,,,,,,,,,,,,,,,,,,,,,,,,,,,,,,,,,,,,,,,,,,,,,,,,,,,,,,,,,,,,,,,,,,,,,,,,,,,,,,,,,,,,,,,,,,,,,,,,,,,,,,,,,,,,,,,,,,,,,,,,,,,,,,,,,,,,,,,,,,,,,,,,,,,,,,,,,,,,,,,,,,,,,,,,,,,,,,,,,,,,,,,,,,,,,,,,,,,,,,,,,,,,,,,,,,,,,,,,,,,,,,,,,,,,,,,,,,,,,,,,,,,,,,,,,,,,,,,,,,,,,,,,,,,,,,,,,,,,,,,,,,,,,,,,,,,,,0.8,1.2,1.6,2.0,2.4,2.4,2.4,2.8,2.8,0.8,2.8,2.8,3.2,3.2,3.2,3.6,4.0,4.4335,4.51881,5.49688,6.76902,2.85088,1.37021,0.0,0.0,0.0,0.0,0.0,0.0,0.0,1.0,,,,,,,,,,,,,,,,,,,,,,,,,,,,,,,,,,,,,,,,,,,,,,,,,,,,,,,,,,,,,,,,,,,,,,,,,,,,,,,,,,,,,,,,,,,,,,,,,,,,,,,,,,,,,,,,,,,,,,,,,,,,,,,,,,,,,,,,,,,,,,,,,,,,,,,,,,,,,,,,,,,,,,,,,,,,,,,,,,,,,,,,,,,,,,,,,,,,,,,,,,,,,,,,,,,,,,,,,,,,,,,,,,,,,,,,,,,,,,,,,,,,,,,,,,,,,,,,,,,,,,,,,,,,,,,,,,,,,,,,,,,,,,,,,,,,,,,,,,,,,,,,,,,,,,0.0,0.4,0.8,0.8,0.8,0.8,0.8,0.8,1.2,0.0,1.2,1.2,1.2,1.2,1.6,1.6,1.6,2.0,2.0,2.8,3.2,1.2,0.8,0.0,0.0,0.0,0.0,1.0,0.0,0.0,0.0,,,
2025120514,,,,,,,,,,,,,,,,,,,,,,,,,,,,,,,,,0.234,35.0,,,,,,,,,,,,,,,,,,,,,,,,,,,,,,,,,,,,,,,,,,,,,,,,,,,,,,,,,,,,,,,,,,,,,,,,,,,,,,,,,,,,,,,,,,,,,,,,,,,,,,,,,,,,,,,,,,,,,,,,,,,,,,,,,272.41,0.0,0.0,0.0,0.0,0.0,0.0,0.0,0.0,6.0,0.0,0.0,0.0,0.0,0.0,0.0,0.0,0.0,0.0,,,,,,,,,,,,,,,,,,,,,,,,,,,,,,,,,,,,,,,,,,,,,,,,,,,,,,,,,,,,,,,,,,,,,,,,,0.0,1.0,7620.0,552.0,9501.0,296.0,552.0,21.0,83.0,36.0,43.0,55.0,21.0,22.0,20.0,24.0,25.0,27.0,28.0,0.0,0.0,0.0,0.0,0.0,24.7,0.0,273.78,1.39,,0.0,2.0,0.0,,,,,,,,,,,,,,,,,,,,,,,,,,,,,,,,,,,,,,,,,,,,,,,,,,,,,,3.3,0.8,1.2,1.2,2.4,2.8,2.8,3.2,3.2,3.2,0.8,3.6,3.6,3.6,4.0,4.0,4.02862,4.56597,4.62729,5.12301,5.76631,7.66786,3.30056,1.41464,0.0,0.0,0.0,0.0,0.0,0.0,0.0,1.0,,,,,,,0.0,0.0,0.0,0.0,0.0,0.0,0.0,0.0,0.27,0.43,0.45,0.46,0.47,0.49,0.0,0.51,0.52,0.53,0.52,0.5,0.32,0.2,0.16,0.12,0.08,0.0,0.04,0.03,0.02,0.02,0.01,0.01,0.02,0.02,0.01,0.0,0.0,0.0,0.0,0.0,0.0,0.0,0.0,0.0,0.0,0.0,0.0,0.0,0.0,0.0,0.0,0.0,0.0,0.0,0.0,0.0,0.0,0.0,0.0,0.0,0.0,0.0,0.0,0.0,0.0,0.0,0.0,0.0,4.0,4.0,1.0,1.0,1.0,1.0,0.0,1.0,2.0,2.0,2.0,2.0,2.0,1.0,1.0,1.0,1.0,0.0,1.0,1.0,1.0,1.0,1.0,1.0,1.0,1.0,1.0,1.0,0.0,4.0,4.0,0.0,0.0,0.0,0.0,0.0,0.0,0.0,0.0,0.0,0.0,0.0,0.0,0.0,0.0,0.0,0.0,0.0,0.0,0.0,0.0,0.0,24.0,,,64.0,,81.0,0.0,0.0,0.0,2055.2,98.0,0.0,0.0,0.0,0.0,0.0,0.0,0.0,0.0,-0.09,-0.09,-0.09,-0.09,-0.09,-0.09,0.0,-0.09,-0.09,-0.09,-0.09,-0.09,-0.09,-0.09,-0.09,-0.09,-0.09,0.0,-0.09,-0.09,-0.09,-0.09,-0.09,-0.09,-0.09,-0.09,-0.09,0.0,0.0,0.0,0.0,0.0,0.0,0.0,0.0,0.0,0.0,0.0,0.0,0.0,0.0,0.0,0.0,0.0,0.0,0.0,0.0,0.0,0.0,0.0,0.0,0.0012,2.9,3.1,3.5,2.8,3.8,4.0,4.2,5.0,1832.0,1680.0,1736.0,1408.0,1760.0,1840.0,1912.0,1944.0,0.0,100.0,87.0,8.0,0.0,,,,,,273.9,1.4,,,,,,,,,,,,,,,,,,,,,,,,,,,,,,,,,,,,,,,,,,,,,,,,,,,,,,,,,,,,,9.999e+20,220.0,1.6,230.0,2.4,,,0.0,,,3.0,0.028,11089.0,15.0,18.0,22.0,29.0,352.0,220.0,220.0,220.0,0.0,274.0,1.6,0.0,0.0,0.4,0.8,1.2,1.2,1.2,1.2,1.2,0.0,1.6,1.6,1.6,1.6,1.6,1.6,2.0,2.0,2.4,2.8,3.6,1.2,0.8,0.0,0.0,0.0,0.0,2.0,0.0,0.0,0.0,1.6,2.0,0.0
2025120515,,,,,,,,,,,,,,,,,,,,,,,,,,,,,,,,,0.415,35.0,,,,,,,,,,,,,,,,,,,,,,,,,,,,,,,,,,,,,,,,,,,,,,,,,,,,,,,,,,,,,,,,,,,,,,,,,,,,,,,,,,,,,,,,,,,,,,,,,,,,,,,,,,,,,,,,,,,,,,,,,,,,,,,,,272.41,0.0,0.0,0.0,0.0,0.0,0.0,0.0,0.0,1.0,0.0,0.0,0.0,0.0,0.0,0.0,0.0,0.0,0.0,,,,,,,,,,,,,,,,,,,,,,,,,,,,,,,,,,,,,,,,,,,,,,,,,,,,,,,,,,,,,,,,,,,,,,,,,0.0,1.0,7620.0,184.0,9497.0,104.0,184.0,25.0,94.0,51.0,69.0,81.0,22.0,23.0,21.0,25.0,27.0,28.0,29.0,0.0,0.0,0.0,0.0,0.0,25.8,0.0,273.83,1.37,,0.0,2.0,0.0,,,,,,,,,,,,,,,,,,,,,,,,,,,,,,,,,,,,,,,,,,,,,,,,,,,,,9.999e+20,3.9,0.4,1.2,1.6,2.0,2.8,3.2,3.6,4.0,4.0,0.8,4.0,4.12224,4.60494,4.70024,4.75516,5.19544,5.29543,5.41702,5.9534,6.5715,9.37793,3.9016,1.90553,1.0,0.0,0.0,0.0,0.0,0.0,0.0,2.0,,9.999e+20,9.999e+20,9.999e+20,9.999e+20,9.999e+20,0.0,0.0,0.0,0.0,0.0,0.0,0.0,0.0,0.31,0.52,0.58,0.63,0.66,0.68,0.0,0.71,0.71,0.66,0.53,0.41,0.32,0.25,0.21,0.17,0.14,0.0,0.11,0.14,0.16,0.17,0.18,0.19,0.19,0.19,0.19,0.19,0.0,0.19,0.19,0.18,0.11,0.04,0.0,0.0,0.0,0.0,0.0,0.0,0.0,0.0,0.0,0.0,0.0,0.0,0.0,0.0,0.0,0.0,0.0,0.0,0.0,0.0,0.0,0.0,0.0,0.0,0.0,0.0,4.0,4.0,4.0,1.0,1.0,1.0,0.0,1.0,1.0,1.0,1.0,1.0,1.0,1.0,1.0,1.0,4.0,0.0,4.0,4.0,4.0,4.0,4.0,4.0,4.0,4.0,4.0,4.0,0.0,4.0,4.0,4.0,4.0,4.0,0.0,0.0,0.0,0.0,0.0,0.0,0.0,0.0,0.0,0.0,0.0,0.0,0.0,0.0,0.0,0.0,0.0,0.0,20.4,,,64.0,,71.0,0.0,0.0,0.0,1175.2,97.0,0.0,0.0,0.0,0.0,0.0,0.0,0.0,0.0,-0.09,-0.09,-0.09,-0.09,-0.09,-0.09,0.0,-0.09,-0.09,-0.09,-0.09,-0.09,-0.09,-0.09,-0.09,-0.09,-0.09,0.0,-0.09,-0.09,-0.09,-0.09,-0.09,-0.09,-0.09,-0.09,-0.09,-0.09,0.0,-0.09,-0.09,-0.09,-0.09,-0.09,0.0,0.0,0.0,0.0,0.0,0.0,0.0,0.0,0.0,0.0,0.0,0.0,0.0,0.0,0.0,0.0,0.0,0.0,2.9,2.9,3.3,2.6,3.6,3.8,4.0,5.0,1896.0,1680.0,1760.0,1424.0,1800.0,1904.0,1984.0,2008.0,0.0,100.0,90.0,8.0,0.0,,,,,,274.25,1.39,,,,,,,,,,,,,,,,,,,,,,,,,,,,,,,,,,,,,,,,,,,,,,,,,,,,,,,,,,,,,9.999e+20,210.0,1.6,230.0,4.1,,,0.0,,,3.0,0.025,9553.0,15.0,19.0,23.0,33.0,572.0,210.0,210.0,210.0,0.0,274.0,1.6,0.0,0.0,0.4,0.8,1.2,1.2,1.6,1.6,1.6,0.0,1.6,1.6,2.0,2.0,2.0,2.4,2.4,2.4,2.8,3.2,4.0,1.6,0.8,0.0,0.0,0.0,0.0,3.0,0.0,0.0,0.0,2.0,2.0,0.0
2025120516,,,,,,,,,,,,,,,,,,,,,,,,,,,,,,,,,0.46,39.0,,,,,,,,,,,,,,,,,,,,,,,,,,,,,,,,,,,,,,,,,,,,,,,,,,,,,,,,,,,,,,,,,,,,,,,,,,,,,,,,,,,,,,,,,,,,,,,,,,,,,,,,,,,,,,,,,,,,,,,,,,,,,,,,,271.97,0.0,0.0,0.0,0.0,0.0,0.0,0.0,0.0,2.0,0.0,0.0,0.0,0.0,0.0,0.0,0.0,0.0,0.0,,,,,,,,,,,,,,,,,,,,,,,,,,,,,,,,,,,,,,,,,,,,,,,,,,,,,,,,,,,,,,,,,,,,,,,,,0.0,2.0,7620.0,121.0,13716.0,80.0,120.0,35.0,97.0,67.0,84.0,89.0,22.0,24.0,22.0,25.0,27.0,29.0,30.0,0.0,0.0,0.0,0.0,0.0,26.7,0.0,273.78,1.34,,3.0,2.0,0.0,,,,,,,,,,,,,,,,,,,,,,,,,,,,,,,,,,,,,,,,,,,,,,,,,,,,,,4.7,0.8,1.2,1.6,2.0,4.0,4.0,4.0,4.4,4.46143,1.2,4.89525,4.92785,5.01799,5.48578,5.57512,5.64861,6.14141,6.22194,6.77315,7.36367,10.6401,4.68718,1.91975,1.0,0.0,0.0,0.0,0.0,0.0,0.0,2.0,,,,,,,0.0,0.0,0.0,0.0,0.0,0.0,0.0,0.0,0.0,0.07,0.29,0.39,0.42,0.46,0.0,0.48,0.48,0.45,0.29,0.21,0.2,0.19,0.18,0.18,0.18,0.0,0.18,0.19,0.19,0.2,0.2,0.2,0.2,0.2,0.2,0.2,0.0,0.19,0.19,0.18,0.11,0.05,0.0,0.0,0.0,0.0,0.0,0.0,0.0,0.0,0.0,0.0,0.0,0.0,0.0,0.0,0.0,0.0,0.0,0.0,0.0,0.0,0.0,0.0,0.0,0.0,0.0,0.0,0.0,4.0,4.0,4.0,1.0,1.0,0.0,2.0,2.0,2.0,2.0,2.0,2.0,2.0,2.0,2.0,2.0,0.0,2.0,2.0,2.0,2.0,2.0,2.0,2.0,2.0,2.0,2.0,0.0,2.0,1.0,1.0,4.0,4.0,0.0,0.0,0.0,0.0,0.0,0.0,0.0,0.0,0.0,0.0,0.0,0.0,0.0,0.0,0.0,0.0,0.0,0.0,23.6,,,88.0,,71.0,0.0,0.0,0.0,3200.0,96.0,0.0,0.0,0.0,0.0,0.0,0.0,0.0,0.0,0.0,-0.09,-0.09,-0.09,-0.09,-0.09,0.0,-0.09,-0.09,-0.09,-0.09,-0.09,-0.09,-0.09,-0.09,-0.09,-0.09,0.0,-0.09,-0.09,-0.09,-0.09,-0.09,-0.09,-0.09,-0.09,-0.09,-0.09,0.0,-0.09,-0.09,-0.09,-0.09,-0.09,0.0,0.0,0.0,0.0,0.0,0.0,0.0,0.0,0.0,0.0,0.0,0.0,0.0,0.0,0.0,0.0012,0.0,0.0012,2.3,2.6,3.0,2.1,3.5,3.6,3.8,4.8,2080.0,1720.0,1776.0,1520.0,1832.0,1984.0,2048.0,2128.0,0.0,57.0,84.0,8.0,0.0,,,,,,274.26,1.34,,,,,,,,,,,,,,,,,,,,,,,,,,,,,,,,,,,,,,,,,,,,,,,,,,,,,,,,,,,,,9.999e+20,210.0,2.0,220.0,4.5,,,0.0,,,3.0,0.113,4689.0,19.0,23.0,28.0,40.0,758.0,210.0,210.0,210.0,0.0,273.9,2.0,0.0,0.4,0.4,1.2,1.6,1.6,1.6,2.0,2.0,0.0,2.0,2.0,2.4,2.4,2.4,2.4,2.8,2.8,3.2,3.6,5.2,2.0,1.2,0.0,0.0,0.0,0.0,6.0,0.0,0.0,0.0,2.4,2.4,0.0
2025120517,,,,,,,,,,,,,,,,,,,,,,,,,,,,,,,,,0.499,48.0,,,,,,,,,,,,,,,,,,,,,,,,,,,,,,,,,,,,,,,,,,,,,,,,,,,,,,,,,,,,,,,,,,,,,,,,,,,,,,,,,,,,,,,,,,,,,,,,,,,,,,,,,,,,,,,,,,,,,,,,,,,,,,,,,271.87,0.0,0.0,0.0,0.0,0.0,0.0,0.0,0.0,1.0,0.0,0.0,0.0,0.0,0.0,0.0,0.0,0.0,0.0,,,,,,,,,,,,,,,,,,,,,,,,,,,,,,,,,,,,,,,,,,,,,,,,,,,,,,,,,,,,,,,,,,,,,,,,,0.0,3.0,7620.0,181.0,9933.0,111.0,182.0,23.0,89.0,48.0,68.0,79.0,23.0,24.0,23.0,26.0,27.0,28.0,28.0,0.0,0.0,0.0,0.0,0.0,26.2,0.0,274.29,1.43,,29.0,2.0,0.0,,,,,,,,,,,,,,,,,,,,,,,,,,,,,,,,,,,,,,,,,,,,,,,,,,,,,,5.5,1.6,2.0,2.4,3.2,4.4,4.8,5.2,5.2,5.6,2.0,5.61457,5.657,6.12241,6.17548,6.65047,6.76942,6.88731,7.44264,8.09661,8.71078,12.0932,5.54199,2.33557,2.0,0.0,0.0,0.0,0.0,0.0,0.0,5.0,,,,,,,0.0,0.0,0.0,0.0,0.0,0.0,0.0,0.0,0.0,0.0,0.0,0.21,0.45,0.46,0.0,0.46,0.47,0.47,0.46,0.45,0.35,0.24,0.24,0.23,0.23,0.0,0.23,0.23,0.23,0.22,0.22,0.21,0.21,0.21,0.2,0.19,0.0,0.19,0.18,0.17,0.1,0.04,0.0,0.0,0.0,0.0,0.0,0.0,0.0,0.0,0.0,0.0,0.0,0.0,0.0,0.0,0.0,0.0,0.0,0.0,0.0,0.0,0.0,0.0,0.0,0.0,0.0,0.0,0.0,0.0,0.0,4.0,2.0,2.0,0.0,2.0,2.0,2.0,2.0,2.0,2.0,2.0,2.0,2.0,2.0,0.0,2.0,2.0,2.0,2.0,2.0,2.0,2.0,2.0,2.0,2.0,0.0,2.0,2.0,2.0,1.0,4.0,0.0,0.0,0.0,0.0,0.0,0.0,0.0,0.0,0.0,0.0,0.0,0.0,0.0,0.0,0.0,0.0,0.0,0.0,22.8,,,120.0,,85.0,0.0,0.0,0.0,2485.2,98.0,0.0,0.0,0.0,0.0,0.0,0.0,0.0,0.0,0.0,0.0,0.0,-0.09,-0.09,-0.09,0.0,-0.09,-0.09,-0.09,-0.09,-0.09,-0.09,-0.09,-0.09,-0.09,-0.09,0.0,-0.09,-0.09,-0.09,-0.09,-0.09,-0.09,-0.09,-0.09,-0.09,-0.09,0.0,-0.09,-0.09,-0.09,-0.09,-0.09,0.0,0.0,0.0,0.0,0.0,0.0,0.0,0.0,0.0,0.0,0.0,0.0,0.0,0.0,0.0,0.0,0.0,0.0012,1.9,2.3,2.7,1.7,3.3,3.5,3.7,4.4,2280.0,1736.0,1792.0,1624.0,1864.0,2048.0,2112.0,2312.0,0.0,100.0,85.0,8.0,0.0,,,,,,274.77,1.45,,,,,,,,,,,,,,,,,,,,,,,,,,,,,,,,,,,,,,,,,,,,,,,,,,,,,,,,,,,,,9.999e+20,210.0,2.8,220.0,5.7,,,0.0,,,3.0,0.101,2641.0,20.0,31.0,40.0,56.0,1182.0,210.0,210.0,210.0,0.0,274.5,2.8,0.4,0.8,1.2,1.6,2.0,2.0,2.4,2.4,2.4,0.8,2.4,2.8,2.8,2.8,3.2,3.2,3.6,4.0,4.0,4.8,6.4,2.8,1.2,0.0,0.0,0.0,0.0,17.0,0.0,2.0,0.0,2.8,3.2,0.0
2025120518,4.333,0.0,0.566,1.301,1.767,2.097,2.396,2.725,3.007,3.291,0.0,3.612,3.961,4.317,4.703,5.229,5.84,6.561,7.342,8.723,10.804,16.035,,0.0,3.0,0.0,0.0,68.0,0.0,0.0,21.0,0.0,0.656,65.0,,,,,,,,,,,,,,,,,,,,,,,,,,,,,,,,,,,,,,,,,,,,,,,,,,,,,,,,,,,,,,,,,,0.0,0.466,1.211,1.724,2.059,2.31,2.603,2.846,3.08,0.0,3.323,3.628,3.969,4.364,4.768,5.274,5.88,6.686,7.836,9.279,11.955,,0.0,0.0,66.0,0.0,0.0,0.0,17.0,0.0,0.0,,,,,,,,,,,,,,,,,,,,,,,,,,,,,,,,,271.6,0.0,0.0,0.0,0.0,0.0,0.0,0.0,0.0,1.0,0.0,0.0,0.0,0.0,0.0,0.0,0.0,0.0,0.0,,,,,,,,,,,,,,,,,,,,,,,,,,,,,,,,,,,,,,,,,,,,,,,,,,,,,,,,,,,,,,,,,,,,,,,,,0.0,3.0,7620.0,213.0,13715.0,120.0,214.0,21.0,70.0,39.0,51.0,60.0,24.0,25.0,23.0,26.0,27.0,29.0,31.0,0.0,0.0,0.0,0.0,0.0,26.4,0.0,274.86,1.63,0.0,92.0,2.0,0.0,,,,,,,,,,,,,,,,,,,,,,,,,,,,,,,,,,,,,,,,,,,,,,,,,,,,,9.999e+20,6.7,2.0,3.2,4.0,4.4,5.2,5.6,6.0,6.0,6.4,2.4,6.4268,6.88234,6.94866,7.42264,7.50121,7.95557,8.03273,8.13057,8.76519,9.77922,12.891,6.30152,2.37374,2.0,0.0,0.0,0.0,0.0,0.0,0.0,11.0,,9.999e+20,9.999e+20,9.999e+20,9.999e+20,9.999e+20,0.0,0.0,0.0,0.0,0.0,0.0,0.0,0.0,0.0,0.0,0.0,0.13,0.32,0.38,0.0,0.42,0.44,0.45,0.46,0.46,0.46,0.46,0.46,0.43,0.34,0.0,0.24,0.23,0.22,0.2,0.18,0.16,0.15,0.14,0.14,0.13,0.0,0.13,0.13,0.13,0.08,0.03,0.0,0.0,0.0,0.0,0.0,0.0,0.0,0.0,0.0,0.0,0.0,0.0,0.0,0.0,0.0,0.0,0.0,0.0,0.0,0.0,0.0,0.0,0.0,0.0,0.0,0.0,0.0,0.0,0.0,4.0,1.0,1.0,0.0,2.0,2.0,2.0,2.0,2.0,2.0,2.0,2.0,2.0,2.0,0.0,2.0,2.0,2.0,2.0,2.0,2.0,2.0,2.0,2.0,2.0,0.0,2.0,2.0,2.0,1.0,4.0,0.0,0.0,0.0,0.0,0.0,0.0,0.0,0.0,0.0,0.0,0.0,0.0,0.0,0.0,0.0,0.0,0.0,0.0,29.2,,,144.0,,85.0,0.0,0.0,0.0,1823.2,100.0,0.0,0.0,0.0,0.0,0.0,0.0,0.0,0.0,0.0,0.0,0.0,-0.09,-0.09,-0.09,0.0,-0.09,-0.09,-0.09,-0.09,-0.09,-0.09,-0.09,-0.09,-0.09,-0.09,0.0,-0.09,-0.09,-0.09,-0.09,-0.09,-0.09,-0.09,-0.09,-0.09,-0.09,0.0,-0.09,-0.09,-0.09,-0.09,-0.09,0.0,0.0,0.0,0.0,0.0,0.0,0.0,0.0,0.0,0.0,0.0,0.0,0.0,0.0,0.0,0.0012,0.0,0.0012,1.6,2.0,2.4,1.2,3.2,3.4,3.6,3.7,2312.0,1744.0,1800.0,1696.0,1888.0,2104.0,2184.0,2480.0,0.0,57.0,85.0,11.0,0.0,,,,,,274.81,1.61,,,,,,,,,,,,,,,,,,,,,,,,,,,,,,,,,,,,,,,,,,,,,,,,,,,,,,,,,,,,,9.999e+20,210.0,3.2,220.0,6.2,,,0.0,1.0,,3.0,0.1,4049.0,18.0,24.0,30.0,45.0,1396.0,210.0,210.0,210.0,0.0,275.1,3.2,1.2,1.6,1.6,2.0,2.4,2.8,2.8,2.8,3.2,1.2,3.2,3.2,3.6,3.6,3.6,4.0,4.0,4.4,4.8,5.6,7.2,3.2,1.2,0.0,0.0,0.0,0.0,34.0,0.0,4.0,0.0,3.6,4.0,0.0
2025120519,,,,,,,,,,,,,,,,,,,,,,,,,,,,,,,,,0.613,74.0,,,,,,,,,,,,,,,,,,,,,,,,,,,,,,,,,,,,,,,,,,,,,,,,,,,,,,,,,,,,,,,,,,,,,,,,,,,,,,,,,,,,,,,,,,,,,,,,,,,,,,,,,,,,,,,,,,,,,,,,,,,,,,,,,272.22,0.0,0.0,0.0,0.0,0.0,0.0,0.0,0.0,1.0,0.0,0.0,0.0,0.0,0.0,0.0,0.0,0.0,0.0,,,,,,,,,,,,,,,,,,,,,,,,,,,,,,,,,,,,,,,,,,,,,,,,,,,,,,,,,,,,,,,,,,,,,,,,,1.0,6.0,7620.0,149.0,2930.0,95.0,150.0,22.0,89.0,49.0,71.0,80.0,23.0,23.0,22.0,24.0,26.0,28.0,28.0,0.0,0.0,0.0,0.0,0.0,25.1,0.0,275.32,1.51,,108.0,2.0,0.0,,,,,,,,,,,,,,,,,,,,,,,,,,,,,,,,,,,,,,,,,,,,,,,,,,,,,,6.8,2.0,3.2,3.6,4.4,5.6,6.0,6.4,6.4,6.4,2.4,6.84207,6.92838,7.41379,7.48152,7.98052,8.10978,8.62332,9.52685,10.4812,12.3111,14.3197,6.80065,2.74988,6.0,0.0,0.0,0.0,0.0,0.0,0.0,20.0,,,,,,,0.0,0.0,0.0,0.0,0.0,0.0,0.0,0.0,0.0,0.0,0.0,0.0,0.0,0.2,0.0,0.35,0.36,0.37,0.37,0.37,0.37,0.36,0.35,0.33,0.32,0.0,0.25,0.11,0.02,0.03,0.03,0.03,0.03,0.03,0.02,0.02,0.0,0.02,0.01,0.0,0.0,0.0,0.0,0.0,0.0,0.0,0.0,0.0,0.0,0.0,0.0,0.0,0.0,0.0,0.0,0.0,0.0,0.0,0.0,0.0,0.0,0.0,0.0,0.0,0.0,0.0,0.0,0.0,0.0,0.0,0.0,0.0,0.0,4.0,0.0,4.0,1.0,1.0,1.0,1.0,1.0,1.0,1.0,1.0,1.0,0.0,1.0,1.0,1.0,1.0,1.0,1.0,1.0,1.0,1.0,1.0,0.0,1.0,1.0,4.0,4.0,4.0,0.0,0.0,0.0,0.0,0.0,0.0,0.0,0.0,0.0,0.0,0.0,0.0,0.0,0.0,0.0,0.0,0.0,0.0,30.4,,,192.0,,97.0,0.0,0.0,0.0,1890.0,100.0,0.0,0.0,0.0,0.0,0.0,0.0,0.0,0.0,0.0,0.0,0.0,0.0,0.0,-0.09,0.0,-0.09,-0.09,-0.09,-0.09,-0.09,-0.09,-0.09,-0.09,-0.09,-0.09,0.0,-0.09,-0.09,-0.09,-0.09,-0.09,-0.09,-0.09,-0.09,-0.09,-0.09,0.0,-0.09,-0.09,0.0,0.0,0.0,0.0,0.0,0.0,0.0,0.0,0.0,0.0,0.0,0.0,0.0,0.0,0.0,0.0,0.0,0.0,0.0,0.0,0.0,1.6,2.0,2.4,1.0,3.1,3.4,3.5,3.6,2272.0,1768.0,1800.0,1744.0,1872.0,2104.0,2160.0,2352.0,0.0,57.0,87.0,10.0,0.0,,,,,,275.31,1.52,,,,,,,,,,,,,,,,,,,,,,,,,,,,,,,,,,,,,,,,,,,,,,,,,,,,,,,,,,,,,9.999e+20,220.0,3.2,230.0,5.9,,,1.0,,,4.0,0.049,3281.0,17.0,24.0,32.0,49.0,1627.0,220.0,220.0,220.0,0.0,275.7,3.2,1.2,1.6,1.6,2.0,2.4,2.8,2.8,3.2,3.2,1.2,3.2,3.2,3.6,3.6,3.6,4.0,4.4,4.8,5.2,5.6,8.16096,3.20892,1.28167,0.0,0.0,0.0,0.0,38.0,0.0,6.0,0.0,3.6,4.0,0.0
2025120520,,,,,,,,,,,,,,,,,,,,,,,,,,,,,,,,,0.789,68.0,,,,,,,,,,,,,,,,,,,,,,,,,,,,,,,,,,,,,,,,,,,,,,,,,,,,,,,,,,,,,,,,,,,,,,,,,,,,,,,,,,,,,,,,,,,,,,,,,,,,,,,,,,,,,,,,,,,,,,,,,,,,,,,,,272.64,0.0,0.0,0.0,0.0,0.0,0.0,0.0,0.0,1.0,0.0,0.0,0.0,0.0,0.0,0.0,0.0,0.0,0.0,,,,,,,,,,,,,,,,,,,,,,,,,,,,,,,,,,,,,,,,,,,,,,,,,,,,,,,,,,,,,,,,,,,,,,,,,1.0,9.0,8692.0,181.0,3926.0,111.0,182.0,19.0,95.0,44.0,66.0,77.0,20.0,21.0,18.0,22.0,23.0,25.0,27.0,0.0,0.0,0.0,0.0,0.0,22.3,608.0,275.58,1.48,,102.0,2.0,0.0,,,,,,,,,,,,,,,,,,,,,,,,,,,,,,,,,,,,,,,,,,,,,,,,,,,,,,7.2,2.0,2.8,3.6,4.4,5.6,6.0,6.4,6.4,6.8,2.4,7.2,7.2,7.6,7.70028,8.62696,8.84485,9.41012,10.3811,11.9777,14.3967,16.2161,7.21003,3.51221,13.0,2.0,1.0,0.0,0.0,0.0,0.0,26.0,,,,,,,0.0,0.0,0.0,0.0,0.0,0.0,0.0,0.0,0.0,0.0,0.02,0.21,0.32,0.33,0.0,0.35,0.35,0.36,0.36,0.36,0.35,0.33,0.32,0.3,0.29,0.0,0.29,0.29,0.24,0.11,0.0,0.0,0.0,0.01,0.01,0.01,0.0,0.01,0.0,0.0,0.0,0.0,0.0,0.0,0.0,0.0,0.0,0.0,0.0,0.0,0.0,0.0,0.0,0.0,0.0,0.0,0.0,0.0,0.0,0.0,0.0,0.0,0.0,0.0,0.0,0.0,0.0,0.0,0.0,0.0,4.0,4.0,4.0,4.0,0.0,1.0,1.0,1.0,1.0,1.0,1.0,1.0,1.0,1.0,1.0,0.0,1.0,1.0,1.0,4.0,4.0,4.0,1.0,1.0,1.0,1.0,0.0,1.0,1.0,1.0,4.0,4.0,0.0,0.0,0.0,0.0,0.0,0.0,0.0,0.0,0.0,0.0,0.0,0.0,0.0,0.0,0.0,0.0,0.0,0.0,32.0,,,248.0,,76.0,0.0,0.0,0.0,3210.0,99.0,0.0,0.0,0.0,0.0,0.0,0.0,0.0,0.0,0.0,0.0,-0.09,-0.09,-0.09,-0.09,0.0,-0.09,-0.09,-0.09,-0.09,-0.09,-0.09,-0.09,-0.09,-0.09,-0.09,0.0,-0.09,-0.09,-0.09,-0.09,0.0,0.0,0.0,-0.09,-0.09,-0.09,0.0,-0.09,0.0,0.0,0.0,0.0,0.0,0.0,0.0,0.0,0.0,0.0,0.0,0.0,0.0,0.0,0.0,0.0,0.0,0.0,0.0,0.0,0.0,0.0,1.5,2.0,2.3,1.0,3.1,3.3,3.5,3.5,2176.0,1760.0,1792.0,1752.0,1856.0,2096.0,2168.0,2224.0,32.0,57.0,80.0,12.0,0.0,,,,,,275.73,1.47,,,,,,,,,,,,,,,,,,,,,,,,,,,,,,,,,,,,,,,,,,,,,,,,,,,,,,,,,,,,,9.999e+20,230.0,3.6,250.0,7.1,,,1.0,,,4.0,0.062,1745.0,22.0,37.0,49.0,68.0,2271.0,230.0,230.0,230.0,250.0,276.3,3.6,0.8,1.2,1.6,2.0,2.4,2.8,2.8,2.8,3.2,1.2,3.2,3.6,3.6,4.0,4.0,4.4,4.4,4.8,5.2,7.2,9.14979,3.62235,1.6956,0.0,0.0,0.0,0.0,39.0,0.0,8.0,3.0,4.0,4.4,26.8
2025120521,,,,,,,,,,,,,,,,,,,,,,,,,,,,,,,,,0.792,58.0,,,,,,,,,,,,,,,,,,,,,,,,,,,,,,,,,,,,,,,,,,,,,,,,,,,,,,,,,,,,,,,,,,,,,,,,,,,,,,,,,,,,,,,,,,,,,,,,,,,,,,,,,,,,,,,,,,,,,,,,,,,,,,,,,272.98,0.0,0.0,0.0,0.0,0.0,0.0,0.0,0.0,1.0,0.0,0.0,0.0,0.0,0.0,0.0,0.0,0.0,0.0,,,,,,,,,,,,,,,,,,,,,,,,,,,,,,,,,,,,,,,,,,,,,,,,,,,,,,,,,,,,,,,,,,,,,,,,,8.0,14.0,9092.0,125.0,786.0,80.0,126.0,28.0,100.0,56.0,85.0,96.0,19.0,19.0,16.0,21.0,22.0,24.0,27.0,0.0,0.0,0.0,0.0,0.0,20.6,608.0,276.22,1.54,0.0,96.0,2.0,0.0,,,,,,,,,,,,,,,,,,,,,,,,,,,,,,,,,,,,,,,,,,,,,,,,,,,,,9.999e+20,7.7,2.0,2.8,3.6,4.8,5.2,6.0,6.0,6.4,6.8,2.4,7.2,7.21747,7.74866,8.73572,8.91217,9.48182,10.0046,11.8882,12.9462,15.9517,19.1965,7.69741,3.94821,16.0,7.0,2.0,0.0,0.0,0.0,0.0,32.0,,9.999e+20,9.999e+20,9.999e+20,9.999e+20,9.999e+20,0.0,0.0,0.0,0.0,0.0,0.0,0.0,0.0,0.0,0.0,0.01,0.19,0.3,0.3,0.0,0.31,0.31,0.31,0.31,0.31,0.3,0.29,0.28,0.28,0.28,0.0,0.28,0.28,0.28,0.28,0.28,0.28,0.28,0.28,0.28,0.28,0.0,0.28,0.28,0.22,0.12,0.02,0.0,0.0,0.0,0.0,0.0,0.0,0.0,0.0,0.0,0.0,0.0,0.0,0.0,0.0,0.0,0.0,0.0,0.0,0.0,0.0,0.0,0.0,0.0,0.0,0.0,0.0,0.0,0.0,4.0,4.0,1.0,1.0,0.0,1.0,1.0,1.0,1.0,1.0,1.0,1.0,1.0,1.0,1.0,0.0,1.0,1.0,1.0,2.0,2.0,2.0,2.0,2.0,2.0,2.0,0.0,2.0,1.0,1.0,4.0,4.0,0.0,0.0,0.0,0.0,0.0,0.0,0.0,0.0,0.0,0.0,0.0,0.0,0.0,0.0,0.0,0.0,0.0,0.0,24.4,,,280.0,,76.0,0.0,0.0,0.0,3503.2,100.0,0.0,0.0,0.0,0.0,0.0,0.0,0.0,0.0,0.0,0.0,-0.09,-0.09,-0.09,-0.09,0.0,-0.09,-0.09,-0.09,-0.09,-0.09,-0.09,-0.09,-0.09,-0.09,-0.09,0.0,-0.09,-0.09,-0.09,-0.09,-0.09,-0.09,-0.09,-0.09,-0.09,-0.09,0.0,-0.09,-0.09,-0.09,-0.09,-0.09,0.0,0.0,0.0,0.0,0.0,0.0,0.0,0.0,0.0,0.0,0.0,0.0,0.0,0.0,0.0,0.0012,0.0,0.0012,1.6,1.8,2.2,1.4,3.1,3.3,3.4,3.5,2064.0,1768.0,1784.0,1744.0,1856.0,2080.0,2152.0,2192.0,40.0,82.0,72.0,14.0,0.0,,,,,,276.05,1.51,,,,,,,,,,,,,,,,,,,,,,,,,,,,,,,,,,,,,,,,,,,,,,,,,,,,,,,,,,,,,9.999e+20,240.0,3.6,260.0,8.6,,,0.0,2.0,,4.0,0.018,2641.0,18.0,28.0,35.0,52.0,3179.0,240.0,240.0,240.0,260.0,276.7,3.6,0.8,1.2,1.6,2.0,2.0,2.4,2.8,2.8,3.2,1.2,3.2,3.2,3.6,3.6,4.0,4.4,4.4,4.8,5.6,8.0,10.0,3.61055,2.05715,0.0,0.0,0.0,0.0,39.0,0.0,10.0,4.0,4.0,4.4,24.8
2025120522,,,,,,,,,,,,,,,,,,,,,,,,,,,,,,,,,0.668,32.0,,,,,,,,,,,,,,,,,,,,,,,,,,,,,,,,,,,,,,,,,,,,,,,,,,,,,,,,,,,,,,,,,,,,,,,,,,,,,,,,,,,,,,,,,,,,,,,,,,,,,,,,,,,,,,,,,,,,,,,,,,,,,,,,,272.62,0.0,0.0,0.0,0.0,0.0,0.0,0.0,0.0,5.0,0.0,0.0,0.0,0.0,0.0,0.0,0.0,0.0,0.0,,,,,,,,,,,,,,,,,,,,,,,,,,,,,,,,,,,,,,,,,,,,,,,,,,,,,,,,,,,,,,,,,,,,,,,,,15.0,15.0,9100.0,61.0,1500.0,47.0,62.0,37.0,95.0,65.0,85.0,91.0,15.0,19.0,15.0,20.0,22.0,23.0,24.0,0.0,0.0,0.0,0.0,0.0,20.3,608.0,276.61,1.41,,62.0,2.0,0.0,,,,,,,,,,,,,,,,,,,,,,,,,,,,,,,,,,,,,,,,,,,,,,,,,,,,,,9.3,2.4,4.4,4.8,5.2,5.6,6.0,6.0,6.8,7.2,2.8,8.01122,8.95726,10.2799,11.1838,12.0988,12.6573,13.6175,14.5415,16.0691,17.0444,19.856,9.27154,4.68314,34.0,12.0,4.0,0.0,0.0,0.0,0.0,48.0,,,,,,,0.0,0.0,0.0,0.0,0.0,0.0,0.0,0.0,0.0,0.14,0.31,0.18,0.1,0.06,0.0,0.03,0.01,0.0,0.0,0.0,0.0,0.0,0.0,0.0,0.0,0.0,0.0,0.0,0.04,0.16,0.26,0.26,0.26,0.27,0.27,0.27,0.0,0.27,0.26,0.26,0.26,0.26,0.18,0.08,0.0,0.0,0.0,0.0,0.0,0.0,0.0,0.0,0.0,0.0,0.0,0.0,0.0,0.0,0.0,0.0,0.0,0.0,0.0,0.0,0.0,0.0,0.0,0.0,0.0,4.0,4.0,4.0,4.0,4.0,0.0,4.0,4.0,0.0,0.0,0.0,0.0,0.0,0.0,0.0,0.0,0.0,0.0,0.0,4.0,4.0,4.0,4.0,4.0,4.0,4.0,4.0,0.0,4.0,4.0,4.0,4.0,4.0,4.0,4.0,0.0,0.0,0.0,0.0,0.0,0.0,0.0,0.0,0.0,0.0,0.0,0.0,0.0,0.0,0.0,0.0,17.2,,,296.0,,78.0,0.0,0.0,0.0,1772.0,100.0,0.0,0.0,0.0,0.0,0.0,0.0,0.0,0.0,0.0,-0.09,-0.09,-0.09,-0.09,-0.09,0.0,-0.09,-0.09,0.0,0.0,0.0,0.0,0.0,0.0,0.0,0.0,0.0,0.0,0.0,-0.09,-0.09,-0.09,-0.09,-0.09,-0.09,-0.09,-0.09,0.0,-0.09,-0.09,-0.09,-0.09,-0.09,-0.09,-0.09,0.0,0.0,0.0,0.0,0.0,0.0,0.0,0.0,0.0,0.0,0.0,0.0,0.0,0.0012,0.0,0.0012,2.0,2.2,2.8,1.6,3.3,3.5,3.6,3.8,1984.0,1744.0,1768.0,1728.0,1808.0,1960.0,2056.0,2072.0,16.0,95.0,68.0,15.0,0.0,,,,,,276.36,1.4,,,,,,,,,,,,,,,,,,,,,,,,,,,,,,,,,,,,,,,,,,,,,,,,,,,,,,,,,,,,,9.999e+20,240.0,4.4,260.0,9.7,,,0.0,,,4.0,0.019,465.0,25.0,32.0,35.0,44.0,3715.0,240.0,240.0,240.0,260.0,276.6,4.4,0.8,1.6,2.0,2.0,2.4,2.4,2.8,3.2,3.2,1.2,3.6,4.4,4.8,4.8,5.2,5.6,6.0,6.8,6.8,9.2,10.8,4.4,2.4,0.0,0.0,0.0,0.0,52.0,0.0,25.0,7.0,4.8,5.2,25.2
2025120523,,,,,,,,,,,,,,,,,,,,,,,,,,,,,,,,,0.545,22.0,,,,,,,,,,,,,,,,,,,,,,,,,,,,,,,,,,,,,,,,,,,,,,,,,,,,,,,,,,,,,,,,,,,,,,,,,,,,,,,,,,,,,,,,,,,,,,,,,,,,,,,,,,,,,,,,,,,,,,,,,,,,,,,,,272.53,0.0,0.0,0.0,0.0,0.0,0.0,0.0,0.0,6.0,0.0,0.0,0.0,0.0,0.0,0.0,0.0,0.0,0.0,,,,,,,,,,,,,,,,,,,,,,,,,,,,,,,,,,,,,,,,,,,,,,,,,,,,,,,,,,,,,,,,,,,,,,,,,15.0,11.0,7620.0,93.0,1492.0,64.0,94.0,33.0,87.0,52.0,72.0,81.0,14.0,18.0,14.0,20.0,21.0,22.0,23.0,0.0,0.0,0.0,0.0,0.0,19.7,608.0,276.54,1.25,,40.0,2.0,0.0,,,,,,,,,,,,,,,,,,,,,,,,,,,,,,,,,,,,,,,,,,,,,,,,,,,,,,10.5,2.8,4.4,5.2,5.2,5.6,6.0,6.4,6.8,7.2,4.0,8.94745,10.6065,11.4713,13.1767,14.9104,15.4205,17.1665,17.6411,18.5194,19.4774,20.2859,10.4854,5.4706,42.0,25.0,19.0,0.0,0.0,0.0,0.0,51.0,,,,,,,0.0,0.0,0.0,0.0,0.0,0.0,0.0,0.06,0.23,0.29,0.31,0.27,0.18,0.02,0.0,0.0,0.0,0.0,0.0,0.0,0.0,0.0,0.0,0.0,0.0,0.0,0.0,0.0,0.0,0.0,0.0,0.0,0.0,0.0,0.0,0.0,0.0,0.0,0.0,0.0,0.0,0.0,0.0,0.0,0.0,0.0,0.0,0.0,0.0,0.0,0.0,0.0,0.0,0.0,0.0,0.0,0.0,0.0,0.0,0.0,0.0,0.0,0.0,0.0,0.0,0.0,0.0,4.0,4.0,4.0,4.0,4.0,4.0,4.0,0.0,0.0,0.0,0.0,0.0,0.0,0.0,0.0,0.0,0.0,0.0,0.0,0.0,0.0,0.0,0.0,0.0,0.0,0.0,0.0,0.0,0.0,0.0,0.0,0.0,0.0,0.0,0.0,0.0,0.0,0.0,0.0,0.0,0.0,0.0,0.0,0.0,0.0,0.0,0.0,0.0,0.0,0.0,0.0,0.0,0.0,17.2,,,312.0,,84.0,0.0,0.0,0.0,1732.0,100.0,0.0,0.0,0.0,0.0,0.0,0.0,0.0,-0.09,-0.09,-0.09,-0.09,-0.09,-0.09,-0.09,0.0,0.0,0.0,0.0,0.0,0.0,0.0,0.0,0.0,0.0,0.0,0.0,0.0,0.0,0.0,0.0,0.0,0.0,0.0,0.0,0.0,0.0,0.0,0.0,0.0,0.0,0.0,0.0,0.0,0.0,0.0,0.0,0.0,0.0,0.0,0.0,0.0,0.0,0.0,0.0,0.0,0.0,0.0,0.0012,0.0,0.0012,2.7,2.8,3.2,2.2,3.5,3.6,3.9,4.1,1856.0,1712.0,1736.0,1696.0,1760.0,1864.0,1920.0,1936.0,0.0,95.0,64.0,21.0,0.0,,,,,,276.69,1.31,,,,,,,,,,,,,,,,,,,,,,,,,,,,,,,,,,,,,,,,,,,,,,,,,,,,,,,,,,,,,9.999e+20,250.0,4.8,260.0,11.7,,,0.0,,,4.0,0.004,465.0,23.0,28.0,30.0,37.0,4570.0,250.0,250.0,250.0,260.0,276.5,4.8,1.2,1.6,2.0,2.4,2.4,2.4,2.8,3.2,3.2,1.2,4.4,5.2,5.6,6.0,6.4,6.8,7.2,8.4,8.8,9.6,11.2,4.8,2.8,1.0,0.0,0.0,0.0,53.0,0.0,41.0,12.0,5.6,6.0,25.2
2025120600,8.321,1.209,3.775,4.562,5.125,5.58,5.889,6.228,6.596,6.962,2.713,7.328,7.808,8.304,8.896,9.586,10.354,11.437,12.761,14.583,16.749,20.801,,0.0,15.0,0.0,2.0,96.0,0.0,0.0,63.0,0.0,0.856,17.0,,,,,,,,,,,,,,,,,,,,,,,,,,,,,,,,,,,,,,,,,,,,,,,,,,,,,,,,,,,,,,,,,4.064,0.005,1.31,1.79,2.182,2.554,2.939,3.246,3.526,3.811,0.779,4.108,4.38,4.643,4.993,5.399,5.905,6.586,7.471,8.506,10.103,12.847,93.0,1.0,0.0,75.0,0.0,0.0,0.0,21.0,0.0,0.0,,,,,,,,,,,,,,,,,,,,,,,,,,,,,,,,,271.84,0.0,0.0,0.0,0.0,0.0,0.0,0.0,0.0,7.0,0.0,0.0,0.0,0.0,0.0,0.0,0.0,0.0,0.0,,,,,,,,,,,,,,,,,,,,,,,,,,,,,,,,,,,,,0.0,0.0,0.0,0.0,0.0,0.0,0.0,0.0,9.0,0.0,0.0,0.0,0.0,0.0,0.0,0.0,0.0,0.0,,,,,,,,,,,,,,,,,,,20.0,11.0,7620.0,277.0,1483.0,152.0,278.0,12.0,74.0,32.0,59.0,70.0,15.0,18.0,14.0,19.0,20.0,22.0,22.0,0.0,0.0,0.0,0.0,0.0,18.7,608.0,275.66,1.16,0.0,5.0,2.0,0.0,,,,,,,,,,,,,,,,,,,,,,,,,,0.0,0.0,0.0,0.0,0.0,0.0,0.0,0.0,0.0,0.0,0.0,0.0,0.0,,,,,,,,,,,,,,3.2,9.999e+20,11.8,3.2,4.4,4.8,5.2,5.6,6.0,6.8,7.6,8.4,4.0,9.64853,12.4838,13.3263,14.9811,16.6429,17.1137,18.7767,20.1165,21.4047,22.169,22.8579,11.8336,6.28562,47.0,33.0,25.0,12.0,0.0,0.0,0.0,53.0,3.0,9.999e+20,9.999e+20,9.999e+20,9.999e+20,9.999e+20,0.0,0.0,0.0,0.0,0.0,0.0,0.0,0.13,0.27,0.29,0.25,0.09,0.0,0.0,0.0,0.0,0.0,0.0,0.0,0.0,0.0,0.0,0.0,0.0,0.0,0.0,0.0,0.0,0.0,0.0,0.0,0.0,0.0,0.0,0.0,0.0,0.0,0.0,0.0,0.0,0.0,0.0,0.0,0.0,0.0,0.0,0.0,0.0,0.0,0.0,0.0,0.0,0.0,0.0,0.0,0.0,0.0,0.0,0.0,0.0,0.0,0.0,0.0,0.0,0.0,0.0,0.0,4.0,4.0,4.0,4.0,4.0,0.0,0.0,0.0,0.0,0.0,0.0,0.0,0.0,0.0,0.0,0.0,0.0,0.0,0.0,0.0,0.0,0.0,0.0,0.0,0.0,0.0,0.0,0.0,0.0,0.0,0.0,0.0,0.0,0.0,0.0,0.0,0.0,0.0,0.0,0.0,0.0,0.0,0.0,0.0,0.0,0.0,0.0,0.0,0.0,0.0,0.0,0.0,0.0,17.2,,,352.0,,43.0,0.0,12.0,0.0,88888.0,97.0,0.0,0.0,0.0,0.0,0.0,0.0,0.0,-0.09,-0.09,-0.09,-0.09,-0.09,0.0,0.0,0.0,0.0,0.0,0.0,0.0,0.0,0.0,0.0,0.0,0.0,0.0,0.0,0.0,0.0,0.0,0.0,0.0,0.0,0.0,0.0,0.0,0.0,0.0,0.0,0.0,0.0,0.0,0.0,0.0,0.0,0.0,0.0,0.0,0.0,0.0,0.0,0.0,0.0,0.0,0.0,0.0,0.0,0.0,0.0,0.0,0.0,3.8,3.2,3.5,3.2,3.7,3.9,4.2,4.6,1712.0,1664.0,1688.0,1640.0,1728.0,1752.0,1800.0,1840.0,0.0,95.0,61.0,20.0,0.0,,,,,,276.22,1.14,,,,,,,,,,,,,,,,,,,,,,,,,,,,,,,,,,,,,,,,,,,,,,,,,,,,,,,,,,,,,9.999e+20,250.0,5.2,260.0,13.2,,,0.0,1.0,7.0,4.0,0.013,16274.0,11.0,11.0,12.0,15.0,5628.0,250.0,250.0,250.0,260.0,276.1,5.2,1.2,2.0,2.0,2.0,2.4,2.8,2.8,3.6,4.0,1.6,4.8,5.6,6.4,6.8,7.2,7.6,8.4,9.2,9.6,10.4,11.6,5.2,3.2,2.0,0.0,0.0,0.0,58.0,0.0,46.0,17.0,6.0,6.8,26.0
2025120601,,,,,,,,,,,,,,,,,,,,,,,,,,,,,,,,,0.844,16.0,,,,,,,,,,,,,,,,,,,,,,,,,,,,,,,,,,,,,,,,,,,,,,,,,,,,,,,,,,,,,,,,,,,,,,,,,,,,,,,,,,,,,,,,,,,,,,,,,,,,,,,,,,,,,,,,,,,,,,,,,,,,,,,,,270.85,0.0,0.0,0.0,0.0,0.0,0.0,0.0,0.0,7.0,0.0,0.0,0.0,0.0,0.0,0.0,0.0,0.0,0.0,,,,,,,,,,,,,,,,,,,,,,,,,,,,,,,,,,,,,,,,,,,,,,,,,,,,,,,,,,,,,,,,,,,,,,,,,10.0,6.0,7620.0,453.0,1774.0,264.0,454.0,12.0,69.0,23.0,42.0,56.0,15.0,16.0,13.0,18.0,19.0,21.0,22.0,0.0,0.0,0.0,0.0,0.0,17.4,608.0,274.83,0.91,,0.0,3.0,0.0,,,,,,,,,,,,,,,,,,,,,,,,,,,,,,,,,,,,,,,,,,,,,,,,,,,,,,12.9,3.6,5.2,5.6,6.4,6.8,7.2,8.0,9.6,10.4,4.8,11.6,13.6,15.6,16.8,17.2,18.4102,20.4422,21.3315,22.2457,22.8975,23.7242,12.8863,6.62786,51.0,40.0,28.0,17.0,1.0,0.0,0.0,63.0,,,,,,,0.0,0.0,0.0,0.0,0.0,0.09,0.25,0.29,0.32,0.32,0.32,0.28,0.18,0.02,0.0,0.0,0.0,0.0,0.0,0.0,0.0,0.0,0.0,0.0,0.0,0.0,0.0,0.0,0.0,0.0,0.0,0.0,0.0,0.0,0.0,0.0,0.0,0.0,0.0,0.0,0.0,0.0,0.0,0.0,0.0,0.0,0.0,0.0,0.0,0.0,0.0,0.0,0.0,0.0,0.0,0.0,0.0,0.0,0.0,0.0,0.0,0.0,0.0,0.0,0.0,4.0,4.0,4.0,4.0,1.0,1.0,1.0,4.0,4.0,0.0,0.0,0.0,0.0,0.0,0.0,0.0,0.0,0.0,0.0,0.0,0.0,0.0,0.0,0.0,0.0,0.0,0.0,0.0,0.0,0.0,0.0,0.0,0.0,0.0,0.0,0.0,0.0,0.0,0.0,0.0,0.0,0.0,0.0,0.0,0.0,0.0,0.0,0.0,0.0,0.0,0.0,0.0,0.0,0.0,0.0,13.6,,,272.0,,42.0,0.0,0.0,0.0,88888.0,96.0,0.0,0.0,0.0,0.0,0.0,-0.09,-0.09,-0.09,-0.09,-0.09,-0.09,-0.09,-0.09,-0.09,0.0,0.0,0.0,0.0,0.0,0.0,0.0,0.0,0.0,0.0,0.0,0.0,0.0,0.0,0.0,0.0,0.0,0.0,0.0,0.0,0.0,0.0,0.0,0.0,0.0,0.0,0.0,0.0,0.0,0.0,0.0,0.0,0.0,0.0,0.0,0.0,0.0,0.0,0.0,0.0,0.0,0.0,0.0,0.0,0.0,0.0012,4.8,3.8,4.0,3.6,4.3,4.6,5.2,5.7,1592.0,1584.0,1616.0,1552.0,1648.0,1680.0,1704.0,1728.0,0.0,95.0,61.0,26.0,0.0,,,,,,275.52,0.92,,,,,,,,,,,,,,,,,,,,,,,,,,,,,,,,,,,,,,,,,,,,,,,,,,,,,,,,,,,,,9.999e+20,250.0,6.0,260.0,12.5,,,0.0,,,4.0,0.002,16274.0,9.0,9.0,9.0,11.0,4403.0,250.0,250.0,250.0,260.0,275.3,6.0,1.6,2.0,2.4,2.8,3.2,3.6,4.0,4.4,4.8,2.0,6.0,6.8,7.2,7.6,8.4,8.8,9.2,9.6,10.0,10.8,12.4,6.0,3.2,4.0,0.0,0.0,0.0,68.0,0.0,51.0,25.0,6.8,7.6,26.8
2025120602,,,,,,,,,,,,,,,,,,,,,,,,,,,,,,,,,0.642,11.0,,,,,,,,,,,,,,,,,,,,,,,,,,,,,,,,,,,,,,,,,,,,,,,,,,,,,,,,,,,,,,,,,,,,,,,,,,,,,,,,,,,,,,,,,,,,,,,,,,,,,,,,,,,,,,,,,,,,,,,,,,,,,,,,,270.27,0.0,0.0,0.0,0.0,0.0,0.0,0.0,0.0,8.0,1.0,0.0,0.0,0.0,0.0,0.0,0.0,0.0,0.0,,,,,,,,,,,,,,,,,,,,,,,,,,,,,,,,,,,,,,,,,,,,,,,,,,,,,,,,,,,,,,,,,,,,,,,,,7.0,8.0,7620.0,453.0,1767.0,256.0,454.0,12.0,59.0,22.0,41.0,53.0,14.0,16.0,13.0,17.0,19.0,21.0,21.0,0.0,0.0,0.0,0.0,0.0,17.1,608.0,274.63,0.83,,0.0,3.0,0.0,,,,,,,,,,,,,,,,,,,,,,,,,,,,,,,,,,,,,,,,,,,,,,,,,,,,,,14.0,3.6,5.6,6.4,7.2,8.0,8.8,10.4,11.6,12.4,5.2,13.2,15.6,16.8,17.6,18.0,19.6,21.6,22.0049,22.8606,23.8377,24.592,14.0384,6.54056,61.0,46.0,35.0,22.0,1.0,0.0,0.0,71.0,,,,,,,0.0,0.0,0.0,0.0,0.0,0.0,0.27,0.29,0.31,0.32,0.32,0.28,0.25,0.21,0.0,0.12,0.02,0.0,0.0,0.0,0.0,0.0,0.0,0.0,0.0,0.0,0.0,0.0,0.0,0.0,0.0,0.0,0.0,0.0,0.0,0.0,0.0,0.0,0.0,0.0,0.0,0.0,0.0,0.0,0.0,0.0,0.0,0.0,0.0,0.0,0.0,0.0,0.0,0.0,0.0,0.0,0.0,0.0,0.0,0.0,0.0,0.0,0.0,0.0,0.0,0.0,4.0,4.0,4.0,1.0,1.0,1.0,1.0,4.0,0.0,4.0,4.0,0.0,0.0,0.0,0.0,0.0,0.0,0.0,0.0,0.0,0.0,0.0,0.0,0.0,0.0,0.0,0.0,0.0,0.0,0.0,0.0,0.0,0.0,0.0,0.0,0.0,0.0,0.0,0.0,0.0,0.0,0.0,0.0,0.0,0.0,0.0,0.0,0.0,0.0,0.0,0.0,0.0,0.0,0.0,13.2,,,144.0,,48.0,0.0,1.0,0.0,88888.0,95.0,0.0,0.0,0.0,0.0,0.0,0.0,0.02,0.01,-0.09,-0.09,-0.09,-0.09,-0.09,-0.09,0.0,-0.09,-0.09,0.0,0.0,0.0,0.0,0.0,0.0,0.0,0.0,0.0,0.0,0.0,0.0,0.0,0.0,0.0,0.0,0.0,0.0,0.0,0.0,0.0,0.0,0.0,0.0,0.0,0.0,0.0,0.0,0.0,0.0,0.0,0.0,0.0,0.0,0.0,0.0,0.0,0.0,0.0,0.0,0.0012,0.0,0.0012,5.6,4.3,4.6,4.2,4.9,5.5,5.9,6.3,1504.0,1488.0,1536.0,1448.0,1584.0,1616.0,1640.0,1648.0,0.0,95.0,73.0,22.0,0.0,,,,,,275.31,0.85,,,,,,,,,,,,,,,,,,,,,,,,,,,,,,,,,,,,,,,,,,,,,,,,,,,,,,,,,,,,,9.999e+20,250.0,6.8,260.0,12.8,,,0.0,,,4.0,0.033,16274.0,7.0,8.0,9.0,13.0,2958.0,250.0,250.0,250.0,260.0,274.9,6.8,1.6,2.4,2.8,3.6,4.0,4.4,4.8,5.2,6.0,2.4,6.8,7.2,8.0,8.4,8.8,8.8,9.6,9.6,10.0,11.6,12.8,6.4,3.2,6.0,0.0,0.0,0.0,78.0,0.0,57.0,31.0,7.6,8.4,26.0
2025120603,,,,,,,,,,,,,,,,,,,,,,,,,,,,,,,,,0.549,13.0,,,,,,,,,,,,,,,,,,,,,,,,,,,,,,,,,,,,,,,,,,,,,,,,,,,,,,,,,,,,,,,,,,,,,,,,,,,,,,,,,,,,,,,,,,,,,,,,,,,,,,,,,,,,,,,,,,,,,,,,,,,,,,,,,269.6,0.0,0.0,0.0,0.0,0.0,0.0,0.0,0.0,14.0,3.0,0.0,0.0,0.0,0.0,0.0,0.0,0.0,0.0,,,,,,,,,,,,,,,,,,,,,,,,,,,,,,,,,,,,,,,,,,,,,,,,,,,,,,,,,,,,,,,,,,,,,,,,,6.0,9.0,7620.0,181.0,2086.0,112.0,182.0,19.0,76.0,43.0,66.0,74.0,14.0,16.0,13.0,17.0,19.0,21.0,21.0,0.0,0.0,0.0,0.0,0.0,17.1,608.0,274.14,0.85,0.0,0.0,3.0,0.0,,,,,,,,,,,,,,,,,,,,,,,,,,,,,,,,,,,,,,,,,,,,,,,,,,,,,9.999e+20,15.2,4.0,6.8,7.6,8.8,9.6,10.8,12.0,13.2,14.0,5.6,15.6,16.4,17.2,18.0,18.4,19.6,21.2,22.0,22.8441,24.1788,25.773,14.8284,6.10362,68.0,51.0,39.0,21.0,3.0,0.0,0.0,80.0,,9.999e+20,9.999e+20,9.999e+20,9.999e+20,9.999e+20,0.0,0.0,0.0,0.0,0.0,0.1,0.26,0.28,0.29,0.3,0.3,0.28,0.26,0.22,0.0,0.21,0.19,0.1,0.0,0.0,0.0,0.0,0.0,0.0,0.0,0.0,0.0,0.0,0.0,0.0,0.0,0.0,0.0,0.0,0.0,0.0,0.0,0.0,0.0,0.0,0.0,0.0,0.0,0.0,0.0,0.0,0.0,0.0,0.0,0.0,0.0,0.0,0.0,0.0,0.0,0.0,0.0,0.0,0.0,0.0,0.0,0.0,0.0,0.0,0.0,4.0,4.0,1.0,1.0,1.0,1.0,1.0,1.0,1.0,0.0,1.0,4.0,4.0,0.0,0.0,0.0,0.0,0.0,0.0,0.0,0.0,0.0,0.0,0.0,0.0,0.0,0.0,0.0,0.0,0.0,0.0,0.0,0.0,0.0,0.0,0.0,0.0,0.0,0.0,0.0,0.0,0.0,0.0,0.0,0.0,0.0,0.0,0.0,0.0,0.0,0.0,0.0,0.0,0.0,0.0,13.6,,,136.0,,59.7,0.0,13.3,0.0,88888.0,93.0,0.0,0.0,0.0,0.0,0.0,0.04,0.1,0.07,0.05,0.02,-0.09,-0.09,-0.09,-0.09,0.0,-0.09,-0.09,-0.09,0.0,0.0,0.0,0.0,0.0,0.0,0.0,0.0,0.0,0.0,0.0,0.0,0.0,0.0,0.0,0.0,0.0,0.0,0.0,0.0,0.0,0.0,0.0,0.0,0.0,0.0,0.0,0.0,0.0,0.0,0.0,0.0,0.0,0.0,0.0,0.0,0.0,0.0,0.0,0.0012,0.0,0.0012,6.1,4.7,5.2,4.5,5.4,6.2,6.8,7.2,1432.0,1376.0,1440.0,1352.0,1520.0,1552.0,1576.0,1600.0,0.0,95.0,66.0,27.0,0.0,,,,,,275.05,0.83,,,,,,,,,,,,,,,,,,,,,,,,,,,,,,,,,,,,,,,,,,,,,,,,,,,,,,,,,,,,,9.999e+20,250.0,7.2,260.0,12.9,,,0.0,0.0,,4.0,0.023,16274.0,8.0,10.0,11.0,16.0,2824.0,250.0,250.0,250.0,260.0,274.5,7.2,1.6,3.2,3.6,4.4,4.8,5.2,5.6,6.0,6.8,2.4,7.2,7.6,8.0,8.4,8.8,9.2,9.6,10.0,10.4,12.0,13.6,7.2,2.8,7.0,0.0,0.0,0.0,86.0,0.0,65.0,33.0,8.0,8.8,24.4
2025120604,,,,,,,,,,,,,,,,,,,,,,,,,,,,,,,,,0.617,25.0,,,,,,,,,,,,,,,,,,,,,,,,,,,,,,,,,,,,,,,,,,,,,,,,,,,,,,,,,,,,,,,,,,,,,,,,,,,,,,,,,,,,,,,,,,,,,,,,,,,,,,,,,,,,,,,,,,,,,,,,,,,,,,,,,269.04,0.0,0.0,0.0,0.0,0.0,0.0,0.0,0.0,23.0,4.0,0.0,0.0,0.0,0.0,0.0,0.0,0.0,0.0,,,,,,,,,,,,,,,,,,,,,,,,,,,,,,,,,,,,,,,,,,,,,,,,,,,,,,,,,,,,,,,,,,,,,,,,,2.0,6.0,7620.0,214.0,2448.0,120.0,214.0,16.0,74.0,41.0,64.0,72.0,14.0,17.0,13.0,18.0,19.0,20.0,21.0,0.0,0.0,0.0,0.0,0.0,17.3,608.0,273.61,0.78,,0.0,3.0,0.0,,,,,,,,,,,,,,,,,,,,,,,,,,,,,,,,,,,,,,,,,,,,,,,,,,,,,,16.0,4.4,7.2,8.4,9.6,11.2,12.4,13.6,14.4,15.6,6.4,16.4,16.8,17.6,18.0,18.8,20.4,22.0,23.2,23.6,24.8235,26.3457,15.614,6.06831,75.0,55.0,41.0,23.0,6.0,0.0,0.0,84.0,,,,,,,0.0,0.0,0.0,0.0,0.0,0.09,0.23,0.24,0.25,0.26,0.26,0.26,0.26,0.26,0.0,0.25,0.25,0.24,0.23,0.22,0.2,0.18,0.14,0.07,0.0,0.0,0.0,0.0,0.0,0.0,0.0,0.0,0.0,0.0,0.0,0.0,0.0,0.0,0.0,0.0,0.0,0.0,0.0,0.0,0.0,0.0,0.0,0.0,0.0,0.0,0.0,0.0,0.0,0.0,0.0,0.0,0.0,0.0,0.0,0.0,0.0,0.0,0.0,0.0,0.0,4.0,1.0,1.0,1.0,1.0,1.0,1.0,1.0,1.0,0.0,1.0,1.0,1.0,1.0,1.0,1.0,1.0,4.0,4.0,0.0,0.0,0.0,0.0,0.0,0.0,0.0,0.0,0.0,0.0,0.0,0.0,0.0,0.0,0.0,0.0,0.0,0.0,0.0,0.0,0.0,0.0,0.0,0.0,0.0,0.0,0.0,0.0,0.0,0.0,0.0,0.0,0.0,0.0,0.0,0.0,18.4,,,128.0,,41.7,0.0,25.3,0.0,426.0,93.0,0.0,0.0,0.0,0.0,0.0,0.11,0.27,0.25,0.23,0.22,0.2,0.18,0.15,0.1,0.0,0.07,0.04,0.01,-0.09,-0.09,-0.09,-0.09,-0.09,-0.09,0.0,0.0,0.0,0.0,0.0,0.0,0.0,0.0,0.0,0.0,0.0,0.0,0.0,0.0,0.0,0.0,0.0,0.0,0.0,0.0,0.0,0.0,0.0,0.0,0.0,0.0,0.0,0.0,0.0,0.0,0.0,0.0,0.0,0.0012,0.0,0.0012,6.8,5.0,5.6,4.9,6.0,6.6,7.2,7.9,1368.0,1336.0,1400.0,1320.0,1464.0,1496.0,1528.0,1544.0,0.0,95.0,71.0,21.0,0.0,,,,,,274.64,0.88,,,,,,,,,,,,,,,,,,,,,,,,,,,,,,,,,,,,,,,,,,,,,,,,,,,,,,,,,,,,,9.999e+20,250.0,7.6,260.0,13.3,,,0.0,,,4.0,0.017,16274.0,7.0,9.0,10.0,15.0,2808.0,250.0,250.0,250.0,250.0,274.6,7.6,2.0,3.6,4.4,4.8,5.2,6.0,6.4,6.8,7.2,3.2,8.0,8.0,8.8,8.8,9.2,9.6,10.0,10.0,11.2,12.4,14.0,7.6,2.8,8.0,0.0,0.0,0.0,89.0,0.0,72.0,40.0,8.4,9.6,27.2
2025120605,,,,,,,,,,,,,,,,,,,,,,,,,,,,,,,,,0.465,37.0,,,,,,,,,,,,,,,,,,,,,,,,,,,,,,,,,,,,,,,,,,,,,,,,,,,,,,,,,,,,,,,,,,,,,,,,,,,,,,,,,,,,,,,,,,,,,,,,,,,,,,,,,,,,,,,,,,,,,,,,,,,,,,,,,268.87,0.003,0.0,0.0,0.0,0.0,0.0,0.0,0.003,34.0,7.0,0.0,0.0,0.0,0.0,0.0,0.0,0.0,0.0,,,,,,,,,,,,,,,,,,,,,,,,,,,,,,,,,,,,,,,,,,,,,,,,,,,,,,,,,,,,,,,,,,,,,,,,,1.0,1.0,7620.0,126.0,3298.0,79.0,126.0,25.0,71.0,43.0,59.0,66.0,14.0,17.0,13.0,18.0,20.0,20.0,20.0,0.0,0.0,0.0,0.0,0.0,17.4,608.0,273.51,0.69,,0.0,3.0,0.0,,,,,,,,,,,,,,,,,,,,,,,,,,,,,,,,,,,,,,,,,,,,,,,,,,,,,,16.4,4.8,8.0,9.6,10.4,12.4,13.2,14.0,15.2,16.0,6.4,16.4,17.6,18.0,18.0,18.8,20.8,22.0,23.6,24.4,25.6,26.8755,16.4085,5.67461,78.0,60.0,45.0,25.0,7.0,0.0,0.0,88.0,,,,,,,0.0,0.0,0.0,0.0,0.0,0.08,0.19,0.2,0.21,0.21,0.21,0.2,0.2,0.2,0.0,0.2,0.2,0.2,0.2,0.19,0.19,0.18,0.16,0.16,0.14,0.0,0.07,0.0,0.0,0.0,0.0,0.0,0.0,0.0,0.0,0.0,0.0,0.0,0.0,0.0,0.0,0.0,0.0,0.0,0.0,0.0,0.0,0.0,0.0,0.0,0.0,0.0,0.0,0.0,0.0,0.0,0.0,0.0,0.0,0.0,0.0,0.0,0.0,0.0,0.0,4.0,1.0,1.0,1.0,1.0,1.0,1.0,1.0,1.0,0.0,1.0,1.0,1.0,1.0,1.0,1.0,1.0,1.0,1.0,4.0,0.0,4.0,0.0,0.0,0.0,0.0,0.0,0.0,0.0,0.0,0.0,0.0,0.0,0.0,0.0,0.0,0.0,0.0,0.0,0.0,0.0,0.0,0.0,0.0,0.0,0.0,0.0,0.0,0.0,0.0,0.0,0.0,0.0,0.0,0.0,22.0,,,128.0,,39.4,0.0,38.7,5.0,1387.2,92.0,0.0,0.0,0.0,0.0,0.0,-0.09,-0.09,-0.09,-0.09,-0.09,-0.09,-0.09,-0.09,-0.09,0.0,-0.09,-0.09,-0.09,-0.09,-0.09,-0.09,-0.09,-0.09,-0.09,-0.09,0.0,-0.09,0.0,0.0,0.0,0.0,0.0,0.0,0.0,0.0,0.0,0.0,0.0,0.0,0.0,0.0,0.0,0.0,0.0,0.0,0.0,0.0,0.0,0.0,0.0,0.0,0.0,0.0,0.0,0.0,0.0,0.0,0.0012,0.0,0.0012,7.2,5.3,6.2,5.2,6.5,7.0,7.7,7.9,1336.0,1312.0,1344.0,1288.0,1400.0,1456.0,1488.0,1496.0,0.0,95.0,72.0,17.0,0.0,,,,,,274.6,0.96,,,,,,,,,,,,,,,,,,,,,,,,,,,,,,,,,,,,,,,,,,,,,,,,,,,,,,,,,,,,,9.999e+20,250.0,8.0,250.0,13.4,,,0.0,,,4.0,0.044,9553.0,14.0,17.0,18.0,26.0,2849.0,250.0,250.0,250.0,260.0,273.9,8.0,2.4,4.0,4.8,5.2,5.6,6.4,6.8,7.2,7.6,3.2,8.4,8.4,8.8,8.8,9.6,9.6,10.0,10.0,10.8,12.4,13.6,7.6,2.8,9.0,0.0,0.0,0.0,92.0,0.0,75.0,42.0,8.8,10.0,28.8
2025120606,7.213,0.0,1.746,2.317,3.018,3.571,4.305,4.952,5.463,5.995,0.973,6.648,7.309,7.993,8.618,9.324,10.23,11.077,12.19,13.332,15.293,18.929,97.0,0.0,13.0,0.0,1.0,83.0,0.0,0.0,52.0,0.0,0.466,43.0,,,,,,,,,,,,,,,,,,,,,,,,,,,,,,,,,,,,,,,,,,,,,,,,,,,,,,,,,,,,,,,,,2.032,0.0,0.0,0.0,0.003,0.267,0.54,0.829,1.106,1.437,0.0,1.881,2.353,2.92,3.419,4.086,4.676,5.31,6.145,7.12,8.764,11.883,69.0,0.0,0.0,43.0,0.0,0.0,0.0,14.0,0.0,0.0,,,,,,,,,,,,,,,,,,,,,,,,,,,,,,,,,268.46,0.003,0.0,0.0,0.0,0.0,0.0,0.005,0.005,44.0,16.0,3.0,0.0,0.0,0.0,0.0,0.0,0.0,0.0,,,,,,,,,,,,,,,,,,,,,,,,,,,,,,,,,,,,,0.003,0.0,0.0,0.0,0.0,0.0,0.003,0.005,44.0,5.0,0.0,0.0,0.0,0.0,0.0,0.0,0.0,0.0,,,,,,,,,,,,,,,,,,,0.0,1.0,7620.0,126.0,2448.0,80.0,126.0,26.0,72.0,45.0,62.0,68.0,14.0,18.0,14.0,20.0,20.0,21.0,22.0,0.0,0.0,0.0,0.0,0.0,18.4,552.0,273.41,0.71,0.0,0.0,3.0,0.0,,,,,,,,,,,,,,,,,,,,,,,,,,0.0,0.0,0.0,0.0,0.0,0.0,0.0,0.0,0.0,0.0,0.0,0.0,0.0,,,,,,,,,,,,,,9.2,9.999e+20,16.8,4.8,8.8,10.4,11.6,12.4,14.0,14.8,15.2,16.0,6.8,16.8,17.2,17.6,18.4,19.2,20.4,22.4,23.6,24.4,26.0,27.3862,16.4141,5.71195,82.0,59.0,41.0,24.0,9.0,0.0,0.0,90.0,2.0,9.999e+20,9.999e+20,9.999e+20,9.999e+20,9.999e+20,0.0,0.0,0.0,0.0,0.0,0.07,0.18,0.18,0.19,0.18,0.18,0.18,0.18,0.17,0.0,0.17,0.17,0.16,0.15,0.15,0.14,0.06,0.0,0.0,0.0,0.0,0.0,0.0,0.0,0.0,0.0,0.0,0.0,0.0,0.0,0.0,0.0,0.0,0.0,0.0,0.0,0.0,0.0,0.0,0.0,0.0,0.0,0.0,0.0,0.0,0.0,0.0,0.0,0.0,0.0,0.0,0.0,0.0,0.0,0.0,0.0,0.0,0.0,0.0,0.0,4.0,4.0,1.0,1.0,1.0,1.0,1.0,4.0,4.0,0.0,4.0,4.0,4.0,4.0,4.0,4.0,4.0,0.0,0.0,0.0,0.0,0.0,0.0,0.0,0.0,0.0,0.0,0.0,0.0,0.0,0.0,0.0,0.0,0.0,0.0,0.0,0.0,0.0,0.0,0.0,0.0,0.0,0.0,0.0,0.0,0.0,0.0,0.0,0.0,0.0,0.0,0.0,0.0,0.0,0.0,17.6,,91.0,104.0,,34.4,0.0,65.6,0.0,1573.2,91.0,0.0,0.0,0.0,0.0,0.0,-0.09,-0.09,-0.09,-0.09,-0.09,-0.09,-0.09,-0.09,-0.09,0.0,-0.09,-0.09,-0.09,-0.09,-0.09,-0.09,-0.09,0.0,0.0,0.0,0.0,0.0,0.0,0.0,0.0,0.0,0.0,0.0,0.0,0.0,0.0,0.0,0.0,0.0,0.0,0.0,0.0,0.0,0.0,0.0,0.0,0.0,0.0,0.0,0.0,0.0,0.0,0.0,0.0,0.0,0.0,0.0,0.0012,0.0,0.0012,7.6,5.6,6.6,5.5,7.0,7.4,8.1,8.4,1304.0,1264.0,1304.0,1248.0,1344.0,1400.0,1440.0,1464.0,0.0,93.0,72.0,18.0,0.0,,,,,1.37205,274.41,1.02,277.012,273.933,275.083,275.8,275.954,276.126,276.326,276.458,277.001,277.251,274.914,277.511,277.32,277.543,277.629,278.102,277.923,278.099,278.364,278.605,279.116,280.248,0.0,0.0,0.0,0.0,0.0,0.0,0.0,0.0,,,,,,,,,,,,,,,,,,,,,,,,,,,,,,,9.999e+20,250.0,8.0,260.0,14.9,,8.0,0.0,0.0,3.0,4.0,0.029,7889.0,14.0,18.0,20.0,27.0,2754.0,250.0,250.0,250.0,260.0,273.9,8.0,2.0,4.4,5.2,5.6,6.0,6.4,7.2,7.6,8.0,3.2,8.4,8.8,8.8,9.2,9.6,9.6,10.0,10.4,10.8,12.0,13.6,8.0,2.8,8.0,0.0,0.0,0.0,93.0,0.0,79.0,44.0,8.8,10.0,28.4
2025120607,,,,,,,,,,,,,,,,,,,,,,,,,,,,,,,,,0.463,64.0,,,,,,,,,,,,,,,,,,,,,,,,,,,,,,,,,,,,,,,,,,,,,,,,,,,,,,,,,,,,,,,,,,,,,,,,,,,,,,,,,,,,,,,,,,,,,,,,,,,,,,,,,,,,,,,,,,,,,,,,,,,,,,,,,268.24,0.005,0.0,0.0,0.0,0.0,0.0,0.005,0.008,48.0,26.0,6.0,0.0,0.0,0.0,0.0,0.0,0.0,0.0,,,,,,,,,,,,,,,,,,,,,,,,,,,,,,,,,,,,,,,,,,,,,,,,,,,,,,,,,,,,,,,,,,,,,,,,,2.0,2.0,7620.0,125.0,1474.0,80.0,126.0,27.0,72.0,44.0,60.0,66.0,16.0,19.0,16.0,21.0,22.0,23.0,23.0,0.0,0.0,0.0,0.0,0.0,19.8,560.0,273.06,0.76,,0.0,2.0,0.0,,,,,,,,,,,,,,,,,,,,,,,,,,,,,,,,,,,,,,,,,,,,,,,,,,,,,,17.6,5.6,10.0,11.6,12.8,14.8,15.2,16.0,16.8,17.2,8.4,17.6,18.0,18.4,18.8,20.0,21.2,23.2,24.4,25.6,26.4,28.1022,17.6114,5.28969,86.0,69.0,51.0,26.0,14.0,0.0,0.0,94.0,,,,,,,0.0,0.0,0.0,0.0,0.0,0.05,0.16,0.16,0.16,0.16,0.16,0.16,0.15,0.15,0.0,0.14,0.14,0.13,0.12,0.06,0.0,0.0,0.0,0.0,0.0,0.0,0.0,0.0,0.0,0.0,0.0,0.0,0.0,0.0,0.0,0.0,0.0,0.0,0.0,0.0,0.0,0.0,0.0,0.0,0.0,0.0,0.0,0.0,0.0,0.0,0.0,0.0,0.0,0.0,0.0,0.0,0.0,0.0,0.0,0.0,0.0,0.0,0.0,0.0,0.0,4.0,4.0,4.0,4.0,4.0,4.0,4.0,4.0,4.0,0.0,4.0,4.0,4.0,4.0,4.0,4.0,0.0,0.0,0.0,0.0,0.0,0.0,0.0,0.0,0.0,0.0,0.0,0.0,0.0,0.0,0.0,0.0,0.0,0.0,0.0,0.0,0.0,0.0,0.0,0.0,0.0,0.0,0.0,0.0,0.0,0.0,0.0,0.0,0.0,0.0,0.0,0.0,0.0,0.0,0.0,16.4,,,112.0,,17.4,0.0,82.6,0.0,862.0,91.0,0.0,0.0,0.0,0.0,0.0,-0.09,-0.09,-0.09,-0.09,-0.09,-0.09,-0.09,-0.09,-0.09,0.0,-0.09,-0.09,-0.09,-0.09,-0.09,0.0,0.0,0.0,0.0,0.0,0.0,0.0,0.0,0.0,0.0,0.0,0.0,0.0,0.0,0.0,0.0,0.0,0.0,0.0,0.0,0.0,0.0,0.0,0.0,0.0,0.0,0.0,0.0,0.0,0.0,0.0,0.0,0.0,0.0,0.0,0.0,0.0,0.0,0.0,0.0,7.7,5.7,6.5,5.6,7.0,7.4,8.1,8.4,1296.0,1264.0,1304.0,1232.0,1336.0,1400.0,1424.0,1440.0,0.0,94.0,68.0,18.0,0.0,,,,,,274.58,1.15,,,,,,,,,,,,,,,,,,,,,,,,,,,,,,,,,,,,,,,,,,,,,,,,,,,,,,,,,,,,,9.999e+20,250.0,8.8,260.0,15.8,,,0.0,,,4.0,0.026,1745.0,15.0,19.0,22.0,28.0,3110.0,250.0,250.0,250.0,260.0,273.9,8.8,2.8,5.2,5.6,6.4,6.8,7.6,8.0,8.4,8.8,4.0,9.2,9.2,9.6,9.6,10.0,10.4,10.8,11.2,11.6,12.4,14.4,8.8,2.4,12.0,0.0,0.0,0.0,95.0,0.0,85.0,56.0,10.0,10.8,29.2
2025120608,,,,,,,,,,,,,,,,,,,,,,,,,,,,,,,,,0.401,64.0,,,,,,,,,,,,,,,,,,,,,,,,,,,,,,,,,,,,,,,,,,,,,,,,,,,,,,,,,,,,,,,,,,,,,,,,,,,,,,,,,,,,,,,,,,,,,,,,,,,,,,,,,,,,,,,,,,,,,,,,,,,,,,,,,268.04,0.005,0.0,0.0,0.0,0.0,0.0,0.005,0.008,48.0,29.0,10.0,1.0,0.0,0.0,0.0,0.0,0.0,0.0,,,,,,,,,,,,,,,,,,,,,,,,,,,,,,,,,,,,,,,,,,,,,,,,,,,,,,,,,,,,,,,,,,,,,,,,,1.0,1.0,7620.0,94.0,1474.0,64.0,94.0,29.0,72.0,44.0,59.0,66.0,19.0,20.0,18.0,22.0,23.0,24.0,24.0,0.0,0.0,0.0,0.0,0.0,20.7,552.0,273.09,0.73,,0.0,2.0,0.0,,,,,,,,,,,,,,,,,,,,,,,,,,,,,,,,,,,,,,,,,,,,,,,,,,,,,,18.4,6.4,12.0,12.8,14.4,16.0,16.4,16.8,17.2,17.6,9.2,18.0,18.4,18.8,19.6,20.4,21.2,23.6,24.8,26.0,27.2,28.8577,18.4064,5.25809,92.0,76.0,57.0,27.0,16.0,1.0,0.0,95.0,,,,,,,0.0,0.0,0.0,0.0,0.0,0.05,0.13,0.13,0.13,0.13,0.12,0.12,0.11,0.11,0.0,0.06,0.01,0.0,0.0,0.0,0.0,0.0,0.0,0.0,0.0,0.0,0.0,0.0,0.0,0.0,0.0,0.0,0.0,0.0,0.0,0.0,0.0,0.0,0.0,0.0,0.0,0.0,0.0,0.0,0.0,0.0,0.0,0.0,0.0,0.0,0.0,0.0,0.0,0.0,0.0,0.0,0.0,0.0,0.0,0.0,0.0,0.0,0.0,0.0,0.0,4.0,4.0,4.0,4.0,4.0,4.0,4.0,4.0,4.0,0.0,4.0,4.0,0.0,0.0,0.0,0.0,0.0,0.0,0.0,0.0,0.0,0.0,0.0,0.0,0.0,0.0,0.0,0.0,0.0,0.0,0.0,0.0,0.0,0.0,0.0,0.0,0.0,0.0,0.0,0.0,0.0,0.0,0.0,0.0,0.0,0.0,0.0,0.0,0.0,0.0,0.0,0.0,0.0,0.0,0.0,15.6,,,128.0,,13.6,0.0,74.4,0.0,844.0,91.0,0.0,0.0,0.0,0.0,0.0,-0.09,-0.09,-0.09,-0.09,-0.09,-0.09,-0.09,-0.09,-0.09,0.0,-0.09,-0.09,0.0,0.0,0.0,0.0,0.0,0.0,0.0,0.0,0.0,0.0,0.0,0.0,0.0,0.0,0.0,0.0,0.0,0.0,0.0,0.0,0.0,0.0,0.0,0.0,0.0,0.0,0.0,0.0,0.0,0.0,0.0,0.0,0.0,0.0,0.0,0.0,0.0,0.0,0.0,0.0,0.0,0.0,0.0012,7.7,5.8,6.3,5.6,6.9,7.4,8.1,8.7,1280.0,1248.0,1288.0,1200.0,1336.0,1384.0,1416.0,1432.0,0.0,94.0,70.0,18.0,0.0,,,,,,274.49,1.27,,,,,,,,,,,,,,,,,,,,,,,,,,,,,,,,,,,,,,,,,,,,,,,,,,,,,,,,,,,,,9.999e+20,250.0,9.2,260.0,15.8,,,0.0,,,4.0,0.039,849.0,17.0,22.0,23.0,30.0,3306.0,250.0,250.0,250.0,260.0,274.0,9.2,3.2,6.0,6.8,7.2,8.0,8.4,8.8,8.8,9.2,4.4,9.6,9.6,10.0,10.0,10.4,10.8,11.2,11.6,12.4,13.2,14.8,9.2,2.4,20.0,1.0,0.0,0.0,98.0,0.0,92.0,67.0,10.4,11.6,29.2
2025120609,,,,,,,,,,,,,,,,,,,,,,,,,,,,,,,,,0.609,62.0,,,,,,,,,,,,,,,,,,,,,,,,,,,,,,,,,,,,,,,,,,,,,,,,,,,,,,,,,,,,,,,,,,,,,,,,,,,,,,,,,,,,,,,,,,,,,,,,,,,,,,,,,,,,,,,,,,,,,,,,,,,,,,,,,268.09,0.005,0.0,0.0,0.0,0.0,0.003,0.005,0.008,53.0,31.0,13.0,3.0,0.0,0.0,0.0,0.0,0.0,0.0,,,,,,,,,,,,,,,,,,,,,,,,,,,,,,,,,,,,,,,,,,,,,,,,,,,,,,,,,,,,,,,,,,,,,,,,,1.0,2.0,7620.0,94.0,1473.0,64.0,94.0,29.0,72.0,44.0,59.0,65.0,20.0,21.0,20.0,22.0,24.0,25.0,26.0,0.0,0.0,0.0,0.0,0.0,22.1,576.0,273.2,0.74,0.0,0.0,2.0,0.0,,,,,,,,,,,,,,,,,,,,,,,,,,,,,,,,,,,,,,,,,,,,,,,,,,,,,9.999e+20,19.2,7.2,13.2,14.8,15.6,16.4,16.8,17.2,17.6,18.0,9.2,18.4,18.8,19.6,20.4,20.8,21.6,23.6,25.2,26.4,27.603,29.4701,18.8131,5.26211,93.0,81.0,64.0,29.0,17.0,2.0,0.0,96.0,,9.999e+20,9.999e+20,9.999e+20,9.999e+20,9.999e+20,0.0,0.0,0.0,0.0,0.0,0.04,0.1,0.1,0.1,0.1,0.1,0.09,0.06,0.0,0.0,0.0,0.0,0.0,0.0,0.0,0.0,0.0,0.0,0.0,0.0,0.0,0.0,0.0,0.0,0.0,0.0,0.0,0.0,0.0,0.0,0.0,0.0,0.0,0.0,0.0,0.0,0.0,0.0,0.0,0.0,0.0,0.0,0.0,0.0,0.0,0.0,0.0,0.0,0.0,0.0,0.0,0.0,0.0,0.0,0.0,0.0,0.0,0.0,0.0,0.0,4.0,4.0,4.0,4.0,4.0,4.0,4.0,4.0,0.0,0.0,0.0,0.0,0.0,0.0,0.0,0.0,0.0,0.0,0.0,0.0,0.0,0.0,0.0,0.0,0.0,0.0,0.0,0.0,0.0,0.0,0.0,0.0,0.0,0.0,0.0,0.0,0.0,0.0,0.0,0.0,0.0,0.0,0.0,0.0,0.0,0.0,0.0,0.0,0.0,0.0,0.0,0.0,0.0,0.0,0.0,13.2,,,176.0,,14.8,0.0,85.2,0.0,1069.2,91.0,0.0,0.0,0.0,0.0,0.0,-0.09,-0.09,-0.09,-0.09,-0.09,-0.09,-0.09,-0.09,0.0,0.0,0.0,0.0,0.0,0.0,0.0,0.0,0.0,0.0,0.0,0.0,0.0,0.0,0.0,0.0,0.0,0.0,0.0,0.0,0.0,0.0,0.0,0.0,0.0,0.0,0.0,0.0,0.0,0.0,0.0,0.0,0.0,0.0,0.0,0.0,0.0,0.0,0.0,0.0,0.0,0.0,0.0,0.0,0.0012,0.0,0.0012,7.9,5.8,6.2,5.6,6.9,7.3,8.2,8.5,1272.0,1240.0,1272.0,1168.0,1336.0,1368.0,1392.0,1424.0,0.0,94.0,68.0,18.0,0.0,,,,,,274.7,1.39,,,,,,,,,,,,,,,,,,,,,,,,,,,,,,,,,,,,,,,,,,,,,,,,,,,,,,,,,,,,,9.999e+20,250.0,9.6,260.0,17.6,,,0.0,0.0,,4.0,0.024,849.0,18.0,23.0,25.0,30.0,4543.0,250.0,250.0,250.0,260.0,274.0,9.6,3.6,6.8,7.2,8.0,8.4,8.8,9.2,9.2,9.6,4.8,9.6,10.0,10.0,10.4,10.8,11.2,11.6,12.0,12.8,14.0,15.6,9.6,2.4,24.0,1.0,0.0,0.0,99.0,0.0,93.0,69.0,10.8,12.4,30.0
2025120610,,,,,,,,,,,,,,,,,,,,,,,,,,,,,,,,,0.804,46.0,,,,,,,,,,,,,,,,,,,,,,,,,,,,,,,,,,,,,,,,,,,,,,,,,,,,,,,,,,,,,,,,,,,,,,,,,,,,,,,,,,,,,,,,,,,,,,,,,,,,,,,,,,,,,,,,,,,,,,,,,,,,,,,,,268.1,0.003,0.0,0.0,0.0,0.0,0.003,0.005,0.008,51.0,32.0,13.0,3.0,0.0,0.0,0.0,0.0,0.0,0.0,,,,,,,,,,,,,,,,,,,,,,,,,,,,,,,,,,,,,,,,,,,,,,,,,,,,,,,,,,,,,,,,,,,,,,,,,2.0,2.0,7620.0,62.0,1473.0,48.0,62.0,32.0,75.0,47.0,62.0,67.0,21.0,22.0,21.0,23.0,24.0,25.0,27.0,0.0,0.0,0.0,0.0,0.0,23.1,576.0,273.02,0.76,,0.0,2.0,0.0,,,,,,,,,,,,,,,,,,,,,,,,,,,,,,,,,,,,,,,,,,,,,,,,,,,,,,19.6,8.8,14.8,16.0,16.4,17.2,17.6,18.0,18.4,18.4,10.4,19.2,19.6,20.4,20.8,21.2,22.8,23.6,26.0,26.8,28.0898,29.5704,19.6151,4.87035,94.0,88.0,71.0,32.0,19.0,3.0,0.0,99.0,,,,,,,,,,,,,,,,,,,,,,,,,,,,,,,,,,,,,,,,,,,,,,,,,,,,,,,,,,,,,,,,,,,,,,,,,,,,,,,,,,,,,,,,,,,,,,,,,,,,,,,,,,,,,,,,,,,,,,,,,,,,,,,11.6,,,232.0,,14.8,0.0,43.3,0.0,764.0,89.0,,,,,,,,,,,,,,,,,,,,,,,,,,,,,,,,,,,,,,,,,,,,,,,,,,,,,,,,,,,,,7.9,5.8,6.1,5.7,6.8,7.4,8.2,8.3,1264.0,1224.0,1272.0,1160.0,1336.0,1360.0,1392.0,1416.0,0.0,94.0,64.0,19.0,0.0,,,,,,274.75,1.43,,,,,,,,,,,,,,,,,,,,,,,,,,,,,,,,,,,,,,,,,,,,,,,,,,,,,,,,,,,,,9.999e+20,250.0,10.4,270.0,17.8,,,0.0,,,4.0,0.003,465.0,21.0,25.0,27.0,33.0,5619.0,250.0,250.0,250.0,260.0,274.0,10.4,4.4,7.6,8.4,8.8,8.8,9.2,9.6,9.6,10.0,5.6,10.0,10.4,10.8,11.2,11.2,11.6,12.0,12.4,13.2,13.6,16.0,10.0,2.4,30.0,2.0,0.0,0.0,100.0,0.0,94.0,79.0,11.6,12.8,30.0
2025120611,,,,,,,,,,,,,,,,,,,,,,,,,,,,,,,,,0.427,29.0,,,,,,,,,,,,,,,,,,,,,,,,,,,,,,,,,,,,,,,,,,,,,,,,,,,,,,,,,,,,,,,,,,,,,,,,,,,,,,,,,,,,,,,,,,,,,,,,,,,,,,,,,,,,,,,,,,,,,,,,,,,,,,,,,268.26,0.0,0.0,0.0,0.0,0.0,0.003,0.005,0.005,51.0,26.0,7.0,1.0,0.0,0.0,0.0,0.0,0.0,0.0,,,,,,,,,,,,,,,,,,,,,,,,,,,,,,,,,,,,,,,,,,,,,,,,,,,,,,,,,,,,,,,,,,,,,,,,,2.0,3.0,7620.0,30.0,1473.0,32.0,30.0,35.0,76.0,50.0,64.0,70.0,22.0,22.0,21.0,24.0,25.0,26.0,27.0,0.0,0.0,0.0,0.0,0.0,23.4,584.0,273.16,0.8,,0.0,2.0,0.0,,,,,,,,,,,,,,,,,,,,,,,,,,,,,,,,,,,,,,,,,,,,,,,,,,,,,,20.0,9.2,15.2,16.4,16.8,17.2,18.0,18.4,18.4,18.8,11.6,19.2,20.0,20.0,20.8,21.6,22.8,24.4,25.6,27.2,28.1827,29.3622,20.0253,4.51542,95.0,89.0,72.0,32.0,20.0,3.0,0.0,99.0,,,,,,,,,,,,,,,,,,,,,,,,,,,,,,,,,,,,,,,,,,,,,,,,,,,,,,,,,,,,,,,,,,,,,,,,,,,,,,,,,,,,,,,,,,,,,,,,,,,,,,,,,,,,,,,,,,,,,,,,,,,,,,,6.0,,,128.0,,28.4,0.0,15.6,0.0,88888.0,89.0,,,,,,,,,,,,,,,,,,,,,,,,,,,,,,,,,,,,,,,,,,,,,,,,,,,,,,,,,,,,,7.9,5.7,6.1,5.5,6.7,7.4,8.2,8.5,1248.0,1200.0,1256.0,1152.0,1320.0,1360.0,1392.0,1400.0,0.0,92.0,65.0,19.0,0.0,,,,,,274.85,1.45,,,,,,,,,,,,,,,,,,,,,,,,,,,,,,,,,,,,,,,,,,,,,,,,,,,,,,,,,,,,,9.999e+20,260.0,10.4,270.0,17.4,,,0.0,,,4.0,0.002,465.0,23.0,26.0,28.0,36.0,3632.0,260.0,260.0,260.0,270.0,274.0,10.4,4.8,7.6,8.8,8.8,9.2,9.6,10.0,10.0,10.0,6.0,10.4,10.8,10.8,11.2,11.6,12.0,12.4,12.8,13.6,14.0,15.6,10.4,2.4,33.0,2.0,0.0,0.0,100.0,0.0,97.0,83.0,12.0,13.2,29.6
2025120612,6.771,0.0,0.0,0.066,0.767,1.465,2.226,2.824,3.625,4.452,0.0,5.381,6.234,7.213,8.23,9.314,10.559,11.957,14.002,16.086,18.704,24.068,84.0,0.0,18.0,0.0,4.0,67.0,1.0,0.0,45.0,0.0,0.836,23.0,19.138,2.017,6.955,8.682,9.975,11.468,12.974,14.457,15.642,16.857,4.786,18.122,19.45,20.98,22.522,24.127,25.964,27.729,29.812,32.539,36.589,42.833,100.0,0.0,71.0,0.0,0.0,0.0,26.0,0.0,92.0,0.0,,,,,,,,,,,,,,,,,,,,,,,,,,,,,,,,,3.302,0.0,0.0,0.0,0.0,0.173,0.666,1.124,1.532,2.059,0.0,2.686,3.302,4.01,4.779,5.601,6.411,7.442,8.607,10.031,12.569,16.722,75.0,5.0,0.0,51.0,0.0,0.0,0.0,25.0,0.0,0.0,,,,,,,,,,,,,,,,,,,,,,,,,,,,,,,,,267.98,0.0,0.0,0.0,0.0,0.0,0.003,0.005,0.008,53.0,21.0,2.0,0.0,0.0,0.0,0.0,0.0,0.0,0.0,,,,,,,,,,,,,,,,,,,,,,,,,,,,,,,,,,,,,0.013,0.0,0.0,0.0,0.0,0.01,0.025,0.036,61.0,40.0,22.0,9.0,2.0,1.0,0.0,0.0,0.0,0.0,,,,,,,,,,,,,,,,,,,1.0,2.0,7620.0,30.0,1470.0,32.0,30.0,38.0,80.0,53.0,68.0,74.0,22.0,23.0,21.0,25.0,26.0,27.0,28.0,0.0,0.0,0.0,0.0,0.0,24.5,584.0,273.23,0.79,0.0,0.0,2.0,0.0,,,,,,,,,,,,,,,,,,,,,,,,,,0.0,0.0,0.0,0.0,0.0,0.0,0.0,0.0,1.0,0.0,0.0,0.0,0.0,,,,,,,,,,,,,,14.0,9.999e+20,20.0,9.6,15.2,16.4,16.8,17.2,18.0,18.4,18.4,18.8,12.4,19.2,19.6,20.0,20.8,21.6,23.2,24.4,25.6,26.4,28.2078,29.0767,20.0299,4.53325,97.0,89.0,72.0,34.0,19.0,2.0,0.0,100.0,2.0,9.999e+20,9.999e+20,9.999e+20,9.999e+20,9.999e+20,,,,,,,,,,,,,,,,,,,,,,,,,,,,,,,,,,,,,,,,,,,,,,,,,,,,,,,,,,,,,,,,,,,,,,,,,,,,,,,,,,,,,,,,,,,,,,,,,,,,,,,,,,,,,,,,,,,,,,,,,4.8,,,168.0,8.0,28.4,0.0,31.6,0.0,88888.0,88.0,,,,,,,,,,,,,,,,,,,,,,,,,,,,,,,,,,,,,,,,,,,,,,,,,,,,,,,,,,,,,8.3,5.5,6.1,5.4,6.7,7.5,8.5,9.0,1232.0,1176.0,1232.0,1136.0,1312.0,1360.0,1384.0,1392.0,0.0,93.0,59.0,20.0,0.0,,,273.55,1.22,,274.77,1.59,,,,,,,,,,,,,,,,,,,,,,,,,,,,,,,,,,,,,,,,,,,,,,,,,,,,,,,,,,,,,9.999e+20,250.0,10.8,270.0,16.9,,4.0,0.0,0.0,1.0,4.0,0.007,465.0,25.0,28.0,30.0,38.0,4251.0,250.0,250.0,250.0,270.0,274.0,10.8,4.8,7.6,8.8,9.2,9.2,9.6,9.6,10.0,10.4,6.4,10.4,10.4,10.8,11.2,11.6,12.0,12.4,12.8,13.6,14.4,15.6,10.4,2.4,33.0,2.0,0.0,0.0,100.0,0.0,98.0,84.0,12.0,13.2,28.8
2025120613,,,,,,,,,,,,,,,,,,,,,,,,,,,,,,,,,0.565,16.0,,,,,,,,,,,,,,,,,,,,,,,,,,,,,,,,,,,,,,,,,,,,,,,,,,,,,,,,,,,,,,,,,,,,,,,,,,,,,,,,,,,,,,,,,,,,,,,,,,,,,,,,,,,,,,,,,,,,,,,,,,,,,,,,,267.69,0.0,0.0,0.0,0.0,0.0,0.003,0.005,0.005,51.0,11.0,0.0,0.0,0.0,0.0,0.0,0.0,0.0,0.0,,,,,,,,,,,,,,,,,,,,,,,,,,,,,,,,,,,,,,,,,,,,,,,,,,,,,,,,,,,,,,,,,,,,,,,,,3.0,3.0,7620.0,30.0,1209.0,32.0,30.0,40.0,80.0,55.0,70.0,76.0,22.0,23.0,21.0,26.0,27.0,27.0,27.0,0.0,0.0,0.0,0.0,0.0,25.5,584.0,272.65,0.73,,0.0,2.0,0.0,,,,,,,,,,,,,,,,,,,,,,,,,,,,,,,,,,,,,,,,,,,,,,,,,,,,,,20.1,10.0,15.6,16.8,17.2,17.6,18.0,18.4,18.8,18.8,13.2,19.2,19.6,20.0,20.8,21.2,22.8,24.4,25.6,26.5142,27.6554,29.08,20.0621,4.17078,97.0,90.0,75.0,32.0,18.0,2.0,0.0,100.0,,,,,,,,,,,,,,,,,,,,,,,,,,,,,,,,,,,,,,,,,,,,,,,,,,,,,,,,,,,,,,,,,,,,,,,,,,,,,,,,,,,,,,,,,,,,,,,,,,,,,,,,,,,,,,,,,,,,,,,,,,,,,,,7.6,,,200.0,,28.3,0.0,48.5,0.0,774.0,89.0,,,,,,,,,,,,,,,,,,,,,,,,,,,,,,,,,,,,,,,,,,,,,,,,,,,,,,,,,,,,,8.4,5.8,6.4,5.7,6.9,7.8,8.5,9.2,1224.0,1168.0,1208.0,1120.0,1296.0,1344.0,1368.0,1376.0,0.0,92.0,65.0,20.0,0.0,,,,,,274.21,1.51,,,,,,,,,,,,,,,,,,,,,,,,,,,,,,,,,,,,,,,,,,,,,,,,,,,,,,,,,,,,,9.999e+20,250.0,10.8,270.0,15.7,,,0.0,,,4.0,0.01,465.0,26.0,31.0,32.0,39.0,4409.0,250.0,250.0,250.0,270.0,273.9,10.8,5.2,8.0,8.8,9.2,9.6,9.6,10.0,10.0,10.4,6.8,10.4,10.8,11.2,11.2,11.6,12.0,12.4,12.8,13.2,14.0,15.2,10.8,2.0,37.0,1.0,0.0,0.0,100.0,0.0,98.0,86.0,12.0,13.2,28.0
2025120614,,,,,,,,,,,,,,,,,,,,,,,,,,,,,,,,,0.48,25.0,,,,,,,,,,,,,,,,,,,,,,,,,,,,,,,,,,,,,,,,,,,,,,,,,,,,,,,,,,,,,,,,,,,,,,,,,,,,,,,,,,,,,,,,,,,,,,,,,,,,,,,,,,,,,,,,,,,,,,,,,,,,,,,,,267.56,0.0,0.0,0.0,0.0,0.0,0.003,0.003,0.005,48.0,6.0,0.0,0.0,0.0,0.0,0.0,0.0,0.0,0.0,,,,,,,,,,,,,,,,,,,,,,,,,,,,,,,,,,,,,,,,,,,,,,,,,,,,,,,,,,,,,,,,,,,,,,,,,3.0,3.0,7620.0,32.0,1209.0,32.0,32.0,38.0,79.0,53.0,68.0,74.0,23.0,23.0,22.0,25.0,27.0,28.0,28.0,0.0,0.0,0.0,0.0,0.0,26.1,584.0,272.39,0.62,,0.0,1.0,0.0,,,,,,,,,,,,,,,,,,,,,,,,,,,,,,,,,,,,,,,,,,,,,,,,,,,,,,19.7,9.6,15.6,16.4,16.8,17.2,17.6,18.0,18.4,18.4,12.8,18.8,19.2,19.6,20.0,20.8,21.3218,23.7554,25.4686,26.3803,27.33,28.7048,19.6972,4.18669,97.0,90.0,72.0,28.0,18.0,1.0,0.0,99.0,,,,,,,,,,,,,,,,,,,,,,,,,,,,,,,,,,,,,,,,,,,,,,,,,,,,,,,,,,,,,,,,,,,,,,,,,,,,,,,,,,,,,,,,,,,,,,,,,,,,,,,,,,,,,,,,,,,,,,,,,,,,,,,5.6,,,184.0,,7.5,0.0,51.2,0.0,1096.0,88.0,,,,,,,,,,,,,,,,,,,,,,,,,,,,,,,,,,,,,,,,,,,,,,,,,,,,,,,,,,,,,8.7,6.1,6.5,6.0,7.0,8.0,8.6,9.2,1200.0,1144.0,1192.0,1112.0,1280.0,1320.0,1344.0,1352.0,0.0,90.0,66.0,18.0,0.0,,,,,,274.42,1.52,,,,,,,,,,,,,,,,,,,,,,,,,,,,,,,,,,,,,,,,,,,,,,,,,,,,,,,,,,,,,9.999e+20,250.0,10.4,270.0,15.8,,,0.0,,,4.0,0.015,457.0,23.0,26.0,29.0,36.0,4169.0,250.0,250.0,250.0,270.0,273.6,10.4,4.8,7.6,8.8,9.2,9.2,9.6,9.6,10.0,10.0,6.4,10.4,10.4,10.8,11.2,11.2,11.6,12.0,12.0,12.8,13.6,14.8,10.4,2.0,30.0,1.0,0.0,0.0,100.0,0.0,97.0,88.0,11.6,12.8,27.2
2025120615,,,,,,,,,,,,,,,,,,,,,,,,,,,,,,,,,0.529,24.0,,,,,,,,,,,,,,,,,,,,,,,,,,,,,,,,,,,,,,,,,,,,,,,,,,,,,,,,,,,,,,,,,,,,,,,,,,,,,,,,,,,,,,,,,,,,,,,,,,,,,,,,,,,,,,,,,,,,,,,,,,,,,,,,,267.81,0.003,0.0,0.0,0.0,0.0,0.003,0.003,0.005,40.0,4.0,0.0,0.0,0.0,0.0,0.0,0.0,0.0,0.0,,,,,,,,,,,,,,,,,,,,,,,,,,,,,,,,,,,,,,,,,,,,,,,,,,,,,,,,,,,,,,,,,,,,,,,,,4.0,4.0,7620.0,32.0,1208.0,32.0,32.0,36.0,76.0,51.0,65.0,71.0,23.0,24.0,21.0,25.0,27.0,29.0,30.0,0.0,0.0,0.0,0.0,0.0,26.9,576.0,272.35,0.65,0.0,0.0,2.0,0.0,,,,,,,,,,,,,,,,,,,,,,,,,,,,,,,,,,,,,,,,,,,,,,,,,,,,,9.999e+20,18.9,8.4,14.4,16.0,16.4,17.2,17.2,17.6,18.0,18.0,11.6,18.4,18.409,19.2208,19.2389,20.0645,20.4974,23.3439,24.612,25.9731,26.5794,28.407,18.9408,4.30199,95.0,88.0,67.0,24.0,15.0,0.0,0.0,98.0,,9.999e+20,9.999e+20,9.999e+20,9.999e+20,9.999e+20,,,,,,,,,,,,,,,,,,,,,,,,,,,,,,,,,,,,,,,,,,,,,,,,,,,,,,,,,,,,,,,,,,,,,,,,,,,,,,,,,,,,,,,,,,,,,,,,,,,,,,,,,,,,,,,,,,,,,,,,,4.8,,,184.0,,0.8,0.0,72.0,0.0,910.0,85.0,,,,,,,,,,,,,,,,,,,,,,,,,,,,,,,,,,,,,,,,,,,,,,,,,,,,,,,,,,,,,8.9,6.4,6.8,6.3,7.2,8.3,8.9,9.3,1192.0,1120.0,1176.0,1096.0,1272.0,1296.0,1320.0,1336.0,0.0,91.0,72.0,18.0,0.0,,,,,,274.71,1.51,,,,,,,,,,,,,,,,,,,,,,,,,,,,,,,,,,,,,,,,,,,,,,,,,,,,,,,,,,,,,9.999e+20,250.0,10.0,270.0,14.6,,,0.0,0.0,,4.0,0.015,457.0,23.0,26.0,27.0,34.0,3878.0,250.0,250.0,250.0,270.0,274.1,10.0,4.0,7.6,8.8,9.2,9.6,9.6,9.6,10.0,10.0,6.0,10.4,10.4,10.4,10.8,11.2,11.2,11.6,11.6,12.0,12.8,14.4,10.0,2.0,23.0,0.0,0.0,0.0,100.0,0.0,95.0,86.0,11.6,12.8,26.4
2025120616,,,,,,,,,,,,,,,,,,,,,,,,,,,,,,,,,0.386,17.0,,,,,,,,,,,,,,,,,,,,,,,,,,,,,,,,,,,,,,,,,,,,,,,,,,,,,,,,,,,,,,,,,,,,,,,,,,,,,,,,,,,,,,,,,,,,,,,,,,,,,,,,,,,,,,,,,,,,,,,,,,,,,,,,,267.99,0.003,0.0,0.0,0.0,0.003,0.003,0.005,0.005,49.0,4.0,0.0,0.0,0.0,0.0,0.0,0.0,0.0,0.0,,,,,,,,,,,,,,,,,,,,,,,,,,,,,,,,,,,,,,,,,,,,,,,,,,,,,,,,,,,,,,,,,,,,,,,,,5.0,4.0,7620.0,32.0,1207.0,32.0,32.0,36.0,75.0,52.0,65.0,71.0,24.0,24.0,23.0,25.0,28.0,29.0,30.0,0.0,0.0,0.0,0.0,0.0,27.6,560.0,272.26,0.62,,2.0,1.0,0.0,,,,,,,,,,,,,,,,,,,,,,,,,,,,,,,,,,,,,,,,,,,,,,,,,,,,,,18.9,7.2,12.8,14.4,16.4,16.8,17.6,17.6,18.0,18.0,10.8,18.4,18.4,18.8,19.2662,19.7018,20.5232,23.3524,25.4281,26.7183,27.1244,28.5924,18.9313,4.69152,94.0,84.0,68.0,22.0,17.0,1.0,0.0,97.0,,,,,,,,,,,,,,,,,,,,,,,,,,,,,,,,,,,,,,,,,,,,,,,,,,,,,,,,,,,,,,,,,,,,,,,,,,,,,,,,,,,,,,,,,,,,,,,,,,,,,,,,,,,,,,,,,,,,,,,,,,,,,,,7.2,,,424.0,,0.8,0.0,53.0,0.0,505.2,85.0,,,,,,,,,,,,,,,,,,,,,,,,,,,,,,,,,,,,,,,,,,,,,,,,,,,,,,,,,,,,,9.0,6.7,7.0,6.6,7.4,8.5,9.1,9.4,1176.0,1128.0,1168.0,1120.0,1256.0,1280.0,1304.0,1320.0,0.0,90.0,66.0,18.0,0.0,,,,,,274.65,1.39,,,,,,,,,,,,,,,,,,,,,,,,,,,,,,,,,,,,,,,,,,,,,,,,,,,,,,,,,,,,,9.999e+20,250.0,10.0,270.0,14.5,,,0.0,,,4.0,0.034,457.0,24.0,27.0,29.0,37.0,7275.0,250.0,250.0,250.0,270.0,273.5,10.0,3.6,6.8,8.0,9.2,9.6,9.6,10.0,10.0,10.0,5.6,10.4,10.4,10.4,10.8,11.2,11.2,11.6,12.0,12.4,13.2,14.4,10.0085,2.04947,26.0,0.0,0.0,0.0,98.0,0.0,95.0,82.0,11.6,12.8,26.4
2025120617,,,,,,,,,,,,,,,,,,,,,,,,,,,,,,,,,0.278,15.0,,,,,,,,,,,,,,,,,,,,,,,,,,,,,,,,,,,,,,,,,,,,,,,,,,,,,,,,,,,,,,,,,,,,,,,,,,,,,,,,,,,,,,,,,,,,,,,,,,,,,,,,,,,,,,,,,,,,,,,,,,,,,,,,,268.17,0.0,0.0,0.0,0.0,0.003,0.003,0.005,0.005,51.0,3.0,0.0,0.0,0.0,0.0,0.0,0.0,0.0,0.0,,,,,,,,,,,,,,,,,,,,,,,,,,,,,,,,,,,,,,,,,,,,,,,,,,,,,,,,,,,,,,,,,,,,,,,,,6.0,6.0,7620.0,32.0,1206.0,32.0,32.0,34.0,71.0,50.0,62.0,67.0,23.0,24.0,22.0,26.0,28.0,29.0,30.0,0.0,0.0,0.0,0.0,0.0,27.4,560.0,272.82,0.57,,33.0,1.0,0.0,,,,,,,,,,,,,,,,,,,,,,,,,,,,,,,,,,,,,,,,,,,,,,,,,,,,,,17.8,6.8,11.2,13.2,14.8,15.6,16.8,16.8,17.2,17.2,8.8,17.6,18.0,18.0,18.4881,18.5384,19.3617,22.2939,24.7595,26.1046,26.6663,27.9248,17.763,5.08399,90.0,76.0,53.0,21.0,16.0,0.0,0.0,95.0,,,,,,,,,,,,,,,,,,,,,,,,,,,,,,,,,,,,,,,,,,,,,,,,,,,,,,,,,,,,,,,,,,,,,,,,,,,,,,,,,,,,,,,,,,,,,,,,,,,,,,,,,,,,,,,,,,,,,,,,,,,,,,,4.0,,,536.0,,0.6,0.0,57.1,17.0,88888.0,86.0,,,,,,,,,,,,,,,,,,,,,,,,,,,,,,,,,,,,,,,,,,,,,,,,,,,,,,,,,,,,,8.9,7.0,7.2,6.9,7.8,8.8,9.2,9.4,1192.0,1136.0,1176.0,1128.0,1240.0,1264.0,1288.0,1304.0,0.0,94.0,69.0,15.0,0.0,,,,,,274.93,1.36,,,,,,,,,,,,,,,,,,,,,,,,,,,,,,,,,,,,,,,,,,,,,,,,,,,,,,,,,,,,,9.999e+20,250.0,10.0,270.0,14.5,,,0.0,,,4.0,0.004,457.0,25.0,27.0,30.0,38.0,8927.0,250.0,250.0,250.0,270.0,274.4,10.0,3.2,5.6,7.2,8.4,9.2,10.0,10.0,10.0,10.4,4.4,10.4,10.4,10.8,10.8,11.2,11.2,11.6,12.0,12.4,13.6,14.4,10.0,2.4,24.0,0.0,0.0,0.0,97.0,0.0,90.0,77.0,11.2,12.4,23.6
2025120618,5.304,0.0,0.0,0.0,0.018,0.376,1.031,1.513,2.165,2.674,0.0,3.478,4.385,5.441,6.414,7.402,8.542,9.73,11.314,13.554,16.343,21.713,76.0,0.0,12.0,0.0,2.0,56.0,0.0,0.0,35.0,0.0,0.238,12.0,14.381,0.0,2.487,3.622,4.803,6.159,7.703,8.996,10.622,11.895,1.151,13.228,14.722,16.043,17.588,19.263,21.28,23.224,25.411,28.082,31.523,38.679,97.0,0.0,52.0,0.0,0.0,0.0,15.0,0.0,75.0,0.0,,,,,,,,,,,,,,,,,,,,,,,,,,,,,,,,,1.016,0.0,0.0,0.0,0.0,0.0,0.0,0.0,0.02,0.198,0.0,0.443,0.717,0.966,1.303,1.687,2.248,2.811,3.498,4.244,5.415,8.349,47.0,0.0,0.0,22.0,0.0,0.0,0.0,3.0,0.0,0.0,,,,,,,,,,,,,,,,,,,,,,,,,,,,,,,,,269.21,0.0,0.0,0.0,0.0,0.003,0.003,0.005,0.005,50.0,2.0,0.0,0.0,0.0,0.0,0.0,0.0,0.0,0.0,0.023,0.003,0.008,0.0,0.013,0.02,0.041,0.056,79.0,47.0,33.0,12.0,2.0,0.0,0.0,0.0,0.0,0.0,,,,,,,,,,,,,,,,,,,0.005,0.0,0.003,0.0,0.008,0.013,0.018,0.025,69.0,9.0,1.0,0.0,0.0,0.0,0.0,0.0,0.0,0.0,,,,,,,,,,,,,,,,,,,7.0,6.0,7620.0,33.0,1206.0,32.0,32.0,27.0,61.0,42.0,51.0,55.0,22.0,24.0,21.0,27.0,28.0,28.0,29.0,0.0,0.0,0.0,0.0,0.0,27.0,608.0,273.48,0.61,0.0,58.0,0.0,0.0,0.0,0.0,0.0,0.0,0.0,0.0,0.0,0.0,1.0,0.0,0.0,0.0,0.0,,,,,,,,,,,,,0.0,0.0,0.0,0.0,0.0,0.0,0.0,0.0,1.0,0.0,0.0,0.0,0.0,,,,,,,,,,,,,,16.0,9.999e+20,16.3,6.0,8.8,10.8,12.0,13.6,14.0,14.4,15.2,15.6,7.2,16.0,16.4,16.4837,17.0076,17.0356,17.8973,20.8503,23.3901,24.3767,25.0156,26.4425,16.2518,5.1375,83.0,58.0,27.0,19.0,9.0,0.0,0.0,89.0,2.0,9.999e+20,9.999e+20,9.999e+20,9.999e+20,9.999e+20,,,,,,,,,,,,,,,,,,,,,,,,,,,,,,,,,,,,,,,,,,,,,,,,,,,,,,,,,,,,,,,,,,,,,,,,,,,,,,,,,,,,,,,,,,,,,,,,,,,,,,,,,,,,,,,,,,,,,,,,,3.6,91.0,,640.0,,17.6,0.0,41.1,17.0,88888.0,87.0,,,,,,,,,,,,,,,,,,,,,,,,,,,,,,,,,,,,,,,,,,,,,,,,,,,,,,,,,,,,,8.9,7.2,7.4,7.1,8.1,9.0,9.4,9.6,1192.0,1152.0,1184.0,1144.0,1232.0,1256.0,1280.0,1288.0,0.0,91.0,71.0,16.0,0.0,,,,,1.05391,275.28,1.31,,,,,,,,,,,,,,,,,,,,,,,,,,,,,,,274.284,271.691,272.741,273.521,273.69,273.914,273.782,273.881,274.103,274.302,272.175,274.475,274.416,274.7,274.973,275.196,275.427,275.531,275.807,276.081,276.466,277.629,0.0,0.0,0.0,0.0,0.0,0.0,13.0,0.0,9.999e+20,250.0,8.8,270.0,15.0,27.0,2.0,0.0,0.0,0.0,4.0,0.003,457.0,21.0,25.0,27.0,35.0,10963.0,250.0,250.0,250.0,260.0,274.6,8.8,2.8,4.8,6.0,6.8,7.6,8.0,8.4,8.8,9.2,3.6,9.6,9.6,10.0,10.0,10.4,10.4,10.8,11.2,11.6,12.8,13.7349,8.80595,2.44193,14.0,0.0,0.0,0.0,93.0,0.0,86.0,63.0,10.0,11.2,26.0
2025120619,,,,,,,,,,,,,,,,,,,,,,,,,,,,,,,,,0.215,17.0,,,,,,,,,,,,,,,,,,,,,,,,,,,,,,,,,,,,,,,,,,,,,,,,,,,,,,,,,,,,,,,,,,,,,,,,,,,,,,,,,,,,,,,,,,,,,,,,,,,,,,,,,,,,,,,,,,,,,,,,,,,,,,,,,269.57,0.0,0.0,0.0,0.0,0.003,0.003,0.005,0.005,47.0,2.0,0.0,0.0,0.0,0.0,0.0,0.0,0.0,0.0,,,,,,,,,,,,,,,,,,,,,,,,,,,,,,,,,,,,,,,,,,,,,,,,,,,,,,,,,,,,,,,,,,,,,,,,,9.0,6.0,7620.0,65.0,1468.0,48.0,64.0,25.0,60.0,40.0,51.0,54.0,22.0,24.0,21.0,26.0,28.0,28.0,29.0,0.0,0.0,0.0,0.0,0.0,26.9,608.0,273.93,0.63,,98.0,1.0,0.0,,,,,,,,,,,,,,,,,,,,,,,,,,,,,,,,,,,,,,,,,,,,,,,,,,,,,,15.6,6.0,8.4,10.4,11.2,12.4,13.2,14.0,14.8,15.2,6.8,15.6,16.0,16.2815,16.727,16.8246,17.7326,19.4717,22.839,24.159,24.599,25.7575,15.5747,5.1465,80.0,51.0,26.0,17.0,3.0,0.0,0.0,89.0,,,,,,,,,,,,,,,,,,,,,,,,,,,,,,,,,,,,,,,,,,,,,,,,,,,,,,,,,,,,,,,,,,,,,,,,,,,,,,,,,,,,,,,,,,,,,,,,,,,,,,,,,,,,,,,,,,,,,,,,,,,,,,,7.2,,,656.0,,0.6,0.0,66.6,0.0,88888.0,88.0,,,,,,,,,,,,,,,,,,,,,,,,,,,,,,,,,,,,,,,,,,,,,,,,,,,,,,,,,,,,,9.2,7.1,7.3,7.1,8.2,9.1,9.4,9.8,1200.0,1176.0,1200.0,1160.0,1240.0,1264.0,1280.0,1296.0,0.0,90.0,73.0,16.0,0.0,,,,,,275.52,1.35,,,,,,,,,,,,,,,,,,,,,,,,,,,,,,,,,,,,,,,,,,,,,,,,,,,,,,,,,,,,,9.999e+20,250.0,8.8,270.0,15.9,,,0.0,,,4.0,0.003,457.0,18.0,22.0,25.0,33.0,11674.0,250.0,250.0,250.0,260.0,275.2,8.8,2.8,4.4,5.6,6.4,7.2,7.6,8.4,8.8,8.8,3.2,9.2,9.6,10.0,10.0,10.0,10.4,10.4,10.8,11.2,12.0,12.8993,8.40335,2.42524,10.0,0.0,0.0,0.0,93.0,0.0,85.0,60.0,9.6,10.8,23.2
2025120620,,,,,,,,,,,,,,,,,,,,,,,,,,,,,,,,,0.267,15.0,,,,,,,,,,,,,,,,,,,,,,,,,,,,,,,,,,,,,,,,,,,,,,,,,,,,,,,,,,,,,,,,,,,,,,,,,,,,,,,,,,,,,,,,,,,,,,,,,,,,,,,,,,,,,,,,,,,,,,,,,,,,,,,,,270.39,0.0,0.0,0.0,0.0,0.003,0.003,0.005,0.005,44.0,2.0,0.0,0.0,0.0,0.0,0.0,0.0,0.0,0.0,,,,,,,,,,,,,,,,,,,,,,,,,,,,,,,,,,,,,,,,,,,,,,,,,,,,,,,,,,,,,,,,,,,,,,,,,14.0,10.0,7620.0,65.0,1208.0,56.0,64.0,20.0,60.0,36.0,48.0,52.0,21.0,24.0,21.0,26.0,27.0,29.0,29.0,0.0,0.0,0.0,0.0,0.0,26.4,608.0,274.05,0.67,,118.0,1.0,0.0,,,,,,,,,,,,,,,,,,,,,,,,,,,,,,,,,,,,,,,,,,,,,,,,,,,,,,14.9,5.6,8.0,9.6,10.4,11.6,12.4,13.2,14.0,14.4,6.8,14.9443,15.4166,15.9311,16.0431,16.5377,17.0157,18.3564,21.7597,23.171,24.123,24.6713,14.8683,5.17356,76.0,45.0,23.0,16.0,1.0,0.0,0.0,87.0,,,,,,,,,,,,,,,,,,,,,,,,,,,,,,,,,,,,,,,,,,,,,,,,,,,,,,,,,,,,,,,,,,,,,,,,,,,,,,,,,,,,,,,,,,,,,,,,,,,,,,,,,,,,,,,,,,,,,,,,,,,,,,,6.0,,,664.0,,1.9,0.0,63.3,0.0,2049.2,87.0,,,,,,,,,,,,,,,,,,,,,,,,,,,,,,,,,,,,,,,,,,,,,,,,,,,,,,,,,,,,,9.0,7.2,7.3,7.1,8.2,9.1,9.4,9.7,1224.0,1192.0,1224.0,1168.0,1248.0,1280.0,1288.0,1304.0,0.0,85.0,65.0,18.0,0.0,,,,,,275.99,1.25,,,,,,,,,,,,,,,,,,,,,,,,,,,,,,,,,,,,,,,,,,,,,,,,,,,,,,,,,,,,,9.999e+20,250.0,8.4,270.0,16.0,,,0.0,,,4.0,0.029,457.0,15.0,18.0,21.0,27.0,11863.0,250.0,250.0,250.0,260.0,276.2,8.4,2.4,4.0,5.2,6.0,6.4,7.2,7.6,8.4,8.8,3.2,8.8,9.2,9.6,10.0,10.0,10.0,10.4,10.8,11.2,11.6,11.6041,8.42429,2.48845,7.0,0.0,0.0,0.0,93.0,0.0,82.0,56.0,9.2,10.4,23.6
2025120621,,,,,,,,,,,,,,,,,,,,,,,,,,,,,,,,,0.259,21.0,,,,,,,,,,,,,,,,,,,,,,,,,,,,,,,,,,,,,,,,,,,,,,,,,,,,,,,,,,,,,,,,,,,,,,,,,,,,,,,,,,,,,,,,,,,,,,,,,,,,,,,,,,,,,,,,,,,,,,,,,,,,,,,,,270.28,0.003,0.0,0.0,0.0,0.0,0.0,0.003,0.003,32.0,3.0,0.0,0.0,0.0,0.0,0.0,0.0,0.0,0.0,,,,,,,,,,,,,,,,,,,,,,,,,,,,,,,,,,,,,,,,,,,,,,,,,,,,,,,,,,,,,,,,,,,,,,,,,8.0,6.0,7620.0,65.0,976.0,48.0,64.0,18.0,60.0,32.0,48.0,53.0,21.0,24.0,21.0,26.0,28.0,30.0,31.0,0.0,0.0,0.0,0.0,0.0,26.9,608.0,273.82,0.65,0.0,127.0,2.0,0.0,,,,,,,,,,,,,,,,,,,,,,,,,,,,,,,,,,,,,,,,,,,,,,,,,,,,,9.999e+20,14.2,5.6,7.6,8.8,9.2,10.4,11.2,11.6,12.4,13.3778,6.4,13.8866,14.3651,14.8735,15.7725,15.8733,16.4181,17.3954,20.3941,22.1715,23.1425,24.0285,14.1805,4.78672,68.0,37.0,18.0,14.0,0.0,0.0,0.0,83.0,,9.999e+20,9.999e+20,9.999e+20,9.999e+20,9.999e+20,,,,,,,,,,,,,,,,,,,,,,,,,,,,,,,,,,,,,,,,,,,,,,,,,,,,,,,,,,,,,,,,,,,,,,,,,,,,,,,,,,,,,,,,,,,,,,,,,,,,,,,,,,,,,,,,,,,,,,,,,8.4,,,592.0,,7.3,0.0,57.9,0.0,1790.0,88.0,,,,,,,,,,,,,,,,,,,,,,,,,,,,,,,,,,,,,,,,,,,,,,,,,,,,,,,,,,,,,8.7,7.1,7.3,7.1,8.0,9.1,9.4,9.7,1232.0,1192.0,1232.0,1184.0,1256.0,1288.0,1304.0,1312.0,0.0,57.0,64.0,21.0,0.0,,,,,,275.57,1.22,,,,,,,,,,,,,,,,,,,,,,,,,,,,,,,,,,,,,,,,,,,,,,,,,,,,,,,,,,,,,9.999e+20,250.0,7.6,270.0,14.9,,,0.0,0.0,,4.0,0.027,457.0,13.0,17.0,19.0,24.0,9922.0,250.0,250.0,250.0,260.0,276.1,7.6,2.4,4.0,4.4,5.2,5.6,6.4,6.8,7.2,7.6,2.8,8.0,8.4,8.8,9.2,9.6,9.6,10.0,10.4,10.4,10.8,11.2,7.60808,2.50633,1.0,0.0,0.0,0.0,91.0,0.0,74.0,39.0,8.8,9.6,23.6
2025120622,,,,,,,,,,,,,,,,,,,,,,,,,,,,,,,,,0.212,27.0,,,,,,,,,,,,,,,,,,,,,,,,,,,,,,,,,,,,,,,,,,,,,,,,,,,,,,,,,,,,,,,,,,,,,,,,,,,,,,,,,,,,,,,,,,,,,,,,,,,,,,,,,,,,,,,,,,,,,,,,,,,,,,,,,270.43,0.003,0.0,0.0,0.0,0.0,0.0,0.003,0.003,32.0,3.0,0.0,0.0,0.0,0.0,0.0,0.0,0.0,0.0,,,,,,,,,,,,,,,,,,,,,,,,,,,,,,,,,,,,,,,,,,,,,,,,,,,,,,,,,,,,,,,,,,,,,,,,,9.0,7.0,7620.0,249.0,1209.0,144.0,248.0,16.0,59.0,30.0,46.0,51.0,20.0,23.0,20.0,25.0,27.0,29.0,30.0,0.0,0.0,0.0,0.0,0.0,26.4,0.0,273.97,0.67,,98.0,0.0,0.0,,,,,,,,,,,,,,,,,,,,,,,,,,,,,,,,,,,,,,,,,,,,,,,,,,,,,,13.3,5.2,7.6,8.0,8.4,9.2,10.0,10.8,11.6,12.8,6.4,13.5013,14.0061,14.4698,14.9594,15.8743,16.3344,16.8537,19.3714,21.5164,22.1044,23.6571,13.3393,4.76857,62.0,32.0,18.0,12.0,0.0,0.0,0.0,79.0,,,,,,,,,,,,,,,,,,,,,,,,,,,,,,,,,,,,,,,,,,,,,,,,,,,,,,,,,,,,,,,,,,,,,,,,,,,,,,,,,,,,,,,,,,,,,,,,,,,,,,,,,,,,,,,,,,,,,,,,,,,,,,,8.8,,,568.0,,7.3,0.0,57.9,0.0,1234.0,88.0,,,,,,,,,,,,,,,,,,,,,,,,,,,,,,,,,,,,,,,,,,,,,,,,,,,,,,,,,,,,,8.6,7.0,7.2,6.9,7.8,9.0,9.4,9.7,1240.0,1200.0,1232.0,1176.0,1264.0,1296.0,1328.0,1336.0,0.0,90.0,60.0,20.0,0.0,,,,,,275.78,1.09,,,,,,,,,,,,,,,,,,,,,,,,,,,,,,,,,,,,,,,,,,,,,,,,,,,,,,,,,,,,,9.999e+20,250.0,7.2,270.0,14.4,,,0.0,,,4.0,0.02,457.0,13.0,16.0,18.0,23.0,9472.0,250.0,250.0,250.0,0.0,275.4,7.2,2.0,3.6,4.0,4.4,4.8,5.6,6.0,6.8,7.2,2.8,7.6,8.0,8.4,8.4,8.8,9.2,9.6,9.6,10.0,10.4,10.8,7.2,2.4,0.0,0.0,0.0,0.0,90.0,0.0,67.0,32.0,8.0,8.8,0.0
2025120623,,,,,,,,,,,,,,,,,,,,,,,,,,,,,,,,,0.167,24.0,,,,,,,,,,,,,,,,,,,,,,,,,,,,,,,,,,,,,,,,,,,,,,,,,,,,,,,,,,,,,,,,,,,,,,,,,,,,,,,,,,,,,,,,,,,,,,,,,,,,,,,,,,,,,,,,,,,,,,,,,,,,,,,,,269.9,0.0,0.0,0.0,0.0,0.0,0.0,0.003,0.003,28.0,1.0,0.0,0.0,0.0,0.0,0.0,0.0,0.0,0.0,,,,,,,,,,,,,,,,,,,,,,,,,,,,,,,,,,,,,,,,,,,,,,,,,,,,,,,,,,,,,,,,,,,,,,,,,10.0,7.0,7620.0,337.0,977.0,184.0,336.0,16.0,61.0,28.0,44.0,50.0,20.0,22.0,20.0,24.0,27.0,28.0,28.0,0.0,0.0,0.0,0.0,0.0,25.9,0.0,273.51,0.6,,68.0,1.0,0.0,,,,,,,,,,,,,,,,,,,,,,,,,,,,,,,,,,,,,,,,,,,,,,,,,,,,,,12.6,4.8,6.8,7.2,7.6,8.4,8.8,9.6,10.4,11.4232,6.0,12.2873,12.7705,13.2405,14.5402,15.0325,15.6073,16.1666,18.3047,20.1015,21.0871,23.0945,12.5902,4.76594,55.0,25.0,17.0,6.0,0.0,0.0,0.0,70.0,,,,,,,,,,,,,,,,,,,,,,,,,,,,,,,,,,,,,,,,,,,,,,,,,,,,,,,,,,,,,,,,,,,,,,,,,,,,,,,,,,,,,,,,,,,,,,,,,,,,,,,,,,,,,,,,,,,,,,,,,,,,,,,7.2,,,504.0,,10.4,0.0,56.8,0.0,1125.2,90.0,,,,,,,,,,,,,,,,,,,,,,,,,,,,,,,,,,,,,,,,,,,,,,,,,,,,,,,,,,,,,8.8,6.9,7.1,6.8,7.6,8.9,9.4,10.0,1232.0,1184.0,1224.0,1152.0,1280.0,1312.0,1336.0,1360.0,0.0,70.0,67.0,21.0,0.0,,,,,,274.97,1.01,,,,,,,,,,,,,,,,,,,,,,,,,,,,,,,,,,,,,,,,,,,,,,,,,,,,,,,,,,,,,9.999e+20,250.0,6.4,270.0,13.8,,,1.0,,,3.0,0.004,11081.0,11.0,14.0,16.0,22.0,8014.0,250.0,250.0,250.0,0.0,274.5,6.4,2.0,3.2,3.2,3.6,4.0,4.4,5.2,5.6,6.0,2.8,6.4,6.8,7.2,7.2,7.6,8.0,8.8,8.8,9.2,9.6,10.0,6.0,2.4,0.0,0.0,0.0,0.0,80.0,0.0,57.0,18.0,7.2,8.0,0.0
2025120700,2.691,0.0,0.0,0.0,0.0,0.0,0.05,0.363,0.713,1.06,0.0,1.455,1.879,2.341,2.983,3.799,4.644,5.431,6.335,7.374,9.009,11.78,65.0,0.0,1.0,0.0,0.0,38.0,0.0,0.0,15.0,0.0,0.255,22.0,10.911,0.0,0.0,0.392,1.343,2.468,3.35,4.385,5.544,6.946,0.0,8.503,10.067,11.73,13.581,15.463,17.491,19.824,22.156,25.886,30.297,37.464,86.0,0.0,38.0,0.0,0.0,0.0,11.0,0.0,57.0,0.0,,,,,,,,,,,,,,,,,,,,,,,,,,,,,,,,,1.016,0.0,0.0,0.0,0.0,0.0,0.0,0.0,0.11,0.336,0.0,0.588,0.839,1.113,1.398,1.814,2.216,2.655,3.211,3.901,4.83,7.347,55.0,0.0,0.0,21.0,0.0,0.0,0.0,2.0,0.0,0.0,,,,,,,,,,,,,,,,,,,,,,,,,,,,,,,,,270.04,0.0,0.0,0.0,0.0,0.0,0.0,0.003,0.003,26.0,1.0,0.0,0.0,0.0,0.0,0.0,0.0,0.0,0.0,0.028,0.005,0.01,0.003,0.018,0.028,0.048,0.058,80.0,51.0,38.0,18.0,4.0,1.0,0.0,0.0,0.0,0.0,,,,,,,,,,,,,,,,,,,0.005,0.0,0.0,0.0,0.003,0.005,0.013,0.02,57.0,11.0,0.0,0.0,0.0,0.0,0.0,0.0,0.0,0.0,,,,,,,,,,,,,,,,,,,11.0,10.0,7620.0,337.0,1208.0,192.0,336.0,15.0,61.0,26.0,40.0,48.0,19.0,21.0,18.0,24.0,25.0,27.0,28.0,0.0,0.0,0.0,0.0,0.0,25.0,0.0,273.3,0.73,0.0,29.0,1.0,0.0,0.0,0.0,0.0,0.0,0.0,0.0,0.0,0.0,1.0,0.0,0.0,0.0,0.0,,,,,,,,,,,,,0.0,0.0,0.0,0.0,0.0,0.0,0.0,0.0,0.0,0.0,0.0,0.0,0.0,,,,,,,,,,,,,,12.0,9.999e+20,11.7,4.0,6.0,6.4,6.8,7.2,7.6,8.4,9.2,10.0,5.2,10.8,11.6979,12.2953,13.2132,14.1106,15.0342,15.5884,16.9754,18.4191,20.7122,22.7695,11.65,4.74898,47.0,22.0,13.0,5.0,0.0,0.0,0.0,63.0,2.0,9.999e+20,9.999e+20,9.999e+20,9.999e+20,9.999e+20,,,,,,,,,,,,,,,,,,,,,,,,,,,,,,,,,,,,,,,,,,,,,,,,,,,,,,,,,,,,,,,,,,,,,,,,,,,,,,,,,,,,,,,,,,,,,,,,,,,,,,,,,,,,,,,,,,,,,,,,,2.4,,,408.0,5.0,10.4,0.0,26.7,0.0,88888.0,91.0,,,,,,,,,,,,,,,,,,,,,,,,,,,,,,,,,,,,,,,,,,,,,,,,,,,,,,,,,,,,,8.9,6.7,7.0,6.6,7.6,8.8,9.4,10.0,1192.0,1160.0,1224.0,1136.0,1288.0,1328.0,1360.0,1384.0,0.0,93.0,62.0,22.0,0.0,276.57,1.45,,,,274.48,0.86,,,,,,,,,,,,,,,,,,,,,,,,,,,,,,,,,,,,,,,,,,,,,,,,,,,,,,,,,,,,,9.999e+20,250.0,5.2,270.0,11.0,26.0,4.0,1.0,1.0,2.0,4.0,0.028,457.0,11.0,14.0,17.0,23.0,5432.0,250.0,250.0,250.0,0.0,274.1,5.2,1.6,2.8,2.8,3.2,3.6,3.6,4.0,4.4,4.8,2.0,5.2,5.6,5.6,6.0,6.4,6.8,7.6,7.6,8.0,8.8,9.2,5.2,2.0,0.0,0.0,0.0,0.0,73.0,0.0,41.0,5.0,6.0,6.4,0.0
2025120701,,,,,,,,,,,,,,,,,,,,,,,,,,,,,,,,,0.259,13.0,,,,,,,,,,,,,,,,,,,,,,,,,,,,,,,,,,,,,,,,,,,,,,,,,,,,,,,,,,,,,,,,,,,,,,,,,,,,,,,,,,,,,,,,,,,,,,,,,,,,,,,,,,,,,,,,,,,,,,,,,,,,,,,,,269.47,0.0,0.0,0.0,0.0,0.0,0.0,0.003,0.003,19.0,1.0,0.0,0.0,0.0,0.0,0.0,0.0,0.0,0.0,,,,,,,,,,,,,,,,,,,,,,,,,,,,,,,,,,,,,,,,,,,,,,,,,,,,,,,,,,,,,,,,,,,,,,,,,4.0,4.0,7620.0,273.0,1756.0,144.0,272.0,17.0,60.0,28.0,41.0,49.0,20.0,20.0,19.0,22.0,25.0,27.0,29.0,0.0,0.0,0.0,0.0,0.0,24.4,0.0,273.25,0.74,,0.0,1.0,0.0,,,,,,,,,,,,,,,,,,,,,,,,,,,,,,,,,,,,,,,,,,,,,,,,,,,,,,11.5,3.6,6.0,6.4,6.8,7.2,7.6,8.4,9.6,10.0,4.8,11.2,12.0,12.8,13.739,14.6977,15.6389,16.1103,17.0522,18.7894,20.3101,21.8164,11.4987,4.72456,49.0,27.0,14.0,3.0,0.0,0.0,0.0,63.0,,,,,,,,,,,,,,,,,,,,,,,,,,,,,,,,,,,,,,,,,,,,,,,,,,,,,,,,,,,,,,,,,,,,,,,,,,,,,,,,,,,,,,,,,,,,,,,,,,,,,,,,,,,,,,,,,,,,,,,,,,,,,,,2.8,,,304.0,,34.6,0.0,10.2,0.0,88888.2,92.0,,,,,,,,,,,,,,,,,,,,,,,,,,,,,,,,,,,,,,,,,,,,,,,,,,,,,,,,,,,,,8.6,6.4,6.9,6.3,7.5,8.8,9.3,9.9,1184.0,1144.0,1208.0,1112.0,1280.0,1344.0,1376.0,1400.0,0.0,94.0,63.0,10.0,0.0,,,,,,274.13,1.06,,,,,,,,,,,,,,,,,,,,,,,,,,,,,,,,,,,,,,,,,,,,,,,,,,,,,,,,,,,,,9.999e+20,240.0,5.2,260.0,11.0,,,1.0,,,3.0,0.002,457.0,9.0,11.0,13.0,19.0,4328.0,240.0,240.0,240.0,0.0,274.1,5.2,1.6,2.8,2.8,3.2,3.6,3.6,4.0,4.4,4.4,2.0,4.8,5.2,5.6,6.0,6.4,6.8,7.2,7.6,8.4,8.8,9.2,5.2,2.0,0.0,0.0,0.0,0.0,72.0,0.0,40.0,6.0,6.0,6.4,0.0
2025120702,,,,,,,,,,,,,,,,,,,,,,,,,,,,,,,,,0.204,,,,,,,,,,,,,,,,,,,,,,,,,,,,,,,,,,,,,,,,,,,,,,,,,,,,,,,,,,,,,,,,,,,,,,,,,,,,,,,,,,,,,,,,,,,,,,,,,,,,,,,,,,,,,,,,,,,,,,,,,,,,,,,,,,,,,,,,,,,,,,,,,,,,,,,,,,,,,,,,,,,,,,,,,,,,,,,,,,,,,,,,,,,,,,,,,,,,,,,,,,,,,,,,,,,,,,,,,,,,,,,,,,,,,,,,,,,,,,,,,,,,,,,,,,,,,,,,,,,,,,,,,,,,,,,,,,,,,,,,,,,,,,,,,,,,,,,,,,,,,,,,,,,3.2,5.6,6.0,6.4,7.2,7.6,8.8,9.2,10.4,4.8,11.6,12.0,12.8,13.2,14.4,15.6,16.588,17.1677,18.5461,19.7983,20.6134,11.379,4.7237,51.0,26.0,13.0,1.0,0.0,0.0,0.0,65.0,,,,,,,,,,,,,,,,,,,,,,,,,,,,,,,,,,,,,,,,,,,,,,,,,,,,,,,,,,,,,,,,,,,,,,,,,,,,,,,,,,,,,,,,,,,,,,,,,,,,,,,,,,,,,,,,,,,,,,,,,,,,,,,,,,,,,,,,,,,,,,,,,,,,,,,,,,,,,,,,,,,,,,,,,,,,,,,,,,,,,,,,,,,,,,,,,,,,,,,,,,,,,,,,,,,,,,,,,,,,,,,,,,,,,,,,,,,,,,,,,,,,,,,,,,,,,,,,,,,,,,,,,,,,,,,,,,,,,,,,,,,,,,,,,,,,,,,,,,,,,,,,,,,,,,1.2,2.8,2.8,2.8,3.6,3.6,4.0,4.4,4.4,2.4,4.8,5.2,5.6,6.0,6.4,6.8,6.8,7.6,8.4,8.8,9.2,5.2,2.0,0.0,0.0,0.0,0.0,73.0,0.0,38.0,7.0,,,
2025120703,,,,,,,,,,,,,,,,,,,,,,,,,,,,,,,,,0.181,,,,,,,,,,,,,,,,,,,,,,,,,,,,,,,,,,,,,,,,,,,,,,,,,,,,,,,,,,,,,,,,,,,,,,,,,,,,,,,,,,,,,,,,,,,,,,,,,,,,,,,,,,,,,,,,,,,,,,,,,,,,,,,,,,269.39,,,,,,,,,,,,,,,,,,,,,,,,,,,,,,,,,,,,,,,,,,,,,,,,,,,,,,,,,,,,,,,,,,,,,,,,,,,,,,,,,,,,,,,,,,,7.0,5.0,,,,48.0,3728.0,,,,,,20.0,21.0,19.0,22.0,24.0,27.0,33.0,0.0,0.0,0.0,0.0,0.0,26.4,,272.93,0.92,0.0,0.0,2.0,,,,,,,,,,,,,,,,,,,,,,,,,,,,,,,,,,,,,,,,,,,,,,,,,,,,,,9.999e+20,10.9,3.2,5.2,5.6,6.4,6.8,7.6,8.8,9.2,10.0,4.8,10.8,11.6,12.4,13.2,14.0,14.8837,16.1957,16.7041,17.2955,18.6895,20.1124,10.9447,4.71587,48.0,24.0,9.0,0.0,0.0,0.0,0.0,65.0,,9.999e+20,9.999e+20,9.999e+20,9.999e+20,9.999e+20,,,,,,,,,,,,,,,,,,,,,,,,,,,,,,,,,,,,,,,,,,,,,,,,,,,,,,,,,,,,,,,,,,,,,,,,,,,,,,,,,,,,,,,,,,,,,,,,,,,,,,,,,,,,,,,,,,,,,,,,,,,,272.0,,6.6,0.0,32.9,0.0,,92.0,,,,,,,,,,,,,,,,,,,,,,,,,,,,,,,,,,,,,,,,,,,,,,,,,,,,,,,,,,,,,8.7,6.0,6.6,5.7,7.5,8.6,9.6,10.2,1160.0,1048.0,1152.0,1032.0,1264.0,1352.0,1416.0,1440.0,,,58.0,19.0,,,,,,,273.95,1.28,,,,,,,,,,,,,,,,,,,,,,,,,,,,,,,,,,,,,,,,,,,,,,,,,,,,,,,,,,,,,9.999e+20,260.0,4.8,270.0,10.8,,,,0.0,,3.0,,12928.0,,,,,3845.0,260.0,260.0,260.0,,273.3,4.8,1.2,2.4,2.8,3.2,3.2,3.6,4.0,4.0,4.4,2.4,4.8,4.8,5.2,5.6,6.0,6.4,6.8,7.2,8.0,8.8,9.6,4.8,2.0,0.0,0.0,0.0,0.0,70.0,0.0,34.0,7.0,5.6,6.4,
2025120704,,,,,,,,,,,,,,,,,,,,,,,,,,,,,,,,,0.213,,,,,,,,,,,,,,,,,,,,,,,,,,,,,,,,,,,,,,,,,,,,,,,,,,,,,,,,,,,,,,,,,,,,,,,,,,,,,,,,,,,,,,,,,,,,,,,,,,,,,,,,,,,,,,,,,,,,,,,,,,,,,,,,,,,,,,,,,,,,,,,,,,,,,,,,,,,,,,,,,,,,,,,,,,,,,,,,,,,,,,,,,,,,,,,,,,,,,,,,,,,,,,,,,,,,,,,,,,,,,,,,,,,,10.0,,15.0,,27.0,,,,,,,,,,,,,,,,,,,,,,,,,,,,,,,,,,,,,,,,,,,,,,,,,,,,,,,,,,,,,,,,,,,,,,,,,,,3.2,4.8,6.0,6.4,6.8,7.6,8.4,9.2,9.6,4.4,10.4,11.2,12.0,12.4,13.6,14.4355,16.1263,16.5954,17.1413,17.9482,19.4812,10.9249,4.66413,44.0,22.0,7.0,0.0,0.0,0.0,0.0,63.0,,,,,,,,,,,,,,,,,,,,,,,,,,,,,,,,,,,,,,,,,,,,,,,,,,,,,,,,,,,,,,,,,,,,,,,,,,,,,,,,,,,,,,,,,,,,,,,,,,,,,,,,,,,,,,,,,,,,,,,,,,,,,,,,,,,,,,,,,,,,,,,,,,,,,,,,,,,,,,,,,,,,,,,,,,,,,,,,,,,,,,,,,,,,,,,,,,,,,,,,,,,,,,,,,,,,,,,,,,,,,,,,,,,,,,,,,,,,,,,,,,,,,,,,,,,,,,,,,,,,,,,,,,,,,,,,,,,,,,,,,,,,,,,,,,,,,,,,,,,11.0,,19.0,25.0,,,,,,,,1.2,2.4,2.8,3.2,3.2,3.6,3.6,4.0,4.4,2.0,4.4,4.8,5.2,5.2,5.6,6.0,6.4,7.2,8.4,8.8,10.0,4.8,2.0,0.0,0.0,0.0,0.0,68.0,0.0,28.0,8.0,,,
2025120705,,,,,,,,,,,,,,,,,,,,,,,,,,,,,,,,,0.168,,,,,,,,,,,,,,,,,,,,,,,,,,,,,,,,,,,,,,,,,,,,,,,,,,,,,,,,,,,,,,,,,,,,,,,,,,,,,,,,,,,,,,,,,,,,,,,,,,,,,,,,,,,,,,,,,,,,,,,,,,,,,,,,,,,,,,,,,,,,,,,,,,,,,,,,,,,,,,,,,,,,,,,,,,,,,,,,,,,,,,,,,,,,,,,,,,,,,,,,,,,,,,,,,,,,,,,,,,,,,,,,,,,,,,,,,,,,,,,,,,,,,,,,,,,,,,,,,,,,,,,,,,,,,,,,,,,,,,,,,,,,,,,,,,,,,,,,,,,,,,,,,,,2.8,4.8,5.6,6.0,6.8,7.2,8.0,8.4,8.8,4.0,9.2,10.0,10.8,11.6,12.4,13.6,14.8714,16.1843,16.6814,17.693,18.7495,10.1122,4.21131,36.0,19.0,6.0,0.0,0.0,0.0,0.0,57.0,,,,,,,,,,,,,,,,,,,,,,,,,,,,,,,,,,,,,,,,,,,,,,,,,,,,,,,,,,,,,,,,,,,,,,,,,,,,,,,,,,,,,,,,,,,,,,,,,,,,,,,,,,,,,,,,,,,,,,,,,,,,,,,,,,,,,,,,,,,,,,,,,,,,,,,,,,,,,,,,,,,,,,,,,,,,,,,,,,,,,,,,,,,,,,,,,,,,,,,,,,,,,,,,,,,,,,,,,,,,,,,,,,,,,,,,,,,,,,,,,,,,,,,,,,,,,,,,,,,,,,,,,,,,,,,,,,,,,,,,,,,,,,,,,,,,,,,,,,,,,,,,,,,,,,1.2,2.0,2.8,2.8,3.2,3.6,3.6,3.6,4.0,2.0,4.4,4.4,4.4,4.8,5.2,5.6,6.0,6.8,8.4,8.8,9.6,4.4,2.0,0.0,0.0,0.0,0.0,64.0,0.0,23.0,8.0,,,
2025120706,2.598,0.0,0.0,0.0,0.0,0.0,0.105,0.456,0.849,1.243,0.0,1.666,2.096,2.486,2.939,3.52,4.136,4.987,5.737,6.826,8.501,12.442,68.0,0.0,1.0,0.0,0.0,39.0,0.0,0.0,12.0,0.0,0.178,,,,,,,,,,,,,,,,,,,,,,,,,,,,,,,,,,,,,,,,,,,,,,,,,,,,,,,,,,,,,,,,,,0.508,0.0,0.0,0.0,0.0,0.0,0.0,0.0,0.0,0.004,0.0,0.163,0.36,0.609,0.89,1.24,1.594,2.066,2.604,3.448,4.768,7.767,48.0,0.0,0.0,16.0,0.0,0.0,0.0,2.0,0.0,0.0,,,,,,,,,,,,,,,,,,,,,,,,,,,,,,,,,268.91,,,,,,,,,,,,,,,,,,,0.028,0.003,0.01,0.003,0.018,0.03,0.053,0.066,81.0,54.0,37.0,15.0,4.0,1.0,0.0,0.0,0.0,0.0,,,,,,,,,,,,,,,,,,,0.003,0.0,0.0,0.0,0.0,0.0,0.003,0.01,25.0,2.0,0.0,0.0,0.0,0.0,0.0,0.0,0.0,0.0,,,,,,,,,,,,,,,,,,,1.0,1.0,,,,88.0,88888.0,,,,,,21.0,22.0,20.0,26.0,28.0,30.0,31.0,0.0,0.0,0.0,0.0,0.0,28.2,,271.93,0.95,0.0,0.0,1.0,,0.0,0.0,0.0,0.0,0.0,0.0,0.0,0.0,1.0,0.0,0.0,0.0,0.0,,,,,,,,,,,,,0.0,0.0,0.0,0.0,0.0,0.0,0.0,0.0,0.0,0.0,0.0,0.0,0.0,,,,,,,,,,,,,,6.0,9.999e+20,9.3,2.8,4.4,4.8,6.0,6.4,6.8,7.2,7.6,8.0,3.6,8.4,8.8,9.6,10.4,11.2,12.0,13.6196,15.3726,16.3721,16.9816,18.094,9.30853,4.23385,29.0,15.0,3.0,0.0,0.0,0.0,0.0,48.0,2.0,9.999e+20,9.999e+20,9.999e+20,9.999e+20,9.999e+20,,,,,,,,,,,,,,,,,,,,,,,,,,,,,,,,,,,,,,,,,,,,,,,,,,,,,,,,,,,,,,,,,,,,,,,,,,,,,,,,,,,,,,,,,,,,,,,,,,,,,,,,,,,,,,,,,,,,,,,,,,,87.0,144.0,,6.6,0.0,6.2,0.0,,89.0,,,,,,,,,,,,,,,,,,,,,,,,,,,,,,,,,,,,,,,,,,,,,,,,,,,,,,,,,,,,,8.9,5.8,6.3,4.9,7.6,8.8,9.7,10.3,1096.0,936.0,1064.0,904.0,1256.0,1384.0,1464.0,1512.0,,,57.0,24.0,,,,,,1.3914,273.66,1.61,276.471,273.596,275.159,275.279,275.413,275.571,275.886,275.708,275.869,276.015,274.132,276.547,276.879,277.077,277.012,277.392,277.745,277.703,277.926,277.999,278.699,279.519,0.0,0.0,0.0,0.0,0.0,0.0,0.0,0.0,,,,,,,,,,,,,,,,,,,,,,,,,,,,,,,9.999e+20,260.0,4.4,270.0,9.9,25.0,5.0,,0.0,3.0,3.0,,16256.0,,,,,2170.0,260.0,260.0,260.0,,272.9,4.4,1.2,2.0,2.4,2.8,2.8,3.2,3.2,3.6,3.6,1.6,4.0,4.0,4.0,4.4,4.8,5.2,5.6,6.4,8.0,8.8,9.2,4.4,2.0,0.0,0.0,0.0,0.0,55.0,0.0,19.0,7.0,4.8,5.6,
2025120707,,,,,,,,,,,,,,,,,,,,,,,,,,,,,,,,,0.148,,,,,,,,,,,,,,,,,,,,,,,,,,,,,,,,,,,,,,,,,,,,,,,,,,,,,,,,,,,,,,,,,,,,,,,,,,,,,,,,,,,,,,,,,,,,,,,,,,,,,,,,,,,,,,,,,,,,,,,,,,,,,,,,,,,,,,,,,,,,,,,,,,,,,,,,,,,,,,,,,,,,,,,,,,,,,,,,,,,,,,,,,,,,,,,,,,,,,,,,,,,,,,,,,,,,,,,,,,,,,,,,,,,,13.0,,18.0,,26.0,,,,,,,,,,,,,,,,,,,,,,,,,,,,,,,,,,,,,,,,,,,,,,,,,,,,,,,,,,,,,,,,,,,,,,,,,,,,,,,,,,,,,,,,,,,,,,,,,,,,,,,,,,,,,,,,,,,,,,,,,,,,,,,,,,,,,,,,,,,,,,,,,,,,,,,,,,,,,,,,,,,,,,,,,,,,,,,,,,,,,,,,,,,,,,,,,,,,,,,,,,,,,,,,,,,,,,,,,,,,,,,,,,,,,,,,,,,,,,,,,,,,,,,,,,,,,,,,,,,,,,,,,,,,,,,,,,,,,,,,,,,,,,,,,,,,,,,,,,,,,,,,,,,,,,,,,,,,,,,,,,,,,,,,,,,,,,,,,,,,,,,,,,,,,,,,,,,,,,,,,,,,,,,,,,,,,,,,,,,,,,,,,,,,,,,,,,,,,,,,,,,,5.0,,11.0,20.0,,,,,,,,,,,,,,,,,,,,,,,,,,,,,,,,,,,,,,,,,
2025120708,,,,,,,,,,,,,,,,,,,,,,,,,,,,,,,,,0.106,,,,,,,,,,,,,,,,,,,,,,,,,,,,,,,,,,,,,,,,,,,,,,,,,,,,,,,,,,,,,,,,,,,,,,,,,,,,,,,,,,,,,,,,,,,,,,,,,,,,,,,,,,,,,,,,,,,,,,,,,,,,,,,,,,,,,,,,,,,,,,,,,,,,,,,,,,,,,,,,,,,,,,,,,,,,,,,,,,,,,,,,,,,,,,,,,,,,,,,,,,,,,,,,,,,,,,,,,,,,,,,,,,,,,,,,,,,,,,,,,,,,,,,,,,,,,,,,,,,,,,,,,,,,,,,,,,,,,,,,,,,,,,,,,,,,,,,,,,,,,,,,,,,,,,,,,,,,,,,,,,,,,,,,,,,,,,,,,,,,,,,,,,,,,,,,,,,,,,,,,,,,,,,,,,,,,,,,,,,,,,,,,,,,,,,,,,,,,,,,,,,,,,,,,,,,,,,,,,,,,,,,,,,,,,,,,,,,,,,,,,,,,,,,,,,,,,,,,,,,,,,,,,,,,,,,,,,,,,,,,,,,,,,,,,,,,,,,,,,,,,,,,,,,,,,,,,,,,,,,,,,,,,,,,,,,,,,,,,,,,,,,,,,,,,,,,,,,,,,,,,,,,,,,,,,,,,,,,,,,,,,,,,,,,,,,,,,,,,,,,,,,,,,,,,,,,,,,,,,,,,,,,,,,,,,,,,,,,,,,,,,,,,,,,,,,,,,,,,,,,,,,,,,,,,,,,,,,,,,,
2025120709,,,,,,,,,,,,,,,,,,,,,,,,,,,,,,,,,0.132,,,,,,,,,,,,,,,,,,,,,,,,,,,,,,,,,,,,,,,,,,,,,,,,,,,,,,,,,,,,,,,,,,,,,,,,,,,,,,,,,,,,,,,,,,,,,,,,,,,,,,,,,,,,,,,,,,,,,,,,,,,,,,,,,,269.84,,,,,,,,,,,,,,,,,,,,,,,,,,,,,,,,,,,,,,,,,,,,,,,,,,,,,,,,,,,,,,,,,,,,,,,,,,,,,,,,,,,,,,,,,,,2.0,2.0,,,,24.0,1720.0,,,,,,20.0,21.0,20.0,25.0,26.0,30.0,30.0,0.0,0.0,0.0,0.0,0.0,25.2,,272.02,1.02,0.0,0.0,2.0,,,,,,,,,,,,,,,,,,,,,,,,,,,,,,,,,,,,,,,,,,,,,,,,,,,,,,9.999e+20,7.0,2.0,3.6,4.0,4.4,4.8,5.2,5.6,5.6,5.6,3.2,6.0,6.4,6.8,7.2,7.29212,7.79175,8.30556,8.90599,10.6368,14.0422,16.4803,6.58257,3.03723,10.0,4.0,1.0,0.0,0.0,0.0,0.0,17.0,,9.999e+20,9.999e+20,9.999e+20,9.999e+20,9.999e+20,,,,,,,,,,,,,,,,,,,,,,,,,,,,,,,,,,,,,,,,,,,,,,,,,,,,,,,,,,,,,,,,,,,,,,,,,,,,,,,,,,,,,,,,,,,,,,,,,,,,,,,,,,,,,,,,,,,,,,,,,,,,64.0,,23.6,0.0,31.2,0.4,,91.0,,,,,,,,,,,,,,,,,,,,,,,,,,,,,,,,,,,,,,,,,,,,,,,,,,,,,,,,,,,,,9.0,6.1,6.5,5.5,7.7,9.1,9.9,10.4,1160.0,864.0,1048.0,832.0,1288.0,1408.0,1472.0,1512.0,,,68.0,16.0,,,,,,,273.7,1.59,,,,,,,,,,,,,,,,,,,,,,,,,,,,,,,,,,,,,,,,,,,,,,,,,,,,,,,,,,,,,9.999e+20,240.0,3.2,260.0,5.6,,,,0.0,,3.0,,16256.0,,,,,848.0,240.0,240.0,240.0,,272.9,3.2,1.2,1.6,2.0,2.0,2.4,2.4,2.4,2.8,2.8,1.6,2.8,2.8,3.2,3.2,3.6,3.6,4.0,4.4,5.2,7.2,8.4,3.2,1.6,0.0,0.0,0.0,0.0,26.0,0.0,9.0,1.0,3.6,4.0,
2025120710,,,,,,,,,,,,,,,,,,,,,,,,,,,,,,,,,0.139,,,,,,,,,,,,,,,,,,,,,,,,,,,,,,,,,,,,,,,,,,,,,,,,,,,,,,,,,,,,,,,,,,,,,,,,,,,,,,,,,,,,,,,,,,,,,,,,,,,,,,,,,,,,,,,,,,,,,,,,,,,,,,,,,,,,,,,,,,,,,,,,,,,,,,,,,,,,,,,,,,,,,,,,,,,,,,,,,,,,,,,,,,,,,,,,,,,,,,,,,,,,,,,,,,,,,,,,,,,,,,,,,,,,20.0,,28.0,,43.0,,,,,,,,,,,,,,,,,,,,,,,,,,,,,,,,,,,,,,,,,,,,,,,,,,,,,,,,,,,,,,,,,,,,,,,,,,,,,,,,,,,,,,,,,,,,,,,,,,,,,,,,,,,,,,,,,,,,,,,,,,,,,,,,,,,,,,,,,,,,,,,,,,,,,,,,,,,,,,,,,,,,,,,,,,,,,,,,,,,,,,,,,,,,,,,,,,,,,,,,,,,,,,,,,,,,,,,,,,,,,,,,,,,,,,,,,,,,,,,,,,,,,,,,,,,,,,,,,,,,,,,,,,,,,,,,,,,,,,,,,,,,,,,,,,,,,,,,,,,,,,,,,,,,,,,,,,,,,,,,,,,,,,,,,,,,,,,,,,,,,,,,,,,,,,,,,,,,,,,,,,,,,,,,,,,,,,,,,,,,,,,,,,,,,,,,,,,,,,,,,,,,10.0,,16.0,23.0,,,,,,,,,,,,,,,,,,,,,,,,,,,,,,,,,,,,,,,,,
2025120711,,,,,,,,,,,,,,,,,,,,,,,,,,,,,,,,,0.057,,,,,,,,,,,,,,,,,,,,,,,,,,,,,,,,,,,,,,,,,,,,,,,,,,,,,,,,,,,,,,,,,,,,,,,,,,,,,,,,,,,,,,,,,,,,,,,,,,,,,,,,,,,,,,,,,,,,,,,,,,,,,,,,,,,,,,,,,,,,,,,,,,,,,,,,,,,,,,,,,,,,,,,,,,,,,,,,,,,,,,,,,,,,,,,,,,,,,,,,,,,,,,,,,,,,,,,,,,,,,,,,,,,,,,,,,,,,,,,,,,,,,,,,,,,,,,,,,,,,,,,,,,,,,,,,,,,,,,,,,,,,,,,,,,,,,,,,,,,,,,,,,,,,,,,,,,,,,,,,,,,,,,,,,,,,,,,,,,,,,,,,,,,,,,,,,,,,,,,,,,,,,,,,,,,,,,,,,,,,,,,,,,,,,,,,,,,,,,,,,,,,,,,,,,,,,,,,,,,,,,,,,,,,,,,,,,,,,,,,,,,,,,,,,,,,,,,,,,,,,,,,,,,,,,,,,,,,,,,,,,,,,,,,,,,,,,,,,,,,,,,,,,,,,,,,,,,,,,,,,,,,,,,,,,,,,,,,,,,,,,,,,,,,,,,,,,,,,,,,,,,,,,,,,,,,,,,,,,,,,,,,,,,,,,,,,,,,,,,,,,,,,,,,,,,,,,,,,,,,,,,,,,,,,,,,,,,,,,,,,,,,,,,,,,,,,,,,,,,,,,,,,,,,,,,,,,,,,,,,
2025120712,1.55,0.0,0.0,0.0,0.0,0.0,0.0,0.0,0.001,0.221,0.0,0.547,0.845,1.164,1.467,1.87,2.268,2.832,3.68,4.786,6.226,9.329,54.0,0.0,0.0,0.0,0.0,22.0,0.0,0.0,5.0,0.0,0.082,,5.697,0.0,0.0,0.0,0.0,0.336,1.073,1.598,2.222,2.807,0.0,3.497,4.373,5.623,6.689,7.937,9.215,10.862,12.697,14.555,17.47,24.689,75.0,0.0,15.0,0.0,0.0,0.0,1.0,0.0,36.0,0.0,22.712,2.154,7.45,9.328,11.01,12.629,14.307,15.856,17.524,19.259,4.878,21.001,22.916,24.727,26.507,28.545,30.557,33.504,36.571,40.41,45.771,58.913,75.0,0.0,99.0,0.0,38.0,0.0,0.0,0.0,3.0,0.0,0.254,0.0,0.0,0.0,0.0,0.0,0.0,0.0,0.0,0.0,0.0,0.0,0.0,0.0,0.0,0.0,0.099,0.488,0.96,1.517,2.418,4.452,23.0,0.0,0.0,5.0,0.0,0.0,0.0,0.0,0.0,0.0,,,,,,,,,,,,,,,,,,,,,,,,,,,,,,,,,271.0,,,,,,,,,,,,,,,,,,,0.015,0.003,0.008,0.0,0.013,0.02,0.03,0.036,78.0,32.0,12.0,1.0,0.0,0.0,0.0,0.0,0.0,0.0,,,,,,,,,,,,,,,,,,,0.003,0.0,0.0,0.0,0.0,0.0,0.0,0.003,12.0,1.0,0.0,0.0,0.0,0.0,0.0,0.0,0.0,0.0,,,,,,,,,,,,,,,,,,,1.0,1.0,,,,32.0,160.0,,,,,,21.0,22.0,20.0,24.0,25.0,26.0,28.0,0.0,0.0,0.0,0.0,0.0,24.3,,272.78,1.18,0.0,0.0,2.0,,0.0,0.0,0.0,0.0,0.0,0.0,0.0,0.0,1.0,0.0,0.0,0.0,0.0,,,,,,,,,,,,,0.0,0.0,0.0,0.0,0.0,0.0,0.0,0.0,0.0,0.0,0.0,0.0,0.0,,,,,,,,,,,,,,6.0,9.999e+20,5.4,2.0,2.8,2.8,3.2,3.2,3.6,4.0,4.4,4.8,2.4,4.8,5.2,5.21754,5.71645,5.81195,6.25601,6.70413,7.55896,8.53351,10.2414,12.4989,5.38617,2.21902,2.0,0.0,0.0,0.0,0.0,0.0,0.0,10.0,2.0,9.999e+20,9.999e+20,9.999e+20,9.999e+20,9.999e+20,,,,,,,,,,,,,,,,,,,,,,,,,,,,,,,,,,,,,,,,,,,,,,,,,,,,,,,,,,,,,,,,,,,,,,,,,,,,,,,,,,,,,,,,,,,,,,,,,,,,,,,,,,,,,,,,,,,,,,,,,,,,144.0,1.0,24.0,0.0,56.8,0.4,,93.0,,,,,,,,,,,,,,,,,,,,,,,,,,,,,,,,,,,,,,,,,,,,,,,,,,,,,,,,,,,,,8.9,6.1,6.5,6.0,7.7,8.8,10.0,10.4,1208.0,936.0,1136.0,864.0,1328.0,1448.0,1488.0,1504.0,,,79.0,10.0,,,,272.56,1.4,,274.03,1.46,,,,,,,,,,,,,,,,,,,,,,,,,,,,,,,,,,,,,,,,,,,,,,,,,,,,,,,,,,,,,9.999e+20,230.0,2.4,240.0,6.2,14.0,4.0,,0.0,1.0,3.0,,3840.0,,,,,1371.0,230.0,230.0,230.0,,273.3,2.4,0.8,1.2,1.6,1.6,1.6,1.6,2.0,2.0,2.0,1.2,2.4,2.4,2.4,2.8,2.8,2.8,3.2,3.6,4.4,5.2,6.4,2.4,1.2,0.0,0.0,0.0,0.0,16.0,0.0,3.0,0.0,2.8,3.2,
2025120713,,,,,,,,,,,,,,,,,,,,,,,,,,,,,,,,,0.111,,,,,,,,,,,,,,,,,,,,,,,,,,,,,,,,,,,,,,,,,,,,,,,,,,,,,,,,,,,,,,,,,,,,,,,,,,,,,,,,,,,,,,,,,,,,,,,,,,,,,,,,,,,,,,,,,,,,,,,,,,,,,,,,,,,,,,,,,,,,,,,,,,,,,,,,,,,,,,,,,,,,,,,,,,,,,,,,,,,,,,,,,,,,,,,,,,,,,,,,,,,,,,,,,,,,,,,,,,,,,,,,,,,,25.0,,33.0,,50.0,,,,,,,,,,,,,,,,,,,,,,,,,,,,,,,,,,,,,,,,,,,,,,,,,,,,,,,,,,,,,,,,,,,,,,,,,,,,,,,,,,,,,,,,,,,,,,,,,,,,,,,,,,,,,,,,,,,,,,,,,,,,,,,,,,,,,,,,,,,,,,,,,,,,,,,,,,,,,,,,,,,,,,,,,,,,,,,,,,,,,,,,,,,,,,,,,,,,,,,,,,,,,,,,,,,,,,,,,,,,,,,,,,,,,,,,,,,,,,,,,,,,,,,,,,,,,,,,,,,,,,,,,,,,,,,,,,,,,,,,,,,,,,,,,,,,,,,,,,,,,,,,,,,,,,,,,,,,,,,,,,,,,,,,,,,,,,,,,,,,,,,,,,,,,,,,,,,,,,,,,,,,,,,,,,,,,,,,,,,,,,,,,,,,,,,,,,,,,,,,,,,,20.0,,30.0,40.0,,,,,,,,,,,,,,,,,,,,,,,,,,,,,,,,,,,,,,,,,
2025120714,,,,,,,,,,,,,,,,,,,,,,,,,,,,,,,,,0.155,,,,,,,,,,,,,,,,,,,,,,,,,,,,,,,,,,,,,,,,,,,,,,,,,,,,,,,,,,,,,,,,,,,,,,,,,,,,,,,,,,,,,,,,,,,,,,,,,,,,,,,,,,,,,,,,,,,,,,,,,,,,,,,,,,,,,,,,,,,,,,,,,,,,,,,,,,,,,,,,,,,,,,,,,,,,,,,,,,,,,,,,,,,,,,,,,,,,,,,,,,,,,,,,,,,,,,,,,,,,,,,,,,,,,,,,,,,,,,,,,,,,,,,,,,,,,,,,,,,,,,,,,,,,,,,,,,,,,,,,,,,,,,,,,,,,,,,,,,,,,,,,,,,,,,,,,,,,,,,,,,,,,,,,,,,,,,,,,,,,,,,,,,,,,,,,,,,,,,,,,,,,,,,,,,,,,,,,,,,,,,,,,,,,,,,,,,,,,,,,,,,,,,,,,,,,,,,,,,,,,,,,,,,,,,,,,,,,,,,,,,,,,,,,,,,,,,,,,,,,,,,,,,,,,,,,,,,,,,,,,,,,,,,,,,,,,,,,,,,,,,,,,,,,,,,,,,,,,,,,,,,,,,,,,,,,,,,,,,,,,,,,,,,,,,,,,,,,,,,,,,,,,,,,,,,,,,,,,,,,,,,,,,,,,,,,,,,,,,,,,,,,,,,,,,,,,,,,,,,,,,,,,,,,,,,,,,,,,,,,,,,,,,,,,,,,,,,,,,,,,,,,,,,,,,,,,,,,,,,,
2025120715,,,,,,,,,,,,,,,,,,,,,,,,,,,,,,,,,0.258,,,,,,,,,,,,,,,,,,,,,,,,,,,,,,,,,,,,,,,,,,,,,,,,,,,,,,,,,,,,,,,,,,,,,,,,,,,,,,,,,,,,,,,,,,,,,,,,,,,,,,,,,,,,,,,,,,,,,,,,,,,,,,,,,,271.04,,,,,,,,,,,,,,,,,,,,,,,,,,,,,,,,,,,,,,,,,,,,,,,,,,,,,,,,,,,,,,,,,,,,,,,,,,,,,,,,,,,,,,,,,,,1.0,1.0,,,,32.0,208.0,,,,,,22.0,23.0,20.0,25.0,27.0,28.0,30.0,0.0,0.0,0.0,0.0,0.0,25.2,,272.45,0.93,0.0,0.0,1.0,,,,,,,,,,,,,,,,,,,,,,,,,,,,,,,,,,,,,,,,,,,,,,,,,,,,,,9.999e+20,4.51,1.6,2.4,2.8,3.2,3.2,3.2,3.6,4.0,4.0,2.0,4.41591,4.83907,4.86471,4.9179,5.36812,5.84294,6.29444,6.73657,7.66842,8.68385,10.1352,4.54902,1.83474,0.0,0.0,0.0,0.0,0.0,0.0,0.0,5.0,,9.999e+20,9.999e+20,9.999e+20,9.999e+20,9.999e+20,,,,,,,,,,,,,,,,,,,,,,,,,,,,,,,,,,,,,,,,,,,,,,,,,,,,,,,,,,,,,,,,,,,,,,,,,,,,,,,,,,,,,,,,,,,,,,,,,,,,,,,,,,,,,,,,,,,,,,,,,,,,168.0,,42.2,0.0,30.1,0.0,,91.0,,,,,,,,,,,,,,,,,,,,,,,,,,,,,,,,,,,,,,,,,,,,,,,,,,,,,,,,,,,,,8.6,5.4,5.9,5.2,6.8,8.2,9.3,9.8,1224.0,1000.0,1192.0,928.0,1352.0,1440.0,1496.0,1512.0,,,85.0,6.0,,,,,,,273.9,1.23,,,,,,,,,,,,,,,,,,,,,,,,,,,,,,,,,,,,,,,,,,,,,,,,,,,,,,,,,,,,,9.999e+20,230.0,2.4,240.0,5.0,,,,0.0,,2.0,,2944.0,,,,,1266.0,230.0,230.0,230.0,,273.2,2.4,0.4,1.2,1.2,1.2,1.2,1.6,1.6,1.6,2.0,0.8,2.0,2.0,2.4,2.4,2.8,2.8,2.8,3.2,3.6,4.4,5.2,2.0,1.2,0.0,0.0,0.0,0.0,12.0,0.0,0.0,0.0,2.4,2.8,
2025120716,,,,,,,,,,,,,,,,,,,,,,,,,,,,,,,,,0.277,,,,,,,,,,,,,,,,,,,,,,,,,,,,,,,,,,,,,,,,,,,,,,,,,,,,,,,,,,,,,,,,,,,,,,,,,,,,,,,,,,,,,,,,,,,,,,,,,,,,,,,,,,,,,,,,,,,,,,,,,,,,,,,,,,,,,,,,,,,,,,,,,,,,,,,,,,,,,,,,,,,,,,,,,,,,,,,,,,,,,,,,,,,,,,,,,,,,,,,,,,,,,,,,,,,,,,,,,,,,,,,,,,,,23.0,,33.0,,56.0,,,,,,,,,,,,,,,,,,,,,,,,,,,,,,,,,,,,,,,,,,,,,,,,,,,,,,,,,,,,,,,,,,,,,,,,,,,,,,,,,,,,,,,,,,,,,,,,,,,,,,,,,,,,,,,,,,,,,,,,,,,,,,,,,,,,,,,,,,,,,,,,,,,,,,,,,,,,,,,,,,,,,,,,,,,,,,,,,,,,,,,,,,,,,,,,,,,,,,,,,,,,,,,,,,,,,,,,,,,,,,,,,,,,,,,,,,,,,,,,,,,,,,,,,,,,,,,,,,,,,,,,,,,,,,,,,,,,,,,,,,,,,,,,,,,,,,,,,,,,,,,,,,,,,,,,,,,,,,,,,,,,,,,,,,,,,,,,,,,,,,,,,,,,,,,,,,,,,,,,,,,,,,,,,,,,,,,,,,,,,,,,,,,,,,,,,,,,,,,,,,,,19.0,,34.0,46.0,,,,,,,,,,,,,,,,,,,,,,,,,,,,,,,,,,,,,,,,,
2025120717,,,,,,,,,,,,,,,,,,,,,,,,,,,,,,,,,0.293,,,,,,,,,,,,,,,,,,,,,,,,,,,,,,,,,,,,,,,,,,,,,,,,,,,,,,,,,,,,,,,,,,,,,,,,,,,,,,,,,,,,,,,,,,,,,,,,,,,,,,,,,,,,,,,,,,,,,,,,,,,,,,,,,,,,,,,,,,,,,,,,,,,,,,,,,,,,,,,,,,,,,,,,,,,,,,,,,,,,,,,,,,,,,,,,,,,,,,,,,,,,,,,,,,,,,,,,,,,,,,,,,,,,,,,,,,,,,,,,,,,,,,,,,,,,,,,,,,,,,,,,,,,,,,,,,,,,,,,,,,,,,,,,,,,,,,,,,,,,,,,,,,,,,,,,,,,,,,,,,,,,,,,,,,,,,,,,,,,,,,,,,,,,,,,,,,,,,,,,,,,,,,,,,,,,,,,,,,,,,,,,,,,,,,,,,,,,,,,,,,,,,,,,,,,,,,,,,,,,,,,,,,,,,,,,,,,,,,,,,,,,,,,,,,,,,,,,,,,,,,,,,,,,,,,,,,,,,,,,,,,,,,,,,,,,,,,,,,,,,,,,,,,,,,,,,,,,,,,,,,,,,,,,,,,,,,,,,,,,,,,,,,,,,,,,,,,,,,,,,,,,,,,,,,,,,,,,,,,,,,,,,,,,,,,,,,,,,,,,,,,,,,,,,,,,,,,,,,,,,,,,,,,,,,,,,,,,,,,,,,,,,,,,,,,,,,,,,,,,,,,,,,,,,,,,,,,,,,,,
2025120718,2.801,0.0,0.0,0.0,0.0,0.0,0.087,0.441,0.764,1.238,0.0,1.63,2.027,2.579,3.093,3.79,4.503,5.388,6.341,7.732,9.659,13.097,68.0,0.0,1.0,0.0,0.0,40.0,0.0,0.0,15.0,0.0,0.38,,6.669,0.0,0.0,0.327,1.13,1.74,2.348,2.972,3.76,4.689,0.0,5.608,6.526,7.484,8.408,9.263,10.415,11.623,13.198,14.676,17.121,23.378,85.0,0.0,17.0,0.0,0.0,0.0,1.0,0.0,46.0,0.0,,,,,,,,,,,,,,,,,,,,,,,,,,,,,,,,,1.524,0.0,0.0,0.0,0.0,0.0,0.0,0.084,0.388,0.732,0.0,1.113,1.436,1.835,2.366,2.976,3.609,4.401,5.339,6.475,8.172,11.343,62.0,0.0,0.0,34.0,0.0,0.0,0.0,10.0,0.0,0.0,,,,,,,,,,,,,,,,,,,,,,,,,,,,,,,,,271.55,,,,,,,,,,,,,,,,,,,0.013,0.0,0.003,0.0,0.003,0.01,0.025,0.036,70.0,29.0,14.0,2.0,0.0,0.0,0.0,0.0,0.0,0.0,0.033,0.003,0.01,0.003,0.02,0.036,0.058,0.069,55.0,43.0,25.0,11.0,4.0,0.0,0.0,0.0,0.0,0.0,0.005,0.0,0.0,0.0,0.0,0.0,0.01,0.015,39.0,13.0,4.0,1.0,0.0,0.0,0.0,0.0,0.0,0.0,,,,,,,,,,,,,,,,,,,1.0,2.0,,,,32.0,48.0,,,,,,27.0,28.0,23.0,28.0,31.0,31.0,32.0,0.0,0.0,0.0,0.0,0.0,28.7,,274.27,0.93,0.0,44.0,1.0,,0.0,0.0,0.0,0.0,0.0,0.0,0.0,0.0,0.0,0.0,0.0,0.0,0.0,0.0,0.0,0.0,0.0,0.0,0.0,0.0,1.0,0.0,0.0,0.0,0.0,0.0,0.0,0.0,0.0,0.0,0.0,0.0,0.0,0.0,0.0,0.0,0.0,0.0,,,,,,,,,,,,,,3.2,9.999e+20,5.8,2.4,3.2,3.6,4.0,4.0,4.4,4.4,4.8,5.2,2.8,5.2,5.6,5.67642,6.14403,6.61567,7.07214,7.57951,8.08698,9.12505,10.5,12.6526,5.82362,2.31432,2.0,0.0,0.0,0.0,0.0,0.0,0.0,11.0,2.0,9.999e+20,9.999e+20,9.999e+20,9.999e+20,9.999e+20,,,,,,,,,,,,,,,,,,,,,,,,,,,,,,,,,,,,,,,,,,,,,,,,,,,,,,,,,,,,,,,,,,,,,,,,,,,,,,,,,,,,,,,,,,,,,,,,,,,,,,,,,,,,,,,,,,,,,,,,,,96.0,,288.0,,48.2,0.0,16.9,0.0,,96.0,,,,,,,,,,,,,,,,,,,,,,,,,,,,,,,,,,,,,,,,,,,,,,,,,,,,,,,,,,,,,7.2,4.6,4.9,4.4,6.2,7.0,8.0,8.6,1296.0,1144.0,1272.0,1080.0,1384.0,1448.0,1544.0,1584.0,,,79.0,8.0,,,,,,1.47525,274.63,0.92,,,,,,,,,,,,,,,,,,,,,,,,,,,,,,,272.682,269.966,271.399,271.709,271.901,272.06,272.154,272.443,272.424,272.613,271.01,272.913,272.749,273.121,273.131,273.285,273.395,273.505,273.818,274.543,275.334,276.453,0.0,0.0,0.0,0.0,0.0,6.0,71.0,0.0,9.999e+20,220.0,2.8,240.0,5.0,15.0,1.0,,0.0,0.0,2.0,,2048.0,,,,,1855.0,220.0,220.0,220.0,,274.4,2.8,0.8,1.6,1.6,1.6,2.0,2.0,2.0,2.0,2.4,1.2,2.4,2.4,2.8,2.8,3.2,3.6,3.6,4.0,4.8,5.2,6.8,2.8,1.2,0.0,0.0,0.0,0.0,23.0,0.0,4.0,0.0,3.2,3.6,
2025120719,,,,,,,,,,,,,,,,,,,,,,,,,,,,,,,,,0.379,,,,,,,,,,,,,,,,,,,,,,,,,,,,,,,,,,,,,,,,,,,,,,,,,,,,,,,,,,,,,,,,,,,,,,,,,,,,,,,,,,,,,,,,,,,,,,,,,,,,,,,,,,,,,,,,,,,,,,,,,,,,,,,,,,,,,,,,,,,,,,,,,,,,,,,,,,,,,,,,,,,,,,,,,,,,,,,,,,,,,,,,,,,,,,,,,,,,,,,,,,,,,,,,,,,,,,,,,,,,,,,,,,,,24.0,,40.0,,64.0,,,,,,,,,,,,,,,,,,,,,,,,,,,,,,,,,,,,,,,,,,,,,,,,,,,,,,,,,,,,,,,,,,,,,,,,,,,,,,,,,,,,,,,,,,,,,,,,,,,,,,,,,,,,,,,,,,,,,,,,,,,,,,,,,,,,,,,,,,,,,,,,,,,,,,,,,,,,,,,,,,,,,,,,,,,,,,,,,,,,,,,,,,,,,,,,,,,,,,,,,,,,,,,,,,,,,,,,,,,,,,,,,,,,,,,,,,,,,,,,,,,,,,,,,,,,,,,,,,,,,,,,,,,,,,,,,,,,,,,,,,,,,,,,,,,,,,,,,,,,,,,,,,,,,,,,,,,,,,,,,,,,,,,,,,,,,,,,,,,,,,,,,,,,,,,,,,,,,,,,,,,,,,,,,,,,,,,,,,,,,,,,,,,,,,,,,,,,,,,,,,,,24.0,,38.0,50.0,,,,,,,,,,,,,,,,,,,,,,,,,,,,,,,,,,,,,,,,,
2025120720,,,,,,,,,,,,,,,,,,,,,,,,,,,,,,,,,0.517,,,,,,,,,,,,,,,,,,,,,,,,,,,,,,,,,,,,,,,,,,,,,,,,,,,,,,,,,,,,,,,,,,,,,,,,,,,,,,,,,,,,,,,,,,,,,,,,,,,,,,,,,,,,,,,,,,,,,,,,,,,,,,,,,,,,,,,,,,,,,,,,,,,,,,,,,,,,,,,,,,,,,,,,,,,,,,,,,,,,,,,,,,,,,,,,,,,,,,,,,,,,,,,,,,,,,,,,,,,,,,,,,,,,,,,,,,,,,,,,,,,,,,,,,,,,,,,,,,,,,,,,,,,,,,,,,,,,,,,,,,,,,,,,,,,,,,,,,,,,,,,,,,,,,,,,,,,,,,,,,,,,,,,,,,,,,,,,,,,,,,,,,,,,,,,,,,,,,,,,,,,,,,,,,,,,,,,,,,,,,,,,,,,,,,,,,,,,,,,,,,,,,,,,,,,,,,,,,,,,,,,,,,,,,,,,,,,,,,,,,,,,,,,,,,,,,,,,,,,,,,,,,,,,,,,,,,,,,,,,,,,,,,,,,,,,,,,,,,,,,,,,,,,,,,,,,,,,,,,,,,,,,,,,,,,,,,,,,,,,,,,,,,,,,,,,,,,,,,,,,,,,,,,,,,,,,,,,,,,,,,,,,,,,,,,,,,,,,,,,,,,,,,,,,,,,,,,,,,,,,,,,,,,,,,,,,,,,,,,,,,,,,,,,,,,,,,,,,,,,,,,,,,,,,,,,,,,,,,,,
2025120721,,,,,,,,,,,,,,,,,,,,,,,,,,,,,,,,,0.546,,,,,,,,,,,,,,,,,,,,,,,,,,,,,,,,,,,,,,,,,,,,,,,,,,,,,,,,,,,,,,,,,,,,,,,,,,,,,,,,,,,,,,,,,,,,,,,,,,,,,,,,,,,,,,,,,,,,,,,,,,,,,,,,,,272.67,,,,,,,,,,,,,,,,,,,,,,,,,,,,,,,,,,,,,,,,,,,,,,,,,,,,,,,,,,,,,,,,,,,,,,,,,,,,,,,,,,,,,,,,,,,3.0,2.0,,,,32.0,144.0,,,,,,26.0,27.0,23.0,28.0,31.0,33.0,34.0,0.0,0.0,0.0,0.0,0.0,28.5,,275.55,0.82,0.0,85.0,2.0,,,,,,,,,,,,,,,,,,,,,,,,,,,,,,,,,,,,,,,,,,,,,,,,,,,,,,9.999e+20,6.5,1.6,2.8,3.2,4.0,4.4,4.8,5.2,5.2,5.76588,2.4,5.84952,5.92783,6.43725,6.9378,7.04911,7.53264,8.80062,9.67702,10.6752,11.8196,15.988,6.54552,3.14876,8.0,2.0,1.0,0.0,0.0,0.0,0.0,20.0,,9.999e+20,9.999e+20,9.999e+20,9.999e+20,9.999e+20,,,,,,,,,,,,,,,,,,,,,,,,,,,,,,,,,,,,,,,,,,,,,,,,,,,,,,,,,,,,,,,,,,,,,,,,,,,,,,,,,,,,,,,,,,,,,,,,,,,,,,,,,,,,,,,,,,,,,,,,,,,,352.0,,71.2,0.0,17.9,0.0,,100.0,,,,,,,,,,,,,,,,,,,,,,,,,,,,,,,,,,,,,,,,,,,,,,,,,,,,,,,,,,,,,5.6,4.2,4.7,4.0,5.2,6.2,7.4,8.0,1536.0,1280.0,1384.0,1216.0,1488.0,1576.0,1624.0,1688.0,,,67.0,16.0,,,,,,,275.45,1.12,,,,,,,,,,,,,,,,,,,,,,,,,,,,,,,,,,,,,,,,,,,,,,,,,,,,,,,,,,,,,9.999e+20,240.0,3.2,240.0,4.9,,,,1.0,,3.0,,3609.0,,,,,2053.0,240.0,240.0,240.0,,275.9,3.2,0.4,1.2,1.6,1.6,2.0,2.0,2.0,2.4,2.4,0.8,2.4,2.4,2.8,3.2,3.2,3.6,4.0,4.8,5.6,6.4,8.8,2.8,1.6,0.0,0.0,0.0,0.0,25.0,0.0,8.0,1.0,3.6,4.0,
2025120722,,,,,,,,,,,,,,,,,,,,,,,,,,,,,,,,,0.483,,,,,,,,,,,,,,,,,,,,,,,,,,,,,,,,,,,,,,,,,,,,,,,,,,,,,,,,,,,,,,,,,,,,,,,,,,,,,,,,,,,,,,,,,,,,,,,,,,,,,,,,,,,,,,,,,,,,,,,,,,,,,,,,,,,,,,,,,,,,,,,,,,,,,,,,,,,,,,,,,,,,,,,,,,,,,,,,,,,,,,,,,,,,,,,,,,,,,,,,,,,,,,,,,,,,,,,,,,,,,,,,,,,,13.0,,29.0,,67.0,,,,,,,,,,,,,,,,,,,,,,,,,,,,,,,,,,,,,,,,,,,,,,,,,,,,,,,,,,,,,,,,,,,,,,,,,,,,,,,,,,,,,,,,,,,,,,,,,,,,,,,,,,,,,,,,,,,,,,,,,,,,,,,,,,,,,,,,,,,,,,,,,,,,,,,,,,,,,,,,,,,,,,,,,,,,,,,,,,,,,,,,,,,,,,,,,,,,,,,,,,,,,,,,,,,,,,,,,,,,,,,,,,,,,,,,,,,,,,,,,,,,,,,,,,,,,,,,,,,,,,,,,,,,,,,,,,,,,,,,,,,,,,,,,,,,,,,,,,,,,,,,,,,,,,,,,,,,,,,,,,,,,,,,,,,,,,,,,,,,,,,,,,,,,,,,,,,,,,,,,,,,,,,,,,,,,,,,,,,,,,,,,,,,,,,,,,,,,,,,,,,,21.0,,34.0,46.0,,,,,,,,,,,,,,,,,,,,,,,,,,,,,,,,,,,,,,,,,
2025120723,,,,,,,,,,,,,,,,,,,,,,,,,,,,,,,,,0.411,,,,,,,,,,,,,,,,,,,,,,,,,,,,,,,,,,,,,,,,,,,,,,,,,,,,,,,,,,,,,,,,,,,,,,,,,,,,,,,,,,,,,,,,,,,,,,,,,,,,,,,,,,,,,,,,,,,,,,,,,,,,,,,,,,,,,,,,,,,,,,,,,,,,,,,,,,,,,,,,,,,,,,,,,,,,,,,,,,,,,,,,,,,,,,,,,,,,,,,,,,,,,,,,,,,,,,,,,,,,,,,,,,,,,,,,,,,,,,,,,,,,,,,,,,,,,,,,,,,,,,,,,,,,,,,,,,,,,,,,,,,,,,,,,,,,,,,,,,,,,,,,,,,,,,,,,,,,,,,,,,,,,,,,,,,,,,,,,,,,,,,,,,,,,,,,,,,,,,,,,,,,,,,,,,,,,,,,,,,,,,,,,,,,,,,,,,,,,,,,,,,,,,,,,,,,,,,,,,,,,,,,,,,,,,,,,,,,,,,,,,,,,,,,,,,,,,,,,,,,,,,,,,,,,,,,,,,,,,,,,,,,,,,,,,,,,,,,,,,,,,,,,,,,,,,,,,,,,,,,,,,,,,,,,,,,,,,,,,,,,,,,,,,,,,,,,,,,,,,,,,,,,,,,,,,,,,,,,,,,,,,,,,,,,,,,,,,,,,,,,,,,,,,,,,,,,,,,,,,,,,,,,,,,,,,,,,,,,,,,,,,,,,,,,,,,,,,,,,,,,,,,,,,,,,,,,,,,,,,,
2025120800,5.746,0.0,0.0,0.213,0.796,1.485,2.123,2.839,3.462,4.221,0.0,4.882,5.527,6.261,6.916,8.083,9.006,9.972,11.285,12.582,15.015,19.617,85.0,0.0,10.0,0.0,1.0,67.0,0.0,0.0,39.0,0.0,0.672,,8.725,0.0,0.344,1.246,2.236,3.15,4.057,4.915,6.129,7.138,0.0,8.034,8.922,9.872,10.912,12.015,13.286,14.502,15.918,17.548,20.371,26.029,90.0,0.0,27.0,0.0,0.0,0.0,1.0,0.0,59.0,0.0,18.304,0.0,2.088,3.734,5.4,7.119,8.743,10.463,12.592,14.485,0.536,16.943,18.97,20.91,23.222,25.035,27.36,29.808,32.854,36.325,42.066,52.256,60.0,0.0,89.0,0.0,29.0,0.0,0.0,0.0,1.0,0.0,4.826,0.0,0.0,0.0,0.264,0.617,0.97,1.311,1.736,2.188,0.0,2.581,3.09,3.546,4.114,4.614,5.344,6.228,7.314,8.943,10.802,14.301,80.0,2.0,0.0,51.0,0.0,0.0,0.0,19.0,0.0,0.0,,,,,,,,,,,,,,,,,,,,,,,,,,,,,,,,,271.89,,,,,,,,,,,,,,,,,,,0.015,0.0,0.0,0.0,0.0,0.01,0.036,0.046,59.0,33.0,15.0,3.0,0.0,0.0,0.0,0.0,0.0,0.0,0.038,0.005,0.013,0.003,0.02,0.043,0.074,0.094,58.0,47.0,31.0,15.0,6.0,0.0,0.0,0.0,0.0,0.0,0.005,0.0,0.0,0.0,0.0,0.0,0.015,0.036,44.0,15.0,6.0,2.0,0.0,0.0,0.0,0.0,0.0,0.0,,,,,,,,,,,,,,,,,,,1.0,7.0,,,,32.0,152.0,,,,,,24.0,26.0,23.0,27.0,30.0,31.0,32.0,0.0,0.0,0.0,0.0,0.0,27.1,,274.89,1.03,0.0,53.0,2.0,,0.0,0.0,0.0,0.0,0.0,0.0,0.0,0.0,0.0,0.0,0.0,0.0,0.0,0.0,0.0,0.0,0.0,0.0,0.0,0.0,1.0,0.0,0.0,0.0,0.0,0.0,0.0,0.0,0.0,0.0,0.0,0.0,0.0,0.0,0.0,0.0,0.0,0.0,,,,,,,,,,,,,,2.0,9.999e+20,7.0,2.0,3.2,3.6,4.0,4.4,4.8,4.8,5.2,5.65521,2.4,5.77823,6.35038,6.43082,6.98421,7.49143,8.39938,9.7246,11.4472,14.3291,16.4759,19.0508,6.96259,4.27118,15.0,8.0,2.0,0.0,0.0,0.0,0.0,25.0,3.0,9.999e+20,9.999e+20,9.999e+20,9.999e+20,9.999e+20,,,,,,,,,,,,,,,,,,,,,,,,,,,,,,,,,,,,,,,,,,,,,,,,,,,,,,,,,,,,,,,,,,,,,,,,,,,,,,,,,,,,,,,,,,,,,,,,,,,,,,,,,,,,,,,,,,,,,,,,,,,,440.0,4.0,77.3,0.0,7.3,0.0,,100.0,,,,,,,,,,,,,,,,,,,,,,,,,,,,,,,,,,,,,,,,,,,,,,,,,,,,,,,,,,,,,5.1,3.9,4.4,3.8,4.9,6.0,6.6,7.1,1600.0,1376.0,1504.0,1320.0,1592.0,1648.0,1696.0,1776.0,,,66.0,12.0,,276.48,0.91,,,,275.14,1.06,,,,,,,,,,,,,,,,,,,,,,,,,,,,,,,,,,,,,,,,,,,,,,,,,,,,,,,,,,,,,9.999e+20,250.0,3.2,250.0,4.7,15.0,3.0,,1.0,3.0,3.0,,6400.0,,,,,2500.0,250.0,250.0,250.0,,275.1,3.2,0.4,1.2,1.6,1.6,2.0,2.0,2.0,2.0,2.4,1.2,2.4,2.4,2.8,3.2,3.2,3.6,4.0,4.4,5.6,8.0,9.6,3.2,2.0,0.0,0.0,0.0,0.0,26.0,0.0,11.0,4.0,3.6,4.0,
2025120801,,,,,,,,,,,,,,,,,,,,,,,,,,,,,,,,,0.626,,,,,,,,,,,,,,,,,,,,,,,,,,,,,,,,,,,,,,,,,,,,,,,,,,,,,,,,,,,,,,,,,,,,,,,,,,,,,,,,,,,,,,,,,,,,,,,,,,,,,,,,,,,,,,,,,,,,,,,,,,,,,,,,,,,,,,,,,,,,,,,,,,,,,,,,,,,,,,,,,,,,,,,,,,,,,,,,,,,,,,,,,,,,,,,,,,,,,,,,,,,,,,,,,,,,,,,,,,,,,,,,,,,,9.0,,22.0,,65.0,,,,,,,,,,,,,,,,,,,,,,,,,,,,,,,,,,,,,,,,,,,,,,,,,,,,,,,,,,,,,,,,,,,,,,,,,,,,,,,,,,,,,,,,,,,,,,,,,,,,,,,,,,,,,,,,,,,,,,,,,,,,,,,,,,,,,,,,,,,,,,,,,,,,,,,,,,,,,,,,,,,,,,,,,,,,,,,,,,,,,,,,,,,,,,,,,,,,,,,,,,,,,,,,,,,,,,,,,,,,,,,,,,,,,,,,,,,,,,,,,,,,,,,,,,,,,,,,,,,,,,,,,,,,,,,,,,,,,,,,,,,,,,,,,,,,,,,,,,,,,,,,,,,,,,,,,,,,,,,,,,,,,,,,,,,,,,,,,,,,,,,,,,,,,,,,,,,,,,,,,,,,,,,,,,,,,,,,,,,,,,,,,,,,,,,,,,,,,,,,,,,,19.0,,28.0,36.0,,,,,,,,,,,,,,,,,,,,,,,,,,,,,,,,,,,,,,,,,
2025120802,,,,,,,,,,,,,,,,,,,,,,,,,,,,,,,,,0.445,,,,,,,,,,,,,,,,,,,,,,,,,,,,,,,,,,,,,,,,,,,,,,,,,,,,,,,,,,,,,,,,,,,,,,,,,,,,,,,,,,,,,,,,,,,,,,,,,,,,,,,,,,,,,,,,,,,,,,,,,,,,,,,,,,,,,,,,,,,,,,,,,,,,,,,,,,,,,,,,,,,,,,,,,,,,,,,,,,,,,,,,,,,,,,,,,,,,,,,,,,,,,,,,,,,,,,,,,,,,,,,,,,,,,,,,,,,,,,,,,,,,,,,,,,,,,,,,,,,,,,,,,,,,,,,,,,,,,,,,,,,,,,,,,,,,,,,,,,,,,,,,,,,,,,,,,,,,,,,,,,,,,,,,,,,,,,,,,,,,,,,,,,,,,,,,,,,,,,,,,,,,,,,,,,,,,,,,,,,,,,,,,,,,,,,,,,,,,,,,,,,,,,,,,,,,,,,,,,,,,,,,,,,,,,,,,,,,,,,,,,,,,,,,,,,,,,,,,,,,,,,,,,,,,,,,,,,,,,,,,,,,,,,,,,,,,,,,,,,,,,,,,,,,,,,,,,,,,,,,,,,,,,,,,,,,,,,,,,,,,,,,,,,,,,,,,,,,,,,,,,,,,,,,,,,,,,,,,,,,,,,,,,,,,,,,,,,,,,,,,,,,,,,,,,,,,,,,,,,,,,,,,,,,,,,,,,,,,,,,,,,,,,,,,,,,,,,,,,,,,,,,,,,,,,,,,,,,,,,,
2025120803,,,,,,,,,,,,,,,,,,,,,,,,,,,,,,,,,0.35,,,,,,,,,,,,,,,,,,,,,,,,,,,,,,,,,,,,,,,,,,,,,,,,,,,,,,,,,,,,,,,,,,,,,,,,,,,,,,,,,,,,,,,,,,,,,,,,,,,,,,,,,,,,,,,,,,,,,,,,,,,,,,,,,,271.4,,,,,,,,,,,,,,,,,,,,,,,,,,,,,,,,,,,,,,,,,,,,,,,,,,,,,,,,,,,,,,,,,,,,,,,,,,,,,,,,,,,,,,,,,,,2.0,4.0,,,,128.0,144.0,,,,,,26.0,26.0,25.0,27.0,29.0,30.0,30.0,0.0,0.0,0.0,0.0,0.0,28.1,,274.24,0.89,0.0,0.0,3.0,,,,,,,,,,,,,,,,,,,,,,,,,,,,,,,,,,,,,,,,,,,,,,,,,,,,,,9.999e+20,7.6,1.6,3.6,4.0,4.0,4.4,5.2,5.2,5.6,6.0,3.2,6.4,6.89368,7.40099,7.91716,8.84287,9.34088,10.3411,12.0237,14.9571,16.7627,21.2071,7.59448,4.41676,17.0,10.0,5.0,1.0,0.0,0.0,0.0,31.0,,9.999e+20,9.999e+20,9.999e+20,9.999e+20,9.999e+20,,,,,,,,,,,,,,,,,,,,,,,,,,,,,,,,,,,,,,,,,,,,,,,,,,,,,,,,,,,,,,,,,,,,,,,,,,,,,,,,,,,,,,,,,,,,,,,,,,,,,,,,,,,,,,,,,,,,,,,,,,,,208.0,,49.6,0.0,1.7,0.0,,96.0,,,,,,,,,,,,,,,,,,,,,,,,,,,,,,,,,,,,,,,,,,,,,,,,,,,,,,,,,,,,,5.3,4.2,4.9,4.0,5.4,6.3,6.8,6.9,1576.0,1416.0,1496.0,1376.0,1560.0,1608.0,1672.0,1744.0,,,64.0,17.0,,,,,,,274.5,1.26,,,,,,,,,,,,,,,,,,,,,,,,,,,,,,,,,,,,,,,,,,,,,,,,,,,,,,,,,,,,,9.999e+20,260.0,3.2,260.0,6.3,,,,0.0,,3.0,,3584.0,,,,,1857.0,260.0,260.0,260.0,,274.4,3.2,0.8,1.6,2.0,2.0,2.0,2.4,2.4,2.8,2.8,1.6,2.8,3.2,3.2,3.6,3.6,4.0,4.4,4.4,4.8,6.0,9.6,3.2,1.6,1.0,0.0,0.0,0.0,35.0,0.0,8.0,3.0,3.6,4.0,
2025120804,,,,,,,,,,,,,,,,,,,,,,,,,,,,,,,,,0.353,,,,,,,,,,,,,,,,,,,,,,,,,,,,,,,,,,,,,,,,,,,,,,,,,,,,,,,,,,,,,,,,,,,,,,,,,,,,,,,,,,,,,,,,,,,,,,,,,,,,,,,,,,,,,,,,,,,,,,,,,,,,,,,,,,,,,,,,,,,,,,,,,,,,,,,,,,,,,,,,,,,,,,,,,,,,,,,,,,,,,,,,,,,,,,,,,,,,,,,,,,,,,,,,,,,,,,,,,,,,,,,,,,,,14.0,,26.0,,59.0,,,,,,,,,,,,,,,,,,,,,,,,,,,,,,,,,,,,,,,,,,,,,,,,,,,,,,,,,,,,,,,,,,,,,,,,,,,,,,,,,,,,,,,,,,,,,,,,,,,,,,,,,,,,,,,,,,,,,,,,,,,,,,,,,,,,,,,,,,,,,,,,,,,,,,,,,,,,,,,,,,,,,,,,,,,,,,,,,,,,,,,,,,,,,,,,,,,,,,,,,,,,,,,,,,,,,,,,,,,,,,,,,,,,,,,,,,,,,,,,,,,,,,,,,,,,,,,,,,,,,,,,,,,,,,,,,,,,,,,,,,,,,,,,,,,,,,,,,,,,,,,,,,,,,,,,,,,,,,,,,,,,,,,,,,,,,,,,,,,,,,,,,,,,,,,,,,,,,,,,,,,,,,,,,,,,,,,,,,,,,,,,,,,,,,,,,,,,,,,,,,,,14.0,,25.0,35.0,,,,,,,,,,,,,,,,,,,,,,,,,,,,,,,,,,,,,,,,,
2025120805,,,,,,,,,,,,,,,,,,,,,,,,,,,,,,,,,0.23,,,,,,,,,,,,,,,,,,,,,,,,,,,,,,,,,,,,,,,,,,,,,,,,,,,,,,,,,,,,,,,,,,,,,,,,,,,,,,,,,,,,,,,,,,,,,,,,,,,,,,,,,,,,,,,,,,,,,,,,,,,,,,,,,,,,,,,,,,,,,,,,,,,,,,,,,,,,,,,,,,,,,,,,,,,,,,,,,,,,,,,,,,,,,,,,,,,,,,,,,,,,,,,,,,,,,,,,,,,,,,,,,,,,,,,,,,,,,,,,,,,,,,,,,,,,,,,,,,,,,,,,,,,,,,,,,,,,,,,,,,,,,,,,,,,,,,,,,,,,,,,,,,,,,,,,,,,,,,,,,,,,,,,,,,,,,,,,,,,,,,,,,,,,,,,,,,,,,,,,,,,,,,,,,,,,,,,,,,,,,,,,,,,,,,,,,,,,,,,,,,,,,,,,,,,,,,,,,,,,,,,,,,,,,,,,,,,,,,,,,,,,,,,,,,,,,,,,,,,,,,,,,,,,,,,,,,,,,,,,,,,,,,,,,,,,,,,,,,,,,,,,,,,,,,,,,,,,,,,,,,,,,,,,,,,,,,,,,,,,,,,,,,,,,,,,,,,,,,,,,,,,,,,,,,,,,,,,,,,,,,,,,,,,,,,,,,,,,,,,,,,,,,,,,,,,,,,,,,,,,,,,,,,,,,,,,,,,,,,,,,,,,,,,,,,,,,,,,,,,,,,,,,,,,,,,,,,,,,,,
2025120806,4.948,0.0,0.0,0.584,1.164,1.655,2.18,2.677,3.175,3.745,0.0,4.207,4.756,5.318,5.842,6.685,7.396,8.255,9.397,10.732,13.108,16.26,87.0,0.0,6.0,0.0,0.0,66.0,0.0,0.0,32.0,0.0,0.187,,,,,,,,,,,,,,,,,,,,,,,,,,,,,,,,,,,,,,,,,,,,,,,,,,,,,,,,,,,,,,,,,,0.762,0.0,0.0,0.0,0.0,0.0,0.0,0.0,0.0,0.183,0.0,0.386,0.593,0.82,1.063,1.342,1.681,2.065,2.52,3.232,4.562,8.4,53.0,0.0,0.0,15.0,0.0,0.0,0.0,2.0,0.0,0.0,,,,,,,,,,,,,,,,,,,,,,,,,,,,,,,,,271.43,,,,,,,,,,,,,,,,,,,0.01,0.0,0.0,0.0,0.0,0.008,0.03,0.043,56.0,31.0,14.0,3.0,0.0,0.0,0.0,0.0,0.0,0.0,0.036,0.005,0.013,0.003,0.02,0.043,0.074,0.091,58.0,47.0,28.0,13.0,5.0,0.0,0.0,0.0,0.0,0.0,0.0,0.0,0.0,0.0,0.0,0.0,0.0,0.0,12.0,1.0,0.0,0.0,0.0,0.0,0.0,0.0,0.0,0.0,,,,,,,,,,,,,,,,,,,4.0,4.0,,,,136.0,136.0,,,,,,25.0,26.0,25.0,28.0,29.0,30.0,30.0,0.0,0.0,0.0,0.0,0.0,27.7,,273.41,1.04,0.0,0.0,2.0,,0.0,0.0,0.0,0.0,0.0,0.0,0.0,0.0,0.0,0.0,0.0,0.0,0.0,0.0,0.0,0.0,0.0,0.0,0.0,0.0,1.0,0.0,0.0,0.0,0.0,0.0,0.0,0.0,0.0,0.0,0.0,0.0,0.0,0.0,0.0,0.0,0.0,0.0,,,,,,,,,,,,,,4.0,9.999e+20,7.2,1.6,3.6,4.0,4.0,4.4,4.8,5.2,5.2,5.62214,2.8,5.67377,6.10815,6.60907,7.47796,7.9627,8.48237,10.2081,11.6108,14.6835,16.5401,18.4252,7.18187,3.94385,16.0,7.0,3.0,0.0,0.0,0.0,0.0,24.0,3.0,9.999e+20,9.999e+20,9.999e+20,9.999e+20,9.999e+20,,,,,,,,,,,,,,,,,,,,,,,,,,,,,,,,,,,,,,,,,,,,,,,,,,,,,,,,,,,,,,,,,,,,,,,,,,,,,,,,,,,,,,,,,,,,,,,,,,,,,,,,,,,,,,,,,,,,,,,,,,,91.0,72.0,,49.6,0.0,1.7,0.0,,91.0,,,,,,,,,,,,,,,,,,,,,,,,,,,,,,,,,,,,,,,,,,,,,,,,,,,,,,,,,,,,,5.9,4.7,5.2,4.4,6.1,6.7,7.2,7.5,1512.0,1312.0,1416.0,1264.0,1504.0,1544.0,1624.0,1736.0,,,71.0,17.0,,,,,,1.40438,274.74,1.22,276.071,273.077,274.31,274.551,274.685,275.198,275.214,275.331,275.539,275.832,274.106,275.985,276.218,276.484,276.664,276.488,276.695,277.31,277.297,277.718,278.36,279.392,0.0,0.0,1.0,0.0,0.0,0.0,0.0,0.0,,,,,,,,,,,,,,,,,,,,,,,,,,,,,,,9.999e+20,260.0,3.2,250.0,5.4,12.0,3.0,,0.0,2.0,3.0,,7808.0,,,,,815.0,260.0,260.0,260.0,,274.1,3.2,0.8,1.6,2.0,2.0,2.0,2.4,2.4,2.4,2.8,1.2,2.8,2.8,2.8,3.2,3.2,3.6,4.0,4.4,5.2,6.8,8.8,3.2,1.6,0.0,0.0,0.0,0.0,27.0,0.0,9.0,2.0,3.6,4.0,
2025120807,,,,,,,,,,,,,,,,,,,,,,,,,,,,,,,,,0.166,,,,,,,,,,,,,,,,,,,,,,,,,,,,,,,,,,,,,,,,,,,,,,,,,,,,,,,,,,,,,,,,,,,,,,,,,,,,,,,,,,,,,,,,,,,,,,,,,,,,,,,,,,,,,,,,,,,,,,,,,,,,,,,,,,,,,,,,,,,,,,,,,,,,,,,,,,,,,,,,,,,,,,,,,,,,,,,,,,,,,,,,,,,,,,,,,,,,,,,,,,,,,,,,,,,,,,,,,,,,,,,,,,,,17.0,,28.0,,53.0,,,,,,,,,,,,,,,,,,,,,,,,,,,,,,,,,,,,,,,,,,,,,,,,,,,,,,,,,,,,,,,,,,,,,,,,,,,,,,,,,,,,,,,,,,,,,,,,,,,,,,,,,,,,,,,,,,,,,,,,,,,,,,,,,,,,,,,,,,,,,,,,,,,,,,,,,,,,,,,,,,,,,,,,,,,,,,,,,,,,,,,,,,,,,,,,,,,,,,,,,,,,,,,,,,,,,,,,,,,,,,,,,,,,,,,,,,,,,,,,,,,,,,,,,,,,,,,,,,,,,,,,,,,,,,,,,,,,,,,,,,,,,,,,,,,,,,,,,,,,,,,,,,,,,,,,,,,,,,,,,,,,,,,,,,,,,,,,,,,,,,,,,,,,,,,,,,,,,,,,,,,,,,,,,,,,,,,,,,,,,,,,,,,,,,,,,,,,,,,,,,,,9.0,,17.0,29.0,,,,,,,,,,,,,,,,,,,,,,,,,,,,,,,,,,,,,,,,,
2025120808,,,,,,,,,,,,,,,,,,,,,,,,,,,,,,,,,0.129,,,,,,,,,,,,,,,,,,,,,,,,,,,,,,,,,,,,,,,,,,,,,,,,,,,,,,,,,,,,,,,,,,,,,,,,,,,,,,,,,,,,,,,,,,,,,,,,,,,,,,,,,,,,,,,,,,,,,,,,,,,,,,,,,,,,,,,,,,,,,,,,,,,,,,,,,,,,,,,,,,,,,,,,,,,,,,,,,,,,,,,,,,,,,,,,,,,,,,,,,,,,,,,,,,,,,,,,,,,,,,,,,,,,,,,,,,,,,,,,,,,,,,,,,,,,,,,,,,,,,,,,,,,,,,,,,,,,,,,,,,,,,,,,,,,,,,,,,,,,,,,,,,,,,,,,,,,,,,,,,,,,,,,,,,,,,,,,,,,,,,,,,,,,,,,,,,,,,,,,,,,,,,,,,,,,,,,,,,,,,,,,,,,,,,,,,,,,,,,,,,,,,,,,,,,,,,,,,,,,,,,,,,,,,,,,,,,,,,,,,,,,,,,,,,,,,,,,,,,,,,,,,,,,,,,,,,,,,,,,,,,,,,,,,,,,,,,,,,,,,,,,,,,,,,,,,,,,,,,,,,,,,,,,,,,,,,,,,,,,,,,,,,,,,,,,,,,,,,,,,,,,,,,,,,,,,,,,,,,,,,,,,,,,,,,,,,,,,,,,,,,,,,,,,,,,,,,,,,,,,,,,,,,,,,,,,,,,,,,,,,,,,,,,,,,,,,,,,,,,,,,,,,,,,,,,,,,,,,,,
2025120809,,,,,,,,,,,,,,,,,,,,,,,,,,,,,,,,,0.176,,,,,,,,,,,,,,,,,,,,,,,,,,,,,,,,,,,,,,,,,,,,,,,,,,,,,,,,,,,,,,,,,,,,,,,,,,,,,,,,,,,,,,,,,,,,,,,,,,,,,,,,,,,,,,,,,,,,,,,,,,,,,,,,,,271.93,,,,,,,,,,,,,,,,,,,,,,,,,,,,,,,,,,,,,,,,,,,,,,,,,,,,,,,,,,,,,,,,,,,,,,,,,,,,,,,,,,,,,,,,,,,3.0,3.0,,,,32.0,56.0,,,,,,24.0,25.0,24.0,27.0,30.0,31.0,32.0,0.0,0.0,0.0,0.0,0.0,27.7,,273.36,1.32,0.0,0.0,2.0,,,,,,,,,,,,,,,,,,,,,,,,,,,,,,,,,,,,,,,,,,,,,,,,,,,,,,9.999e+20,6.3,1.6,3.2,3.6,3.6,4.0,4.0,4.4,4.4,4.8,2.4,5.24959,5.74433,5.83753,6.32234,6.40367,7.31129,8.5999,9.87212,11.2507,14.7296,17.2119,6.3154,3.96196,10.0,5.0,1.0,1.0,0.0,0.0,0.0,20.0,,9.999e+20,9.999e+20,9.999e+20,9.999e+20,9.999e+20,,,,,,,,,,,,,,,,,,,,,,,,,,,,,,,,,,,,,,,,,,,,,,,,,,,,,,,,,,,,,,,,,,,,,,,,,,,,,,,,,,,,,,,,,,,,,,,,,,,,,,,,,,,,,,,,,,,,,,,,,,,,64.0,,53.5,0.0,3.3,0.0,,89.0,,,,,,,,,,,,,,,,,,,,,,,,,,,,,,,,,,,,,,,,,,,,,,,,,,,,,,,,,,,,,5.9,4.7,5.4,4.4,6.2,6.7,7.2,8.1,1512.0,1272.0,1360.0,1208.0,1472.0,1544.0,1616.0,1720.0,,,69.0,21.0,,,,,,,274.91,1.32,,,,,,,,,,,,,,,,,,,,,,,,,,,,,,,,,,,,,,,,,,,,,,,,,,,,,,,,,,,,,9.999e+20,260.0,2.8,250.0,5.7,,,,0.0,,3.0,,7808.0,,,,,849.0,260.0,260.0,260.0,,274.2,2.8,0.8,1.6,1.6,1.6,2.0,2.0,2.0,2.4,2.4,1.2,2.4,2.8,2.8,2.8,3.2,3.2,3.6,4.0,4.8,6.0,8.4,2.8,1.6,0.0,0.0,0.0,0.0,20.0,0.0,7.0,0.0,3.2,3.6,
2025120810,,,,,,,,,,,,,,,,,,,,,,,,,,,,,,,,,0.208,,,,,,,,,,,,,,,,,,,,,,,,,,,,,,,,,,,,,,,,,,,,,,,,,,,,,,,,,,,,,,,,,,,,,,,,,,,,,,,,,,,,,,,,,,,,,,,,,,,,,,,,,,,,,,,,,,,,,,,,,,,,,,,,,,,,,,,,,,,,,,,,,,,,,,,,,,,,,,,,,,,,,,,,,,,,,,,,,,,,,,,,,,,,,,,,,,,,,,,,,,,,,,,,,,,,,,,,,,,,,,,,,,,,21.0,,32.0,,53.0,,,,,,,,,,,,,,,,,,,,,,,,,,,,,,,,,,,,,,,,,,,,,,,,,,,,,,,,,,,,,,,,,,,,,,,,,,,,,,,,,,,,,,,,,,,,,,,,,,,,,,,,,,,,,,,,,,,,,,,,,,,,,,,,,,,,,,,,,,,,,,,,,,,,,,,,,,,,,,,,,,,,,,,,,,,,,,,,,,,,,,,,,,,,,,,,,,,,,,,,,,,,,,,,,,,,,,,,,,,,,,,,,,,,,,,,,,,,,,,,,,,,,,,,,,,,,,,,,,,,,,,,,,,,,,,,,,,,,,,,,,,,,,,,,,,,,,,,,,,,,,,,,,,,,,,,,,,,,,,,,,,,,,,,,,,,,,,,,,,,,,,,,,,,,,,,,,,,,,,,,,,,,,,,,,,,,,,,,,,,,,,,,,,,,,,,,,,,,,,,,,,,14.0,,22.0,31.0,,,,,,,,,,,,,,,,,,,,,,,,,,,,,,,,,,,,,,,,,
2025120811,,,,,,,,,,,,,,,,,,,,,,,,,,,,,,,,,0.099,,,,,,,,,,,,,,,,,,,,,,,,,,,,,,,,,,,,,,,,,,,,,,,,,,,,,,,,,,,,,,,,,,,,,,,,,,,,,,,,,,,,,,,,,,,,,,,,,,,,,,,,,,,,,,,,,,,,,,,,,,,,,,,,,,,,,,,,,,,,,,,,,,,,,,,,,,,,,,,,,,,,,,,,,,,,,,,,,,,,,,,,,,,,,,,,,,,,,,,,,,,,,,,,,,,,,,,,,,,,,,,,,,,,,,,,,,,,,,,,,,,,,,,,,,,,,,,,,,,,,,,,,,,,,,,,,,,,,,,,,,,,,,,,,,,,,,,,,,,,,,,,,,,,,,,,,,,,,,,,,,,,,,,,,,,,,,,,,,,,,,,,,,,,,,,,,,,,,,,,,,,,,,,,,,,,,,,,,,,,,,,,,,,,,,,,,,,,,,,,,,,,,,,,,,,,,,,,,,,,,,,,,,,,,,,,,,,,,,,,,,,,,,,,,,,,,,,,,,,,,,,,,,,,,,,,,,,,,,,,,,,,,,,,,,,,,,,,,,,,,,,,,,,,,,,,,,,,,,,,,,,,,,,,,,,,,,,,,,,,,,,,,,,,,,,,,,,,,,,,,,,,,,,,,,,,,,,,,,,,,,,,,,,,,,,,,,,,,,,,,,,,,,,,,,,,,,,,,,,,,,,,,,,,,,,,,,,,,,,,,,,,,,,,,,,,,,,,,,,,,,,,,,,,,,,,,,,,,,,,
2025120812,2.029,0.0,0.0,0.0,0.0,0.0,0.0,0.061,0.374,0.664,0.0,0.973,1.271,1.577,1.899,2.323,2.813,3.42,4.136,5.135,7.853,14.679,62.0,0.0,2.0,0.0,0.0,28.0,0.0,0.0,8.0,0.0,0.174,,10.691,0.0,1.509,2.707,3.597,4.784,5.76,7.051,8.078,9.191,0.0,10.001,11.046,12.289,13.397,14.504,15.463,16.847,18.437,20.183,23.5,29.922,93.0,0.0,38.0,0.0,0.0,0.0,3.0,0.0,68.0,0.0,14.545,0.0,2.473,3.94,5.063,6.555,8.181,9.439,11.308,12.863,0.877,14.18,15.281,16.52,18.001,19.794,21.397,23.044,24.791,27.351,30.686,37.676,56.0,0.0,90.0,0.0,14.0,0.0,0.0,0.0,0.0,0.0,0.762,0.0,0.0,0.0,0.0,0.0,0.0,0.0,0.0,0.0,0.0,0.0,0.0,0.0,0.035,0.361,0.723,1.183,1.661,2.519,4.699,9.67,31.0,1.0,0.0,10.0,0.0,0.0,0.0,3.0,0.0,0.0,30.38,2.675,9.947,12.682,15.488,18.093,20.348,22.346,24.604,27.13,6.564,29.753,32.015,34.333,36.391,38.729,41.317,43.917,47.218,51.6,58.59,69.444,0.0,0.0,58.0,0.0,0.0,11.0,0.0,95.0,0.0,0.0,271.8,,,,,,,,,,,,,,,,,,,0.01,0.0,0.0,0.0,0.0,0.008,0.03,0.043,55.0,30.0,13.0,2.0,0.0,0.0,0.0,0.0,0.0,0.0,0.025,0.005,0.008,0.0,0.018,0.033,0.051,0.066,51.0,32.0,11.0,3.0,0.0,0.0,0.0,0.0,0.0,0.0,0.0,0.0,0.0,0.0,0.0,0.0,0.0,0.0,6.0,0.0,0.0,0.0,0.0,0.0,0.0,0.0,0.0,0.0,,,,,,,,,,,,,,,,,,,1.0,2.0,,,,16.0,16.0,,,,,,24.0,25.0,23.0,26.0,27.0,30.0,32.0,0.0,0.0,0.0,0.0,0.0,27.1,,273.31,1.17,0.0,0.0,2.0,,0.0,0.0,0.0,0.0,0.0,0.0,0.0,0.0,0.0,0.0,0.0,0.0,0.0,0.0,0.0,0.0,0.0,0.0,0.0,0.0,0.0,0.0,0.0,0.0,0.0,0.0,0.0,0.0,0.0,0.0,0.0,0.0,0.0,0.0,0.0,0.0,0.0,0.0,,,,,,,,,,,,,,4.0,9.999e+20,5.8,1.2,2.8,3.2,3.6,4.0,4.0,4.0,4.4,4.8,2.0,4.8,5.64597,5.67617,5.71087,6.53861,6.63307,7.17002,7.68386,8.68395,10.1009,16.4853,5.78533,2.70355,4.0,2.0,1.0,0.0,0.0,0.0,0.0,10.0,3.0,9.999e+20,9.999e+20,9.999e+20,9.999e+20,9.999e+20,,,,,,,,,,,,,,,,,,,,,,,,,,,,,,,,,,,,,,,,,,,,,,,,,,,,,,,,,,,,,,,,,,,,,,,,,,,,,,,,,,,,,,,,,,,,,,,,,,,,,,,,,,,,,,,,,,,,,,,,,,,,64.0,2.0,56.5,0.0,3.3,0.0,,89.0,,,,,,,,,,,,,,,,,,,,,,,,,,,,,,,,,,,,,,,,,,,,,,,,,,,,,,,,,,,,,5.7,4.1,5.0,3.6,6.1,6.8,7.5,8.0,1536.0,1240.0,1328.0,1176.0,1432.0,1552.0,1744.0,1896.0,,,76.0,15.0,,,,273.5,1.16,,274.7,1.19,,,,,,,,,,,,,,,,,,,,,,,,,,,,,,,,,,,,,,,,,,,,,,,,,,,,,,,,,,,,,9.999e+20,240.0,2.8,210.0,4.3,11.0,2.0,,0.0,2.0,3.0,,768.0,,,,,647.0,240.0,240.0,240.0,,273.9,2.8,0.4,1.2,1.6,1.6,2.0,2.0,2.0,2.4,2.4,1.2,2.4,2.4,2.8,2.8,3.2,3.2,3.2,3.6,4.0,4.8,8.0,2.8,1.2,0.0,0.0,0.0,0.0,15.0,0.0,4.0,1.0,3.2,3.6,
2025120813,,,,,,,,,,,,,,,,,,,,,,,,,,,,,,,,,0.166,,,,,,,,,,,,,,,,,,,,,,,,,,,,,,,,,,,,,,,,,,,,,,,,,,,,,,,,,,,,,,,,,,,,,,,,,,,,,,,,,,,,,,,,,,,,,,,,,,,,,,,,,,,,,,,,,,,,,,,,,,,,,,,,,,,,,,,,,,,,,,,,,,,,,,,,,,,,,,,,,,,,,,,,,,,,,,,,,,,,,,,,,,,,,,,,,,,,,,,,,,,,,,,,,,,,,,,,,,,,,,,,,,,,27.0,,38.0,,64.0,,,,,,,,,,,,,,,,,,,,,,,,,,,,,,,,,,,,,,,,,,,,,,,,,,,,,,,,,,,,,,,,,,,,,,,,,,,,,,,,,,,,,,,,,,,,,,,,,,,,,,,,,,,,,,,,,,,,,,,,,,,,,,,,,,,,,,,,,,,,,,,,,,,,,,,,,,,,,,,,,,,,,,,,,,,,,,,,,,,,,,,,,,,,,,,,,,,,,,,,,,,,,,,,,,,,,,,,,,,,,,,,,,,,,,,,,,,,,,,,,,,,,,,,,,,,,,,,,,,,,,,,,,,,,,,,,,,,,,,,,,,,,,,,,,,,,,,,,,,,,,,,,,,,,,,,,,,,,,,,,,,,,,,,,,,,,,,,,,,,,,,,,,,,,,,,,,,,,,,,,,,,,,,,,,,,,,,,,,,,,,,,,,,,,,,,,,,,,,,,,,,,21.0,,36.0,50.0,,,,,,,,,,,,,,,,,,,,,,,,,,,,,,,,,,,,,,,,,
2025120814,,,,,,,,,,,,,,,,,,,,,,,,,,,,,,,,,0.194,,,,,,,,,,,,,,,,,,,,,,,,,,,,,,,,,,,,,,,,,,,,,,,,,,,,,,,,,,,,,,,,,,,,,,,,,,,,,,,,,,,,,,,,,,,,,,,,,,,,,,,,,,,,,,,,,,,,,,,,,,,,,,,,,,,,,,,,,,,,,,,,,,,,,,,,,,,,,,,,,,,,,,,,,,,,,,,,,,,,,,,,,,,,,,,,,,,,,,,,,,,,,,,,,,,,,,,,,,,,,,,,,,,,,,,,,,,,,,,,,,,,,,,,,,,,,,,,,,,,,,,,,,,,,,,,,,,,,,,,,,,,,,,,,,,,,,,,,,,,,,,,,,,,,,,,,,,,,,,,,,,,,,,,,,,,,,,,,,,,,,,,,,,,,,,,,,,,,,,,,,,,,,,,,,,,,,,,,,,,,,,,,,,,,,,,,,,,,,,,,,,,,,,,,,,,,,,,,,,,,,,,,,,,,,,,,,,,,,,,,,,,,,,,,,,,,,,,,,,,,,,,,,,,,,,,,,,,,,,,,,,,,,,,,,,,,,,,,,,,,,,,,,,,,,,,,,,,,,,,,,,,,,,,,,,,,,,,,,,,,,,,,,,,,,,,,,,,,,,,,,,,,,,,,,,,,,,,,,,,,,,,,,,,,,,,,,,,,,,,,,,,,,,,,,,,,,,,,,,,,,,,,,,,,,,,,,,,,,,,,,,,,,,,,,,,,,,,,,,,,,,,,,,,,,,,,,,,,,,,
2025120815,,,,,,,,,,,,,,,,,,,,,,,,,,,,,,,,,0.291,,,,,,,,,,,,,,,,,,,,,,,,,,,,,,,,,,,,,,,,,,,,,,,,,,,,,,,,,,,,,,,,,,,,,,,,,,,,,,,,,,,,,,,,,,,,,,,,,,,,,,,,,,,,,,,,,,,,,,,,,,,,,,,,,,271.78,,,,,,,,,,,,,,,,,,,,,,,,,,,,,,,,,,,,,,,,,,,,,,,,,,,,,,,,,,,,,,,,,,,,,,,,,,,,,,,,,,,,,,,,,,,0.0,1.0,,,,32.0,112.0,,,,,,24.0,25.0,23.0,26.0,27.0,29.0,31.0,0.0,0.0,0.0,0.0,0.0,27.0,,272.96,1.25,0.0,0.0,3.0,,,,,,,,,,,,,,,,,,,,,,,,,,,,,,,,,,,,,,,,,,,,,,,,,,,,,,9.999e+20,5.6,1.6,2.8,3.2,3.6,3.6,3.6,4.0,4.4,4.52266,2.4,4.70451,5.1666,5.62328,5.64625,6.10615,6.62469,6.68577,7.60107,8.92038,9.48779,17.5775,5.59708,2.75138,3.0,1.0,1.0,1.0,0.0,0.0,0.0,10.0,,9.999e+20,9.999e+20,9.999e+20,9.999e+20,9.999e+20,,,,,,,,,,,,,,,,,,,,,,,,,,,,,,,,,,,,,,,,,,,,,,,,,,,,,,,,,,,,,,,,,,,,,,,,,,,,,,,,,,,,,,,,,,,,,,,,,,,,,,,,,,,,,,,,,,,,,,,,,,,,56.0,,78.4,0.0,9.0,0.0,,87.0,,,,,,,,,,,,,,,,,,,,,,,,,,,,,,,,,,,,,,,,,,,,,,,,,,,,,,,,,,,,,5.2,3.6,4.3,3.4,5.9,6.5,7.4,7.8,1608.0,1216.0,1328.0,1168.0,1440.0,1640.0,1928.0,2160.0,,,75.0,17.0,,,,,,,274.6,1.25,,,,,,,,,,,,,,,,,,,,,,,,,,,,,,,,,,,,,,,,,,,,,,,,,,,,,,,,,,,,,9.999e+20,230.0,2.8,220.0,5.0,,,,1.0,,3.0,,1152.0,,,,,689.0,230.0,230.0,230.0,,273.9,2.8,0.4,1.2,1.2,1.6,1.6,1.6,1.6,2.0,2.0,0.8,2.4,2.4,2.4,2.8,2.8,3.2,3.2,3.6,4.0,4.8,10.0,2.40803,1.65297,1.0,0.0,0.0,0.0,14.0,0.0,3.0,1.0,2.8,3.2,
2025120816,,,,,,,,,,,,,,,,,,,,,,,,,,,,,,,,,0.289,,,,,,,,,,,,,,,,,,,,,,,,,,,,,,,,,,,,,,,,,,,,,,,,,,,,,,,,,,,,,,,,,,,,,,,,,,,,,,,,,,,,,,,,,,,,,,,,,,,,,,,,,,,,,,,,,,,,,,,,,,,,,,,,,,,,,,,,,,,,,,,,,,,,,,,,,,,,,,,,,,,,,,,,,,,,,,,,,,,,,,,,,,,,,,,,,,,,,,,,,,,,,,,,,,,,,,,,,,,,,,,,,,,,18.0,,32.0,,65.0,,,,,,,,,,,,,,,,,,,,,,,,,,,,,,,,,,,,,,,,,,,,,,,,,,,,,,,,,,,,,,,,,,,,,,,,,,,,,,,,,,,,,,,,,,,,,,,,,,,,,,,,,,,,,,,,,,,,,,,,,,,,,,,,,,,,,,,,,,,,,,,,,,,,,,,,,,,,,,,,,,,,,,,,,,,,,,,,,,,,,,,,,,,,,,,,,,,,,,,,,,,,,,,,,,,,,,,,,,,,,,,,,,,,,,,,,,,,,,,,,,,,,,,,,,,,,,,,,,,,,,,,,,,,,,,,,,,,,,,,,,,,,,,,,,,,,,,,,,,,,,,,,,,,,,,,,,,,,,,,,,,,,,,,,,,,,,,,,,,,,,,,,,,,,,,,,,,,,,,,,,,,,,,,,,,,,,,,,,,,,,,,,,,,,,,,,,,,,,,,,,,,22.0,,41.0,61.0,,,,,,,,,,,,,,,,,,,,,,,,,,,,,,,,,,,,,,,,,
2025120817,,,,,,,,,,,,,,,,,,,,,,,,,,,,,,,,,0.291,,,,,,,,,,,,,,,,,,,,,,,,,,,,,,,,,,,,,,,,,,,,,,,,,,,,,,,,,,,,,,,,,,,,,,,,,,,,,,,,,,,,,,,,,,,,,,,,,,,,,,,,,,,,,,,,,,,,,,,,,,,,,,,,,,,,,,,,,,,,,,,,,,,,,,,,,,,,,,,,,,,,,,,,,,,,,,,,,,,,,,,,,,,,,,,,,,,,,,,,,,,,,,,,,,,,,,,,,,,,,,,,,,,,,,,,,,,,,,,,,,,,,,,,,,,,,,,,,,,,,,,,,,,,,,,,,,,,,,,,,,,,,,,,,,,,,,,,,,,,,,,,,,,,,,,,,,,,,,,,,,,,,,,,,,,,,,,,,,,,,,,,,,,,,,,,,,,,,,,,,,,,,,,,,,,,,,,,,,,,,,,,,,,,,,,,,,,,,,,,,,,,,,,,,,,,,,,,,,,,,,,,,,,,,,,,,,,,,,,,,,,,,,,,,,,,,,,,,,,,,,,,,,,,,,,,,,,,,,,,,,,,,,,,,,,,,,,,,,,,,,,,,,,,,,,,,,,,,,,,,,,,,,,,,,,,,,,,,,,,,,,,,,,,,,,,,,,,,,,,,,,,,,,,,,,,,,,,,,,,,,,,,,,,,,,,,,,,,,,,,,,,,,,,,,,,,,,,,,,,,,,,,,,,,,,,,,,,,,,,,,,,,,,,,,,,,,,,,,,,,,,,,,,,,,,,,,,,,,,,
2025120818,3.193,0.0,0.0,0.0,0.0,0.0,0.0,0.183,0.47,0.813,0.0,1.155,1.485,1.838,2.254,2.79,3.392,4.519,5.968,8.219,14.621,32.586,64.0,0.0,6.0,0.0,3.0,32.0,2.0,0.0,14.0,0.0,0.362,,9.327,0.0,1.345,2.231,3.089,3.868,4.687,5.348,6.145,6.912,0.071,7.706,8.45,9.229,10.329,11.194,12.462,14.111,16.116,18.307,24.958,38.289,94.0,0.0,24.0,0.0,0.0,0.0,5.0,0.0,59.0,0.0,,,,,,,,,,,,,,,,,,,,,,,,,,,,,,,,,3.302,0.0,0.0,0.0,0.0,0.0,0.0,0.0,0.034,0.26,0.0,0.476,0.766,1.061,1.359,1.732,2.264,3.017,3.974,5.894,9.933,21.44,55.0,4.0,1.0,23.0,1.0,0.0,0.0,9.0,0.0,0.0,,,,,,,,,,,,,,,,,,,,,,,,,,,,,,,,,272.74,,,,,,,,,,,,,,,,,,,0.005,0.0,0.0,0.0,0.0,0.003,0.018,0.036,47.0,18.0,8.0,1.0,0.0,0.0,0.0,0.0,0.0,0.0,0.018,0.0,0.003,0.0,0.005,0.02,0.043,0.058,44.0,26.0,7.0,1.0,0.0,0.0,0.0,0.0,0.0,0.0,0.0,0.0,0.0,0.0,0.0,0.0,0.0,0.0,13.0,1.0,0.0,0.0,0.0,0.0,0.0,0.0,0.0,0.0,0.036,0.005,0.013,0.003,0.02,0.043,0.074,0.094,59.0,32.0,17.0,7.0,0.0,0.0,0.0,0.0,0.0,0.0,0.0,1.0,,,,32.0,88.0,,,,,,25.0,26.0,23.0,27.0,29.0,30.0,33.0,0.0,0.0,0.0,0.0,0.0,28.4,,274.77,1.45,0.0,4.0,1.0,,0.0,0.0,0.0,0.0,0.0,0.0,0.0,0.0,0.0,0.0,0.0,0.0,0.0,0.0,0.0,0.0,0.0,0.0,0.0,0.0,0.0,0.0,0.0,0.0,0.0,0.0,0.0,0.0,0.0,0.0,0.0,0.0,0.0,0.0,0.0,0.0,0.0,0.0,0.0,0.0,0.0,0.0,0.0,0.0,0.0,0.0,1.0,0.0,0.0,0.0,0.0,4.0,9.999e+20,6.3,2.0,3.2,3.6,4.0,4.4,4.8,5.08156,5.13234,5.20438,2.8,5.69479,5.79605,6.25248,6.37689,6.85575,7.33532,7.83627,8.37507,9.75316,12.3833,17.4134,6.2933,3.1778,8.0,2.0,1.0,0.0,0.0,0.0,0.0,12.0,2.0,9.999e+20,9.999e+20,9.999e+20,9.999e+20,9.999e+20,,,,,,,,,,,,,,,,,,,,,,,,,,,,,,,,,,,,,,,,,,,,,,,,,,,,,,,,,,,,,,,,,,,,,,,,,,,,,,,,,,,,,,,,,,,,,,,,,,,,,,,,,,,,,,,,,,,,,,,,,,94.0,,176.0,,86.3,0.0,5.0,0.0,,94.0,,,,,,,,,,,,,,,,,,,,,,,,,,,,,,,,,,,,,,,,,,,,,,,,,,,,,,,,,,,,,4.4,2.8,3.5,2.3,4.6,6.1,6.8,7.4,1752.0,1280.0,1376.0,1224.0,1520.0,1880.0,2176.0,2288.0,,,77.0,10.0,,,,,,1.47668,275.71,1.46,,,,,,,,,,,,,,,,,,,,,,,,,,,,,,,273.751,270.694,271.759,272.454,272.425,272.944,273.028,273.023,273.526,273.722,271.012,273.646,273.987,273.958,274.327,274.581,274.613,274.845,275.068,275.587,276.159,277.141,0.0,0.0,0.0,0.0,0.0,2.0,34.0,0.0,9.999e+20,250.0,3.2,250.0,7.7,4.0,2.0,,0.0,1.0,3.0,,1024.0,,,,,1968.0,250.0,250.0,250.0,,275.5,3.2,1.2,1.6,2.0,2.0,2.0,2.4,2.4,2.4,2.8,1.2,2.8,2.8,2.8,3.2,3.2,3.6,4.0,4.4,5.2,6.4,10.8,3.2,2.0,1.0,0.0,0.0,0.0,25.0,0.0,7.0,3.0,3.6,4.0,
2025120819,,,,,,,,,,,,,,,,,,,,,,,,,,,,,,,,,0.427,,,,,,,,,,,,,,,,,,,,,,,,,,,,,,,,,,,,,,,,,,,,,,,,,,,,,,,,,,,,,,,,,,,,,,,,,,,,,,,,,,,,,,,,,,,,,,,,,,,,,,,,,,,,,,,,,,,,,,,,,,,,,,,,,,,,,,,,,,,,,,,,,,,,,,,,,,,,,,,,,,,,,,,,,,,,,,,,,,,,,,,,,,,,,,,,,,,,,,,,,,,,,,,,,,,,,,,,,,,,,,,,,,,,19.0,,39.0,,76.0,,,,,,,,,,,,,,,,,,,,,,,,,,,,,,,,,,,,,,,,,,,,,,,,,,,,,,,,,,,,,,,,,,,,,,,,,,,,,,,,,,,,,,,,,,,,,,,,,,,,,,,,,,,,,,,,,,,,,,,,,,,,,,,,,,,,,,,,,,,,,,,,,,,,,,,,,,,,,,,,,,,,,,,,,,,,,,,,,,,,,,,,,,,,,,,,,,,,,,,,,,,,,,,,,,,,,,,,,,,,,,,,,,,,,,,,,,,,,,,,,,,,,,,,,,,,,,,,,,,,,,,,,,,,,,,,,,,,,,,,,,,,,,,,,,,,,,,,,,,,,,,,,,,,,,,,,,,,,,,,,,,,,,,,,,,,,,,,,,,,,,,,,,,,,,,,,,,,,,,,,,,,,,,,,,,,,,,,,,,,,,,,,,,,,,,,,,,,,,,,,,,,27.0,,42.0,58.0,,,,,,,,,,,,,,,,,,,,,,,,,,,,,,,,,,,,,,,,,
2025120820,,,,,,,,,,,,,,,,,,,,,,,,,,,,,,,,,0.658,,,,,,,,,,,,,,,,,,,,,,,,,,,,,,,,,,,,,,,,,,,,,,,,,,,,,,,,,,,,,,,,,,,,,,,,,,,,,,,,,,,,,,,,,,,,,,,,,,,,,,,,,,,,,,,,,,,,,,,,,,,,,,,,,,,,,,,,,,,,,,,,,,,,,,,,,,,,,,,,,,,,,,,,,,,,,,,,,,,,,,,,,,,,,,,,,,,,,,,,,,,,,,,,,,,,,,,,,,,,,,,,,,,,,,,,,,,,,,,,,,,,,,,,,,,,,,,,,,,,,,,,,,,,,,,,,,,,,,,,,,,,,,,,,,,,,,,,,,,,,,,,,,,,,,,,,,,,,,,,,,,,,,,,,,,,,,,,,,,,,,,,,,,,,,,,,,,,,,,,,,,,,,,,,,,,,,,,,,,,,,,,,,,,,,,,,,,,,,,,,,,,,,,,,,,,,,,,,,,,,,,,,,,,,,,,,,,,,,,,,,,,,,,,,,,,,,,,,,,,,,,,,,,,,,,,,,,,,,,,,,,,,,,,,,,,,,,,,,,,,,,,,,,,,,,,,,,,,,,,,,,,,,,,,,,,,,,,,,,,,,,,,,,,,,,,,,,,,,,,,,,,,,,,,,,,,,,,,,,,,,,,,,,,,,,,,,,,,,,,,,,,,,,,,,,,,,,,,,,,,,,,,,,,,,,,,,,,,,,,,,,,,,,,,,,,,,,,,,,,,,,,,,,,,,,,,,,,,,,,
2025120821,,,,,,,,,,,,,,,,,,,,,,,,,,,,,,,,,0.763,,,,,,,,,,,,,,,,,,,,,,,,,,,,,,,,,,,,,,,,,,,,,,,,,,,,,,,,,,,,,,,,,,,,,,,,,,,,,,,,,,,,,,,,,,,,,,,,,,,,,,,,,,,,,,,,,,,,,,,,,,,,,,,,,,274.08,,,,,,,,,,,,,,,,,,,,,,,,,,,,,,,,,,,,,,,,,,,,,,,,,,,,,,,,,,,,,,,,,,,,,,,,,,,,,,,,,,,,,,,,,,,1.0,1.0,,,,30.0,88886.0,,,,,,24.0,26.0,23.0,27.0,28.0,30.0,30.0,0.0,0.0,0.0,0.0,0.0,26.4,,276.18,1.27,0.0,48.0,2.0,,,,,,,,,,,,,,,,,,,,,,,,,,,,,,,,,,,,,,,,,,,,,,,,,,,,,,9.999e+20,6.0,2.0,3.2,4.0,4.0,4.4,4.69262,4.74329,4.77608,5.26504,2.8,5.32244,5.41586,5.91196,6.01091,6.47426,6.55948,7.09882,7.31573,8.57725,11.6151,21.429,5.9891,3.51047,6.0,3.0,3.0,2.0,0.0,0.0,0.0,10.0,,9.999e+20,9.999e+20,9.999e+20,9.999e+20,9.999e+20,,,,,,,,,,,,,,,,,,,,,,,,,,,,,,,,,,,,,,,,,,,,,,,,,,,,,,,,,,,,,,,,,,,,,,,,,,,,,,,,,,,,,,,,,,,,,,,,,,,,,,,,,,,,,,,,,,,,,,,,,,,,72.0,,97.6,0.0,2.4,0.0,,100.0,,,,,,,,,,,,,,,,,,,,,,,,,,,,,,,,,,,,,,,,,,,,,,,,,,,,,,,,,,,,,3.8,2.3,2.7,2.2,3.5,4.7,5.8,6.3,1784.0,1328.0,1504.0,1280.0,1832.0,2032.0,2184.0,2232.0,,,76.0,8.0,,,,,,,276.32,1.39,,,,,,,,,,,,,,,,,,,,,,,,,,,,,,,,,,,,,,,,,,,,,,,,,,,,,,,,,,,,,9.999e+20,250.0,2.4,220.0,4.2,,,,0.0,,3.0,,,,,,,645.0,250.0,250.0,250.0,,276.8,2.4,0.8,1.6,1.6,1.6,1.6,2.0,2.0,2.0,2.4,1.2,2.4,2.4,2.4,2.8,2.8,3.2,3.2,3.6,4.0,4.8,5.64848,2.42184,1.30045,0.0,0.0,0.0,0.0,12.0,0.0,2.0,0.0,2.8,3.2,
2025120822,,,,,,,,,,,,,,,,,,,,,,,,,,,,,,,,,0.727,,,,,,,,,,,,,,,,,,,,,,,,,,,,,,,,,,,,,,,,,,,,,,,,,,,,,,,,,,,,,,,,,,,,,,,,,,,,,,,,,,,,,,,,,,,,,,,,,,,,,,,,,,,,,,,,,,,,,,,,,,,,,,,,,,,,,,,,,,,,,,,,,,,,,,,,,,,,,,,,,,,,,,,,,,,,,,,,,,,,,,,,,,,,,,,,,,,,,,,,,,,,,,,,,,,,,,,,,,,,,,,,,,,,,,,,,,,,,,,,,,,,,,,,,,,,,,,,,,,,,,,,,,,,,,,,,,,,,,,,,,,,,,,,,,,,,,,,,,,,,,,,,,,,,,,,,,,,,,,,,,,,,,,,,,,,,,,,,,,,,,,,,,,,,,,,,,,,,,,,,,,,,,,,,,,,,,,,,,,,,,,,,,,,,,,,,,,,,,,,,,,,,,,,,,,,,,,,,,,,,,,,,,,,,,,,,,,,,,,,,,,,,,,,,,,,,,,,,,,,,,,,,,,,,,,,,,,,,,,,,,,,,,,,,,,,,,,,,,,,,,,,,,,,,,,,,,,,,,,,,,,,,,,,,,,,,,,,,,,,,,,,,,,,,,,,,,,,,,,,,,,,,,,,,,,,,,,,,,,,,,,,,,,,,,,,,,,,,,,,,,,,,,,,,,,,,,,,,,,,,,,,,,,,,,,,,,,,,,,,,,,,,,,,,,,,,,,,,,,,,,,,,,,,,,,,,,,,,,,,
2025120823,,,,,,,,,,,,,,,,,,,,,,,,,,,,,,,,,0.656,,,,,,,,,,,,,,,,,,,,,,,,,,,,,,,,,,,,,,,,,,,,,,,,,,,,,,,,,,,,,,,,,,,,,,,,,,,,,,,,,,,,,,,,,,,,,,,,,,,,,,,,,,,,,,,,,,,,,,,,,,,,,,,,,,,,,,,,,,,,,,,,,,,,,,,,,,,,,,,,,,,,,,,,,,,,,,,,,,,,,,,,,,,,,,,,,,,,,,,,,,,,,,,,,,,,,,,,,,,,,,,,,,,,,,,,,,,,,,,,,,,,,,,,,,,,,,,,,,,,,,,,,,,,,,,,,,,,,,,,,,,,,,,,,,,,,,,,,,,,,,,,,,,,,,,,,,,,,,,,,,,,,,,,,,,,,,,,,,,,,,,,,,,,,,,,,,,,,,,,,,,,,,,,,,,,,,,,,,,,,,,,,,,,,,,,,,,,,,,,,,,,,,,,,,,,,,,,,,,,,,,,,,,,,,,,,,,,,,,,,,,,,,,,,,,,,,,,,,,,,,,,,,,,,,,,,,,,,,,,,,,,,,,,,,,,,,,,,,,,,,,,,,,,,,,,,,,,,,,,,,,,,,,,,,,,,,,,,,,,,,,,,,,,,,,,,,,,,,,,,,,,,,,,,,,,,,,,,,,,,,,,,,,,,,,,,,,,,,,,,,,,,,,,,,,,,,,,,,,,,,,,,,,,,,,,,,,,,,,,,,,,,,,,,,,,,,,,,,,,,,,,,,,,,,,,,,,,,,,,
2025120900,7.404,0.0,0.0,0.395,1.234,1.834,2.361,2.943,3.544,4.146,0.0,4.84,5.754,6.548,7.625,8.858,10.155,11.561,13.146,15.889,22.897,39.132,86.0,0.0,17.0,0.0,8.0,69.0,4.0,1.0,41.0,0.0,1.126,,10.766,0.0,0.623,1.646,2.726,3.623,4.428,5.257,6.062,7.05,0.0,8.005,9.274,10.359,11.929,13.691,14.991,16.566,18.802,22.276,30.298,48.493,92.0,0.0,32.0,0.0,0.0,0.0,8.0,1.0,59.0,0.0,18.127,0.0,4.776,6.695,8.516,10.102,12.042,13.581,15.155,16.317,2.644,17.414,18.689,19.88,20.897,22.25,23.858,25.439,27.938,30.991,35.915,52.494,68.0,0.0,95.0,0.0,20.0,0.0,0.0,0.0,1.0,0.0,9.652,0.0,0.0,0.202,0.847,1.443,1.939,2.421,2.949,3.459,0.0,4.036,4.817,5.777,6.718,7.612,8.728,10.103,11.402,13.752,17.868,28.689,84.0,12.0,4.0,63.0,2.0,1.0,0.0,37.0,0.0,0.0,27.535,1.016,5.569,8.242,10.176,12.69,15.83,18.465,21.903,24.882,3.317,26.99,29.27,31.204,33.267,35.895,38.583,41.166,45.041,50.416,57.388,70.655,0.0,0.0,54.0,0.0,0.0,10.0,0.0,89.0,0.0,1.0,273.58,,,,,,,,,,,,,,,,,,,0.003,0.0,0.0,0.0,0.0,0.0,0.003,0.005,29.0,6.0,2.0,0.0,0.0,0.0,0.0,0.0,0.0,0.0,0.01,0.0,0.0,0.0,0.0,0.008,0.03,0.043,36.0,19.0,6.0,0.0,0.0,0.0,0.0,0.0,0.0,0.0,0.0,0.0,0.0,0.0,0.0,0.0,0.0,0.003,20.0,1.0,0.0,0.0,0.0,0.0,0.0,0.0,0.0,0.0,0.03,0.005,0.013,0.003,0.02,0.038,0.071,0.089,58.0,33.0,19.0,8.0,0.0,0.0,0.0,0.0,0.0,0.0,0.0,1.0,,,,30.0,88886.0,,,,,,18.0,23.0,18.0,26.0,31.0,33.0,33.0,0.0,0.0,0.0,0.0,0.0,25.7,,275.99,1.15,0.0,35.0,3.0,,0.0,0.0,0.0,0.0,0.0,0.0,0.0,0.0,0.0,0.0,0.0,0.0,0.0,0.0,0.0,0.0,0.0,0.0,0.0,0.0,0.0,0.0,0.0,0.0,0.0,0.0,0.0,0.0,0.0,0.0,0.0,0.0,0.0,0.0,0.0,0.0,0.0,0.0,0.0,0.0,0.0,0.0,0.0,0.0,0.0,0.0,1.0,0.0,0.0,0.0,0.0,3.2,9.999e+20,6.9,2.4,3.2,3.6,3.6,4.0,4.0,4.4,4.81742,4.99314,3.2,5.50363,5.53143,5.99801,6.12782,6.68285,6.76418,7.26819,8.94476,11.3994,16.8422,22.7695,6.86957,4.68812,11.0,8.0,4.0,3.0,1.0,1.0,0.0,16.0,2.0,9.999e+20,9.999e+20,9.999e+20,9.999e+20,9.999e+20,,,,,,,,,,,,,,,,,,,,,,,,,,,,,,,,,,,,,,,,,,,,,,,,,,,,,,,,,,,,,,,,,,,,,,,,,,,,,,,,,,,,,,,,,,,,,,,,,,,,,,,,,,,,,,,,,,,,,,,,,,,,112.0,7.0,98.8,0.0,1.2,0.0,,100.0,,,,,,,,,,,,,,,,,,,,,,,,,,,,,,,,,,,,,,,,,,,,,,,,,,,,,,,,,,,,,2.9,1.6,2.1,1.5,2.7,3.6,4.5,5.0,2008.0,1448.0,1736.0,1408.0,2080.0,2256.0,2376.0,2440.0,,,79.0,8.0,,277.68,1.08,,,,276.16,1.15,,,,,,,,,,,,,,,,,,,,,,,,,,,,,,,,,,,,,,,,,,,,,,,,,,,,,,,,,,,,,9.999e+20,250.0,2.4,250.0,5.4,2.0,1.0,,0.0,0.0,4.0,,,,,,,1025.0,250.0,250.0,250.0,,276.2,2.4,0.8,1.2,1.2,1.6,1.6,1.6,2.0,2.0,2.0,1.2,2.0,2.4,2.4,2.8,2.8,3.2,3.2,3.6,4.4,4.8,6.0,2.4,1.2,0.0,0.0,0.0,0.0,16.0,0.0,2.0,1.0,2.8,3.2,
2025120901,,,,,,,,,,,,,,,,,,,,,,,,,,,,,,,,,1.388,,,,,,,,,,,,,,,,,,,,,,,,,,,,,,,,,,,,,,,,,,,,,,,,,,,,,,,,,,,,,,,,,,,,,,,,,,,,,,,,,,,,,,,,,,,,,,,,,,,,,,,,,,,,,,,,,,,,,,,,,,,,,,,,,,,,,,,,,,,,,,,,,,,,,,,,,,,,,,,,,,,,,,,,,,,,,,,,,,,,,,,,,,,,,,,,,,,,,,,,,,,,,,,,,,,,,,,,,,,,,,,,,,,,,,,,,,,,,,,,,,,,,,,,,,,,,,,,,,,,,,,,,,,,,,,,,,,,,,,,,,,,,,,,,,,,,,,,,,,,,,,,,,,,,,,,,,,,,,,,,,,,,,,,,,,,,,,,,,,,,,,,,,,,,,,,,,,,,,,,,,,,,,,,,,,,,,,,,,,,,,,,,,,,,,,,,,,,,,,,,,,,,,,,,,,,,,,,,,,,,,,,,,,,,,,,,,,,,,,,,,,,,,,,,,,,,,,,,,,,,,,,,,,,,,,,,,,,,,,,,,,,,,,,,,,,,,,,,,,,,,,,,,,,,,,,,,,,,,,,,,,,,,,,,,,,,,,,,,,,,,,,,,,,,,,,,,,,,,,,,,,,,,,,,,,,,,,,,,,,,,,,,,,,,,,,,,,,,,,,,,,,,,,,,,,,,,,,,,,,,,,,,,,,,,,,,,,,,,,,,,,,,,,,,,,,,,,,,,,,,,,,,,,,,,,,,,,,,,,,
2025120902,,,,,,,,,,,,,,,,,,,,,,,,,,,,,,,,,1.297,,,,,,,,,,,,,,,,,,,,,,,,,,,,,,,,,,,,,,,,,,,,,,,,,,,,,,,,,,,,,,,,,,,,,,,,,,,,,,,,,,,,,,,,,,,,,,,,,,,,,,,,,,,,,,,,,,,,,,,,,,,,,,,,,,,,,,,,,,,,,,,,,,,,,,,,,,,,,,,,,,,,,,,,,,,,,,,,,,,,,,,,,,,,,,,,,,,,,,,,,,,,,,,,,,,,,,,,,,,,,,,,,,,,,,,,,,,,,,,,,,,,,,,,,,,,,,,,,,,,,,,,,,,,,,,,,,,,,,,,,,,,,,,,,,,,,,,,,,,,,,,,,,,,,,,,,,,,,,,,,,,,,,,,,,,,,,,,,,,,,,,,,,,,,,,,,,,,,,,,,,,,,,,,,,,,,,,,,,,,,,,,,,,,,,,,,,,,,,,,,,,,,,,,,,,,,,,,,,,,,,,,,,,,,,,,,,,,,,,,,,,,,,,,,,,,,,,,,,,,,,,,,,,,,,,,,,,,,,,,,,,,,,,,,,,,,,,,,,,,,,,,,,,,,,,,,,,,,,,,,,,,,,,,,,,,,,,,,,,,,,,,,,,,,,,,,,,,,,,,,,,,,,,,,,,,,,,,,,,,,,,,,,,,,,,,,,,,,,,,,,,,,,,,,,,,,,,,,,,,,,,,,,,,,,,,,,,,,,,,,,,,,,,,,,,,,,,,,,,,,,,,,,,,,,,,,,,,,,,,
2025120903,,,,,,,,,,,,,,,,,,,,,,,,,,,,,,,,,1.347,,,,,,,,,,,,,,,,,,,,,,,,,,,,,,,,,,,,,,,,,,,,,,,,,,,,,,,,,,,,,,,,,,,,,,,,,,,,,,,,,,,,,,,,,,,,,,,,,,,,,,,,,,,,,,,,,,,,,,,,,,,,,,,,,,272.82,,,,,,,,,,,,,,,,,,,,,,,,,,,,,,,,,,,,,,,,,,,,,,,,,,,,,,,,,,,,,,,,,,,,,,,,,,,,,,,,,,,,,,,,,,,1.0,1.0,,,,,,,,,,,15.0,21.0,15.0,25.0,28.0,30.0,30.0,0.0,0.0,0.0,0.0,0.0,23.5,,275.66,1.48,,0.0,3.0,,,,,,,,,,,,,,,,,,,,,,,,,,,,,,,,,,,,,,,,,,,,,,,,,,,,,,9.999e+20,9.1,3.2,3.6,4.0,4.4,4.8,5.2,5.6,6.0,6.08622,3.6,6.94493,6.98273,7.84653,8.33953,9.22263,10.5,12.9529,16.6755,19.2588,23.8194,25.7424,9.14836,6.3671,24.0,17.0,14.0,7.0,4.0,0.0,0.0,34.0,,9.999e+20,9.999e+20,9.999e+20,9.999e+20,9.999e+20,,,,,,,,,,,,,,,,,,,,,,,,,,,,,,,,,,,,,,,,,,,,,,,,,,,,,,,,,,,,,,,,,,,,,,,,,,,,,,,,,,,,,,,,,,,,,,,,,,,,,,,,,,,,,,,,,,,,,,,,,,,,112.0,,100.0,0.0,0.0,0.0,,95.0,,,,,,,,,,,,,,,,,,,,,,,,,,,,,,,,,,,,,,,,,,,,,,,,,,,,,,,,,,,,,2.3,1.3,1.6,1.2,2.2,2.7,3.6,3.8,2160.0,1768.0,2016.0,1648.0,2176.0,2368.0,2472.0,2552.0,,,81.0,8.0,,,,,,,276.02,1.46,,,,,,,,,,,,,,,,,,,,,,,,,,,,,,,,,,,,,,,,,,,,,,,,,,,,,,,,,,,,,9.999e+20,240.0,3.6,240.0,8.0,,,,,,4.0,,,,,,,1513.0,240.0,240.0,240.0,,275.6,3.6,1.2,1.6,1.6,2.0,2.0,2.4,2.4,2.8,2.8,1.6,2.8,3.2,3.6,4.0,4.0,4.4,4.8,5.2,6.4,8.4,8.8,3.6,2.0,0.0,0.0,0.0,0.0,38.0,0.0,14.0,3.0,4.0,4.4,
2025120904,,,,,,,,,,,,,,,,,,,,,,,,,,,,,,,,,1.825,,,,,,,,,,,,,,,,,,,,,,,,,,,,,,,,,,,,,,,,,,,,,,,,,,,,,,,,,,,,,,,,,,,,,,,,,,,,,,,,,,,,,,,,,,,,,,,,,,,,,,,,,,,,,,,,,,,,,,,,,,,,,,,,,,,,,,,,,,,,,,,,,,,,,,,,,,,,,,,,,,,,,,,,,,,,,,,,,,,,,,,,,,,,,,,,,,,,,,,,,,,,,,,,,,,,,,,,,,,,,,,,,,,,,,,,,,,,,,,,,,,,,,,,,,,,,,,,,,,,,,,,,,,,,,,,,,,,,,,,,,,,,,,,,,,,,,,,,,,,,,,,,,,,,,,,,,,,,,,,,,,,,,,,,,,,,,,,,,,,,,,,,,,,,,,,,,,,,,,,,,,,,,,,,,,,,,,,,,,,,,,,,,,,,,,,,,,,,,,,,,,,,,,,,,,,,,,,,,,,,,,,,,,,,,,,,,,,,,,,,,,,,,,,,,,,,,,,,,,,,,,,,,,,,,,,,,,,,,,,,,,,,,,,,,,,,,,,,,,,,,,,,,,,,,,,,,,,,,,,,,,,,,,,,,,,,,,,,,,,,,,,,,,,,,,,,,,,,,,,,,,,,,,,,,,,,,,,,,,,,,,,,,,,,,,,,,,,,,,,,,,,,,,,,,,,,,,,,,,,,,,,,,,,,,,,,,,,,,,,,,,,,,,,,,,,,,,,,,,,,,,,,,,,,,,,,,,,,,,,
2025120905,,,,,,,,,,,,,,,,,,,,,,,,,,,,,,,,,1.651,,,,,,,,,,,,,,,,,,,,,,,,,,,,,,,,,,,,,,,,,,,,,,,,,,,,,,,,,,,,,,,,,,,,,,,,,,,,,,,,,,,,,,,,,,,,,,,,,,,,,,,,,,,,,,,,,,,,,,,,,,,,,,,,,,,,,,,,,,,,,,,,,,,,,,,,,,,,,,,,,,,,,,,,,,,,,,,,,,,,,,,,,,,,,,,,,,,,,,,,,,,,,,,,,,,,,,,,,,,,,,,,,,,,,,,,,,,,,,,,,,,,,,,,,,,,,,,,,,,,,,,,,,,,,,,,,,,,,,,,,,,,,,,,,,,,,,,,,,,,,,,,,,,,,,,,,,,,,,,,,,,,,,,,,,,,,,,,,,,,,,,,,,,,,,,,,,,,,,,,,,,,,,,,,,,,,,,,,,,,,,,,,,,,,,,,,,,,,,,,,,,,,,,,,,,,,,,,,,,,,,,,,,,,,,,,,,,,,,,,,,,,,,,,,,,,,,,,,,,,,,,,,,,,,,,,,,,,,,,,,,,,,,,,,,,,,,,,,,,,,,,,,,,,,,,,,,,,,,,,,,,,,,,,,,,,,,,,,,,,,,,,,,,,,,,,,,,,,,,,,,,,,,,,,,,,,,,,,,,,,,,,,,,,,,,,,,,,,,,,,,,,,,,,,,,,,,,,,,,,,,,,,,,,,,,,,,,,,,,,,,,,,,,,,,,,,,,,,,,,,,,,,,,,,,,,,,,,,,,,
2025120906,17.042,0.0,1.769,3.24,4.635,6.517,8.322,10.021,11.727,12.961,0.073,14.74,16.625,18.09,19.778,21.88,24.274,27.35,31.014,36.176,41.375,56.339,95.0,0.0,56.0,0.0,37.0,88.0,23.0,2.0,76.0,0.0,1.987,,,,,,,,,,,,,,,,,,,,,,,,,,,,,,,,,,,,,,,,,,,,,,,,,,,,,,,,,,,,,,,,,,17.272,0.0,0.537,1.945,2.955,4.048,5.474,6.887,8.379,9.911,0.0,11.149,12.365,13.851,15.325,16.809,18.505,20.334,22.254,24.899,28.755,36.098,91.0,44.0,24.0,82.0,9.0,1.0,0.0,67.0,0.0,0.0,,,,,,,,,,,,,,,,,,,,,,,,,,,,,,,,,273.4,,,,,,,,,,,,,,,,,,,0.003,,,,,,,,,,,,,,,,,,0.008,,,,,,,,,,,,,,,,,,0.0,0.0,0.0,0.0,0.0,0.0,0.0,0.0,10.0,2.0,1.0,0.0,0.0,0.0,0.0,0.0,0.0,0.0,0.03,,,,,,,,,,,,,,,,,,1.0,1.0,,,,,,,,,,,15.0,21.0,15.0,24.0,26.0,28.0,28.0,0.0,0.0,0.0,0.0,0.0,22.5,,275.27,1.59,,0.0,3.0,,0.0,,,,,,,,,,,,,,,,,,,,,,,,,0.0,0.0,0.0,0.0,0.0,0.0,0.0,0.0,0.0,0.0,0.0,0.0,0.0,0.0,,,,,,,,,,,,,7.2,9.999e+20,11.8,4.0,4.8,5.2,5.6,6.0,6.4,6.8,7.6,8.0,4.4,8.84654,9.6904,10.137,11.3662,15.4636,18.3318,20.0473,22.1411,23.142,24.5041,30.0488,11.841,7.12409,35.0,30.0,26.0,19.0,5.0,2.0,0.0,49.0,2.0,9.999e+20,9.999e+20,9.999e+20,9.999e+20,9.999e+20,,,,,,,,,,,,,,,,,,,,,,,,,,,,,,,,,,,,,,,,,,,,,,,,,,,,,,,,,,,,,,,,,,,,,,,,,,,,,,,,,,,,,,,,,,,,,,,,,,,,,,,,,,,,,,,,,,,,,,,,,,,88.0,64.0,,96.4,0.0,3.6,0.0,,88.0,,,,,,,,,,,,,,,,,,,,,,,,,,,,,,,,,,,,,,,,,,,,,,,,,,,,,,,,,,,,,2.3,1.3,1.5,1.1,1.8,2.6,3.8,4.3,2192.0,1792.0,2096.0,1712.0,2256.0,2384.0,2480.0,2520.0,,,80.0,9.0,,,,,,1.78231,277.08,1.57,277.063,273.833,275.106,275.637,275.63,275.949,276.222,276.248,276.573,276.775,274.56,277.032,277.061,277.486,277.585,277.741,278.431,278.613,278.798,279.119,279.917,281.201,0.0,0.0,0.0,0.0,0.0,0.0,0.0,0.0,,,,,,,,,,,,,,,,,,,,,,,,,,,,,,,9.999e+20,260.0,4.8,250.0,9.8,,1.0,,,1.0,4.0,,,,,,,1435.0,260.0,260.0,260.0,,276.1,4.8,1.6,2.0,2.4,2.8,2.8,3.2,3.2,3.2,3.6,2.0,4.0,4.4,4.8,5.2,5.6,6.0,6.8,7.6,8.4,9.6,11.6,4.8,2.4,2.0,0.0,0.0,0.0,55.0,0.0,29.0,10.0,5.2,6.0,
2025120907,,,,,,,,,,,,,,,,,,,,,,,,,,,,,,,,,1.808,,,,,,,,,,,,,,,,,,,,,,,,,,,,,,,,,,,,,,,,,,,,,,,,,,,,,,,,,,,,,,,,,,,,,,,,,,,,,,,,,,,,,,,,,,,,,,,,,,,,,,,,,,,,,,,,,,,,,,,,,,,,,,,,,,,,,,,,,,,,,,,,,,,,,,,,,,,,,,,,,,,,,,,,,,,,,,,,,,,,,,,,,,,,,,,,,,,,,,,,,,,,,,,,,,,,,,,,,,,,,,,,,,,,,,,,,,,,,,,,,,,,,,,,,,,,,,,,,,,,,,,,,,,,,,,,,,,,,,,,,,,,,,,,,,,,,,,,,,,,,,,,,,,,,,,,,,,,,,,,,,,,,,,,,,,,,,,,,,,,,,,,,,,,,,,,,,,,,,,,,,,,,,,,,,,,,,,,,,,,,,,,,,,,,,,,,,,,,,,,,,,,,,,,,,,,,,,,,,,,,,,,,,,,,,,,,,,,,,,,,,,,,,,,,,,,,,,,,,,,,,,,,,,,,,,,,,,,,,,,,,,,,,,,,,,,,,,,,,,,,,,,,,,,,,,,,,,,,,,,,,,,,,,,,,,,,,,,,,,,,,,,,,,,,,,,,,,,,,,,,,,,,,,,,,,,,,,,,,,,,,,,,,,,,,,,,,,,,,,,,,,,,,,,,,,,,,,,,,,,,,,,,,,,,,,,,,,,,,,,,,,,,,,,,,,,,,,,,,,,,,,,,,,,,,,,,,,,,,,,
2025120908,,,,,,,,,,,,,,,,,,,,,,,,,,,,,,,,,1.435,,,,,,,,,,,,,,,,,,,,,,,,,,,,,,,,,,,,,,,,,,,,,,,,,,,,,,,,,,,,,,,,,,,,,,,,,,,,,,,,,,,,,,,,,,,,,,,,,,,,,,,,,,,,,,,,,,,,,,,,,,,,,,,,,,,,,,,,,,,,,,,,,,,,,,,,,,,,,,,,,,,,,,,,,,,,,,,,,,,,,,,,,,,,,,,,,,,,,,,,,,,,,,,,,,,,,,,,,,,,,,,,,,,,,,,,,,,,,,,,,,,,,,,,,,,,,,,,,,,,,,,,,,,,,,,,,,,,,,,,,,,,,,,,,,,,,,,,,,,,,,,,,,,,,,,,,,,,,,,,,,,,,,,,,,,,,,,,,,,,,,,,,,,,,,,,,,,,,,,,,,,,,,,,,,,,,,,,,,,,,,,,,,,,,,,,,,,,,,,,,,,,,,,,,,,,,,,,,,,,,,,,,,,,,,,,,,,,,,,,,,,,,,,,,,,,,,,,,,,,,,,,,,,,,,,,,,,,,,,,,,,,,,,,,,,,,,,,,,,,,,,,,,,,,,,,,,,,,,,,,,,,,,,,,,,,,,,,,,,,,,,,,,,,,,,,,,,,,,,,,,,,,,,,,,,,,,,,,,,,,,,,,,,,,,,,,,,,,,,,,,,,,,,,,,,,,,,,,,,,,,,,,,,,,,,,,,,,,,,,,,,,,,,,,,,,,,,,,,,,,,,,,,,,,,,,,,,,,,,,
2025120909,,,,,,,,,,,,,,,,,,,,,,,,,,,,,,,,,2.006,,,,,,,,,,,,,,,,,,,,,,,,,,,,,,,,,,,,,,,,,,,,,,,,,,,,,,,,,,,,,,,,,,,,,,,,,,,,,,,,,,,,,,,,,,,,,,,,,,,,,,,,,,,,,,,,,,,,,,,,,,,,,,,,,,272.26,,,,,,,,,,,,,,,,,,,,,,,,,,,,,,,,,,,,,,,,,,,,,,,,,,,,,,,,,,,,,,,,,,,,,,,,,,,,,,,,,,,,,,,,,,,0.0,1.0,,,,,,,,,,,16.0,19.0,16.0,22.0,23.0,25.0,25.0,0.0,0.0,0.0,0.0,0.0,20.8,,274.43,1.54,,0.0,3.0,,,,,,,,,,,,,,,,,,,,,,,,,,,,,,,,,,,,,,,,,,,,,,,,,,,,,,9.999e+20,14.3,4.4,6.8,7.2,8.0,8.4,8.8,9.6,10.4,10.8,5.2,12.4,13.2,14.8749,16.5287,18.558,20.3393,21.6461,23.4305,24.365,25.7422,27.0889,14.2811,6.71861,53.0,38.0,33.0,21.0,9.0,0.0,0.0,71.0,,9.999e+20,9.999e+20,9.999e+20,9.999e+20,9.999e+20,,,,,,,,,,,,,,,,,,,,,,,,,,,,,,,,,,,,,,,,,,,,,,,,,,,,,,,,,,,,,,,,,,,,,,,,,,,,,,,,,,,,,,,,,,,,,,,,,,,,,,,,,,,,,,,,,,,,,,,,,,,,80.0,,83.2,0.0,15.6,0.0,,85.0,,,,,,,,,,,,,,,,,,,,,,,,,,,,,,,,,,,,,,,,,,,,,,,,,,,,,,,,,,,,,2.9,1.2,1.5,1.1,2.5,3.4,4.9,6.9,2040.0,1512.0,1768.0,1128.0,2120.0,2384.0,2472.0,2552.0,,,76.0,15.0,,,,,,,276.58,1.52,,,,,,,,,,,,,,,,,,,,,,,,,,,,,,,,,,,,,,,,,,,,,,,,,,,,,,,,,,,,,9.999e+20,260.0,6.0,270.0,7.3,,,,,,4.0,,,,,,,1183.0,260.0,260.0,260.0,,275.7,6.0,2.0,3.2,3.6,4.0,4.0,4.4,4.8,4.8,5.2,2.4,5.6,6.0,6.4,6.8,7.2,8.0,8.4,8.8,9.6,10.4,12.0,6.0,2.4,2.0,0.0,0.0,0.0,82.0,0.0,45.0,16.0,6.8,7.6,
2025120910,,,,,,,,,,,,,,,,,,,,,,,,,,,,,,,,,2.443,,,,,,,,,,,,,,,,,,,,,,,,,,,,,,,,,,,,,,,,,,,,,,,,,,,,,,,,,,,,,,,,,,,,,,,,,,,,,,,,,,,,,,,,,,,,,,,,,,,,,,,,,,,,,,,,,,,,,,,,,,,,,,,,,,,,,,,,,,,,,,,,,,,,,,,,,,,,,,,,,,,,,,,,,,,,,,,,,,,,,,,,,,,,,,,,,,,,,,,,,,,,,,,,,,,,,,,,,,,,,,,,,,,,,,,,,,,,,,,,,,,,,,,,,,,,,,,,,,,,,,,,,,,,,,,,,,,,,,,,,,,,,,,,,,,,,,,,,,,,,,,,,,,,,,,,,,,,,,,,,,,,,,,,,,,,,,,,,,,,,,,,,,,,,,,,,,,,,,,,,,,,,,,,,,,,,,,,,,,,,,,,,,,,,,,,,,,,,,,,,,,,,,,,,,,,,,,,,,,,,,,,,,,,,,,,,,,,,,,,,,,,,,,,,,,,,,,,,,,,,,,,,,,,,,,,,,,,,,,,,,,,,,,,,,,,,,,,,,,,,,,,,,,,,,,,,,,,,,,,,,,,,,,,,,,,,,,,,,,,,,,,,,,,,,,,,,,,,,,,,,,,,,,,,,,,,,,,,,,,,,,,,,,,,,,,,,,,,,,,,,,,,,,,,,,,,,,,,,,,,,,,,,,,,,,,,,,,,,,,,,,,,,,,,,,,,,,,,,,,,,,,,,,,,,,,,,,,,,,,
2025120911,,,,,,,,,,,,,,,,,,,,,,,,,,,,,,,,,1.199,,,,,,,,,,,,,,,,,,,,,,,,,,,,,,,,,,,,,,,,,,,,,,,,,,,,,,,,,,,,,,,,,,,,,,,,,,,,,,,,,,,,,,,,,,,,,,,,,,,,,,,,,,,,,,,,,,,,,,,,,,,,,,,,,,,,,,,,,,,,,,,,,,,,,,,,,,,,,,,,,,,,,,,,,,,,,,,,,,,,,,,,,,,,,,,,,,,,,,,,,,,,,,,,,,,,,,,,,,,,,,,,,,,,,,,,,,,,,,,,,,,,,,,,,,,,,,,,,,,,,,,,,,,,,,,,,,,,,,,,,,,,,,,,,,,,,,,,,,,,,,,,,,,,,,,,,,,,,,,,,,,,,,,,,,,,,,,,,,,,,,,,,,,,,,,,,,,,,,,,,,,,,,,,,,,,,,,,,,,,,,,,,,,,,,,,,,,,,,,,,,,,,,,,,,,,,,,,,,,,,,,,,,,,,,,,,,,,,,,,,,,,,,,,,,,,,,,,,,,,,,,,,,,,,,,,,,,,,,,,,,,,,,,,,,,,,,,,,,,,,,,,,,,,,,,,,,,,,,,,,,,,,,,,,,,,,,,,,,,,,,,,,,,,,,,,,,,,,,,,,,,,,,,,,,,,,,,,,,,,,,,,,,,,,,,,,,,,,,,,,,,,,,,,,,,,,,,,,,,,,,,,,,,,,,,,,,,,,,,,,,,,,,,,,,,,,,,,,,,,,,,,,,,,,,,,,,,,,,,,
2025120912,21.285,0.0,1.664,3.472,5.291,7.804,9.838,12.398,15.068,17.72,0.0,19.63,21.787,24.545,26.822,28.972,31.732,35.143,38.755,42.803,49.361,63.868,93.0,0.0,64.0,0.0,52.0,88.0,38.0,4.0,78.0,0.0,2.171,,33.26,0.0,4.349,7.138,10.775,14.481,18.447,22.178,25.196,28.53,0.923,31.89,34.946,38.247,41.689,44.431,48.161,51.962,56.446,62.861,71.894,97.162,96.0,1.0,77.0,0.0,0.0,0.0,60.0,21.0,86.0,3.0,39.468,1.132,8.027,11.728,16.379,20.457,24.745,28.434,32.264,35.237,4.668,38.92,41.968,45.295,48.554,51.968,55.169,59.224,63.319,69.382,79.506,102.121,84.0,0.0,98.0,0.0,69.0,0.0,0.0,0.0,32.0,6.0,14.478,0.0,0.0,0.413,1.607,2.362,3.139,4.24,5.559,7.051,0.0,8.607,10.378,12.064,13.595,14.92,16.508,18.331,20.462,22.713,26.794,34.759,86.0,38.0,18.0,74.0,6.0,1.0,0.0,57.0,0.0,0.0,44.364,1.383,7.658,11.923,16.575,22.082,27.244,32.057,36.444,41.276,4.381,44.729,48.4,51.924,55.398,59.311,63.934,67.651,71.697,78.529,87.6,107.32,0.0,0.0,72.0,0.0,0.0,42.0,0.0,92.0,0.0,11.0,271.4,,,,,,,,,,,,,,,,,,,0.008,0.0,0.0,0.0,0.0,0.003,0.033,0.046,44.0,20.0,8.0,1.0,0.0,0.0,0.0,0.0,0.0,0.0,0.015,0.0,0.0,0.0,0.0,0.028,0.048,0.056,43.0,24.0,7.0,2.0,1.0,0.0,0.0,0.0,0.0,0.0,0.005,0.0,0.0,0.0,0.0,0.0,0.033,0.038,26.0,16.0,5.0,1.0,0.0,0.0,0.0,0.0,0.0,0.0,0.028,0.005,0.013,0.003,0.023,0.041,0.056,0.071,59.0,18.0,7.0,3.0,0.0,0.0,0.0,0.0,0.0,0.0,1.0,1.0,,,,,,,,,,,16.0,20.0,16.0,21.0,22.0,23.0,23.0,0.0,0.0,0.0,0.0,0.0,20.6,,273.85,1.45,,0.0,3.0,,0.0,0.0,0.0,0.0,0.0,0.0,0.0,0.0,0.0,0.0,0.0,0.0,0.0,0.0,0.0,0.0,0.0,0.0,0.0,0.0,0.0,0.0,0.0,0.0,0.0,0.0,0.0,0.0,0.0,0.0,0.0,0.0,0.0,0.0,0.0,0.0,0.0,0.0,0.0,0.0,0.0,0.0,0.0,0.0,0.0,0.0,0.0,0.0,0.0,0.0,0.0,12.0,9.999e+20,14.7,4.0,6.8,8.0,8.8,9.6,10.8,11.6,12.4,13.2,5.6,15.2,16.0229,16.4757,17.0187,17.876,17.9542,20.0694,21.3882,22.7037,24.9634,30.7248,14.6778,6.27731,66.0,50.0,33.0,17.0,6.0,2.0,0.0,80.0,2.0,9.999e+20,9.999e+20,9.999e+20,9.999e+20,9.999e+20,,,,,,,,,,,,,,,,,,,,,,,,,,,,,,,,,,,,,,,,,,,,,,,,,,,,,,,,,,,,,,,,,,,,,,,,,,,,,,,,,,,,,,,,,,,,,,,,,,,,,,,,,,,,,,,,,,,,,,,,,,,,88.0,8.0,79.6,0.0,19.2,0.0,,84.0,,,,,,,,,,,,,,,,,,,,,,,,,,,,,,,,,,,,,,,,,,,,,,,,,,,,,,,,,,,,,3.8,1.1,1.7,1.0,3.3,5.1,7.0,8.4,1816.0,1104.0,1360.0,1024.0,1872.0,2336.0,2504.0,2576.0,,,69.0,15.0,,,,274.42,1.39,,276.51,1.45,,,,,,,,,,,,,,,,,,,,,,,,,,,,,,,,,,,,,,,,,,,,,,,,,,,,,,,,,,,,,9.999e+20,270.0,6.8,270.0,6.8,6.0,3.0,,,2.0,3.0,,,,,,,1179.0,270.0,270.0,270.0,,275.7,6.8,2.0,3.2,4.0,4.4,4.4,4.8,5.6,6.0,6.4,2.8,6.8,6.8,7.6,8.0,8.4,8.8,9.2,9.6,10.0,10.8,12.0,6.8,2.8,4.0,0.0,0.0,0.0,87.0,0.0,62.0,28.0,7.6,8.4,
2025120913,,,,,,,,,,,,,,,,,,,,,,,,,,,,,,,,,1.525,,,,,,,,,,,,,,,,,,,,,,,,,,,,,,,,,,,,,,,,,,,,,,,,,,,,,,,,,,,,,,,,,,,,,,,,,,,,,,,,,,,,,,,,,,,,,,,,,,,,,,,,,,,,,,,,,,,,,,,,,,,,,,,,,,,,,,,,,,,,,,,,,,,,,,,,,,,,,,,,,,,,,,,,,,,,,,,,,,,,,,,,,,,,,,,,,,,,,,,,,,,,,,,,,,,,,,,,,,,,,,,,,,,,,,,,,,,,,,,,,,,,,,,,,,,,,,,,,,,,,,,,,,,,,,,,,,,,,,,,,,,,,,,,,,,,,,,,,,,,,,,,,,,,,,,,,,,,,,,,,,,,,,,,,,,,,,,,,,,,,,,,,,,,,,,,,,,,,,,,,,,,,,,,,,,,,,,,,,,,,,,,,,,,,,,,,,,,,,,,,,,,,,,,,,,,,,,,,,,,,,,,,,,,,,,,,,,,,,,,,,,,,,,,,,,,,,,,,,,,,,,,,,,,,,,,,,,,,,,,,,,,,,,,,,,,,,,,,,,,,,,,,,,,,,,,,,,,,,,,,,,,,,,,,,,,,,,,,,,,,,,,,,,,,,,,,,,,,,,,,,,,,,,,,,,,,,,,,,,,,,,,,,,,,,,,,,,,,,,,,,,,,,,,,,,,,,,,,,,,,,,,,,,,,,,,,,,,,,,,,,,,,,,,,,,,,,,,,,,,,,,,,,,,,,,,,,,,,,,,
2025120914,,,,,,,,,,,,,,,,,,,,,,,,,,,,,,,,,1.36,,,,,,,,,,,,,,,,,,,,,,,,,,,,,,,,,,,,,,,,,,,,,,,,,,,,,,,,,,,,,,,,,,,,,,,,,,,,,,,,,,,,,,,,,,,,,,,,,,,,,,,,,,,,,,,,,,,,,,,,,,,,,,,,,,,,,,,,,,,,,,,,,,,,,,,,,,,,,,,,,,,,,,,,,,,,,,,,,,,,,,,,,,,,,,,,,,,,,,,,,,,,,,,,,,,,,,,,,,,,,,,,,,,,,,,,,,,,,,,,,,,,,,,,,,,,,,,,,,,,,,,,,,,,,,,,,,,,,,,,,,,,,,,,,,,,,,,,,,,,,,,,,,,,,,,,,,,,,,,,,,,,,,,,,,,,,,,,,,,,,,,,,,,,,,,,,,,,,,,,,,,,,,,,,,,,,,,,,,,,,,,,,,,,,,,,,,,,,,,,,,,,,,,,,,,,,,,,,,,,,,,,,,,,,,,,,,,,,,,,,,,,,,,,,,,,,,,,,,,,,,,,,,,,,,,,,,,,,,,,,,,,,,,,,,,,,,,,,,,,,,,,,,,,,,,,,,,,,,,,,,,,,,,,,,,,,,,,,,,,,,,,,,,,,,,,,,,,,,,,,,,,,,,,,,,,,,,,,,,,,,,,,,,,,,,,,,,,,,,,,,,,,,,,,,,,,,,,,,,,,,,,,,,,,,,,,,,,,,,,,,,,,,,,,,,,,,,,,,,,,,,,,,,,,,,,,,,,,,,,
2025120915,,,,,,,,,,,,,,,,,,,,,,,,,,,,,,,,,1.593,,,,,,,,,,,,,,,,,,,,,,,,,,,,,,,,,,,,,,,,,,,,,,,,,,,,,,,,,,,,,,,,,,,,,,,,,,,,,,,,,,,,,,,,,,,,,,,,,,,,,,,,,,,,,,,,,,,,,,,,,,,,,,,,,,270.43,,,,,,,,,,,,,,,,,,,,,,,,,,,,,,,,,,,,,,,,,,,,,,,,,,,,,,,,,,,,,,,,,,,,,,,,,,,,,,,,,,,,,,,,,,,0.0,1.0,,,,,,,,,,,18.0,18.0,18.0,20.0,21.0,24.0,24.0,0.0,0.0,0.0,0.0,0.0,20.3,,273.24,1.18,,0.0,3.0,,,,,,,,,,,,,,,,,,,,,,,,,,,,,,,,,,,,,,,,,,,,,,,,,,,,,,9.999e+20,12.7,4.4,6.0,6.8,7.6,8.0,8.8,9.2,10.0,10.8,5.2,12.1065,12.5242,13.3854,14.6363,15.5231,16.3796,17.7563,19.9439,22.1292,24.5272,27.3237,12.7362,5.9518,54.0,31.0,21.0,12.0,5.0,0.0,0.0,70.0,,9.999e+20,9.999e+20,9.999e+20,9.999e+20,9.999e+20,,,,,,,,,,,,,,,,,,,,,,,,,,,,,,,,,,,,,,,,,,,,,,,,,,,,,,,,,,,,,,,,,,,,,,,,,,,,,,,,,,,,,,,,,,,,,,,,,,,,,,,,,,,,,,,,,,,,,,,,,,,,112.0,,60.0,0.0,27.6,0.0,,85.0,,,,,,,,,,,,,,,,,,,,,,,,,,,,,,,,,,,,,,,,,,,,,,,,,,,,,,,,,,,,,4.4,1.3,2.2,1.1,4.1,6.2,7.4,9.3,1672.0,1040.0,1192.0,992.0,1656.0,2168.0,2472.0,2576.0,,,70.0,27.0,,,,,,,275.21,1.16,,,,,,,,,,,,,,,,,,,,,,,,,,,,,,,,,,,,,,,,,,,,,,,,,,,,,,,,,,,,,9.999e+20,280.0,6.0,270.0,6.0,,,,,,3.0,,,,,,,1174.0,280.0,280.0,280.0,,274.7,6.0,1.6,2.8,3.2,3.6,4.0,4.0,4.4,4.8,5.2,2.4,5.2,5.6,6.4,6.8,7.2,8.0,9.2,9.2,10.0,11.2,11.6,6.01498,2.87429,3.0,0.0,0.0,0.0,79.0,0.0,46.0,21.0,6.8,7.6,
2025120916,,,,,,,,,,,,,,,,,,,,,,,,,,,,,,,,,1.254,,,,,,,,,,,,,,,,,,,,,,,,,,,,,,,,,,,,,,,,,,,,,,,,,,,,,,,,,,,,,,,,,,,,,,,,,,,,,,,,,,,,,,,,,,,,,,,,,,,,,,,,,,,,,,,,,,,,,,,,,,,,,,,,,,,,,,,,,,,,,,,,,,,,,,,,,,,,,,,,,,,,,,,,,,,,,,,,,,,,,,,,,,,,,,,,,,,,,,,,,,,,,,,,,,,,,,,,,,,,,,,,,,,,,,,,,,,,,,,,,,,,,,,,,,,,,,,,,,,,,,,,,,,,,,,,,,,,,,,,,,,,,,,,,,,,,,,,,,,,,,,,,,,,,,,,,,,,,,,,,,,,,,,,,,,,,,,,,,,,,,,,,,,,,,,,,,,,,,,,,,,,,,,,,,,,,,,,,,,,,,,,,,,,,,,,,,,,,,,,,,,,,,,,,,,,,,,,,,,,,,,,,,,,,,,,,,,,,,,,,,,,,,,,,,,,,,,,,,,,,,,,,,,,,,,,,,,,,,,,,,,,,,,,,,,,,,,,,,,,,,,,,,,,,,,,,,,,,,,,,,,,,,,,,,,,,,,,,,,,,,,,,,,,,,,,,,,,,,,,,,,,,,,,,,,,,,,,,,,,,,,,,,,,,,,,,,,,,,,,,,,,,,,,,,,,,,,,,,,,,,,,,,,,,,,,,,,,,,,,,,,,,,,,,,,,,,,,,,,,,,,,,,,,,,,,,,,,,,,,
2025120917,,,,,,,,,,,,,,,,,,,,,,,,,,,,,,,,,1.004,,,,,,,,,,,,,,,,,,,,,,,,,,,,,,,,,,,,,,,,,,,,,,,,,,,,,,,,,,,,,,,,,,,,,,,,,,,,,,,,,,,,,,,,,,,,,,,,,,,,,,,,,,,,,,,,,,,,,,,,,,,,,,,,,,,,,,,,,,,,,,,,,,,,,,,,,,,,,,,,,,,,,,,,,,,,,,,,,,,,,,,,,,,,,,,,,,,,,,,,,,,,,,,,,,,,,,,,,,,,,,,,,,,,,,,,,,,,,,,,,,,,,,,,,,,,,,,,,,,,,,,,,,,,,,,,,,,,,,,,,,,,,,,,,,,,,,,,,,,,,,,,,,,,,,,,,,,,,,,,,,,,,,,,,,,,,,,,,,,,,,,,,,,,,,,,,,,,,,,,,,,,,,,,,,,,,,,,,,,,,,,,,,,,,,,,,,,,,,,,,,,,,,,,,,,,,,,,,,,,,,,,,,,,,,,,,,,,,,,,,,,,,,,,,,,,,,,,,,,,,,,,,,,,,,,,,,,,,,,,,,,,,,,,,,,,,,,,,,,,,,,,,,,,,,,,,,,,,,,,,,,,,,,,,,,,,,,,,,,,,,,,,,,,,,,,,,,,,,,,,,,,,,,,,,,,,,,,,,,,,,,,,,,,,,,,,,,,,,,,,,,,,,,,,,,,,,,,,,,,,,,,,,,,,,,,,,,,,,,,,,,,,,,,,,,,,,,,,,,,,,,,,,,,,,,,,,,,,,,,
2025120918,15.278,0.0,0.449,2.14,3.005,3.988,5.261,6.943,8.758,10.492,0.0,12.11,13.986,16.075,18.192,20.586,23.049,25.909,29.137,33.812,41.346,56.613,90.0,0.0,48.0,0.0,33.0,83.0,21.0,2.0,67.0,0.0,0.994,,,,,,,,,,,,,,,,,,,,,,,,,,,,,,,,,,,,,,,,,,,,,,,,,,,,,,,,,,,,,,,,,,8.128,0.0,0.0,0.0,0.0,0.102,0.507,1.207,1.776,2.46,0.0,3.29,3.992,4.97,6.197,7.414,9.049,10.634,13.004,15.652,20.902,30.646,73.0,16.0,6.0,55.0,2.0,0.0,0.0,34.0,0.0,0.0,,,,,,,,,,,,,,,,,,,,,,,,,,,,,,,,,271.54,,,,,,,,,,,,,,,,,,,0.01,,,,,,,,,,,,,,,,,,0.015,,,,,,,,,,,,,,,,,,0.005,0.0,0.0,0.0,0.0,0.0,0.015,0.025,26.0,11.0,3.0,1.0,0.0,0.0,0.0,0.0,0.0,0.0,0.023,,,,,,,,,,,,,,,,,,1.0,2.0,,,,,,,,,,,17.0,18.0,17.0,19.0,21.0,22.0,22.0,0.0,0.0,0.0,0.0,0.0,20.3,,274.32,1.24,,15.0,3.0,,0.0,,,,,,,,,,,,,,,,,,,,,,,,,0.0,0.0,0.0,0.0,0.0,0.0,0.0,0.0,0.0,0.0,0.0,0.0,0.0,0.0,,,,,,,,,,,,,12.0,9.999e+20,10.8,2.8,4.8,5.6,6.0,6.4,6.83351,7.65762,8.08666,8.13531,4.0,8.96756,10.1953,11.4781,12.3193,13.5605,14.4348,16.08,16.6877,18.6491,22.8729,26.1468,10.7605,5.85971,40.0,23.0,11.0,7.0,3.0,0.0,0.0,50.0,2.0,9.999e+20,9.999e+20,9.999e+20,9.999e+20,9.999e+20,,,,,,,,,,,,,,,,,,,,,,,,,,,,,,,,,,,,,,,,,,,,,,,,,,,,,,,,,,,,,,,,,,,,,,,,,,,,,,,,,,,,,,,,,,,,,,,,,,,,,,,,,,,,,,,,,,,,,,,,,,89.0,,288.0,,60.0,0.0,26.4,0.0,,89.0,,,,,,,,,,,,,,,,,,,,,,,,,,,,,,,,,,,,,,,,,,,,,,,,,,,,,,,,,,,,,4.4,1.3,2.9,1.1,4.1,6.2,8.5,9.3,1616.0,1080.0,1224.0,1024.0,1456.0,2000.0,2480.0,2584.0,,,70.0,26.0,,,,,,1.80896,275.74,1.25,,,,,,,,,,,,,,,,,,,,,,,,,,,,,,,275.195,272.288,273.685,273.756,273.667,274.098,274.116,274.55,274.451,274.741,272.999,275.244,275.475,275.461,275.873,275.938,276.173,276.667,277.098,278.106,278.678,279.417,0.0,0.0,0.0,0.0,0.0,0.0,6.0,0.0,9.999e+20,280.0,5.6,260.0,5.6,,2.0,,,0.0,3.0,,,,,,,2042.0,280.0,280.0,280.0,,275.4,5.6,1.2,2.4,2.4,2.8,3.2,3.2,3.6,4.0,4.4,2.0,4.8,4.8,5.6,6.4,6.8,7.6,8.4,9.2,10.0,10.8,12.0,5.6,2.8,4.0,0.0,0.0,0.0,66.0,0.0,39.0,16.0,6.4,6.8,
2025120919,,,,,,,,,,,,,,,,,,,,,,,,,,,,,,,,,0.868,,,,,,,,,,,,,,,,,,,,,,,,,,,,,,,,,,,,,,,,,,,,,,,,,,,,,,,,,,,,,,,,,,,,,,,,,,,,,,,,,,,,,,,,,,,,,,,,,,,,,,,,,,,,,,,,,,,,,,,,,,,,,,,,,,,,,,,,,,,,,,,,,,,,,,,,,,,,,,,,,,,,,,,,,,,,,,,,,,,,,,,,,,,,,,,,,,,,,,,,,,,,,,,,,,,,,,,,,,,,,,,,,,,,,,,,,,,,,,,,,,,,,,,,,,,,,,,,,,,,,,,,,,,,,,,,,,,,,,,,,,,,,,,,,,,,,,,,,,,,,,,,,,,,,,,,,,,,,,,,,,,,,,,,,,,,,,,,,,,,,,,,,,,,,,,,,,,,,,,,,,,,,,,,,,,,,,,,,,,,,,,,,,,,,,,,,,,,,,,,,,,,,,,,,,,,,,,,,,,,,,,,,,,,,,,,,,,,,,,,,,,,,,,,,,,,,,,,,,,,,,,,,,,,,,,,,,,,,,,,,,,,,,,,,,,,,,,,,,,,,,,,,,,,,,,,,,,,,,,,,,,,,,,,,,,,,,,,,,,,,,,,,,,,,,,,,,,,,,,,,,,,,,,,,,,,,,,,,,,,,,,,,,,,,,,,,,,,,,,,,,,,,,,,,,,,,,,,,,,,,,,,,,,,,,,,,,,,,,,,,,,,,,,,,,,,,,,,,,,,,,,,,,,,,,,,,,,,,,,,
2025120920,,,,,,,,,,,,,,,,,,,,,,,,,,,,,,,,,1.043,,,,,,,,,,,,,,,,,,,,,,,,,,,,,,,,,,,,,,,,,,,,,,,,,,,,,,,,,,,,,,,,,,,,,,,,,,,,,,,,,,,,,,,,,,,,,,,,,,,,,,,,,,,,,,,,,,,,,,,,,,,,,,,,,,,,,,,,,,,,,,,,,,,,,,,,,,,,,,,,,,,,,,,,,,,,,,,,,,,,,,,,,,,,,,,,,,,,,,,,,,,,,,,,,,,,,,,,,,,,,,,,,,,,,,,,,,,,,,,,,,,,,,,,,,,,,,,,,,,,,,,,,,,,,,,,,,,,,,,,,,,,,,,,,,,,,,,,,,,,,,,,,,,,,,,,,,,,,,,,,,,,,,,,,,,,,,,,,,,,,,,,,,,,,,,,,,,,,,,,,,,,,,,,,,,,,,,,,,,,,,,,,,,,,,,,,,,,,,,,,,,,,,,,,,,,,,,,,,,,,,,,,,,,,,,,,,,,,,,,,,,,,,,,,,,,,,,,,,,,,,,,,,,,,,,,,,,,,,,,,,,,,,,,,,,,,,,,,,,,,,,,,,,,,,,,,,,,,,,,,,,,,,,,,,,,,,,,,,,,,,,,,,,,,,,,,,,,,,,,,,,,,,,,,,,,,,,,,,,,,,,,,,,,,,,,,,,,,,,,,,,,,,,,,,,,,,,,,,,,,,,,,,,,,,,,,,,,,,,,,,,,,,,,,,,,,,,,,,,,,,,,,,,,,,,,,,,,,,,,
2025120921,,,,,,,,,,,,,,,,,,,,,,,,,,,,,,,,,0.977,,,,,,,,,,,,,,,,,,,,,,,,,,,,,,,,,,,,,,,,,,,,,,,,,,,,,,,,,,,,,,,,,,,,,,,,,,,,,,,,,,,,,,,,,,,,,,,,,,,,,,,,,,,,,,,,,,,,,,,,,,,,,,,,,,272.83,,,,,,,,,,,,,,,,,,,,,,,,,,,,,,,,,,,,,,,,,,,,,,,,,,,,,,,,,,,,,,,,,,,,,,,,,,,,,,,,,,,,,,,,,,,1.0,3.0,,,,,,,,,,,16.0,17.0,16.0,18.0,20.0,21.0,22.0,0.0,0.0,0.0,0.0,0.0,18.9,,275.01,1.22,,92.0,2.0,,,,,,,,,,,,,,,,,,,,,,,,,,,,,,,,,,,,,,,,,,,,,,,,,,,,,,9.999e+20,9.4,1.6,4.0,4.4,4.8,5.2,6.0,6.19166,6.61739,7.07302,3.6,7.90784,8.34196,9.19448,9.26322,10.1752,11.1156,12.8516,15.1496,16.1497,21.3178,26.0872,9.41576,5.5204,25.0,14.0,8.0,6.0,2.0,0.0,0.0,41.0,,9.999e+20,9.999e+20,9.999e+20,9.999e+20,9.999e+20,,,,,,,,,,,,,,,,,,,,,,,,,,,,,,,,,,,,,,,,,,,,,,,,,,,,,,,,,,,,,,,,,,,,,,,,,,,,,,,,,,,,,,,,,,,,,,,,,,,,,,,,,,,,,,,,,,,,,,,,,,,,264.0,,61.6,0.0,26.4,0.0,,89.0,,,,,,,,,,,,,,,,,,,,,,,,,,,,,,,,,,,,,,,,,,,,,,,,,,,,,,,,,,,,,4.4,1.3,2.5,1.2,4.0,6.3,7.9,9.0,1648.0,1128.0,1240.0,1064.0,1472.0,2064.0,2464.0,2552.0,,,71.0,19.0,,,,,,,276.6,1.22,,,,,,,,,,,,,,,,,,,,,,,,,,,,,,,,,,,,,,,,,,,,,,,,,,,,,,,,,,,,,9.999e+20,270.0,4.5,260.0,4.5,,,,,,3.0,,,,,,,1580.0,270.0,270.0,270.0,,276.5,4.5,0.4,1.6,1.6,2.0,2.4,2.8,2.8,3.2,3.2,1.2,3.6,4.0,4.8,5.2,5.6,6.0,6.8,8.0,9.2,10.0,11.0683,4.49046,2.91605,1.0,0.0,0.0,0.0,51.0,0.0,30.0,12.0,5.3,5.7,
2025120922,,,,,,,,,,,,,,,,,,,,,,,,,,,,,,,,,0.768,,,,,,,,,,,,,,,,,,,,,,,,,,,,,,,,,,,,,,,,,,,,,,,,,,,,,,,,,,,,,,,,,,,,,,,,,,,,,,,,,,,,,,,,,,,,,,,,,,,,,,,,,,,,,,,,,,,,,,,,,,,,,,,,,,,,,,,,,,,,,,,,,,,,,,,,,,,,,,,,,,,,,,,,,,,,,,,,,,,,,,,,,,,,,,,,,,,,,,,,,,,,,,,,,,,,,,,,,,,,,,,,,,,,,,,,,,,,,,,,,,,,,,,,,,,,,,,,,,,,,,,,,,,,,,,,,,,,,,,,,,,,,,,,,,,,,,,,,,,,,,,,,,,,,,,,,,,,,,,,,,,,,,,,,,,,,,,,,,,,,,,,,,,,,,,,,,,,,,,,,,,,,,,,,,,,,,,,,,,,,,,,,,,,,,,,,,,,,,,,,,,,,,,,,,,,,,,,,,,,,,,,,,,,,,,,,,,,,,,,,,,,,,,,,,,,,,,,,,,,,,,,,,,,,,,,,,,,,,,,,,,,,,,,,,,,,,,,,,,,,,,,,,,,,,,,,,,,,,,,,,,,,,,,,,,,,,,,,,,,,,,,,,,,,,,,,,,,,,,,,,,,,,,,,,,,,,,,,,,,,,,,,,,,,,,,,,,,,,,,,,,,,,,,,,,,,,,,,,,,,,,,,,,,,,,,,,,,,,,,,,,,,,,,,,,,,,,,,,,,,,,,,,,,,,,,,,,,,,,,
2025120923,,,,,,,,,,,,,,,,,,,,,,,,,,,,,,,,,0.582,,,,,,,,,,,,,,,,,,,,,,,,,,,,,,,,,,,,,,,,,,,,,,,,,,,,,,,,,,,,,,,,,,,,,,,,,,,,,,,,,,,,,,,,,,,,,,,,,,,,,,,,,,,,,,,,,,,,,,,,,,,,,,,,,,,,,,,,,,,,,,,,,,,,,,,,,,,,,,,,,,,,,,,,,,,,,,,,,,,,,,,,,,,,,,,,,,,,,,,,,,,,,,,,,,,,,,,,,,,,,,,,,,,,,,,,,,,,,,,,,,,,,,,,,,,,,,,,,,,,,,,,,,,,,,,,,,,,,,,,,,,,,,,,,,,,,,,,,,,,,,,,,,,,,,,,,,,,,,,,,,,,,,,,,,,,,,,,,,,,,,,,,,,,,,,,,,,,,,,,,,,,,,,,,,,,,,,,,,,,,,,,,,,,,,,,,,,,,,,,,,,,,,,,,,,,,,,,,,,,,,,,,,,,,,,,,,,,,,,,,,,,,,,,,,,,,,,,,,,,,,,,,,,,,,,,,,,,,,,,,,,,,,,,,,,,,,,,,,,,,,,,,,,,,,,,,,,,,,,,,,,,,,,,,,,,,,,,,,,,,,,,,,,,,,,,,,,,,,,,,,,,,,,,,,,,,,,,,,,,,,,,,,,,,,,,,,,,,,,,,,,,,,,,,,,,,,,,,,,,,,,,,,,,,,,,,,,,,,,,,,,,,,,,,,,,,,,,,,,,,,,,,,,,,,,,,,,,,,,,
2025121000,9.933,0.0,0.0,0.103,0.731,1.615,2.412,3.321,4.271,5.09,0.0,6.043,7.196,8.325,9.9,11.644,13.387,15.539,19.142,25.021,34.585,59.38,84.0,0.0,27.0,0.0,15.0,69.0,10.0,2.0,48.0,0.0,0.851,,32.046,0.0,4.494,7.454,10.884,14.091,18.211,20.773,23.525,26.878,0.788,29.708,32.093,34.635,37.634,41.08,43.716,48.59,53.654,61.708,75.099,102.836,95.0,1.0,77.0,1.0,0.0,0.0,58.0,18.0,87.0,5.0,,,,,,,,,,,,,,,,,,,,,,,,,,,,,,,,,7.112,0.0,0.0,0.0,0.0,0.0,0.049,0.436,0.965,1.437,0.0,1.966,2.531,3.335,4.038,5.003,6.331,7.593,9.874,12.589,17.49,31.493,67.0,10.0,4.0,45.0,2.0,0.0,0.0,25.0,0.0,0.0,,,,,,,,,,,,,,,,,,,,,,,,,,,,,,,,,272.12,,,,,,,,,,,,,,,,,,,0.015,0.0,0.0,0.0,0.0,0.023,0.051,0.069,48.0,31.0,18.0,4.0,0.0,0.0,0.0,0.0,0.0,0.0,0.015,0.0,0.0,0.0,0.0,0.023,0.051,0.069,34.0,20.0,6.0,2.0,0.0,0.0,0.0,0.0,0.0,0.0,0.005,0.0,0.0,0.0,0.0,0.003,0.015,0.025,27.0,8.0,2.0,1.0,0.0,0.0,0.0,0.0,0.0,0.0,0.023,0.0,0.0,0.0,0.008,0.041,0.064,0.071,51.0,15.0,6.0,3.0,0.0,0.0,0.0,0.0,0.0,0.0,1.0,1.0,,,,,,,,,,,15.0,17.0,15.0,18.0,21.0,21.0,21.0,0.0,0.0,0.0,0.0,0.0,18.7,,274.24,1.05,,51.0,2.0,,0.0,0.0,0.0,0.0,0.0,0.0,0.0,0.0,0.0,0.0,0.0,0.0,0.0,0.0,0.0,0.0,0.0,0.0,0.0,0.0,0.0,0.0,0.0,0.0,0.0,0.0,0.0,0.0,0.0,0.0,0.0,0.0,0.0,0.0,0.0,0.0,0.0,0.0,0.0,0.0,0.0,0.0,0.0,0.0,0.0,0.0,0.0,0.0,0.0,0.0,0.0,7.0,9.999e+20,7.9,1.6,2.8,3.6,4.0,4.0,4.4,4.8,5.2,5.6,2.0,6.0,6.53707,7.42334,8.26286,9.5721,10.8337,11.7226,12.6078,15.5384,21.9152,25.1154,7.89712,5.50316,23.0,11.0,9.0,6.0,2.0,0.0,0.0,34.0,2.0,9.999e+20,9.999e+20,9.999e+20,9.999e+20,9.999e+20,,,,,,,,,,,,,,,,,,,,,,,,,,,,,,,,,,,,,,,,,,,,,,,,,,,,,,,,,,,,,,,,,,,,,,,,,,,,,,,,,,,,,,,,,,,,,,,,,,,,,,,,,,,,,,,,,,,,,,,,,,,,72.0,8.0,61.6,0.0,26.4,0.0,,91.0,,,,,,,,,,,,,,,,,,,,,,,,,,,,,,,,,,,,,,,,,,,,,,,,,,,,,,,,,,,,,4.4,1.4,2.5,1.3,3.9,6.3,8.0,9.3,1672.0,1144.0,1208.0,1096.0,1504.0,2112.0,2440.0,2488.0,,,77.0,7.0,,278.29,1.04,,,,275.6,1.07,,,,,,,,,,,,,,,,,,,,,,,,,,,,,,,,,,,,,,,,,,,,,,,,,,,,,,,,,,,,,9.999e+20,260.0,3.6,230.0,4.5,14.0,0.0,,,0.0,3.0,,,,,,,662.0,260.0,260.0,260.0,,275.1,3.6,0.0,0.8,1.2,1.2,1.6,1.6,2.0,2.0,2.4,0.4,2.8,2.8,3.2,4.0,4.4,5.2,5.6,6.4,7.2,8.8,10.0,3.6,2.4,1.0,0.0,0.0,0.0,39.0,0.0,21.0,6.0,4.0,4.4,
2025121001,,,,,,,,,,,,,,,,,,,,,,,,,,,,,,,,,0.956,,,,,,,,,,,,,,,,,,,,,,,,,,,,,,,,,,,,,,,,,,,,,,,,,,,,,,,,,,,,,,,,,,,,,,,,,,,,,,,,,,,,,,,,,,,,,,,,,,,,,,,,,,,,,,,,,,,,,,,,,,,,,,,,,,,,,,,,,,,,,,,,,,,,,,,,,,,,,,,,,,,,,,,,,,,,,,,,,,,,,,,,,,,,,,,,,,,,,,,,,,,,,,,,,,,,,,,,,,,,,,,,,,,,,,,,,,,,,,,,,,,,,,,,,,,,,,,,,,,,,,,,,,,,,,,,,,,,,,,,,,,,,,,,,,,,,,,,,,,,,,,,,,,,,,,,,,,,,,,,,,,,,,,,,,,,,,,,,,,,,,,,,,,,,,,,,,,,,,,,,,,,,,,,,,,,,,,,,,,,,,,,,,,,,,,,,,,,,,,,,,,,,,,,,,,,,,,,,,,,,,,,,,,,,,,,,,,,,,,,,,,,,,,,,,,,,,,,,,,,,,,,,,,,,,,,,,,,,,,,,,,,,,,,,,,,,,,,,,,,,,,,,,,,,,,,,,,,,,,,,,,,,,,,,,,,,,,,,,,,,,,,,,,,,,,,,,,,,,,,,,,,,,,,,,,,,,,,,,,,,,,,,,,,,,,,,,,,,,,,,,,,,,,,,,,,,,,,,,,,,,,,,,,,,,,,,,,,,,,,,,,,,,,,,,,,,,,,,,,,,,,,,,,,,,,,,,,,,,,,
2025121002,,,,,,,,,,,,,,,,,,,,,,,,,,,,,,,,,0.829,,,,,,,,,,,,,,,,,,,,,,,,,,,,,,,,,,,,,,,,,,,,,,,,,,,,,,,,,,,,,,,,,,,,,,,,,,,,,,,,,,,,,,,,,,,,,,,,,,,,,,,,,,,,,,,,,,,,,,,,,,,,,,,,,,,,,,,,,,,,,,,,,,,,,,,,,,,,,,,,,,,,,,,,,,,,,,,,,,,,,,,,,,,,,,,,,,,,,,,,,,,,,,,,,,,,,,,,,,,,,,,,,,,,,,,,,,,,,,,,,,,,,,,,,,,,,,,,,,,,,,,,,,,,,,,,,,,,,,,,,,,,,,,,,,,,,,,,,,,,,,,,,,,,,,,,,,,,,,,,,,,,,,,,,,,,,,,,,,,,,,,,,,,,,,,,,,,,,,,,,,,,,,,,,,,,,,,,,,,,,,,,,,,,,,,,,,,,,,,,,,,,,,,,,,,,,,,,,,,,,,,,,,,,,,,,,,,,,,,,,,,,,,,,,,,,,,,,,,,,,,,,,,,,,,,,,,,,,,,,,,,,,,,,,,,,,,,,,,,,,,,,,,,,,,,,,,,,,,,,,,,,,,,,,,,,,,,,,,,,,,,,,,,,,,,,,,,,,,,,,,,,,,,,,,,,,,,,,,,,,,,,,,,,,,,,,,,,,,,,,,,,,,,,,,,,,,,,,,,,,,,,,,,,,,,,,,,,,,,,,,,,,,,,,,,,,,,,,,,,,,,,,,,,,,,,,,,,,,,,
2025121003,,,,,,,,,,,,,,,,,,,,,,,,,,,,,,,,,0.81,,,,,,,,,,,,,,,,,,,,,,,,,,,,,,,,,,,,,,,,,,,,,,,,,,,,,,,,,,,,,,,,,,,,,,,,,,,,,,,,,,,,,,,,,,,,,,,,,,,,,,,,,,,,,,,,,,,,,,,,,,,,,,,,,,271.27,,,,,,,,,,,,,,,,,,,,,,,,,,,,,,,,,,,,,,,,,,,,,,,,,,,,,,,,,,,,,,,,,,,,,,,,,,,,,,,,,,,,,,,,,,,1.0,1.0,,,,,,,,,,,14.0,15.0,14.0,18.0,21.0,22.0,22.0,0.0,0.0,0.0,0.0,0.0,18.3,,273.53,1.66,,0.0,2.0,,,,,,,,,,,,,,,,,,,,,,,,,,,,,,,,,,,,,,,,,,,,,,,,,,,,,,9.999e+20,8.0,2.0,2.8,3.2,3.6,3.6,4.0,4.4,4.8,5.2,2.4,6.0,6.4,7.2,8.48622,9.04698,10.0165,12.2769,14.0325,16.6333,20.8286,26.662,7.99667,5.98794,21.0,12.0,10.0,5.0,2.0,0.0,0.0,33.0,,9.999e+20,9.999e+20,9.999e+20,9.999e+20,9.999e+20,,,,,,,,,,,,,,,,,,,,,,,,,,,,,,,,,,,,,,,,,,,,,,,,,,,,,,,,,,,,,,,,,,,,,,,,,,,,,,,,,,,,,,,,,,,,,,,,,,,,,,,,,,,,,,,,,,,,,,,,,,,,40.0,,70.0,0.0,19.2,0.0,,91.0,,,,,,,,,,,,,,,,,,,,,,,,,,,,,,,,,,,,,,,,,,,,,,,,,,,,,,,,,,,,,4.1,1.3,2.1,1.2,3.8,5.5,8.1,9.6,1736.0,1096.0,1208.0,1072.0,1664.0,2216.0,2480.0,2624.0,,,83.0,5.0,,,,,,,274.96,1.67,,,,,,,,,,,,,,,,,,,,,,,,,,,,,,,,,,,,,,,,,,,,,,,,,,,,,,,,,,,,,9.999e+20,250.0,3.2,240.0,5.5,,,,,,4.0,,,,,,,644.0,250.0,250.0,250.0,,274.3,3.2,0.4,1.2,1.2,1.6,1.6,1.6,2.0,2.0,2.4,0.8,2.8,2.8,3.2,3.6,4.0,4.8,5.2,6.0,6.4,6.8,8.8,3.2,2.0,0.0,0.0,0.0,0.0,38.0,0.0,17.0,2.0,3.6,4.0,
2025121004,,,,,,,,,,,,,,,,,,,,,,,,,,,,,,,,,1.043,,,,,,,,,,,,,,,,,,,,,,,,,,,,,,,,,,,,,,,,,,,,,,,,,,,,,,,,,,,,,,,,,,,,,,,,,,,,,,,,,,,,,,,,,,,,,,,,,,,,,,,,,,,,,,,,,,,,,,,,,,,,,,,,,,,,,,,,,,,,,,,,,,,,,,,,,,,,,,,,,,,,,,,,,,,,,,,,,,,,,,,,,,,,,,,,,,,,,,,,,,,,,,,,,,,,,,,,,,,,,,,,,,,,,,,,,,,,,,,,,,,,,,,,,,,,,,,,,,,,,,,,,,,,,,,,,,,,,,,,,,,,,,,,,,,,,,,,,,,,,,,,,,,,,,,,,,,,,,,,,,,,,,,,,,,,,,,,,,,,,,,,,,,,,,,,,,,,,,,,,,,,,,,,,,,,,,,,,,,,,,,,,,,,,,,,,,,,,,,,,,,,,,,,,,,,,,,,,,,,,,,,,,,,,,,,,,,,,,,,,,,,,,,,,,,,,,,,,,,,,,,,,,,,,,,,,,,,,,,,,,,,,,,,,,,,,,,,,,,,,,,,,,,,,,,,,,,,,,,,,,,,,,,,,,,,,,,,,,,,,,,,,,,,,,,,,,,,,,,,,,,,,,,,,,,,,,,,,,,,,,,,,,,,,,,,,,,,,,,,,,,,,,,,,,,,,,,,,,,,,,,,,,,,,,,,,,,,,,,,,,,,,,,,,,,,,,,,,,,,,,,,,,,,,,,,,,,,,,,,
2025121005,,,,,,,,,,,,,,,,,,,,,,,,,,,,,,,,,0.902,,,,,,,,,,,,,,,,,,,,,,,,,,,,,,,,,,,,,,,,,,,,,,,,,,,,,,,,,,,,,,,,,,,,,,,,,,,,,,,,,,,,,,,,,,,,,,,,,,,,,,,,,,,,,,,,,,,,,,,,,,,,,,,,,,,,,,,,,,,,,,,,,,,,,,,,,,,,,,,,,,,,,,,,,,,,,,,,,,,,,,,,,,,,,,,,,,,,,,,,,,,,,,,,,,,,,,,,,,,,,,,,,,,,,,,,,,,,,,,,,,,,,,,,,,,,,,,,,,,,,,,,,,,,,,,,,,,,,,,,,,,,,,,,,,,,,,,,,,,,,,,,,,,,,,,,,,,,,,,,,,,,,,,,,,,,,,,,,,,,,,,,,,,,,,,,,,,,,,,,,,,,,,,,,,,,,,,,,,,,,,,,,,,,,,,,,,,,,,,,,,,,,,,,,,,,,,,,,,,,,,,,,,,,,,,,,,,,,,,,,,,,,,,,,,,,,,,,,,,,,,,,,,,,,,,,,,,,,,,,,,,,,,,,,,,,,,,,,,,,,,,,,,,,,,,,,,,,,,,,,,,,,,,,,,,,,,,,,,,,,,,,,,,,,,,,,,,,,,,,,,,,,,,,,,,,,,,,,,,,,,,,,,,,,,,,,,,,,,,,,,,,,,,,,,,,,,,,,,,,,,,,,,,,,,,,,,,,,,,,,,,,,,,,,,,,,,,,,,,,,,,,,,,,,,,,,,,,,,,,
2025121006,10.536,0.0,0.0,0.0,0.642,1.471,2.218,3.075,4.189,5.139,0.0,6.245,7.296,8.835,10.598,12.696,15.471,18.335,21.037,25.885,34.559,62.86,82.0,0.0,30.0,0.0,19.0,68.0,10.0,2.0,49.0,1.0,1.045,,,,,,,,,,,,,,,,,,,,,,,,,,,,,,,,,,,,,,,,,,,,,,,,,,,,,,,,,,,,,,,,,,12.192,0.0,0.0,0.0,0.0,0.0,0.165,0.649,1.364,2.149,0.0,3.241,4.248,5.549,6.887,8.56,10.582,12.455,13.978,16.865,22.112,38.113,69.0,19.0,7.0,53.0,3.0,1.0,0.0,37.0,0.0,0.0,,,,,,,,,,,,,,,,,,,,,,,,,,,,,,,,,272.38,,,,,,,,,,,,,,,,,,,0.018,,,,,,,,,,,,,,,,,,0.02,,,,,,,,,,,,,,,,,,0.005,0.0,0.0,0.0,0.0,0.0,0.013,0.033,23.0,9.0,3.0,2.0,1.0,0.0,0.0,0.0,0.0,0.0,0.028,,,,,,,,,,,,,,,,,,4.0,4.0,,,,,,,,,,,15.0,16.0,14.0,18.0,21.0,21.0,21.0,0.0,0.0,0.0,0.0,0.0,18.1,,273.4,2.12,,0.0,1.0,,0.0,,,,,,,,,,,,,,,,,,,,,,,,,0.0,0.0,0.0,0.0,0.0,0.0,0.0,0.0,1.0,0.0,0.0,0.0,0.0,0.0,,,,,,,,,,,,,4.0,9.999e+20,7.5,0.8,2.0,2.4,2.8,3.2,3.6,4.0,4.4,4.8,1.6,5.2,5.33312,5.79588,6.23473,7.09785,8.79266,10.439,14.9203,17.953,22.8067,28.051,7.50816,6.38765,19.0,15.0,11.0,7.0,2.0,2.0,0.0,26.0,2.0,9.999e+20,9.999e+20,9.999e+20,9.999e+20,9.999e+20,,,,,,,,,,,,,,,,,,,,,,,,,,,,,,,,,,,,,,,,,,,,,,,,,,,,,,,,,,,,,,,,,,,,,,,,,,,,,,,,,,,,,,,,,,,,,,,,,,,,,,,,,,,,,,,,,,,,,,,,,,,88.0,56.0,,73.6,1.2,15.6,0.0,,88.0,,,,,,,,,,,,,,,,,,,,,,,,,,,,,,,,,,,,,,,,,,,,,,,,,,,,,,,,,,,,,3.8,1.0,2.0,0.8,3.6,4.7,6.5,8.8,1776.0,1064.0,1232.0,992.0,1704.0,2312.0,2600.0,2720.0,,,84.0,5.0,,,,,,1.81979,275.32,2.11,277.806,274.914,275.694,275.887,276.034,276.378,276.314,276.652,276.644,277.031,275.305,277.401,277.427,277.781,278.207,278.529,279.043,279.382,279.6,280.293,281.324,283.302,0.0,0.0,0.0,0.0,0.0,0.0,0.0,0.0,,,,,,,,,,,,,,,,,,,,,,,,,,,,,,,9.999e+20,250.0,3.2,250.0,10.7,,2.0,,,2.0,4.0,,,,,,,1515.0,250.0,250.0,250.0,,274.7,3.2,0.0,0.8,1.2,1.2,1.2,1.6,1.6,2.0,2.0,0.4,2.0,2.4,2.8,2.8,3.2,3.6,4.4,5.6,7.2,8.8,10.8,3.2,2.4,1.0,0.0,0.0,0.0,25.0,0.0,15.0,6.0,3.6,4.0,
2025121007,,,,,,,,,,,,,,,,,,,,,,,,,,,,,,,,,1.006,,,,,,,,,,,,,,,,,,,,,,,,,,,,,,,,,,,,,,,,,,,,,,,,,,,,,,,,,,,,,,,,,,,,,,,,,,,,,,,,,,,,,,,,,,,,,,,,,,,,,,,,,,,,,,,,,,,,,,,,,,,,,,,,,,,,,,,,,,,,,,,,,,,,,,,,,,,,,,,,,,,,,,,,,,,,,,,,,,,,,,,,,,,,,,,,,,,,,,,,,,,,,,,,,,,,,,,,,,,,,,,,,,,,,,,,,,,,,,,,,,,,,,,,,,,,,,,,,,,,,,,,,,,,,,,,,,,,,,,,,,,,,,,,,,,,,,,,,,,,,,,,,,,,,,,,,,,,,,,,,,,,,,,,,,,,,,,,,,,,,,,,,,,,,,,,,,,,,,,,,,,,,,,,,,,,,,,,,,,,,,,,,,,,,,,,,,,,,,,,,,,,,,,,,,,,,,,,,,,,,,,,,,,,,,,,,,,,,,,,,,,,,,,,,,,,,,,,,,,,,,,,,,,,,,,,,,,,,,,,,,,,,,,,,,,,,,,,,,,,,,,,,,,,,,,,,,,,,,,,,,,,,,,,,,,,,,,,,,,,,,,,,,,,,,,,,,,,,,,,,,,,,,,,,,,,,,,,,,,,,,,,,,,,,,,,,,,,,,,,,,,,,,,,,,,,,,,,,,,,,,,,,,,,,,,,,,,,,,,,,,,,,,,,,,,,,,,,,,,,,,,,,,,,,,,,,,,,,,,,
2025121008,,,,,,,,,,,,,,,,,,,,,,,,,,,,,,,,,0.845,,,,,,,,,,,,,,,,,,,,,,,,,,,,,,,,,,,,,,,,,,,,,,,,,,,,,,,,,,,,,,,,,,,,,,,,,,,,,,,,,,,,,,,,,,,,,,,,,,,,,,,,,,,,,,,,,,,,,,,,,,,,,,,,,,,,,,,,,,,,,,,,,,,,,,,,,,,,,,,,,,,,,,,,,,,,,,,,,,,,,,,,,,,,,,,,,,,,,,,,,,,,,,,,,,,,,,,,,,,,,,,,,,,,,,,,,,,,,,,,,,,,,,,,,,,,,,,,,,,,,,,,,,,,,,,,,,,,,,,,,,,,,,,,,,,,,,,,,,,,,,,,,,,,,,,,,,,,,,,,,,,,,,,,,,,,,,,,,,,,,,,,,,,,,,,,,,,,,,,,,,,,,,,,,,,,,,,,,,,,,,,,,,,,,,,,,,,,,,,,,,,,,,,,,,,,,,,,,,,,,,,,,,,,,,,,,,,,,,,,,,,,,,,,,,,,,,,,,,,,,,,,,,,,,,,,,,,,,,,,,,,,,,,,,,,,,,,,,,,,,,,,,,,,,,,,,,,,,,,,,,,,,,,,,,,,,,,,,,,,,,,,,,,,,,,,,,,,,,,,,,,,,,,,,,,,,,,,,,,,,,,,,,,,,,,,,,,,,,,,,,,,,,,,,,,,,,,,,,,,,,,,,,,,,,,,,,,,,,,,,,,,,,,,,,,,,,,,,,,,,,,,,,,,,,,,,,,,,,,,
2025121009,,,,,,,,,,,,,,,,,,,,,,,,,,,,,,,,,1.248,,,,,,,,,,,,,,,,,,,,,,,,,,,,,,,,,,,,,,,,,,,,,,,,,,,,,,,,,,,,,,,,,,,,,,,,,,,,,,,,,,,,,,,,,,,,,,,,,,,,,,,,,,,,,,,,,,,,,,,,,,,,,,,,,,272.66,,,,,,,,,,,,,,,,,,,,,,,,,,,,,,,,,,,,,,,,,,,,,,,,,,,,,,,,,,,,,,,,,,,,,,,,,,,,,,,,,,,,,,,,,,,2.0,2.0,,,,,,,,,,,14.0,15.0,14.0,17.0,20.0,27.0,27.0,0.0,0.0,0.0,0.0,0.0,18.9,,273.79,1.45,,0.0,1.0,,,,,,,,,,,,,,,,,,,,,,,,,,,,,,,,,,,,,,,,,,,,,,,,,,,,,,9.999e+20,7.9,0.8,2.0,3.2,3.2,3.6,4.0,4.0,4.4,4.8,1.2,5.2,6.03813,6.51076,6.97131,7.82419,10.278,13.1885,14.9177,17.1198,22.9709,27.5594,7.87949,6.71257,22.0,14.0,10.0,7.0,2.0,0.0,0.0,27.0,,9.999e+20,9.999e+20,9.999e+20,9.999e+20,9.999e+20,,,,,,,,,,,,,,,,,,,,,,,,,,,,,,,,,,,,,,,,,,,,,,,,,,,,,,,,,,,,,,,,,,,,,,,,,,,,,,,,,,,,,,,,,,,,,,,,,,,,,,,,,,,,,,,,,,,,,,,,,,,,88.0,,79.6,0.0,15.6,0.0,,89.0,,,,,,,,,,,,,,,,,,,,,,,,,,,,,,,,,,,,,,,,,,,,,,,,,,,,,,,,,,,,,3.6,0.9,1.6,0.7,3.4,4.5,6.6,8.5,1864.0,1040.0,1384.0,984.0,1816.0,2424.0,2656.0,2816.0,,,80.0,5.0,,,,,,,275.53,1.45,,,,,,,,,,,,,,,,,,,,,,,,,,,,,,,,,,,,,,,,,,,,,,,,,,,,,,,,,,,,,9.999e+20,260.0,3.2,250.0,9.4,,,,,,4.0,,,,,,,1598.0,260.0,260.0,260.0,,275.1,3.2,0.0,0.8,1.2,1.2,1.6,1.6,2.0,2.0,2.0,0.4,2.4,2.4,2.8,3.2,3.6,4.0,4.4,5.6,6.8,8.8,10.4,3.2,2.4,1.0,0.0,0.0,0.0,31.0,0.0,13.0,5.0,3.6,4.0,
2025121010,,,,,,,,,,,,,,,,,,,,,,,,,,,,,,,,,1.607,,,,,,,,,,,,,,,,,,,,,,,,,,,,,,,,,,,,,,,,,,,,,,,,,,,,,,,,,,,,,,,,,,,,,,,,,,,,,,,,,,,,,,,,,,,,,,,,,,,,,,,,,,,,,,,,,,,,,,,,,,,,,,,,,,,,,,,,,,,,,,,,,,,,,,,,,,,,,,,,,,,,,,,,,,,,,,,,,,,,,,,,,,,,,,,,,,,,,,,,,,,,,,,,,,,,,,,,,,,,,,,,,,,,,,,,,,,,,,,,,,,,,,,,,,,,,,,,,,,,,,,,,,,,,,,,,,,,,,,,,,,,,,,,,,,,,,,,,,,,,,,,,,,,,,,,,,,,,,,,,,,,,,,,,,,,,,,,,,,,,,,,,,,,,,,,,,,,,,,,,,,,,,,,,,,,,,,,,,,,,,,,,,,,,,,,,,,,,,,,,,,,,,,,,,,,,,,,,,,,,,,,,,,,,,,,,,,,,,,,,,,,,,,,,,,,,,,,,,,,,,,,,,,,,,,,,,,,,,,,,,,,,,,,,,,,,,,,,,,,,,,,,,,,,,,,,,,,,,,,,,,,,,,,,,,,,,,,,,,,,,,,,,,,,,,,,,,,,,,,,,,,,,,,,,,,,,,,,,,,,,,,,,,,,,,,,,,,,,,,,,,,,,,,,,,,,,,,,,,,,,,,,,,,,,,,,,,,,,,,,,,,,,,,,,,,,,,,,,,,,,,,,,,,,,,,,,,,,,,,
2025121011,,,,,,,,,,,,,,,,,,,,,,,,,,,,,,,,,0.833,,,,,,,,,,,,,,,,,,,,,,,,,,,,,,,,,,,,,,,,,,,,,,,,,,,,,,,,,,,,,,,,,,,,,,,,,,,,,,,,,,,,,,,,,,,,,,,,,,,,,,,,,,,,,,,,,,,,,,,,,,,,,,,,,,,,,,,,,,,,,,,,,,,,,,,,,,,,,,,,,,,,,,,,,,,,,,,,,,,,,,,,,,,,,,,,,,,,,,,,,,,,,,,,,,,,,,,,,,,,,,,,,,,,,,,,,,,,,,,,,,,,,,,,,,,,,,,,,,,,,,,,,,,,,,,,,,,,,,,,,,,,,,,,,,,,,,,,,,,,,,,,,,,,,,,,,,,,,,,,,,,,,,,,,,,,,,,,,,,,,,,,,,,,,,,,,,,,,,,,,,,,,,,,,,,,,,,,,,,,,,,,,,,,,,,,,,,,,,,,,,,,,,,,,,,,,,,,,,,,,,,,,,,,,,,,,,,,,,,,,,,,,,,,,,,,,,,,,,,,,,,,,,,,,,,,,,,,,,,,,,,,,,,,,,,,,,,,,,,,,,,,,,,,,,,,,,,,,,,,,,,,,,,,,,,,,,,,,,,,,,,,,,,,,,,,,,,,,,,,,,,,,,,,,,,,,,,,,,,,,,,,,,,,,,,,,,,,,,,,,,,,,,,,,,,,,,,,,,,,,,,,,,,,,,,,,,,,,,,,,,,,,,,,,,,,,,,,,,,,,,,,,,,,,,,,,,,,,,,,
2025121012,13.581,0.0,0.0,0.097,1.394,2.514,3.719,5.371,6.793,8.152,0.0,9.591,11.239,13.188,15.03,17.552,19.945,22.333,26.415,32.977,40.873,67.444,84.0,0.0,41.0,0.0,27.0,75.0,16.0,3.0,61.0,0.0,1.595,,27.957,0.0,4.024,6.839,9.138,11.205,13.085,15.222,17.276,19.545,0.736,21.868,24.492,28.154,31.198,34.33,38.091,42.479,49.257,58.493,74.569,117.976,95.0,1.0,71.0,1.0,0.0,0.0,43.0,14.0,86.0,5.0,53.273,0.363,11.411,17.544,23.158,27.79,31.355,35.15,39.552,43.807,5.086,47.75,51.559,55.867,60.397,64.631,71.002,77.824,86.605,99.197,124.03,185.695,89.0,4.0,97.0,1.0,77.0,0.0,0.0,0.0,46.0,21.0,14.478,0.0,0.0,0.0,0.111,0.892,1.586,2.373,3.231,4.021,0.0,4.893,5.909,7.271,8.837,10.115,11.401,13.375,15.977,19.212,23.68,36.395,79.0,21.0,10.0,64.0,4.0,1.0,0.0,43.0,0.0,0.0,62.778,4.137,15.388,21.703,27.744,33.855,39.594,44.296,49.106,53.745,8.801,57.885,63.321,67.815,72.665,76.978,83.967,91.807,100.545,112.422,133.999,188.028,7.0,1.0,82.0,0.0,0.0,58.0,0.0,97.0,0.0,31.0,272.59,,,,,,,,,,,,,,,,,,,0.018,0.0,0.0,0.0,0.0,0.02,0.046,0.084,52.0,30.0,17.0,8.0,3.0,0.0,0.0,0.0,0.0,0.0,0.025,0.0,0.0,0.0,0.003,0.041,0.071,0.099,40.0,28.0,13.0,5.0,3.0,0.0,0.0,0.0,0.0,0.0,0.005,0.0,0.0,0.0,0.0,0.0,0.008,0.03,25.0,10.0,3.0,2.0,2.0,1.0,0.0,0.0,0.0,0.0,0.03,0.0,0.0,0.0,0.013,0.046,0.074,0.099,54.0,19.0,11.0,6.0,1.0,0.0,0.0,0.0,0.0,0.0,3.0,2.0,,,,,,,,,,,13.0,16.0,13.0,18.0,21.0,28.0,29.0,0.0,0.0,0.0,0.0,0.0,19.2,,274.4,1.09,,0.0,1.0,,0.0,0.0,0.0,0.0,0.0,0.0,0.0,0.0,1.0,0.0,0.0,0.0,0.0,0.0,0.0,0.0,0.0,0.0,0.0,0.0,1.0,0.0,0.0,0.0,0.0,0.0,0.0,0.0,0.0,0.0,0.0,0.0,0.0,0.0,0.0,0.0,0.0,0.0,0.0,0.0,0.0,0.0,0.0,0.0,0.0,0.0,1.0,0.0,0.0,0.0,0.0,4.0,9.999e+20,8.7,0.8,2.4,3.2,3.2,4.0,4.4,4.8,5.2,5.6,1.6,6.0,6.84791,7.72933,8.61033,9.48253,11.5581,13.2915,16.2343,18.8082,24.7049,28.042,8.71128,6.66506,27.0,18.0,13.0,8.0,6.0,1.0,0.0,33.0,2.0,9.999e+20,9.999e+20,9.999e+20,9.999e+20,9.999e+20,,,,,,,,,,,,,,,,,,,,,,,,,,,,,,,,,,,,,,,,,,,,,,,,,,,,,,,,,,,,,,,,,,,,,,,,,,,,,,,,,,,,,,,,,,,,,,,,,,,,,,,,,,,,,,,,,,,,,,,,,,,,64.0,8.0,79.6,0.0,15.6,0.0,,90.0,,,,,,,,,,,,,,,,,,,,,,,,,,,,,,,,,,,,,,,,,,,,,,,,,,,,,,,,,,,,,3.5,0.7,1.3,0.5,2.5,4.4,7.1,10.6,1976.0,1096.0,1440.0,1016.0,2064.0,2520.0,2792.0,2984.0,,,81.0,6.0,,,,274.13,1.15,,275.94,1.09,,,,,,,,,,,,,,,,,,,,,,,,,,,,,,,,,,,,,,,,,,,,,,,,,,,,,,,,,,,,,9.999e+20,260.0,3.6,250.0,9.0,18.0,3.0,,,1.0,4.0,,,,,,,1336.0,260.0,260.0,260.0,,275.5,3.6,0.0,0.8,1.2,1.6,1.6,2.0,2.0,2.4,2.8,0.4,2.8,2.8,3.2,3.6,4.0,4.4,4.8,6.0,6.4,8.0,10.8,3.2,2.4,0.0,0.0,0.0,0.0,35.0,0.0,17.0,5.0,4.0,4.4,
2025121013,,,,,,,,,,,,,,,,,,,,,,,,,,,,,,,,,1.214,,,,,,,,,,,,,,,,,,,,,,,,,,,,,,,,,,,,,,,,,,,,,,,,,,,,,,,,,,,,,,,,,,,,,,,,,,,,,,,,,,,,,,,,,,,,,,,,,,,,,,,,,,,,,,,,,,,,,,,,,,,,,,,,,,,,,,,,,,,,,,,,,,,,,,,,,,,,,,,,,,,,,,,,,,,,,,,,,,,,,,,,,,,,,,,,,,,,,,,,,,,,,,,,,,,,,,,,,,,,,,,,,,,,,,,,,,,,,,,,,,,,,,,,,,,,,,,,,,,,,,,,,,,,,,,,,,,,,,,,,,,,,,,,,,,,,,,,,,,,,,,,,,,,,,,,,,,,,,,,,,,,,,,,,,,,,,,,,,,,,,,,,,,,,,,,,,,,,,,,,,,,,,,,,,,,,,,,,,,,,,,,,,,,,,,,,,,,,,,,,,,,,,,,,,,,,,,,,,,,,,,,,,,,,,,,,,,,,,,,,,,,,,,,,,,,,,,,,,,,,,,,,,,,,,,,,,,,,,,,,,,,,,,,,,,,,,,,,,,,,,,,,,,,,,,,,,,,,,,,,,,,,,,,,,,,,,,,,,,,,,,,,,,,,,,,,,,,,,,,,,,,,,,,,,,,,,,,,,,,,,,,,,,,,,,,,,,,,,,,,,,,,,,,,,,,,,,,,,,,,,,,,,,,,,,,,,,,,,,,,,,,,,,,,,,,,,,,,,,,,,,,,,,,,,,,,,,,,,,,
2025121014,,,,,,,,,,,,,,,,,,,,,,,,,,,,,,,,,1.178,,,,,,,,,,,,,,,,,,,,,,,,,,,,,,,,,,,,,,,,,,,,,,,,,,,,,,,,,,,,,,,,,,,,,,,,,,,,,,,,,,,,,,,,,,,,,,,,,,,,,,,,,,,,,,,,,,,,,,,,,,,,,,,,,,,,,,,,,,,,,,,,,,,,,,,,,,,,,,,,,,,,,,,,,,,,,,,,,,,,,,,,,,,,,,,,,,,,,,,,,,,,,,,,,,,,,,,,,,,,,,,,,,,,,,,,,,,,,,,,,,,,,,,,,,,,,,,,,,,,,,,,,,,,,,,,,,,,,,,,,,,,,,,,,,,,,,,,,,,,,,,,,,,,,,,,,,,,,,,,,,,,,,,,,,,,,,,,,,,,,,,,,,,,,,,,,,,,,,,,,,,,,,,,,,,,,,,,,,,,,,,,,,,,,,,,,,,,,,,,,,,,,,,,,,,,,,,,,,,,,,,,,,,,,,,,,,,,,,,,,,,,,,,,,,,,,,,,,,,,,,,,,,,,,,,,,,,,,,,,,,,,,,,,,,,,,,,,,,,,,,,,,,,,,,,,,,,,,,,,,,,,,,,,,,,,,,,,,,,,,,,,,,,,,,,,,,,,,,,,,,,,,,,,,,,,,,,,,,,,,,,,,,,,,,,,,,,,,,,,,,,,,,,,,,,,,,,,,,,,,,,,,,,,,,,,,,,,,,,,,,,,,,,,,,,,,,,,,,,,,,,,,,,,,,,,,,,,,,,,
2025121015,,,,,,,,,,,,,,,,,,,,,,,,,,,,,,,,,1.514,,,,,,,,,,,,,,,,,,,,,,,,,,,,,,,,,,,,,,,,,,,,,,,,,,,,,,,,,,,,,,,,,,,,,,,,,,,,,,,,,,,,,,,,,,,,,,,,,,,,,,,,,,,,,,,,,,,,,,,,,,,,,,,,,,272.69,,,,,,,,,,,,,,,,,,,,,,,,,,,,,,,,,,,,,,,,,,,,,,,,,,,,,,,,,,,,,,,,,,,,,,,,,,,,,,,,,,,,,,,,,,,1.0,2.0,,,,,,,,,,,13.0,16.0,13.0,20.0,24.0,30.0,30.0,0.0,0.0,0.0,0.0,0.0,20.4,,274.72,0.96,,0.0,1.0,,,,,,,,,,,,,,,,,,,,,,,,,,,,,,,,,,,,,,,,,,,,,,,,,,,,,,9.999e+20,9.5,0.8,3.2,4.0,4.4,4.4,4.8,5.2,5.6,6.4505,2.4,6.45905,6.88618,7.31383,7.74308,9.38659,13.852,17.1772,19.7107,20.8237,24.4725,30.2223,9.45068,7.62046,26.0,22.0,18.0,10.0,5.0,2.0,0.0,31.0,,9.999e+20,9.999e+20,9.999e+20,9.999e+20,9.999e+20,,,,,,,,,,,,,,,,,,,,,,,,,,,,,,,,,,,,,,,,,,,,,,,,,,,,,,,,,,,,,,,,,,,,,,,,,,,,,,,,,,,,,,,,,,,,,,,,,,,,,,,,,,,,,,,,,,,,,,,,,,,,248.0,,86.8,0.0,9.6,0.0,,90.0,,,,,,,,,,,,,,,,,,,,,,,,,,,,,,,,,,,,,,,,,,,,,,,,,,,,,,,,,,,,,3.5,0.6,1.2,0.4,2.5,4.5,7.6,10.5,2016.0,1160.0,1568.0,880.0,2184.0,2544.0,2688.0,2832.0,,,83.0,7.0,,,,,,,275.97,1.36,,,,,,,,,,,,,,,,,,,,,,,,,,,,,,,,,,,,,,,,,,,,,,,,,,,,,,,,,,,,,9.999e+20,260.0,4.0,250.0,10.9,,,,,,4.0,,,,,,,3566.0,260.0,260.0,260.0,,275.5,4.0,0.0,1.2,1.6,1.6,2.0,2.0,2.4,2.4,2.8,0.8,2.8,3.2,3.6,3.6,4.0,4.8,6.0,6.4,8.8,10.4,11.3798,3.62551,2.95171,1.0,0.0,0.0,0.0,36.0,0.0,21.0,11.0,4.4,4.8,
2025121016,,,,,,,,,,,,,,,,,,,,,,,,,,,,,,,,,1.32,,,,,,,,,,,,,,,,,,,,,,,,,,,,,,,,,,,,,,,,,,,,,,,,,,,,,,,,,,,,,,,,,,,,,,,,,,,,,,,,,,,,,,,,,,,,,,,,,,,,,,,,,,,,,,,,,,,,,,,,,,,,,,,,,,,,,,,,,,,,,,,,,,,,,,,,,,,,,,,,,,,,,,,,,,,,,,,,,,,,,,,,,,,,,,,,,,,,,,,,,,,,,,,,,,,,,,,,,,,,,,,,,,,,,,,,,,,,,,,,,,,,,,,,,,,,,,,,,,,,,,,,,,,,,,,,,,,,,,,,,,,,,,,,,,,,,,,,,,,,,,,,,,,,,,,,,,,,,,,,,,,,,,,,,,,,,,,,,,,,,,,,,,,,,,,,,,,,,,,,,,,,,,,,,,,,,,,,,,,,,,,,,,,,,,,,,,,,,,,,,,,,,,,,,,,,,,,,,,,,,,,,,,,,,,,,,,,,,,,,,,,,,,,,,,,,,,,,,,,,,,,,,,,,,,,,,,,,,,,,,,,,,,,,,,,,,,,,,,,,,,,,,,,,,,,,,,,,,,,,,,,,,,,,,,,,,,,,,,,,,,,,,,,,,,,,,,,,,,,,,,,,,,,,,,,,,,,,,,,,,,,,,,,,,,,,,,,,,,,,,,,,,,,,,,,,,,,,,,,,,,,,,,,,,,,,,,,,,,,,,,,,,,,,,,,,,,,,,,,,,,,,,,,,,,,,,,,,,,,,
2025121017,,,,,,,,,,,,,,,,,,,,,,,,,,,,,,,,,1.18,,,,,,,,,,,,,,,,,,,,,,,,,,,,,,,,,,,,,,,,,,,,,,,,,,,,,,,,,,,,,,,,,,,,,,,,,,,,,,,,,,,,,,,,,,,,,,,,,,,,,,,,,,,,,,,,,,,,,,,,,,,,,,,,,,,,,,,,,,,,,,,,,,,,,,,,,,,,,,,,,,,,,,,,,,,,,,,,,,,,,,,,,,,,,,,,,,,,,,,,,,,,,,,,,,,,,,,,,,,,,,,,,,,,,,,,,,,,,,,,,,,,,,,,,,,,,,,,,,,,,,,,,,,,,,,,,,,,,,,,,,,,,,,,,,,,,,,,,,,,,,,,,,,,,,,,,,,,,,,,,,,,,,,,,,,,,,,,,,,,,,,,,,,,,,,,,,,,,,,,,,,,,,,,,,,,,,,,,,,,,,,,,,,,,,,,,,,,,,,,,,,,,,,,,,,,,,,,,,,,,,,,,,,,,,,,,,,,,,,,,,,,,,,,,,,,,,,,,,,,,,,,,,,,,,,,,,,,,,,,,,,,,,,,,,,,,,,,,,,,,,,,,,,,,,,,,,,,,,,,,,,,,,,,,,,,,,,,,,,,,,,,,,,,,,,,,,,,,,,,,,,,,,,,,,,,,,,,,,,,,,,,,,,,,,,,,,,,,,,,,,,,,,,,,,,,,,,,,,,,,,,,,,,,,,,,,,,,,,,,,,,,,,,,,,,,,,,,,,,,,,,,,,,,,,,,,,,,,,,,
2025121018,14.841,0.0,0.428,1.797,2.966,4.285,5.361,6.731,8.133,9.369,0.0,10.943,12.754,14.846,16.44,18.563,20.591,23.744,28.422,35.239,44.536,60.605,91.0,0.0,45.0,0.0,29.0,82.0,18.0,3.0,66.0,0.0,1.323,,,,,,,,,,,,,,,,,,,,,,,,,,,,,,,,,,,,,,,,,,,,,,,,,,,,,,,,,,,,,,,,,,14.732,0.0,0.0,0.001,0.536,1.191,1.782,2.509,3.32,4.055,0.0,4.968,6.149,7.495,8.82,10.162,12.206,13.977,16.663,19.372,24.548,36.184,82.0,24.0,11.0,65.0,4.0,1.0,0.0,44.0,0.0,0.0,,,,,,,,,,,,,,,,,,,,,,,,,,,,,,,,,272.36,,,,,,,,,,,,,,,,,,,0.018,,,,,,,,,,,,,,,,,,0.028,,,,,,,,,,,,,,,,,,0.005,0.0,0.0,0.0,0.0,0.0,0.013,0.025,24.0,9.0,4.0,3.0,1.0,1.0,0.0,0.0,0.0,0.0,0.036,,,,,,,,,,,,,,,,,,2.0,2.0,,,,,,,,,,,11.0,16.0,11.0,21.0,26.0,33.0,33.0,0.0,0.0,0.0,0.0,0.0,21.4,,275.76,1.34,,3.0,3.0,,0.0,,,,,,,,,,,,,,,,,,,,,,,,,0.0,0.0,0.0,0.0,0.0,0.0,0.0,0.0,0.0,0.0,0.0,0.0,0.0,0.0,,,,,,,,,,,,,5.2,9.999e+20,10.3,2.8,4.0,4.4,4.8,5.6,5.6,6.0,6.4,7.2,3.2,7.6,8.17157,9.02652,9.93201,11.1863,12.8266,15.2927,19.3984,22.2735,25.6565,27.7889,10.276,7.1378,30.0,20.0,16.0,13.0,7.0,1.0,1.0,41.0,2.0,9.999e+20,9.999e+20,9.999e+20,9.999e+20,9.999e+20,,,,,,,,,,,,,,,,,,,,,,,,,,,,,,,,,,,,,,,,,,,,,,,,,,,,,,,,,,,,,,,,,,,,,,,,,,,,,,,,,,,,,,,,,,,,,,,,,,,,,,,,,,,,,,,,,,,,,,,,,,95.0,,208.0,,81.6,0.0,14.8,0.0,,95.0,,,,,,,,,,,,,,,,,,,,,,,,,,,,,,,,,,,,,,,,,,,,,,,,,,,,,,,,,,,,,3.5,0.5,0.9,0.4,1.9,4.1,8.9,12.3,2064.0,1192.0,1560.0,896.0,2280.0,2600.0,2728.0,2832.0,,,78.0,9.0,,,,,,2.24792,276.64,1.34,,,,,,,,,,,,,,,,,,,,,,,,,,,,,,,274.21,268.858,272.066,272.432,272.813,273.293,273.263,273.553,273.897,273.809,271.64,274.02,274.164,274.555,274.63,275.018,275.27,275.537,276.038,276.566,279.294,280.663,0.0,0.0,0.0,0.0,0.0,3.0,24.0,0.0,9.999e+20,260.0,4.9,250.0,7.6,,2.0,,,1.0,4.0,,,,,,,2169.0,260.0,260.0,260.0,,276.2,4.9,1.2,1.6,2.0,2.4,2.4,2.8,2.8,3.2,3.6,1.6,4.0,4.0,4.4,4.8,5.6,6.8,7.6,8.4,9.2,10.4,12.2654,4.85126,2.9562,2.0,1.0,0.0,0.0,56.0,0.0,30.0,12.0,5.3,6.1,
2025121019,,,,,,,,,,,,,,,,,,,,,,,,,,,,,,,,,1.161,,,,,,,,,,,,,,,,,,,,,,,,,,,,,,,,,,,,,,,,,,,,,,,,,,,,,,,,,,,,,,,,,,,,,,,,,,,,,,,,,,,,,,,,,,,,,,,,,,,,,,,,,,,,,,,,,,,,,,,,,,,,,,,,,,,,,,,,,,,,,,,,,,,,,,,,,,,,,,,,,,,,,,,,,,,,,,,,,,,,,,,,,,,,,,,,,,,,,,,,,,,,,,,,,,,,,,,,,,,,,,,,,,,,,,,,,,,,,,,,,,,,,,,,,,,,,,,,,,,,,,,,,,,,,,,,,,,,,,,,,,,,,,,,,,,,,,,,,,,,,,,,,,,,,,,,,,,,,,,,,,,,,,,,,,,,,,,,,,,,,,,,,,,,,,,,,,,,,,,,,,,,,,,,,,,,,,,,,,,,,,,,,,,,,,,,,,,,,,,,,,,,,,,,,,,,,,,,,,,,,,,,,,,,,,,,,,,,,,,,,,,,,,,,,,,,,,,,,,,,,,,,,,,,,,,,,,,,,,,,,,,,,,,,,,,,,,,,,,,,,,,,,,,,,,,,,,,,,,,,,,,,,,,,,,,,,,,,,,,,,,,,,,,,,,,,,,,,,,,,,,,,,,,,,,,,,,,,,,,,,,,,,,,,,,,,,,,,,,,,,,,,,,,,,,,,,,,,,,,,,,,,,,,,,,,,,,,,,,,,,,,,,,,,,,,,,,,,,,,,,,,,,,,,,,,,,,,,,,,,
2025121020,,,,,,,,,,,,,,,,,,,,,,,,,,,,,,,,,1.401,,,,,,,,,,,,,,,,,,,,,,,,,,,,,,,,,,,,,,,,,,,,,,,,,,,,,,,,,,,,,,,,,,,,,,,,,,,,,,,,,,,,,,,,,,,,,,,,,,,,,,,,,,,,,,,,,,,,,,,,,,,,,,,,,,,,,,,,,,,,,,,,,,,,,,,,,,,,,,,,,,,,,,,,,,,,,,,,,,,,,,,,,,,,,,,,,,,,,,,,,,,,,,,,,,,,,,,,,,,,,,,,,,,,,,,,,,,,,,,,,,,,,,,,,,,,,,,,,,,,,,,,,,,,,,,,,,,,,,,,,,,,,,,,,,,,,,,,,,,,,,,,,,,,,,,,,,,,,,,,,,,,,,,,,,,,,,,,,,,,,,,,,,,,,,,,,,,,,,,,,,,,,,,,,,,,,,,,,,,,,,,,,,,,,,,,,,,,,,,,,,,,,,,,,,,,,,,,,,,,,,,,,,,,,,,,,,,,,,,,,,,,,,,,,,,,,,,,,,,,,,,,,,,,,,,,,,,,,,,,,,,,,,,,,,,,,,,,,,,,,,,,,,,,,,,,,,,,,,,,,,,,,,,,,,,,,,,,,,,,,,,,,,,,,,,,,,,,,,,,,,,,,,,,,,,,,,,,,,,,,,,,,,,,,,,,,,,,,,,,,,,,,,,,,,,,,,,,,,,,,,,,,,,,,,,,,,,,,,,,,,,,,,,,,,,,,,,,,,,,,,,,,,,,,,,,,,,,,,,,
2025121021,,,,,,,,,,,,,,,,,,,,,,,,,,,,,,,,,1.317,,,,,,,,,,,,,,,,,,,,,,,,,,,,,,,,,,,,,,,,,,,,,,,,,,,,,,,,,,,,,,,,,,,,,,,,,,,,,,,,,,,,,,,,,,,,,,,,,,,,,,,,,,,,,,,,,,,,,,,,,,,,,,,,,,273.54,,,,,,,,,,,,,,,,,,,,,,,,,,,,,,,,,,,,,,,,,,,,,,,,,,,,,,,,,,,,,,,,,,,,,,,,,,,,,,,,,,,,,,,,,,,5.0,6.0,,,,,,,,,,,11.0,17.0,11.0,22.0,27.0,30.0,30.0,0.0,0.0,0.0,0.0,0.0,21.6,,276.85,2.03,,25.0,3.0,,,,,,,,,,,,,,,,,,,,,,,,,,,,,,,,,,,,,,,,,,,,,,,,,,,,,,9.999e+20,10.9,2.0,4.0,4.8,5.6,6.0,6.4,6.8,7.01739,7.45662,2.8,7.88384,8.70522,9.17287,10.0533,11.3366,13.0052,16.0473,20.273,23.5174,24.6037,29.6684,10.5425,7.14308,31.0,21.0,19.0,15.0,6.0,2.0,1.0,45.0,,9.999e+20,9.999e+20,9.999e+20,9.999e+20,9.999e+20,,,,,,,,,,,,,,,,,,,,,,,,,,,,,,,,,,,,,,,,,,,,,,,,,,,,,,,,,,,,,,,,,,,,,,,,,,,,,,,,,,,,,,,,,,,,,,,,,,,,,,,,,,,,,,,,,,,,,,,,,,,,544.0,,80.4,0.0,16.0,0.0,,96.0,,,,,,,,,,,,,,,,,,,,,,,,,,,,,,,,,,,,,,,,,,,,,,,,,,,,,,,,,,,,,3.6,0.4,0.9,0.3,1.7,4.1,9.5,11.9,2080.0,1160.0,1720.0,944.0,2336.0,2568.0,2744.0,2840.0,,,73.0,11.0,,,,,,,277.24,2.02,,,,,,,,,,,,,,,,,,,,,,,,,,,,,,,,,,,,,,,,,,,,,,,,,,,,,,,,,,,,,9.999e+20,260.0,4.9,260.0,10.6,,,,,,4.0,,,,,,,6686.0,260.0,260.0,260.0,,277.6,4.9,0.4,1.6,2.0,2.4,2.8,2.8,3.2,3.2,3.6,0.8,4.0,4.4,4.8,5.2,5.6,6.4,7.2,8.8,9.6,11.698,12.2864,4.88713,3.37218,6.0,1.0,1.0,0.0,55.0,0.0,31.0,17.0,5.7,6.1,
2025121022,,,,,,,,,,,,,,,,,,,,,,,,,,,,,,,,,1.041,,,,,,,,,,,,,,,,,,,,,,,,,,,,,,,,,,,,,,,,,,,,,,,,,,,,,,,,,,,,,,,,,,,,,,,,,,,,,,,,,,,,,,,,,,,,,,,,,,,,,,,,,,,,,,,,,,,,,,,,,,,,,,,,,,,,,,,,,,,,,,,,,,,,,,,,,,,,,,,,,,,,,,,,,,,,,,,,,,,,,,,,,,,,,,,,,,,,,,,,,,,,,,,,,,,,,,,,,,,,,,,,,,,,,,,,,,,,,,,,,,,,,,,,,,,,,,,,,,,,,,,,,,,,,,,,,,,,,,,,,,,,,,,,,,,,,,,,,,,,,,,,,,,,,,,,,,,,,,,,,,,,,,,,,,,,,,,,,,,,,,,,,,,,,,,,,,,,,,,,,,,,,,,,,,,,,,,,,,,,,,,,,,,,,,,,,,,,,,,,,,,,,,,,,,,,,,,,,,,,,,,,,,,,,,,,,,,,,,,,,,,,,,,,,,,,,,,,,,,,,,,,,,,,,,,,,,,,,,,,,,,,,,,,,,,,,,,,,,,,,,,,,,,,,,,,,,,,,,,,,,,,,,,,,,,,,,,,,,,,,,,,,,,,,,,,,,,,,,,,,,,,,,,,,,,,,,,,,,,,,,,,,,,,,,,,,,,,,,,,,,,,,,,,,,,,,,,,,,,,,,,,,,,,,,,,,,,,,,,,,,,,,,,,,,,,,,,,,,,,,,,,,,,,,,,,,,,,,,,,
2025121023,,,,,,,,,,,,,,,,,,,,,,,,,,,,,,,,,0.793,,,,,,,,,,,,,,,,,,,,,,,,,,,,,,,,,,,,,,,,,,,,,,,,,,,,,,,,,,,,,,,,,,,,,,,,,,,,,,,,,,,,,,,,,,,,,,,,,,,,,,,,,,,,,,,,,,,,,,,,,,,,,,,,,,,,,,,,,,,,,,,,,,,,,,,,,,,,,,,,,,,,,,,,,,,,,,,,,,,,,,,,,,,,,,,,,,,,,,,,,,,,,,,,,,,,,,,,,,,,,,,,,,,,,,,,,,,,,,,,,,,,,,,,,,,,,,,,,,,,,,,,,,,,,,,,,,,,,,,,,,,,,,,,,,,,,,,,,,,,,,,,,,,,,,,,,,,,,,,,,,,,,,,,,,,,,,,,,,,,,,,,,,,,,,,,,,,,,,,,,,,,,,,,,,,,,,,,,,,,,,,,,,,,,,,,,,,,,,,,,,,,,,,,,,,,,,,,,,,,,,,,,,,,,,,,,,,,,,,,,,,,,,,,,,,,,,,,,,,,,,,,,,,,,,,,,,,,,,,,,,,,,,,,,,,,,,,,,,,,,,,,,,,,,,,,,,,,,,,,,,,,,,,,,,,,,,,,,,,,,,,,,,,,,,,,,,,,,,,,,,,,,,,,,,,,,,,,,,,,,,,,,,,,,,,,,,,,,,,,,,,,,,,,,,,,,,,,,,,,,,,,,,,,,,,,,,,,,,,,,,,,,,,,,,,,,,,,,,,,,,,,,,,,,,,,,,,,,,,,
2025121100,13.513,0.0,0.072,0.959,1.724,2.689,3.947,5.033,6.359,7.985,0.0,9.525,11.1,12.533,14.358,16.802,19.863,23.104,27.854,33.262,40.433,65.346,89.0,0.0,39.0,0.0,26.0,76.0,17.0,2.0,60.0,0.0,1.165,,28.913,0.0,4.313,6.964,9.845,11.968,14.296,16.475,18.473,21.131,1.189,24.14,26.753,29.768,33.385,35.961,39.784,45.053,50.959,59.055,73.776,103.887,97.0,1.0,73.0,0.0,0.0,0.0,48.0,15.0,86.0,4.0,,,,,,,,,,,,,,,,,,,,,,,,,,,,,,,,,9.906,0.0,0.0,0.0,0.0,0.366,0.898,1.358,1.957,2.531,0.0,3.408,4.39,5.281,6.503,7.883,9.549,11.142,13.792,16.797,21.076,35.087,77.0,17.0,6.0,55.0,3.0,1.0,0.0,35.0,0.0,0.0,,,,,,,,,,,,,,,,,,,,,,,,,,,,,,,,,272.39,,,,,,,,,,,,,,,,,,,0.02,0.0,0.0,0.0,0.0,0.013,0.061,0.097,51.0,27.0,18.0,7.0,3.0,2.0,1.0,0.0,0.0,0.0,0.036,0.0,0.0,0.0,0.005,0.061,0.097,0.132,44.0,36.0,17.0,8.0,4.0,1.0,0.0,0.0,0.0,0.0,0.008,0.0,0.0,0.0,0.0,0.0,0.01,0.025,20.0,7.0,3.0,3.0,1.0,0.0,0.0,0.0,0.0,0.0,0.036,0.0,0.0,0.0,0.008,0.061,0.097,0.132,46.0,19.0,9.0,5.0,1.0,0.0,0.0,0.0,0.0,0.0,5.0,5.0,,,,,,,,,,,14.0,17.0,14.0,22.0,26.0,30.0,30.0,0.0,0.0,0.0,0.0,0.0,21.7,,275.44,2.4,,23.0,3.0,,0.0,0.0,0.0,0.0,0.0,0.0,0.0,0.0,1.0,0.0,0.0,0.0,0.0,0.0,0.0,0.0,0.0,0.0,0.0,0.0,1.0,0.0,0.0,0.0,0.0,0.0,0.0,0.0,0.0,0.0,0.0,0.0,0.0,0.0,0.0,0.0,0.0,0.0,0.0,0.0,0.0,0.0,0.0,0.0,0.0,0.0,1.0,0.0,0.0,0.0,0.0,4.2,9.999e+20,10.4,2.0,3.6,4.4,4.8,5.2,5.6,6.0,6.4,6.92435,2.8,7.43558,7.5333,8.77566,9.67099,10.9548,11.8271,17.0759,19.5828,23.6881,24.7068,31.5822,10.4425,7.52627,29.0,22.0,19.0,15.0,7.0,2.0,1.0,41.0,2.0,9.999e+20,9.999e+20,9.999e+20,9.999e+20,9.999e+20,,,,,,,,,,,,,,,,,,,,,,,,,,,,,,,,,,,,,,,,,,,,,,,,,,,,,,,,,,,,,,,,,,,,,,,,,,,,,,,,,,,,,,,,,,,,,,,,,,,,,,,,,,,,,,,,,,,,,,,,,,,,360.0,8.0,78.0,0.0,14.4,0.0,,94.0,,,,,,,,,,,,,,,,,,,,,,,,,,,,,,,,,,,,,,,,,,,,,,,,,,,,,,,,,,,,,4.0,0.4,0.8,0.3,1.5,4.6,11.2,14.2,2032.0,952.0,1496.0,776.0,2344.0,2584.0,2800.0,2912.0,,,67.0,21.0,,278.66,1.07,,,,276.39,2.41,,,,,,,,,,,,,,,,,,,,,,,,,,,,,,,,,,,,,,,,,,,,,,,,,,,,,,,,,,,,,9.999e+20,270.0,4.4,280.0,6.5,14.0,3.0,,,3.0,4.0,,,,,,,2903.0,270.0,270.0,270.0,,275.8,4.4,0.8,1.2,1.6,2.0,2.4,2.4,2.4,2.8,3.2,1.2,3.2,3.6,4.0,4.8,4.8,5.6,6.0,7.6,9.6,10.4,12.5378,4.41685,3.29078,3.0,1.0,0.0,0.0,44.0,0.0,25.0,13.0,4.8,5.6,
2025121101,,,,,,,,,,,,,,,,,,,,,,,,,,,,,,,,,1.181,,,,,,,,,,,,,,,,,,,,,,,,,,,,,,,,,,,,,,,,,,,,,,,,,,,,,,,,,,,,,,,,,,,,,,,,,,,,,,,,,,,,,,,,,,,,,,,,,,,,,,,,,,,,,,,,,,,,,,,,,,,,,,,,,,,,,,,,,,,,,,,,,,,,,,,,,,,,,,,,,,,,,,,,,,,,,,,,,,,,,,,,,,,,,,,,,,,,,,,,,,,,,,,,,,,,,,,,,,,,,,,,,,,,,,,,,,,,,,,,,,,,,,,,,,,,,,,,,,,,,,,,,,,,,,,,,,,,,,,,,,,,,,,,,,,,,,,,,,,,,,,,,,,,,,,,,,,,,,,,,,,,,,,,,,,,,,,,,,,,,,,,,,,,,,,,,,,,,,,,,,,,,,,,,,,,,,,,,,,,,,,,,,,,,,,,,,,,,,,,,,,,,,,,,,,,,,,,,,,,,,,,,,,,,,,,,,,,,,,,,,,,,,,,,,,,,,,,,,,,,,,,,,,,,,,,,,,,,,,,,,,,,,,,,,,,,,,,,,,,,,,,,,,,,,,,,,,,,,,,,,,,,,,,,,,,,,,,,,,,,,,,,,,,,,,,,,,,,,,,,,,,,,,,,,,,,,,,,,,,,,,,,,,,,,,,,,,,,,,,,,,,,,,,,,,,,,,,,,,,,,,,,,,,,,,,,,,,,,,,,,,,,,,,,,,,,,,,,,,,,,,,,,,,,,,,,,,,,,,,
2025121102,,,,,,,,,,,,,,,,,,,,,,,,,,,,,,,,,0.926,,,,,,,,,,,,,,,,,,,,,,,,,,,,,,,,,,,,,,,,,,,,,,,,,,,,,,,,,,,,,,,,,,,,,,,,,,,,,,,,,,,,,,,,,,,,,,,,,,,,,,,,,,,,,,,,,,,,,,,,,,,,,,,,,,,,,,,,,,,,,,,,,,,,,,,,,,,,,,,,,,,,,,,,,,,,,,,,,,,,,,,,,,,,,,,,,,,,,,,,,,,,,,,,,,,,,,,,,,,,,,,,,,,,,,,,,,,,,,,,,,,,,,,,,,,,,,,,,,,,,,,,,,,,,,,,,,,,,,,,,,,,,,,,,,,,,,,,,,,,,,,,,,,,,,,,,,,,,,,,,,,,,,,,,,,,,,,,,,,,,,,,,,,,,,,,,,,,,,,,,,,,,,,,,,,,,,,,,,,,,,,,,,,,,,,,,,,,,,,,,,,,,,,,,,,,,,,,,,,,,,,,,,,,,,,,,,,,,,,,,,,,,,,,,,,,,,,,,,,,,,,,,,,,,,,,,,,,,,,,,,,,,,,,,,,,,,,,,,,,,,,,,,,,,,,,,,,,,,,,,,,,,,,,,,,,,,,,,,,,,,,,,,,,,,,,,,,,,,,,,,,,,,,,,,,,,,,,,,,,,,,,,,,,,,,,,,,,,,,,,,,,,,,,,,,,,,,,,,,,,,,,,,,,,,,,,,,,,,,,,,,,,,,,,,,,,,,,,,,,,,,,,,,,,,,,,,,,,,,,
2025121103,,,,,,,,,,,,,,,,,,,,,,,,,,,,,,,,,0.819,,,,,,,,,,,,,,,,,,,,,,,,,,,,,,,,,,,,,,,,,,,,,,,,,,,,,,,,,,,,,,,,,,,,,,,,,,,,,,,,,,,,,,,,,,,,,,,,,,,,,,,,,,,,,,,,,,,,,,,,,,,,,,,,,,271.66,,,,,,,,,,,,,,,,,,,,,,,,,,,,,,,,,,,,,,,,,,,,,,,,,,,,,,,,,,,,,,,,,,,,,,,,,,,,,,,,,,,,,,,,,,,1.0,1.0,,,,,,,,,,,16.0,18.0,15.0,22.0,28.0,30.0,30.0,0.0,0.0,0.0,0.0,0.0,22.6,,274.36,2.88,,0.0,3.0,,,,,,,,,,,,,,,,,,,,,,,,,,,,,,,,,,,,,,,,,,,,,,,,,,,,,,9.999e+20,10.4,2.8,4.0,4.4,4.8,5.2,5.6,6.0,6.4,7.2,3.6,7.2,8.02022,8.56492,9.81947,11.9012,14.0214,17.033,18.8281,20.2745,24.276,27.512,10.0039,6.82462,31.0,22.0,17.0,10.0,5.0,0.0,0.0,38.0,,9.999e+20,9.999e+20,9.999e+20,9.999e+20,9.999e+20,,,,,,,,,,,,,,,,,,,,,,,,,,,,,,,,,,,,,,,,,,,,,,,,,,,,,,,,,,,,,,,,,,,,,,,,,,,,,,,,,,,,,,,,,,,,,,,,,,,,,,,,,,,,,,,,,,,,,,,,,,,,96.0,,68.4,1.2,16.8,0.0,,92.0,,,,,,,,,,,,,,,,,,,,,,,,,,,,,,,,,,,,,,,,,,,,,,,,,,,,,,,,,,,,,4.1,0.4,0.8,0.3,1.5,5.3,10.6,13.7,1976.0,848.0,1416.0,616.0,2328.0,2656.0,2760.0,2896.0,,,62.0,32.0,,,,,,,275.59,2.88,,,,,,,,,,,,,,,,,,,,,,,,,,,,,,,,,,,,,,,,,,,,,,,,,,,,,,,,,,,,,9.999e+20,270.0,4.4,280.0,8.0,,,,,,4.0,,,,,,,1440.0,270.0,270.0,270.0,,275.0,4.4,1.2,2.0,2.0,2.4,2.4,2.4,2.8,2.8,3.2,1.6,3.6,3.6,4.0,4.4,4.8,5.6,6.4,7.2,8.4,9.6,11.2748,4.44067,2.63706,1.0,0.0,0.0,0.0,49.0,0.0,24.0,9.0,4.8,5.6,
2025121104,,,,,,,,,,,,,,,,,,,,,,,,,,,,,,,,,0.956,,,,,,,,,,,,,,,,,,,,,,,,,,,,,,,,,,,,,,,,,,,,,,,,,,,,,,,,,,,,,,,,,,,,,,,,,,,,,,,,,,,,,,,,,,,,,,,,,,,,,,,,,,,,,,,,,,,,,,,,,,,,,,,,,,,,,,,,,,,,,,,,,,,,,,,,,,,,,,,,,,,,,,,,,,,,,,,,,,,,,,,,,,,,,,,,,,,,,,,,,,,,,,,,,,,,,,,,,,,,,,,,,,,,,,,,,,,,,,,,,,,,,,,,,,,,,,,,,,,,,,,,,,,,,,,,,,,,,,,,,,,,,,,,,,,,,,,,,,,,,,,,,,,,,,,,,,,,,,,,,,,,,,,,,,,,,,,,,,,,,,,,,,,,,,,,,,,,,,,,,,,,,,,,,,,,,,,,,,,,,,,,,,,,,,,,,,,,,,,,,,,,,,,,,,,,,,,,,,,,,,,,,,,,,,,,,,,,,,,,,,,,,,,,,,,,,,,,,,,,,,,,,,,,,,,,,,,,,,,,,,,,,,,,,,,,,,,,,,,,,,,,,,,,,,,,,,,,,,,,,,,,,,,,,,,,,,,,,,,,,,,,,,,,,,,,,,,,,,,,,,,,,,,,,,,,,,,,,,,,,,,,,,,,,,,,,,,,,,,,,,,,,,,,,,,,,,,,,,,,,,,,,,,,,,,,,,,,,,,,,,,,,,,,,,,,,,,,,,,,,,,,,,,,,,,,,,,,,,,,
2025121105,,,,,,,,,,,,,,,,,,,,,,,,,,,,,,,,,0.752,,,,,,,,,,,,,,,,,,,,,,,,,,,,,,,,,,,,,,,,,,,,,,,,,,,,,,,,,,,,,,,,,,,,,,,,,,,,,,,,,,,,,,,,,,,,,,,,,,,,,,,,,,,,,,,,,,,,,,,,,,,,,,,,,,,,,,,,,,,,,,,,,,,,,,,,,,,,,,,,,,,,,,,,,,,,,,,,,,,,,,,,,,,,,,,,,,,,,,,,,,,,,,,,,,,,,,,,,,,,,,,,,,,,,,,,,,,,,,,,,,,,,,,,,,,,,,,,,,,,,,,,,,,,,,,,,,,,,,,,,,,,,,,,,,,,,,,,,,,,,,,,,,,,,,,,,,,,,,,,,,,,,,,,,,,,,,,,,,,,,,,,,,,,,,,,,,,,,,,,,,,,,,,,,,,,,,,,,,,,,,,,,,,,,,,,,,,,,,,,,,,,,,,,,,,,,,,,,,,,,,,,,,,,,,,,,,,,,,,,,,,,,,,,,,,,,,,,,,,,,,,,,,,,,,,,,,,,,,,,,,,,,,,,,,,,,,,,,,,,,,,,,,,,,,,,,,,,,,,,,,,,,,,,,,,,,,,,,,,,,,,,,,,,,,,,,,,,,,,,,,,,,,,,,,,,,,,,,,,,,,,,,,,,,,,,,,,,,,,,,,,,,,,,,,,,,,,,,,,,,,,,,,,,,,,,,,,,,,,,,,,,,,,,,,,,,,,,,,,,,,,,,,,,,,,,,,,,,,,,
2025121106,10.605,0.0,0.0,0.022,0.774,1.617,2.487,3.301,4.077,5.288,0.0,6.609,8.138,9.581,11.216,13.439,15.855,17.982,21.14,25.329,34.575,59.271,83.0,0.0,32.0,0.0,18.0,70.0,10.0,2.0,51.0,0.0,0.792,,,,,,,,,,,,,,,,,,,,,,,,,,,,,,,,,,,,,,,,,,,,,,,,,,,,,,,,,,,,,,,,,,8.89,0.0,0.0,0.0,0.0,0.0,0.128,0.587,0.972,1.584,0.0,2.319,2.917,3.867,4.641,5.771,7.155,8.682,10.899,13.845,18.896,28.041,69.0,11.0,5.0,48.0,1.0,0.0,0.0,28.0,0.0,0.0,,,,,,,,,,,,,,,,,,,,,,,,,,,,,,,,,271.22,,,,,,,,,,,,,,,,,,,0.02,,,,,,,,,,,,,,,,,,0.041,,,,,,,,,,,,,,,,,,0.005,0.0,0.0,0.0,0.0,0.0,0.018,0.028,23.0,10.0,4.0,3.0,2.0,0.0,0.0,0.0,0.0,0.0,0.041,,,,,,,,,,,,,,,,,,1.0,1.0,,,,,,,,,,,16.0,20.0,15.0,23.0,29.0,30.0,31.0,0.0,0.0,0.0,0.0,0.0,23.6,,273.66,3.18,,0.0,3.0,,0.0,,,,,,,,,,,,,,,,,,,,,,,,,0.0,0.0,0.0,0.0,0.0,0.0,0.0,0.0,0.0,0.0,0.0,0.0,0.0,0.0,,,,,,,,,,,,,7.2,9.999e+20,10.3,1.2,3.6,4.0,4.8,5.6,6.0,6.4,6.8,7.6,2.4,8.46916,8.91637,9.80647,10.6493,11.958,15.216,16.8828,17.8628,20.0245,23.6459,25.4514,10.2848,6.78095,31.0,24.0,17.0,9.0,4.0,1.0,0.0,46.0,3.0,9.999e+20,9.999e+20,9.999e+20,9.999e+20,9.999e+20,,,,,,,,,,,,,,,,,,,,,,,,,,,,,,,,,,,,,,,,,,,,,,,,,,,,,,,,,,,,,,,,,,,,,,,,,,,,,,,,,,,,,,,,,,,,,,,,,,,,,,,,,,,,,,,,,,,,,,,,,,,87.0,96.0,,66.0,0.0,20.4,0.0,,87.0,,,,,,,,,,,,,,,,,,,,,,,,,,,,,,,,,,,,,,,,,,,,,,,,,,,,,,,,,,,,,4.1,0.4,0.8,0.2,2.0,4.9,11.6,13.2,1928.0,752.0,1264.0,488.0,2248.0,2624.0,2824.0,2960.0,,,61.0,27.0,,,,,,3.00737,275.2,3.19,278.551,273.183,274.608,275.566,275.922,276.791,277.179,276.938,277.751,278.143,273.775,278.392,278.879,279.386,280.041,280.227,280.47,281.423,281.866,282.627,283.168,284.822,0.0,0.0,2.0,0.0,0.0,0.0,0.0,0.0,,,,,,,,,,,,,,,,,,,,,,,,,,,,,,,9.999e+20,270.0,4.4,280.0,6.7,,4.0,,,2.0,3.0,,,,,,,1178.0,270.0,270.0,270.0,,274.6,4.4,0.4,1.6,2.0,2.4,2.4,2.8,2.8,3.2,3.6,1.2,3.6,4.0,4.4,4.8,5.2,6.0,6.4,7.2,8.8,9.6,11.2,4.43028,2.59408,1.0,0.0,0.0,0.0,54.0,0.0,26.0,11.0,5.2,5.6,
2025121107,,,,,,,,,,,,,,,,,,,,,,,,,,,,,,,,,0.701,,,,,,,,,,,,,,,,,,,,,,,,,,,,,,,,,,,,,,,,,,,,,,,,,,,,,,,,,,,,,,,,,,,,,,,,,,,,,,,,,,,,,,,,,,,,,,,,,,,,,,,,,,,,,,,,,,,,,,,,,,,,,,,,,,,,,,,,,,,,,,,,,,,,,,,,,,,,,,,,,,,,,,,,,,,,,,,,,,,,,,,,,,,,,,,,,,,,,,,,,,,,,,,,,,,,,,,,,,,,,,,,,,,,,,,,,,,,,,,,,,,,,,,,,,,,,,,,,,,,,,,,,,,,,,,,,,,,,,,,,,,,,,,,,,,,,,,,,,,,,,,,,,,,,,,,,,,,,,,,,,,,,,,,,,,,,,,,,,,,,,,,,,,,,,,,,,,,,,,,,,,,,,,,,,,,,,,,,,,,,,,,,,,,,,,,,,,,,,,,,,,,,,,,,,,,,,,,,,,,,,,,,,,,,,,,,,,,,,,,,,,,,,,,,,,,,,,,,,,,,,,,,,,,,,,,,,,,,,,,,,,,,,,,,,,,,,,,,,,,,,,,,,,,,,,,,,,,,,,,,,,,,,,,,,,,,,,,,,,,,,,,,,,,,,,,,,,,,,,,,,,,,,,,,,,,,,,,,,,,,,,,,,,,,,,,,,,,,,,,,,,,,,,,,,,,,,,,,,,,,,,,,,,,,,,,,,,,,,,,,,,,,,,,,,,,,,,,,,,,,,,,,,,,,,,,,,,,,,,,
2025121108,,,,,,,,,,,,,,,,,,,,,,,,,,,,,,,,,0.541,,,,,,,,,,,,,,,,,,,,,,,,,,,,,,,,,,,,,,,,,,,,,,,,,,,,,,,,,,,,,,,,,,,,,,,,,,,,,,,,,,,,,,,,,,,,,,,,,,,,,,,,,,,,,,,,,,,,,,,,,,,,,,,,,,,,,,,,,,,,,,,,,,,,,,,,,,,,,,,,,,,,,,,,,,,,,,,,,,,,,,,,,,,,,,,,,,,,,,,,,,,,,,,,,,,,,,,,,,,,,,,,,,,,,,,,,,,,,,,,,,,,,,,,,,,,,,,,,,,,,,,,,,,,,,,,,,,,,,,,,,,,,,,,,,,,,,,,,,,,,,,,,,,,,,,,,,,,,,,,,,,,,,,,,,,,,,,,,,,,,,,,,,,,,,,,,,,,,,,,,,,,,,,,,,,,,,,,,,,,,,,,,,,,,,,,,,,,,,,,,,,,,,,,,,,,,,,,,,,,,,,,,,,,,,,,,,,,,,,,,,,,,,,,,,,,,,,,,,,,,,,,,,,,,,,,,,,,,,,,,,,,,,,,,,,,,,,,,,,,,,,,,,,,,,,,,,,,,,,,,,,,,,,,,,,,,,,,,,,,,,,,,,,,,,,,,,,,,,,,,,,,,,,,,,,,,,,,,,,,,,,,,,,,,,,,,,,,,,,,,,,,,,,,,,,,,,,,,,,,,,,,,,,,,,,,,,,,,,,,,,,,,,,,,,,,,,,,,,,,,,,,,,,,,,,,,,,,,,,,
2025121109,,,,,,,,,,,,,,,,,,,,,,,,,,,,,,,,,0.733,,,,,,,,,,,,,,,,,,,,,,,,,,,,,,,,,,,,,,,,,,,,,,,,,,,,,,,,,,,,,,,,,,,,,,,,,,,,,,,,,,,,,,,,,,,,,,,,,,,,,,,,,,,,,,,,,,,,,,,,,,,,,,,,,,270.62,,,,,,,,,,,,,,,,,,,,,,,,,,,,,,,,,,,,,,,,,,,,,,,,,,,,,,,,,,,,,,,,,,,,,,,,,,,,,,,,,,,,,,,,,,,1.0,1.0,,,,,,,,,,,16.0,18.0,16.0,22.0,28.0,29.0,29.0,0.0,0.0,0.0,0.0,0.0,22.6,,273.21,3.43,,0.0,3.0,,,,,,,,,,,,,,,,,,,,,,,,,,,,,,,,,,,,,,,,,,,,,,,,,,,,,,9.999e+20,10.7,1.6,3.6,4.4,5.2,5.6,6.4,7.2,7.2,8.0,2.4,8.8,9.29239,10.1667,12.6053,14.278,15.9266,16.0667,17.3401,19.4086,22.4901,25.7762,10.7015,6.32554,39.0,29.0,12.0,8.0,2.0,0.0,0.0,50.0,,9.999e+20,9.999e+20,9.999e+20,9.999e+20,9.999e+20,,,,,,,,,,,,,,,,,,,,,,,,,,,,,,,,,,,,,,,,,,,,,,,,,,,,,,,,,,,,,,,,,,,,,,,,,,,,,,,,,,,,,,,,,,,,,,,,,,,,,,,,,,,,,,,,,,,,,,,,,,,,104.0,,62.4,0.0,8.4,0.0,,88.0,,,,,,,,,,,,,,,,,,,,,,,,,,,,,,,,,,,,,,,,,,,,,,,,,,,,,,,,,,,,,4.2,0.5,0.8,0.3,1.8,4.9,12.2,13.0,1888.0,648.0,1296.0,360.0,2272.0,2592.0,2808.0,2872.0,,,66.0,22.0,,,,,,,274.76,3.7,,,,,,,,,,,,,,,,,,,,,,,,,,,,,,,,,,,,,,,,,,,,,,,,,,,,,,,,,,,,,9.999e+20,270.0,4.8,270.0,4.8,,,,,,3.0,,,,,,,860.0,270.0,270.0,270.0,,274.2,4.8,0.4,1.6,2.0,2.4,2.8,3.2,3.2,3.6,3.6,0.8,4.0,4.0,4.4,4.8,5.2,6.0,7.2,8.4,8.8,9.2,10.7248,4.43692,2.56406,1.0,0.0,0.0,0.0,56.0,0.0,27.0,9.0,5.2,6.0,
2025121110,,,,,,,,,,,,,,,,,,,,,,,,,,,,,,,,,0.863,,,,,,,,,,,,,,,,,,,,,,,,,,,,,,,,,,,,,,,,,,,,,,,,,,,,,,,,,,,,,,,,,,,,,,,,,,,,,,,,,,,,,,,,,,,,,,,,,,,,,,,,,,,,,,,,,,,,,,,,,,,,,,,,,,,,,,,,,,,,,,,,,,,,,,,,,,,,,,,,,,,,,,,,,,,,,,,,,,,,,,,,,,,,,,,,,,,,,,,,,,,,,,,,,,,,,,,,,,,,,,,,,,,,,,,,,,,,,,,,,,,,,,,,,,,,,,,,,,,,,,,,,,,,,,,,,,,,,,,,,,,,,,,,,,,,,,,,,,,,,,,,,,,,,,,,,,,,,,,,,,,,,,,,,,,,,,,,,,,,,,,,,,,,,,,,,,,,,,,,,,,,,,,,,,,,,,,,,,,,,,,,,,,,,,,,,,,,,,,,,,,,,,,,,,,,,,,,,,,,,,,,,,,,,,,,,,,,,,,,,,,,,,,,,,,,,,,,,,,,,,,,,,,,,,,,,,,,,,,,,,,,,,,,,,,,,,,,,,,,,,,,,,,,,,,,,,,,,,,,,,,,,,,,,,,,,,,,,,,,,,,,,,,,,,,,,,,,,,,,,,,,,,,,,,,,,,,,,,,,,,,,,,,,,,,,,,,,,,,,,,,,,,,,,,,,,,,,,,,,,,,,,,,,,,,,,,,,,,,,,,,,,,,,,,,,,,,,,,,,,,,,,,,,,,,,,,,,,,,,
2025121111,,,,,,,,,,,,,,,,,,,,,,,,,,,,,,,,,0.408,,,,,,,,,,,,,,,,,,,,,,,,,,,,,,,,,,,,,,,,,,,,,,,,,,,,,,,,,,,,,,,,,,,,,,,,,,,,,,,,,,,,,,,,,,,,,,,,,,,,,,,,,,,,,,,,,,,,,,,,,,,,,,,,,,,,,,,,,,,,,,,,,,,,,,,,,,,,,,,,,,,,,,,,,,,,,,,,,,,,,,,,,,,,,,,,,,,,,,,,,,,,,,,,,,,,,,,,,,,,,,,,,,,,,,,,,,,,,,,,,,,,,,,,,,,,,,,,,,,,,,,,,,,,,,,,,,,,,,,,,,,,,,,,,,,,,,,,,,,,,,,,,,,,,,,,,,,,,,,,,,,,,,,,,,,,,,,,,,,,,,,,,,,,,,,,,,,,,,,,,,,,,,,,,,,,,,,,,,,,,,,,,,,,,,,,,,,,,,,,,,,,,,,,,,,,,,,,,,,,,,,,,,,,,,,,,,,,,,,,,,,,,,,,,,,,,,,,,,,,,,,,,,,,,,,,,,,,,,,,,,,,,,,,,,,,,,,,,,,,,,,,,,,,,,,,,,,,,,,,,,,,,,,,,,,,,,,,,,,,,,,,,,,,,,,,,,,,,,,,,,,,,,,,,,,,,,,,,,,,,,,,,,,,,,,,,,,,,,,,,,,,,,,,,,,,,,,,,,,,,,,,,,,,,,,,,,,,,,,,,,,,,,,,,,,,,,,,,,,,,,,,,,,,,,,,,,,,,,,,
2025121112,7.876,0.0,0.0,0.0,0.0,0.0,0.343,1.067,1.876,2.872,0.0,3.903,5.1,6.5,7.907,9.025,10.881,13.456,16.723,21.465,29.91,49.01,70.0,0.0,22.0,0.0,13.0,57.0,8.0,1.0,41.0,0.0,0.71,,25.677,0.0,0.833,3.225,5.192,7.682,10.267,12.65,15.333,17.942,0.0,20.791,23.991,26.887,30.317,34.167,37.768,42.321,46.864,54.756,67.248,108.115,91.0,1.0,65.0,0.0,0.0,0.0,42.0,12.0,78.0,3.0,46.168,0.0,10.475,14.857,18.022,21.128,24.384,27.869,31.544,35.813,5.398,39.624,43.617,47.513,50.67,55.645,60.742,67.9,77.567,91.496,115.053,159.504,88.0,4.0,97.0,0.0,68.0,0.0,0.0,0.0,35.0,16.0,6.35,0.0,0.0,0.0,0.0,0.0,0.0,0.0,0.0,0.081,0.0,0.622,1.145,1.901,2.674,3.579,4.695,5.971,7.916,10.409,15.566,25.081,53.0,7.0,3.0,36.0,1.0,0.0,0.0,19.0,0.0,0.0,71.354,2.713,15.542,21.537,28.77,35.724,40.472,45.242,50.653,57.418,8.885,62.851,68.758,74.09,80.165,87.433,96.139,107.158,122.651,139.723,169.234,225.803,13.0,2.0,82.0,0.0,0.0,60.0,0.0,96.0,0.0,38.0,271.25,,,,,,,,,,,,,,,,,,,0.02,0.0,0.0,0.0,0.0,0.013,0.071,0.114,44.0,21.0,15.0,8.0,4.0,2.0,1.0,0.0,0.0,0.0,0.038,0.0,0.0,0.0,0.01,0.048,0.094,0.13,40.0,31.0,15.0,9.0,6.0,2.0,0.0,0.0,0.0,0.0,0.003,0.0,0.0,0.0,0.0,0.0,0.003,0.008,13.0,3.0,3.0,2.0,1.0,1.0,0.0,0.0,0.0,0.0,0.043,0.0,0.0,0.0,0.013,0.066,0.102,0.16,48.0,20.0,12.0,8.0,3.0,1.0,0.0,0.0,0.0,0.0,0.0,1.0,,,,,,,,,,,16.0,18.0,16.0,23.0,26.0,28.0,28.0,0.0,0.0,0.0,0.0,0.0,22.0,,273.23,3.45,,0.0,2.0,,0.0,0.0,0.0,0.0,0.0,0.0,0.0,0.0,0.0,0.0,0.0,0.0,0.0,0.0,0.0,0.0,0.0,0.0,0.0,0.0,1.0,0.0,0.0,0.0,0.0,0.0,0.0,0.0,0.0,0.0,0.0,0.0,0.0,0.0,0.0,0.0,0.0,0.0,0.0,0.0,0.0,0.0,0.0,0.0,0.0,0.0,1.0,0.0,0.0,0.0,0.0,7.2,9.999e+20,10.7,2.4,3.6,4.4,5.2,5.6,6.0,7.2,7.6,8.4,2.8,8.8,9.28046,10.6001,12.6532,14.3288,15.5689,16.8376,18.5877,19.7454,22.8183,26.465,10.7245,6.30185,36.0,25.0,19.0,7.0,3.0,0.0,0.0,49.0,3.0,9.999e+20,9.999e+20,9.999e+20,9.999e+20,9.999e+20,,,,,,,,,,,,,,,,,,,,,,,,,,,,,,,,,,,,,,,,,,,,,,,,,,,,,,,,,,,,,,,,,,,,,,,,,,,,,,,,,,,,,,,,,,,,,,,,,,,,,,,,,,,,,,,,,,,,,,,,,,,,88.0,6.0,62.4,0.0,8.4,0.0,,87.0,,,,,,,,,,,,,,,,,,,,,,,,,,,,,,,,,,,,,,,,,,,,,,,,,,,,,,,,,,,,,4.4,0.5,1.0,0.2,1.9,5.9,11.3,13.1,1840.0,568.0,1216.0,328.0,2208.0,2576.0,2704.0,2856.0,,,65.0,22.0,,,,273.43,4.08,,275.12,3.62,,,,,,,,,,,,,,,,,,,,,,,,,,,,,,,,,,,,,,,,,,,,,,,,,,,,,,,,,,,,,9.999e+20,280.0,4.8,280.0,4.7,11.0,3.0,,,1.0,2.0,,,,,,,788.0,280.0,280.0,280.0,,274.6,4.8,0.8,1.6,2.0,2.4,2.8,3.2,3.2,3.6,4.0,1.2,4.0,4.4,4.4,4.8,5.6,6.0,7.6,8.4,9.2,10.0,10.7956,4.8233,2.88739,0.0,0.0,0.0,0.0,64.0,0.0,29.0,11.0,5.2,6.0,
2025121113,,,,,,,,,,,,,,,,,,,,,,,,,,,,,,,,,0.504,,,,,,,,,,,,,,,,,,,,,,,,,,,,,,,,,,,,,,,,,,,,,,,,,,,,,,,,,,,,,,,,,,,,,,,,,,,,,,,,,,,,,,,,,,,,,,,,,,,,,,,,,,,,,,,,,,,,,,,,,,,,,,,,,,,,,,,,,,,,,,,,,,,,,,,,,,,,,,,,,,,,,,,,,,,,,,,,,,,,,,,,,,,,,,,,,,,,,,,,,,,,,,,,,,,,,,,,,,,,,,,,,,,,,,,,,,,,,,,,,,,,,,,,,,,,,,,,,,,,,,,,,,,,,,,,,,,,,,,,,,,,,,,,,,,,,,,,,,,,,,,,,,,,,,,,,,,,,,,,,,,,,,,,,,,,,,,,,,,,,,,,,,,,,,,,,,,,,,,,,,,,,,,,,,,,,,,,,,,,,,,,,,,,,,,,,,,,,,,,,,,,,,,,,,,,,,,,,,,,,,,,,,,,,,,,,,,,,,,,,,,,,,,,,,,,,,,,,,,,,,,,,,,,,,,,,,,,,,,,,,,,,,,,,,,,,,,,,,,,,,,,,,,,,,,,,,,,,,,,,,,,,,,,,,,,,,,,,,,,,,,,,,,,,,,,,,,,,,,,,,,,,,,,,,,,,,,,,,,,,,,,,,,,,,,,,,,,,,,,,,,,,,,,,,,,,,,,,,,,,,,,,,,,,,,,,,,,,,,,,,,,,,,,,,,,,,,,,,,,,,,,,,,,,,,,,,,,,,,,
2025121114,,,,,,,,,,,,,,,,,,,,,,,,,,,,,,,,,0.454,,,,,,,,,,,,,,,,,,,,,,,,,,,,,,,,,,,,,,,,,,,,,,,,,,,,,,,,,,,,,,,,,,,,,,,,,,,,,,,,,,,,,,,,,,,,,,,,,,,,,,,,,,,,,,,,,,,,,,,,,,,,,,,,,,,,,,,,,,,,,,,,,,,,,,,,,,,,,,,,,,,,,,,,,,,,,,,,,,,,,,,,,,,,,,,,,,,,,,,,,,,,,,,,,,,,,,,,,,,,,,,,,,,,,,,,,,,,,,,,,,,,,,,,,,,,,,,,,,,,,,,,,,,,,,,,,,,,,,,,,,,,,,,,,,,,,,,,,,,,,,,,,,,,,,,,,,,,,,,,,,,,,,,,,,,,,,,,,,,,,,,,,,,,,,,,,,,,,,,,,,,,,,,,,,,,,,,,,,,,,,,,,,,,,,,,,,,,,,,,,,,,,,,,,,,,,,,,,,,,,,,,,,,,,,,,,,,,,,,,,,,,,,,,,,,,,,,,,,,,,,,,,,,,,,,,,,,,,,,,,,,,,,,,,,,,,,,,,,,,,,,,,,,,,,,,,,,,,,,,,,,,,,,,,,,,,,,,,,,,,,,,,,,,,,,,,,,,,,,,,,,,,,,,,,,,,,,,,,,,,,,,,,,,,,,,,,,,,,,,,,,,,,,,,,,,,,,,,,,,,,,,,,,,,,,,,,,,,,,,,,,,,,,,,,,,,,,,,,,,,,,,,,,,,,,,,,,,,,,,
2025121115,,,,,,,,,,,,,,,,,,,,,,,,,,,,,,,,,0.539,,,,,,,,,,,,,,,,,,,,,,,,,,,,,,,,,,,,,,,,,,,,,,,,,,,,,,,,,,,,,,,,,,,,,,,,,,,,,,,,,,,,,,,,,,,,,,,,,,,,,,,,,,,,,,,,,,,,,,,,,,,,,,,,,,270.3,,,,,,,,,,,,,,,,,,,,,,,,,,,,,,,,,,,,,,,,,,,,,,,,,,,,,,,,,,,,,,,,,,,,,,,,,,,,,,,,,,,,,,,,,,,0.0,1.0,,,,,,,,,,,15.0,17.0,14.0,22.0,25.0,29.0,29.0,0.0,0.0,0.0,0.0,0.0,20.9,,272.7,3.57,,0.0,2.0,,,,,,,,,,,,,,,,,,,,,,,,,,,,,,,,,,,,,,,,,,,,,,,,,,,,,,9.999e+20,9.6,1.6,3.2,3.6,4.0,4.8,5.6,6.0,6.4,6.8,2.0,7.31955,7.73267,9.37072,10.2768,12.7516,14.159,16.2413,17.1953,18.0053,20.6479,26.2483,9.56041,5.98943,33.0,22.0,15.0,5.0,2.0,0.0,0.0,41.0,,9.999e+20,9.999e+20,9.999e+20,9.999e+20,9.999e+20,,,,,,,,,,,,,,,,,,,,,,,,,,,,,,,,,,,,,,,,,,,,,,,,,,,,,,,,,,,,,,,,,,,,,,,,,,,,,,,,,,,,,,,,,,,,,,,,,,,,,,,,,,,,,,,,,,,,,,,,,,,,128.0,,52.8,0.0,8.4,0.0,,90.0,,,,,,,,,,,,,,,,,,,,,,,,,,,,,,,,,,,,,,,,,,,,,,,,,,,,,,,,,,,,,4.5,0.6,1.0,0.3,2.1,5.7,11.9,13.3,1792.0,584.0,1216.0,312.0,2168.0,2560.0,2768.0,2840.0,,,74.0,12.0,,,,,,,274.29,3.59,,,,,,,,,,,,,,,,,,,,,,,,,,,,,,,,,,,,,,,,,,,,,,,,,,,,,,,,,,,,,9.999e+20,280.0,4.4,280.0,4.3,,,,,,1.0,,,,,,,917.0,280.0,280.0,280.0,,273.8,4.4,0.4,1.2,1.6,2.0,2.0,2.4,2.8,3.2,3.2,0.8,3.2,3.6,4.0,4.4,4.8,5.6,6.8,8.4,9.6,9.89275,11.2785,4.44274,2.90821,2.0,0.0,0.0,0.0,46.0,0.0,25.0,14.0,4.8,5.6,
2025121116,,,,,,,,,,,,,,,,,,,,,,,,,,,,,,,,,0.432,,,,,,,,,,,,,,,,,,,,,,,,,,,,,,,,,,,,,,,,,,,,,,,,,,,,,,,,,,,,,,,,,,,,,,,,,,,,,,,,,,,,,,,,,,,,,,,,,,,,,,,,,,,,,,,,,,,,,,,,,,,,,,,,,,,,,,,,,,,,,,,,,,,,,,,,,,,,,,,,,,,,,,,,,,,,,,,,,,,,,,,,,,,,,,,,,,,,,,,,,,,,,,,,,,,,,,,,,,,,,,,,,,,,,,,,,,,,,,,,,,,,,,,,,,,,,,,,,,,,,,,,,,,,,,,,,,,,,,,,,,,,,,,,,,,,,,,,,,,,,,,,,,,,,,,,,,,,,,,,,,,,,,,,,,,,,,,,,,,,,,,,,,,,,,,,,,,,,,,,,,,,,,,,,,,,,,,,,,,,,,,,,,,,,,,,,,,,,,,,,,,,,,,,,,,,,,,,,,,,,,,,,,,,,,,,,,,,,,,,,,,,,,,,,,,,,,,,,,,,,,,,,,,,,,,,,,,,,,,,,,,,,,,,,,,,,,,,,,,,,,,,,,,,,,,,,,,,,,,,,,,,,,,,,,,,,,,,,,,,,,,,,,,,,,,,,,,,,,,,,,,,,,,,,,,,,,,,,,,,,,,,,,,,,,,,,,,,,,,,,,,,,,,,,,,,,,,,,,,,,,,,,,,,,,,,,,,,,,,,,,,,,,,,,,,,,,,,,,,,,,,,,,,,,,,,,,,,,,,,
2025121117,,,,,,,,,,,,,,,,,,,,,,,,,,,,,,,,,0.352,,,,,,,,,,,,,,,,,,,,,,,,,,,,,,,,,,,,,,,,,,,,,,,,,,,,,,,,,,,,,,,,,,,,,,,,,,,,,,,,,,,,,,,,,,,,,,,,,,,,,,,,,,,,,,,,,,,,,,,,,,,,,,,,,,,,,,,,,,,,,,,,,,,,,,,,,,,,,,,,,,,,,,,,,,,,,,,,,,,,,,,,,,,,,,,,,,,,,,,,,,,,,,,,,,,,,,,,,,,,,,,,,,,,,,,,,,,,,,,,,,,,,,,,,,,,,,,,,,,,,,,,,,,,,,,,,,,,,,,,,,,,,,,,,,,,,,,,,,,,,,,,,,,,,,,,,,,,,,,,,,,,,,,,,,,,,,,,,,,,,,,,,,,,,,,,,,,,,,,,,,,,,,,,,,,,,,,,,,,,,,,,,,,,,,,,,,,,,,,,,,,,,,,,,,,,,,,,,,,,,,,,,,,,,,,,,,,,,,,,,,,,,,,,,,,,,,,,,,,,,,,,,,,,,,,,,,,,,,,,,,,,,,,,,,,,,,,,,,,,,,,,,,,,,,,,,,,,,,,,,,,,,,,,,,,,,,,,,,,,,,,,,,,,,,,,,,,,,,,,,,,,,,,,,,,,,,,,,,,,,,,,,,,,,,,,,,,,,,,,,,,,,,,,,,,,,,,,,,,,,,,,,,,,,,,,,,,,,,,,,,,,,,,,,,,,,,,,,,,,,,,,,,,,,,,,,,,,,,,,
2025121118,5.18,0.0,0.0,0.0,0.0,0.0,0.0,0.0,0.315,0.872,0.0,1.77,2.37,3.224,4.364,5.539,6.942,8.744,11.623,15.342,20.852,38.068,61.0,0.0,13.0,0.0,6.0,44.0,3.0,1.0,27.0,0.0,0.357,,,,,,,,,,,,,,,,,,,,,,,,,,,,,,,,,,,,,,,,,,,,,,,,,,,,,,,,,,,,,,,,,,4.572,0.0,0.0,0.0,0.0,0.0,0.0,0.0,0.0,0.0,0.0,0.071,0.475,0.976,1.408,2.0,2.677,3.482,4.721,6.191,9.492,19.879,47.0,3.0,1.0,26.0,0.0,0.0,0.0,10.0,0.0,0.0,,,,,,,,,,,,,,,,,,,,,,,,,,,,,,,,,271.75,,,,,,,,,,,,,,,,,,,0.018,,,,,,,,,,,,,,,,,,0.036,,,,,,,,,,,,,,,,,,0.003,0.0,0.0,0.0,0.0,0.0,0.0,0.01,11.0,4.0,2.0,0.0,0.0,0.0,0.0,0.0,0.0,0.0,0.046,,,,,,,,,,,,,,,,,,0.0,1.0,,,,,,,,,,,13.0,18.0,13.0,22.0,25.0,30.0,30.0,0.0,0.0,0.0,0.0,0.0,20.8,,274.67,2.78,,36.0,2.0,,0.0,,,,,,,,,,,,,,,,,,,,,,,,,0.0,0.0,0.0,0.0,0.0,0.0,0.0,0.0,0.0,0.0,0.0,0.0,0.0,0.0,,,,,,,,,,,,,7.2,9.999e+20,9.0,1.6,3.6,4.0,4.4,4.8,5.2,5.6,5.6,6.4,2.4,6.92502,8.15373,8.98872,9.40778,10.2657,12.7283,13.994,15.2996,16.5722,18.8059,23.8031,8.63146,5.51238,28.0,14.0,7.0,2.0,1.0,0.0,0.0,40.0,3.0,9.999e+20,9.999e+20,9.999e+20,9.999e+20,9.999e+20,,,,,,,,,,,,,,,,,,,,,,,,,,,,,,,,,,,,,,,,,,,,,,,,,,,,,,,,,,,,,,,,,,,,,,,,,,,,,,,,,,,,,,,,,,,,,,,,,,,,,,,,,,,,,,,,,,,,,,,,,,93.0,,608.0,,54.0,0.0,7.2,0.0,,93.0,,,,,,,,,,,,,,,,,,,,,,,,,,,,,,,,,,,,,,,,,,,,,,,,,,,,,,,,,,,,,4.6,0.6,1.1,0.5,2.2,6.9,12.5,13.3,1832.0,608.0,1152.0,480.0,2160.0,2576.0,2720.0,2768.0,,,68.0,24.0,,,,,,3.44776,275.69,2.78,,,,,,,,,,,,,,,,,,,,,,,,,,,,,,,274.97,267.76,270.57,271.362,272.06,272.688,273.415,273.557,274.241,274.684,269.368,275.077,275.863,276.277,276.837,276.942,277.801,278.006,278.544,278.712,279.668,282.047,0.0,0.0,0.0,0.0,0.0,12.0,29.0,0.0,9.999e+20,280.0,4.4,280.0,4.1,,1.0,,,0.0,1.0,,,,,,,2900.0,280.0,280.0,280.0,,275.4,4.4,0.8,1.6,1.6,2.0,2.0,2.4,2.4,2.8,2.8,1.2,3.2,3.6,4.0,4.4,5.2,5.6,6.0,7.6,8.8,9.6,11.2871,4.02766,2.53084,1.0,0.0,0.0,0.0,46.0,0.0,23.0,10.0,4.8,5.2,
2025121119,,,,,,,,,,,,,,,,,,,,,,,,,,,,,,,,,0.315,,,,,,,,,,,,,,,,,,,,,,,,,,,,,,,,,,,,,,,,,,,,,,,,,,,,,,,,,,,,,,,,,,,,,,,,,,,,,,,,,,,,,,,,,,,,,,,,,,,,,,,,,,,,,,,,,,,,,,,,,,,,,,,,,,,,,,,,,,,,,,,,,,,,,,,,,,,,,,,,,,,,,,,,,,,,,,,,,,,,,,,,,,,,,,,,,,,,,,,,,,,,,,,,,,,,,,,,,,,,,,,,,,,,,,,,,,,,,,,,,,,,,,,,,,,,,,,,,,,,,,,,,,,,,,,,,,,,,,,,,,,,,,,,,,,,,,,,,,,,,,,,,,,,,,,,,,,,,,,,,,,,,,,,,,,,,,,,,,,,,,,,,,,,,,,,,,,,,,,,,,,,,,,,,,,,,,,,,,,,,,,,,,,,,,,,,,,,,,,,,,,,,,,,,,,,,,,,,,,,,,,,,,,,,,,,,,,,,,,,,,,,,,,,,,,,,,,,,,,,,,,,,,,,,,,,,,,,,,,,,,,,,,,,,,,,,,,,,,,,,,,,,,,,,,,,,,,,,,,,,,,,,,,,,,,,,,,,,,,,,,,,,,,,,,,,,,,,,,,,,,,,,,,,,,,,,,,,,,,,,,,,,,,,,,,,,,,,,,,,,,,,,,,,,,,,,,,,,,,,,,,,,,,,,,,,,,,,,,,,,,,,,,,,,,,,,,,,,,,,,,,,,,,,,,,,,,,,,,,,
2025121120,,,,,,,,,,,,,,,,,,,,,,,,,,,,,,,,,0.382,,,,,,,,,,,,,,,,,,,,,,,,,,,,,,,,,,,,,,,,,,,,,,,,,,,,,,,,,,,,,,,,,,,,,,,,,,,,,,,,,,,,,,,,,,,,,,,,,,,,,,,,,,,,,,,,,,,,,,,,,,,,,,,,,,,,,,,,,,,,,,,,,,,,,,,,,,,,,,,,,,,,,,,,,,,,,,,,,,,,,,,,,,,,,,,,,,,,,,,,,,,,,,,,,,,,,,,,,,,,,,,,,,,,,,,,,,,,,,,,,,,,,,,,,,,,,,,,,,,,,,,,,,,,,,,,,,,,,,,,,,,,,,,,,,,,,,,,,,,,,,,,,,,,,,,,,,,,,,,,,,,,,,,,,,,,,,,,,,,,,,,,,,,,,,,,,,,,,,,,,,,,,,,,,,,,,,,,,,,,,,,,,,,,,,,,,,,,,,,,,,,,,,,,,,,,,,,,,,,,,,,,,,,,,,,,,,,,,,,,,,,,,,,,,,,,,,,,,,,,,,,,,,,,,,,,,,,,,,,,,,,,,,,,,,,,,,,,,,,,,,,,,,,,,,,,,,,,,,,,,,,,,,,,,,,,,,,,,,,,,,,,,,,,,,,,,,,,,,,,,,,,,,,,,,,,,,,,,,,,,,,,,,,,,,,,,,,,,,,,,,,,,,,,,,,,,,,,,,,,,,,,,,,,,,,,,,,,,,,,,,,,,,,,,,,,,,,,,,,,,,,,,,,,,,,,,,,,,,,,
2025121121,,,,,,,,,,,,,,,,,,,,,,,,,,,,,,,,,0.362,,,,,,,,,,,,,,,,,,,,,,,,,,,,,,,,,,,,,,,,,,,,,,,,,,,,,,,,,,,,,,,,,,,,,,,,,,,,,,,,,,,,,,,,,,,,,,,,,,,,,,,,,,,,,,,,,,,,,,,,,,,,,,,,,,273.89,,,,,,,,,,,,,,,,,,,,,,,,,,,,,,,,,,,,,,,,,,,,,,,,,,,,,,,,,,,,,,,,,,,,,,,,,,,,,,,,,,,,,,,,,,,1.0,2.0,,,,,,,,,,,12.0,19.0,12.0,21.0,26.0,32.0,32.0,0.0,0.0,0.0,0.0,0.0,21.4,,275.41,2.75,,234.0,3.0,,,,,,,,,,,,,,,,,,,,,,,,,,,,,,,,,,,,,,,,,,,,,,,,,,,,,,9.999e+20,8.1,1.2,3.2,3.6,4.0,4.0,4.4,4.8,5.2,5.84849,2.0,6.30125,7.17101,8.0062,8.49207,9.36318,10.6927,11.6024,12.4518,14.3081,17.6054,23.3263,7.6969,4.77326,21.0,9.0,7.0,2.0,1.0,0.0,0.0,34.0,,9.999e+20,9.999e+20,9.999e+20,9.999e+20,9.999e+20,,,,,,,,,,,,,,,,,,,,,,,,,,,,,,,,,,,,,,,,,,,,,,,,,,,,,,,,,,,,,,,,,,,,,,,,,,,,,,,,,,,,,,,,,,,,,,,,,,,,,,,,,,,,,,,,,,,,,,,,,,,,544.0,,42.0,0.0,13.2,0.0,,89.0,,,,,,,,,,,,,,,,,,,,,,,,,,,,,,,,,,,,,,,,,,,,,,,,,,,,,,,,,,,,,4.7,0.5,1.1,0.5,2.1,7.6,12.2,13.0,1856.0,800.0,1144.0,632.0,2264.0,2512.0,2656.0,2704.0,,,73.0,12.0,,,,,,,276.94,2.75,,,,,,,,,,,,,,,,,,,,,,,,,,,,,,,,,,,,,,,,,,,,,,,,,,,,,,,,,,,,,9.999e+20,280.0,3.6,280.0,3.8,,,,,,2.0,,,,,,,2453.0,280.0,280.0,280.0,,277.0,3.6,0.4,0.8,1.2,1.2,1.6,1.6,2.0,2.0,2.4,0.8,2.8,3.2,3.6,4.0,4.4,5.2,5.6,6.0,6.4,8.4,10.8762,3.24162,2.53062,0.0,0.0,0.0,0.0,41.0,0.0,18.0,4.0,4.0,4.4,
2025121122,,,,,,,,,,,,,,,,,,,,,,,,,,,,,,,,,0.288,,,,,,,,,,,,,,,,,,,,,,,,,,,,,,,,,,,,,,,,,,,,,,,,,,,,,,,,,,,,,,,,,,,,,,,,,,,,,,,,,,,,,,,,,,,,,,,,,,,,,,,,,,,,,,,,,,,,,,,,,,,,,,,,,,,,,,,,,,,,,,,,,,,,,,,,,,,,,,,,,,,,,,,,,,,,,,,,,,,,,,,,,,,,,,,,,,,,,,,,,,,,,,,,,,,,,,,,,,,,,,,,,,,,,,,,,,,,,,,,,,,,,,,,,,,,,,,,,,,,,,,,,,,,,,,,,,,,,,,,,,,,,,,,,,,,,,,,,,,,,,,,,,,,,,,,,,,,,,,,,,,,,,,,,,,,,,,,,,,,,,,,,,,,,,,,,,,,,,,,,,,,,,,,,,,,,,,,,,,,,,,,,,,,,,,,,,,,,,,,,,,,,,,,,,,,,,,,,,,,,,,,,,,,,,,,,,,,,,,,,,,,,,,,,,,,,,,,,,,,,,,,,,,,,,,,,,,,,,,,,,,,,,,,,,,,,,,,,,,,,,,,,,,,,,,,,,,,,,,,,,,,,,,,,,,,,,,,,,,,,,,,,,,,,,,,,,,,,,,,,,,,,,,,,,,,,,,,,,,,,,,,,,,,,,,,,,,,,,,,,,,,,,,,,,,,,,,,,,,,,,,,,,,,,,,,,,,,,,,,,,,,,,,,,,,,,,,,,,,,,,,,,,,,,,,,,,,,,,,,
2025121123,,,,,,,,,,,,,,,,,,,,,,,,,,,,,,,,,0.221,,,,,,,,,,,,,,,,,,,,,,,,,,,,,,,,,,,,,,,,,,,,,,,,,,,,,,,,,,,,,,,,,,,,,,,,,,,,,,,,,,,,,,,,,,,,,,,,,,,,,,,,,,,,,,,,,,,,,,,,,,,,,,,,,,,,,,,,,,,,,,,,,,,,,,,,,,,,,,,,,,,,,,,,,,,,,,,,,,,,,,,,,,,,,,,,,,,,,,,,,,,,,,,,,,,,,,,,,,,,,,,,,,,,,,,,,,,,,,,,,,,,,,,,,,,,,,,,,,,,,,,,,,,,,,,,,,,,,,,,,,,,,,,,,,,,,,,,,,,,,,,,,,,,,,,,,,,,,,,,,,,,,,,,,,,,,,,,,,,,,,,,,,,,,,,,,,,,,,,,,,,,,,,,,,,,,,,,,,,,,,,,,,,,,,,,,,,,,,,,,,,,,,,,,,,,,,,,,,,,,,,,,,,,,,,,,,,,,,,,,,,,,,,,,,,,,,,,,,,,,,,,,,,,,,,,,,,,,,,,,,,,,,,,,,,,,,,,,,,,,,,,,,,,,,,,,,,,,,,,,,,,,,,,,,,,,,,,,,,,,,,,,,,,,,,,,,,,,,,,,,,,,,,,,,,,,,,,,,,,,,,,,,,,,,,,,,,,,,,,,,,,,,,,,,,,,,,,,,,,,,,,,,,,,,,,,,,,,,,,,,,,,,,,,,,,,,,,,,,,,,,,,,,,,,,,,,,,,,,,
2025121200,3.789,0.0,0.0,0.0,0.0,0.0,0.0,0.0,0.0,0.307,0.0,0.825,1.43,2.103,2.811,3.609,4.819,6.457,7.964,11.037,15.948,35.483,55.0,0.0,8.0,0.0,4.0,37.0,2.0,0.0,20.0,0.0,0.327,,12.313,0.0,0.0,0.0,0.0,0.689,1.712,2.847,3.981,5.343,0.0,6.807,8.353,9.703,12.149,14.856,17.8,21.092,25.846,31.454,45.326,72.457,77.0,0.0,34.0,0.0,0.0,0.0,15.0,4.0,52.0,1.0,,,,,,,,,,,,,,,,,,,,,,,,,,,,,,,,,4.318,0.0,0.0,0.0,0.0,0.0,0.0,0.0,0.0,0.0,0.0,0.0,0.019,0.338,0.773,1.342,1.966,2.624,3.596,5.518,8.817,17.999,41.0,2.0,1.0,21.0,0.0,0.0,0.0,9.0,0.0,0.0,,,,,,,,,,,,,,,,,,,,,,,,,,,,,,,,,272.5,,,,,,,,,,,,,,,,,,,0.013,0.0,0.0,0.0,0.0,0.008,0.036,0.066,34.0,15.0,9.0,4.0,2.0,2.0,1.0,0.0,0.0,0.0,0.033,0.0,0.0,0.0,0.008,0.036,0.099,0.127,35.0,24.0,14.0,8.0,5.0,1.0,0.0,0.0,0.0,0.0,0.003,0.0,0.0,0.0,0.0,0.0,0.0,0.013,11.0,4.0,1.0,0.0,0.0,0.0,0.0,0.0,0.0,0.0,0.046,0.0,0.0,0.0,0.018,0.066,0.114,0.16,49.0,21.0,12.0,9.0,3.0,1.0,0.0,0.0,0.0,0.0,1.0,2.0,,,,,,,,,,,12.0,19.0,12.0,21.0,27.0,32.0,32.0,0.0,0.0,0.0,0.0,0.0,21.8,,274.35,2.75,,161.0,2.0,,0.0,0.0,0.0,0.0,0.0,0.0,0.0,0.0,0.0,0.0,0.0,0.0,0.0,0.0,0.0,0.0,0.0,0.0,0.0,0.0,1.0,0.0,0.0,0.0,0.0,0.0,0.0,0.0,0.0,0.0,0.0,0.0,0.0,0.0,0.0,0.0,0.0,0.0,0.0,0.0,0.0,0.0,0.0,0.0,0.0,0.0,1.0,0.0,0.0,0.0,0.0,5.2,9.999e+20,6.7,1.6,2.8,2.8,3.2,3.2,3.6,4.0,4.4,4.8,2.0,5.2,5.6,6.0,7.03167,7.93708,8.54734,9.45573,10.7281,11.2186,17.5141,23.021,6.73017,4.69588,10.0,7.0,6.0,2.0,1.0,0.0,0.0,23.0,3.0,9.999e+20,9.999e+20,9.999e+20,9.999e+20,9.999e+20,,,,,,,,,,,,,,,,,,,,,,,,,,,,,,,,,,,,,,,,,,,,,,,,,,,,,,,,,,,,,,,,,,,,,,,,,,,,,,,,,,,,,,,,,,,,,,,,,,,,,,,,,,,,,,,,,,,,,,,,,,,,192.0,5.0,42.0,0.0,15.6,0.0,,93.0,,,,,,,,,,,,,,,,,,,,,,,,,,,,,,,,,,,,,,,,,,,,,,,,,,,,,,,,,,,,,4.6,0.5,0.9,0.4,2.0,8.1,11.4,13.4,1840.0,736.0,1048.0,584.0,2208.0,2440.0,2608.0,2656.0,,,75.0,14.0,,277.35,2.67,,,,275.51,2.76,,,,,,,,,,,,,,,,,,,,,,,,,,,,,,,,,,,,,,,,,,,,,,,,,,,,,,,,,,,,,9.999e+20,270.0,2.8,250.0,3.1,7.0,1.0,,,1.0,2.0,,,,,,,847.0,270.0,270.0,270.0,,275.0,2.8,0.0,0.8,0.8,1.2,1.2,1.2,1.6,1.6,2.0,0.4,2.0,2.4,2.8,2.8,3.2,3.6,4.0,4.4,5.6,6.0,10.0,2.80679,2.05334,0.0,0.0,0.0,0.0,25.0,0.0,8.0,2.0,3.2,3.6,
2025121201,,,,,,,,,,,,,,,,,,,,,,,,,,,,,,,,,0.346,,,,,,,,,,,,,,,,,,,,,,,,,,,,,,,,,,,,,,,,,,,,,,,,,,,,,,,,,,,,,,,,,,,,,,,,,,,,,,,,,,,,,,,,,,,,,,,,,,,,,,,,,,,,,,,,,,,,,,,,,,,,,,,,,,,,,,,,,,,,,,,,,,,,,,,,,,,,,,,,,,,,,,,,,,,,,,,,,,,,,,,,,,,,,,,,,,,,,,,,,,,,,,,,,,,,,,,,,,,,,,,,,,,,,,,,,,,,,,,,,,,,,,,,,,,,,,,,,,,,,,,,,,,,,,,,,,,,,,,,,,,,,,,,,,,,,,,,,,,,,,,,,,,,,,,,,,,,,,,,,,,,,,,,,,,,,,,,,,,,,,,,,,,,,,,,,,,,,,,,,,,,,,,,,,,,,,,,,,,,,,,,,,,,,,,,,,,,,,,,,,,,,,,,,,,,,,,,,,,,,,,,,,,,,,,,,,,,,,,,,,,,,,,,,,,,,,,,,,,,,,,,,,,,,,,,,,,,,,,,,,,,,,,,,,,,,,,,,,,,,,,,,,,,,,,,,,,,,,,,,,,,,,,,,,,,,,,,,,,,,,,,,,,,,,,,,,,,,,,,,,,,,,,,,,,,,,,,,,,,,,,,,,,,,,,,,,,,,,,,,,,,,,,,,,,,,,,,,,,,,,,,,,,,,,,,,,,,,,,,,,,,,,,,,,,,,,,,,,,,,,,,,,,,,,,,,,,,,,,,
2025121202,,,,,,,,,,,,,,,,,,,,,,,,,,,,,,,,,0.283,,,,,,,,,,,,,,,,,,,,,,,,,,,,,,,,,,,,,,,,,,,,,,,,,,,,,,,,,,,,,,,,,,,,,,,,,,,,,,,,,,,,,,,,,,,,,,,,,,,,,,,,,,,,,,,,,,,,,,,,,,,,,,,,,,,,,,,,,,,,,,,,,,,,,,,,,,,,,,,,,,,,,,,,,,,,,,,,,,,,,,,,,,,,,,,,,,,,,,,,,,,,,,,,,,,,,,,,,,,,,,,,,,,,,,,,,,,,,,,,,,,,,,,,,,,,,,,,,,,,,,,,,,,,,,,,,,,,,,,,,,,,,,,,,,,,,,,,,,,,,,,,,,,,,,,,,,,,,,,,,,,,,,,,,,,,,,,,,,,,,,,,,,,,,,,,,,,,,,,,,,,,,,,,,,,,,,,,,,,,,,,,,,,,,,,,,,,,,,,,,,,,,,,,,,,,,,,,,,,,,,,,,,,,,,,,,,,,,,,,,,,,,,,,,,,,,,,,,,,,,,,,,,,,,,,,,,,,,,,,,,,,,,,,,,,,,,,,,,,,,,,,,,,,,,,,,,,,,,,,,,,,,,,,,,,,,,,,,,,,,,,,,,,,,,,,,,,,,,,,,,,,,,,,,,,,,,,,,,,,,,,,,,,,,,,,,,,,,,,,,,,,,,,,,,,,,,,,,,,,,,,,,,,,,,,,,,,,,,,,,,,,,,,,,,,,,,,,,,,,,,,,,,,,,,,,,,,,,,,,
2025121203,,,,,,,,,,,,,,,,,,,,,,,,,,,,,,,,,0.262,,,,,,,,,,,,,,,,,,,,,,,,,,,,,,,,,,,,,,,,,,,,,,,,,,,,,,,,,,,,,,,,,,,,,,,,,,,,,,,,,,,,,,,,,,,,,,,,,,,,,,,,,,,,,,,,,,,,,,,,,,,,,,,,,,271.36,,,,,,,,,,,,,,,,,,,,,,,,,,,,,,,,,,,,,,,,,,,,,,,,,,,,,,,,,,,,,,,,,,,,,,,,,,,,,,,,,,,,,,,,,,,1.0,1.0,,,,,,,,,,,19.0,19.0,18.0,20.0,28.0,31.0,31.0,0.0,0.0,0.0,0.0,0.0,23.2,,273.79,2.59,,0.0,0.0,,,,,,,,,,,,,,,,,,,,,,,,,,,,,,,,,,,,,,,,,,,,,,,,,,,,,,9.999e+20,6.3,1.6,2.4,2.4,2.8,3.2,3.2,3.6,4.0,4.4,2.0,4.4,4.91477,5.81013,6.30406,6.77542,7.68086,8.99027,10.2679,11.6456,17.1248,23.0572,6.32307,4.82484,12.0,7.0,5.0,2.0,0.0,0.0,0.0,21.0,,9.999e+20,9.999e+20,9.999e+20,9.999e+20,9.999e+20,,,,,,,,,,,,,,,,,,,,,,,,,,,,,,,,,,,,,,,,,,,,,,,,,,,,,,,,,,,,,,,,,,,,,,,,,,,,,,,,,,,,,,,,,,,,,,,,,,,,,,,,,,,,,,,,,,,,,,,,,,,,224.0,,33.6,0.0,18.0,0.0,,94.0,,,,,,,,,,,,,,,,,,,,,,,,,,,,,,,,,,,,,,,,,,,,,,,,,,,,,,,,,,,,,4.7,0.5,0.9,0.4,2.0,8.8,12.4,14.1,1784.0,624.0,1008.0,456.0,2232.0,2408.0,2552.0,2664.0,,,73.0,24.0,,,,,,,274.24,2.58,,,,,,,,,,,,,,,,,,,,,,,,,,,,,,,,,,,,,,,,,,,,,,,,,,,,,,,,,,,,,9.999e+20,260.0,2.8,240.0,3.2,,,,,,2.0,,,,,,,1007.0,260.0,260.0,260.0,,274.0,2.8,0.4,0.8,0.8,1.2,1.2,1.6,1.6,1.6,2.0,0.8,2.0,2.4,2.8,2.8,3.2,3.2,3.6,4.4,5.2,6.0,9.09477,2.82363,1.77319,0.0,0.0,0.0,0.0,24.0,0.0,7.0,2.0,2.8,3.2,
2025121204,,,,,,,,,,,,,,,,,,,,,,,,,,,,,,,,,0.32,,,,,,,,,,,,,,,,,,,,,,,,,,,,,,,,,,,,,,,,,,,,,,,,,,,,,,,,,,,,,,,,,,,,,,,,,,,,,,,,,,,,,,,,,,,,,,,,,,,,,,,,,,,,,,,,,,,,,,,,,,,,,,,,,,,,,,,,,,,,,,,,,,,,,,,,,,,,,,,,,,,,,,,,,,,,,,,,,,,,,,,,,,,,,,,,,,,,,,,,,,,,,,,,,,,,,,,,,,,,,,,,,,,,,,,,,,,,,,,,,,,,,,,,,,,,,,,,,,,,,,,,,,,,,,,,,,,,,,,,,,,,,,,,,,,,,,,,,,,,,,,,,,,,,,,,,,,,,,,,,,,,,,,,,,,,,,,,,,,,,,,,,,,,,,,,,,,,,,,,,,,,,,,,,,,,,,,,,,,,,,,,,,,,,,,,,,,,,,,,,,,,,,,,,,,,,,,,,,,,,,,,,,,,,,,,,,,,,,,,,,,,,,,,,,,,,,,,,,,,,,,,,,,,,,,,,,,,,,,,,,,,,,,,,,,,,,,,,,,,,,,,,,,,,,,,,,,,,,,,,,,,,,,,,,,,,,,,,,,,,,,,,,,,,,,,,,,,,,,,,,,,,,,,,,,,,,,,,,,,,,,,,,,,,,,,,,,,,,,,,,,,,,,,,,,,,,,,,,,,,,,,,,,,,,,,,,,,,,,,,,,,,,,,,,,,,,,,,,,,,,,,,,,,,,,,,,,,,,,,
2025121205,,,,,,,,,,,,,,,,,,,,,,,,,,,,,,,,,0.264,,,,,,,,,,,,,,,,,,,,,,,,,,,,,,,,,,,,,,,,,,,,,,,,,,,,,,,,,,,,,,,,,,,,,,,,,,,,,,,,,,,,,,,,,,,,,,,,,,,,,,,,,,,,,,,,,,,,,,,,,,,,,,,,,,,,,,,,,,,,,,,,,,,,,,,,,,,,,,,,,,,,,,,,,,,,,,,,,,,,,,,,,,,,,,,,,,,,,,,,,,,,,,,,,,,,,,,,,,,,,,,,,,,,,,,,,,,,,,,,,,,,,,,,,,,,,,,,,,,,,,,,,,,,,,,,,,,,,,,,,,,,,,,,,,,,,,,,,,,,,,,,,,,,,,,,,,,,,,,,,,,,,,,,,,,,,,,,,,,,,,,,,,,,,,,,,,,,,,,,,,,,,,,,,,,,,,,,,,,,,,,,,,,,,,,,,,,,,,,,,,,,,,,,,,,,,,,,,,,,,,,,,,,,,,,,,,,,,,,,,,,,,,,,,,,,,,,,,,,,,,,,,,,,,,,,,,,,,,,,,,,,,,,,,,,,,,,,,,,,,,,,,,,,,,,,,,,,,,,,,,,,,,,,,,,,,,,,,,,,,,,,,,,,,,,,,,,,,,,,,,,,,,,,,,,,,,,,,,,,,,,,,,,,,,,,,,,,,,,,,,,,,,,,,,,,,,,,,,,,,,,,,,,,,,,,,,,,,,,,,,,,,,,,,,,,,,,,,,,,,,,,,,,,,,,,,,,,,,,,
2025121206,3.494,0.0,0.0,0.0,0.0,0.0,0.0,0.0,0.0,0.367,0.0,0.918,1.507,2.093,2.758,3.484,4.58,5.862,7.743,10.322,14.967,27.974,56.0,0.0,7.0,0.0,3.0,37.0,1.0,0.0,18.0,0.0,0.292,,,,,,,,,,,,,,,,,,,,,,,,,,,,,,,,,,,,,,,,,,,,,,,,,,,,,,,,,,,,,,,,,,3.81,0.0,0.0,0.0,0.0,0.0,0.0,0.0,0.0,0.0,0.0,0.0,0.165,0.52,1.065,1.641,2.244,3.035,4.155,5.561,8.626,16.227,44.0,2.0,1.0,23.0,0.0,0.0,0.0,9.0,0.0,0.0,,,,,,,,,,,,,,,,,,,,,,,,,,,,,,,,,271.68,,,,,,,,,,,,,,,,,,,0.013,,,,,,,,,,,,,,,,,,0.036,,,,,,,,,,,,,,,,,,0.008,0.0,0.0,0.0,0.0,0.0,0.018,0.028,17.0,8.0,6.0,1.0,1.0,1.0,1.0,0.0,0.0,0.0,0.053,,,,,,,,,,,,,,,,,,2.0,2.0,,,,,,,,,,,18.0,20.0,18.0,21.0,29.0,34.0,34.0,0.0,0.0,0.0,0.0,0.0,23.3,,272.99,2.63,,0.0,2.0,,0.0,,,,,,,,,,,,,,,,,,,,,,,,,0.0,0.0,0.0,0.0,0.0,0.0,0.0,0.0,0.0,0.0,0.0,0.0,0.0,0.0,,,,,,,,,,,,,3.2,9.999e+20,6.0,1.2,2.0,2.4,2.8,3.2,3.2,3.6,3.6,4.0,1.6,4.4,4.94359,5.45236,5.96383,6.42974,6.92518,7.85832,9.59904,13.7777,17.2068,18.6452,5.97408,4.38113,13.0,7.0,3.0,0.0,0.0,0.0,0.0,18.0,2.0,9.999e+20,9.999e+20,9.999e+20,9.999e+20,9.999e+20,,,,,,,,,,,,,,,,,,,,,,,,,,,,,,,,,,,,,,,,,,,,,,,,,,,,,,,,,,,,,,,,,,,,,,,,,,,,,,,,,,,,,,,,,,,,,,,,,,,,,,,,,,,,,,,,,,,,,,,,,,,89.0,312.0,,33.6,0.0,22.0,0.0,,90.0,,,,,,,,,,,,,,,,,,,,,,,,,,,,,,,,,,,,,,,,,,,,,,,,,,,,,,,,,,,,,4.7,0.5,0.8,0.4,1.7,8.7,11.7,14.6,1736.0,568.0,920.0,408.0,2176.0,2352.0,2520.0,2584.0,,,77.0,16.0,,,,,,3.44703,274.56,2.61,278.494,272.124,273.846,274.691,275.064,276.05,276.037,276.719,276.93,277.792,273.153,278.393,278.849,279.868,280.351,280.482,281.233,281.563,281.944,282.677,283.417,284.611,0.0,0.0,6.0,0.0,0.0,0.0,0.0,0.0,,,,,,,,,,,,,,,,,,,,,,,,,,,,,,,9.999e+20,250.0,2.5,230.0,3.4,,1.0,,,0.0,2.0,,,,,,,1300.0,250.0,250.0,250.0,,274.1,2.5,0.0,0.8,0.8,1.2,1.2,1.6,1.6,1.6,2.0,0.4,2.0,2.4,2.4,2.4,3.2,3.2,3.6,4.0,4.8,5.6,8.51602,2.4514,1.76778,0.0,0.0,0.0,0.0,16.0,0.0,6.0,1.0,2.9,3.3,
2025121207,,,,,,,,,,,,,,,,,,,,,,,,,,,,,,,,,0.277,,,,,,,,,,,,,,,,,,,,,,,,,,,,,,,,,,,,,,,,,,,,,,,,,,,,,,,,,,,,,,,,,,,,,,,,,,,,,,,,,,,,,,,,,,,,,,,,,,,,,,,,,,,,,,,,,,,,,,,,,,,,,,,,,,,,,,,,,,,,,,,,,,,,,,,,,,,,,,,,,,,,,,,,,,,,,,,,,,,,,,,,,,,,,,,,,,,,,,,,,,,,,,,,,,,,,,,,,,,,,,,,,,,,,,,,,,,,,,,,,,,,,,,,,,,,,,,,,,,,,,,,,,,,,,,,,,,,,,,,,,,,,,,,,,,,,,,,,,,,,,,,,,,,,,,,,,,,,,,,,,,,,,,,,,,,,,,,,,,,,,,,,,,,,,,,,,,,,,,,,,,,,,,,,,,,,,,,,,,,,,,,,,,,,,,,,,,,,,,,,,,,,,,,,,,,,,,,,,,,,,,,,,,,,,,,,,,,,,,,,,,,,,,,,,,,,,,,,,,,,,,,,,,,,,,,,,,,,,,,,,,,,,,,,,,,,,,,,,,,,,,,,,,,,,,,,,,,,,,,,,,,,,,,,,,,,,,,,,,,,,,,,,,,,,,,,,,,,,,,,,,,,,,,,,,,,,,,,,,,,,,,,,,,,,,,,,,,,,,,,,,,,,,,,,,,,,,,,,,,,,,,,,,,,,,,,,,,,,,,,,,,,,,,,,,,,,,,,,,,,,,,,,,,,,,,,,,,,,,,
2025121208,,,,,,,,,,,,,,,,,,,,,,,,,,,,,,,,,0.23,,,,,,,,,,,,,,,,,,,,,,,,,,,,,,,,,,,,,,,,,,,,,,,,,,,,,,,,,,,,,,,,,,,,,,,,,,,,,,,,,,,,,,,,,,,,,,,,,,,,,,,,,,,,,,,,,,,,,,,,,,,,,,,,,,,,,,,,,,,,,,,,,,,,,,,,,,,,,,,,,,,,,,,,,,,,,,,,,,,,,,,,,,,,,,,,,,,,,,,,,,,,,,,,,,,,,,,,,,,,,,,,,,,,,,,,,,,,,,,,,,,,,,,,,,,,,,,,,,,,,,,,,,,,,,,,,,,,,,,,,,,,,,,,,,,,,,,,,,,,,,,,,,,,,,,,,,,,,,,,,,,,,,,,,,,,,,,,,,,,,,,,,,,,,,,,,,,,,,,,,,,,,,,,,,,,,,,,,,,,,,,,,,,,,,,,,,,,,,,,,,,,,,,,,,,,,,,,,,,,,,,,,,,,,,,,,,,,,,,,,,,,,,,,,,,,,,,,,,,,,,,,,,,,,,,,,,,,,,,,,,,,,,,,,,,,,,,,,,,,,,,,,,,,,,,,,,,,,,,,,,,,,,,,,,,,,,,,,,,,,,,,,,,,,,,,,,,,,,,,,,,,,,,,,,,,,,,,,,,,,,,,,,,,,,,,,,,,,,,,,,,,,,,,,,,,,,,,,,,,,,,,,,,,,,,,,,,,,,,,,,,,,,,,,,,,,,,,,,,,,,,,,,,,,,,,,,,,,,,,
2025121209,,,,,,,,,,,,,,,,,,,,,,,,,,,,,,,,,0.336,,,,,,,,,,,,,,,,,,,,,,,,,,,,,,,,,,,,,,,,,,,,,,,,,,,,,,,,,,,,,,,,,,,,,,,,,,,,,,,,,,,,,,,,,,,,,,,,,,,,,,,,,,,,,,,,,,,,,,,,,,,,,,,,,,272.25,,,,,,,,,,,,,,,,,,,,,,,,,,,,,,,,,,,,,,,,,,,,,,,,,,,,,,,,,,,,,,,,,,,,,,,,,,,,,,,,,,,,,,,,,,,1.0,1.0,,,,,,,,,,,17.0,19.0,17.0,21.0,28.0,35.0,35.0,0.0,0.0,0.0,0.0,0.0,23.1,,273.24,2.8,,0.0,2.0,,,,,,,,,,,,,,,,,,,,,,,,,,,,,,,,,,,,,,,,,,,,,,,,,,,,,,9.999e+20,5.6,0.4,2.0,2.4,2.8,2.8,3.2,3.6,3.65541,4.12054,1.6,4.18159,4.65027,5.12424,5.59978,6.07963,6.96425,7.42769,9.53768,11.7716,15.8711,19.85,5.95203,4.35561,11.0,6.0,4.0,1.0,0.0,0.0,0.0,17.0,,9.999e+20,9.999e+20,9.999e+20,9.999e+20,9.999e+20,,,,,,,,,,,,,,,,,,,,,,,,,,,,,,,,,,,,,,,,,,,,,,,,,,,,,,,,,,,,,,,,,,,,,,,,,,,,,,,,,,,,,,,,,,,,,,,,,,,,,,,,,,,,,,,,,,,,,,,,,,,,232.0,,21.6,0.0,23.2,0.0,,89.0,,,,,,,,,,,,,,,,,,,,,,,,,,,,,,,,,,,,,,,,,,,,,,,,,,,,,,,,,,,,,4.6,0.4,0.7,0.2,1.7,7.8,12.2,14.1,1704.0,544.0,904.0,416.0,2128.0,2288.0,2424.0,2496.0,,,75.0,17.0,,,,,,,274.77,2.91,,,,,,,,,,,,,,,,,,,,,,,,,,,,,,,,,,,,,,,,,,,,,,,,,,,,,,,,,,,,,9.999e+20,260.0,2.4,150.0,3.4,,,,,,2.0,,,,,,,1077.0,260.0,260.0,260.0,,274.1,2.4,0.0,0.8,0.8,1.2,1.2,1.6,1.6,1.6,2.0,0.4,2.0,2.0,2.4,2.8,2.8,3.2,3.6,3.6,4.0,5.6,7.6,2.41311,1.74365,0.0,0.0,0.0,0.0,18.0,0.0,7.0,0.0,2.8,3.2,
2025121210,,,,,,,,,,,,,,,,,,,,,,,,,,,,,,,,,0.428,,,,,,,,,,,,,,,,,,,,,,,,,,,,,,,,,,,,,,,,,,,,,,,,,,,,,,,,,,,,,,,,,,,,,,,,,,,,,,,,,,,,,,,,,,,,,,,,,,,,,,,,,,,,,,,,,,,,,,,,,,,,,,,,,,,,,,,,,,,,,,,,,,,,,,,,,,,,,,,,,,,,,,,,,,,,,,,,,,,,,,,,,,,,,,,,,,,,,,,,,,,,,,,,,,,,,,,,,,,,,,,,,,,,,,,,,,,,,,,,,,,,,,,,,,,,,,,,,,,,,,,,,,,,,,,,,,,,,,,,,,,,,,,,,,,,,,,,,,,,,,,,,,,,,,,,,,,,,,,,,,,,,,,,,,,,,,,,,,,,,,,,,,,,,,,,,,,,,,,,,,,,,,,,,,,,,,,,,,,,,,,,,,,,,,,,,,,,,,,,,,,,,,,,,,,,,,,,,,,,,,,,,,,,,,,,,,,,,,,,,,,,,,,,,,,,,,,,,,,,,,,,,,,,,,,,,,,,,,,,,,,,,,,,,,,,,,,,,,,,,,,,,,,,,,,,,,,,,,,,,,,,,,,,,,,,,,,,,,,,,,,,,,,,,,,,,,,,,,,,,,,,,,,,,,,,,,,,,,,,,,,,,,,,,,,,,,,,,,,,,,,,,,,,,,,,,,,,,,,,,,,,,,,,,,,,,,,,,,,,,,,,,,,,,,,,,,,,,,,,,,,,,,,,,,,,,,,,,,,,
2025121211,,,,,,,,,,,,,,,,,,,,,,,,,,,,,,,,,0.22,,,,,,,,,,,,,,,,,,,,,,,,,,,,,,,,,,,,,,,,,,,,,,,,,,,,,,,,,,,,,,,,,,,,,,,,,,,,,,,,,,,,,,,,,,,,,,,,,,,,,,,,,,,,,,,,,,,,,,,,,,,,,,,,,,,,,,,,,,,,,,,,,,,,,,,,,,,,,,,,,,,,,,,,,,,,,,,,,,,,,,,,,,,,,,,,,,,,,,,,,,,,,,,,,,,,,,,,,,,,,,,,,,,,,,,,,,,,,,,,,,,,,,,,,,,,,,,,,,,,,,,,,,,,,,,,,,,,,,,,,,,,,,,,,,,,,,,,,,,,,,,,,,,,,,,,,,,,,,,,,,,,,,,,,,,,,,,,,,,,,,,,,,,,,,,,,,,,,,,,,,,,,,,,,,,,,,,,,,,,,,,,,,,,,,,,,,,,,,,,,,,,,,,,,,,,,,,,,,,,,,,,,,,,,,,,,,,,,,,,,,,,,,,,,,,,,,,,,,,,,,,,,,,,,,,,,,,,,,,,,,,,,,,,,,,,,,,,,,,,,,,,,,,,,,,,,,,,,,,,,,,,,,,,,,,,,,,,,,,,,,,,,,,,,,,,,,,,,,,,,,,,,,,,,,,,,,,,,,,,,,,,,,,,,,,,,,,,,,,,,,,,,,,,,,,,,,,,,,,,,,,,,,,,,,,,,,,,,,,,,,,,,,,,,,,,,,,,,,,,,,,,,,,,,,,,,,,,,,,,
2025121212,3.731,0.0,0.0,0.0,0.0,0.0,0.0,0.0,0.0,0.0,0.0,0.436,1.121,1.99,2.766,3.668,4.829,6.05,8.136,11.745,17.162,31.312,52.0,0.0,9.0,0.0,4.0,37.0,2.0,0.0,19.0,0.0,0.416,,9.391,0.0,0.0,0.0,0.0,0.0,0.598,1.444,2.431,3.539,0.0,4.583,5.711,7.198,8.865,10.937,13.252,16.779,19.889,25.609,36.331,55.046,72.0,0.0,26.0,0.0,0.0,0.0,10.0,1.0,43.0,0.0,30.415,0.0,3.793,6.285,8.725,11.497,13.069,15.872,19.167,21.577,0.607,24.407,27.29,30.585,34.001,37.599,41.704,47.847,53.012,63.518,81.268,129.103,71.0,1.0,92.0,0.0,48.0,0.0,0.0,0.0,17.0,6.0,7.112,0.0,0.0,0.0,0.0,0.0,0.0,0.0,0.0,0.0,0.0,0.0,0.0,0.0,0.355,1.08,1.838,2.917,4.282,6.419,11.2,21.072,36.0,4.0,1.0,22.0,1.0,0.0,0.0,10.0,0.0,0.0,51.037,0.596,11.642,16.025,19.548,22.798,26.313,29.805,34.364,38.279,6.39,42.394,46.93,50.692,55.797,62.184,69.507,75.99,85.025,99.554,127.202,191.299,5.0,1.0,71.0,0.0,0.0,40.0,0.0,95.0,0.0,20.0,272.09,,,,,,,,,,,,,,,,,,,0.043,0.0,0.0,0.0,0.0,0.013,0.15,0.221,32.0,20.0,16.0,12.0,11.0,7.0,4.0,4.0,0.0,0.0,0.064,0.0,0.0,0.0,0.0,0.033,0.183,0.307,31.0,24.0,17.0,14.0,10.0,7.0,3.0,1.0,0.0,0.0,0.033,0.0,0.0,0.0,0.0,0.0,0.076,0.17,19.0,17.0,13.0,11.0,10.0,9.0,7.0,3.0,3.0,2.0,0.081,0.0,0.0,0.0,0.015,0.064,0.213,0.307,47.0,23.0,17.0,14.0,8.0,5.0,1.0,0.0,0.0,0.0,1.0,1.0,,,,,,,,,,,17.0,20.0,17.0,21.0,28.0,34.0,35.0,0.0,0.0,0.0,0.0,0.0,23.0,,273.26,2.91,,0.0,1.0,,0.025,0.0,0.0,0.0,0.0,0.0,0.0,0.0,1.0,0.0,0.0,0.0,0.0,0.0,0.0,0.0,0.0,0.0,0.0,0.0,2.0,0.0,0.0,0.0,0.0,0.025,0.0,0.0,0.0,0.0,0.0,0.0,0.0,1.0,0.0,0.0,0.0,0.0,0.025,0.0,0.0,0.0,0.0,0.0,0.0,0.0,2.0,0.0,0.0,0.0,0.0,4.0,9.999e+20,6.1,1.2,2.0,2.8,2.8,3.2,3.2,3.6,4.04961,4.48296,1.6,4.94588,5.41286,5.49343,5.94167,6.86279,7.43651,8.32011,8.87968,11.4152,16.1497,19.245,6.07032,4.30425,10.0,6.0,3.0,1.0,0.0,0.0,0.0,17.0,3.0,9.999e+20,9.999e+20,9.999e+20,9.999e+20,9.999e+20,,,,,,,,,,,,,,,,,,,,,,,,,,,,,,,,,,,,,,,,,,,,,,,,,,,,,,,,,,,,,,,,,,,,,,,,,,,,,,,,,,,,,,,,,,,,,,,,,,,,,,,,,,,,,,,,,,,,,,,,,,,,48.0,6.0,21.6,1.2,22.0,0.0,,89.0,,,,,,,,,,,,,,,,,,,,,,,,,,,,,,,,,,,,,,,,,,,,,,,,,,,,,,,,,,,,,4.2,0.4,0.6,0.1,1.8,6.4,11.4,12.9,1680.0,520.0,1088.0,328.0,2048.0,2216.0,2352.0,2408.0,,,74.0,14.0,,,,273.3,2.74,,274.72,2.94,,,,,,,,,,,,,,,,,,,,,,,,,,,,,,,,,,,,,,,,,,,,,,,,,,,,,,,,,,,,,9.999e+20,260.0,2.4,180.0,3.5,7.0,1.0,,,0.0,3.0,,,,,,,460.0,260.0,260.0,260.0,,274.1,2.4,0.0,0.8,1.2,1.2,1.2,1.6,1.6,2.0,2.0,0.0,2.0,2.4,2.4,2.8,2.8,3.2,3.6,4.0,4.4,5.6,6.76302,2.44651,1.40202,0.0,0.0,0.0,0.0,20.0,0.0,6.0,0.0,2.8,3.2,
2025121213,,,,,,,,,,,,,,,,,,,,,,,,,,,,,,,,,0.306,,,,,,,,,,,,,,,,,,,,,,,,,,,,,,,,,,,,,,,,,,,,,,,,,,,,,,,,,,,,,,,,,,,,,,,,,,,,,,,,,,,,,,,,,,,,,,,,,,,,,,,,,,,,,,,,,,,,,,,,,,,,,,,,,,,,,,,,,,,,,,,,,,,,,,,,,,,,,,,,,,,,,,,,,,,,,,,,,,,,,,,,,,,,,,,,,,,,,,,,,,,,,,,,,,,,,,,,,,,,,,,,,,,,,,,,,,,,,,,,,,,,,,,,,,,,,,,,,,,,,,,,,,,,,,,,,,,,,,,,,,,,,,,,,,,,,,,,,,,,,,,,,,,,,,,,,,,,,,,,,,,,,,,,,,,,,,,,,,,,,,,,,,,,,,,,,,,,,,,,,,,,,,,,,,,,,,,,,,,,,,,,,,,,,,,,,,,,,,,,,,,,,,,,,,,,,,,,,,,,,,,,,,,,,,,,,,,,,,,,,,,,,,,,,,,,,,,,,,,,,,,,,,,,,,,,,,,,,,,,,,,,,,,,,,,,,,,,,,,,,,,,,,,,,,,,,,,,,,,,,,,,,,,,,,,,,,,,,,,,,,,,,,,,,,,,,,,,,,,,,,,,,,,,,,,,,,,,,,,,,,,,,,,,,,,,,,,,,,,,,,,,,,,,,,,,,,,,,,,,,,,,,,,,,,,,,,,,,,,,,,,,,,,,,,,,,,,,,,,,,,,,,,,,,,,,,,,,,,,,
2025121214,,,,,,,,,,,,,,,,,,,,,,,,,,,,,,,,,0.287,,,,,,,,,,,,,,,,,,,,,,,,,,,,,,,,,,,,,,,,,,,,,,,,,,,,,,,,,,,,,,,,,,,,,,,,,,,,,,,,,,,,,,,,,,,,,,,,,,,,,,,,,,,,,,,,,,,,,,,,,,,,,,,,,,,,,,,,,,,,,,,,,,,,,,,,,,,,,,,,,,,,,,,,,,,,,,,,,,,,,,,,,,,,,,,,,,,,,,,,,,,,,,,,,,,,,,,,,,,,,,,,,,,,,,,,,,,,,,,,,,,,,,,,,,,,,,,,,,,,,,,,,,,,,,,,,,,,,,,,,,,,,,,,,,,,,,,,,,,,,,,,,,,,,,,,,,,,,,,,,,,,,,,,,,,,,,,,,,,,,,,,,,,,,,,,,,,,,,,,,,,,,,,,,,,,,,,,,,,,,,,,,,,,,,,,,,,,,,,,,,,,,,,,,,,,,,,,,,,,,,,,,,,,,,,,,,,,,,,,,,,,,,,,,,,,,,,,,,,,,,,,,,,,,,,,,,,,,,,,,,,,,,,,,,,,,,,,,,,,,,,,,,,,,,,,,,,,,,,,,,,,,,,,,,,,,,,,,,,,,,,,,,,,,,,,,,,,,,,,,,,,,,,,,,,,,,,,,,,,,,,,,,,,,,,,,,,,,,,,,,,,,,,,,,,,,,,,,,,,,,,,,,,,,,,,,,,,,,,,,,,,,,,,,,,,,,,,,,,,,,,,,,,,,,,,,,,,,,,,
2025121215,,,,,,,,,,,,,,,,,,,,,,,,,,,,,,,,,0.356,,,,,,,,,,,,,,,,,,,,,,,,,,,,,,,,,,,,,,,,,,,,,,,,,,,,,,,,,,,,,,,,,,,,,,,,,,,,,,,,,,,,,,,,,,,,,,,,,,,,,,,,,,,,,,,,,,,,,,,,,,,,,,,,,,272.26,,,,,,,,,,,,,,,,,,,,,,,,,,,,,,,,,,,,,,,,,,,,,,,,,,,,,,,,,,,,,,,,,,,,,,,,,,,,,,,,,,,,,,,,,,,1.0,2.0,,,,,,,,,,,17.0,20.0,17.0,22.0,30.0,34.0,35.0,0.0,0.0,0.0,0.0,0.0,24.0,,273.44,2.66,,0.0,2.0,,,,,,,,,,,,,,,,,,,,,,,,,,,,,,,,,,,,,,,,,,,,,,,,,,,,,,9.999e+20,5.7,1.2,2.0,2.8,3.2,3.6,3.6,4.0,4.0583,4.57544,2.0,4.63125,5.08942,5.59847,6.08595,6.21624,6.72662,7.71613,8.99098,9.94424,13.9058,21.1381,5.71166,4.01556,9.0,3.0,2.0,2.0,0.0,0.0,0.0,16.0,,9.999e+20,9.999e+20,9.999e+20,9.999e+20,9.999e+20,,,,,,,,,,,,,,,,,,,,,,,,,,,,,,,,,,,,,,,,,,,,,,,,,,,,,,,,,,,,,,,,,,,,,,,,,,,,,,,,,,,,,,,,,,,,,,,,,,,,,,,,,,,,,,,,,,,,,,,,,,,,56.0,,21.6,1.2,17.2,0.0,,90.0,,,,,,,,,,,,,,,,,,,,,,,,,,,,,,,,,,,,,,,,,,,,,,,,,,,,,,,,,,,,,3.9,0.2,0.7,0.0,1.8,5.0,11.6,13.3,1680.0,624.0,1208.0,456.0,2008.0,2176.0,2264.0,2376.0,,,75.0,15.0,,,,,,,274.77,2.66,,,,,,,,,,,,,,,,,,,,,,,,,,,,,,,,,,,,,,,,,,,,,,,,,,,,,,,,,,,,,9.999e+20,,,200.0,4.1,,,,,,3.0,,,,,,,548.0,260.0,260.0,260.0,,274.4,2.5,0.0,0.8,0.8,1.2,1.2,1.6,1.6,1.6,2.0,0.4,2.0,2.4,2.8,2.8,2.8,3.2,3.6,4.0,4.4,4.91023,7.50128,2.52076,1.47237,0.0,0.0,0.0,0.0,20.0,0.0,3.0,0.0,2.9,2.9,
2025121216,,,,,,,,,,,,,,,,,,,,,,,,,,,,,,,,,0.299,,,,,,,,,,,,,,,,,,,,,,,,,,,,,,,,,,,,,,,,,,,,,,,,,,,,,,,,,,,,,,,,,,,,,,,,,,,,,,,,,,,,,,,,,,,,,,,,,,,,,,,,,,,,,,,,,,,,,,,,,,,,,,,,,,,,,,,,,,,,,,,,,,,,,,,,,,,,,,,,,,,,,,,,,,,,,,,,,,,,,,,,,,,,,,,,,,,,,,,,,,,,,,,,,,,,,,,,,,,,,,,,,,,,,,,,,,,,,,,,,,,,,,,,,,,,,,,,,,,,,,,,,,,,,,,,,,,,,,,,,,,,,,,,,,,,,,,,,,,,,,,,,,,,,,,,,,,,,,,,,,,,,,,,,,,,,,,,,,,,,,,,,,,,,,,,,,,,,,,,,,,,,,,,,,,,,,,,,,,,,,,,,,,,,,,,,,,,,,,,,,,,,,,,,,,,,,,,,,,,,,,,,,,,,,,,,,,,,,,,,,,,,,,,,,,,,,,,,,,,,,,,,,,,,,,,,,,,,,,,,,,,,,,,,,,,,,,,,,,,,,,,,,,,,,,,,,,,,,,,,,,,,,,,,,,,,,,,,,,,,,,,,,,,,,,,,,,,,,,,,,,,,,,,,,,,,,,,,,,,,,,,,,,,,,,,,,,,,,,,,,,,,,,,,,,,,,,,,,,,,,,,,,,,,,,,,,,,,,,,,,,,,,,,,,,,,,,,,,,,,,,,,,,,,,,,,,,,,,,,
2025121217,,,,,,,,,,,,,,,,,,,,,,,,,,,,,,,,,0.258,,,,,,,,,,,,,,,,,,,,,,,,,,,,,,,,,,,,,,,,,,,,,,,,,,,,,,,,,,,,,,,,,,,,,,,,,,,,,,,,,,,,,,,,,,,,,,,,,,,,,,,,,,,,,,,,,,,,,,,,,,,,,,,,,,,,,,,,,,,,,,,,,,,,,,,,,,,,,,,,,,,,,,,,,,,,,,,,,,,,,,,,,,,,,,,,,,,,,,,,,,,,,,,,,,,,,,,,,,,,,,,,,,,,,,,,,,,,,,,,,,,,,,,,,,,,,,,,,,,,,,,,,,,,,,,,,,,,,,,,,,,,,,,,,,,,,,,,,,,,,,,,,,,,,,,,,,,,,,,,,,,,,,,,,,,,,,,,,,,,,,,,,,,,,,,,,,,,,,,,,,,,,,,,,,,,,,,,,,,,,,,,,,,,,,,,,,,,,,,,,,,,,,,,,,,,,,,,,,,,,,,,,,,,,,,,,,,,,,,,,,,,,,,,,,,,,,,,,,,,,,,,,,,,,,,,,,,,,,,,,,,,,,,,,,,,,,,,,,,,,,,,,,,,,,,,,,,,,,,,,,,,,,,,,,,,,,,,,,,,,,,,,,,,,,,,,,,,,,,,,,,,,,,,,,,,,,,,,,,,,,,,,,,,,,,,,,,,,,,,,,,,,,,,,,,,,,,,,,,,,,,,,,,,,,,,,,,,,,,,,,,,,,,,,,,,,,,,,,,,,,,,,,,,,,,,,,,,,,,,
2025121218,3.533,0.0,0.0,0.0,0.0,0.0,0.0,0.0,0.0,0.0,0.0,0.0,0.313,0.959,1.75,2.689,3.765,5.24,7.471,10.988,17.718,37.687,45.0,0.0,9.0,0.0,4.0,31.0,2.0,0.0,18.0,0.0,0.278,,,,,,,,,,,,,,,,,,,,,,,,,,,,,,,,,,,,,,,,,,,,,,,,,,,,,,,,,,,,,,,,,,6.604,0.0,0.0,0.0,0.0,0.0,0.0,0.0,0.0,0.0,0.0,0.0,0.0,0.0,0.296,0.91,1.405,2.193,3.262,5.208,9.126,18.832,35.0,3.0,1.0,18.0,0.0,0.0,0.0,8.0,0.0,0.0,,,,,,,,,,,,,,,,,,,,,,,,,,,,,,,,,273.57,,,,,,,,,,,,,,,,,,,0.058,,,,,,,,,,,,,,,,,,0.074,,,,,,,,,,,,,,,,,,0.015,0.0,0.0,0.0,0.0,0.0,0.03,0.079,19.0,12.0,10.0,7.0,4.0,4.0,3.0,1.0,0.0,0.0,0.094,,,,,,,,,,,,,,,,,,1.0,1.0,,,,,,,,,,,13.0,22.0,13.0,26.0,31.0,34.0,34.0,0.0,0.0,0.0,0.0,0.0,25.4,,275.65,2.49,,4.0,2.0,,0.076,,,,,,,,,,,,,,,,,,,,,,,,,0.051,0.0,0.0,0.0,0.0,0.0,0.0,0.0,1.0,0.0,1.0,0.0,1.0,0.076,,,,,,,,,,,,,4.0,9.999e+20,6.7,1.6,2.8,3.2,3.6,3.6,4.0,4.4,4.8,4.8,2.4,5.2,6.0,6.07678,6.62249,7.05818,7.48578,7.99279,10.4423,12.9695,16.3932,24.4451,6.6752,4.79636,14.0,9.0,3.0,2.0,1.0,0.0,0.0,18.0,3.0,9.999e+20,9.999e+20,9.999e+20,9.999e+20,9.999e+20,,,,,,,,,,,,,,,,,,,,,,,,,,,,,,,,,,,,,,,,,,,,,,,,,,,,,,,,,,,,,,,,,,,,,,,,,,,,,,,,,,,,,,,,,,,,,,,,,,,,,,,,,,,,,,,,,,,,,,,,,,94.0,,32.0,,24.0,0.0,16.0,0.0,,94.0,,,,,,,,,,,,,,,,,,,,,,,,,,,,,,,,,,,,,,,,,,,,,,,,,,,,,,,,,,,,,3.8,0.0,0.7,0.0,1.9,4.4,11.4,13.8,1736.0,880.0,1432.0,648.0,1984.0,2128.0,2240.0,2360.0,,,73.0,13.0,,,,,,3.05676,276.49,2.49,,,,,,,,,,,,,,,,,,,,,,,,,,,,,,,274.486,267.812,270.409,270.545,271.274,271.878,272.128,272.632,273.125,274.229,269.24,274.311,274.948,275.228,276.143,276.922,277.301,277.663,278.136,278.449,279.292,279.802,0.0,0.0,0.0,0.0,0.0,17.0,40.0,0.0,9.999e+20,,,240.0,4.4,,1.0,,,1.0,4.0,,,,,,,518.0,260.0,260.0,260.0,,276.4,3.3,0.4,1.2,1.6,1.6,1.6,2.0,2.0,2.0,2.4,1.2,2.4,2.8,2.8,3.2,3.6,4.0,4.0,4.4,6.0,7.06697,10.0638,2.87603,2.25651,1.0,0.0,0.0,0.0,29.0,0.0,11.0,4.0,3.7,4.1,
2025121219,,,,,,,,,,,,,,,,,,,,,,,,,,,,,,,,,0.251,,,,,,,,,,,,,,,,,,,,,,,,,,,,,,,,,,,,,,,,,,,,,,,,,,,,,,,,,,,,,,,,,,,,,,,,,,,,,,,,,,,,,,,,,,,,,,,,,,,,,,,,,,,,,,,,,,,,,,,,,,,,,,,,,,,,,,,,,,,,,,,,,,,,,,,,,,,,,,,,,,,,,,,,,,,,,,,,,,,,,,,,,,,,,,,,,,,,,,,,,,,,,,,,,,,,,,,,,,,,,,,,,,,,,,,,,,,,,,,,,,,,,,,,,,,,,,,,,,,,,,,,,,,,,,,,,,,,,,,,,,,,,,,,,,,,,,,,,,,,,,,,,,,,,,,,,,,,,,,,,,,,,,,,,,,,,,,,,,,,,,,,,,,,,,,,,,,,,,,,,,,,,,,,,,,,,,,,,,,,,,,,,,,,,,,,,,,,,,,,,,,,,,,,,,,,,,,,,,,,,,,,,,,,,,,,,,,,,,,,,,,,,,,,,,,,,,,,,,,,,,,,,,,,,,,,,,,,,,,,,,,,,,,,,,,,,,,,,,,,,,,,,,,,,,,,,,,,,,,,,,,,,,,,,,,,,,,,,,,,,,,,,,,,,,,,,,,,,,,,,,,,,,,,,,,,,,,,,,,,,,,,,,,,,,,,,,,,,,,,,,,,,,,,,,,,,,,,,,,,,,,,,,,,,,,,,,,,,,,,,,,,,,,,,,,,,,,,,,,,,,,,,,,,,,,,,,,,,,,,
2025121220,,,,,,,,,,,,,,,,,,,,,,,,,,,,,,,,,0.313,,,,,,,,,,,,,,,,,,,,,,,,,,,,,,,,,,,,,,,,,,,,,,,,,,,,,,,,,,,,,,,,,,,,,,,,,,,,,,,,,,,,,,,,,,,,,,,,,,,,,,,,,,,,,,,,,,,,,,,,,,,,,,,,,,,,,,,,,,,,,,,,,,,,,,,,,,,,,,,,,,,,,,,,,,,,,,,,,,,,,,,,,,,,,,,,,,,,,,,,,,,,,,,,,,,,,,,,,,,,,,,,,,,,,,,,,,,,,,,,,,,,,,,,,,,,,,,,,,,,,,,,,,,,,,,,,,,,,,,,,,,,,,,,,,,,,,,,,,,,,,,,,,,,,,,,,,,,,,,,,,,,,,,,,,,,,,,,,,,,,,,,,,,,,,,,,,,,,,,,,,,,,,,,,,,,,,,,,,,,,,,,,,,,,,,,,,,,,,,,,,,,,,,,,,,,,,,,,,,,,,,,,,,,,,,,,,,,,,,,,,,,,,,,,,,,,,,,,,,,,,,,,,,,,,,,,,,,,,,,,,,,,,,,,,,,,,,,,,,,,,,,,,,,,,,,,,,,,,,,,,,,,,,,,,,,,,,,,,,,,,,,,,,,,,,,,,,,,,,,,,,,,,,,,,,,,,,,,,,,,,,,,,,,,,,,,,,,,,,,,,,,,,,,,,,,,,,,,,,,,,,,,,,,,,,,,,,,,,,,,,,,,,,,,,,,,,,,,,,,,,,,,,,,,,,,,,,,,,,,
2025121221,,,,,,,,,,,,,,,,,,,,,,,,,,,,,,,,,0.304,,,,,,,,,,,,,,,,,,,,,,,,,,,,,,,,,,,,,,,,,,,,,,,,,,,,,,,,,,,,,,,,,,,,,,,,,,,,,,,,,,,,,,,,,,,,,,,,,,,,,,,,,,,,,,,,,,,,,,,,,,,,,,,,,,275.49,,,,,,,,,,,,,,,,,,,,,,,,,,,,,,,,,,,,,,,,,,,,,,,,,,,,,,,,,,,,,,,,,,,,,,,,,,,,,,,,,,,,,,,,,,,2.0,2.0,,,,,,,,,,,11.0,20.0,11.0,26.0,32.0,34.0,34.0,0.0,0.0,0.0,0.0,0.0,25.2,,276.55,2.17,,35.0,3.0,,,,,,,,,,,,,,,,,,,,,,,,,,,,,,,,,,,,,,,,,,,,,,,,,,,,,,9.999e+20,6.5,1.6,2.4,2.8,3.2,3.2,3.6,4.0,4.50507,4.6763,2.0,5.12107,5.55816,6.0062,6.44366,6.9319,7.15652,8.81136,10.6313,12.7893,16.2576,22.7536,6.54766,4.75956,13.0,7.0,5.0,3.0,1.0,0.0,0.0,21.0,,9.999e+20,9.999e+20,9.999e+20,9.999e+20,9.999e+20,,,,,,,,,,,,,,,,,,,,,,,,,,,,,,,,,,,,,,,,,,,,,,,,,,,,,,,,,,,,,,,,,,,,,,,,,,,,,,,,,,,,,,,,,,,,,,,,,,,,,,,,,,,,,,,,,,,,,,,,,,,,16.0,,25.6,0.0,13.2,0.0,,92.0,,,,,,,,,,,,,,,,,,,,,,,,,,,,,,,,,,,,,,,,,,,,,,,,,,,,,,,,,,,,,3.8,0.0,0.6,0.0,1.9,4.5,12.3,15.0,1784.0,864.0,1504.0,704.0,1992.0,2136.0,2256.0,2296.0,,,71.0,12.0,,,,,,,277.86,2.17,,,,,,,,,,,,,,,,,,,,,,,,,,,,,,,,,,,,,,,,,,,,,,,,,,,,,,,,,,,,,9.999e+20,,,240.0,4.7,,,,,,4.0,,,,,,,470.0,250.0,250.0,250.0,,278.0,2.9,0.4,0.8,0.8,0.8,1.2,1.2,1.6,2.0,2.0,0.4,2.0,2.4,2.4,2.8,3.2,3.2,3.6,4.4,5.6,8.64524,10.7702,2.91715,2.61906,1.0,0.0,0.0,0.0,20.0,0.0,11.0,6.0,3.3,3.7,
2025121222,,,,,,,,,,,,,,,,,,,,,,,,,,,,,,,,,0.248,,,,,,,,,,,,,,,,,,,,,,,,,,,,,,,,,,,,,,,,,,,,,,,,,,,,,,,,,,,,,,,,,,,,,,,,,,,,,,,,,,,,,,,,,,,,,,,,,,,,,,,,,,,,,,,,,,,,,,,,,,,,,,,,,,,,,,,,,,,,,,,,,,,,,,,,,,,,,,,,,,,,,,,,,,,,,,,,,,,,,,,,,,,,,,,,,,,,,,,,,,,,,,,,,,,,,,,,,,,,,,,,,,,,,,,,,,,,,,,,,,,,,,,,,,,,,,,,,,,,,,,,,,,,,,,,,,,,,,,,,,,,,,,,,,,,,,,,,,,,,,,,,,,,,,,,,,,,,,,,,,,,,,,,,,,,,,,,,,,,,,,,,,,,,,,,,,,,,,,,,,,,,,,,,,,,,,,,,,,,,,,,,,,,,,,,,,,,,,,,,,,,,,,,,,,,,,,,,,,,,,,,,,,,,,,,,,,,,,,,,,,,,,,,,,,,,,,,,,,,,,,,,,,,,,,,,,,,,,,,,,,,,,,,,,,,,,,,,,,,,,,,,,,,,,,,,,,,,,,,,,,,,,,,,,,,,,,,,,,,,,,,,,,,,,,,,,,,,,,,,,,,,,,,,,,,,,,,,,,,,,,,,,,,,,,,,,,,,,,,,,,,,,,,,,,,,,,,,,,,,,,,,,,,,,,,,,,,,,,,,,,,,,,,,,,,,,,,,,,,,,,,,,,,,,,,,,,,,,,,
2025121223,,,,,,,,,,,,,,,,,,,,,,,,,,,,,,,,,0.196,,,,,,,,,,,,,,,,,,,,,,,,,,,,,,,,,,,,,,,,,,,,,,,,,,,,,,,,,,,,,,,,,,,,,,,,,,,,,,,,,,,,,,,,,,,,,,,,,,,,,,,,,,,,,,,,,,,,,,,,,,,,,,,,,,,,,,,,,,,,,,,,,,,,,,,,,,,,,,,,,,,,,,,,,,,,,,,,,,,,,,,,,,,,,,,,,,,,,,,,,,,,,,,,,,,,,,,,,,,,,,,,,,,,,,,,,,,,,,,,,,,,,,,,,,,,,,,,,,,,,,,,,,,,,,,,,,,,,,,,,,,,,,,,,,,,,,,,,,,,,,,,,,,,,,,,,,,,,,,,,,,,,,,,,,,,,,,,,,,,,,,,,,,,,,,,,,,,,,,,,,,,,,,,,,,,,,,,,,,,,,,,,,,,,,,,,,,,,,,,,,,,,,,,,,,,,,,,,,,,,,,,,,,,,,,,,,,,,,,,,,,,,,,,,,,,,,,,,,,,,,,,,,,,,,,,,,,,,,,,,,,,,,,,,,,,,,,,,,,,,,,,,,,,,,,,,,,,,,,,,,,,,,,,,,,,,,,,,,,,,,,,,,,,,,,,,,,,,,,,,,,,,,,,,,,,,,,,,,,,,,,,,,,,,,,,,,,,,,,,,,,,,,,,,,,,,,,,,,,,,,,,,,,,,,,,,,,,,,,,,,,,,,,,,,,,,,,,,,,,,,,,,,,,,,,,,,,,,,,,
2025121300,3.175,0.0,0.0,0.0,0.0,0.0,0.0,0.0,0.0,0.0,0.0,0.0,0.058,0.589,1.197,1.994,2.839,4.271,6.143,9.493,15.766,41.807,43.0,0.0,7.0,0.0,4.0,27.0,3.0,0.0,15.0,0.0,0.299,,7.592,0.0,0.0,0.0,0.0,0.0,0.0,0.007,0.471,1.297,0.0,2.085,3.111,4.357,5.684,7.291,9.546,11.915,16.231,23.066,33.315,59.14,62.0,0.0,19.0,0.0,0.0,0.0,9.0,2.0,33.0,0.0,,,,,,,,,,,,,,,,,,,,,,,,,,,,,,,,,4.318,0.0,0.0,0.0,0.0,0.0,0.0,0.0,0.0,0.0,0.0,0.0,0.0,0.0,0.022,0.435,1.135,1.853,2.786,4.432,9.215,22.09,32.0,3.0,2.0,16.0,1.0,0.0,0.0,7.0,0.0,0.0,,,,,,,,,,,,,,,,,,,,,,,,,,,,,,,,,274.34,,,,,,,,,,,,,,,,,,,0.061,0.0,0.0,0.0,0.0,0.008,0.142,0.287,29.0,23.0,20.0,14.0,10.0,10.0,8.0,5.0,4.0,0.0,0.074,0.0,0.0,0.0,0.0,0.043,0.216,0.401,31.0,27.0,18.0,13.0,12.0,8.0,5.0,0.0,0.0,0.0,0.008,0.0,0.0,0.0,0.0,0.0,0.013,0.036,15.0,7.0,4.0,3.0,2.0,1.0,1.0,0.0,0.0,0.0,0.094,0.0,0.0,0.0,0.008,0.061,0.272,0.422,43.0,23.0,16.0,14.0,10.0,6.0,4.0,1.0,0.0,0.0,1.0,1.0,,,,,,,,,,,11.0,17.0,11.0,30.0,32.0,35.0,35.0,0.0,0.0,0.0,0.0,0.0,26.3,,275.53,1.16,,34.0,3.0,,0.076,0.0,0.0,0.0,0.0,0.0,0.0,0.0,2.0,0.0,1.0,0.0,1.0,0.0,0.0,0.0,0.0,0.0,0.0,0.0,2.0,0.0,1.0,0.0,1.0,0.0,0.0,0.0,0.0,0.0,0.0,0.0,0.0,1.0,0.0,0.0,0.0,0.0,0.076,0.0,0.0,0.0,0.0,0.0,0.0,0.0,2.0,0.0,1.0,0.0,1.0,3.2,9.999e+20,5.9,1.2,1.6,2.0,2.0,2.4,2.8,3.2,3.6,4.0,1.6,4.0,4.8,4.8,5.6,6.28838,6.76612,7.60805,9.27904,11.2337,17.0259,22.4802,5.91623,4.73025,11.0,7.0,5.0,3.0,0.0,0.0,0.0,17.0,3.0,9.999e+20,9.999e+20,9.999e+20,9.999e+20,9.999e+20,,,,,,,,,,,,,,,,,,,,,,,,,,,,,,,,,,,,,,,,,,,,,,,,,,,,,,,,,,,,,,,,,,,,,,,,,,,,,,,,,,,,,,,,,,,,,,,,,,,,,,,,,,,,,,,,,,,,,,,,,,,,0.0,6.0,20.4,0.0,18.4,0.0,,94.0,,,,,,,,,,,,,,,,,,,,,,,,,,,,,,,,,,,,,,,,,,,,,,,,,,,,,,,,,,,,,4.2,0.0,0.5,0.0,1.9,5.3,12.8,15.7,1736.0,864.0,1560.0,400.0,2000.0,2128.0,2288.0,2312.0,,,72.0,12.0,,278.39,2.54,,,,276.67,1.5,,,,,,,,,,,,,,,,,,,,,,,,,,,,,,,,,,,,,,,,,,,,,,,,,,,,,,,,,,,,,9.999e+20,,,270.0,4.9,6.0,1.0,,,1.0,4.0,,,,,,,376.0,270.0,270.0,270.0,,276.2,2.5,0.0,0.4,0.4,0.8,0.8,0.8,1.2,1.6,1.6,0.4,2.0,2.0,2.0,2.4,2.8,2.8,3.2,3.6,4.4,7.2,9.64632,2.454,2.19536,0.0,0.0,0.0,0.0,15.0,0.0,7.0,3.0,2.5,2.9,
2025121301,,,,,,,,,,,,,,,,,,,,,,,,,,,,,,,,,0.314,,,,,,,,,,,,,,,,,,,,,,,,,,,,,,,,,,,,,,,,,,,,,,,,,,,,,,,,,,,,,,,,,,,,,,,,,,,,,,,,,,,,,,,,,,,,,,,,,,,,,,,,,,,,,,,,,,,,,,,,,,,,,,,,,,,,,,,,,,,,,,,,,,,,,,,,,,,,,,,,,,,,,,,,,,,,,,,,,,,,,,,,,,,,,,,,,,,,,,,,,,,,,,,,,,,,,,,,,,,,,,,,,,,,,,,,,,,,,,,,,,,,,,,,,,,,,,,,,,,,,,,,,,,,,,,,,,,,,,,,,,,,,,,,,,,,,,,,,,,,,,,,,,,,,,,,,,,,,,,,,,,,,,,,,,,,,,,,,,,,,,,,,,,,,,,,,,,,,,,,,,,,,,,,,,,,,,,,,,,,,,,,,,,,,,,,,,,,,,,,,,,,,,,,,,,,,,,,,,,,,,,,,,,,,,,,,,,,,,,,,,,,,,,,,,,,,,,,,,,,,,,,,,,,,,,,,,,,,,,,,,,,,,,,,,,,,,,,,,,,,,,,,,,,,,,,,,,,,,,,,,,,,,,,,,,,,,,,,,,,,,,,,,,,,,,,,,,,,,,,,,,,,,,,,,,,,,,,,,,,,,,,,,,,,,,,,,,,,,,,,,,,,,,,,,,,,,,,,,,,,,,,,,,,,,,,,,,,,,,,,,,,,,,,,,,,,,,,,,,,,,,,,,,,,,,,,,,,,,,,
2025121302,,,,,,,,,,,,,,,,,,,,,,,,,,,,,,,,,0.256,,,,,,,,,,,,,,,,,,,,,,,,,,,,,,,,,,,,,,,,,,,,,,,,,,,,,,,,,,,,,,,,,,,,,,,,,,,,,,,,,,,,,,,,,,,,,,,,,,,,,,,,,,,,,,,,,,,,,,,,,,,,,,,,,,,,,,,,,,,,,,,,,,,,,,,,,,,,,,,,,,,,,,,,,,,,,,,,,,,,,,,,,,,,,,,,,,,,,,,,,,,,,,,,,,,,,,,,,,,,,,,,,,,,,,,,,,,,,,,,,,,,,,,,,,,,,,,,,,,,,,,,,,,,,,,,,,,,,,,,,,,,,,,,,,,,,,,,,,,,,,,,,,,,,,,,,,,,,,,,,,,,,,,,,,,,,,,,,,,,,,,,,,,,,,,,,,,,,,,,,,,,,,,,,,,,,,,,,,,,,,,,,,,,,,,,,,,,,,,,,,,,,,,,,,,,,,,,,,,,,,,,,,,,,,,,,,,,,,,,,,,,,,,,,,,,,,,,,,,,,,,,,,,,,,,,,,,,,,,,,,,,,,,,,,,,,,,,,,,,,,,,,,,,,,,,,,,,,,,,,,,,,,,,,,,,,,,,,,,,,,,,,,,,,,,,,,,,,,,,,,,,,,,,,,,,,,,,,,,,,,,,,,,,,,,,,,,,,,,,,,,,,,,,,,,,,,,,,,,,,,,,,,,,,,,,,,,,,,,,,,,,,,,,,,,,,,,,,,,,,,,,,,,,,,,,,,,,,,,,
2025121303,,,,,,,,,,,,,,,,,,,,,,,,,,,,,,,,,0.236,,,,,,,,,,,,,,,,,,,,,,,,,,,,,,,,,,,,,,,,,,,,,,,,,,,,,,,,,,,,,,,,,,,,,,,,,,,,,,,,,,,,,,,,,,,,,,,,,,,,,,,,,,,,,,,,,,,,,,,,,,,,,,,,,,272.51,,,,,,,,,,,,,,,,,,,,,,,,,,,,,,,,,,,,,,,,,,,,,,,,,,,,,,,,,,,,,,,,,,,,,,,,,,,,,,,,,,,,,,,,,,,1.0,2.0,,,,,,,,,,,12.0,19.0,12.0,26.0,32.0,34.0,34.0,0.0,0.0,0.0,0.0,0.0,25.0,,274.18,0.81,,0.0,3.0,,,,,,,,,,,,,,,,,,,,,,,,,,,,,,,,,,,,,,,,,,,,,,,,,,,,,,9.999e+20,6.2,1.2,1.6,1.6,2.0,2.0,2.4,2.8,3.2,3.6,1.2,4.03182,4.58806,4.70161,5.60768,6.53117,6.99886,8.34854,10.4996,14.4987,18.822,21.3726,5.80529,5.38292,13.0,9.0,9.0,2.0,1.0,0.0,0.0,19.0,,9.999e+20,9.999e+20,9.999e+20,9.999e+20,9.999e+20,,,,,,,,,,,,,,,,,,,,,,,,,,,,,,,,,,,,,,,,,,,,,,,,,,,,,,,,,,,,,,,,,,,,,,,,,,,,,,,,,,,,,,,,,,,,,,,,,,,,,,,,,,,,,,,,,,,,,,,,,,,,48.0,,19.2,0.0,22.0,0.0,,92.0,,,,,,,,,,,,,,,,,,,,,,,,,,,,,,,,,,,,,,,,,,,,,,,,,,,,,,,,,,,,,4.8,0.0,0.6,0.0,1.8,9.2,13.8,16.0,1656.0,600.0,1168.0,208.0,1936.0,2136.0,2272.0,2344.0,,,68.0,13.0,,,,,,,275.25,0.84,,,,,,,,,,,,,,,,,,,,,,,,,,,,,,,,,,,,,,,,,,,,,,,,,,,,,,,,,,,,,9.999e+20,,,260.0,5.3,,,,,,3.0,,,,,,,698.0,260.0,260.0,260.0,,274.4,2.5,0.4,0.4,0.4,0.8,0.8,1.2,1.2,1.6,1.6,0.4,1.6,2.0,2.4,2.8,3.2,3.2,3.6,4.8,5.6,7.2,8.6872,2.50919,1.95062,0.0,0.0,0.0,0.0,21.0,0.0,11.0,2.0,2.9,3.3,
2025121304,,,,,,,,,,,,,,,,,,,,,,,,,,,,,,,,,0.287,,,,,,,,,,,,,,,,,,,,,,,,,,,,,,,,,,,,,,,,,,,,,,,,,,,,,,,,,,,,,,,,,,,,,,,,,,,,,,,,,,,,,,,,,,,,,,,,,,,,,,,,,,,,,,,,,,,,,,,,,,,,,,,,,,,,,,,,,,,,,,,,,,,,,,,,,,,,,,,,,,,,,,,,,,,,,,,,,,,,,,,,,,,,,,,,,,,,,,,,,,,,,,,,,,,,,,,,,,,,,,,,,,,,,,,,,,,,,,,,,,,,,,,,,,,,,,,,,,,,,,,,,,,,,,,,,,,,,,,,,,,,,,,,,,,,,,,,,,,,,,,,,,,,,,,,,,,,,,,,,,,,,,,,,,,,,,,,,,,,,,,,,,,,,,,,,,,,,,,,,,,,,,,,,,,,,,,,,,,,,,,,,,,,,,,,,,,,,,,,,,,,,,,,,,,,,,,,,,,,,,,,,,,,,,,,,,,,,,,,,,,,,,,,,,,,,,,,,,,,,,,,,,,,,,,,,,,,,,,,,,,,,,,,,,,,,,,,,,,,,,,,,,,,,,,,,,,,,,,,,,,,,,,,,,,,,,,,,,,,,,,,,,,,,,,,,,,,,,,,,,,,,,,,,,,,,,,,,,,,,,,,,,,,,,,,,,,,,,,,,,,,,,,,,,,,,,,,,,,,,,,,,,,,,,,,,,,,,,,,,,,,,,,,,,,,,,,,,,,,,,,,,,,,,,,,,,,,,,,,
2025121305,,,,,,,,,,,,,,,,,,,,,,,,,,,,,,,,,0.236,,,,,,,,,,,,,,,,,,,,,,,,,,,,,,,,,,,,,,,,,,,,,,,,,,,,,,,,,,,,,,,,,,,,,,,,,,,,,,,,,,,,,,,,,,,,,,,,,,,,,,,,,,,,,,,,,,,,,,,,,,,,,,,,,,,,,,,,,,,,,,,,,,,,,,,,,,,,,,,,,,,,,,,,,,,,,,,,,,,,,,,,,,,,,,,,,,,,,,,,,,,,,,,,,,,,,,,,,,,,,,,,,,,,,,,,,,,,,,,,,,,,,,,,,,,,,,,,,,,,,,,,,,,,,,,,,,,,,,,,,,,,,,,,,,,,,,,,,,,,,,,,,,,,,,,,,,,,,,,,,,,,,,,,,,,,,,,,,,,,,,,,,,,,,,,,,,,,,,,,,,,,,,,,,,,,,,,,,,,,,,,,,,,,,,,,,,,,,,,,,,,,,,,,,,,,,,,,,,,,,,,,,,,,,,,,,,,,,,,,,,,,,,,,,,,,,,,,,,,,,,,,,,,,,,,,,,,,,,,,,,,,,,,,,,,,,,,,,,,,,,,,,,,,,,,,,,,,,,,,,,,,,,,,,,,,,,,,,,,,,,,,,,,,,,,,,,,,,,,,,,,,,,,,,,,,,,,,,,,,,,,,,,,,,,,,,,,,,,,,,,,,,,,,,,,,,,,,,,,,,,,,,,,,,,,,,,,,,,,,,,,,,,,,,,,,,,,,,,,,,,,,,,,,,,,,,,,,,,,,
2025121306,3.105,0.0,0.0,0.0,0.0,0.0,0.0,0.0,0.0,0.0,0.0,0.0,0.0,0.541,1.259,2.074,3.124,4.757,6.523,9.323,15.896,36.343,42.0,0.0,7.0,0.0,4.0,28.0,2.0,0.0,15.0,0.0,0.26,,,,,,,,,,,,,,,,,,,,,,,,,,,,,,,,,,,,,,,,,,,,,,,,,,,,,,,,,,,,,,,,,,3.81,0.0,0.0,0.0,0.0,0.0,0.0,0.0,0.0,0.0,0.0,0.0,0.0,0.0,0.26,0.784,1.467,2.559,3.576,5.46,8.621,17.09,35.0,2.0,1.0,20.0,0.0,0.0,0.0,8.0,0.0,0.0,,,,,,,,,,,,,,,,,,,,,,,,,,,,,,,,,271.56,,,,,,,,,,,,,,,,,,,0.069,,,,,,,,,,,,,,,,,,0.081,,,,,,,,,,,,,,,,,,0.013,0.0,0.0,0.0,0.0,0.0,0.038,0.069,23.0,14.0,9.0,5.0,3.0,1.0,0.0,0.0,0.0,0.0,0.104,,,,,,,,,,,,,,,,,,1.0,2.0,,,,,,,,,,,11.0,19.0,11.0,27.0,32.0,34.0,34.0,0.0,0.0,0.0,0.0,0.0,26.1,,272.49,1.17,,0.0,2.0,,0.076,,,,,,,,,,,,,,,,,,,,,,,,,0.0,0.0,0.0,0.0,0.0,0.0,0.0,0.0,1.0,0.0,0.0,0.0,0.0,0.076,,,,,,,,,,,,,5.2,9.999e+20,6.6,1.2,2.0,2.0,2.4,2.8,3.2,3.2,4.0,4.10018,1.6,4.54013,5.04734,5.49265,5.9707,7.24268,8.50205,9.87474,11.6274,16.6692,18.6705,23.0453,6.58912,5.42536,17.0,12.0,8.0,2.0,1.0,0.0,0.0,22.0,3.0,9.999e+20,9.999e+20,9.999e+20,9.999e+20,9.999e+20,,,,,,,,,,,,,,,,,,,,,,,,,,,,,,,,,,,,,,,,,,,,,,,,,,,,,,,,,,,,,,,,,,,,,,,,,,,,,,,,,,,,,,,,,,,,,,,,,,,,,,,,,,,,,,,,,,,,,,,,,,,85.0,48.0,,16.8,0.0,24.4,0.0,,85.0,,,,,,,,,,,,,,,,,,,,,,,,,,,,,,,,,,,,,,,,,,,,,,,,,,,,,,,,,,,,,5.3,0.0,0.6,0.0,1.9,10.7,14.9,17.1,1568.0,400.0,856.0,136.0,1904.0,2128.0,2288.0,2464.0,,,67.0,20.0,,,,,,3.47133,274.56,1.17,278.578,270.852,273.978,274.596,275.585,276.002,276.58,277.28,277.518,278.588,271.982,279.443,280.392,280.544,280.912,281.178,281.522,282.029,281.855,282.545,282.894,283.636,0.0,2.0,7.0,0.0,0.0,0.0,0.0,0.0,,,,,,,,,,,,,,,,,,,,,,,,,,,,,,,9.999e+20,,,260.0,5.0,,1.0,,,1.0,3.0,,,,,,,645.0,280.0,280.0,280.0,,273.9,3.0,0.0,0.8,0.8,0.8,1.2,1.2,1.6,2.0,2.0,0.4,2.4,2.4,2.8,3.2,3.2,4.0,4.4,4.8,5.6,6.68508,9.27657,2.56442,1.92796,0.0,0.0,0.0,0.0,28.0,0.0,8.0,2.0,3.4,3.5,
2025121307,,,,,,,,,,,,,,,,,,,,,,,,,,,,,,,,,0.233,,,,,,,,,,,,,,,,,,,,,,,,,,,,,,,,,,,,,,,,,,,,,,,,,,,,,,,,,,,,,,,,,,,,,,,,,,,,,,,,,,,,,,,,,,,,,,,,,,,,,,,,,,,,,,,,,,,,,,,,,,,,,,,,,,,,,,,,,,,,,,,,,,,,,,,,,,,,,,,,,,,,,,,,,,,,,,,,,,,,,,,,,,,,,,,,,,,,,,,,,,,,,,,,,,,,,,,,,,,,,,,,,,,,,,,,,,,,,,,,,,,,,,,,,,,,,,,,,,,,,,,,,,,,,,,,,,,,,,,,,,,,,,,,,,,,,,,,,,,,,,,,,,,,,,,,,,,,,,,,,,,,,,,,,,,,,,,,,,,,,,,,,,,,,,,,,,,,,,,,,,,,,,,,,,,,,,,,,,,,,,,,,,,,,,,,,,,,,,,,,,,,,,,,,,,,,,,,,,,,,,,,,,,,,,,,,,,,,,,,,,,,,,,,,,,,,,,,,,,,,,,,,,,,,,,,,,,,,,,,,,,,,,,,,,,,,,,,,,,,,,,,,,,,,,,,,,,,,,,,,,,,,,,,,,,,,,,,,,,,,,,,,,,,,,,,,,,,,,,,,,,,,,,,,,,,,,,,,,,,,,,,,,,,,,,,,,,,,,,,,,,,,,,,,,,,,,,,,,,,,,,,,,,,,,,,,,,,,,,,,,,,,,,,,,,,,,,,,,,,,,,,,,,,,,,,,,,,,,,,
2025121308,,,,,,,,,,,,,,,,,,,,,,,,,,,,,,,,,0.181,,,,,,,,,,,,,,,,,,,,,,,,,,,,,,,,,,,,,,,,,,,,,,,,,,,,,,,,,,,,,,,,,,,,,,,,,,,,,,,,,,,,,,,,,,,,,,,,,,,,,,,,,,,,,,,,,,,,,,,,,,,,,,,,,,,,,,,,,,,,,,,,,,,,,,,,,,,,,,,,,,,,,,,,,,,,,,,,,,,,,,,,,,,,,,,,,,,,,,,,,,,,,,,,,,,,,,,,,,,,,,,,,,,,,,,,,,,,,,,,,,,,,,,,,,,,,,,,,,,,,,,,,,,,,,,,,,,,,,,,,,,,,,,,,,,,,,,,,,,,,,,,,,,,,,,,,,,,,,,,,,,,,,,,,,,,,,,,,,,,,,,,,,,,,,,,,,,,,,,,,,,,,,,,,,,,,,,,,,,,,,,,,,,,,,,,,,,,,,,,,,,,,,,,,,,,,,,,,,,,,,,,,,,,,,,,,,,,,,,,,,,,,,,,,,,,,,,,,,,,,,,,,,,,,,,,,,,,,,,,,,,,,,,,,,,,,,,,,,,,,,,,,,,,,,,,,,,,,,,,,,,,,,,,,,,,,,,,,,,,,,,,,,,,,,,,,,,,,,,,,,,,,,,,,,,,,,,,,,,,,,,,,,,,,,,,,,,,,,,,,,,,,,,,,,,,,,,,,,,,,,,,,,,,,,,,,,,,,,,,,,,,,,,,,,,,,,,,,,,,,,,,,,,,,,,,,,,,,,,,
2025121309,,,,,,,,,,,,,,,,,,,,,,,,,,,,,,,,,0.249,,,,,,,,,,,,,,,,,,,,,,,,,,,,,,,,,,,,,,,,,,,,,,,,,,,,,,,,,,,,,,,,,,,,,,,,,,,,,,,,,,,,,,,,,,,,,,,,,,,,,,,,,,,,,,,,,,,,,,,,,,,,,,,,,,271.6,,,,,,,,,,,,,,,,,,,,,,,,,,,,,,,,,,,,,,,,,,,,,,,,,,,,,,,,,,,,,,,,,,,,,,,,,,,,,,,,,,,,,,,,,,,1.0,2.0,,,,,,,,,,,10.0,20.0,10.0,26.0,31.0,32.0,32.0,0.0,0.0,0.0,0.0,0.0,24.7,,271.95,1.57,,0.0,1.0,,,,,,,,,,,,,,,,,,,,,,,,,,,,,,,,,,,,,,,,,,,,,,,,,,,,,,9.999e+20,6.2,0.8,1.6,2.0,2.4,2.8,3.2,3.2,3.60347,4.43506,1.2,4.86828,4.94967,5.45217,6.28585,7.53114,8.78161,10.1116,11.051,15.1226,17.5707,21.2667,6.58863,5.21227,14.0,10.0,6.0,2.0,0.0,0.0,0.0,24.0,,9.999e+20,9.999e+20,9.999e+20,9.999e+20,9.999e+20,,,,,,,,,,,,,,,,,,,,,,,,,,,,,,,,,,,,,,,,,,,,,,,,,,,,,,,,,,,,,,,,,,,,,,,,,,,,,,,,,,,,,,,,,,,,,,,,,,,,,,,,,,,,,,,,,,,,,,,,,,,,56.0,,16.8,0.0,18.4,0.0,,82.0,,,,,,,,,,,,,,,,,,,,,,,,,,,,,,,,,,,,,,,,,,,,,,,,,,,,,,,,,,,,,5.8,0.0,0.4,0.0,1.8,12.7,15.5,17.2,1504.0,384.0,704.0,48.0,1944.0,2136.0,2264.0,2320.0,,,65.0,17.0,,,,,,,274.72,1.54,,,,,,,,,,,,,,,,,,,,,,,,,,,,,,,,,,,,,,,,,,,,,,,,,,,,,,,,,,,,,9.999e+20,,,260.0,5.2,,,,,,3.0,,,,,,,733.0,270.0,270.0,270.0,,274.0,2.9,0.0,0.4,0.8,1.2,1.2,1.2,1.6,1.6,2.0,0.4,2.4,2.4,2.8,3.2,3.6,3.6,4.0,5.2,5.6,6.96416,8.77387,2.93918,2.26067,0.0,0.0,0.0,0.0,27.0,0.0,10.0,2.0,3.3,3.7,
2025121310,,,,,,,,,,,,,,,,,,,,,,,,,,,,,,,,,0.297,,,,,,,,,,,,,,,,,,,,,,,,,,,,,,,,,,,,,,,,,,,,,,,,,,,,,,,,,,,,,,,,,,,,,,,,,,,,,,,,,,,,,,,,,,,,,,,,,,,,,,,,,,,,,,,,,,,,,,,,,,,,,,,,,,,,,,,,,,,,,,,,,,,,,,,,,,,,,,,,,,,,,,,,,,,,,,,,,,,,,,,,,,,,,,,,,,,,,,,,,,,,,,,,,,,,,,,,,,,,,,,,,,,,,,,,,,,,,,,,,,,,,,,,,,,,,,,,,,,,,,,,,,,,,,,,,,,,,,,,,,,,,,,,,,,,,,,,,,,,,,,,,,,,,,,,,,,,,,,,,,,,,,,,,,,,,,,,,,,,,,,,,,,,,,,,,,,,,,,,,,,,,,,,,,,,,,,,,,,,,,,,,,,,,,,,,,,,,,,,,,,,,,,,,,,,,,,,,,,,,,,,,,,,,,,,,,,,,,,,,,,,,,,,,,,,,,,,,,,,,,,,,,,,,,,,,,,,,,,,,,,,,,,,,,,,,,,,,,,,,,,,,,,,,,,,,,,,,,,,,,,,,,,,,,,,,,,,,,,,,,,,,,,,,,,,,,,,,,,,,,,,,,,,,,,,,,,,,,,,,,,,,,,,,,,,,,,,,,,,,,,,,,,,,,,,,,,,,,,,,,,,,,,,,,,,,,,,,,,,,,,,,,,,,,,,,,,,,,,,,,,,,,,,,,,,,,,,,,,,
2025121311,,,,,,,,,,,,,,,,,,,,,,,,,,,,,,,,,0.143,,,,,,,,,,,,,,,,,,,,,,,,,,,,,,,,,,,,,,,,,,,,,,,,,,,,,,,,,,,,,,,,,,,,,,,,,,,,,,,,,,,,,,,,,,,,,,,,,,,,,,,,,,,,,,,,,,,,,,,,,,,,,,,,,,,,,,,,,,,,,,,,,,,,,,,,,,,,,,,,,,,,,,,,,,,,,,,,,,,,,,,,,,,,,,,,,,,,,,,,,,,,,,,,,,,,,,,,,,,,,,,,,,,,,,,,,,,,,,,,,,,,,,,,,,,,,,,,,,,,,,,,,,,,,,,,,,,,,,,,,,,,,,,,,,,,,,,,,,,,,,,,,,,,,,,,,,,,,,,,,,,,,,,,,,,,,,,,,,,,,,,,,,,,,,,,,,,,,,,,,,,,,,,,,,,,,,,,,,,,,,,,,,,,,,,,,,,,,,,,,,,,,,,,,,,,,,,,,,,,,,,,,,,,,,,,,,,,,,,,,,,,,,,,,,,,,,,,,,,,,,,,,,,,,,,,,,,,,,,,,,,,,,,,,,,,,,,,,,,,,,,,,,,,,,,,,,,,,,,,,,,,,,,,,,,,,,,,,,,,,,,,,,,,,,,,,,,,,,,,,,,,,,,,,,,,,,,,,,,,,,,,,,,,,,,,,,,,,,,,,,,,,,,,,,,,,,,,,,,,,,,,,,,,,,,,,,,,,,,,,,,,,,,,,,,,,,,,,,,,,,,,,,,,,,,,,,,,,,,,
2025121312,2.72,0.0,0.0,0.0,0.0,0.0,0.0,0.0,0.0,0.0,0.0,0.0,0.0,0.369,1.137,2.246,3.315,4.539,6.357,9.422,13.645,25.681,41.0,0.0,6.0,0.0,2.0,29.0,1.0,0.0,15.0,0.0,0.252,,7.293,0.0,0.0,0.0,0.0,0.0,0.0,0.0,0.0,0.01,0.0,0.959,2.141,3.343,4.726,6.729,9.052,12.254,16.061,21.544,34.721,62.755,53.0,0.0,19.0,0.0,0.0,0.0,8.0,2.0,31.0,1.0,14.528,0.0,0.0,0.0,0.466,1.466,2.558,3.804,5.235,6.731,0.0,8.13,9.677,11.871,14.509,17.257,19.893,24.681,30.168,38.383,50.12,88.439,38.0,0.0,70.0,0.0,20.0,0.0,0.0,0.0,5.0,2.0,1.016,0.0,0.0,0.0,0.0,0.0,0.0,0.0,0.0,0.0,0.0,0.0,0.0,0.0,0.0,0.258,1.057,1.807,2.916,4.196,7.154,12.62,30.0,1.0,0.0,16.0,0.0,0.0,0.0,6.0,0.0,0.0,34.274,0.0,5.426,7.807,10.065,12.726,15.511,18.684,21.194,24.116,1.996,26.924,30.031,33.965,37.804,41.833,46.246,52.617,60.557,70.847,89.701,144.753,2.0,0.0,53.0,0.0,0.0,21.0,0.0,88.0,0.0,8.0,271.51,,,,,,,,,,,,,,,,,,,0.046,0.0,0.0,0.0,0.0,0.041,0.109,0.157,31.0,26.0,22.0,13.0,8.0,5.0,4.0,3.0,1.0,0.0,0.089,0.0,0.0,0.0,0.0,0.064,0.229,0.361,32.0,30.0,21.0,16.0,13.0,7.0,5.0,2.0,1.0,0.0,0.01,0.0,0.0,0.0,0.0,0.0,0.046,0.051,15.0,11.0,8.0,3.0,1.0,1.0,0.0,0.0,0.0,0.0,0.109,0.0,0.0,0.0,0.005,0.107,0.297,0.432,41.0,27.0,18.0,15.0,10.0,6.0,4.0,2.0,1.0,0.0,1.0,1.0,,,,,,,,,,,10.0,19.0,9.0,26.0,31.0,32.0,32.0,0.0,0.0,0.0,0.0,0.0,24.7,,271.51,1.8,,0.0,3.0,,0.051,0.0,0.0,0.0,0.0,0.0,0.0,0.0,2.0,0.0,1.0,0.0,1.0,0.0,0.0,0.0,0.0,0.0,0.0,0.0,2.0,0.0,1.0,0.0,1.0,0.0,0.0,0.0,0.0,0.0,0.0,0.0,0.0,0.0,0.0,0.0,0.0,0.0,0.076,0.0,0.0,0.0,0.0,0.0,0.0,0.0,2.0,0.0,1.0,0.0,1.0,7.2,9.999e+20,7.0,1.2,2.0,2.4,2.8,2.8,3.2,3.6,4.41046,4.47496,1.6,4.91367,5.75609,6.20869,7.09485,7.98343,8.93858,10.6616,12.629,16.4509,18.2916,21.8241,6.96011,5.55188,18.0,12.0,9.0,2.0,1.0,0.0,0.0,26.0,3.0,9.999e+20,9.999e+20,9.999e+20,9.999e+20,9.999e+20,,,,,,,,,,,,,,,,,,,,,,,,,,,,,,,,,,,,,,,,,,,,,,,,,,,,,,,,,,,,,,,,,,,,,,,,,,,,,,,,,,,,,,,,,,,,,,,,,,,,,,,,,,,,,,,,,,,,,,,,,,,,56.0,4.0,16.8,0.0,18.4,0.0,,80.0,,,,,,,,,,,,,,,,,,,,,,,,,,,,,,,,,,,,,,,,,,,,,,,,,,,,,,,,,,,,,6.2,0.0,0.4,0.0,1.9,13.5,16.4,16.9,1448.0,232.0,552.0,0.0,1928.0,2072.0,2264.0,2320.0,,,55.0,28.0,,,,273.2,2.24,,274.69,1.8,,,,,,,,,,,,,,,,,,,,,,,,,,,,,,,,,,,,,,,,,,,,,,,,,,,,,,,,,,,,,9.999e+20,,,260.0,5.6,6.0,1.0,,,1.0,3.0,,,,,,,806.0,290.0,290.0,290.0,,273.5,2.9,0.0,0.8,1.2,1.2,1.2,1.6,2.0,2.0,2.4,0.4,2.8,2.8,2.8,3.2,3.6,4.0,4.4,5.2,6.4,7.94381,10.0954,2.87851,2.221,1.0,0.0,0.0,0.0,28.0,0.0,13.0,4.0,3.3,3.7,
2025121313,,,,,,,,,,,,,,,,,,,,,,,,,,,,,,,,,0.18,,,,,,,,,,,,,,,,,,,,,,,,,,,,,,,,,,,,,,,,,,,,,,,,,,,,,,,,,,,,,,,,,,,,,,,,,,,,,,,,,,,,,,,,,,,,,,,,,,,,,,,,,,,,,,,,,,,,,,,,,,,,,,,,,,,,,,,,,,,,,,,,,,,,,,,,,,,,,,,,,,,,,,,,,,,,,,,,,,,,,,,,,,,,,,,,,,,,,,,,,,,,,,,,,,,,,,,,,,,,,,,,,,,,,,,,,,,,,,,,,,,,,,,,,,,,,,,,,,,,,,,,,,,,,,,,,,,,,,,,,,,,,,,,,,,,,,,,,,,,,,,,,,,,,,,,,,,,,,,,,,,,,,,,,,,,,,,,,,,,,,,,,,,,,,,,,,,,,,,,,,,,,,,,,,,,,,,,,,,,,,,,,,,,,,,,,,,,,,,,,,,,,,,,,,,,,,,,,,,,,,,,,,,,,,,,,,,,,,,,,,,,,,,,,,,,,,,,,,,,,,,,,,,,,,,,,,,,,,,,,,,,,,,,,,,,,,,,,,,,,,,,,,,,,,,,,,,,,,,,,,,,,,,,,,,,,,,,,,,,,,,,,,,,,,,,,,,,,,,,,,,,,,,,,,,,,,,,,,,,,,,,,,,,,,,,,,,,,,,,,,,,,,,,,,,,,,,,,,,,,,,,,,,,,,,,,,,,,,,,,,,,,,,,,,,,,,,,,,,,,,,,,,,,,,,,,,,,,,,,
2025121314,,,,,,,,,,,,,,,,,,,,,,,,,,,,,,,,,0.162,,,,,,,,,,,,,,,,,,,,,,,,,,,,,,,,,,,,,,,,,,,,,,,,,,,,,,,,,,,,,,,,,,,,,,,,,,,,,,,,,,,,,,,,,,,,,,,,,,,,,,,,,,,,,,,,,,,,,,,,,,,,,,,,,,,,,,,,,,,,,,,,,,,,,,,,,,,,,,,,,,,,,,,,,,,,,,,,,,,,,,,,,,,,,,,,,,,,,,,,,,,,,,,,,,,,,,,,,,,,,,,,,,,,,,,,,,,,,,,,,,,,,,,,,,,,,,,,,,,,,,,,,,,,,,,,,,,,,,,,,,,,,,,,,,,,,,,,,,,,,,,,,,,,,,,,,,,,,,,,,,,,,,,,,,,,,,,,,,,,,,,,,,,,,,,,,,,,,,,,,,,,,,,,,,,,,,,,,,,,,,,,,,,,,,,,,,,,,,,,,,,,,,,,,,,,,,,,,,,,,,,,,,,,,,,,,,,,,,,,,,,,,,,,,,,,,,,,,,,,,,,,,,,,,,,,,,,,,,,,,,,,,,,,,,,,,,,,,,,,,,,,,,,,,,,,,,,,,,,,,,,,,,,,,,,,,,,,,,,,,,,,,,,,,,,,,,,,,,,,,,,,,,,,,,,,,,,,,,,,,,,,,,,,,,,,,,,,,,,,,,,,,,,,,,,,,,,,,,,,,,,,,,,,,,,,,,,,,,,,,,,,,,,,,,,,,,,,,,,,,,,,,,,,,,,,,,,,,,,,
2025121315,,,,,,,,,,,,,,,,,,,,,,,,,,,,,,,,,0.193,,,,,,,,,,,,,,,,,,,,,,,,,,,,,,,,,,,,,,,,,,,,,,,,,,,,,,,,,,,,,,,,,,,,,,,,,,,,,,,,,,,,,,,,,,,,,,,,,,,,,,,,,,,,,,,,,,,,,,,,,,,,,,,,,,,,,,,,,,,,,,,,,,,,,,,,,,,,,,,,,,,,,,,,,,,,,,,,,,,,,,,,,,,,,,,,,,,,,,,,,,,,,,,,,,,,,,,,,,,,,,,,,,,,,,,,,,,,,,,,,,,,,,,,,,,,,,,,,,,,,,,,,,,,,,,,,,,,,,,,,,,,,,,,,,,,,,,,,,,,,,,,,,,1.2,2.0,2.4,2.8,3.2,3.6,3.6,4.0,4.0,1.6,4.91609,5.43638,5.93805,6.40959,7.00918,7.94556,8.49549,11.0256,13.7,18.2048,22.4554,6.59171,4.83026,15.0,8.0,6.0,2.0,0.0,0.0,0.0,20.0,,,,,,,,,,,,,,,,,,,,,,,,,,,,,,,,,,,,,,,,,,,,,,,,,,,,,,,,,,,,,,,,,,,,,,,,,,,,,,,,,,,,,,,,,,,,,,,,,,,,,,,,,,,,,,,,,,,,,,,,,,,,,,,,,,,,,,,,,,,,,,,,,,,,,,,,,,,,,,,,,,,,,,,,,,,,,,,,,,,,,,,,,,,,,,,,,,,,,,,,,,,,,,,,,,,,,,,,,,,,,,,,,,,,,,,,,,,,,,,,,,,,,,,,,,,,,,,,,,,,,,,,,,,,,,,,,,,,,,,,,,,,,,,,,,,,,,,,,,,,,,,,,,,,,,0.0,0.8,0.8,1.2,1.2,1.6,1.6,1.6,2.0,0.4,2.4,2.8,2.8,2.8,3.6,4.0,4.4,5.2,6.4,7.75041,10.4716,2.89968,2.26071,1.0,0.0,0.0,0.0,27.0,0.0,12.0,3.0,,,
2025121316,,,,,,,,,,,,,,,,,,,,,,,,,,,,,,,,,0.155,,,,,,,,,,,,,,,,,,,,,,,,,,,,,,,,,,,,,,,,,,,,,,,,,,,,,,,,,,,,,,,,,,,,,,,,,,,,,,,,,,,,,,,,,,,,,,,,,,,,,,,,,,,,,,,,,,,,,,,,,,,,,,,,,,,,,,,,,,,,,,,,,,,,,,,,,,,,,,,,,,,,,,,,,,,,,,,,,,,,,,,,,,,,,,,,,,,,,,,,,,,,,,,,,,,,,,,,,,,,,,,,,,,,,,,,,,,,,,,,,,,,,,,,,,,,,,,,,,,,,,,,,,,,,,,,,,,,,,,,,,,,,,,,,,,,,,,,,,,,,,,,,,,,,,,,,,,,,,,,,,,,,,,,,,,,,,,,,,,,,,,,,,,,,,,,,,,,,,,,,,,,,,,,,,,,,,,,,,,,,,,,,,,,,,,,,,,,,,,,,,,,,,,,,,,,,,,,,,,,,,,,,,,,,,,,,,,,,,,,,,,,,,,,,,,,,,,,,,,,,,,,,,,,,,,,,,,,,,,,,,,,,,,,,,,,,,,,,,,,,,,,,,,,,,,,,,,,,,,,,,,,,,,,,,,,,,,,,,,,,,,,,,,,,,,,,,,,,,,,,,,,,,,,,,,,,,,,,,,,,,,,,,,,,,,,,,,,,,,,,,,,,,,,,,,,,,,,,,,,,,,,,,,,,,,,,,,,,,,,,,,,,,,,,,,,,,,,,,,,,,,,,,,,,,,,,,,,,,,,
2025121317,,,,,,,,,,,,,,,,,,,,,,,,,,,,,,,,,0.127,,,,,,,,,,,,,,,,,,,,,,,,,,,,,,,,,,,,,,,,,,,,,,,,,,,,,,,,,,,,,,,,,,,,,,,,,,,,,,,,,,,,,,,,,,,,,,,,,,,,,,,,,,,,,,,,,,,,,,,,,,,,,,,,,,,,,,,,,,,,,,,,,,,,,,,,,,,,,,,,,,,,,,,,,,,,,,,,,,,,,,,,,,,,,,,,,,,,,,,,,,,,,,,,,,,,,,,,,,,,,,,,,,,,,,,,,,,,,,,,,,,,,,,,,,,,,,,,,,,,,,,,,,,,,,,,,,,,,,,,,,,,,,,,,,,,,,,,,,,,,,,,,,,,,,,,,,,,,,,,,,,,,,,,,,,,,,,,,,,,,,,,,,,,,,,,,,,,,,,,,,,,,,,,,,,,,,,,,,,,,,,,,,,,,,,,,,,,,,,,,,,,,,,,,,,,,,,,,,,,,,,,,,,,,,,,,,,,,,,,,,,,,,,,,,,,,,,,,,,,,,,,,,,,,,,,,,,,,,,,,,,,,,,,,,,,,,,,,,,,,,,,,,,,,,,,,,,,,,,,,,,,,,,,,,,,,,,,,,,,,,,,,,,,,,,,,,,,,,,,,,,,,,,,,,,,,,,,,,,,,,,,,,,,,,,,,,,,,,,,,,,,,,,,,,,,,,,,,,,,,,,,,,,,,,,,,,,,,,,,,,,,,,,,,,,,,,,,,,,,,,,,,,,,,,,,,,,,,,,,
2025121318,1.925,0.0,0.0,0.0,0.0,0.0,0.0,0.0,0.0,0.0,0.0,0.0,0.0,0.373,1.049,1.732,2.381,3.214,4.463,6.795,9.76,16.172,41.0,0.0,3.0,0.0,0.0,24.0,0.0,0.0,11.0,0.0,0.129,,,,,,,,,,,,,,,,,,,,,,,,,,,,,,,,,,,,,,,,,,,,,,,,,,,,,,,,,,,,,,,,,,0.254,0.0,0.0,0.0,0.0,0.0,0.0,0.0,0.0,0.0,0.0,0.0,0.0,0.0,0.0,0.103,0.566,1.072,1.741,2.728,4.342,8.576,29.0,0.0,0.0,11.0,0.0,0.0,0.0,3.0,0.0,0.0,,,,,,,,,,,,,,,,,,,,,,,,,,,,,,,,,272.65,,,,,,,,,,,,,,,,,,,0.03,,,,,,,,,,,,,,,,,,0.089,,,,,,,,,,,,,,,,,,0.003,0.0,0.0,0.0,0.0,0.0,0.003,0.015,11.0,3.0,0.0,0.0,0.0,0.0,0.0,0.0,0.0,0.0,0.107,,,,,,,,,,,,,,,,,,2.0,2.0,,,,,,,,,,,18.0,19.0,18.0,23.0,28.0,29.0,29.0,0.0,0.0,0.0,0.0,0.0,23.9,,273.12,2.16,,32.0,1.0,,0.0,,,,,,,,,,,,,,,,,,,,,,,,,0.0,0.0,0.0,0.0,0.0,0.0,0.0,0.0,0.0,0.0,0.0,0.0,0.0,0.076,,,,,,,,,,,,,7.2,9.999e+20,6.7,1.2,2.8,2.8,3.2,3.6,4.0,4.0,4.4,4.8,2.0,5.2,6.23307,6.26633,6.69588,7.15458,8.06061,9.32999,10.259,12.7727,16.7445,21.5577,6.7466,4.3654,12.0,7.0,4.0,2.0,0.0,0.0,0.0,22.0,3.0,9.999e+20,9.999e+20,9.999e+20,9.999e+20,9.999e+20,,,,,,,,,,,,,,,,,,,,,,,,,,,,,,,,,,,,,,,,,,,,,,,,,,,,,,,,,,,,,,,,,,,,,,,,,,,,,,,,,,,,,,,,,,,,,,,,,,,,,,,,,,,,,,,,,,,,,,,,,,85.0,,176.0,,12.0,0.0,13.2,0.0,,81.0,,,,,,,,,,,,,,,,,,,,,,,,,,,,,,,,,,,,,,,,,,,,,,,,,,,,,,,,,,,,,6.8,0.0,0.5,0.0,2.9,14.2,16.8,17.5,1344.0,208.0,520.0,0.0,1776.0,2064.0,2208.0,2312.0,,,53.0,23.0,,,,,,2.69396,275.79,2.91,,,,,,,,,,,,,,,,,,,,,,,,,,,,,,,272.811,266.097,269.016,269.874,270.951,270.992,271.32,272.027,272.194,272.444,268.1,273.053,273.541,274.006,274.465,274.324,275.009,275.862,276.24,276.365,277.091,278.022,0.0,0.0,0.0,0.0,0.0,22.0,50.0,0.0,9.999e+20,,,270.0,7.5,,,,,,3.0,,,,,,,1936.0,280.0,280.0,280.0,,275.3,3.3,0.4,0.8,1.2,1.2,1.6,1.6,2.0,2.4,2.4,0.8,2.8,2.8,3.2,3.2,3.6,4.0,4.8,5.2,6.4,8.67684,10.8428,3.27306,2.24748,1.0,0.0,0.0,0.0,30.0,0.0,13.0,5.0,3.7,4.1,
2025121319,,,,,,,,,,,,,,,,,,,,,,,,,,,,,,,,,0.117,,,,,,,,,,,,,,,,,,,,,,,,,,,,,,,,,,,,,,,,,,,,,,,,,,,,,,,,,,,,,,,,,,,,,,,,,,,,,,,,,,,,,,,,,,,,,,,,,,,,,,,,,,,,,,,,,,,,,,,,,,,,,,,,,,,,,,,,,,,,,,,,,,,,,,,,,,,,,,,,,,,,,,,,,,,,,,,,,,,,,,,,,,,,,,,,,,,,,,,,,,,,,,,,,,,,,,,,,,,,,,,,,,,,,,,,,,,,,,,,,,,,,,,,,,,,,,,,,,,,,,,,,,,,,,,,,,,,,,,,,,,,,,,,,,,,,,,,,,,,,,,,,,,,,,,,,,,,,,,,,,,,,,,,,,,,,,,,,,,,,,,,,,,,,,,,,,,,,,,,,,,,,,,,,,,,,,,,,,,,,,,,,,,,,,,,,,,,,,,,,,,,,,,,,,,,,,,,,,,,,,,,,,,,,,,,,,,,,,,,,,,,,,,,,,,,,,,,,,,,,,,,,,,,,,,,,,,,,,,,,,,,,,,,,,,,,,,,,,,,,,,,,,,,,,,,,,,,,,,,,,,,,,,,,,,,,,,,,,,,,,,,,,,,,,,,,,,,,,,,,,,,,,,,,,,,,,,,,,,,,,,,,,,,,,,,,,,,,,,,,,,,,,,,,,,,,,,,,,,,,,,,,,,,,,,,,,,,,,,,,,,,,,,,,,,,,,,,,,,,,,,,,,,,,,,,,,,,,,,,
2025121320,,,,,,,,,,,,,,,,,,,,,,,,,,,,,,,,,0.146,,,,,,,,,,,,,,,,,,,,,,,,,,,,,,,,,,,,,,,,,,,,,,,,,,,,,,,,,,,,,,,,,,,,,,,,,,,,,,,,,,,,,,,,,,,,,,,,,,,,,,,,,,,,,,,,,,,,,,,,,,,,,,,,,,,,,,,,,,,,,,,,,,,,,,,,,,,,,,,,,,,,,,,,,,,,,,,,,,,,,,,,,,,,,,,,,,,,,,,,,,,,,,,,,,,,,,,,,,,,,,,,,,,,,,,,,,,,,,,,,,,,,,,,,,,,,,,,,,,,,,,,,,,,,,,,,,,,,,,,,,,,,,,,,,,,,,,,,,,,,,,,,,,,,,,,,,,,,,,,,,,,,,,,,,,,,,,,,,,,,,,,,,,,,,,,,,,,,,,,,,,,,,,,,,,,,,,,,,,,,,,,,,,,,,,,,,,,,,,,,,,,,,,,,,,,,,,,,,,,,,,,,,,,,,,,,,,,,,,,,,,,,,,,,,,,,,,,,,,,,,,,,,,,,,,,,,,,,,,,,,,,,,,,,,,,,,,,,,,,,,,,,,,,,,,,,,,,,,,,,,,,,,,,,,,,,,,,,,,,,,,,,,,,,,,,,,,,,,,,,,,,,,,,,,,,,,,,,,,,,,,,,,,,,,,,,,,,,,,,,,,,,,,,,,,,,,,,,,,,,,,,,,,,,,,,,,,,,,,,,,,,,,,,,,,,,,,,,,,,,,,,,,,,,,,,,,,,,,,,
2025121321,,,,,,,,,,,,,,,,,,,,,,,,,,,,,,,,,0.142,,,,,,,,,,,,,,,,,,,,,,,,,,,,,,,,,,,,,,,,,,,,,,,,,,,,,,,,,,,,,,,,,,,,,,,,,,,,,,,,,,,,,,,,,,,,,,,,,,,,,,,,,,,,,,,,,,,,,,,,,,,,,,,,,,,,,,,,,,,,,,,,,,,,,,,,,,,,,,,,,,,,,,,,,,,,,,,,,,,,,,,,,,,,,,,,,,,,,,,,,,,,,,,,,,,,,,,,,,,,,,,,,,,,,,,,,,,,,,,,,,,,,,,,,,,,,,,,,,,,,,,,,,,,,,,,,,,,,,,,,,,,,,,,,,,,,,,,,,,,,,,,,,,,,,,,,,,,,,,,,,,,,,,,,,,,,,,,,,,,,,,,,,,,,,,,,,,,,,,,,,,,,,,,,,,,,,,,,,,,,,,,,,,,,,,,,,,,,,,,,,,,,,,,,,,,,,,,,,,,,,,,,,,,,,,,,,,,,,,,,,,,,,,,,,,,,,,,,,,,,,,,,,,,,,,,,,,,,,,,,,,,,,,,,,,,,,,,,,,,,,,,,,,,,,,,,,,,,,,,,,,,,,,,,,,,,,,,,,,,,,,,,,,,,,,,,,,,,,,,,,,,,,,,,,,,,,,,,,,,,,,,,,,,,,,,,,,,,,,,,,,,,,,,,,,,,,,,,,,,,,,,,,,,,,,,,,,,,,,,,,,,,,,,,,,,,,,,,,,,,,,,,,,,,,,,,,,,,,,,
2025121322,,,,,,,,,,,,,,,,,,,,,,,,,,,,,,,,,0.116,,,,,,,,,,,,,,,,,,,,,,,,,,,,,,,,,,,,,,,,,,,,,,,,,,,,,,,,,,,,,,,,,,,,,,,,,,,,,,,,,,,,,,,,,,,,,,,,,,,,,,,,,,,,,,,,,,,,,,,,,,,,,,,,,,,,,,,,,,,,,,,,,,,,,,,,,,,,,,,,,,,,,,,,,,,,,,,,,,,,,,,,,,,,,,,,,,,,,,,,,,,,,,,,,,,,,,,,,,,,,,,,,,,,,,,,,,,,,,,,,,,,,,,,,,,,,,,,,,,,,,,,,,,,,,,,,,,,,,,,,,,,,,,,,,,,,,,,,,,,,,,,,,,,,,,,,,,,,,,,,,,,,,,,,,,,,,,,,,,,,,,,,,,,,,,,,,,,,,,,,,,,,,,,,,,,,,,,,,,,,,,,,,,,,,,,,,,,,,,,,,,,,,,,,,,,,,,,,,,,,,,,,,,,,,,,,,,,,,,,,,,,,,,,,,,,,,,,,,,,,,,,,,,,,,,,,,,,,,,,,,,,,,,,,,,,,,,,,,,,,,,,,,,,,,,,,,,,,,,,,,,,,,,,,,,,,,,,,,,,,,,,,,,,,,,,,,,,,,,,,,,,,,,,,,,,,,,,,,,,,,,,,,,,,,,,,,,,,,,,,,,,,,,,,,,,,,,,,,,,,,,,,,,,,,,,,,,,,,,,,,,,,,,,,,,,,,,,,,,,,,,,,,,,,,,,,,,,,,,,
2025121323,,,,,,,,,,,,,,,,,,,,,,,,,,,,,,,,,0.092,,,,,,,,,,,,,,,,,,,,,,,,,,,,,,,,,,,,,,,,,,,,,,,,,,,,,,,,,,,,,,,,,,,,,,,,,,,,,,,,,,,,,,,,,,,,,,,,,,,,,,,,,,,,,,,,,,,,,,,,,,,,,,,,,,,,,,,,,,,,,,,,,,,,,,,,,,,,,,,,,,,,,,,,,,,,,,,,,,,,,,,,,,,,,,,,,,,,,,,,,,,,,,,,,,,,,,,,,,,,,,,,,,,,,,,,,,,,,,,,,,,,,,,,,,,,,,,,,,,,,,,,,,,,,,,,,,,,,,,,,,,,,,,,,,,,,,,,,,,,,,,,,,,,,,,,,,,,,,,,,,,,,,,,,,,,,,,,,,,,,,,,,,,,,,,,,,,,,,,,,,,,,,,,,,,,,,,,,,,,,,,,,,,,,,,,,,,,,,,,,,,,,,,,,,,,,,,,,,,,,,,,,,,,,,,,,,,,,,,,,,,,,,,,,,,,,,,,,,,,,,,,,,,,,,,,,,,,,,,,,,,,,,,,,,,,,,,,,,,,,,,,,,,,,,,,,,,,,,,,,,,,,,,,,,,,,,,,,,,,,,,,,,,,,,,,,,,,,,,,,,,,,,,,,,,,,,,,,,,,,,,,,,,,,,,,,,,,,,,,,,,,,,,,,,,,,,,,,,,,,,,,,,,,,,,,,,,,,,,,,,,,,,,,,,,,,,,,,,,,,,,,,,,,,,,,,,,,,,,,
2025121400,1.488,0.0,0.0,0.0,0.0,0.0,0.0,0.0,0.0,0.0,0.0,0.0,0.0,0.0,0.415,0.985,1.662,2.438,3.546,5.177,7.535,13.296,37.0,0.0,1.0,0.0,0.0,20.0,0.0,0.0,7.0,0.0,0.14,,4.657,0.0,0.0,0.0,0.0,0.0,0.0,0.0,0.0,0.083,0.0,0.882,1.828,2.78,3.918,5.206,6.819,8.821,11.054,14.1,19.831,31.954,53.0,0.0,12.0,0.0,0.0,0.0,2.0,0.0,27.0,0.0,,,,,,,,,,,,,,,,,,,,,,,,,,,,,,,,,0.0,0.0,0.0,0.0,0.0,0.0,0.0,0.0,0.0,0.0,0.0,0.0,0.0,0.0,0.0,0.0,0.381,0.879,1.598,2.747,4.516,8.586,26.0,0.0,0.0,11.0,0.0,0.0,0.0,3.0,0.0,0.0,,,,,,,,,,,,,,,,,,,,,,,,,,,,,,,,,273.87,,,,,,,,,,,,,,,,,,,0.028,0.0,0.0,0.0,0.0,0.018,0.076,0.109,33.0,24.0,15.0,7.0,4.0,2.0,0.0,0.0,0.0,0.0,0.089,0.0,0.0,0.0,0.0,0.071,0.224,0.323,33.0,30.0,21.0,14.0,12.0,7.0,5.0,2.0,1.0,0.0,0.003,0.0,0.0,0.0,0.0,0.0,0.003,0.008,10.0,3.0,1.0,0.0,0.0,0.0,0.0,0.0,0.0,0.0,0.102,0.0,0.0,0.0,0.0,0.107,0.284,0.437,39.0,27.0,17.0,15.0,9.0,6.0,3.0,1.0,0.0,0.0,2.0,3.0,,,,,,,,,,,17.0,19.0,17.0,24.0,26.0,27.0,27.0,0.0,0.0,0.0,0.0,0.0,23.2,,273.26,2.84,,203.0,2.0,,0.0,0.0,0.0,0.0,0.0,0.0,0.0,0.0,1.0,0.0,0.0,0.0,0.0,0.0,0.0,0.0,0.0,0.0,0.0,0.0,2.0,0.0,1.0,0.0,1.0,0.0,0.0,0.0,0.0,0.0,0.0,0.0,0.0,0.0,0.0,0.0,0.0,0.0,0.076,0.0,0.0,0.0,0.0,0.0,0.0,0.0,2.0,0.0,1.0,0.0,1.0,7.2,9.999e+20,5.2,1.6,2.0,2.4,2.4,2.8,2.8,2.8,3.2,4.0,2.0,4.0,4.4,4.8,5.0554,5.24761,5.71383,6.63564,8.06159,9.84961,11.9002,17.875,5.15492,3.57373,6.0,3.0,2.0,0.0,0.0,0.0,0.0,12.0,3.0,9.999e+20,9.999e+20,9.999e+20,9.999e+20,9.999e+20,,,,,,,,,,,,,,,,,,,,,,,,,,,,,,,,,,,,,,,,,,,,,,,,,,,,,,,,,,,,,,,,,,,,,,,,,,,,,,,,,,,,,,,,,,,,,,,,,,,,,,,,,,,,,,,,,,,,,,,,,,,,0.0,1.0,10.8,0.0,16.0,0.0,,84.0,,,,,,,,,,,,,,,,,,,,,,,,,,,,,,,,,,,,,,,,,,,,,,,,,,,,,,,,,,,,,6.8,0.0,0.6,0.0,2.9,13.6,16.6,17.6,1328.0,200.0,560.0,0.0,1704.0,2056.0,2200.0,2256.0,,,54.0,21.0,,278.2,3.76,,,,276.0,2.98,,,,,,,,,,,,,,,,,,,,,,,,,,,,,,,,,,,,,,,,,,,,,,,,,,,,,,,,,,,,,9.999e+20,,,270.0,7.0,5.0,,,,,3.0,,,,,,,604.0,270.0,270.0,270.0,,275.2,2.0,0.0,0.4,0.8,0.8,0.8,1.2,1.2,1.2,1.6,0.4,1.6,2.0,2.0,2.0,2.4,2.4,2.8,3.6,4.4,5.2,8.54083,2.02453,1.70828,0.0,0.0,0.0,0.0,16.0,0.0,3.0,2.0,2.4,2.8,
2025121401,,,,,,,,,,,,,,,,,,,,,,,,,,,,,,,,,0.152,,,,,,,,,,,,,,,,,,,,,,,,,,,,,,,,,,,,,,,,,,,,,,,,,,,,,,,,,,,,,,,,,,,,,,,,,,,,,,,,,,,,,,,,,,,,,,,,,,,,,,,,,,,,,,,,,,,,,,,,,,,,,,,,,,,,,,,,,,,,,,,,,,,,,,,,,,,,,,,,,,,,,,,,,,,,,,,,,,,,,,,,,,,,,,,,,,,,,,,,,,,,,,,,,,,,,,,,,,,,,,,,,,,,,,,,,,,,,,,,,,,,,,,,,,,,,,,,,,,,,,,,,,,,,,,,,,,,,,,,,,,,,,,,,,,,,,,,,,,,,,,,,,,,,,,,,,,,,,,,,,,,,,,,,,,,,,,,,,,,,,,,,,,,,,,,,,,,,,,,,,,,,,,,,,,,,,,,,,,,,,,,,,,,,,,,,,,,,,,,,,,,,,,,,,,,,,,,,,,,,,,,,,,,,,,,,,,,,,,,,,,,,,,,,,,,,,,,,,,,,,,,,,,,,,,,,,,,,,,,,,,,,,,,,,,,,,,,,,,,,,,,,,,,,,,,,,,,,,,,,,,,,,,,,,,,,,,,,,,,,,,,,,,,,,,,,,,,,,,,,,,,,,,,,,,,,,,,,,,,,,,,,,,,,,,,,,,,,,,,,,,,,,,,,,,,,,,,,,,,,,,,,,,,,,,,,,,,,,,,,,,,,,,,,,,,,,,,,,,,,,,,,,,,,,,,,,,,,,,,
2025121402,,,,,,,,,,,,,,,,,,,,,,,,,,,,,,,,,0.128,,,,,,,,,,,,,,,,,,,,,,,,,,,,,,,,,,,,,,,,,,,,,,,,,,,,,,,,,,,,,,,,,,,,,,,,,,,,,,,,,,,,,,,,,,,,,,,,,,,,,,,,,,,,,,,,,,,,,,,,,,,,,,,,,,,,,,,,,,,,,,,,,,,,,,,,,,,,,,,,,,,,,,,,,,,,,,,,,,,,,,,,,,,,,,,,,,,,,,,,,,,,,,,,,,,,,,,,,,,,,,,,,,,,,,,,,,,,,,,,,,,,,,,,,,,,,,,,,,,,,,,,,,,,,,,,,,,,,,,,,,,,,,,,,,,,,,,,,,,,,,,,,,,,,,,,,,,,,,,,,,,,,,,,,,,,,,,,,,,,,,,,,,,,,,,,,,,,,,,,,,,,,,,,,,,,,,,,,,,,,,,,,,,,,,,,,,,,,,,,,,,,,,,,,,,,,,,,,,,,,,,,,,,,,,,,,,,,,,,,,,,,,,,,,,,,,,,,,,,,,,,,,,,,,,,,,,,,,,,,,,,,,,,,,,,,,,,,,,,,,,,,,,,,,,,,,,,,,,,,,,,,,,,,,,,,,,,,,,,,,,,,,,,,,,,,,,,,,,,,,,,,,,,,,,,,,,,,,,,,,,,,,,,,,,,,,,,,,,,,,,,,,,,,,,,,,,,,,,,,,,,,,,,,,,,,,,,,,,,,,,,,,,,,,,,,,,,,,,,,,,,,,,,,,,,,,,,,,,,,
2025121403,,,,,,,,,,,,,,,,,,,,,,,,,,,,,,,,,0.121,,,,,,,,,,,,,,,,,,,,,,,,,,,,,,,,,,,,,,,,,,,,,,,,,,,,,,,,,,,,,,,,,,,,,,,,,,,,,,,,,,,,,,,,,,,,,,,,,,,,,,,,,,,,,,,,,,,,,,,,,,,,,,,,,,,,,,,,,,,,,,,,,,,,,,,,,,,,,,,,,,,,,,,,,,,,,,,,,,,,,,,,,,,,,,,,,,,,,,,,,,,,,,,,,,,,,,,,,,,,,,,,,,,,,,,,,,,,,,,,,,,,,,,,,,,,,,,,,,,,,,,,,,,,,,,,,,,,,,,,,,,,,,,,,,,,,,,,,,,,,,,,,,,,,,,,,,,,,,,,,,,,,,,,,,,,,,,,,,,,,,,,,,,,,,,,,,,,,,,,,,,,,,,,,,,,,,,,,,,,,,,,,,,,,,,,,,,,,,,,,,,,,,,,,,,,,,,,,,,,,,,,,,,,,,,,,,,,,,,,,,,,,,,,,,,,,,,,,,,,,,,,,,,,,,,,,,,,,,,,,,,,,,,,,,,,,,,,,,,,,,,,,,,,,,,,,,,,,,,,,,,,,,,,,,,,,,,,,,,,,,,,,,,,,,,,,,,,,,,,,,,,,,,,,,,,,,,,,,,,,,,,,,,,,,,,,,,,,,,,,,,,,,,,,,,,,,,,,,,,,,,,,,,,,,,,,,,,,,,,,,,,,,,,,,,,,,,,,,,,,,,,,,,,,,,,,,,,,,,,
2025121404,,,,,,,,,,,,,,,,,,,,,,,,,,,,,,,,,0.151,,,,,,,,,,,,,,,,,,,,,,,,,,,,,,,,,,,,,,,,,,,,,,,,,,,,,,,,,,,,,,,,,,,,,,,,,,,,,,,,,,,,,,,,,,,,,,,,,,,,,,,,,,,,,,,,,,,,,,,,,,,,,,,,,,,,,,,,,,,,,,,,,,,,,,,,,,,,,,,,,,,,,,,,,,,,,,,,,,,,,,,,,,,,,,,,,,,,,,,,,,,,,,,,,,,,,,,,,,,,,,,,,,,,,,,,,,,,,,,,,,,,,,,,,,,,,,,,,,,,,,,,,,,,,,,,,,,,,,,,,,,,,,,,,,,,,,,,,,,,,,,,,,,,,,,,,,,,,,,,,,,,,,,,,,,,,,,,,,,,,,,,,,,,,,,,,,,,,,,,,,,,,,,,,,,,,,,,,,,,,,,,,,,,,,,,,,,,,,,,,,,,,,,,,,,,,,,,,,,,,,,,,,,,,,,,,,,,,,,,,,,,,,,,,,,,,,,,,,,,,,,,,,,,,,,,,,,,,,,,,,,,,,,,,,,,,,,,,,,,,,,,,,,,,,,,,,,,,,,,,,,,,,,,,,,,,,,,,,,,,,,,,,,,,,,,,,,,,,,,,,,,,,,,,,,,,,,,,,,,,,,,,,,,,,,,,,,,,,,,,,,,,,,,,,,,,,,,,,,,,,,,,,,,,,,,,,,,,,,,,,,,,,,,,,,,,,,,,,,,,,,,,,,,,,,,,,,,,,,,
2025121405,,,,,,,,,,,,,,,,,,,,,,,,,,,,,,,,,0.128,,,,,,,,,,,,,,,,,,,,,,,,,,,,,,,,,,,,,,,,,,,,,,,,,,,,,,,,,,,,,,,,,,,,,,,,,,,,,,,,,,,,,,,,,,,,,,,,,,,,,,,,,,,,,,,,,,,,,,,,,,,,,,,,,,,,,,,,,,,,,,,,,,,,,,,,,,,,,,,,,,,,,,,,,,,,,,,,,,,,,,,,,,,,,,,,,,,,,,,,,,,,,,,,,,,,,,,,,,,,,,,,,,,,,,,,,,,,,,,,,,,,,,,,,,,,,,,,,,,,,,,,,,,,,,,,,,,,,,,,,,,,,,,,,,,,,,,,,,,,,,,,,,,,,,,,,,,,,,,,,,,,,,,,,,,,,,,,,,,,,,,,,,,,,,,,,,,,,,,,,,,,,,,,,,,,,,,,,,,,,,,,,,,,,,,,,,,,,,,,,,,,,,,,,,,,,,,,,,,,,,,,,,,,,,,,,,,,,,,,,,,,,,,,,,,,,,,,,,,,,,,,,,,,,,,,,,,,,,,,,,,,,,,,,,,,,,,,,,,,,,,,,,,,,,,,,,,,,,,,,,,,,,,,,,,,,,,,,,,,,,,,,,,,,,,,,,,,,,,,,,,,,,,,,,,,,,,,,,,,,,,,,,,,,,,,,,,,,,,,,,,,,,,,,,,,,,,,,,,,,,,,,,,,,,,,,,,,,,,,,,,,,,,,,,,,,,,,,,,,,,,,,,,,,,,,,,,,,,,,
2025121406,1.645,0.0,0.0,0.0,0.0,0.0,0.0,0.0,0.0,0.0,0.0,0.0,0.0,0.0,0.437,1.133,1.845,2.639,4.033,5.598,8.491,16.362,37.0,0.0,2.0,0.0,1.0,20.0,0.0,0.0,8.0,0.0,0.144,,,,,,,,,,,,,,,,,,,,,,,,,,,,,,,,,,,,,,,,,,,,,,,,,,,,,,,,,,,,,,,,,,0.254,0.0,0.0,0.0,0.0,0.0,0.0,0.0,0.0,0.0,0.0,0.0,0.0,0.0,0.0,0.001,0.455,1.108,2.073,3.471,5.303,9.823,26.0,0.0,0.0,13.0,0.0,0.0,0.0,3.0,0.0,0.0,,,,,,,,,,,,,,,,,,,,,,,,,,,,,,,,,271.12,,,,,,,,,,,,,,,,,,,0.018,,,,,,,,,,,,,,,,,,0.086,,,,,,,,,,,,,,,,,,0.003,0.0,0.0,0.0,0.0,0.0,0.0,0.015,10.0,6.0,3.0,1.0,1.0,0.0,0.0,0.0,0.0,0.0,0.099,,,,,,,,,,,,,,,,,,0.0,1.0,,,,,,,,,,,19.0,20.0,19.0,24.0,26.0,27.0,27.0,0.0,0.0,0.0,0.0,0.0,24.5,,270.14,2.26,,0.0,1.0,,0.0,,,,,,,,,,,,,,,,,,,,,,,,,0.0,0.0,0.0,0.0,0.0,0.0,0.0,0.0,1.0,0.0,0.0,0.0,0.0,0.076,,,,,,,,,,,,,5.2,9.999e+20,4.2,0.8,1.2,2.0,2.0,2.0,2.4,3.2,3.2,3.6,1.2,3.73685,3.87477,4.3103,4.40267,4.46693,4.97485,5.57537,6.16039,7.32912,8.42477,15.8606,4.1954,2.65163,3.0,2.0,1.0,0.0,0.0,0.0,0.0,5.0,3.0,9.999e+20,9.999e+20,9.999e+20,9.999e+20,9.999e+20,,,,,,,,,,,,,,,,,,,,,,,,,,,,,,,,,,,,,,,,,,,,,,,,,,,,,,,,,,,,,,,,,,,,,,,,,,,,,,,,,,,,,,,,,,,,,,,,,,,,,,,,,,,,,,,,,,,,,,,,,,,79.0,48.0,,10.8,1.2,7.2,0.0,,79.0,,,,,,,,,,,,,,,,,,,,,,,,,,,,,,,,,,,,,,,,,,,,,,,,,,,,,,,,,,,,,6.6,0.1,0.7,0.0,2.6,12.7,15.9,17.2,1224.0,0.0,432.0,0.0,1472.0,2024.0,2112.0,2184.0,,,55.0,26.0,,,,,,3.53229,273.58,2.79,277.745,269.848,272.653,273.39,273.635,274.566,274.989,276.131,276.98,278.384,271.629,278.971,279.517,279.571,279.522,279.978,280.383,280.548,280.758,281.707,282.168,283.263,0.0,2.0,14.0,0.0,0.0,0.0,0.0,0.0,,,,,,,,,,,,,,,,,,,,,,,,,,,,,,,9.999e+20,,,270.0,5.6,,,,,,3.0,,,,,,,745.0,280.0,280.0,280.0,,272.3,2.1,0.0,0.4,0.8,0.8,0.8,1.2,1.2,1.6,1.6,0.4,1.6,2.0,2.0,2.0,2.4,2.4,2.8,2.8,3.2,4.0,7.81359,1.71873,1.48543,0.0,0.0,0.0,0.0,9.0,0.0,2.0,0.0,2.1,2.5,
2025121407,,,,,,,,,,,,,,,,,,,,,,,,,,,,,,,,,0.134,,,,,,,,,,,,,,,,,,,,,,,,,,,,,,,,,,,,,,,,,,,,,,,,,,,,,,,,,,,,,,,,,,,,,,,,,,,,,,,,,,,,,,,,,,,,,,,,,,,,,,,,,,,,,,,,,,,,,,,,,,,,,,,,,,,,,,,,,,,,,,,,,,,,,,,,,,,,,,,,,,,,,,,,,,,,,,,,,,,,,,,,,,,,,,,,,,,,,,,,,,,,,,,,,,,,,,,,,,,,,,,,,,,,,,,,,,,,,,,,,,,,,,,,,,,,,,,,,,,,,,,,,,,,,,,,,,,,,,,,,,,,,,,,,,,,,,,,,,,,,,,,,,,,,,,,,,,,,,,,,,,,,,,,,,,,,,,,,,,,,,,,,,,,,,,,,,,,,,,,,,,,,,,,,,,,,,,,,,,,,,,,,,,,,,,,,,,,,,,,,,,,,,,,,,,,,,,,,,,,,,,,,,,,,,,,,,,,,,,,,,,,,,,,,,,,,,,,,,,,,,,,,,,,,,,,,,,,,,,,,,,,,,,,,,,,,,,,,,,,,,,,,,,,,,,,,,,,,,,,,,,,,,,,,,,,,,,,,,,,,,,,,,,,,,,,,,,,,,,,,,,,,,,,,,,,,,,,,,,,,,,,,,,,,,,,,,,,,,,,,,,,,,,,,,,,,,,,,,,,,,,,,,,,,,,,,,,,,,,,,,,,,,,,,,,,,,,,,,,,,,,,,,,,,,,,,,,,,,,,
2025121408,,,,,,,,,,,,,,,,,,,,,,,,,,,,,,,,,0.109,,,,,,,,,,,,,,,,,,,,,,,,,,,,,,,,,,,,,,,,,,,,,,,,,,,,,,,,,,,,,,,,,,,,,,,,,,,,,,,,,,,,,,,,,,,,,,,,,,,,,,,,,,,,,,,,,,,,,,,,,,,,,,,,,,,,,,,,,,,,,,,,,,,,,,,,,,,,,,,,,,,,,,,,,,,,,,,,,,,,,,,,,,,,,,,,,,,,,,,,,,,,,,,,,,,,,,,,,,,,,,,,,,,,,,,,,,,,,,,,,,,,,,,,,,,,,,,,,,,,,,,,,,,,,,,,,,,,,,,,,,,,,,,,,,,,,,,,,,,,,,,,,,,,,,,,,,,,,,,,,,,,,,,,,,,,,,,,,,,,,,,,,,,,,,,,,,,,,,,,,,,,,,,,,,,,,,,,,,,,,,,,,,,,,,,,,,,,,,,,,,,,,,,,,,,,,,,,,,,,,,,,,,,,,,,,,,,,,,,,,,,,,,,,,,,,,,,,,,,,,,,,,,,,,,,,,,,,,,,,,,,,,,,,,,,,,,,,,,,,,,,,,,,,,,,,,,,,,,,,,,,,,,,,,,,,,,,,,,,,,,,,,,,,,,,,,,,,,,,,,,,,,,,,,,,,,,,,,,,,,,,,,,,,,,,,,,,,,,,,,,,,,,,,,,,,,,,,,,,,,,,,,,,,,,,,,,,,,,,,,,,,,,,,,,,,,,,,,,,,,,,,,,,,,,,,,,,,,,,,
2025121409,,,,,,,,,,,,,,,,,,,,,,,,,,,,,,,,,0.157,,,,,,,,,,,,,,,,,,,,,,,,,,,,,,,,,,,,,,,,,,,,,,,,,,,,,,,,,,,,,,,,,,,,,,,,,,,,,,,,,,,,,,,,,,,,,,,,,,,,,,,,,,,,,,,,,,,,,,,,,,,,,,,,,,,,,,,,,,,,,,,,,,,,,,,,,,,,,,,,,,,,,,,,,,,,,,,,,,,,,,,,,,,,,,,,,,,,,,,,,,,,,,,,,,,,,,,,,,,,,,,,,,,,,,,,,,,,,,,,,,,,,,,,,,,,,,,,,,,,,,,,,,,,,,,,,,,,,,,,,,,,,,,,,,,,,,,,,,,,,,,,,,,,,,,,,,,,,,,,,,,,,,,,,,,,,,,,,,,,,,,,,,,,,,,,,,,,,,,,,,,,,,,,,,,,,,,,,,,,,,,,,,,,,,,,,,,,,,,,,,,,,,,,,,,,,,,,,,,,,,,,,,,,,,,,,,,,,,,,,,,,,,,,,,,,,,,,,,,,,,,,,,,,,,,,,,,,,,,,,,,,,,,,,,,,,,,,,,,,,,,,,,,,,,,,,,,,,,,,,,,,,,,,,,,,,,,,,,,,,,,,,,,,,,,,,,,,,,,,,,,,,,,,,,,,,,,,,,,,,,,,,,,,,,,,,,,,,,,,,,,,,,,,,,,,,,,,,,,,,,,,,,,,,,,,,,,,,,,,,,,,,,,,,,,,,,,,,,,,,,,,,,,,,,,,,,,,,,,,
2025121410,,,,,,,,,,,,,,,,,,,,,,,,,,,,,,,,,0.196,,,,,,,,,,,,,,,,,,,,,,,,,,,,,,,,,,,,,,,,,,,,,,,,,,,,,,,,,,,,,,,,,,,,,,,,,,,,,,,,,,,,,,,,,,,,,,,,,,,,,,,,,,,,,,,,,,,,,,,,,,,,,,,,,,,,,,,,,,,,,,,,,,,,,,,,,,,,,,,,,,,,,,,,,,,,,,,,,,,,,,,,,,,,,,,,,,,,,,,,,,,,,,,,,,,,,,,,,,,,,,,,,,,,,,,,,,,,,,,,,,,,,,,,,,,,,,,,,,,,,,,,,,,,,,,,,,,,,,,,,,,,,,,,,,,,,,,,,,,,,,,,,,,,,,,,,,,,,,,,,,,,,,,,,,,,,,,,,,,,,,,,,,,,,,,,,,,,,,,,,,,,,,,,,,,,,,,,,,,,,,,,,,,,,,,,,,,,,,,,,,,,,,,,,,,,,,,,,,,,,,,,,,,,,,,,,,,,,,,,,,,,,,,,,,,,,,,,,,,,,,,,,,,,,,,,,,,,,,,,,,,,,,,,,,,,,,,,,,,,,,,,,,,,,,,,,,,,,,,,,,,,,,,,,,,,,,,,,,,,,,,,,,,,,,,,,,,,,,,,,,,,,,,,,,,,,,,,,,,,,,,,,,,,,,,,,,,,,,,,,,,,,,,,,,,,,,,,,,,,,,,,,,,,,,,,,,,,,,,,,,,,,,,,,,,,,,,,,,,,,,,,,,,,,,,,,,,,,,,,
2025121411,,,,,,,,,,,,,,,,,,,,,,,,,,,,,,,,,0.099,,,,,,,,,,,,,,,,,,,,,,,,,,,,,,,,,,,,,,,,,,,,,,,,,,,,,,,,,,,,,,,,,,,,,,,,,,,,,,,,,,,,,,,,,,,,,,,,,,,,,,,,,,,,,,,,,,,,,,,,,,,,,,,,,,,,,,,,,,,,,,,,,,,,,,,,,,,,,,,,,,,,,,,,,,,,,,,,,,,,,,,,,,,,,,,,,,,,,,,,,,,,,,,,,,,,,,,,,,,,,,,,,,,,,,,,,,,,,,,,,,,,,,,,,,,,,,,,,,,,,,,,,,,,,,,,,,,,,,,,,,,,,,,,,,,,,,,,,,,,,,,,,,,,,,,,,,,,,,,,,,,,,,,,,,,,,,,,,,,,,,,,,,,,,,,,,,,,,,,,,,,,,,,,,,,,,,,,,,,,,,,,,,,,,,,,,,,,,,,,,,,,,,,,,,,,,,,,,,,,,,,,,,,,,,,,,,,,,,,,,,,,,,,,,,,,,,,,,,,,,,,,,,,,,,,,,,,,,,,,,,,,,,,,,,,,,,,,,,,,,,,,,,,,,,,,,,,,,,,,,,,,,,,,,,,,,,,,,,,,,,,,,,,,,,,,,,,,,,,,,,,,,,,,,,,,,,,,,,,,,,,,,,,,,,,,,,,,,,,,,,,,,,,,,,,,,,,,,,,,,,,,,,,,,,,,,,,,,,,,,,,,,,,,,,,,,,,,,,,,,,,,,,,,,,,,,,,,,,,,
2025121412,1.755,0.0,0.0,0.0,0.0,0.0,0.0,0.0,0.0,0.0,0.0,0.0,0.0,0.0,0.126,0.835,1.712,2.991,4.458,6.333,9.585,17.032,34.0,0.0,2.0,0.0,1.0,21.0,0.0,0.0,10.0,0.0,0.184,,4.116,0.0,0.0,0.0,0.0,0.0,0.0,0.0,0.0,0.0,0.0,0.0,0.683,1.621,2.777,4.018,5.745,7.668,10.219,14.11,18.303,32.618,47.0,0.0,12.0,0.0,0.0,0.0,2.0,0.0,23.0,0.0,10.118,0.0,0.0,0.0,0.0,0.0,0.0,0.656,1.736,2.839,0.0,4.122,5.675,7.204,9.283,11.895,14.492,17.316,22.628,28.385,38.948,69.285,29.0,0.0,56.0,0.0,13.0,0.0,0.0,0.0,2.0,1.0,0.0,0.0,0.0,0.0,0.0,0.0,0.0,0.0,0.0,0.0,0.0,0.0,0.0,0.0,0.0,0.0,0.188,1.056,2.008,3.373,5.384,10.635,25.0,1.0,0.0,13.0,0.0,0.0,0.0,3.0,0.0,0.0,17.314,0.0,0.0,0.628,1.405,2.552,3.781,5.265,6.891,8.194,0.0,10.237,12.543,15.164,17.919,21.444,25.623,29.892,34.865,41.932,55.683,93.232,0.0,0.0,25.0,0.0,0.0,7.0,0.0,62.0,0.0,2.0,270.7,,,,,,,,,,,,,,,,,,,0.01,0.0,0.0,0.0,0.0,0.0,0.028,0.058,21.0,12.0,7.0,4.0,1.0,0.0,0.0,0.0,0.0,0.0,0.056,0.0,0.0,0.0,0.0,0.048,0.137,0.239,32.0,26.0,18.0,11.0,8.0,3.0,1.0,0.0,0.0,0.0,0.003,0.0,0.0,0.0,0.0,0.0,0.0,0.003,8.0,4.0,2.0,0.0,0.0,0.0,0.0,0.0,0.0,0.0,0.099,0.0,0.0,0.0,0.0,0.071,0.267,0.485,36.0,24.0,17.0,15.0,9.0,6.0,2.0,1.0,0.0,0.0,0.0,1.0,,,,,,,,,,,18.0,18.0,17.0,24.0,26.0,27.0,27.0,0.0,0.0,0.0,0.0,0.0,23.1,,269.65,3.23,,0.0,0.0,,0.025,0.0,0.0,0.0,0.0,0.0,0.0,0.0,2.0,0.0,0.0,0.0,0.0,0.0,0.0,0.0,0.0,0.0,0.0,0.0,4.0,0.0,1.0,0.0,1.0,0.0,0.0,0.0,0.0,0.0,0.0,0.0,0.0,1.0,0.0,0.0,0.0,0.0,0.102,0.0,0.0,0.0,0.0,0.0,0.0,0.0,4.0,0.0,1.0,0.0,1.0,5.2,9.999e+20,4.1,0.8,1.6,2.0,2.4,2.4,2.8,2.8,2.80555,3.2729,0.8,3.32379,3.37629,3.82496,3.88448,4.43326,5.2999,5.50345,5.80196,7.62553,10.2422,15.9496,4.07891,2.78836,4.0,2.0,1.0,0.0,0.0,0.0,0.0,7.0,3.0,9.999e+20,9.999e+20,9.999e+20,9.999e+20,9.999e+20,,,,,,,,,,,,,,,,,,,,,,,,,,,,,,,,,,,,,,,,,,,,,,,,,,,,,,,,,,,,,,,,,,,,,,,,,,,,,,,,,,,,,,,,,,,,,,,,,,,,,,,,,,,,,,,,,,,,,,,,,,,,48.0,1.0,13.2,1.2,12.0,0.0,,79.0,,,,,,,,,,,,,,,,,,,,,,,,,,,,,,,,,,,,,,,,,,,,,,,,,,,,,,,,,,,,,6.6,0.3,1.3,0.0,3.1,12.5,15.6,17.2,1192.0,0.0,296.0,0.0,1648.0,1976.0,2088.0,2168.0,,,61.0,29.0,,,,271.64,4.55,,272.79,4.03,,,,,,,,,,,,,,,,,,,,,,,,,,,,,,,,,,,,,,,,,,,,,,,,,,,,,,,,,,,,,9.999e+20,,,290.0,3.3,3.0,,,,,2.0,,,,,,,395.0,290.0,290.0,290.0,,272.0,1.7,0.0,0.4,0.8,0.8,0.8,1.2,1.2,1.2,1.6,0.0,1.6,1.6,1.6,2.0,2.0,2.4,2.8,3.2,3.6,4.29569,5.02086,1.66995,1.37378,0.0,0.0,0.0,0.0,10.0,0.0,1.0,1.0,2.1,2.5,
2025121413,,,,,,,,,,,,,,,,,,,,,,,,,,,,,,,,,0.147,,,,,,,,,,,,,,,,,,,,,,,,,,,,,,,,,,,,,,,,,,,,,,,,,,,,,,,,,,,,,,,,,,,,,,,,,,,,,,,,,,,,,,,,,,,,,,,,,,,,,,,,,,,,,,,,,,,,,,,,,,,,,,,,,,,,,,,,,,,,,,,,,,,,,,,,,,,,,,,,,,,,,,,,,,,,,,,,,,,,,,,,,,,,,,,,,,,,,,,,,,,,,,,,,,,,,,,,,,,,,,,,,,,,,,,,,,,,,,,,,,,,,,,,,,,,,,,,,,,,,,,,,,,,,,,,,,,,,,,,,,,,,,,,,,,,,,,,,,,,,,,,,,,,,,,,,,,,,,,,,,,,,,,,,,,,,,,,,,,,,,,,,,,,,,,,,,,,,,,,,,,,,,,,,,,,,,,,,,,,,,,,,,,,,,,,,,,,,,,,,,,,,,,,,,,,,,,,,,,,,,,,,,,,,,,,,,,,,,,,,,,,,,,,,,,,,,,,,,,,,,,,,,,,,,,,,,,,,,,,,,,,,,,,,,,,,,,,,,,,,,,,,,,,,,,,,,,,,,,,,,,,,,,,,,,,,,,,,,,,,,,,,,,,,,,,,,,,,,,,,,,,,,,,,,,,,,,,,,,,,,,,,,,,,,,,,,,,,,,,,,,,,,,,,,,,,,,,,,,,,,,,,,,,,,,,,,,,,,,,,,,,,,,,,,,,,,,,,,,,,,,,,,,,,,,,,,,,,,,,
2025121414,,,,,,,,,,,,,,,,,,,,,,,,,,,,,,,,,0.149,,,,,,,,,,,,,,,,,,,,,,,,,,,,,,,,,,,,,,,,,,,,,,,,,,,,,,,,,,,,,,,,,,,,,,,,,,,,,,,,,,,,,,,,,,,,,,,,,,,,,,,,,,,,,,,,,,,,,,,,,,,,,,,,,,,,,,,,,,,,,,,,,,,,,,,,,,,,,,,,,,,,,,,,,,,,,,,,,,,,,,,,,,,,,,,,,,,,,,,,,,,,,,,,,,,,,,,,,,,,,,,,,,,,,,,,,,,,,,,,,,,,,,,,,,,,,,,,,,,,,,,,,,,,,,,,,,,,,,,,,,,,,,,,,,,,,,,,,,,,,,,,,,,,,,,,,,,,,,,,,,,,,,,,,,,,,,,,,,,,,,,,,,,,,,,,,,,,,,,,,,,,,,,,,,,,,,,,,,,,,,,,,,,,,,,,,,,,,,,,,,,,,,,,,,,,,,,,,,,,,,,,,,,,,,,,,,,,,,,,,,,,,,,,,,,,,,,,,,,,,,,,,,,,,,,,,,,,,,,,,,,,,,,,,,,,,,,,,,,,,,,,,,,,,,,,,,,,,,,,,,,,,,,,,,,,,,,,,,,,,,,,,,,,,,,,,,,,,,,,,,,,,,,,,,,,,,,,,,,,,,,,,,,,,,,,,,,,,,,,,,,,,,,,,,,,,,,,,,,,,,,,,,,,,,,,,,,,,,,,,,,,,,,,,,,,,,,,,,,,,,,,,,,,,,,,,,,,,,,,
2025121415,,,,,,,,,,,,,,,,,,,,,,,,,,,,,,,,,0.2,,,,,,,,,,,,,,,,,,,,,,,,,,,,,,,,,,,,,,,,,,,,,,,,,,,,,,,,,,,,,,,,,,,,,,,,,,,,,,,,,,,,,,,,,,,,,,,,,,,,,,,,,,,,,,,,,,,,,,,,,,,,,,,,,,,,,,,,,,,,,,,,,,,,,,,,,,,,,,,,,,,,,,,,,,,,,,,,,,,,,,,,,,,,,,,,,,,,,,,,,,,,,,,,,,,,,,,,,,,,,,,,,,,,,,,,,,,,,,,,,,,,,,,,,,,,,,,,,,,,,,,,,,,,,,,,,,,,,,,,,,,,,,,,,,,,,,,,,,,,,,,,,,,,,,,,,,,,,,,,,,,,,,,,,,,,,,,,,,,,,,,,,,,,,,,,,,,,,,,,,,,,,,,,,,,,,,,,,,,,,,,,,,,,,,,,,,,,,,,,,,,,,,,,,,,,,,,,,,,,,,,,,,,,,,,,,,,,,,,,,,,,,,,,,,,,,,,,,,,,,,,,,,,,,,,,,,,,,,,,,,,,,,,,,,,,,,,,,,,,,,,,,,,,,,,,,,,,,,,,,,,,,,,,,,,,,,,,,,,,,,,,,,,,,,,,,,,,,,,,,,,,,,,,,,,,,,,,,,,,,,,,,,,,,,,,,,,,,,,,,,,,,,,,,,,,,,,,,,,,,,,,,,,,,,,,,,,,,,,,,,,,,,,,,,,,,,,,,,,,,,,,,,,,,,,,,,,,,,,,
2025121416,,,,,,,,,,,,,,,,,,,,,,,,,,,,,,,,,0.182,,,,,,,,,,,,,,,,,,,,,,,,,,,,,,,,,,,,,,,,,,,,,,,,,,,,,,,,,,,,,,,,,,,,,,,,,,,,,,,,,,,,,,,,,,,,,,,,,,,,,,,,,,,,,,,,,,,,,,,,,,,,,,,,,,,,,,,,,,,,,,,,,,,,,,,,,,,,,,,,,,,,,,,,,,,,,,,,,,,,,,,,,,,,,,,,,,,,,,,,,,,,,,,,,,,,,,,,,,,,,,,,,,,,,,,,,,,,,,,,,,,,,,,,,,,,,,,,,,,,,,,,,,,,,,,,,,,,,,,,,,,,,,,,,,,,,,,,,,,,,,,,,,,,,,,,,,,,,,,,,,,,,,,,,,,,,,,,,,,,,,,,,,,,,,,,,,,,,,,,,,,,,,,,,,,,,,,,,,,,,,,,,,,,,,,,,,,,,,,,,,,,,,,,,,,,,,,,,,,,,,,,,,,,,,,,,,,,,,,,,,,,,,,,,,,,,,,,,,,,,,,,,,,,,,,,,,,,,,,,,,,,,,,,,,,,,,,,,,,,,,,,,,,,,,,,,,,,,,,,,,,,,,,,,,,,,,,,,,,,,,,,,,,,,,,,,,,,,,,,,,,,,,,,,,,,,,,,,,,,,,,,,,,,,,,,,,,,,,,,,,,,,,,,,,,,,,,,,,,,,,,,,,,,,,,,,,,,,,,,,,,,,,,,,,,,,,,,,,,,,,,,,,,,,,,,,,,,,,,,
2025121417,,,,,,,,,,,,,,,,,,,,,,,,,,,,,,,,,0.169,,,,,,,,,,,,,,,,,,,,,,,,,,,,,,,,,,,,,,,,,,,,,,,,,,,,,,,,,,,,,,,,,,,,,,,,,,,,,,,,,,,,,,,,,,,,,,,,,,,,,,,,,,,,,,,,,,,,,,,,,,,,,,,,,,,,,,,,,,,,,,,,,,,,,,,,,,,,,,,,,,,,,,,,,,,,,,,,,,,,,,,,,,,,,,,,,,,,,,,,,,,,,,,,,,,,,,,,,,,,,,,,,,,,,,,,,,,,,,,,,,,,,,,,,,,,,,,,,,,,,,,,,,,,,,,,,,,,,,,,,,,,,,,,,,,,,,,,,,,,,,,,,,,,,,,,,,,,,,,,,,,,,,,,,,,,,,,,,,,,,,,,,,,,,,,,,,,,,,,,,,,,,,,,,,,,,,,,,,,,,,,,,,,,,,,,,,,,,,,,,,,,,,,,,,,,,,,,,,,,,,,,,,,,,,,,,,,,,,,,,,,,,,,,,,,,,,,,,,,,,,,,,,,,,,,,,,,,,,,,,,,,,,,,,,,,,,,,,,,,,,,,,,,,,,,,,,,,,,,,,,,,,,,,,,,,,,,,,,,,,,,,,,,,,,,,,,,,,,,,,,,,,,,,,,,,,,,,,,,,,,,,,,,,,,,,,,,,,,,,,,,,,,,,,,,,,,,,,,,,,,,,,,,,,,,,,,,,,,,,,,,,,,,,,,,,,,,,,,,,,,,,,,,,,,,,,,,,,,,,
2025121418,2.054,0.0,0.0,0.0,0.0,0.0,0.0,0.0,0.0,0.0,0.0,0.0,0.0,0.347,0.946,1.528,2.293,3.379,4.976,7.16,10.712,17.364,41.0,0.0,4.0,0.0,1.0,24.0,0.0,0.0,12.0,0.0,0.197,,,,,,,,,,,,,,,,,,,,,,,,,,,,,,,,,,,,,,,,,,,,,,,,,,,,,,,,,,,,,,,,,,0.254,0.0,0.0,0.0,0.0,0.0,0.0,0.0,0.0,0.0,0.0,0.0,0.0,0.0,0.063,0.54,0.993,1.779,2.892,4.231,6.467,10.872,33.0,1.0,0.0,17.0,0.0,0.0,0.0,5.0,0.0,0.0,,,,,,,,,,,,,,,,,,,,,,,,,,,,,,,,,272.4,,,,,,,,,,,,,,,,,,,0.01,,,,,,,,,,,,,,,,,,0.043,,,,,,,,,,,,,,,,,,0.003,0.0,0.0,0.0,0.0,0.0,0.003,0.013,13.0,5.0,1.0,1.0,1.0,1.0,0.0,0.0,0.0,0.0,0.099,,,,,,,,,,,,,,,,,,0.0,1.0,,,,,,,,,,,15.0,20.0,14.0,22.0,27.0,30.0,30.0,0.0,0.0,0.0,0.0,0.0,22.8,,272.45,2.53,,44.0,2.0,,0.025,,,,,,,,,,,,,,,,,,,,,,,,,0.0,0.0,0.0,0.0,0.0,0.0,0.0,0.0,1.0,0.0,0.0,0.0,0.0,0.102,,,,,,,,,,,,,4.0,9.999e+20,4.9,1.6,2.4,2.4,2.8,2.8,3.2,3.6,3.6,4.09464,2.0,4.17349,4.20535,4.66743,5.17362,5.66061,6.10701,6.56455,7.10436,8.0056,9.23979,15.8862,4.87242,2.81869,2.0,2.0,1.0,0.0,0.0,0.0,0.0,7.0,3.0,9.999e+20,9.999e+20,9.999e+20,9.999e+20,9.999e+20,,,,,,,,,,,,,,,,,,,,,,,,,,,,,,,,,,,,,,,,,,,,,,,,,,,,,,,,,,,,,,,,,,,,,,,,,,,,,,,,,,,,,,,,,,,,,,,,,,,,,,,,,,,,,,,,,,,,,,,,,,86.0,,16.0,,22.8,0.0,14.4,0.0,,86.0,,,,,,,,,,,,,,,,,,,,,,,,,,,,,,,,,,,,,,,,,,,,,,,,,,,,,,,,,,,,,6.5,0.4,1.2,0.2,3.8,11.2,15.7,16.6,1192.0,0.0,376.0,0.0,1560.0,1880.0,2104.0,2296.0,,,67.0,21.0,,,,,,3.11834,274.64,3.13,,,,,,,,,,,,,,,,,,,,,,,,,,,,,,,272.438,264.937,267.692,268.423,269.043,269.782,270.92,271.933,272.422,272.692,266.344,273.04,273.336,273.637,273.945,274.131,274.421,275.269,275.694,275.637,276.604,277.358,0.0,0.0,0.0,0.0,0.0,28.0,53.0,0.0,9.999e+20,,,90.0,3.6,,,,,,1.0,,,,,,,344.0,310.0,310.0,310.0,,274.1,2.4,0.4,0.8,0.8,1.2,1.2,1.2,1.6,1.6,1.6,0.4,2.0,2.0,2.4,2.4,2.4,2.8,3.2,3.6,4.0,4.93822,6.88093,2.03985,1.33279,0.0,0.0,0.0,0.0,11.0,0.0,2.0,0.0,2.4,2.8,
2025121419,,,,,,,,,,,,,,,,,,,,,,,,,,,,,,,,,0.177,,,,,,,,,,,,,,,,,,,,,,,,,,,,,,,,,,,,,,,,,,,,,,,,,,,,,,,,,,,,,,,,,,,,,,,,,,,,,,,,,,,,,,,,,,,,,,,,,,,,,,,,,,,,,,,,,,,,,,,,,,,,,,,,,,,,,,,,,,,,,,,,,,,,,,,,,,,,,,,,,,,,,,,,,,,,,,,,,,,,,,,,,,,,,,,,,,,,,,,,,,,,,,,,,,,,,,,,,,,,,,,,,,,,,,,,,,,,,,,,,,,,,,,,,,,,,,,,,,,,,,,,,,,,,,,,,,,,,,,,,,,,,,,,,,,,,,,,,,,,,,,,,,,,,,,,,,,,,,,,,,,,,,,,,,,,,,,,,,,,,,,,,,,,,,,,,,,,,,,,,,,,,,,,,,,,,,,,,,,,,,,,,,,,,,,,,,,,,,,,,,,,,,,,,,,,,,,,,,,,,,,,,,,,,,,,,,,,,,,,,,,,,,,,,,,,,,,,,,,,,,,,,,,,,,,,,,,,,,,,,,,,,,,,,,,,,,,,,,,,,,,,,,,,,,,,,,,,,,,,,,,,,,,,,,,,,,,,,,,,,,,,,,,,,,,,,,,,,,,,,,,,,,,,,,,,,,,,,,,,,,,,,,,,,,,,,,,,,,,,,,,,,,,,,,,,,,,,,,,,,,,,,,,,,,,,,,,,,,,,,,,,,,,,,,,,,,,,,,,,,,,,,,,,,,,,,,,,,,,,
2025121420,,,,,,,,,,,,,,,,,,,,,,,,,,,,,,,,,0.219,,,,,,,,,,,,,,,,,,,,,,,,,,,,,,,,,,,,,,,,,,,,,,,,,,,,,,,,,,,,,,,,,,,,,,,,,,,,,,,,,,,,,,,,,,,,,,,,,,,,,,,,,,,,,,,,,,,,,,,,,,,,,,,,,,,,,,,,,,,,,,,,,,,,,,,,,,,,,,,,,,,,,,,,,,,,,,,,,,,,,,,,,,,,,,,,,,,,,,,,,,,,,,,,,,,,,,,,,,,,,,,,,,,,,,,,,,,,,,,,,,,,,,,,,,,,,,,,,,,,,,,,,,,,,,,,,,,,,,,,,,,,,,,,,,,,,,,,,,,,,,,,,,,,,,,,,,,,,,,,,,,,,,,,,,,,,,,,,,,,,,,,,,,,,,,,,,,,,,,,,,,,,,,,,,,,,,,,,,,,,,,,,,,,,,,,,,,,,,,,,,,,,,,,,,,,,,,,,,,,,,,,,,,,,,,,,,,,,,,,,,,,,,,,,,,,,,,,,,,,,,,,,,,,,,,,,,,,,,,,,,,,,,,,,,,,,,,,,,,,,,,,,,,,,,,,,,,,,,,,,,,,,,,,,,,,,,,,,,,,,,,,,,,,,,,,,,,,,,,,,,,,,,,,,,,,,,,,,,,,,,,,,,,,,,,,,,,,,,,,,,,,,,,,,,,,,,,,,,,,,,,,,,,,,,,,,,,,,,,,,,,,,,,,,,,,,,,,,,,,,,,,,,,,,,,,,,,,,,,,
2025121421,,,,,,,,,,,,,,,,,,,,,,,,,,,,,,,,,0.211,,,,,,,,,,,,,,,,,,,,,,,,,,,,,,,,,,,,,,,,,,,,,,,,,,,,,,,,,,,,,,,,,,,,,,,,,,,,,,,,,,,,,,,,,,,,,,,,,,,,,,,,,,,,,,,,,,,,,,,,,,,,,,,,,,,,,,,,,,,,,,,,,,,,,,,,,,,,,,,,,,,,,,,,,,,,,,,,,,,,,,,,,,,,,,,,,,,,,,,,,,,,,,,,,,,,,,,,,,,,,,,,,,,,,,,,,,,,,,,,,,,,,,,,,,,,,,,,,,,,,,,,,,,,,,,,,,,,,,,,,,,,,,,,,,,,,,,,,,,,,,,,,,,,,,,,,,,,,,,,,,,,,,,,,,,,,,,,,,,,,,,,,,,,,,,,,,,,,,,,,,,,,,,,,,,,,,,,,,,,,,,,,,,,,,,,,,,,,,,,,,,,,,,,,,,,,,,,,,,,,,,,,,,,,,,,,,,,,,,,,,,,,,,,,,,,,,,,,,,,,,,,,,,,,,,,,,,,,,,,,,,,,,,,,,,,,,,,,,,,,,,,,,,,,,,,,,,,,,,,,,,,,,,,,,,,,,,,,,,,,,,,,,,,,,,,,,,,,,,,,,,,,,,,,,,,,,,,,,,,,,,,,,,,,,,,,,,,,,,,,,,,,,,,,,,,,,,,,,,,,,,,,,,,,,,,,,,,,,,,,,,,,,,,,,,,,,,,,,,,,,,,,,,,,,,,,,,,,,,,
2025121422,,,,,,,,,,,,,,,,,,,,,,,,,,,,,,,,,0.172,,,,,,,,,,,,,,,,,,,,,,,,,,,,,,,,,,,,,,,,,,,,,,,,,,,,,,,,,,,,,,,,,,,,,,,,,,,,,,,,,,,,,,,,,,,,,,,,,,,,,,,,,,,,,,,,,,,,,,,,,,,,,,,,,,,,,,,,,,,,,,,,,,,,,,,,,,,,,,,,,,,,,,,,,,,,,,,,,,,,,,,,,,,,,,,,,,,,,,,,,,,,,,,,,,,,,,,,,,,,,,,,,,,,,,,,,,,,,,,,,,,,,,,,,,,,,,,,,,,,,,,,,,,,,,,,,,,,,,,,,,,,,,,,,,,,,,,,,,,,,,,,,,,,,,,,,,,,,,,,,,,,,,,,,,,,,,,,,,,,,,,,,,,,,,,,,,,,,,,,,,,,,,,,,,,,,,,,,,,,,,,,,,,,,,,,,,,,,,,,,,,,,,,,,,,,,,,,,,,,,,,,,,,,,,,,,,,,,,,,,,,,,,,,,,,,,,,,,,,,,,,,,,,,,,,,,,,,,,,,,,,,,,,,,,,,,,,,,,,,,,,,,,,,,,,,,,,,,,,,,,,,,,,,,,,,,,,,,,,,,,,,,,,,,,,,,,,,,,,,,,,,,,,,,,,,,,,,,,,,,,,,,,,,,,,,,,,,,,,,,,,,,,,,,,,,,,,,,,,,,,,,,,,,,,,,,,,,,,,,,,,,,,,,,,,,,,,,,,,,,,,,,,,,,,,,,,,,,,,,
2025121423,,,,,,,,,,,,,,,,,,,,,,,,,,,,,,,,,0.135,,,,,,,,,,,,,,,,,,,,,,,,,,,,,,,,,,,,,,,,,,,,,,,,,,,,,,,,,,,,,,,,,,,,,,,,,,,,,,,,,,,,,,,,,,,,,,,,,,,,,,,,,,,,,,,,,,,,,,,,,,,,,,,,,,,,,,,,,,,,,,,,,,,,,,,,,,,,,,,,,,,,,,,,,,,,,,,,,,,,,,,,,,,,,,,,,,,,,,,,,,,,,,,,,,,,,,,,,,,,,,,,,,,,,,,,,,,,,,,,,,,,,,,,,,,,,,,,,,,,,,,,,,,,,,,,,,,,,,,,,,,,,,,,,,,,,,,,,,,,,,,,,,,,,,,,,,,,,,,,,,,,,,,,,,,,,,,,,,,,,,,,,,,,,,,,,,,,,,,,,,,,,,,,,,,,,,,,,,,,,,,,,,,,,,,,,,,,,,,,,,,,,,,,,,,,,,,,,,,,,,,,,,,,,,,,,,,,,,,,,,,,,,,,,,,,,,,,,,,,,,,,,,,,,,,,,,,,,,,,,,,,,,,,,,,,,,,,,,,,,,,,,,,,,,,,,,,,,,,,,,,,,,,,,,,,,,,,,,,,,,,,,,,,,,,,,,,,,,,,,,,,,,,,,,,,,,,,,,,,,,,,,,,,,,,,,,,,,,,,,,,,,,,,,,,,,,,,,,,,,,,,,,,,,,,,,,,,,,,,,,,,,,,,,,,,,,,,,,,,,,,,,,,,,,,,,,,,,,,,
2025121500,1.975,0.0,0.0,0.0,0.0,0.0,0.0,0.0,0.0,0.0,0.0,0.0,0.0,0.376,0.977,1.628,2.334,3.567,4.893,7.285,10.279,15.333,41.0,0.0,2.0,0.0,0.0,24.0,0.0,0.0,12.0,0.0,0.204,,4.049,0.0,0.0,0.0,0.0,0.0,0.0,0.0,0.0,0.01,0.0,0.619,1.484,2.351,3.306,4.531,5.731,7.498,9.789,13.571,17.963,27.35,53.0,0.0,11.0,0.0,0.0,0.0,2.0,0.0,23.0,0.0,,,,,,,,,,,,,,,,,,,,,,,,,,,,,,,,,0.254,0.0,0.0,0.0,0.0,0.0,0.0,0.0,0.0,0.0,0.0,0.0,0.0,0.0,0.009,0.432,1.025,1.74,2.417,3.938,6.278,10.687,32.0,0.0,0.0,15.0,0.0,0.0,0.0,5.0,0.0,0.0,,,,,,,,,,,,,,,,,,,,,,,,,,,,,,,,,272.15,,,,,,,,,,,,,,,,,,,0.01,0.0,0.0,0.0,0.0,0.0,0.028,0.046,25.0,12.0,6.0,3.0,2.0,1.0,1.0,1.0,0.0,0.0,0.038,0.0,0.0,0.0,0.0,0.038,0.104,0.188,29.0,23.0,12.0,7.0,4.0,1.0,0.0,0.0,0.0,0.0,0.003,0.0,0.0,0.0,0.0,0.0,0.005,0.013,13.0,2.0,1.0,0.0,0.0,0.0,0.0,0.0,0.0,0.0,0.102,0.0,0.0,0.0,0.0,0.076,0.279,0.518,37.0,23.0,16.0,13.0,9.0,7.0,2.0,1.0,0.0,0.0,1.0,1.0,,,,,,,,,,,17.0,21.0,16.0,23.0,30.0,32.0,32.0,0.0,0.0,0.0,0.0,0.0,24.0,,272.44,3.28,,205.0,2.0,,0.025,0.0,0.0,0.0,0.0,0.0,0.0,0.0,3.0,0.0,0.0,0.0,0.0,0.0,0.0,0.0,0.0,0.0,0.0,0.0,4.0,0.0,0.0,0.0,0.0,0.0,0.0,0.0,0.0,0.0,0.0,0.0,0.0,1.0,0.0,0.0,0.0,0.0,0.102,0.0,0.0,0.0,0.0,0.0,0.0,0.0,5.0,0.0,1.0,0.0,1.0,4.2,9.999e+20,4.1,1.6,2.0,2.4,2.4,2.8,2.8,3.2,3.2,3.2,1.6,3.6,3.39661,3.91704,3.9867,4.15909,4.68515,4.86236,5.37201,5.93122,8.23327,15.0298,4.08061,2.39472,2.0,1.0,1.0,0.0,0.0,0.0,0.0,4.0,3.0,9.999e+20,9.999e+20,9.999e+20,9.999e+20,9.999e+20,,,,,,,,,,,,,,,,,,,,,,,,,,,,,,,,,,,,,,,,,,,,,,,,,,,,,,,,,,,,,,,,,,,,,,,,,,,,,,,,,,,,,,,,,,,,,,,,,,,,,,,,,,,,,,,,,,,,,,,,,,,,0.0,1.0,19.2,1.2,12.0,0.0,,89.0,,,,,,,,,,,,,,,,,,,,,,,,,,,,,,,,,,,,,,,,,,,,,,,,,,,,,,,,,,,,,6.2,0.6,1.2,0.1,3.9,10.4,15.5,16.0,1232.0,0.0,544.0,0.0,1456.0,1944.0,2144.0,2416.0,,,73.0,8.0,,275.24,2.66,,,,274.09,3.51,,,,,,,,,,,,,,,,,,,,,,,,,,,,,,,,,,,,,,,,,,,,,,,,,,,,,,,,,,,,,9.999e+20,,,30.0,3.0,3.0,,,,,1.0,,,,,,,233.0,310.0,310.0,310.0,,273.4,1.6,0.0,0.4,0.8,0.8,0.8,0.8,0.8,1.2,1.2,0.4,1.2,1.2,1.6,1.6,1.6,2.0,2.0,2.4,2.4,3.6,5.41167,1.63614,1.35257,0.0,0.0,0.0,0.0,6.0,0.0,1.0,0.0,1.6,2.0,
2025121501,,,,,,,,,,,,,,,,,,,,,,,,,,,,,,,,,0.222,,,,,,,,,,,,,,,,,,,,,,,,,,,,,,,,,,,,,,,,,,,,,,,,,,,,,,,,,,,,,,,,,,,,,,,,,,,,,,,,,,,,,,,,,,,,,,,,,,,,,,,,,,,,,,,,,,,,,,,,,,,,,,,,,,,,,,,,,,,,,,,,,,,,,,,,,,,,,,,,,,,,,,,,,,,,,,,,,,,,,,,,,,,,,,,,,,,,,,,,,,,,,,,,,,,,,,,,,,,,,,,,,,,,,,,,,,,,,,,,,,,,,,,,,,,,,,,,,,,,,,,,,,,,,,,,,,,,,,,,,,,,,,,,,,,,,,,,,,,,,,,,,,,,,,,,,,,,,,,,,,,,,,,,,,,,,,,,,,,,,,,,,,,,,,,,,,,,,,,,,,,,,,,,,,,,,,,,,,,,,,,,,,,,,,,,,,,,,,,,,,,,,,,,,,,,,,,,,,,,,,,,,,,,,,,,,,,,,,,,,,,,,,,,,,,,,,,,,,,,,,,,,,,,,,,,,,,,,,,,,,,,,,,,,,,,,,,,,,,,,,,,,,,,,,,,,,,,,,,,,,,,,,,,,,,,,,,,,,,,,,,,,,,,,,,,,,,,,,,,,,,,,,,,,,,,,,,,,,,,,,,,,,,,,,,,,,,,,,,,,,,,,,,,,,,,,,,,,,,,,,,,,,,,,,,,,,,,,,,,,,,,,,,,,,,,,,,,,,,,,,,,,,,,,,,,,,,,,,,,
2025121502,,,,,,,,,,,,,,,,,,,,,,,,,,,,,,,,,0.186,,,,,,,,,,,,,,,,,,,,,,,,,,,,,,,,,,,,,,,,,,,,,,,,,,,,,,,,,,,,,,,,,,,,,,,,,,,,,,,,,,,,,,,,,,,,,,,,,,,,,,,,,,,,,,,,,,,,,,,,,,,,,,,,,,,,,,,,,,,,,,,,,,,,,,,,,,,,,,,,,,,,,,,,,,,,,,,,,,,,,,,,,,,,,,,,,,,,,,,,,,,,,,,,,,,,,,,,,,,,,,,,,,,,,,,,,,,,,,,,,,,,,,,,,,,,,,,,,,,,,,,,,,,,,,,,,,,,,,,,,,,,,,,,,,,,,,,,,,,,,,,,,,,,,,,,,,,,,,,,,,,,,,,,,,,,,,,,,,,,,,,,,,,,,,,,,,,,,,,,,,,,,,,,,,,,,,,,,,,,,,,,,,,,,,,,,,,,,,,,,,,,,,,,,,,,,,,,,,,,,,,,,,,,,,,,,,,,,,,,,,,,,,,,,,,,,,,,,,,,,,,,,,,,,,,,,,,,,,,,,,,,,,,,,,,,,,,,,,,,,,,,,,,,,,,,,,,,,,,,,,,,,,,,,,,,,,,,,,,,,,,,,,,,,,,,,,,,,,,,,,,,,,,,,,,,,,,,,,,,,,,,,,,,,,,,,,,,,,,,,,,,,,,,,,,,,,,,,,,,,,,,,,,,,,,,,,,,,,,,,,,,,,,,,,,,,,,,,,,,,,,,,,,,,,,,,,,,,,,,
2025121503,,,,,,,,,,,,,,,,,,,,,,,,,,,,,,,,,0.176,,,,,,,,,,,,,,,,,,,,,,,,,,,,,,,,,,,,,,,,,,,,,,,,,,,,,,,,,,,,,,,,,,,,,,,,,,,,,,,,,,,,,,,,,,,,,,,,,,,,,,,,,,,,,,,,,,,,,,,,,,,,,,,,,,,,,,,,,,,,,,,,,,,,,,,,,,,,,,,,,,,,,,,,,,,,,,,,,,,,,,,,,,,,,,,,,,,,,,,,,,,,,,,,,,,,,,,,,,,,,,,,,,,,,,,,,,,,,,,,,,,,,,,,,,,,,,,,,,,,,,,,,,,,,,,,,,,,,,,,,,,,,,,,,,,,,,,,,,,,,,,,,,,,,,,,,,,,,,,,,,,,,,,,,,,,,,,,,,,,,,,,,,,,,,,,,,,,,,,,,,,,,,,,,,,,,,,,,,,,,,,,,,,,,,,,,,,,,,,,,,,,,,,,,,,,,,,,,,,,,,,,,,,,,,,,,,,,,,,,,,,,,,,,,,,,,,,,,,,,,,,,,,,,,,,,,,,,,,,,,,,,,,,,,,,,,,,,,,,,,,,,,,,,,,,,,,,,,,,,,,,,,,,,,,,,,,,,,,,,,,,,,,,,,,,,,,,,,,,,,,,,,,,,,,,,,,,,,,,,,,,,,,,,,,,,,,,,,,,,,,,,,,,,,,,,,,,,,,,,,,,,,,,,,,,,,,,,,,,,,,,,,,,,,,,,,,,,,,,,,,,,,,,,,,,,,,,,,,,,
2025121504,,,,,,,,,,,,,,,,,,,,,,,,,,,,,,,,,0.221,,,,,,,,,,,,,,,,,,,,,,,,,,,,,,,,,,,,,,,,,,,,,,,,,,,,,,,,,,,,,,,,,,,,,,,,,,,,,,,,,,,,,,,,,,,,,,,,,,,,,,,,,,,,,,,,,,,,,,,,,,,,,,,,,,,,,,,,,,,,,,,,,,,,,,,,,,,,,,,,,,,,,,,,,,,,,,,,,,,,,,,,,,,,,,,,,,,,,,,,,,,,,,,,,,,,,,,,,,,,,,,,,,,,,,,,,,,,,,,,,,,,,,,,,,,,,,,,,,,,,,,,,,,,,,,,,,,,,,,,,,,,,,,,,,,,,,,,,,,,,,,,,,,,,,,,,,,,,,,,,,,,,,,,,,,,,,,,,,,,,,,,,,,,,,,,,,,,,,,,,,,,,,,,,,,,,,,,,,,,,,,,,,,,,,,,,,,,,,,,,,,,,,,,,,,,,,,,,,,,,,,,,,,,,,,,,,,,,,,,,,,,,,,,,,,,,,,,,,,,,,,,,,,,,,,,,,,,,,,,,,,,,,,,,,,,,,,,,,,,,,,,,,,,,,,,,,,,,,,,,,,,,,,,,,,,,,,,,,,,,,,,,,,,,,,,,,,,,,,,,,,,,,,,,,,,,,,,,,,,,,,,,,,,,,,,,,,,,,,,,,,,,,,,,,,,,,,,,,,,,,,,,,,,,,,,,,,,,,,,,,,,,,,,,,,,,,,,,,,,,,,,,,,,,,,,,,,,,,,,
2025121505,,,,,,,,,,,,,,,,,,,,,,,,,,,,,,,,,0.186,,,,,,,,,,,,,,,,,,,,,,,,,,,,,,,,,,,,,,,,,,,,,,,,,,,,,,,,,,,,,,,,,,,,,,,,,,,,,,,,,,,,,,,,,,,,,,,,,,,,,,,,,,,,,,,,,,,,,,,,,,,,,,,,,,,,,,,,,,,,,,,,,,,,,,,,,,,,,,,,,,,,,,,,,,,,,,,,,,,,,,,,,,,,,,,,,,,,,,,,,,,,,,,,,,,,,,,,,,,,,,,,,,,,,,,,,,,,,,,,,,,,,,,,,,,,,,,,,,,,,,,,,,,,,,,,,,,,,,,,,,,,,,,,,,,,,,,,,,,,,,,,,,,,,,,,,,,,,,,,,,,,,,,,,,,,,,,,,,,,,,,,,,,,,,,,,,,,,,,,,,,,,,,,,,,,,,,,,,,,,,,,,,,,,,,,,,,,,,,,,,,,,,,,,,,,,,,,,,,,,,,,,,,,,,,,,,,,,,,,,,,,,,,,,,,,,,,,,,,,,,,,,,,,,,,,,,,,,,,,,,,,,,,,,,,,,,,,,,,,,,,,,,,,,,,,,,,,,,,,,,,,,,,,,,,,,,,,,,,,,,,,,,,,,,,,,,,,,,,,,,,,,,,,,,,,,,,,,,,,,,,,,,,,,,,,,,,,,,,,,,,,,,,,,,,,,,,,,,,,,,,,,,,,,,,,,,,,,,,,,,,,,,,,,,,,,,,,,,,,,,,,,,,,,,,,,,,,,,,,
2025121506,2.379,0.0,0.0,0.0,0.0,0.0,0.0,0.0,0.0,0.0,0.0,0.0,0.237,0.897,1.673,2.498,3.413,4.604,5.996,7.605,11.345,18.005,45.0,0.0,4.0,0.0,0.0,30.0,0.0,0.0,14.0,0.0,0.211,,,,,,,,,,,,,,,,,,,,,,,,,,,,,,,,,,,,,,,,,,,,,,,,,,,,,,,,,,,,,,,,,,0.762,0.0,0.0,0.0,0.0,0.0,0.0,0.0,0.0,0.0,0.0,0.0,0.0,0.02,0.514,1.042,1.676,2.389,3.28,4.765,6.823,9.614,38.0,0.0,0.0,19.0,0.0,0.0,0.0,6.0,0.0,0.0,,,,,,,,,,,,,,,,,,,,,,,,,,,,,,,,,269.62,,,,,,,,,,,,,,,,,,,0.01,,,,,,,,,,,,,,,,,,0.028,,,,,,,,,,,,,,,,,,0.003,0.0,0.0,0.0,0.0,0.0,0.008,0.023,12.0,6.0,1.0,0.0,0.0,0.0,0.0,0.0,0.0,0.0,0.097,,,,,,,,,,,,,,,,,,0.0,1.0,,,,,,,,,,,18.0,23.0,18.0,25.0,26.0,30.0,30.0,0.0,0.0,0.0,0.0,0.0,23.2,,269.35,3.84,,0.0,2.0,,0.025,,,,,,,,,,,,,,,,,,,,,,,,,0.0,0.0,0.0,0.0,0.0,0.0,0.0,0.0,1.0,0.0,0.0,0.0,0.0,0.102,,,,,,,,,,,,,3.2,9.999e+20,3.7,0.4,1.6,2.0,2.0,2.4,2.4,2.4,2.8,2.8,1.2,3.2,3.26878,3.7241,3.94225,4.01134,4.1057,4.23734,4.88272,5.13962,6.89475,10.9505,3.28367,2.18171,1.0,0.0,0.0,0.0,0.0,0.0,0.0,3.0,3.0,9.999e+20,9.999e+20,9.999e+20,9.999e+20,9.999e+20,,,,,,,,,,,,,,,,,,,,,,,,,,,,,,,,,,,,,,,,,,,,,,,,,,,,,,,,,,,,,,,,,,,,,,,,,,,,,,,,,,,,,,,,,,,,,,,,,,,,,,,,,,,,,,,,,,,,,,,,,,,84.0,48.0,,24.0,1.2,12.0,1.2,,84.0,,,,,,,,,,,,,,,,,,,,,,,,,,,,,,,,,,,,,,,,,,,,,,,,,,,,,,,,,,,,,6.3,0.8,1.7,0.0,4.0,11.0,14.8,15.4,1192.0,0.0,440.0,0.0,1432.0,1912.0,2120.0,2320.0,,,78.0,7.0,,,,,,3.5103,271.55,3.86,276.914,268.733,271.509,272.937,273.923,274.444,275.199,275.95,276.162,276.57,270.54,277.223,277.53,277.886,278.523,278.48,279.246,279.429,280.134,280.988,281.633,283.019,0.0,6.0,17.0,0.0,0.0,0.0,0.0,0.0,,,,,,,,,,,,,,,,,,,,,,,,,,,,,,,9.999e+20,,,40.0,2.9,,,,,,0.0,,,,,,,407.0,320.0,320.0,320.0,,271.4,1.7,0.0,0.4,0.8,0.8,0.8,1.2,1.2,1.2,1.2,0.4,1.6,1.6,1.6,1.6,1.6,2.0,2.0,2.4,2.4,3.22025,4.9926,1.67067,0.958037,0.0,0.0,0.0,0.0,3.0,0.0,1.0,0.0,1.7,2.1,
2025121507,,,,,,,,,,,,,,,,,,,,,,,,,,,,,,,,,0.202,,,,,,,,,,,,,,,,,,,,,,,,,,,,,,,,,,,,,,,,,,,,,,,,,,,,,,,,,,,,,,,,,,,,,,,,,,,,,,,,,,,,,,,,,,,,,,,,,,,,,,,,,,,,,,,,,,,,,,,,,,,,,,,,,,,,,,,,,,,,,,,,,,,,,,,,,,,,,,,,,,,,,,,,,,,,,,,,,,,,,,,,,,,,,,,,,,,,,,,,,,,,,,,,,,,,,,,,,,,,,,,,,,,,,,,,,,,,,,,,,,,,,,,,,,,,,,,,,,,,,,,,,,,,,,,,,,,,,,,,,,,,,,,,,,,,,,,,,,,,,,,,,,,,,,,,,,,,,,,,,,,,,,,,,,,,,,,,,,,,,,,,,,,,,,,,,,,,,,,,,,,,,,,,,,,,,,,,,,,,,,,,,,,,,,,,,,,,,,,,,,,,,,,,,,,,,,,,,,,,,,,,,,,,,,,,,,,,,,,,,,,,,,,,,,,,,,,,,,,,,,,,,,,,,,,,,,,,,,,,,,,,,,,,,,,,,,,,,,,,,,,,,,,,,,,,,,,,,,,,,,,,,,,,,,,,,,,,,,,,,,,,,,,,,,,,,,,,,,,,,,,,,,,,,,,,,,,,,,,,,,,,,,,,,,,,,,,,,,,,,,,,,,,,,,,,,,,,,,,,,,,,,,,,,,,,,,,,,,,,,,,,,,,,,,,,,,,,,,,,,,,,,,,,,,,,,,,,,,,,
2025121508,,,,,,,,,,,,,,,,,,,,,,,,,,,,,,,,,0.168,,,,,,,,,,,,,,,,,,,,,,,,,,,,,,,,,,,,,,,,,,,,,,,,,,,,,,,,,,,,,,,,,,,,,,,,,,,,,,,,,,,,,,,,,,,,,,,,,,,,,,,,,,,,,,,,,,,,,,,,,,,,,,,,,,,,,,,,,,,,,,,,,,,,,,,,,,,,,,,,,,,,,,,,,,,,,,,,,,,,,,,,,,,,,,,,,,,,,,,,,,,,,,,,,,,,,,,,,,,,,,,,,,,,,,,,,,,,,,,,,,,,,,,,,,,,,,,,,,,,,,,,,,,,,,,,,,,,,,,,,,,,,,,,,,,,,,,,,,,,,,,,,,,,,,,,,,,,,,,,,,,,,,,,,,,,,,,,,,,,,,,,,,,,,,,,,,,,,,,,,,,,,,,,,,,,,,,,,,,,,,,,,,,,,,,,,,,,,,,,,,,,,,,,,,,,,,,,,,,,,,,,,,,,,,,,,,,,,,,,,,,,,,,,,,,,,,,,,,,,,,,,,,,,,,,,,,,,,,,,,,,,,,,,,,,,,,,,,,,,,,,,,,,,,,,,,,,,,,,,,,,,,,,,,,,,,,,,,,,,,,,,,,,,,,,,,,,,,,,,,,,,,,,,,,,,,,,,,,,,,,,,,,,,,,,,,,,,,,,,,,,,,,,,,,,,,,,,,,,,,,,,,,,,,,,,,,,,,,,,,,,,,,,,,,,,,,,,,,,,,,,,,,,,,,,,,,,,,,,,
2025121509,,,,,,,,,,,,,,,,,,,,,,,,,,,,,,,,,0.246,,,,,,,,,,,,,,,,,,,,,,,,,,,,,,,,,,,,,,,,,,,,,,,,,,,,,,,,,,,,,,,,,,,,,,,,,,,,,,,,,,,,,,,,,,,,,,,,,,,,,,,,,,,,,,,,,,,,,,,,,,,,,,,,,,,,,,,,,,,,,,,,,,,,,,,,,,,,,,,,,,,,,,,,,,,,,,,,,,,,,,,,,,,,,,,,,,,,,,,,,,,,,,,,,,,,,,,,,,,,,,,,,,,,,,,,,,,,,,,,,,,,,,,,,,,,,,,,,,,,,,,,,,,,,,,,,,,,,,,,,,,,,,,,,,,,,,,,,,,,,,,,,,,,,,,,,,,,,,,,,,,,,,,,,,,,,,,,,,,,,,,,,,,,,,,,,,,,,,,,,,,,,,,,,,,,,,,,,,,,,,,,,,,,,,,,,,,,,,,,,,,,,,,,,,,,,,,,,,,,,,,,,,,,,,,,,,,,,,,,,,,,,,,,,,,,,,,,,,,,,,,,,,,,,,,,,,,,,,,,,,,,,,,,,,,,,,,,,,,,,,,,,,,,,,,,,,,,,,,,,,,,,,,,,,,,,,,,,,,,,,,,,,,,,,,,,,,,,,,,,,,,,,,,,,,,,,,,,,,,,,,,,,,,,,,,,,,,,,,,,,,,,,,,,,,,,,,,,,,,,,,,,,,,,,,,,,,,,,,,,,,,,,,,,,,,,,,,,,,,,,,,,,,,,,,,,,,,,,,,
2025121510,,,,,,,,,,,,,,,,,,,,,,,,,,,,,,,,,0.315,,,,,,,,,,,,,,,,,,,,,,,,,,,,,,,,,,,,,,,,,,,,,,,,,,,,,,,,,,,,,,,,,,,,,,,,,,,,,,,,,,,,,,,,,,,,,,,,,,,,,,,,,,,,,,,,,,,,,,,,,,,,,,,,,,,,,,,,,,,,,,,,,,,,,,,,,,,,,,,,,,,,,,,,,,,,,,,,,,,,,,,,,,,,,,,,,,,,,,,,,,,,,,,,,,,,,,,,,,,,,,,,,,,,,,,,,,,,,,,,,,,,,,,,,,,,,,,,,,,,,,,,,,,,,,,,,,,,,,,,,,,,,,,,,,,,,,,,,,,,,,,,,,,,,,,,,,,,,,,,,,,,,,,,,,,,,,,,,,,,,,,,,,,,,,,,,,,,,,,,,,,,,,,,,,,,,,,,,,,,,,,,,,,,,,,,,,,,,,,,,,,,,,,,,,,,,,,,,,,,,,,,,,,,,,,,,,,,,,,,,,,,,,,,,,,,,,,,,,,,,,,,,,,,,,,,,,,,,,,,,,,,,,,,,,,,,,,,,,,,,,,,,,,,,,,,,,,,,,,,,,,,,,,,,,,,,,,,,,,,,,,,,,,,,,,,,,,,,,,,,,,,,,,,,,,,,,,,,,,,,,,,,,,,,,,,,,,,,,,,,,,,,,,,,,,,,,,,,,,,,,,,,,,,,,,,,,,,,,,,,,,,,,,,,,,,,,,,,,,,,,,,,,,,,,,,,,,,,,,,
2025121511,,,,,,,,,,,,,,,,,,,,,,,,,,,,,,,,,0.163,,,,,,,,,,,,,,,,,,,,,,,,,,,,,,,,,,,,,,,,,,,,,,,,,,,,,,,,,,,,,,,,,,,,,,,,,,,,,,,,,,,,,,,,,,,,,,,,,,,,,,,,,,,,,,,,,,,,,,,,,,,,,,,,,,,,,,,,,,,,,,,,,,,,,,,,,,,,,,,,,,,,,,,,,,,,,,,,,,,,,,,,,,,,,,,,,,,,,,,,,,,,,,,,,,,,,,,,,,,,,,,,,,,,,,,,,,,,,,,,,,,,,,,,,,,,,,,,,,,,,,,,,,,,,,,,,,,,,,,,,,,,,,,,,,,,,,,,,,,,,,,,,,,,,,,,,,,,,,,,,,,,,,,,,,,,,,,,,,,,,,,,,,,,,,,,,,,,,,,,,,,,,,,,,,,,,,,,,,,,,,,,,,,,,,,,,,,,,,,,,,,,,,,,,,,,,,,,,,,,,,,,,,,,,,,,,,,,,,,,,,,,,,,,,,,,,,,,,,,,,,,,,,,,,,,,,,,,,,,,,,,,,,,,,,,,,,,,,,,,,,,,,,,,,,,,,,,,,,,,,,,,,,,,,,,,,,,,,,,,,,,,,,,,,,,,,,,,,,,,,,,,,,,,,,,,,,,,,,,,,,,,,,,,,,,,,,,,,,,,,,,,,,,,,,,,,,,,,,,,,,,,,,,,,,,,,,,,,,,,,,,,,,,,,,,,,,,,,,,,,,,,,,,,,,,,,,,,,,,,
2025121512,2.789,0.0,0.0,0.0,0.0,0.0,0.0,0.0,0.0,0.0,0.0,0.0,0.626,1.52,2.48,3.278,4.168,5.647,7.261,9.356,12.272,17.187,48.0,0.0,4.0,0.0,1.0,35.0,0.0,0.0,18.0,0.0,0.309,,6.044,0.0,0.0,0.0,0.0,0.0,0.0,0.0,0.0,0.794,0.0,1.853,3.11,4.284,5.69,7.675,9.794,11.963,14.543,18.838,24.007,34.306,58.0,0.0,19.0,0.0,0.0,0.0,5.0,0.0,33.0,0.0,8.526,0.0,0.0,0.0,0.0,0.005,0.593,1.672,2.623,3.824,0.0,4.945,6.244,7.78,9.287,10.745,12.94,15.59,19.077,23.416,31.224,39.053,26.0,0.0,60.0,0.0,8.0,0.0,0.0,0.0,0.0,0.0,4.572,0.0,0.0,0.0,0.0,0.0,0.0,0.0,0.0,0.0,0.0,0.0,0.0,0.124,0.623,1.281,1.837,2.53,3.89,5.06,7.74,12.408,39.0,1.0,0.0,20.0,0.0,0.0,0.0,7.0,0.0,0.0,14.095,0.0,0.0,0.0,0.665,1.662,2.946,4.314,5.613,7.015,0.0,8.759,10.762,12.922,14.63,17.803,20.502,24.76,29.976,37.242,46.087,63.863,0.0,0.0,19.0,0.0,0.0,4.0,0.0,58.0,0.0,1.0,268.68,,,,,,,,,,,,,,,,,,,0.015,0.0,0.0,0.0,0.0,0.0,0.043,0.089,25.0,17.0,10.0,4.0,4.0,2.0,1.0,1.0,0.0,0.0,0.023,0.0,0.0,0.0,0.0,0.018,0.061,0.104,25.0,15.0,6.0,5.0,2.0,2.0,1.0,0.0,0.0,0.0,0.008,0.0,0.0,0.0,0.0,0.0,0.005,0.046,15.0,8.0,5.0,4.0,2.0,1.0,1.0,0.0,0.0,0.0,0.071,0.0,0.0,0.0,0.0,0.079,0.211,0.267,36.0,21.0,15.0,11.0,6.0,2.0,0.0,0.0,0.0,0.0,0.0,1.0,,,,,,,,,,,22.0,24.0,22.0,25.0,25.0,29.0,29.0,0.0,0.0,0.0,0.0,0.0,25.2,,268.94,3.65,,0.0,,,0.025,0.0,0.0,0.0,0.0,0.0,0.0,0.0,4.0,0.0,0.0,0.0,0.0,0.0,0.0,0.0,0.0,0.0,0.0,0.0,5.0,0.0,0.0,0.0,0.0,0.0,0.0,0.0,0.0,0.0,0.0,0.0,0.0,1.0,0.0,0.0,0.0,0.0,0.102,0.0,0.0,0.0,0.0,0.0,0.0,0.508,6.0,0.0,1.0,0.0,1.0,5.2,9.999e+20,4.6,1.2,2.0,2.4,2.4,2.8,2.8,3.2,3.2,3.6,2.0,4.08997,4.14417,4.58629,4.63802,5.5706,5.71802,6.00193,6.92712,7.08722,9.61095,13.0979,4.57032,2.7337,4.0,0.0,0.0,0.0,0.0,0.0,0.0,9.0,3.0,9.999e+20,9.999e+20,9.999e+20,9.999e+20,9.999e+20,,,,,,,,,,,,,,,,,,,,,,,,,,,,,,,,,,,,,,,,,,,,,,,,,,,,,,,,,,,,,,,,,,,,,,,,,,,,,,,,,,,,,,,,,,,,,,,,,,,,,,,,,,,,,,,,,,,,,,,,,,,,,4.0,28.8,0.0,15.6,0.0,,81.0,,,,,,,,,,,,,,,,,,,,,,,,,,,,,,,,,,,,,,,,,,,,,,,,,,,,,,,,,,,,,6.1,0.9,2.0,0.2,4.7,9.2,13.9,15.1,1224.0,0.0,424.0,0.0,1392.0,1816.0,2272.0,2360.0,,,75.0,3.0,,,,270.47,4.26,,271.76,3.77,,,,,,,,,,,,,,,,,,,,,,,,,,,,,,,,,,,,,,,,,,,,,,,,,,,,,,,,,,,,,9.999e+20,,,40.0,,4.0,,,,,0.0,,,,,,,,320.0,320.0,320.0,,271.9,2.4,0.4,0.8,0.8,1.2,1.2,1.2,1.2,1.6,1.6,0.8,2.0,2.0,2.4,2.8,2.8,3.2,3.6,4.4,4.8,6.4,8.0,2.4,1.6,0.0,0.0,0.0,0.0,21.0,0.0,6.0,1.0,2.8,3.2,
2025121513,,,,,,,,,,,,,,,,,,,,,,,,,,,,,,,,,0.232,,,,,,,,,,,,,,,,,,,,,,,,,,,,,,,,,,,,,,,,,,,,,,,,,,,,,,,,,,,,,,,,,,,,,,,,,,,,,,,,,,,,,,,,,,,,,,,,,,,,,,,,,,,,,,,,,,,,,,,,,,,,,,,,,,,,,,,,,,,,,,,,,,,,,,,,,,,,,,,,,,,,,,,,,,,,,,,,,,,,,,,,,,,,,,,,,,,,,,,,,,,,,,,,,,,,,,,,,,,,,,,,,,,,,,,,,,,,,,,,,,,,,,,,,,,,,,,,,,,,,,,,,,,,,,,,,,,,,,,,,,,,,,,,,,,,,,,,,,,,,,,,,,,,,,,,,,,,,,,,,,,,,,,,,,,,,,,,,,,,,,,,,,,,,,,,,,,,,,,,,,,,,,,,,,,,,,,,,,,,,,,,,,,,,,,,,,,,,,,,,,,,,,,,,,,,,,,,,,,,,,,,,,,,,,,,,,,,,,,,,,,,,,,,,,,,,,,,,,,,,,,,,,,,,,,,,,,,,,,,,,,,,,,,,,,,,,,,,,,,,,,,,,,,,,,,,,,,,,,,,,,,,,,,,,,,,,,,,,,,,,,,,,,,,,,,,,,,,,,,,,,,,,,,,,,,,,,,,,,,,,,,,,,,,,,,,,,,,,,,,,,,,,,,,,,,,,,,,,,,,,,,,,,,,,,,,,,,,,,,,,,,,,,,,,,,,,,,,,,,,,,,,,,,,,,,,,,,,,,,
2025121514,,,,,,,,,,,,,,,,,,,,,,,,,,,,,,,,,0.223,,,,,,,,,,,,,,,,,,,,,,,,,,,,,,,,,,,,,,,,,,,,,,,,,,,,,,,,,,,,,,,,,,,,,,,,,,,,,,,,,,,,,,,,,,,,,,,,,,,,,,,,,,,,,,,,,,,,,,,,,,,,,,,,,,,,,,,,,,,,,,,,,,,,,,,,,,,,,,,,,,,,,,,,,,,,,,,,,,,,,,,,,,,,,,,,,,,,,,,,,,,,,,,,,,,,,,,,,,,,,,,,,,,,,,,,,,,,,,,,,,,,,,,,,,,,,,,,,,,,,,,,,,,,,,,,,,,,,,,,,,,,,,,,,,,,,,,,,,,,,,,,,,,,,,,,,,,,,,,,,,,,,,,,,,,,,,,,,,,,,,,,,,,,,,,,,,,,,,,,,,,,,,,,,,,,,,,,,,,,,,,,,,,,,,,,,,,,,,,,,,,,,,,,,,,,,,,,,,,,,,,,,,,,,,,,,,,,,,,,,,,,,,,,,,,,,,,,,,,,,,,,,,,,,,,,,,,,,,,,,,,,,,,,,,,,,,,,,,,,,,,,,,,,,,,,,,,,,,,,,,,,,,,,,,,,,,,,,,,,,,,,,,,,,,,,,,,,,,,,,,,,,,,,,,,,,,,,,,,,,,,,,,,,,,,,,,,,,,,,,,,,,,,,,,,,,,,,,,,,,,,,,,,,,,,,,,,,,,,,,,,,,,,,,,,,,,,,,,,,,,,,,,,,,,,,,,,,,,,,
2025121515,,,,,,,,,,,,,,,,,,,,,,,,,,,,,,,,,0.283,,,,,,,,,,,,,,,,,,,,,,,,,,,,,,,,,,,,,,,,,,,,,,,,,,,,,,,,,,,,,,,,,,,,,,,,,,,,,,,,,,,,,,,,,,,,,,,,,,,,,,,,,,,,,,,,,,,,,,,,,,,,,,,,,,,,,,,,,,,,,,,,,,,,,,,,,,,,,,,,,,,,,,,,,,,,,,,,,,,,,,,,,,,,,,,,,,,,,,,,,,,,,,,,,,,,,,,,,,,,,,,,,,,,,,,,,,,,,,,,,,,,,,,,,,,,,,,,,,,,,,,,,,,,,,,,,,,,,,,,,,,,,,,,,,,,,,,,,,,,,,,,,,,,,,,,,,,,,,,,,,,,,,,,,,,,,,,,,,,,,,,,,,,,,,,,,,,,,,,,,,,,,,,,,,,,,,,,,,,,,,,,,,,,,,,,,,,,,,,,,,,,,,,,,,,,,,,,,,,,,,,,,,,,,,,,,,,,,,,,,,,,,,,,,,,,,,,,,,,,,,,,,,,,,,,,,,,,,,,,,,,,,,,,,,,,,,,,,,,,,,,,,,,,,,,,,,,,,,,,,,,,,,,,,,,,,,,,,,,,,,,,,,,,,,,,,,,,,,,,,,,,,,,,,,,,,,,,,,,,,,,,,,,,,,,,,,,,,,,,,,,,,,,,,,,,,,,,,,,,,,,,,,,,,,,,,,,,,,,,,,,,,,,,,,,,,,,,,,,,,,,,,,,,,,,,,,,,,,,,
2025121516,,,,,,,,,,,,,,,,,,,,,,,,,,,,,,,,,0.243,,,,,,,,,,,,,,,,,,,,,,,,,,,,,,,,,,,,,,,,,,,,,,,,,,,,,,,,,,,,,,,,,,,,,,,,,,,,,,,,,,,,,,,,,,,,,,,,,,,,,,,,,,,,,,,,,,,,,,,,,,,,,,,,,,,,,,,,,,,,,,,,,,,,,,,,,,,,,,,,,,,,,,,,,,,,,,,,,,,,,,,,,,,,,,,,,,,,,,,,,,,,,,,,,,,,,,,,,,,,,,,,,,,,,,,,,,,,,,,,,,,,,,,,,,,,,,,,,,,,,,,,,,,,,,,,,,,,,,,,,,,,,,,,,,,,,,,,,,,,,,,,,,,,,,,,,,,,,,,,,,,,,,,,,,,,,,,,,,,,,,,,,,,,,,,,,,,,,,,,,,,,,,,,,,,,,,,,,,,,,,,,,,,,,,,,,,,,,,,,,,,,,,,,,,,,,,,,,,,,,,,,,,,,,,,,,,,,,,,,,,,,,,,,,,,,,,,,,,,,,,,,,,,,,,,,,,,,,,,,,,,,,,,,,,,,,,,,,,,,,,,,,,,,,,,,,,,,,,,,,,,,,,,,,,,,,,,,,,,,,,,,,,,,,,,,,,,,,,,,,,,,,,,,,,,,,,,,,,,,,,,,,,,,,,,,,,,,,,,,,,,,,,,,,,,,,,,,,,,,,,,,,,,,,,,,,,,,,,,,,,,,,,,,,,,,,,,,,,,,,,,,,,,,,,,,,,,,,,,,
2025121517,,,,,,,,,,,,,,,,,,,,,,,,,,,,,,,,,0.215,,,,,,,,,,,,,,,,,,,,,,,,,,,,,,,,,,,,,,,,,,,,,,,,,,,,,,,,,,,,,,,,,,,,,,,,,,,,,,,,,,,,,,,,,,,,,,,,,,,,,,,,,,,,,,,,,,,,,,,,,,,,,,,,,,,,,,,,,,,,,,,,,,,,,,,,,,,,,,,,,,,,,,,,,,,,,,,,,,,,,,,,,,,,,,,,,,,,,,,,,,,,,,,,,,,,,,,,,,,,,,,,,,,,,,,,,,,,,,,,,,,,,,,,,,,,,,,,,,,,,,,,,,,,,,,,,,,,,,,,,,,,,,,,,,,,,,,,,,,,,,,,,,,,,,,,,,,,,,,,,,,,,,,,,,,,,,,,,,,,,,,,,,,,,,,,,,,,,,,,,,,,,,,,,,,,,,,,,,,,,,,,,,,,,,,,,,,,,,,,,,,,,,,,,,,,,,,,,,,,,,,,,,,,,,,,,,,,,,,,,,,,,,,,,,,,,,,,,,,,,,,,,,,,,,,,,,,,,,,,,,,,,,,,,,,,,,,,,,,,,,,,,,,,,,,,,,,,,,,,,,,,,,,,,,,,,,,,,,,,,,,,,,,,,,,,,,,,,,,,,,,,,,,,,,,,,,,,,,,,,,,,,,,,,,,,,,,,,,,,,,,,,,,,,,,,,,,,,,,,,,,,,,,,,,,,,,,,,,,,,,,,,,,,,,,,,,,,,,,,,,,,,,,,,,,,,,,,,,,,
2025121518,2.85,0.0,0.0,0.0,0.0,0.0,0.0,0.0,0.0,0.137,0.0,0.78,1.452,2.145,2.679,3.482,4.335,5.328,6.725,8.663,12.046,16.806,54.0,0.0,4.0,0.0,1.0,36.0,0.0,0.0,16.0,0.0,0.238,,,,,,,,,,,,,,,,,,,,,,,,,,,,,,,,,,,,,,,,,,,,,,,,,,,,,,,,,,,,,,,,,,1.524,0.0,0.0,0.0,0.0,0.0,0.0,0.0,0.0,0.0,0.0,0.0,0.117,0.476,0.96,1.528,2.107,2.655,3.532,4.586,6.605,10.868,43.0,0.0,0.0,21.0,0.0,0.0,0.0,6.0,0.0,0.0,,,,,,,,,,,,,,,,,,,,,,,,,,,,,,,,,269.51,,,,,,,,,,,,,,,,,,,0.02,,,,,,,,,,,,,,,,,,0.03,,,,,,,,,,,,,,,,,,0.008,0.0,0.0,0.0,0.0,0.0,0.025,0.046,21.0,11.0,5.0,4.0,3.0,3.0,1.0,0.0,0.0,0.0,0.061,,,,,,,,,,,,,,,,,,1.0,1.0,,,,,,,,,,,24.0,25.0,24.0,26.0,28.0,28.0,28.0,0.0,0.0,0.0,0.0,0.0,26.4,,271.12,3.1,,21.0,1.0,,0.025,,,,,,,,,,,,,,,,,,,,,,,,,0.0,0.0,0.0,0.0,0.0,0.0,0.0,0.0,0.0,0.0,0.0,0.0,0.0,0.051,,,,,,,,,,,,,5.2,,6.1,2.0,3.2,3.6,3.6,4.0,4.47306,4.52341,4.96639,5.00241,2.4,5.43973,5.48947,5.94361,6.3996,6.91352,7.38299,8.2439,8.98961,9.64901,11.9089,16.4851,6.14296,3.21658,6.0,2.0,1.0,1.0,0.0,0.0,0.0,16.0,2.0,,,,,,,,,,,,,,,,,,,,,,,,,,,,,,,,,,,,,,,,,,,,,,,,,,,,,,,,,,,,,,,,,,,,,,,,,,,,,,,,,,,,,,,,,,,,,,,,,,,,,,,,,,,,,,,,,,,,,,,,,,,,,,,87.0,,288.0,,27.6,0.0,21.6,0.0,,87.0,,,,,,,,,,,,,,,,,,,,,,,,,,,,,,,,,,,,,,,,,,,,,,,,,,,,,,,,,,,,,7.2,1.3,2.8,0.9,7.1,10.3,13.6,15.4,1168.0,0.0,512.0,0.0,1272.0,1832.0,2216.0,2432.0,,,72.0,6.0,,,,,,3.10051,273.19,3.36,,,,,,,,,,,,,,,,,,,,,,,,,,,,,,,271.786,264.436,267.159,269.005,269.526,270.351,271.073,270.946,271.527,272.334,265.175,272.749,273.185,273.491,273.372,273.485,273.72,274.397,275.189,275.471,275.711,277.893,0.0,0.0,0.0,0.0,0.0,31.0,55.0,0.0,9.999e+20,,,90.0,2.9,,,,,,0.0,,,,,,,1123.0,320.0,320.0,320.0,,272.5,2.9,0.4,1.2,1.2,1.6,1.6,2.0,2.0,2.0,2.4,0.8,2.4,2.4,2.8,2.8,3.2,4.0,4.4,4.8,5.6,6.88498,8.93818,2.85003,1.77982,0.0,0.0,0.0,0.0,29.0,0.0,12.0,2.0,3.3,3.7,
2025121519,,,,,,,,,,,,,,,,,,,,,,,,,,,,,,,,,0.223,,,,,,,,,,,,,,,,,,,,,,,,,,,,,,,,,,,,,,,,,,,,,,,,,,,,,,,,,,,,,,,,,,,,,,,,,,,,,,,,,,,,,,,,,,,,,,,,,,,,,,,,,,,,,,,,,,,,,,,,,,,,,,,,,,,,,,,,,,,,,,,,,,,,,,,,,,,,,,,,,,,,,,,,,,,,,,,,,,,,,,,,,,,,,,,,,,,,,,,,,,,,,,,,,,,,,,,,,,,,,,,,,,,,,,,,,,,,,,,,,,,,,,,,,,,,,,,,,,,,,,,,,,,,,,,,,,,,,,,,,,,,,,,,,,,,,,,,,,,,,,,,,,,,,,,,,,,,,,,,,,,,,,,,,,,,,,,,,,,,,,,,,,,,,,,,,,,,,,,,,,,,,,,,,,,,,,,,,,,,,,,,,,,,,,,,,,,,,,,,,,,,,,,,,,,,,,,,,,,,,,,,,,,,,,,,,,,,,,,,,,,,,,,,,,,,,,,,,,,,,,,,,,,,,,,,,,,,,,,,,,,,,,,,,,,,,,,,,,,,,,,,,,,,,,,,,,,,,,,,,,,,,,,,,,,,,,,,,,,,,,,,,,,,,,,,,,,,,,,,,,,,,,,,,,,,,,,,,,,,,,,,,,,,,,,,,,,,,,,,,,,,,,,,,,,,,,,,,,,,,,,,,,,,,,,,,,,,,,,,,,,,,,,,,,,,,,,,,,,,,,,,,,,,,,,,,,,,,,,,
2025121520,,,,,,,,,,,,,,,,,,,,,,,,,,,,,,,,,0.287,,,,,,,,,,,,,,,,,,,,,,,,,,,,,,,,,,,,,,,,,,,,,,,,,,,,,,,,,,,,,,,,,,,,,,,,,,,,,,,,,,,,,,,,,,,,,,,,,,,,,,,,,,,,,,,,,,,,,,,,,,,,,,,,,,,,,,,,,,,,,,,,,,,,,,,,,,,,,,,,,,,,,,,,,,,,,,,,,,,,,,,,,,,,,,,,,,,,,,,,,,,,,,,,,,,,,,,,,,,,,,,,,,,,,,,,,,,,,,,,,,,,,,,,,,,,,,,,,,,,,,,,,,,,,,,,,,,,,,,,,,,,,,,,,,,,,,,,,,,,,,,,,,,,,,,,,,,,,,,,,,,,,,,,,,,,,,,,,,,,,,,,,,,,,,,,,,,,,,,,,,,,,,,,,,,,,,,,,,,,,,,,,,,,,,,,,,,,,,,,,,,,,,,,,,,,,,,,,,,,,,,,,,,,,,,,,,,,,,,,,,,,,,,,,,,,,,,,,,,,,,,,,,,,,,,,,,,,,,,,,,,,,,,,,,,,,,,,,,,,,,,,,,,,,,,,,,,,,,,,,,,,,,,,,,,,,,,,,,,,,,,,,,,,,,,,,,,,,,,,,,,,,,,,,,,,,,,,,,,,,,,,,,,,,,,,,,,,,,,,,,,,,,,,,,,,,,,,,,,,,,,,,,,,,,,,,,,,,,,,,,,,,,,,,,,,,,,,,,,,,,,,,,,,,,,,,,,,,,,,
2025121521,,,,,,,,,,,,,,,,,,,,,,,,,,,,,,,,,0.289,,,,,,,,,,,,,,,,,,,,,,,,,,,,,,,,,,,,,,,,,,,,,,,,,,,,,,,,,,,,,,,,,,,,,,,,,,,,,,,,,,,,,,,,,,,,,,,,,,,,,,,,,,,,,,,,,,,,,,,,,,,,,,,,,,,,,,,,,,,,,,,,,,,,,,,,,,,,,,,,,,,,,,,,,,,,,,,,,,,,,,,,,,,,,,,,,,,,,,,,,,,,,,,,,,,,,,,,,,,,,,,,,,,,,,,,,,,,,,,,,,,,,,,,,,,,,,,,,,,,,,,,,,,,,,,,,,,,,,,,,,,,,,,,,,,,,,,,,,,,,,,,,,,,,,,,,,,,,,,,,,,,,,,,,,,,,,,,,,,,,,,,,,,,,,,,,,,,,,,,,,,,,,,,,,,,,,,,,,,,,,,,,,,,,,,,,,,,,,,,,,,,,,,,,,,,,,,,,,,,,,,,,,,,,,,,,,,,,,,,,,,,,,,,,,,,,,,,,,,,,,,,,,,,,,,,,,,,,,,,,,,,,,,,,,,,,,,,,,,,,,,,,,,,,,,,,,,,,,,,,,,,,,,,,,,,,,,,,,,,,,,,,,,,,,,,,,,,,,,,,,,,,,,,,,,,,,,,,,,,,,,,,,,,,,,,,,,,,,,,,,,,,,,,,,,,,,,,,,,,,,,,,,,,,,,,,,,,,,,,,,,,,,,,,,,,,,,,,,,,,,,,,,,,,,,,,,,,,,,,
2025121522,,,,,,,,,,,,,,,,,,,,,,,,,,,,,,,,,0.244,,,,,,,,,,,,,,,,,,,,,,,,,,,,,,,,,,,,,,,,,,,,,,,,,,,,,,,,,,,,,,,,,,,,,,,,,,,,,,,,,,,,,,,,,,,,,,,,,,,,,,,,,,,,,,,,,,,,,,,,,,,,,,,,,,,,,,,,,,,,,,,,,,,,,,,,,,,,,,,,,,,,,,,,,,,,,,,,,,,,,,,,,,,,,,,,,,,,,,,,,,,,,,,,,,,,,,,,,,,,,,,,,,,,,,,,,,,,,,,,,,,,,,,,,,,,,,,,,,,,,,,,,,,,,,,,,,,,,,,,,,,,,,,,,,,,,,,,,,,,,,,,,,,,,,,,,,,,,,,,,,,,,,,,,,,,,,,,,,,,,,,,,,,,,,,,,,,,,,,,,,,,,,,,,,,,,,,,,,,,,,,,,,,,,,,,,,,,,,,,,,,,,,,,,,,,,,,,,,,,,,,,,,,,,,,,,,,,,,,,,,,,,,,,,,,,,,,,,,,,,,,,,,,,,,,,,,,,,,,,,,,,,,,,,,,,,,,,,,,,,,,,,,,,,,,,,,,,,,,,,,,,,,,,,,,,,,,,,,,,,,,,,,,,,,,,,,,,,,,,,,,,,,,,,,,,,,,,,,,,,,,,,,,,,,,,,,,,,,,,,,,,,,,,,,,,,,,,,,,,,,,,,,,,,,,,,,,,,,,,,,,,,,,,,,,,,,,,,,,,,,,,,,,,,,,,,,,,,,,,
2025121523,,,,,,,,,,,,,,,,,,,,,,,,,,,,,,,,,0.199,,,,,,,,,,,,,,,,,,,,,,,,,,,,,,,,,,,,,,,,,,,,,,,,,,,,,,,,,,,,,,,,,,,,,,,,,,,,,,,,,,,,,,,,,,,,,,,,,,,,,,,,,,,,,,,,,,,,,,,,,,,,,,,,,,,,,,,,,,,,,,,,,,,,,,,,,,,,,,,,,,,,,,,,,,,,,,,,,,,,,,,,,,,,,,,,,,,,,,,,,,,,,,,,,,,,,,,,,,,,,,,,,,,,,,,,,,,,,,,,,,,,,,,,,,,,,,,,,,,,,,,,,,,,,,,,,,,,,,,,,,,,,,,,,,,,,,,,,,,,,,,,,,,,,,,,,,,,,,,,,,,,,,,,,,,,,,,,,,,,,,,,,,,,,,,,,,,,,,,,,,,,,,,,,,,,,,,,,,,,,,,,,,,,,,,,,,,,,,,,,,,,,,,,,,,,,,,,,,,,,,,,,,,,,,,,,,,,,,,,,,,,,,,,,,,,,,,,,,,,,,,,,,,,,,,,,,,,,,,,,,,,,,,,,,,,,,,,,,,,,,,,,,,,,,,,,,,,,,,,,,,,,,,,,,,,,,,,,,,,,,,,,,,,,,,,,,,,,,,,,,,,,,,,,,,,,,,,,,,,,,,,,,,,,,,,,,,,,,,,,,,,,,,,,,,,,,,,,,,,,,,,,,,,,,,,,,,,,,,,,,,,,,,,,,,,,,,,,,,,,,,,,,,,,,,,,,,,,,,,
2025121600,3.047,0.0,0.0,0.0,0.0,0.0,0.0,0.0,0.076,0.433,0.0,0.838,1.454,2.145,2.739,3.436,4.423,5.528,6.721,8.756,12.745,19.855,58.0,0.0,5.0,0.0,1.0,36.0,1.0,0.0,16.0,0.0,0.314,,6.713,0.0,0.0,0.0,0.0,0.0,0.113,0.736,1.579,2.817,0.0,3.852,4.995,6.091,7.403,9.02,10.592,11.976,14.771,18.418,23.255,35.392,68.0,0.0,18.0,0.0,0.0,0.0,4.0,0.0,39.0,0.0,,,,,,,,,,,,,,,,,,,,,,,,,,,,,,,,,1.778,0.0,0.0,0.0,0.0,0.0,0.0,0.0,0.0,0.0,0.0,0.0,0.206,0.553,0.983,1.435,1.994,3.031,3.83,5.134,7.677,13.194,45.0,1.0,0.0,22.0,0.0,0.0,0.0,7.0,0.0,0.0,,,,,,,,,,,,,,,,,,,,,,,,,,,,,,,,,270.17,,,,,,,,,,,,,,,,,,,0.023,0.0,0.0,0.0,0.0,0.003,0.071,0.13,28.0,20.0,16.0,7.0,5.0,5.0,4.0,3.0,0.0,0.0,0.036,0.0,0.0,0.0,0.0,0.015,0.099,0.325,26.0,20.0,11.0,6.0,6.0,6.0,1.0,0.0,0.0,0.0,0.005,0.0,0.0,0.0,0.0,0.0,0.02,0.046,21.0,9.0,5.0,3.0,1.0,0.0,0.0,0.0,0.0,0.0,0.061,0.0,0.0,0.0,0.0,0.071,0.188,0.328,37.0,22.0,13.0,10.0,6.0,1.0,0.0,0.0,0.0,0.0,3.0,1.0,,,,,,,,,,,23.0,24.0,23.0,24.0,26.0,27.0,27.0,0.0,0.0,0.0,0.0,0.0,25.0,,271.89,3.25,,160.0,,,0.025,0.0,0.0,0.0,0.0,0.0,0.0,0.0,4.0,0.0,0.0,0.0,0.0,0.0,0.0,0.0,0.0,0.0,0.0,0.508,6.0,0.0,0.0,0.0,0.0,0.025,0.0,0.0,0.0,0.0,0.0,0.0,0.0,1.0,0.0,0.0,0.0,0.0,0.051,0.0,0.0,0.0,0.0,0.0,0.0,0.508,6.0,0.0,0.0,0.0,0.0,5.2,,5.6,1.6,2.8,2.8,3.2,3.40614,3.90177,3.9333,4.00572,4.08777,2.0,4.55969,4.64365,4.81811,5.28477,5.32072,6.17184,6.62842,8.34562,8.95028,13.1025,17.821,5.23185,3.57314,6.0,2.0,2.0,1.0,0.0,0.0,0.0,13.0,2.0,,,,,,,,,,,,,,,,,,,,,,,,,,,,,,,,,,,,,,,,,,,,,,,,,,,,,,,,,,,,,,,,,,,,,,,,,,,,,,,,,,,,,,,,,,,,,,,,,,,,,,,,,,,,,,,,,,,,,,,,,,,,,,,,,,3.0,30.0,1.2,18.0,1.2,,92.0,,,,,,,,,,,,,,,,,,,,,,,,,,,,,,,,,,,,,,,,,,,,,,,,,,,,,,,,,,,,,6.9,1.8,3.0,1.4,6.0,10.2,13.0,14.5,1280.0,0.0,696.0,0.0,1408.0,1880.0,2120.0,2304.0,,,72.0,7.0,,275.02,3.62,,,,273.02,3.63,,,,,,,,,,,,,,,,,,,,,,,,,,,,,,,,,,,,,,,,,,,,,,,,,,,,,,,,,,,,,9.999e+20,,,100.0,,6.0,,,,,0.0,,,,,,,,310.0,310.0,310.0,,272.8,2.5,0.0,0.8,0.8,1.2,1.2,1.2,1.6,1.6,1.6,0.4,2.0,2.0,2.0,2.4,2.4,2.8,3.2,3.6,4.8,6.4,7.72911,2.12693,1.84994,0.0,0.0,0.0,0.0,17.0,0.0,6.0,0.0,2.5,2.9,
2025121601,,,,,,,,,,,,,,,,,,,,,,,,,,,,,,,,,0.345,,,,,,,,,,,,,,,,,,,,,,,,,,,,,,,,,,,,,,,,,,,,,,,,,,,,,,,,,,,,,,,,,,,,,,,,,,,,,,,,,,,,,,,,,,,,,,,,,,,,,,,,,,,,,,,,,,,,,,,,,,,,,,,,,,,,,,,,,,,,,,,,,,,,,,,,,,,,,,,,,,,,,,,,,,,,,,,,,,,,,,,,,,,,,,,,,,,,,,,,,,,,,,,,,,,,,,,,,,,,,,,,,,,,,,,,,,,,,,,,,,,,,,,,,,,,,,,,,,,,,,,,,,,,,,,,,,,,,,,,,,,,,,,,,,,,,,,,,,,,,,,,,,,,,,,,,,,,,,,,,,,,,,,,,,,,,,,,,,,,,,,,,,,,,,,,,,,,,,,,,,,,,,,,,,,,,,,,,,,,,,,,,,,,,,,,,,,,,,,,,,,,,,,,,,,,,,,,,,,,,,,,,,,,,,,,,,,,,,,,,,,,,,,,,,,,,,,,,,,,,,,,,,,,,,,,,,,,,,,,,,,,,,,,,,,,,,,,,,,,,,,,,,,,,,,,,,,,,,,,,,,,,,,,,,,,,,,,,,,,,,,,,,,,,,,,,,,,,,,,,,,,,,,,,,,,,,,,,,,,,,,,,,,,,,,,,,,,,,,,,,,,,,,,,,,,,,,,,,,,,,,,,,,,,,,,,,,,,,,,,,,,,,,,,,,,,,,,,,,,,,,,,,,,,,,,,,,,,,,,
2025121602,,,,,,,,,,,,,,,,,,,,,,,,,,,,,,,,,0.293,,,,,,,,,,,,,,,,,,,,,,,,,,,,,,,,,,,,,,,,,,,,,,,,,,,,,,,,,,,,,,,,,,,,,,,,,,,,,,,,,,,,,,,,,,,,,,,,,,,,,,,,,,,,,,,,,,,,,,,,,,,,,,,,,,,,,,,,,,,,,,,,,,,,,,,,,,,,,,,,,,,,,,,,,,,,,,,,,,,,,,,,,,,,,,,,,,,,,,,,,,,,,,,,,,,,,,,,,,,,,,,,,,,,,,,,,,,,,,,,,,,,,,,,,,,,,,,,,,,,,,,,,,,,,,,,,,,,,,,,,,,,,,,,,,,,,,,,,,,,,,,,,,,,,,,,,,,,,,,,,,,,,,,,,,,,,,,,,,,,,,,,,,,,,,,,,,,,,,,,,,,,,,,,,,,,,,,,,,,,,,,,,,,,,,,,,,,,,,,,,,,,,,,,,,,,,,,,,,,,,,,,,,,,,,,,,,,,,,,,,,,,,,,,,,,,,,,,,,,,,,,,,,,,,,,,,,,,,,,,,,,,,,,,,,,,,,,,,,,,,,,,,,,,,,,,,,,,,,,,,,,,,,,,,,,,,,,,,,,,,,,,,,,,,,,,,,,,,,,,,,,,,,,,,,,,,,,,,,,,,,,,,,,,,,,,,,,,,,,,,,,,,,,,,,,,,,,,,,,,,,,,,,,,,,,,,,,,,,,,,,,,,,,,,,,,,,,,,,,,,,,,,,,,,,,,,,,,,,,,
2025121603,,,,,,,,,,,,,,,,,,,,,,,,,,,,,,,,,0.254,,,,,,,,,,,,,,,,,,,,,,,,,,,,,,,,,,,,,,,,,,,,,,,,,,,,,,,,,,,,,,,,,,,,,,,,,,,,,,,,,,,,,,,,,,,,,,,,,,,,,,,,,,,,,,,,,,,,,,,,,,,,,,,,,,,,,,,,,,,,,,,,,,,,,,,,,,,,,,,,,,,,,,,,,,,,,,,,,,,,,,,,,,,,,,,,,,,,,,,,,,,,,,,,,,,,,,,,,,,,,,,,,,,,,,,,,,,,,,,,,,,,,,,,,,,,,,,,,,,,,,,,,,,,,,,,,,,,,,,,,,,,,,,,,,,,,,,,,,,,,,,,,,,,,,,,,,,,,,,,,,,,,,,,,,,,,,,,,,,,,,,,,,,,,,,,,,,,,,,,,,,,,,,,,,,,,,,,,,,,,,,,,,,,,,,,,,,,,,,,,,,,,,,,,,,,,,,,,,,,,,,,,,,,,,,,,,,,,,,,,,,,,,,,,,,,,,,,,,,,,,,,,,,,,,,,,,,,,,,,,,,,,,,,,,,,,,,,,,,,,,,,,,,,,,,,,,,,,,,,,,,,,,,,,,,,,,,,,,,,,,,,,,,,,,,,,,,,,,,,,,,,,,,,,,,,,,,,,,,,,,,,,,,,,,,,,,,,,,,,,,,,,,,,,,,,,,,,,,,,,,,,,,,,,,,,,,,,,,,,,,,,,,,,,,,,,,,,,,,,,,,,,,,,,,,,,,,,,,,,
2025121604,,,,,,,,,,,,,,,,,,,,,,,,,,,,,,,,,0.254,,,,,,,,,,,,,,,,,,,,,,,,,,,,,,,,,,,,,,,,,,,,,,,,,,,,,,,,,,,,,,,,,,,,,,,,,,,,,,,,,,,,,,,,,,,,,,,,,,,,,,,,,,,,,,,,,,,,,,,,,,,,,,,,,,,,,,,,,,,,,,,,,,,,,,,,,,,,,,,,,,,,,,,,,,,,,,,,,,,,,,,,,,,,,,,,,,,,,,,,,,,,,,,,,,,,,,,,,,,,,,,,,,,,,,,,,,,,,,,,,,,,,,,,,,,,,,,,,,,,,,,,,,,,,,,,,,,,,,,,,,,,,,,,,,,,,,,,,,,,,,,,,,,,,,,,,,,,,,,,,,,,,,,,,,,,,,,,,,,,,,,,,,,,,,,,,,,,,,,,,,,,,,,,,,,,,,,,,,,,,,,,,,,,,,,,,,,,,,,,,,,,,,,,,,,,,,,,,,,,,,,,,,,,,,,,,,,,,,,,,,,,,,,,,,,,,,,,,,,,,,,,,,,,,,,,,,,,,,,,,,,,,,,,,,,,,,,,,,,,,,,,,,,,,,,,,,,,,,,,,,,,,,,,,,,,,,,,,,,,,,,,,,,,,,,,,,,,,,,,,,,,,,,,,,,,,,,,,,,,,,,,,,,,,,,,,,,,,,,,,,,,,,,,,,,,,,,,,,,,,,,,,,,,,,,,,,,,,,,,,,,,,,,,,,,,,,,,,,,,,,,,,,,,,,,,,,,,,,,,
2025121605,,,,,,,,,,,,,,,,,,,,,,,,,,,,,,,,,0.254,,,,,,,,,,,,,,,,,,,,,,,,,,,,,,,,,,,,,,,,,,,,,,,,,,,,,,,,,,,,,,,,,,,,,,,,,,,,,,,,,,,,,,,,,,,,,,,,,,,,,,,,,,,,,,,,,,,,,,,,,,,,,,,,,,,,,,,,,,,,,,,,,,,,,,,,,,,,,,,,,,,,,,,,,,,,,,,,,,,,,,,,,,,,,,,,,,,,,,,,,,,,,,,,,,,,,,,,,,,,,,,,,,,,,,,,,,,,,,,,,,,,,,,,,,,,,,,,,,,,,,,,,,,,,,,,,,,,,,,,,,,,,,,,,,,,,,,,,,,,,,,,,,,,,,,,,,,,,,,,,,,,,,,,,,,,,,,,,,,,,,,,,,,,,,,,,,,,,,,,,,,,,,,,,,,,,,,,,,,,,,,,,,,,,,,,,,,,,,,,,,,,,,,,,,,,,,,,,,,,,,,,,,,,,,,,,,,,,,,,,,,,,,,,,,,,,,,,,,,,,,,,,,,,,,,,,,,,,,,,,,,,,,,,,,,,,,,,,,,,,,,,,,,,,,,,,,,,,,,,,,,,,,,,,,,,,,,,,,,,,,,,,,,,,,,,,,,,,,,,,,,,,,,,,,,,,,,,,,,,,,,,,,,,,,,,,,,,,,,,,,,,,,,,,,,,,,,,,,,,,,,,,,,,,,,,,,,,,,,,,,,,,,,,,,,,,,,,,,,,,,,,,,,,,,,,,,,,,,,,
2025121606,,,,,,,,,,,,,,,,,,,,,,,61.0,,,,,,,,,,0.254,,,,,,,,,,,,,,,,,,,,,,,,,,,,,,,,,,,,,,,,,,,,,,,,,,,,,,,,,,,,,,,,,,2.032,,,,,,,,,,,,,,,,,,,,,,52.0,,,,,,,,,,,,,,,,,,,,,,,,,,,,,,,,,,,,,,,,,,268.82,,,,,,,,,,,,,,,,,,,0.025,,,,,,,,,,,,,,,,,,0.036,,,,,,,,,,,,,,,,,,0.005,0.0,0.0,0.0,0.0,0.0,0.023,0.033,24.0,10.0,4.0,1.0,1.0,1.0,0.0,0.0,0.0,0.0,0.053,,,,,,,,,,,,,,,,,,0.0,1.0,,,,,,,,,,,22.0,23.0,22.0,24.0,25.0,28.0,28.0,0.0,0.0,0.0,0.0,0.0,24.9,,270.5,3.37,,0.0,2.0,,0.025,,,,,,,,,,,,,,,,,,,,,,,,,0.025,0.0,0.0,0.0,0.0,0.0,0.0,0.0,3.0,0.0,0.0,0.0,0.0,0.076,,,,,,,,,,,,,5.2,,5.9,,,,,,,,,,,,,,,,,,,,,,,3.12,,,,,,,,,3.0,,,,,,,,,,,,,,,,,,,,,,,,,,,,,,,,,,,,,,,,,,,,,,,,,,,,,,,,,,,,,,,,,,,,,,,,,,,,,,,,,,,,,,,,,,,,,,,,,,,,,,,,,,,,,,,,,,,,,,,,,,,,,,,,87.0,48.0,,30.0,1.2,24.0,0.0,,87.0,,,,,,,,,,,,,,,,,,,,,,,,,,,,,,,,,,,,,,,,,,,,,,,,,,,,,,,,,,,,,7.5,2.3,3.6,1.8,7.5,11.2,13.3,16.1,1144.0,0.0,600.0,0.0,1200.0,1792.0,2008.0,2152.0,,,74.0,6.0,,,,,,,272.5,3.4,,,,,,,,,,,,,,,,,,,,,,,,,,,,,,,,,,,,,,,,,,,,,,,,,,,,,,,,,,,,,9.999e+20,,,110.0,3.0,,,,,,0.0,,,,,,,421.0,300.0,300.0,300.0,,271.8,3.2,,,,,,,,,,,,,,,,,,,,,,,1.92,,,,,,,,,3.6,4.0,
2025121607,,,,,,,,,,,,,,,,,,,,,,,,,,,,,,,,,0.254,,,,,,,,,,,,,,,,,,,,,,,,,,,,,,,,,,,,,,,,,,,,,,,,,,,,,,,,,,,,,,,,,,,,,,,,,,,,,,,,,,,,,,,,,,,,,,,,,,,,,,,,,,,,,,,,,,,,,,,,,,,,,,,,,,,,,,,,,,,,,,,,,,,,,,,,,,,,,,,,,,,,,,,,,,,,,,,,,,,,,,,,,,,,,,,,,,,,,,,,,,,,,,,,,,,,,,,,,,,,,,,,,,,,,,,,,,,,,,,,,,,,,,,,,,,,,,,,,,,,,,,,,,,,,,,,,,,,,,,,,,,,,,,,,,,,,,,,,,,,,,,,,,,,,,,,,,,,,,,,,,,,,,,,,,,,,,,,,,,,,,,,,,,,,,,,,,,,,,,,,,,,,,,,,,,,,,,,,,,,,,,,,,,,,,,,,,,,,,,,,,,,,,,,,,,,,,,,,,,,,,,,,,,,,,,,,,,,,,,,,,,,,,,,,,,,,,,,,,,,,,,,,,,,,,,,,,,,,,,,,,,,,,,,,,,,,,,,,,,,,,,,,,,,,,,,,,,,,,,,,,,,,,,,,,,,,,,,,,,,,,,,,,,,,,,,,,,,,,,,,,,,,,,,,,,,,,,,,,,,,,,,,,,,,,,,,,,,,,,,,,,,,,,,,,,,,,,,,,,,,,,,,,,,,,,,,,,,,,,,,,,,,,,,,,,,,,,,,,,,,,,,,,,,,,,,,,,,,,,,
2025121608,,,,,,,,,,,,,,,,,,,,,,,,,,,,,,,,,0.254,,,,,,,,,,,,,,,,,,,,,,,,,,,,,,,,,,,,,,,,,,,,,,,,,,,,,,,,,,,,,,,,,,,,,,,,,,,,,,,,,,,,,,,,,,,,,,,,,,,,,,,,,,,,,,,,,,,,,,,,,,,,,,,,,,,,,,,,,,,,,,,,,,,,,,,,,,,,,,,,,,,,,,,,,,,,,,,,,,,,,,,,,,,,,,,,,,,,,,,,,,,,,,,,,,,,,,,,,,,,,,,,,,,,,,,,,,,,,,,,,,,,,,,,,,,,,,,,,,,,,,,,,,,,,,,,,,,,,,,,,,,,,,,,,,,,,,,,,,,,,,,,,,,,,,,,,,,,,,,,,,,,,,,,,,,,,,,,,,,,,,,,,,,,,,,,,,,,,,,,,,,,,,,,,,,,,,,,,,,,,,,,,,,,,,,,,,,,,,,,,,,,,,,,,,,,,,,,,,,,,,,,,,,,,,,,,,,,,,,,,,,,,,,,,,,,,,,,,,,,,,,,,,,,,,,,,,,,,,,,,,,,,,,,,,,,,,,,,,,,,,,,,,,,,,,,,,,,,,,,,,,,,,,,,,,,,,,,,,,,,,,,,,,,,,,,,,,,,,,,,,,,,,,,,,,,,,,,,,,,,,,,,,,,,,,,,,,,,,,,,,,,,,,,,,,,,,,,,,,,,,,,,,,,,,,,,,,,,,,,,,,,,,,,,,,,,,,,,,,,,,,,,,,,,,,,,,,,,,,,
2025121609,,,,,,,,,,,,,,,,,,,,,,,,,,,,,,,,,0.254,,,,,,,,,,,,,,,,,,,,,,,,,,,,,,,,,,,,,,,,,,,,,,,,,,,,,,,,,,,,,,,,,,,,,,,,,,,,,,,,,,,,,,,,,,,,,,,,,,,,,,,,,,,,,,,,,,,,,,,,,,,,,,,,,,,,,,,,,,,,,,,,,,,,,,,,,,,,,,,,,,,,,,,,,,,,,,,,,,,,,,,,,,,,,,,,,,,,,,,,,,,,,,,,,,,,,,,,,,,,,,,,,,,,,,,,,,,,,,,,,,,,,,,,,,,,,,,,,,,,,,,,,,,,,,,,,,,,,,,,,,,,,,,,,,,,,,,,,,,,,,,,,,,,,,,,,,,,,,,,,,,,,,,,,,,,,,,,,,,,,,,,,,,,,,,,,,,,,,,,,,,,,,,,,,,,,,,,,,,,,,,,,,,,,,,,,,,,,,,,,,,,,,,,,,,,,,,,,,,,,,,,,,,,,,,,,,,,,,,,,,,,,,,,,,,,,,,,,,,,,,,,,,,,,,,,,,,,,,,,,,,,,,,,,,,,,,,,,,,,,,,,,,,,,,,,,,,,,,,,,,,,,,,,,,,,,,,,,,,,,,,,,,,,,,,,,,,,,,,,,,,,,,,,,,,,,,,,,,,,,,,,,,,,,,,,,,,,,,,,,,,,,,,,,,,,,,,,,,,,,,,,,,,,,,,,,,,,,,,,,,,,,,,,,,,,,,,,,,,,,,,,,,,,,,,,,,,,,,,,
