ValidTime,APCP12hr_surface,APCP12hr_surface_1% level,APCP12hr_surface_10% level,APCP12hr_surface_15% level,APCP12hr_surface_20% level,APCP12hr_surface_25% level,APCP12hr_surface_30% level,APCP12hr_surface_35% level,APCP12hr_surface_40% level,APCP12hr_surface_45% level,APCP12hr_surface_5% level,APCP12hr_surface_50% level,APCP12hr_surface_55% level,APCP12hr_surface_60% level,APCP12hr_surface_65% level,APCP12hr_surface_70% level,APCP12hr_surface_75% level,APCP12hr_surface_80% level,APCP12hr_surface_85% level,APCP12hr_surface_90% level,APCP12hr_surface_95% level,APCP12hr_surface_99% level,APCP12hr_surface_prob >0.254,APCP12hr_surface_prob >101.6,APCP12hr_surface_prob >12.7,APCP12hr_surface_prob >127,APCP12hr_surface_prob >19.05,APCP12hr_surface_prob >2.54,APCP12hr_surface_prob >25.4,APCP12hr_surface_prob >50.8,APCP12hr_surface_prob >6.35,APCP12hr_surface_prob >76.2,APCP1hr_surface,APCP1hr_surface_prob >0.254,APCP24hr_surface,APCP24hr_surface_1% level,APCP24hr_surface_10% level,APCP24hr_surface_15% level,APCP24hr_surface_20% level,APCP24hr_surface_25% level,APCP24hr_surface_30% level,APCP24hr_surface_35% level,APCP24hr_surface_40% level,APCP24hr_surface_45% level,APCP24hr_surface_5% level,APCP24hr_surface_50% level,APCP24hr_surface_55% level,APCP24hr_surface_60% level,APCP24hr_surface_65% level,APCP24hr_surface_70% level,APCP24hr_surface_75% level,APCP24hr_surface_80% level,APCP24hr_surface_85% level,APCP24hr_surface_90% level,APCP24hr_surface_95% level,APCP24hr_surface_99% level,APCP24hr_surface_prob >0.254,APCP24hr_surface_prob >101.6,APCP24hr_surface_prob >12.7,APCP24hr_surface_prob >127,APCP24hr_surface_prob >152.4,APCP24hr_surface_prob >203.2,APCP24hr_surface_prob >25.4,APCP24hr_surface_prob >50.8,APCP24hr_surface_prob >6.35,APCP24hr_surface_prob >76.2,APCP48hr_surface,APCP48hr_surface_1% level,APCP48hr_surface_10% level,APCP48hr_surface_15% level,APCP48hr_surface_20% level,APCP48hr_surface_25% level,APCP48hr_surface_30% level,APCP48hr_surface_35% level,APCP48hr_surface_40% level,APCP48hr_surface_45% level,APCP48hr_surface_5% level,APCP48hr_surface_50% level,APCP48hr_surface_55% level,APCP48hr_surface_60% level,APCP48hr_surface_65% level,APCP48hr_surface_70% level,APCP48hr_surface_75% level,APCP48hr_surface_80% level,APCP48hr_surface_85% level,APCP48hr_surface_90% level,APCP48hr_surface_95% level,APCP48hr_surface_99% level,APCP48hr_surface_prob >12.7,APCP48hr_surface_prob >127,APCP48hr_surface_prob >2.54,APCP48hr_surface_prob >203.2,APCP48hr_surface_prob >25.4,APCP48hr_surface_prob >254,APCP48hr_surface_prob >304.8,APCP48hr_surface_prob >381,APCP48hr_surface_prob >50.8,APCP48hr_surface_prob >76.2,APCP6hr_surface,APCP6hr_surface_1% level,APCP6hr_surface_10% level,APCP6hr_surface_15% level,APCP6hr_surface_20% level,APCP6hr_surface_25% level,APCP6hr_surface_30% level,APCP6hr_surface_35% level,APCP6hr_surface_40% level,APCP6hr_surface_45% level,APCP6hr_surface_5% level,APCP6hr_surface_50% level,APCP6hr_surface_55% level,APCP6hr_surface_60% level,APCP6hr_surface_65% level,APCP6hr_surface_70% level,APCP6hr_surface_75% level,APCP6hr_surface_80% level,APCP6hr_surface_85% level,APCP6hr_surface_90% level,APCP6hr_surface_95% level,APCP6hr_surface_99% level,APCP6hr_surface_prob >0.254,APCP6hr_surface_prob >12.7,APCP6hr_surface_prob >19.05,APCP6hr_surface_prob >2.54,APCP6hr_surface_prob >25.4,APCP6hr_surface_prob >38.1,APCP6hr_surface_prob >50.8,APCP6hr_surface_prob >6.35,APCP6hr_surface_prob >63.5,APCP6hr_surface_prob >76.2,APCP72hr_surface,APCP72hr_surface_1% level,APCP72hr_surface_10% level,APCP72hr_surface_15% level,APCP72hr_surface_20% level,APCP72hr_surface_25% level,APCP72hr_surface_30% level,APCP72hr_surface_35% level,APCP72hr_surface_40% level,APCP72hr_surface_45% level,APCP72hr_surface_5% level,APCP72hr_surface_50% level,APCP72hr_surface_55% level,APCP72hr_surface_60% level,APCP72hr_surface_65% level,APCP72hr_surface_70% level,APCP72hr_surface_75% level,APCP72hr_surface_80% level,APCP72hr_surface_85% level,APCP72hr_surface_90% level,APCP72hr_surface_95% level,APCP72hr_surface_99% level,APCP72hr_surface_prob >127,APCP72hr_surface_prob >203.2,APCP72hr_surface_prob >25.4,APCP72hr_surface_prob >254,APCP72hr_surface_prob >381,APCP72hr_surface_prob >50.8,APCP72hr_surface_prob >508,APCP72hr_surface_prob >6.35,APCP72hr_surface_prob >635,APCP72hr_surface_prob >76.2,APTMP_2 m above ground,ASNOW1hr_surface,ASNOW1hr_surface_10% level,ASNOW1hr_surface_25% level,ASNOW1hr_surface_5% level,ASNOW1hr_surface_50% level,ASNOW1hr_surface_75% level,ASNOW1hr_surface_90% level,ASNOW1hr_surface_95% level,ASNOW1hr_surface_prob >0.00254,ASNOW1hr_surface_prob >0.00762,ASNOW1hr_surface_prob >0.0127,ASNOW1hr_surface_prob >0.01778,ASNOW1hr_surface_prob >0.0254,ASNOW1hr_surface_prob >0.0381,ASNOW1hr_surface_prob >0.0508,ASNOW1hr_surface_prob >0.0635,ASNOW1hr_surface_prob >0.0762,ASNOW1hr_surface_prob >0.1016,ASNOW24hr_surface,ASNOW24hr_surface_10% level,ASNOW24hr_surface_25% level,ASNOW24hr_surface_5% level,ASNOW24hr_surface_50% level,ASNOW24hr_surface_75% level,ASNOW24hr_surface_90% level,ASNOW24hr_surface_95% level,ASNOW24hr_surface_prob >0.00254,ASNOW24hr_surface_prob >0.0254,ASNOW24hr_surface_prob >0.0508,ASNOW24hr_surface_prob >0.1016,ASNOW24hr_surface_prob >0.1524,ASNOW24hr_surface_prob >0.2032,ASNOW24hr_surface_prob >0.254,ASNOW24hr_surface_prob >0.3048,ASNOW24hr_surface_prob >0.4572,ASNOW24hr_surface_prob >0.6096,ASNOW48hr_surface,ASNOW48hr_surface_10% level,ASNOW48hr_surface_25% level,ASNOW48hr_surface_5% level,ASNOW48hr_surface_50% level,ASNOW48hr_surface_75% level,ASNOW48hr_surface_90% level,ASNOW48hr_surface_95% level,ASNOW48hr_surface_prob >0.0254,ASNOW48hr_surface_prob >0.0508,ASNOW48hr_surface_prob >0.1016,ASNOW48hr_surface_prob >0.1524,ASNOW48hr_surface_prob >0.2032,ASNOW48hr_surface_prob >0.3048,ASNOW48hr_surface_prob >0.4572,ASNOW48hr_surface_prob >0.6096,ASNOW48hr_surface_prob >0.762,ASNOW48hr_surface_prob >0.9144,ASNOW6hr_surface,ASNOW6hr_surface_10% level,ASNOW6hr_surface_25% level,ASNOW6hr_surface_5% level,ASNOW6hr_surface_50% level,ASNOW6hr_surface_75% level,ASNOW6hr_surface_90% level,ASNOW6hr_surface_95% level,ASNOW6hr_surface_prob >0.00254,ASNOW6hr_surface_prob >0.0254,ASNOW6hr_surface_prob >0.0508,ASNOW6hr_surface_prob >0.0762,ASNOW6hr_surface_prob >0.1016,ASNOW6hr_surface_prob >0.127,ASNOW6hr_surface_prob >0.1524,ASNOW6hr_surface_prob >0.2032,ASNOW6hr_surface_prob >0.254,ASNOW6hr_surface_prob >0.3048,ASNOW72hr_surface,ASNOW72hr_surface_10% level,ASNOW72hr_surface_25% level,ASNOW72hr_surface_5% level,ASNOW72hr_surface_50% level,ASNOW72hr_surface_75% level,ASNOW72hr_surface_90% level,ASNOW72hr_surface_95% level,ASNOW72hr_surface_prob >0.0254,ASNOW72hr_surface_prob >0.1016,ASNOW72hr_surface_prob >0.1524,ASNOW72hr_surface_prob >0.2032,ASNOW72hr_surface_prob >0.3048,ASNOW72hr_surface_prob >0.4572,ASNOW72hr_surface_prob >0.6096,ASNOW72hr_surface_prob >0.762,ASNOW72hr_surface_prob >0.9144,ASNOW72hr_surface_prob >1.219,CAPE_surface,CAPE_surface_ens std dev,CDCB_high cloud layer,CDCB_reserved,CDCTOP_reserved,CEIL_cloud base,CEIL_cloud ceiling,CEIL_cloud ceiling_prob <152.4,CEIL_cloud ceiling_prob <2011.68,CEIL_cloud ceiling_prob <304.8,CEIL_cloud ceiling_prob <609.6,CEIL_cloud ceiling_prob <914.5,CWASP_surface_10% level,CWASP_surface_25% level,CWASP_surface_5% level,CWASP_surface_50% level,CWASP_surface_75% level,CWASP_surface_90% level,CWASP_surface_95% level,CWASP_surface_prob >50,CWASP_surface_prob >65,CWASP_surface_prob >70,CWASP_surface_prob >75,CWASP_surface_prob >85,CWASP_surface_unknown derived fcst,DIST_surface - 610 m above ground,DPT_2 m above ground,DPT_2 m above ground_ens std dev,DRYTPROB3hr_surface_prob >0,DSWRF_surface,ELLINX_400-300 mb,FICEAC1hr_surface,FICEAC24hr_surface,FICEAC24hr_surface_10% level,FICEAC24hr_surface_25% level,FICEAC24hr_surface_5% level,FICEAC24hr_surface_50% level,FICEAC24hr_surface_75% level,FICEAC24hr_surface_90% level,FICEAC24hr_surface_95% level,FICEAC24hr_surface_prob >0.254,FICEAC24hr_surface_prob >12.7,FICEAC24hr_surface_prob >2.54,FICEAC24hr_surface_prob >25.4,FICEAC24hr_surface_prob >6.35,FICEAC48hr_surface_10% level,FICEAC48hr_surface_25% level,FICEAC48hr_surface_5% level,FICEAC48hr_surface_50% level,FICEAC48hr_surface_75% level,FICEAC48hr_surface_90% level,FICEAC48hr_surface_95% level,FICEAC48hr_surface_prob >0.254,FICEAC48hr_surface_prob >12.7,FICEAC48hr_surface_prob >2.54,FICEAC48hr_surface_prob >25.4,FICEAC48hr_surface_prob >6.35,FICEAC6hr_surface,FICEAC6hr_surface_10% level,FICEAC6hr_surface_25% level,FICEAC6hr_surface_5% level,FICEAC6hr_surface_50% level,FICEAC6hr_surface_75% level,FICEAC6hr_surface_90% level,FICEAC6hr_surface_95% level,FICEAC6hr_surface_prob >0.254,FICEAC6hr_surface_prob >12.7,FICEAC6hr_surface_prob >2.54,FICEAC6hr_surface_prob >25.4,FICEAC6hr_surface_prob >6.35,FICEAC72hr_surface,FICEAC72hr_surface_10% level,FICEAC72hr_surface_25% level,FICEAC72hr_surface_5% level,FICEAC72hr_surface_50% level,FICEAC72hr_surface_75% level,FICEAC72hr_surface_90% level,FICEAC72hr_surface_95% level,FICEAC72hr_surface_prob >0.254,FICEAC72hr_surface_prob >12.7,FICEAC72hr_surface_prob >2.54,FICEAC72hr_surface_prob >25.4,FICEAC72hr_surface_prob >6.35,FOSINDX6hr_surface,FRZSPR_surface,GUST24hr_10 m above ground,GUST24hr_10 m above ground_1% level,GUST24hr_10 m above ground_10% level,GUST24hr_10 m above ground_15% level,GUST24hr_10 m above ground_20% level,GUST24hr_10 m above ground_25% level,GUST24hr_10 m above ground_30% level,GUST24hr_10 m above ground_35% level,GUST24hr_10 m above ground_40% level,GUST24hr_10 m above ground_45% level,GUST24hr_10 m above ground_5% level,GUST24hr_10 m above ground_50% level,GUST24hr_10 m above ground_55% level,GUST24hr_10 m above ground_60% level,GUST24hr_10 m above ground_65% level,GUST24hr_10 m above ground_70% level,GUST24hr_10 m above ground_75% level,GUST24hr_10 m above ground_80% level,GUST24hr_10 m above ground_85% level,GUST24hr_10 m above ground_90% level,GUST24hr_10 m above ground_95% level,GUST24hr_10 m above ground_99% level,GUST24hr_10 m above ground_prob >11,GUST24hr_10 m above ground_prob >17,GUST24hr_10 m above ground_prob >21,GUST24hr_10 m above ground_prob >24,GUST24hr_10 m above ground_prob >28,GUST24hr_10 m above ground_prob >32,GUST_10 m above ground,GUST_10 m above ground_1% level,GUST_10 m above ground_10% level,GUST_10 m above ground_15% level,GUST_10 m above ground_20% level,GUST_10 m above ground_25% level,GUST_10 m above ground_30% level,GUST_10 m above ground_35% level,GUST_10 m above ground_40% level,GUST_10 m above ground_45% level,GUST_10 m above ground_5% level,GUST_10 m above ground_50% level,GUST_10 m above ground_55% level,GUST_10 m above ground_60% level,GUST_10 m above ground_65% level,GUST_10 m above ground_70% level,GUST_10 m above ground_75% level,GUST_10 m above ground_80% level,GUST_10 m above ground_85% level,GUST_10 m above ground_90% level,GUST_10 m above ground_95% level,GUST_10 m above ground_99% level,GUST_10 m above ground_ens mean,GUST_10 m above ground_ens std dev,GUST_10 m above ground_prob >11,GUST_10 m above ground_prob >15,GUST_10 m above ground_prob >17,GUST_10 m above ground_prob >21,GUST_10 m above ground_prob >24,GUST_10 m above ground_prob >28,GUST_10 m above ground_prob >32,GUST_10 m above ground_prob >8,HINDEX6hr_entire atmosphere (considered as a single layer),HTSGW_surface,HTSGW_surface_10% level,HTSGW_surface_50% level,HTSGW_surface_90% level,HTSGW_surface_ens std dev,ICPRB_1066.8 m above mean sea level,ICPRB_1219.2 m above mean sea level,ICPRB_1371.6 m above mean sea level,ICPRB_152.4 m above mean sea level,ICPRB_1524 m above mean sea level,ICPRB_1676.4 m above mean sea level,ICPRB_1828.8 m above mean sea level,ICPRB_1981.2 m above mean sea level,ICPRB_2133.6 m above mean sea level,ICPRB_2286 m above mean sea level,ICPRB_2438.4 m above mean sea level,ICPRB_2590.8 m above mean sea level,ICPRB_2743.2 m above mean sea level,ICPRB_2895.6 m above mean sea level,ICPRB_304.8 m above mean sea level,ICPRB_3048 m above mean sea level,ICPRB_3200.4 m above mean sea level,ICPRB_3352.8 m above mean sea level,ICPRB_3505.2 m above mean sea level,ICPRB_3657.6 m above mean sea level,ICPRB_3810 m above mean sea level,ICPRB_3962.4 m above mean sea level,ICPRB_4114.8 m above mean sea level,ICPRB_4267.2 m above mean sea level,ICPRB_4419.6 m above mean sea level,ICPRB_457.2 m above mean sea level,ICPRB_4572 m above mean sea level,ICPRB_4724.4 m above mean sea level,ICPRB_4876.8 m above mean sea level,ICPRB_5029.2 m above mean sea level,ICPRB_5181.6 m above mean sea level,ICPRB_5334 m above mean sea level,ICPRB_5486.4 m above mean sea level,ICPRB_5638.8 m above mean sea level,ICPRB_5791.2 m above mean sea level,ICPRB_5943.6 m above mean sea level,ICPRB_609.6 m above mean sea level,ICPRB_6096 m above mean sea level,ICPRB_6248.4 m above mean sea level,ICPRB_6400.8 m above mean sea level,ICPRB_6553.2 m above mean sea level,ICPRB_6705.6 m above mean sea level,ICPRB_6858 m above mean sea level,ICPRB_7010.4 m above mean sea level,ICPRB_7162.8 m above mean sea level,ICPRB_7315.2 m above mean sea level,ICPRB_7467.6 m above mean sea level,ICPRB_762 m above mean sea level,ICPRB_7620 m above mean sea level,ICPRB_7772.4 m above mean sea level,ICPRB_7924.8 m above mean sea level,ICPRB_8077.2 m above mean sea level,ICPRB_8229.6 m above mean sea level,ICPRB_8382 m above mean sea level,ICPRB_8534.4 m above mean sea level,ICPRB_8686.8 m above mean sea level,ICPRB_8839.2 m above mean sea level,ICPRB_8991.6 m above mean sea level,ICPRB_914.4 m above mean sea level,ICPRB_9144 m above mean sea level,ICSEV_1066.8 m above mean sea level,ICSEV_1219.2 m above mean sea level,ICSEV_1371.6 m above mean sea level,ICSEV_152.4 m above mean sea level,ICSEV_1524 m above mean sea level,ICSEV_1676.4 m above mean sea level,ICSEV_1828.8 m above mean sea level,ICSEV_1981.2 m above mean sea level,ICSEV_2133.6 m above mean sea level,ICSEV_2286 m above mean sea level,ICSEV_2438.4 m above mean sea level,ICSEV_2590.8 m above mean sea level,ICSEV_2743.2 m above mean sea level,ICSEV_2895.6 m above mean sea level,ICSEV_304.8 m above mean sea level,ICSEV_3048 m above mean sea level,ICSEV_3200.4 m above mean sea level,ICSEV_3352.8 m above mean sea level,ICSEV_3505.2 m above mean sea level,ICSEV_3657.6 m above mean sea level,ICSEV_3810 m above mean sea level,ICSEV_3962.4 m above mean sea level,ICSEV_4114.8 m above mean sea level,ICSEV_4267.2 m above mean sea level,ICSEV_4419.6 m above mean sea level,ICSEV_457.2 m above mean sea level,ICSEV_4572 m above mean sea level,ICSEV_4724.4 m above mean sea level,ICSEV_4876.8 m above mean sea level,ICSEV_5029.2 m above mean sea level,ICSEV_5181.6 m above mean sea level,ICSEV_5334 m above mean sea level,ICSEV_5486.4 m above mean sea level,ICSEV_5638.8 m above mean sea level,ICSEV_5791.2 m above mean sea level,ICSEV_5943.6 m above mean sea level,ICSEV_609.6 m above mean sea level,ICSEV_6096 m above mean sea level,ICSEV_6248.4 m above mean sea level,ICSEV_6400.8 m above mean sea level,ICSEV_6553.2 m above mean sea level,ICSEV_6705.6 m above mean sea level,ICSEV_6858 m above mean sea level,ICSEV_7010.4 m above mean sea level,ICSEV_7162.8 m above mean sea level,ICSEV_7315.2 m above mean sea level,ICSEV_7467.6 m above mean sea level,ICSEV_762 m above mean sea level,ICSEV_7620 m above mean sea level,ICSEV_7772.4 m above mean sea level,ICSEV_7924.8 m above mean sea level,ICSEV_8077.2 m above mean sea level,ICSEV_8229.6 m above mean sea level,ICSEV_8382 m above mean sea level,ICSEV_8534.4 m above mean sea level,ICSEV_8686.8 m above mean sea level,ICSEV_8839.2 m above mean sea level,ICSEV_8991.6 m above mean sea level,ICSEV_914.4 m above mean sea level,ICSEV_9144 m above mean sea level,MAXREF1hr_1000 m above ground,MAXRH12hr_2 m above ground,MINRH12hr_2 m above ground,MIXHT_entire atmosphere (considered as a single layer),PCPDUR12hr_surface,PTYPE_surface_prob >=1 <2,PTYPE_surface_prob >=3 <4,PTYPE_surface_prob >=5 <7,PTYPE_surface_prob >=8 <9,RETOP_cloud top,RH_2 m above ground,SIPD_1066.8 m above mean sea level,SIPD_1219.2 m above mean sea level,SIPD_1371.6 m above mean sea level,SIPD_152.4 m above mean sea level,SIPD_1524 m above mean sea level,SIPD_1676.4 m above mean sea level,SIPD_1828.8 m above mean sea level,SIPD_1981.2 m above mean sea level,SIPD_2133.6 m above mean sea level,SIPD_2286 m above mean sea level,SIPD_2438.4 m above mean sea level,SIPD_2590.8 m above mean sea level,SIPD_2743.2 m above mean sea level,SIPD_2895.6 m above mean sea level,SIPD_304.8 m above mean sea level,SIPD_3048 m above mean sea level,SIPD_3200.4 m above mean sea level,SIPD_3352.8 m above mean sea level,SIPD_3505.2 m above mean sea level,SIPD_3657.6 m above mean sea level,SIPD_3810 m above mean sea level,SIPD_3962.4 m above mean sea level,SIPD_4114.8 m above mean sea level,SIPD_4267.2 m above mean sea level,SIPD_4419.6 m above mean sea level,SIPD_457.2 m above mean sea level,SIPD_4572 m above mean sea level,SIPD_4724.4 m above mean sea level,SIPD_4876.8 m above mean sea level,SIPD_5029.2 m above mean sea level,SIPD_5181.6 m above mean sea level,SIPD_5334 m above mean sea level,SIPD_5486.4 m above mean sea level,SIPD_5638.8 m above mean sea level,SIPD_5791.2 m above mean sea level,SIPD_5943.6 m above mean sea level,SIPD_609.6 m above mean sea level,SIPD_6096 m above mean sea level,SIPD_6248.4 m above mean sea level,SIPD_6400.8 m above mean sea level,SIPD_6553.2 m above mean sea level,SIPD_6705.6 m above mean sea level,SIPD_6858 m above mean sea level,SIPD_7010.4 m above mean sea level,SIPD_7162.8 m above mean sea level,SIPD_7315.2 m above mean sea level,SIPD_7467.6 m above mean sea level,SIPD_762 m above mean sea level,SIPD_7620 m above mean sea level,SIPD_7772.4 m above mean sea level,SIPD_7924.8 m above mean sea level,SIPD_8077.2 m above mean sea level,SIPD_8229.6 m above mean sea level,SIPD_8382 m above mean sea level,SIPD_8534.4 m above mean sea level,SIPD_8686.8 m above mean sea level,SIPD_8839.2 m above mean sea level,SIPD_8991.6 m above mean sea level,SIPD_914.4 m above mean sea level,SIPD_9144 m above mean sea level,SNOWLR_surface,SNOWLR_surface_10% level,SNOWLR_surface_25% level,SNOWLR_surface_5% level,SNOWLR_surface_50% level,SNOWLR_surface_75% level,SNOWLR_surface_90% level,SNOWLR_surface_95% level,SNOWLVL_0 m above mean sea level,SNOWLVL_surface_10% level,SNOWLVL_surface_25% level,SNOWLVL_surface_5% level,SNOWLVL_surface_50% level,SNOWLVL_surface_75% level,SNOWLVL_surface_90% level,SNOWLVL_surface_95% level,TCDC_high cloud layer,TCDC_reserved,TCDC_surface,TCDC_surface_ens std dev,THUNC1hr_entire atmosphere,TMAX12hr_2 m above ground,TMAX12hr_2 m above ground_ens std dev,TMIN12hr_2 m above ground,TMIN12hr_2 m above ground_ens std dev,TMP18hr_2 m above ground,TMP_2 m above ground,TMP_2 m above ground_ens std dev,TMP_Max_2 m above ground,TMP_Max_2 m above ground_1% level,TMP_Max_2 m above ground_10% level,TMP_Max_2 m above ground_15% level,TMP_Max_2 m above ground_20% level,TMP_Max_2 m above ground_25% level,TMP_Max_2 m above ground_30% level,TMP_Max_2 m above ground_35% level,TMP_Max_2 m above ground_40% level,TMP_Max_2 m above ground_45% level,TMP_Max_2 m above ground_5% level,TMP_Max_2 m above ground_50% level,TMP_Max_2 m above ground_55% level,TMP_Max_2 m above ground_60% level,TMP_Max_2 m above ground_65% level,TMP_Max_2 m above ground_70% level,TMP_Max_2 m above ground_75% level,TMP_Max_2 m above ground_80% level,TMP_Max_2 m above ground_85% level,TMP_Max_2 m above ground_90% level,TMP_Max_2 m above ground_95% level,TMP_Max_2 m above ground_99% level,TMP_Max_2 m above ground_prob <255,TMP_Max_2 m above ground_prob <270,TMP_Max_2 m above ground_prob <273,TMP_Max_2 m above ground_prob >299,TMP_Max_2 m above ground_prob >305,TMP_Max_2 m above ground_prob >310,TMP_Max_2 m above ground_prob >316,TMP_Max_2 m above ground_prob >322,TMP_Min_2 m above ground,TMP_Min_2 m above ground_1% level,TMP_Min_2 m above ground_10% level,TMP_Min_2 m above ground_15% level,TMP_Min_2 m above ground_20% level,TMP_Min_2 m above ground_25% level,TMP_Min_2 m above ground_30% level,TMP_Min_2 m above ground_35% level,TMP_Min_2 m above ground_40% level,TMP_Min_2 m above ground_45% level,TMP_Min_2 m above ground_5% level,TMP_Min_2 m above ground_50% level,TMP_Min_2 m above ground_55% level,TMP_Min_2 m above ground_60% level,TMP_Min_2 m above ground_65% level,TMP_Min_2 m above ground_70% level,TMP_Min_2 m above ground_75% level,TMP_Min_2 m above ground_80% level,TMP_Min_2 m above ground_85% level,TMP_Min_2 m above ground_90% level,TMP_Min_2 m above ground_95% level,TMP_Min_2 m above ground_99% level,TMP_Min_2 m above ground_prob <233,TMP_Min_2 m above ground_prob <244,TMP_Min_2 m above ground_prob <249,TMP_Min_2 m above ground_prob <255,TMP_Min_2 m above ground_prob <260,TMP_Min_2 m above ground_prob <270,TMP_Min_2 m above ground_prob <273,TMP_Min_2 m above ground_prob >299,TMP_surface,TPWDIR_10 m above ground,TPWSPD_10 m above ground,TRWDIR_entire atmosphere (considered as a single layer),TRWSPD_entire atmosphere (considered as a single layer),TSRWE24hr_surface_prob >7.35e-05,TSTM12hr_surface_probability forecast,TSTM1hr_surface_probability forecast,TSTM3hr_surface_probability forecast,TSTM6hr_surface_probability forecast,TURB_surface - 1372 m above ground,VIL_entire atmosphere,VIS_surface,VIS_surface_prob <1609.34,VIS_surface_prob <3218.69,VIS_surface_prob <4828.03,VIS_surface_prob <8046.73,VRATE_entire atmosphere (considered as a single layer),WDIR_10 m above ground,WDIR_30 m above ground,WDIR_80 m above ground,WDIR_surface - 610 m above ground,WETGLBT_surface,WIND24hr_10 m above ground,WIND24hr_10 m above ground_1% level,WIND24hr_10 m above ground_10% level,WIND24hr_10 m above ground_15% level,WIND24hr_10 m above ground_20% level,WIND24hr_10 m above ground_25% level,WIND24hr_10 m above ground_30% level,WIND24hr_10 m above ground_35% level,WIND24hr_10 m above ground_40% level,WIND24hr_10 m above ground_45% level,WIND24hr_10 m above ground_5% level,WIND24hr_10 m above ground_50% level,WIND24hr_10 m above ground_55% level,WIND24hr_10 m above ground_60% level,WIND24hr_10 m above ground_65% level,WIND24hr_10 m above ground_70% level,WIND24hr_10 m above ground_75% level,WIND24hr_10 m above ground_80% level,WIND24hr_10 m above ground_85% level,WIND24hr_10 m above ground_90% level,WIND24hr_10 m above ground_95% level,WIND24hr_10 m above ground_99% level,WIND24hr_10 m above ground_prob >11,WIND24hr_10 m above ground_prob >17,WIND24hr_10 m above ground_prob >24,WIND24hr_10 m above ground_prob >32,WIND24hr_10 m above ground_prob >5,WIND24hr_10 m above ground_prob >8,WIND_10 m above ground,WIND_10 m above ground_1% level,WIND_10 m above ground_10% level,WIND_10 m above ground_15% level,WIND_10 m above ground_20% level,WIND_10 m above ground_25% level,WIND_10 m above ground_30% level,WIND_10 m above ground_35% level,WIND_10 m above ground_40% level,WIND_10 m above ground_45% level,WIND_10 m above ground_5% level,WIND_10 m above ground_50% level,WIND_10 m above ground_55% level,WIND_10 m above ground_60% level,WIND_10 m above ground_65% level,WIND_10 m above ground_70% level,WIND_10 m above ground_75% level,WIND_10 m above ground_80% level,WIND_10 m above ground_85% level,WIND_10 m above ground_90% level,WIND_10 m above ground_95% level,WIND_10 m above ground_99% level,WIND_10 m above ground_ens mean,WIND_10 m above ground_ens std dev,WIND_10 m above ground_prob >11,WIND_10 m above ground_prob >15,WIND_10 m above ground_prob >17,WIND_10 m above ground_prob >24,WIND_10 m above ground_prob >3,WIND_10 m above ground_prob >32,WIND_10 m above ground_prob >5,WIND_10 m above ground_prob >8,WIND_30 m above ground,WIND_80 m above ground,WIND_surface - 610 m above ground
2026032613,,,,,,,,,,,,,,,,,,,,,,,,,,,,,,,,,0.009,,,,,,,,,,,,,,,,,,,,,,,,,,,,,,,,,,,,,,,,,,,,,,,,,,,,,,,,,,,,,,,,,,,,,,,,,,,,,,,,,,,,,,,,,,,,,,,,,,,,,,,,,,,,,,,,,,,,,,,,,,,,,,,,,,,,,,,,,,,,,,,,,,,,,,,,,,,,,,,,,,,,,,,,,,,,,,,,,,,,,,,,,,,,,,,,,,,,,,,,,,,,,,,,,,,,,,,,,,,,,,,,,,,,,,,,,,,,,,,,,,,,,,,,,,,,,,,,,,,,,,,,,,,,,,,,,,,,,,,,,,,,,,,,,,,,,,,,,,,,,,,,,,,,,,,,,,,,,,,,,,,,,,,,,,,,,,,1.2,2.0,5.2,6.0,6.4,6.4,6.8,7.2,7.6,1.6,8.0,8.4,8.8,9.2,9.6,10.0,10.4,11.2,12.0018,13.2939,14.6299,8.01779,3.28011,13.0,1.0,1.0,0.0,0.0,0.0,0.0,41.0,,,,,,,,,,,,,,,,,,,,,,,,,,,,,,,,,,,,,,,,,,,,,,,,,,,,,,,,,,,,,,,,,,,,,,,,,,,,,,,,,,,,,,,,,,,,,,,,,,,,,,,,,,,,,,,,,,,,,,,,,,,,,,,,,,,,,,,,,,,,,,,,,,,,,,,,,,,,,,,,,,,,,,,,,,,,,,,,,,,,,,,,,,,,,,,,,,,,,,,,,,,,,,,,,,,,,,,,,,,,,,,,,,,,,,,,,,,,,,,,,,,,,,,,,,,,,,,,,,,,,,,,,,,,,,,,,,,,,,,,,,,,,,,,,,,,,,,,,,,,,,,,,,,,,,,,,,,,,,,,,,,,,,,,,,,,,,,,,,0.8,1.2,3.2,3.6,3.6,4.0,4.0,4.0,4.4,0.8,4.4,4.4,4.8,4.8,5.2,5.6,5.6,6.0,6.8,7.2,8.0,4.4,2.0,0.0,0.0,0.0,0.0,76.0,0.0,22.0,1.0,,,
2026032614,,,,,,,,,,,,,,,,,,,,,,,,,,,,,,,,,0.009,,,,,,,,,,,,,,,,,,,,,,,,,,,,,,,,,,,,,,,,,,,,,,,,,,,,,,,,,,,,,,,,,,,,,,,,,,,,,,,,,,,,,,,,,,,,,,,,,,,,,,,,,,,,,,,,,,,,,,,,,,,,,,,,,,,,,,,,,,,,,,,,,,,,,,,,,,,,,,,,,,,,,,,,,,,,,,,,,,,,,,,,,,,,,,,,,,,,,,,,,,,,,,,,,,,,,,,,,,,,,,,,,,,,,,,,,,,,,,,,,,,,,,,,,,,,,,,,,,,,,,,,,,,,,,,,,,,,,,,,,,,,,,,,,,,,,,,,,,,,,,,,,,,,,,,,,,,,,,,,,,,,,,,,,,,,,,,0.8,3.2,5.2,5.6,5.6,6.0,6.4,6.8,6.8,1.6,7.2,7.6,8.4,8.4,8.8,9.2,10.0,10.4,11.2487,12.605,14.0625,7.62987,2.89097,11.0,1.0,0.0,0.0,0.0,0.0,0.0,31.0,,,,,,,,,,,,,,,,,,,,,,,,,,,,,,,,,,,,,,,,,,,,,,,,,,,,,,,,,,,,,,,,,,,,,,,,,,,,,,,,,,,,,,,,,,,,,,,,,,,,,,,,,,,,,,,,,,,,,,,,,,,,,,,,,,,,,,,,,,,,,,,,,,,,,,,,,,,,,,,,,,,,,,,,,,,,,,,,,,,,,,,,,,,,,,,,,,,,,,,,,,,,,,,,,,,,,,,,,,,,,,,,,,,,,,,,,,,,,,,,,,,,,,,,,,,,,,,,,,,,,,,,,,,,,,,,,,,,,,,,,,,,,,,,,,,,,,,,,,,,,,,,,,,,,,,,,,,,,,,,,,,,,,,,,,,,,,,,,,0.4,1.6,2.8,3.2,3.6,3.6,3.6,3.6,4.0,0.8,4.0,4.0,4.4,4.4,4.8,5.2,5.6,6.0,6.4,6.8,8.0,4.0,1.6,0.0,0.0,0.0,0.0,66.0,0.0,17.0,0.0,,,
2026032615,,,,,,,,,,,,,,,,,,,,,,,,,,,,,,,,,0.01,,,,,,,,,,,,,,,,,,,,,,,,,,,,,,,,,,,,,,,,,,,,,,,,,,,,,,,,,,,,,,,,,,,,,,,,,,,,,,,,,,,,,,,,,,,,,,,,,,,,,,,,,,,,,,,,,,,,,,,,,,,,,,,,,,,,,,,,,,,,,,,,,,,,,,,,,,,,,,,,,,,,,,,,,,,,,,,,,,,,,,,,,,,,,,,,,,,,,,,,,,,,,,,,,,,,,,,,,,,,,,,,,,,,,,,,,,,,,,,,,,,,,,,,,,,,,,,,,,,,,,,,,,,,,,,,,,,,,,,,,,,,,,,,,,,,,,,,,,,,,,,,,,,,,,,,,,,,,,,,,,,,,,,,,,,,,,,0.8,4.4,5.2,5.2,5.6,5.6,6.0,6.0,6.4,2.4,6.4,7.2,7.6,8.0,8.4,8.8,9.61766,10.0861,10.992,11.8828,12.5099,7.26038,2.60527,8.0,0.0,0.0,0.0,0.0,0.0,0.0,27.0,,,,,,,,,,,,,,,,,,,,,,,,,,,,,,,,,,,,,,,,,,,,,,,,,,,,,,,,,,,,,,,,,,,,,,,,,,,,,,,,,,,,,,,,,,,,,,,,,,,,,,,,,,,,,,,,,,,,,,,,,,,,,,,,,,,,,,,,,,,,,,,,,,,,,,,,,,,,,,,,,,,,,,,,,,,,,,,,,,,,,,,,,,,,,,,,,,,,,,,,,,,,,,,,,,,,,,,,,,,,,,,,,,,,,,,,,,,,,,,,,,,,,,,,,,,,,,,,,,,,,,,,,,,,,,,,,,,,,,,,,,,,,,,,,,,,,,,,,,,,,,,,,,,,,,,,,,,,,,,,,,,,,,,,,,,,,,,,,,0.4,2.4,2.8,2.8,3.2,3.2,3.2,3.2,3.6,1.2,3.6,4.0,4.0,4.4,4.8,4.8,5.2,5.6,6.0,6.4,7.2,4.0,1.6,0.0,0.0,0.0,0.0,51.0,0.0,13.0,0.0,,,
2026032616,,,,,,,,,,,,,,,,,,,,,,,,,,,,,,,,,0.012,,,,,,,,,,,,,,,,,,,,,,,,,,,,,,,,,,,,,,,,,,,,,,,,,,,,,,,,,,,,,,,,,,,,,,,,,,,,,,,,,,,,,,,,,,,,,,,,,,,,,,,,,,,,,,,,,,,,,,,,,,,,,,,,,,,,,,,,,,,,,,,,,,,,,,,,,,,,,,,,,,,,,,,,,,,,,,,,,,,,,,,,,,,,,,,,,,,,,,,,,,,,,,,,,,,,,,,,,,,,,,,,,,,,,,,,,,,,,,,,,,,,,,,,,,,,,,,,,,,,,,,,,,,,,,,,,,,,,,,,,,,,,,,,,,,,,,,,,,,,,,,,,,,,,,,,,,,,,,,,,,,,,,,,,,,,,,,2.8,4.4,4.8,5.2,5.2,5.2,5.6,5.6,6.4,4.0,6.4,6.80001,7.60296,7.60956,8.41968,8.83026,8.83937,9.67947,10.5529,11.1708,12.4477,6.87295,2.22374,5.0,0.0,0.0,0.0,0.0,0.0,0.0,24.0,,,,,,,,,,,,,,,,,,,,,,,,,,,,,,,,,,,,,,,,,,,,,,,,,,,,,,,,,,,,,,,,,,,,,,,,,,,,,,,,,,,,,,,,,,,,,,,,,,,,,,,,,,,,,,,,,,,,,,,,,,,,,,,,,,,,,,,,,,,,,,,,,,,,,,,,,,,,,,,,,,,,,,,,,,,,,,,,,,,,,,,,,,,,,,,,,,,,,,,,,,,,,,,,,,,,,,,,,,,,,,,,,,,,,,,,,,,,,,,,,,,,,,,,,,,,,,,,,,,,,,,,,,,,,,,,,,,,,,,,,,,,,,,,,,,,,,,,,,,,,,,,,,,,,,,,,,,,,,,,,,,,,,,,,,,,,,,,,,1.6,2.0,2.4,2.8,2.8,2.8,2.8,3.2,3.2,2.0,3.6,3.6,4.0,4.0,4.4,4.8,4.8,5.2,5.6,6.4,6.8,3.6,1.2,0.0,0.0,0.0,0.0,47.0,0.0,9.0,0.0,,,
2026032617,,,,,,,,,,,,,,,,,,,,,,,,,,,,,,,,,0.011,,,,,,,,,,,,,,,,,,,,,,,,,,,,,,,,,,,,,,,,,,,,,,,,,,,,,,,,,,,,,,,,,,,,,,,,,,,,,,,,,,,,,,,,,,,,,,,,,,,,,,,,,,,,,,,,,,,,,,,,,,,,,,,,,,,,,,,,,,,,,,,,,,,,,,,,,,,,,,,,,,,,,,,,,,,,,,,,,,,,,,,,,,,,,,,,,,,,,,,,,,,,,,,,,,,,,,,,,,,,,,,,,,,,,,,,,,,,,,,,,,,,,,,,,,,,,,,,,,,,,,,,,,,,,,,,,,,,,,,,,,,,,,,,,,,,,,,,,,,,,,,,,,,,,,,,,,,,,,,,,,,,,,,,,,,,,,,4.0,5.2,5.2,5.6,5.6,6.0,6.4,6.8,6.80929,4.8,7.2228,7.64137,8.07607,8.10618,8.53138,8.98101,9.46772,9.5757,10.2837,11.5002,11.916,7.49768,1.98312,5.0,0.0,0.0,0.0,0.0,0.0,0.0,27.0,,,,,,,,,,,,,,,,,,,,,,,,,,,,,,,,,,,,,,,,,,,,,,,,,,,,,,,,,,,,,,,,,,,,,,,,,,,,,,,,,,,,,,,,,,,,,,,,,,,,,,,,,,,,,,,,,,,,,,,,,,,,,,,,,,,,,,,,,,,,,,,,,,,,,,,,,,,,,,,,,,,,,,,,,,,,,,,,,,,,,,,,,,,,,,,,,,,,,,,,,,,,,,,,,,,,,,,,,,,,,,,,,,,,,,,,,,,,,,,,,,,,,,,,,,,,,,,,,,,,,,,,,,,,,,,,,,,,,,,,,,,,,,,,,,,,,,,,,,,,,,,,,,,,,,,,,,,,,,,,,,,,,,,,,,,,,,,,,,2.0,2.4,2.8,2.8,2.8,3.2,3.2,3.2,3.6,2.4,3.6,4.0,4.0,4.4,4.4,4.8,4.8,5.2,5.2,6.0,6.4,4.0,1.2,0.0,0.0,0.0,0.0,52.0,0.0,9.0,0.0,,,
2026032618,,,,,,,,,,,,,,,,,,,,,,,,,,,,,,,,,0.01,,,,,,,,,,,,,,,,,,,,,,,,,,,,,,,,,,,,,,,,,,,,,,,,,,,,,,,,,,,,,,,,,,,0.0,0.0,0.0,0.0,0.0,0.0,0.0,0.0,0.0,0.0,0.0,0.0,0.0,0.0,0.0,0.0,0.0,0.0,0.092,0.398,1.166,,0.0,0.0,0.0,0.0,0.0,0.0,0.0,0.0,0.0,,,,,,,,,,,,,,,,,,,,,,,,,,,,,,,,,,,,,,,,,,,,,,,,,,,,,,,,,,,,,,,,,,,,,,,,,,,,,,,,,,,,,,,,,,,,,,,,,,,,,,,,,,,,,,,,,,,,,,,,,,,,,,,,,,,,,,,,,,,,,,,,,,,,,,,,,,,,,,,,,,,,,,,,,,,,,,,,,,,,,,,,,,,,,,,,,,,,,,,,,,,,,,,,,,,,,,,,,,,,,,,,,,,,,,,,,,,,,,4.0,5.2,5.6,5.6,6.0,6.46457,6.52269,6.9769,7.45515,4.8,7.90427,8.37582,8.84347,8.93088,9.4371,9.525,10.1638,11.0853,11.5091,12.6572,13.49,7.88551,2.48823,12.0,0.0,0.0,0.0,0.0,0.0,0.0,40.0,,,,,,,,,,,,,,,,,,,,,,,,,,,,,,,,,,,,,,,,,,,,,,,,,,,,,,,,,,,,,,,,,,,,,,,,,,,,,,,,,,,,,,,,,,,,,,,,,,,,,,,,,,,,,,,,,,,,,,,,,,,,,,,,,,,,,,,,,,,,,,,,,,,,,,,,,,,,,,,,,,,,,,,,,,,,,,,,,,,,,,,,,,,,,,,,,,,,,,,,,,,,,,,,,,,,,,,,,,,,,,,,,,,,,,,,,,,,,,,,,,,,,,,,,,,,,,,,,,,,,,,,,,,,,,,,,,,,,,,,,,,,,,,,,,,,,,,,,,,,,,,,,,,,,,,,,,,,,,,,,,,,,,,,,,,,,,,,,,1.6,2.4,2.8,2.8,3.2,3.2,3.6,3.6,3.6,2.4,4.0,4.4,4.8,4.8,4.8,5.2,5.2,5.6,6.0,6.4,6.8,4.0,1.2,0.0,0.0,0.0,0.0,61.0,0.0,14.0,0.0,,,
2026032619,,,,,,,,,,,,,,,,,,,,,,,,,,,,,,,,,0.01,,,,,,,,,,,,,,,,,,,,,,,,,,,,,,,,,,,,,,,,,,,,,,,,,,,,,,,,,,,,,,,,,,,,,,,,,,,,,,,,,,,,,,,,,,,,,,,,,,,,,,,,,,,,,,,,,,,,,,,,,,,,,,,,,,,,,,,,,,,,,,,,,,,,,,,,,,,,,,,,,,,,,,,,,,,,,,,,,,,,,,,,,,,,,,,,,,,,,,,,,,,,,,,,,,,,,,,,,,,,,,,,,,,,,,,,,,,,,,,,,,,,,,,,,,,,,,,,,,,,,,,,,,,,,,,,,,,,,,,,,,,,,,,,,,,,,,,,,,,,,,,,,,,,,,,,,,,,,,,,,,,,,,,,,,,,,,,4.4,5.2,5.2,5.6,5.6,6.20809,6.78657,7.25194,7.31218,4.8,7.81322,8.26267,8.71199,9.21988,9.7007,9.84091,10.7339,11.3517,11.7992,12.7363,13.5052,8.25259,2.48286,15.0,0.0,0.0,0.0,0.0,0.0,0.0,42.0,,,,,,,,,,,,,,,,,,,,,,,,,,,,,,,,,,,,,,,,,,,,,,,,,,,,,,,,,,,,,,,,,,,,,,,,,,,,,,,,,,,,,,,,,,,,,,,,,,,,,,,,,,,,,,,,,,,,,,,,,,,,,,,,,,,,,,,,,,,,,,,,,,,,,,,,,,,,,,,,,,,,,,,,,,,,,,,,,,,,,,,,,,,,,,,,,,,,,,,,,,,,,,,,,,,,,,,,,,,,,,,,,,,,,,,,,,,,,,,,,,,,,,,,,,,,,,,,,,,,,,,,,,,,,,,,,,,,,,,,,,,,,,,,,,,,,,,,,,,,,,,,,,,,,,,,,,,,,,,,,,,,,,,,,,,,,,,,,,2.0,2.4,2.8,2.8,2.8,3.2,3.6,3.6,4.0,2.4,4.0,4.4,4.8,4.8,5.2,5.2,5.6,6.0,6.4,6.8,7.2,4.40338,1.22828,0.0,0.0,0.0,0.0,63.0,0.0,20.0,0.0,,,
2026032620,,,,,,,,,,,,,,,,,,,,,,,,,,,,,,,,,0.01,0.0,,,,,,,,,,,,,,,,,,,,,,,,,,,,,,,,,,,,,,,,,,,,,,,,,,,,,,,,,,,,,,,,,,,,,,,,,,,,,,,,,,,,,,,,,,,,,,,,,,,,,,,,,,,,,,,,,,,,,,,,,,,,,,,,,264.82,0.0,0.0,0.0,0.0,0.0,0.0,0.0,0.0,0.0,0.0,0.0,0.0,0.0,0.0,0.0,0.0,0.0,0.0,,,,,,,,,,,,,,,,,,,,,,,,,,,,,,,,,,,,,,,,,,,,,,,,,,,,,,,,,,,,,,,,,,,,,,,,,8.0,8.0,7620.0,7621.0,13716.0,688.0,88885.0,4.0,16.0,4.0,4.0,6.0,12.0,13.0,12.0,14.0,16.0,17.0,18.0,0.0,0.0,0.0,0.0,0.0,14.7,0.0,261.65,1.25,,727.0,1.0,0.0,,,,,,,,,,,,,,,,,,,,,,,,,,,,,,,,,,,,,,,,,,,,,,,,,,,,,,,,,,,,,,,,,,,,,,,,,,,,,,,,,,8.4,4.4,5.2,5.2,5.33788,5.54873,6.03537,6.5917,7.00939,7.4997,4.8,7.96496,8.39738,8.50517,9.40555,9.92992,10.4438,11.014,11.2126,11.6695,12.3915,13.2283,8.00884,2.47816,16.0,0.0,0.0,0.0,0.0,0.0,0.0,39.0,,,,,,,0.0,0.0,0.0,0.0,0.0,0.0,0.0,0.0,0.08,0.24,0.21,0.2,0.38,0.45,0.0,0.46,0.44,0.42,0.2,0.0,0.0,0.0,0.0,0.0,0.0,0.0,0.0,0.0,0.0,0.0,0.0,0.0,0.0,0.0,0.0,0.0,0.0,0.0,0.0,0.0,0.0,0.0,0.0,0.0,0.0,0.0,0.0,0.0,0.0,0.0,0.0,0.0,0.0,0.0,0.0,0.0,0.0,0.0,0.0,0.0,0.0,0.0,0.0,0.0,0.0,0.0,0.0,0.0,4.0,4.0,4.0,4.0,4.0,4.0,0.0,4.0,4.0,4.0,4.0,0.0,0.0,0.0,0.0,0.0,0.0,0.0,0.0,0.0,0.0,0.0,0.0,0.0,0.0,0.0,0.0,0.0,0.0,0.0,0.0,0.0,0.0,0.0,0.0,0.0,0.0,0.0,0.0,0.0,0.0,0.0,0.0,0.0,0.0,0.0,0.0,0.0,0.0,0.0,0.0,0.0,0.0,,,1304.0,,0.0,0.0,0.0,0.0,88888.0,53.0,0.0,0.0,0.0,0.0,0.0,0.0,0.0,0.0,-0.09,-0.09,-0.09,-0.09,-0.09,-0.09,0.0,-0.09,-0.09,-0.09,-0.09,0.0,0.0,0.0,0.0,0.0,0.0,0.0,0.0,0.0,0.0,0.0,0.0,0.0,0.0,0.0,0.0,0.0,0.0,0.0,0.0,0.0,0.0,0.0,0.0,0.0,0.0,0.0,0.0,0.0,0.0,0.0,0.0,0.0,0.0,0.0,0.0,0.0,0.0,0.0012,0.0,0.0012,18.2,16.3,16.5,16.1,16.9,17.5,18.4,18.7,400.0,184.0,192.0,168.0,216.0,552.0,592.0,608.0,0.0,0.0,16.0,25.0,0.0,,,,,,270.1,1.25,,,,,,,,,,,,,,,,,,,,,,,,,,,,,,,,,,,,,,,,,,,,,,,,,,,,,,,,,,,,,9.999e+20,250.0,4.4,270.0,5.8,,,0.0,,,3.0,0.0,16274.0,0.0,0.0,0.0,0.0,7267.0,250.0,250.0,250.0,0.0,270.5,,,,,,,,,,,,,,,,,,,,,,,,,,,,,4.4,2.4,2.8,2.8,2.8,3.2,3.2,3.6,3.6,4.0,2.4,4.4,4.4,4.8,4.8,5.2,5.6,5.6,6.0,6.4,6.8,7.29195,4.40852,1.25203,0.0,0.0,0.0,0.0,63.0,0.0,22.0,0.0,5.2,5.6,0.0
2026032621,,,,,,,,,,,,,,,,,,,,,,,,,,,,,,,,,0.011,0.0,,,,,,,,,,,,,,,,,,,,,,,,,,,,,,,,,,,,,,,,,,,,,,,,,,,,,,,,,,,,,,,,,,,,,,,,,,,,,,,,,,,,,,,,,,,,,,,,,,,,,,,,,,,,,,,,,,,,,,,,,,,,,,,,,265.39,0.0,0.0,0.0,0.0,0.0,0.0,0.0,0.0,0.0,0.0,0.0,0.0,0.0,0.0,0.0,0.0,0.0,0.0,,,,,,,,,,,,,,,,,,,,,,,,,,,,,,,,,,,,,,,,,,,,,,,,,,,,,,,,,,,,,,,,,,,,,,,,,15.0,12.0,7620.0,563.0,1687.0,2080.0,88886.0,2.0,16.0,2.0,2.0,3.0,12.0,13.0,12.0,14.0,16.0,17.0,18.0,0.0,0.0,0.0,0.0,0.0,14.8,0.0,261.69,1.33,,685.0,1.0,0.0,,,,,,,,,,,,,,,,,,,,,,,,,,,,,,,,,,,,,,,,,,,,,,,,,,,,,9.999e+20,,,,,,,,,,,,,,,,,,,,,,,,,,,,,8.1,4.4,5.2,5.2,5.69957,5.81617,6.00726,6.60558,6.7577,7.23191,4.8,7.73243,8.23912,8.7034,9.31037,9.80138,10.3142,10.912,11.1659,11.895,12.537,13.1398,8.13606,2.51,16.0,0.0,0.0,0.0,0.0,0.0,0.0,37.0,,9.999e+20,9.999e+20,9.999e+20,9.999e+20,9.999e+20,0.0,0.0,0.0,0.0,0.0,0.0,0.0,0.0,0.16,0.47,0.48,0.47,0.46,0.45,0.0,0.45,0.44,0.43,0.41,0.35,0.17,0.0,0.0,0.0,0.0,0.0,0.0,0.0,0.0,0.0,0.0,0.0,0.0,0.0,0.0,0.0,0.0,0.0,0.0,0.0,0.0,0.0,0.0,0.0,0.0,0.0,0.0,0.0,0.0,0.0,0.0,0.0,0.0,0.0,0.0,0.0,0.0,0.0,0.0,0.0,0.0,0.0,0.0,0.0,0.0,0.0,0.0,0.0,4.0,4.0,4.0,4.0,4.0,4.0,0.0,1.0,1.0,1.0,4.0,4.0,4.0,0.0,0.0,0.0,0.0,0.0,0.0,0.0,0.0,0.0,0.0,0.0,0.0,0.0,0.0,0.0,0.0,0.0,0.0,0.0,0.0,0.0,0.0,0.0,0.0,0.0,0.0,0.0,0.0,0.0,0.0,0.0,0.0,0.0,0.0,0.0,0.0,0.0,0.0,0.0,0.0,,,1416.0,,0.0,0.0,0.0,0.0,88888.0,51.0,0.0,0.0,0.0,0.0,0.0,0.0,0.0,0.0,-0.09,-0.09,-0.09,-0.09,-0.09,-0.09,0.0,-0.09,-0.09,-0.09,-0.09,-0.09,-0.09,0.0,0.0,0.0,0.0,0.0,0.0,0.0,0.0,0.0,0.0,0.0,0.0,0.0,0.0,0.0,0.0,0.0,0.0,0.0,0.0,0.0,0.0,0.0,0.0,0.0,0.0,0.0,0.0,0.0,0.0,0.0,0.0,0.0,0.0,0.0,0.0,0.0012,0.0,0.0012,17.9,15.7,16.1,15.6,16.5,17.3,18.1,18.7,472.0,272.0,288.0,256.0,328.0,624.0,672.0,680.0,0.0,39.0,15.0,20.0,0.0,,,,,,270.4,1.33,,,,,,,,,,,,,,,,,,,,,,,,,,,,,,,,,,,,,,,,,,,,,,,,,,,,,,,,,,,,,9.999e+20,240.0,4.4,270.0,6.1,,,0.0,,,3.0,0.0,16274.0,0.0,0.0,0.0,0.0,8207.0,240.0,240.0,240.0,0.0,270.5,,,,,,,,,,,,,,,,,,,,,,,,,,,,,4.4,2.4,2.8,2.8,3.2,3.2,3.2,3.6,3.6,4.0,2.4,4.4,4.4,4.4,4.8,5.2,5.6,6.0,6.0,6.4,6.8,7.28262,4.42717,1.2945,0.0,0.0,0.0,0.0,63.0,0.0,23.0,0.0,5.2,5.6,0.0
2026032622,,,,,,,,,,,,,,,,,,,,,,,,,,,,,,,,,0.011,1.0,,,,,,,,,,,,,,,,,,,,,,,,,,,,,,,,,,,,,,,,,,,,,,,,,,,,,,,,,,,,,,,,,,,,,,,,,,,,,,,,,,,,,,,,,,,,,,,,,,,,,,,,,,,,,,,,,,,,,,,,,,,,,,,,,265.49,0.0,0.0,0.0,0.0,0.0,0.0,0.0,0.0,0.0,0.0,0.0,0.0,0.0,0.0,0.0,0.0,0.0,0.0,,,,,,,,,,,,,,,,,,,,,,,,,,,,,,,,,,,,,,,,,,,,,,,,,,,,,,,,,,,,,,,,,,,,,,,,,8.0,9.0,7620.0,745.0,1690.0,1728.0,88886.0,1.0,16.0,1.0,1.0,2.0,13.0,13.0,12.0,14.0,16.0,17.0,18.0,0.0,0.0,0.0,0.0,0.0,14.9,0.0,261.72,1.27,,643.0,1.0,0.0,,,,,,,,,,,,,,,,,,,,,,,,,,,,,,,,,,,,,,,,,,,,,,,,,,,,,,,,,,,,,,,,,,,,,,,,,,,,,,,,,,7.9,4.0,5.2,5.2,5.6,5.6,6.0,6.4,6.90272,7.09838,4.8,7.65522,8.23469,8.78816,9.03499,9.69043,10.2872,10.5222,10.802,11.448,12.0589,13.0739,7.91499,2.50685,11.0,0.0,0.0,0.0,0.0,0.0,0.0,38.0,,,,,,,0.0,0.0,0.0,0.0,0.0,0.0,0.0,0.0,0.15,0.44,0.46,0.45,0.44,0.44,0.0,0.44,0.42,0.4,0.38,0.33,0.16,0.0,0.0,0.0,0.0,0.0,0.0,0.0,0.0,0.0,0.0,0.0,0.0,0.0,0.0,0.0,0.0,0.0,0.0,0.0,0.0,0.0,0.0,0.0,0.0,0.0,0.0,0.0,0.0,0.0,0.0,0.0,0.0,0.0,0.0,0.0,0.0,0.0,0.0,0.0,0.0,0.0,0.0,0.0,0.0,0.0,0.0,0.0,4.0,4.0,4.0,4.0,4.0,4.0,0.0,1.0,1.0,4.0,4.0,4.0,4.0,0.0,0.0,0.0,0.0,0.0,0.0,0.0,0.0,0.0,0.0,0.0,0.0,0.0,0.0,0.0,0.0,0.0,0.0,0.0,0.0,0.0,0.0,0.0,0.0,0.0,0.0,0.0,0.0,0.0,0.0,0.0,0.0,0.0,0.0,0.0,0.0,0.0,0.0,0.0,0.0,,,1336.0,,0.0,0.0,0.0,0.0,88888.0,50.0,0.0,0.0,0.0,0.0,0.0,0.0,0.0,0.0,-0.09,-0.09,-0.09,-0.09,-0.09,-0.09,0.0,-0.09,-0.09,-0.09,-0.09,-0.09,-0.09,0.0,0.0,0.0,0.0,0.0,0.0,0.0,0.0,0.0,0.0,0.0,0.0,0.0,0.0,0.0,0.0,0.0,0.0,0.0,0.0,0.0,0.0,0.0,0.0,0.0,0.0,0.0,0.0,0.0,0.0,0.0,0.0,0.0,0.0,0.0,0.0,0.0,0.0,0.0012,17.7,15.2,15.6,15.1,16.1,16.7,18.1,18.2,504.0,368.0,392.0,352.0,440.0,672.0,728.0,744.0,0.0,36.0,10.0,9.0,0.0,,,,,,270.79,1.27,,,,,,,,,,,,,,,,,,,,,,,,,,,,,,,,,,,,,,,,,,,,,,,,,,,,,,,,,,,,,9.999e+20,240.0,4.4,260.0,5.7,,,0.0,,,3.0,0.0,16209.0,0.0,0.0,0.0,0.0,7197.0,240.0,240.0,240.0,0.0,270.3,,,,,,,,,,,,,,,,,,,,,,,,,,,,,4.4,2.4,2.8,2.8,2.8,3.2,3.2,3.6,3.6,4.0,2.4,4.0,4.4,4.4,4.8,5.2,5.2,5.6,6.0,6.0,6.4,7.2,4.41541,1.33584,0.0,0.0,0.0,0.0,64.0,0.0,20.0,0.0,4.8,5.6,0.0
2026032623,,,,,,,,,,,,,,,,,,,,,,,,,,,,,,,,,0.013,1.0,,,,,,,,,,,,,,,,,,,,,,,,,,,,,,,,,,,,,,,,,,,,,,,,,,,,,,,,,,,,,,,,,,,,,,,,,,,,,,,,,,,,,,,,,,,,,,,,,,,,,,,,,,,,,,,,,,,,,,,,,,,,,,,,,265.83,0.0,0.0,0.0,0.0,0.0,0.0,0.0,0.0,0.0,0.0,0.0,0.0,0.0,0.0,0.0,0.0,0.0,0.0,,,,,,,,,,,,,,,,,,,,,,,,,,,,,,,,,,,,,,,,,,,,,,,,,,,,,,,,,,,,,,,,,,,,,,,,,6.0,9.0,7620.0,747.0,1692.0,2968.0,88886.0,1.0,16.0,1.0,1.0,1.0,13.0,13.0,11.0,14.0,16.0,17.0,19.0,0.0,0.0,0.0,0.0,0.0,15.1,0.0,262.02,1.25,,551.0,1.0,0.0,,,,,,,,,,,,,,,,,,,,,,,,,,,,,,,,,,,,,,,,,,,,,,,,,,,,,,,,,,,,,,,,,,,,,,,,,,,,,,,,,,8.0,4.0,5.2,5.2,5.6,6.0,6.0,6.4,6.8,7.2,4.8,7.6,8.0,8.4,8.85295,9.79765,10.1526,10.6033,10.7407,11.3513,12.0419,13.2503,7.99685,2.5082,9.0,0.0,0.0,0.0,0.0,0.0,0.0,39.0,,,,,,,0.0,0.0,0.0,0.0,0.0,0.0,0.0,0.0,0.06,0.21,0.21,0.18,0.18,0.26,0.0,0.41,0.38,0.36,0.18,0.0,0.0,0.0,0.0,0.0,0.0,0.0,0.0,0.0,0.0,0.0,0.0,0.0,0.0,0.0,0.0,0.0,0.0,0.0,0.0,0.0,0.0,0.0,0.0,0.0,0.0,0.0,0.0,0.0,0.0,0.0,0.0,0.0,0.0,0.0,0.0,0.0,0.0,0.0,0.0,0.0,0.0,0.0,0.0,0.0,0.0,0.0,0.0,0.0,4.0,4.0,4.0,4.0,4.0,4.0,0.0,1.0,4.0,4.0,4.0,0.0,0.0,0.0,0.0,0.0,0.0,0.0,0.0,0.0,0.0,0.0,0.0,0.0,0.0,0.0,0.0,0.0,0.0,0.0,0.0,0.0,0.0,0.0,0.0,0.0,0.0,0.0,0.0,0.0,0.0,0.0,0.0,0.0,0.0,0.0,0.0,0.0,0.0,0.0,0.0,0.0,0.0,,,1240.0,,0.0,0.0,0.0,0.0,88888.2,50.0,0.0,0.0,0.0,0.0,0.0,0.0,0.0,0.0,-0.09,-0.09,-0.09,-0.09,-0.09,-0.09,0.0,-0.09,-0.09,-0.09,-0.09,0.0,0.0,0.0,0.0,0.0,0.0,0.0,0.0,0.0,0.0,0.0,0.0,0.0,0.0,0.0,0.0,0.0,0.0,0.0,0.0,0.0,0.0,0.0,0.0,0.0,0.0,0.0,0.0,0.0,0.0,0.0,0.0,0.0,0.0,0.0,0.0,0.0,0.0,0.0012,0.0,0.0012,16.9,14.8,15.2,14.7,15.7,16.1,17.3,17.8,552.0,472.0,504.0,448.0,544.0,736.0,776.0,792.0,0.0,31.0,3.0,5.0,0.0,,,,,,270.79,1.25,,,,,,,,,,,,,,,,,,,,,,,,,,,,,,,,,,,,,,,,,,,,,,,,,,,,,,,,,,,,,9.999e+20,240.0,4.4,260.0,6.3,,,0.0,,,3.0,0.0,16209.0,0.0,0.0,0.0,0.0,7285.0,240.0,240.0,240.0,0.0,269.3,,,,,,,,,,,,,,,,,,,,,,,,,,,,,4.4,2.0,2.4,2.8,2.8,3.2,3.2,3.6,3.6,4.0,2.4,4.0,4.4,4.4,4.8,4.8,5.2,5.6,6.0,6.0,6.4,7.2,4.0133,1.28927,0.0,0.0,0.0,0.0,60.0,0.0,19.0,0.0,4.8,5.2,0.0
2026032700,0.161,0.0,0.0,0.0,0.0,0.0,0.0,0.0,0.0,0.0,0.0,0.0,0.0,0.0,0.0,0.0,0.0,0.076,0.292,0.589,1.086,2.285,,0.0,0.0,0.0,0.0,1.0,0.0,0.0,0.0,0.0,0.013,1.0,,,,,,,,,,,,,,,,,,,,,,,,,,,,,,,,,,,,,,,,,,,,,,,,,,,,,,,,,,,,,,,,,,0.0,0.0,0.0,0.0,0.0,0.0,0.0,0.0,0.0,0.0,0.0,0.0,0.0,0.0,0.0,0.0,0.0,0.0,0.173,0.574,1.449,,0.0,0.0,0.0,0.0,0.0,0.0,0.0,0.0,0.0,,,,,,,,,,,,,,,,,,,,,,,,,,,,,,,,,265.59,0.0,0.0,0.0,0.0,0.0,0.0,0.0,0.0,0.0,0.0,0.0,0.0,0.0,0.0,0.0,0.0,0.0,0.0,,,,,,,,,,,,,,,,,,,,,,,,,,,,,,,,,,,,,,,,,,,,,,,,,,,,,,,,,,,,,,,,,,,,,,,,,4.0,9.0,7620.0,7621.0,13716.0,1288.0,88886.0,1.0,20.0,1.0,1.0,1.0,13.0,14.0,13.0,15.0,16.0,19.0,20.0,0.0,0.0,0.0,0.0,0.0,16.1,0.0,262.52,1.3,0.0,418.0,1.0,0.0,,,,,,,,,,,,,,,,,,,,,,,,,,,,,,,,,,,,,,,,,,,,,,,,,,,,,9.999e+20,,,,,,,,,,,,,,,,,,,,,,,,,,,,,8.0,4.0,5.2,5.6,5.6,6.0,6.0,6.4,6.8,7.2,4.8,7.6,8.0,8.4,8.8,9.2,9.43835,9.66213,10.3769,11.1601,11.4794,13.4383,7.99388,2.44239,7.0,0.0,0.0,0.0,0.0,0.0,0.0,35.0,,9.999e+20,9.999e+20,9.999e+20,9.999e+20,9.999e+20,0.0,0.0,0.0,0.0,0.0,0.0,0.0,0.0,0.07,0.22,0.2,0.15,0.1,0.05,0.0,0.0,0.0,0.0,0.0,0.0,0.0,0.0,0.0,0.0,0.0,0.0,0.0,0.0,0.0,0.0,0.0,0.0,0.0,0.0,0.0,0.0,0.0,0.0,0.0,0.0,0.0,0.0,0.0,0.0,0.0,0.0,0.0,0.0,0.0,0.0,0.0,0.0,0.0,0.0,0.0,0.0,0.0,0.0,0.0,0.0,0.0,0.0,0.0,0.0,0.0,0.0,0.0,0.0,4.0,4.0,4.0,4.0,4.0,4.0,0.0,0.0,0.0,0.0,0.0,0.0,0.0,0.0,0.0,0.0,0.0,0.0,0.0,0.0,0.0,0.0,0.0,0.0,0.0,0.0,0.0,0.0,0.0,0.0,0.0,0.0,0.0,0.0,0.0,0.0,0.0,0.0,0.0,0.0,0.0,0.0,0.0,0.0,0.0,0.0,0.0,0.0,0.0,0.0,0.0,0.0,0.0,,,1064.0,,0.0,0.0,0.0,0.0,88888.0,53.0,0.0,0.0,0.0,0.0,0.0,0.0,0.0,0.0,-0.09,-0.09,-0.09,-0.09,-0.09,-0.09,0.0,0.0,0.0,0.0,0.0,0.0,0.0,0.0,0.0,0.0,0.0,0.0,0.0,0.0,0.0,0.0,0.0,0.0,0.0,0.0,0.0,0.0,0.0,0.0,0.0,0.0,0.0,0.0,0.0,0.0,0.0,0.0,0.0,0.0,0.0,0.0,0.0,0.0,0.0,0.0,0.0,0.0,0.0,0.0012,0.0,0.0012,16.2,14.3,14.7,14.2,15.2,15.5,16.3,17.4,640.0,568.0,600.0,536.0,648.0,784.0,832.0,840.0,0.0,0.0,3.0,6.0,0.0,,,,,,270.8,1.29,,,,,,,,,,,,,,,,,,,,,,,,,,,,,,,,,,,,,,,,,,,,,,,,,,,,,,,,,,,,,9.999e+20,240.0,4.0,250.0,6.0,,,0.0,1.0,,3.0,0.0,16209.0,1.0,1.0,1.0,1.0,6202.0,240.0,240.0,240.0,0.0,269.3,,,,,,,,,,,,,,,,,,,,,,,,,,,,,4.0,2.0,2.8,2.8,3.2,3.2,3.2,3.6,3.6,4.0,2.4,4.0,4.0,4.4,4.4,4.8,5.2,5.2,5.6,6.0,6.4,7.2,4.00985,1.30374,0.0,0.0,0.0,0.0,62.0,0.0,15.0,0.0,4.8,5.2,0.0
2026032701,,,,,,,,,,,,,,,,,,,,,,,,,,,,,,,,,0.01,0.0,,,,,,,,,,,,,,,,,,,,,,,,,,,,,,,,,,,,,,,,,,,,,,,,,,,,,,,,,,,,,,,,,,,,,,,,,,,,,,,,,,,,,,,,,,,,,,,,,,,,,,,,,,,,,,,,,,,,,,,,,,,,,,,,,264.66,0.0,0.0,0.0,0.0,0.0,0.0,0.0,0.0,0.0,0.0,0.0,0.0,0.0,0.0,0.0,0.0,0.0,0.0,,,,,,,,,,,,,,,,,,,,,,,,,,,,,,,,,,,,,,,,,,,,,,,,,,,,,,,,,,,,,,,,,,,,,,,,,2.0,6.0,7620.0,7621.0,13716.0,1584.0,88888.0,1.0,14.0,1.0,1.0,1.0,13.0,15.0,13.0,16.0,17.0,19.0,22.0,0.0,0.0,0.0,0.0,0.0,16.7,0.0,262.66,1.32,,210.0,1.0,0.0,,,,,,,,,,,,,,,,,,,,,,,,,,,,,,,,,,,,,,,,,,,,,,,,,,,,,,,,,,,,,,,,,,,,,,,,,,,,,,,,,,6.9,3.2,4.4,4.8,4.8,5.2,5.6,5.6,6.0,6.44558,4.0,6.63362,7.23034,7.45895,7.64745,7.86264,8.49095,9.04463,9.18256,9.81691,10.1414,11.0948,6.86413,2.00376,1.0,0.0,0.0,0.0,0.0,0.0,0.0,24.0,,,,,,,0.0,0.0,0.0,0.0,0.0,0.0,0.0,0.0,0.05,0.17,0.13,0.06,0.02,0.0,0.0,0.0,0.0,0.0,0.0,0.0,0.0,0.0,0.0,0.0,0.0,0.0,0.0,0.0,0.0,0.0,0.0,0.0,0.0,0.0,0.0,0.0,0.0,0.0,0.0,0.0,0.0,0.0,0.0,0.0,0.0,0.0,0.0,0.0,0.0,0.0,0.0,0.0,0.0,0.0,0.0,0.0,0.0,0.0,0.0,0.0,0.0,0.0,0.0,0.0,0.0,0.0,0.0,0.0,4.0,4.0,4.0,4.0,4.0,0.0,0.0,0.0,0.0,0.0,0.0,0.0,0.0,0.0,0.0,0.0,0.0,0.0,0.0,0.0,0.0,0.0,0.0,0.0,0.0,0.0,0.0,0.0,0.0,0.0,0.0,0.0,0.0,0.0,0.0,0.0,0.0,0.0,0.0,0.0,0.0,0.0,0.0,0.0,0.0,0.0,0.0,0.0,0.0,0.0,0.0,0.0,0.0,,,792.0,,0.0,0.0,0.0,0.0,88888.0,59.0,0.0,0.0,0.0,0.0,0.0,0.0,0.0,0.0,-0.09,-0.09,-0.09,-0.09,-0.09,0.0,0.0,0.0,0.0,0.0,0.0,0.0,0.0,0.0,0.0,0.0,0.0,0.0,0.0,0.0,0.0,0.0,0.0,0.0,0.0,0.0,0.0,0.0,0.0,0.0,0.0,0.0,0.0,0.0,0.0,0.0,0.0,0.0,0.0,0.0,0.0,0.0,0.0,0.0,0.0,0.0,0.0,0.0,0.0,0.0012,0.0,0.0012,15.7,14.1,14.4,14.0,14.9,15.2,16.0,17.1,640.0,616.0,648.0,584.0,688.0,728.0,752.0,776.0,0.0,0.0,5.0,6.0,0.0,,,,,,269.63,1.33,,,,,,,,,,,,,,,,,,,,,,,,,,,,,,,,,,,,,,,,,,,,,,,,,,,,,,,,,,,,,9.999e+20,240.0,3.6,240.0,4.9,,,0.0,,,2.0,0.0,16209.0,0.0,0.0,0.0,0.0,3506.0,240.0,240.0,240.0,0.0,268.4,,,,,,,,,,,,,,,,,,,,,,,,,,,,,3.6,1.6,2.0,2.0,2.4,2.8,2.8,2.8,3.2,3.2,1.6,3.6,3.6,3.6,4.0,4.0,4.4,4.8,5.2,5.2,5.6,6.0,3.6,1.2,0.0,0.0,0.0,0.0,46.0,0.0,4.0,0.0,4.0,4.4,0.0
2026032702,,,,,,,,,,,,,,,,,,,,,,,,,,,,,,,,,0.01,0.0,,,,,,,,,,,,,,,,,,,,,,,,,,,,,,,,,,,,,,,,,,,,,,,,,,,,,,,,,,,,,,,,,,,,,,,,,,,,,,,,,,,,,,,,,,,,,,,,,,,,,,,,,,,,,,,,,,,,,,,,,,,,,,,,,263.02,0.0,0.0,0.0,0.0,0.0,0.0,0.0,0.0,0.0,0.0,0.0,0.0,0.0,0.0,0.0,0.0,0.0,0.0,,,,,,,,,,,,,,,,,,,,,,,,,,,,,,,,,,,,,,,,,,,,,,,,,,,,,,,,,,,,,,,,,,,,,,,,,0.0,3.0,7620.0,7621.0,13716.0,2464.0,88888.0,1.0,11.0,1.0,1.0,1.0,14.0,15.0,13.0,17.0,17.0,20.0,22.0,0.0,0.0,0.0,0.0,0.0,17.4,0.0,262.5,1.39,,56.0,2.0,0.0,,,,,,,,,,,,,,,,,,,,,,,,,,,,,,,,,,,,,,,,,,,,,,,,,,,,,,,,,,,,,,,,,,,,,,,,,,,,,,,,,,5.8,2.8,3.6,4.0,4.0,4.4,4.8,4.85214,5.3046,5.39324,3.2,5.86173,5.99623,6.10503,6.7313,6.97054,7.44759,7.93023,8.07376,8.70314,9.23478,10.0996,5.77584,2.02673,1.0,0.0,0.0,0.0,0.0,0.0,0.0,9.0,,,,,,,0.0,0.0,0.0,0.0,0.0,0.0,0.0,0.0,0.0,0.0,0.0,0.0,0.0,0.0,0.0,0.0,0.0,0.0,0.0,0.0,0.0,0.0,0.0,0.0,0.0,0.0,0.0,0.0,0.0,0.0,0.0,0.0,0.0,0.0,0.0,0.0,0.0,0.0,0.0,0.0,0.0,0.0,0.0,0.0,0.0,0.0,0.0,0.0,0.0,0.0,0.0,0.0,0.0,0.0,0.0,0.0,0.0,0.0,0.0,0.0,0.0,0.0,0.0,0.0,0.0,0.0,0.0,0.0,0.0,0.0,0.0,0.0,0.0,0.0,0.0,0.0,0.0,0.0,0.0,0.0,0.0,0.0,0.0,0.0,0.0,0.0,0.0,0.0,0.0,0.0,0.0,0.0,0.0,0.0,0.0,0.0,0.0,0.0,0.0,0.0,0.0,0.0,0.0,0.0,0.0,0.0,0.0,0.0,0.0,0.0,0.0,0.0,0.0,0.0,0.0,0.0,0.0,0.0,0.0,0.0,0.0,,,232.0,,0.0,0.0,0.0,0.0,88888.2,66.0,0.0,0.0,0.0,0.0,0.0,0.0,0.0,0.0,0.0,0.0,0.0,0.0,0.0,0.0,0.0,0.0,0.0,0.0,0.0,0.0,0.0,0.0,0.0,0.0,0.0,0.0,0.0,0.0,0.0,0.0,0.0,0.0,0.0,0.0,0.0,0.0,0.0,0.0,0.0,0.0,0.0,0.0,0.0,0.0,0.0,0.0,0.0,0.0,0.0,0.0,0.0,0.0,0.0,0.0,0.0,0.0,0.0,0.0012,0.0,0.0012,15.5,13.8,14.2,13.7,14.6,14.9,16.0,16.7,608.0,608.0,640.0,592.0,680.0,720.0,752.0,768.0,0.0,0.0,2.0,3.0,0.0,,,,,,267.9,1.68,,,,,,,,,,,,,,,,,,,,,,,,,,,,,,,,,,,,,,,,,,,,,,,,,,,,,,,,,,,,,9.999e+20,230.0,3.2,240.0,3.3,,,0.0,,,2.0,0.0,16209.0,1.0,1.0,1.0,1.0,627.0,230.0,230.0,230.0,0.0,266.9,,,,,,,,,,,,,,,,,,,,,,,,,,,,,3.2,0.8,1.6,1.6,2.0,2.4,2.4,2.4,2.8,2.8,1.2,2.8,3.2,3.2,3.6,3.6,4.0,4.4,4.4,4.8,5.2,6.0,3.2,1.2,0.0,0.0,0.0,0.0,33.0,0.0,2.0,0.0,3.6,4.0,0.0
2026032703,,,,,,,,,,,,,,,,,,,,,,,,,,,,,,,,,0.007,0.0,,,,,,,,,,,,,,,,,,,,,,,,,,,,,,,,,,,,,,,,,,,,,,,,,,,,,,,,,,,,,,,,,,,,,,,,,,,,,,,,,,,,,,,,,,,,,,,,,,,,,,,,,,,,,,,,,,,,,,,,,,,,,,,,,261.9,0.0,0.0,0.0,0.0,0.0,0.0,0.0,0.0,0.0,0.0,0.0,0.0,0.0,0.0,0.0,0.0,0.0,0.0,,,,,,,,,,,,,,,,,,,,,,,,,,,,,,,,,,,,,,,,,,,,,,,,,,,,,,,,,,,,,,,,,,,,,,,,,0.0,1.0,7620.0,7621.0,13716.0,2944.0,88888.0,1.0,7.0,1.0,1.0,1.0,15.0,16.0,15.0,18.0,19.0,22.0,23.0,0.0,0.0,0.0,0.0,0.0,19.0,0.0,261.79,1.3,0.0,21.0,1.0,0.0,,,,,,,,,,,,,,,,,,,,,,,,,,,,,,,,,,,,,,,,,,,,,,,,,,,,,9.999e+20,,,,,,,,,,,,,,,,,,,,,,,,,,,,,5.3,2.0,2.8,3.2,3.2,3.6,4.0,4.0,4.46763,4.50624,2.4,4.98929,5.1061,5.63897,5.76988,6.28591,6.39346,6.51885,7.11289,7.76496,8.03557,8.85551,5.28271,1.99794,0.0,0.0,0.0,0.0,0.0,0.0,0.0,3.0,,9.999e+20,9.999e+20,9.999e+20,9.999e+20,9.999e+20,0.0,0.0,0.0,0.0,0.0,0.0,0.0,0.0,0.0,0.0,0.0,0.0,0.0,0.0,0.0,0.0,0.0,0.0,0.0,0.0,0.0,0.0,0.0,0.0,0.0,0.0,0.0,0.0,0.0,0.0,0.0,0.0,0.0,0.0,0.0,0.0,0.0,0.0,0.0,0.0,0.0,0.0,0.0,0.0,0.0,0.0,0.0,0.0,0.0,0.0,0.0,0.0,0.0,0.0,0.0,0.0,0.0,0.0,0.0,0.0,0.0,0.0,0.0,0.0,0.0,0.0,0.0,0.0,0.0,0.0,0.0,0.0,0.0,0.0,0.0,0.0,0.0,0.0,0.0,0.0,0.0,0.0,0.0,0.0,0.0,0.0,0.0,0.0,0.0,0.0,0.0,0.0,0.0,0.0,0.0,0.0,0.0,0.0,0.0,0.0,0.0,0.0,0.0,0.0,0.0,0.0,0.0,0.0,0.0,0.0,0.0,0.0,0.0,0.0,0.0,0.0,0.0,0.0,0.0,0.0,0.0,,,184.0,,0.0,0.0,0.0,0.0,88888.2,71.0,0.0,0.0,0.0,0.0,0.0,0.0,0.0,0.0,0.0,0.0,0.0,0.0,0.0,0.0,0.0,0.0,0.0,0.0,0.0,0.0,0.0,0.0,0.0,0.0,0.0,0.0,0.0,0.0,0.0,0.0,0.0,0.0,0.0,0.0,0.0,0.0,0.0,0.0,0.0,0.0,0.0,0.0,0.0,0.0,0.0,0.0,0.0,0.0,0.0,0.0,0.0,0.0,0.0,0.0,0.0,0.0,0.0,0.0012,0.0,0.0012,15.2,13.6,13.9,13.4,14.2,14.6,15.8,16.6,560.0,520.0,560.0,496.0,704.0,768.0,800.0,808.0,0.0,0.0,3.0,6.0,0.0,,,,,,266.36,1.89,,,,,,,,,,,,,,,,,,,,,,,,,,,,,,,,,,,,,,,,,,,,,,,,,,,,,,,,,,,,,9.999e+20,220.0,2.8,230.0,3.4,,,0.0,0.0,,2.0,0.0,16209.0,2.0,2.0,2.0,2.0,463.0,220.0,220.0,220.0,0.0,268.1,,,,,,,,,,,,,,,,,,,,,,,,,,,,,2.8,0.4,1.2,1.2,1.6,1.6,2.0,2.0,2.4,2.4,0.8,2.4,2.8,2.8,3.2,3.2,3.6,3.6,4.0,4.4,4.4,5.6,2.8,1.2,0.0,0.0,0.0,0.0,21.0,0.0,0.0,0.0,2.8,3.2,0.0
2026032704,,,,,,,,,,,,,,,,,,,,,,,,,,,,,,,,,0.006,0.0,,,,,,,,,,,,,,,,,,,,,,,,,,,,,,,,,,,,,,,,,,,,,,,,,,,,,,,,,,,,,,,,,,,,,,,,,,,,,,,,,,,,,,,,,,,,,,,,,,,,,,,,,,,,,,,,,,,,,,,,,,,,,,,,,261.57,0.0,0.0,0.0,0.0,0.0,0.0,0.0,0.0,0.0,0.0,0.0,0.0,0.0,0.0,0.0,0.0,0.0,0.0,,,,,,,,,,,,,,,,,,,,,,,,,,,,,,,,,,,,,,,,,,,,,,,,,,,,,,,,,,,,,,,,,,,,,,,,,0.0,0.0,7620.0,7620.0,13716.0,4304.0,88888.0,1.0,7.0,1.0,1.0,1.0,17.0,18.0,17.0,19.0,21.0,22.0,23.0,0.0,0.0,0.0,0.0,0.0,20.4,0.0,261.58,1.32,,16.0,2.0,0.0,,,,,,,,,,,,,,,,,,,,,,,,,,,,,,,,,,,,,,,,,,,,,,,,,,,,,,,,,,,,,,,,,,,,,,,,,,,,,,,,,,4.5,1.6,2.4,2.8,2.8,3.2,3.6,3.6237,4.05408,4.07328,2.4,4.52335,4.66472,4.7626,4.85936,5.37859,5.91918,6.43571,6.62833,6.82754,7.41648,8.0568,4.45552,1.5677,0.0,0.0,0.0,0.0,0.0,0.0,0.0,1.0,,,,,,,0.0,0.0,0.0,0.0,0.0,0.0,0.0,0.0,0.0,0.0,0.0,0.0,0.0,0.0,0.0,0.0,0.0,0.0,0.0,0.0,0.0,0.0,0.0,0.0,0.0,0.0,0.0,0.0,0.0,0.0,0.0,0.0,0.0,0.0,0.0,0.0,0.0,0.0,0.0,0.0,0.0,0.0,0.0,0.0,0.0,0.0,0.0,0.0,0.0,0.0,0.0,0.0,0.0,0.0,0.0,0.0,0.0,0.0,0.0,0.0,0.0,0.0,0.0,0.0,0.0,0.0,0.0,0.0,0.0,0.0,0.0,0.0,0.0,0.0,0.0,0.0,0.0,0.0,0.0,0.0,0.0,0.0,0.0,0.0,0.0,0.0,0.0,0.0,0.0,0.0,0.0,0.0,0.0,0.0,0.0,0.0,0.0,0.0,0.0,0.0,0.0,0.0,0.0,0.0,0.0,0.0,0.0,0.0,0.0,0.0,0.0,0.0,0.0,0.0,0.0,0.0,0.0,0.0,0.0,0.0,0.0,,,184.0,,0.0,0.0,0.0,0.0,88888.2,72.0,0.0,0.0,0.0,0.0,0.0,0.0,0.0,0.0,0.0,0.0,0.0,0.0,0.0,0.0,0.0,0.0,0.0,0.0,0.0,0.0,0.0,0.0,0.0,0.0,0.0,0.0,0.0,0.0,0.0,0.0,0.0,0.0,0.0,0.0,0.0,0.0,0.0,0.0,0.0,0.0,0.0,0.0,0.0,0.0,0.0,0.0,0.0,0.0,0.0,0.0,0.0,0.0,0.0,0.0,0.0,0.0,0.0,0.0012,0.0,0.0012,15.1,13.3,13.7,13.2,14.1,14.4,15.8,16.5,520.0,352.0,472.0,336.0,720.0,784.0,824.0,832.0,0.0,0.0,10.0,16.0,0.0,,,,,,265.58,1.62,,,,,,,,,,,,,,,,,,,,,,,,,,,,,,,,,,,,,,,,,,,,,,,,,,,,,,,,,,,,,9.999e+20,210.0,2.4,220.0,3.0,,,0.0,,,2.0,0.0,16209.0,1.0,1.0,1.0,1.0,410.0,210.0,210.0,210.0,0.0,267.4,,,,,,,,,,,,,,,,,,,,,,,,,,,,,2.4,0.8,0.8,1.2,1.2,1.6,1.6,2.0,2.0,2.0,0.8,2.4,2.4,2.4,2.8,2.8,3.2,3.2,3.6,3.6,4.0,4.8,2.4,1.2,0.0,0.0,0.0,0.0,14.0,0.0,0.0,0.0,2.8,2.8,0.0
2026032705,,,,,,,,,,,,,,,,,,,,,,,,,,,,,,,,,0.004,0.0,,,,,,,,,,,,,,,,,,,,,,,,,,,,,,,,,,,,,,,,,,,,,,,,,,,,,,,,,,,,,,,,,,,,,,,,,,,,,,,,,,,,,,,,,,,,,,,,,,,,,,,,,,,,,,,,,,,,,,,,,,,,,,,,,261.23,0.0,0.0,0.0,0.0,0.0,0.0,0.0,0.0,0.0,0.0,0.0,0.0,0.0,0.0,0.0,0.0,0.0,0.0,,,,,,,,,,,,,,,,,,,,,,,,,,,,,,,,,,,,,,,,,,,,,,,,,,,,,,,,,,,,,,,,,,,,,,,,,0.0,0.0,7620.0,7620.0,13715.0,4064.0,88888.0,1.0,10.0,1.0,1.0,2.0,18.0,20.0,18.0,21.0,22.0,24.0,24.0,0.0,0.0,0.0,0.0,0.0,22.1,0.0,260.76,1.32,,13.0,1.0,0.0,,,,,,,,,,,,,,,,,,,,,,,,,,,,,,,,,,,,,,,,,,,,,,,,,,,,,,,,,,,,,,,,,,,,,,,,,,,,,,,,,,4.4,1.6,2.4,2.8,2.8,2.8,3.2,3.6,3.60439,3.68057,2.4,4.15142,4.24981,4.37495,4.79465,4.85831,5.30534,5.41658,5.97064,6.07878,6.61228,7.34469,3.99375,1.52214,0.0,0.0,0.0,0.0,0.0,0.0,0.0,0.0,,,,,,,0.0,0.0,0.0,0.0,0.0,0.0,0.0,0.0,0.0,0.0,0.0,0.0,0.0,0.0,0.0,0.0,0.0,0.0,0.0,0.0,0.0,0.0,0.0,0.0,0.0,0.0,0.0,0.0,0.0,0.0,0.0,0.0,0.0,0.0,0.0,0.0,0.0,0.0,0.0,0.0,0.0,0.0,0.0,0.0,0.0,0.0,0.0,0.0,0.0,0.0,0.0,0.0,0.0,0.0,0.0,0.0,0.0,0.0,0.0,0.0,0.0,0.0,0.0,0.0,0.0,0.0,0.0,0.0,0.0,0.0,0.0,0.0,0.0,0.0,0.0,0.0,0.0,0.0,0.0,0.0,0.0,0.0,0.0,0.0,0.0,0.0,0.0,0.0,0.0,0.0,0.0,0.0,0.0,0.0,0.0,0.0,0.0,0.0,0.0,0.0,0.0,0.0,0.0,0.0,0.0,0.0,0.0,0.0,0.0,0.0,0.0,0.0,0.0,0.0,0.0,0.0,0.0,0.0,0.0,0.0,0.0,,,184.0,,0.0,0.0,0.0,0.0,88888.2,70.0,0.0,0.0,0.0,0.0,0.0,0.0,0.0,0.0,0.0,0.0,0.0,0.0,0.0,0.0,0.0,0.0,0.0,0.0,0.0,0.0,0.0,0.0,0.0,0.0,0.0,0.0,0.0,0.0,0.0,0.0,0.0,0.0,0.0,0.0,0.0,0.0,0.0,0.0,0.0,0.0,0.0,0.0,0.0,0.0,0.0,0.0,0.0,0.0,0.0,0.0,0.0,0.0,0.0,0.0,0.0,0.0,0.0,0.0012,0.0,0.0012,15.1,13.2,13.4,13.0,13.9,14.3,15.8,16.3,480.0,176.0,392.0,168.0,728.0,800.0,840.0,856.0,0.0,0.0,13.0,17.0,0.0,,,,,,265.14,1.32,,,,,,,,,,,,,,,,,,,,,,,,,,,,,,,,,,,,,,,,,,,,,,,,,,,,,,,,,,,,,9.999e+20,190.0,2.4,200.0,3.3,,,0.0,,,2.0,0.0,16209.0,0.0,0.0,1.0,1.0,426.0,190.0,190.0,190.0,0.0,267.4,,,,,,,,,,,,,,,,,,,,,,,,,,,,,2.4,0.8,0.8,0.8,1.2,1.6,1.6,1.6,2.0,2.0,0.8,2.0,2.4,2.4,2.4,2.8,2.8,3.2,3.2,3.2,3.6,4.4,2.0,0.8,0.0,0.0,0.0,0.0,6.0,0.0,0.0,0.0,2.4,2.8,0.0
2026032706,0.117,0.0,0.0,0.0,0.0,0.0,0.0,0.0,0.0,0.0,0.0,0.0,0.0,0.0,0.0,0.0,0.0,0.0,0.028,0.374,0.878,1.989,,0.0,0.0,0.0,0.0,0.0,0.0,0.0,0.0,0.0,0.002,0.0,,,,,,,,,,,,,,,,,,,,,,,,,,,,,,,,,,,,,,,,,,,,,,,,,,,,,,,,,,,,,,,,,0.0,0.0,0.0,0.0,0.0,0.0,0.0,0.0,0.0,0.0,0.0,0.0,0.0,0.0,0.0,0.0,0.0,0.0,0.0,0.0,0.004,0.427,1.0,0.0,0.0,0.0,0.0,0.0,0.0,0.0,0.0,0.0,,,,,,,,,,,,,,,,,,,,,,,,,,,,,,,,,260.86,0.0,0.0,0.0,0.0,0.0,0.0,0.0,0.0,0.0,0.0,0.0,0.0,0.0,0.0,0.0,0.0,0.0,0.0,,,,,,,,,,,,,,,,,,,,,,,,,,,,,,,,,,,,,0.0,0.0,0.0,0.0,0.0,0.0,0.0,0.0,0.0,0.0,0.0,0.0,0.0,0.0,0.0,0.0,0.0,0.0,,,,,,,,,,,,,,,,,,,0.0,0.0,7620.0,7620.0,13716.0,3064.0,88888.0,1.0,11.0,1.0,2.0,3.0,20.0,21.0,19.0,22.0,24.0,25.0,26.0,0.0,0.0,0.0,0.0,0.0,22.9,0.0,260.43,1.34,0.0,11.0,1.0,0.0,,,,,,,,,,,,,,,,,,,,,,,,,,0.0,0.0,0.0,0.0,0.0,0.0,0.0,0.0,0.0,0.0,0.0,0.0,0.0,,,,,,,,,,,,,,13.2,9.999e+20,,,,,,,,,,,,,,,,,,,,,,,,,,,,,3.8,1.6,2.4,2.8,2.8,2.8,3.2,3.2,3.6,3.6,2.0,4.0,4.0,4.4,4.4,4.53807,4.67672,5.15956,5.29468,5.86995,6.18349,6.77109,3.8212,1.16585,0.0,0.0,0.0,0.0,0.0,0.0,0.0,0.0,3.0,9.999e+20,9.999e+20,9.999e+20,9.999e+20,9.999e+20,0.0,0.0,0.0,0.0,0.0,0.0,0.0,0.0,0.0,0.0,0.0,0.0,0.0,0.0,0.0,0.0,0.0,0.0,0.0,0.0,0.0,0.0,0.0,0.0,0.0,0.0,0.0,0.0,0.0,0.0,0.0,0.0,0.0,0.0,0.0,0.0,0.0,0.0,0.0,0.0,0.0,0.0,0.0,0.0,0.0,0.0,0.0,0.0,0.0,0.0,0.0,0.0,0.0,0.0,0.0,0.0,0.0,0.0,0.0,0.0,0.0,0.0,0.0,0.0,0.0,0.0,0.0,0.0,0.0,0.0,0.0,0.0,0.0,0.0,0.0,0.0,0.0,0.0,0.0,0.0,0.0,0.0,0.0,0.0,0.0,0.0,0.0,0.0,0.0,4.0,4.0,4.0,4.0,0.0,0.0,0.0,0.0,0.0,0.0,0.0,0.0,0.0,0.0,0.0,0.0,0.0,0.0,0.0,0.0,0.0,0.0,0.0,0.0,0.0,0.0,0.0,0.0,0.0,0.0,0.0,0.0,,,184.0,,0.0,0.0,0.0,0.0,88888.2,69.0,0.0,0.0,0.0,0.0,0.0,0.0,0.0,0.0,0.0,0.0,0.0,0.0,0.0,0.0,0.0,0.0,0.0,0.0,0.0,0.0,0.0,0.0,0.0,0.0,0.0,0.0,0.0,0.0,0.0,0.0,0.0,0.0,0.0,0.0,0.0,0.0,0.0,0.0,0.0,0.0,0.0,0.0,0.0,0.0,0.0,0.0,0.0,0.0,0.0,0.0,0.0,0.0,0.0,0.0,0.0,0.0,0.0,0.0012,0.0,0.0012,15.3,12.9,13.2,12.7,13.8,14.3,15.8,16.1,456.0,0.0,312.0,0.0,744.0,816.0,856.0,880.0,0.0,0.0,10.0,18.0,0.0,,,,,0.947152,264.73,1.33,271.038,267.404,269.605,270.118,269.903,270.234,270.427,270.513,270.608,270.705,268.992,270.824,270.9,271.03,271.319,271.569,271.44,271.729,271.958,272.154,272.447,273.229,0.0,50.0,98.0,0.0,0.0,0.0,0.0,0.0,,,,,,,,,,,,,,,,,,,,,,,,,,,,,,,9.999e+20,180.0,2.4,190.0,3.6,,,0.0,0.0,2.0,2.0,0.0,16209.0,0.0,0.0,0.0,1.0,470.0,180.0,180.0,180.0,0.0,267.1,,,,,,,,,,,,,,,,,,,,,,,,,,,,,2.4,0.4,0.8,0.8,1.2,1.6,1.6,1.6,2.0,2.0,0.8,2.0,2.4,2.4,2.4,2.4,2.8,2.8,3.2,3.6,4.0,5.2,2.0,0.8,0.0,0.0,0.0,0.0,9.0,0.0,0.0,0.0,2.4,2.8,0.0
2026032707,,,,,,,,,,,,,,,,,,,,,,,,,,,,,,,,,0.002,0.0,,,,,,,,,,,,,,,,,,,,,,,,,,,,,,,,,,,,,,,,,,,,,,,,,,,,,,,,,,,,,,,,,,,,,,,,,,,,,,,,,,,,,,,,,,,,,,,,,,,,,,,,,,,,,,,,,,,,,,,,,,,,,,,,,260.77,0.0,0.0,0.0,0.0,0.0,0.0,0.0,0.0,0.0,0.0,0.0,0.0,0.0,0.0,0.0,0.0,0.0,0.0,,,,,,,,,,,,,,,,,,,,,,,,,,,,,,,,,,,,,,,,,,,,,,,,,,,,,,,,,,,,,,,,,,,,,,,,,0.0,0.0,7620.0,7620.0,13716.0,2776.0,88888.0,1.0,9.0,1.0,1.0,2.0,21.0,22.0,20.0,23.0,24.0,25.0,26.0,0.0,0.0,0.0,0.0,0.0,23.6,0.0,260.36,1.53,,0.0,2.0,0.0,,,,,,,,,,,,,,,,,,,,,,,,,,,,,,,,,,,,,,,,,,,,,,,,,,,,,,,,,,,,,,,,,,,,,,,,,,,,,,,,,,4.11,2.0,2.4,2.8,2.8,3.2,3.2,3.6,3.6,3.6,2.4,4.0,4.0,4.4,4.4,4.8,4.8,4.83719,5.10495,5.60556,5.82318,6.45458,4.1379,1.06819,0.0,0.0,0.0,0.0,0.0,0.0,0.0,0.0,,,,,,,0.0,0.0,0.0,0.0,0.0,0.0,0.0,0.0,0.0,0.0,0.0,0.0,0.0,0.0,0.0,0.0,0.0,0.0,0.0,0.0,0.0,0.0,0.0,0.0,0.0,0.0,0.0,0.0,0.02,0.02,0.01,0.0,0.0,0.0,0.0,0.0,0.0,0.0,0.0,0.0,0.0,0.0,0.0,0.0,0.0,0.0,0.0,0.0,0.0,0.0,0.0,0.0,0.0,0.0,0.0,0.0,0.0,0.0,0.0,0.0,0.0,0.0,0.0,0.0,0.0,0.0,0.0,0.0,0.0,0.0,0.0,0.0,0.0,0.0,0.0,0.0,0.0,0.0,0.0,0.0,0.0,0.0,0.0,0.0,0.0,0.0,0.0,4.0,4.0,4.0,4.0,4.0,4.0,0.0,0.0,0.0,0.0,0.0,0.0,0.0,0.0,0.0,0.0,0.0,0.0,0.0,0.0,0.0,0.0,0.0,0.0,0.0,0.0,0.0,0.0,0.0,0.0,0.0,0.0,0.0,0.0,,,184.0,,0.0,0.0,0.0,0.0,88888.0,68.0,0.0,0.0,0.0,0.0,0.0,0.0,0.0,0.0,0.0,0.0,0.0,0.0,0.0,0.0,0.0,0.0,0.0,0.0,0.0,0.0,0.0,0.0,0.0,0.0,0.0,0.0,0.0,0.0,-0.09,-0.09,-0.09,0.0,0.0,0.0,0.0,0.0,0.0,0.0,0.0,0.0,0.0,0.0,0.0,0.0,0.0,0.0,0.0,0.0,0.0,0.0,0.0,0.0,0.0,0.0,0.0,0.0,0.0,0.0012,0.0,0.0012,15.2,12.8,13.0,12.7,13.6,14.2,15.7,16.1,448.0,0.0,208.0,0.0,736.0,816.0,856.0,872.0,0.0,0.0,12.0,18.0,0.0,,,,,,264.94,1.53,,,,,,,,,,,,,,,,,,,,,,,,,,,,,,,,,,,,,,,,,,,,,,,,,,,,,,,,,,,,,9.999e+20,170.0,2.4,170.0,3.9,,,0.0,,,2.0,0.0,16209.0,0.0,0.0,0.0,1.0,516.0,170.0,170.0,170.0,0.0,267.2,,,,,,,,,,,,,,,,,,,,,,,,,,,,,2.4,0.8,0.8,1.2,1.2,1.6,1.6,1.6,2.0,2.0,0.8,2.0,2.0,2.4,2.4,2.4,2.8,2.8,3.2,3.6,4.8,6.0,2.4,1.2,0.0,0.0,0.0,0.0,10.0,0.0,3.0,0.0,2.8,2.8,0.0
2026032708,,,,,,,,,,,,,,,,,,,,,,,,,,,,,,,,,0.002,0.0,,,,,,,,,,,,,,,,,,,,,,,,,,,,,,,,,,,,,,,,,,,,,,,,,,,,,,,,,,,,,,,,,,,,,,,,,,,,,,,,,,,,,,,,,,,,,,,,,,,,,,,,,,,,,,,,,,,,,,,,,,,,,,,,,260.61,0.0,0.0,0.0,0.0,0.0,0.0,0.0,0.0,0.0,0.0,0.0,0.0,0.0,0.0,0.0,0.0,0.0,0.0,,,,,,,,,,,,,,,,,,,,,,,,,,,,,,,,,,,,,,,,,,,,,,,,,,,,,,,,,,,,,,,,,,,,,,,,,0.0,0.0,7620.0,7620.0,13716.0,2848.0,88888.0,1.0,8.0,1.0,1.0,2.0,22.0,22.0,22.0,24.0,25.0,27.0,28.0,0.0,0.0,0.0,0.0,0.0,24.8,0.0,259.72,1.66,,0.0,1.0,0.0,,,,,,,,,,,,,,,,,,,,,,,,,,,,,,,,,,,,,,,,,,,,,,,,,,,,,,,,,,,,,,,,,,,,,,,,,,,,,,,,,,4.11,1.6,2.8,3.2,3.2,3.2,3.6,3.6,4.0,4.0,2.4,4.0,4.0,4.4,4.4,4.8,4.8,5.2,5.24478,5.38038,6.14812,6.29231,4.10036,1.03878,0.0,0.0,0.0,0.0,0.0,0.0,0.0,0.0,,,,,,,0.0,0.0,0.0,0.0,0.0,0.0,0.0,0.0,0.0,0.0,0.0,0.0,0.0,0.0,0.0,0.0,0.0,0.0,0.0,0.0,0.0,0.0,0.0,0.0,0.0,0.0,0.0,0.0,0.0,0.0,0.0,0.0,0.0,0.0,0.0,0.0,0.0,0.0,0.0,0.0,0.0,0.0,0.0,0.0,0.0,0.0,0.0,0.0,0.0,0.0,0.0,0.0,0.0,0.0,0.0,0.0,0.0,0.0,0.0,0.0,0.0,0.0,0.0,0.0,0.0,0.0,0.0,0.0,0.0,0.0,0.0,0.0,0.0,0.0,0.0,0.0,0.0,0.0,0.0,0.0,0.0,0.0,0.0,0.0,0.0,0.0,0.0,0.0,0.0,0.0,0.0,0.0,0.0,0.0,0.0,0.0,0.0,0.0,0.0,0.0,0.0,0.0,0.0,0.0,0.0,0.0,0.0,0.0,0.0,0.0,0.0,0.0,0.0,0.0,0.0,0.0,0.0,0.0,0.0,0.0,0.0,,,192.0,,0.0,0.0,0.0,0.0,88888.2,66.0,0.0,0.0,0.0,0.0,0.0,0.0,0.0,0.0,0.0,0.0,0.0,0.0,0.0,0.0,0.0,0.0,0.0,0.0,0.0,0.0,0.0,0.0,0.0,0.0,0.0,0.0,0.0,0.0,0.0,0.0,0.0,0.0,0.0,0.0,0.0,0.0,0.0,0.0,0.0,0.0,0.0,0.0,0.0,0.0,0.0,0.0,0.0,0.0,0.0,0.0,0.0,0.0,0.0,0.0,0.0,0.0,0.0,0.0012,0.0,0.0012,14.8,12.7,12.9,12.5,13.4,14.2,15.1,15.9,400.0,0.0,104.0,0.0,736.0,816.0,848.0,872.0,0.0,0.0,15.0,24.0,0.0,,,,,,265.13,1.72,,,,,,,,,,,,,,,,,,,,,,,,,,,,,,,,,,,,,,,,,,,,,,,,,,,,,,,,,,,,,9.999e+20,160.0,2.4,170.0,3.9,,,0.0,,,3.0,0.0,16209.0,0.0,0.0,0.0,0.0,572.0,160.0,160.0,160.0,0.0,267.2,,,,,,,,,,,,,,,,,,,,,,,,,,,,,2.4,0.8,1.2,1.2,1.6,1.6,1.6,2.0,2.0,2.0,0.8,2.0,2.0,2.4,2.4,2.4,2.8,2.8,3.2,3.6,5.6,6.0,2.4,1.2,0.0,0.0,0.0,0.0,10.0,0.0,6.0,0.0,2.8,3.2,0.0
2026032709,,,,,,,,,,,,,,,,,,,,,,,,,,,,,,,,,0.001,0.0,,,,,,,,,,,,,,,,,,,,,,,,,,,,,,,,,,,,,,,,,,,,,,,,,,,,,,,,,,,,,,,,,,,,,,,,,,,,,,,,,,,,,,,,,,,,,,,,,,,,,,,,,,,,,,,,,,,,,,,,,,,,,,,,,260.86,0.0,0.0,0.0,0.0,0.0,0.0,0.0,0.0,0.0,0.0,0.0,0.0,0.0,0.0,0.0,0.0,0.0,0.0,,,,,,,,,,,,,,,,,,,,,,,,,,,,,,,,,,,,,,,,,,,,,,,,,,,,,,,,,,,,,,,,,,,,,,,,,0.0,0.0,7620.0,7620.0,13715.0,2856.0,88888.0,2.0,8.0,2.0,2.0,2.0,23.0,23.0,21.0,25.0,26.0,27.0,28.0,0.0,0.0,0.0,0.0,0.0,26.0,0.0,259.15,1.8,0.0,0.0,1.0,0.0,,,,,,,,,,,,,,,,,,,,,,,,,,,,,,,,,,,,,,,,,,,,,,,,,,,,,9.999e+20,,,,,,,,,,,,,,,,,,,,,,,,,,,,,4.1,1.6,2.8,3.2,3.2,3.6,3.6,4.0,4.0,4.0,2.4,4.4,4.4,4.4,4.8,4.8,5.2,5.2,5.22266,5.68305,6.3559,7.01,4.45798,1.01512,0.0,0.0,0.0,0.0,0.0,0.0,0.0,0.0,,9.999e+20,9.999e+20,9.999e+20,9.999e+20,9.999e+20,0.0,0.0,0.0,0.0,0.0,0.0,0.0,0.0,0.0,0.0,0.0,0.0,0.0,0.0,0.0,0.0,0.0,0.0,0.0,0.0,0.0,0.0,0.0,0.0,0.0,0.0,0.02,0.02,0.02,0.01,0.0,0.0,0.0,0.0,0.0,0.0,0.0,0.0,0.0,0.0,0.0,0.0,0.0,0.0,0.0,0.0,0.0,0.0,0.0,0.0,0.0,0.0,0.0,0.0,0.0,0.0,0.0,0.0,0.0,0.0,0.0,0.0,0.0,0.0,0.0,0.0,0.0,0.0,0.0,0.0,0.0,0.0,0.0,0.0,0.0,0.0,0.0,0.0,0.0,0.0,0.0,0.0,0.0,0.0,4.0,0.0,4.0,4.0,4.0,4.0,4.0,4.0,4.0,0.0,0.0,0.0,0.0,0.0,0.0,0.0,0.0,0.0,0.0,0.0,0.0,0.0,0.0,0.0,0.0,0.0,0.0,0.0,0.0,0.0,0.0,0.0,0.0,0.0,0.0,0.0,0.0,,,192.0,,0.0,0.0,0.0,0.0,88888.0,62.0,0.0,0.0,0.0,0.0,0.0,0.0,0.0,0.0,0.0,0.0,0.0,0.0,0.0,0.0,0.0,0.0,0.0,0.0,0.0,0.0,0.0,0.0,0.0,0.0,0.0,0.0,-0.09,-0.09,-0.09,-0.09,0.0,0.0,0.0,0.0,0.0,0.0,0.0,0.0,0.0,0.0,0.0,0.0,0.0,0.0,0.0,0.0,0.0,0.0,0.0,0.0,0.0,0.0,0.0,0.0,0.0,0.0,0.0,0.0,0.0,0.0012,14.5,12.6,12.8,12.4,13.3,14.2,15.0,15.5,400.0,0.0,0.0,0.0,728.0,808.0,848.0,880.0,0.0,0.0,29.0,31.0,0.0,,,,,,265.35,2.03,,,,,,,,,,,,,,,,,,,,,,,,,,,,,,,,,,,,,,,,,,,,,,,,,,,,,,,,,,,,,9.999e+20,160.0,2.4,160.0,4.3,,,0.0,0.0,,3.0,0.0,16209.0,0.0,0.0,0.0,1.0,583.0,160.0,160.0,160.0,0.0,267.2,,,,,,,,,,,,,,,,,,,,,,,,,,,,,2.4,0.8,1.2,1.6,1.6,1.6,2.0,2.0,2.0,2.0,1.2,2.0,2.4,2.4,2.4,2.4,2.8,2.8,3.2,3.6,6.0,6.8,2.4,1.2,0.0,0.0,0.0,0.0,10.0,0.0,6.0,0.0,2.8,3.2,0.0
2026032710,,,,,,,,,,,,,,,,,,,,,,,,,,,,,,,,,0.001,0.0,,,,,,,,,,,,,,,,,,,,,,,,,,,,,,,,,,,,,,,,,,,,,,,,,,,,,,,,,,,,,,,,,,,,,,,,,,,,,,,,,,,,,,,,,,,,,,,,,,,,,,,,,,,,,,,,,,,,,,,,,,,,,,,,,260.88,0.0,0.0,0.0,0.0,0.0,0.0,0.0,0.0,0.0,0.0,0.0,0.0,0.0,0.0,0.0,0.0,0.0,0.0,,,,,,,,,,,,,,,,,,,,,,,,,,,,,,,,,,,,,,,,,,,,,,,,,,,,,,,,,,,,,,,,,,,,,,,,,0.0,0.0,7832.0,7620.0,13715.0,3000.0,88888.0,3.0,9.0,3.0,4.0,4.0,23.0,23.0,22.0,25.0,27.0,28.0,28.0,0.0,0.0,0.0,0.0,0.0,26.5,0.0,259.66,1.91,,0.0,1.0,0.0,,,,,,,,,,,,,,,,,,,,,,,,,,,,,,,,,,,,,,,,,,,,,,,,,,,,,,,,,,,,,,,,,,,,,,,,,,,,,,,,,,4.4,1.6,3.2,3.2,3.2,3.6,3.6,4.0,4.0,4.0,2.4,4.0,4.4,4.4,4.8,4.8,5.2,5.2,5.60598,6.06022,6.56694,7.08675,4.43422,1.34867,0.0,0.0,0.0,0.0,0.0,0.0,0.0,0.0,,,,,,,0.0,0.0,0.0,0.0,0.0,0.0,0.0,0.0,0.0,0.0,0.0,0.0,0.0,0.0,0.0,0.0,0.0,0.0,0.0,0.0,0.0,0.0,0.0,0.0,0.0,0.0,0.01,0.01,0.01,0.01,0.0,0.0,0.0,0.0,0.0,0.0,0.0,0.0,0.0,0.0,0.0,0.0,0.0,0.0,0.0,0.0,0.0,0.0,0.0,0.0,0.0,0.0,0.0,0.0,0.0,0.0,0.0,0.0,0.0,0.0,0.0,0.0,0.0,0.0,0.0,0.0,0.0,0.0,0.0,0.0,0.0,0.0,0.0,0.0,0.0,0.0,0.0,0.0,0.0,0.0,0.0,0.0,0.0,0.0,4.0,0.0,4.0,4.0,4.0,4.0,4.0,4.0,4.0,0.0,0.0,0.0,0.0,0.0,0.0,0.0,0.0,0.0,0.0,0.0,0.0,0.0,0.0,0.0,0.0,0.0,0.0,0.0,0.0,0.0,0.0,0.0,0.0,0.0,0.0,0.0,0.0,,,192.0,,0.0,0.0,0.0,0.0,88888.0,62.0,0.0,0.0,0.0,0.0,0.0,0.0,0.0,0.0,0.0,0.0,0.0,0.0,0.0,0.0,0.0,0.0,0.0,0.0,0.0,0.0,0.0,0.0,0.0,0.0,0.0,0.0,-0.09,-0.09,-0.09,-0.09,0.0,0.0,0.0,0.0,0.0,0.0,0.0,0.0,0.0,0.0,0.0,0.0,0.0,0.0,0.0,0.0,0.0,0.0,0.0,0.0,0.0,0.0,0.0,0.0,0.0,0.0,0.0,0.0,0.0,0.0012,14.2,12.4,12.6,12.3,13.1,14.0,14.9,15.5,408.0,0.0,0.0,0.0,720.0,792.0,840.0,864.0,31.0,0.0,30.0,30.0,0.0,,,,,,265.32,2.28,,,,,,,,,,,,,,,,,,,,,,,,,,,,,,,,,,,,,,,,,,,,,,,,,,,,,,,,,,,,,9.999e+20,150.0,2.4,160.0,4.3,,,0.0,,,3.0,0.0,16209.0,0.0,0.0,0.0,1.0,610.0,150.0,150.0,150.0,0.0,267.2,,,,,,,,,,,,,,,,,,,,,,,,,,,,,2.4,0.8,1.6,1.6,1.6,1.6,2.0,2.0,2.0,2.0,1.2,2.0,2.4,2.4,2.4,2.8,2.8,2.8,3.2,3.6,5.2,6.4,2.4,1.2,0.0,0.0,0.0,0.0,11.0,0.0,4.0,0.0,2.8,3.2,0.0
2026032711,,,,,,,,,,,,,,,,,,,,,,,,,,,,,,,,,0.001,0.0,,,,,,,,,,,,,,,,,,,,,,,,,,,,,,,,,,,,,,,,,,,,,,,,,,,,,,,,,,,,,,,,,,,,,,,,,,,,,,,,,,,,,,,,,,,,,,,,,,,,,,,,,,,,,,,,,,,,,,,,,,,,,,,,,260.78,0.0,0.0,0.0,0.0,0.0,0.0,0.0,0.0,0.0,0.0,0.0,0.0,0.0,0.0,0.0,0.0,0.0,0.0,,,,,,,,,,,,,,,,,,,,,,,,,,,,,,,,,,,,,,,,,,,,,,,,,,,,,,,,,,,,,,,,,,,,,,,,,0.0,0.0,7620.0,7620.0,13715.0,3088.0,88888.0,4.0,10.0,4.0,5.0,6.0,22.0,23.0,21.0,24.0,27.0,28.0,29.0,0.0,0.0,0.0,0.0,0.0,26.5,0.0,259.27,2.14,,0.0,1.0,0.0,,,,,,,,,,,,,,,,,,,,,,,,,,,,,,,,,,,,,,,,,,,,,,,,,,,,,,,,,,,,,,,,,,,,,,,,,,,,,,,,,,4.4,1.6,3.2,3.2,3.6,3.6,3.6,3.6,4.0,4.0,2.8,4.4,4.4,4.8,4.8,5.2,5.2,5.6,5.6,6.413,6.89529,7.30352,4.42397,1.3237,0.0,0.0,0.0,0.0,0.0,0.0,0.0,0.0,,,,,,,0.0,0.0,0.0,0.0,0.0,0.0,0.0,0.0,0.0,0.0,0.0,0.0,0.0,0.0,0.0,0.0,0.0,0.0,0.0,0.0,0.0,0.0,0.0,0.0,0.0,0.0,0.0,0.0,0.0,0.0,0.0,0.0,0.0,0.0,0.0,0.0,0.0,0.0,0.0,0.0,0.0,0.0,0.0,0.0,0.0,0.0,0.0,0.0,0.0,0.0,0.0,0.0,0.0,0.0,0.0,0.0,0.0,0.0,0.0,0.0,0.0,0.0,0.0,0.0,0.0,0.0,0.0,0.0,0.0,0.0,0.0,0.0,0.0,0.0,0.0,0.0,0.0,0.0,0.0,0.0,0.0,0.0,0.0,0.0,0.0,0.0,0.0,0.0,0.0,4.0,4.0,4.0,4.0,0.0,0.0,0.0,0.0,0.0,0.0,0.0,0.0,0.0,0.0,0.0,0.0,0.0,0.0,0.0,0.0,0.0,0.0,0.0,0.0,0.0,0.0,0.0,0.0,0.0,0.0,0.0,0.0,,,192.0,,0.0,0.0,0.0,0.0,88888.0,62.0,0.0,0.0,0.0,0.0,0.0,0.0,0.0,0.0,0.0,0.0,0.0,0.0,0.0,0.0,0.0,0.0,0.0,0.0,0.0,0.0,0.0,0.0,0.0,0.0,0.0,0.0,0.0,0.0,0.0,0.0,0.0,0.0,0.0,0.0,0.0,0.0,0.0,0.0,0.0,0.0,0.0,0.0,0.0,0.0,0.0,0.0,0.0,0.0,0.0,0.0,0.0,0.0,0.0,0.0,0.0,0.0,0.0,0.0012,0.0,0.0012,14.1,12.1,12.4,12.1,12.9,13.8,15.0,15.4,416.0,0.0,0.0,0.0,704.0,784.0,832.0,848.0,0.0,0.0,42.0,26.0,0.0,,,,,,265.1,2.31,,,,,,,,,,,,,,,,,,,,,,,,,,,,,,,,,,,,,,,,,,,,,,,,,,,,,,,,,,,,,9.999e+20,150.0,2.4,170.0,4.7,,,0.0,,,3.0,0.0,16209.0,1.0,2.0,2.0,3.0,636.0,150.0,150.0,150.0,0.0,267.3,,,,,,,,,,,,,,,,,,,,,,,,,,,,,2.4,0.8,1.6,1.6,1.6,2.0,2.0,2.0,2.0,2.0,1.2,2.4,2.4,2.4,2.4,2.8,2.8,3.2,3.6,4.0,5.2,6.0,2.4,1.2,0.0,0.0,0.0,0.0,13.0,0.0,3.0,0.0,2.8,3.2,0.0
2026032712,0.018,0.0,0.0,0.0,0.0,0.0,0.0,0.0,0.0,0.0,0.0,0.0,0.0,0.0,0.0,0.0,0.0,0.0,0.0,0.0,0.006,0.547,1.0,0.0,0.0,0.0,0.0,0.0,0.0,0.0,0.0,0.0,0.0,0.0,,,,,,,,,,,,,,,,,,,,,,,,,,,,,,,,,,,,,,,,,,,,,,,,,,,,,,,,,,,,,,,,,0.0,0.0,0.0,0.0,0.0,0.0,0.0,0.0,0.0,0.0,0.0,0.0,0.0,0.0,0.0,0.0,0.0,0.0,0.0,0.0,0.0,0.0,0.0,0.0,0.0,0.0,0.0,0.0,0.0,0.0,0.0,0.0,,,,,,,,,,,,,,,,,,,,,,,,,,,,,,,,,260.84,0.0,0.0,0.0,0.0,0.0,0.0,0.0,0.0,0.0,0.0,0.0,0.0,0.0,0.0,0.0,0.0,0.0,0.0,,,,,,,,,,,,,,,,,,,,,,,,,,,,,,,,,,,,,0.0,0.0,0.0,0.0,0.0,0.0,0.0,0.0,0.0,0.0,0.0,0.0,0.0,0.0,0.0,0.0,0.0,0.0,,,,,,,,,,,,,,,,,,,0.0,0.0,7620.0,7620.0,13716.0,3248.0,88888.0,5.0,11.0,5.0,7.0,7.0,22.0,23.0,22.0,24.0,26.0,29.0,30.0,0.0,0.0,0.0,0.0,0.0,26.8,0.0,259.48,2.36,0.0,0.0,2.0,0.0,,,,,,,,,,,,,,,,,,,,,,,,,,0.0,0.0,0.0,0.0,0.0,0.0,0.0,0.0,0.0,0.0,0.0,0.0,0.0,,,,,,,,,,,,,,9.2,9.999e+20,,,,,,,,,,,,,,,,,,,,,,,,,,,,,4.8,1.6,3.2,3.2,3.2,3.6,3.6,4.0,4.0,4.4,2.4,4.4,4.8,4.8,5.2,5.2,5.6,6.0,6.0,6.41779,6.88755,8.34459,4.42008,1.2982,0.0,0.0,0.0,0.0,0.0,0.0,0.0,1.0,4.0,9.999e+20,9.999e+20,9.999e+20,9.999e+20,9.999e+20,0.0,0.0,0.0,0.0,0.0,0.0,0.0,0.0,0.0,0.0,0.0,0.0,0.0,0.0,0.0,0.0,0.0,0.0,0.0,0.0,0.0,0.0,0.0,0.0,0.0,0.0,0.0,0.0,0.0,0.0,0.0,0.0,0.0,0.0,0.0,0.0,0.0,0.0,0.0,0.0,0.0,0.0,0.0,0.0,0.0,0.0,0.0,0.0,0.0,0.0,0.0,0.0,0.0,0.0,0.0,0.0,0.0,0.0,0.0,0.0,0.0,0.0,0.0,0.0,0.0,0.0,0.0,0.0,0.0,0.0,0.0,0.0,0.0,0.0,0.0,0.0,0.0,0.0,0.0,0.0,0.0,0.0,0.0,0.0,0.0,0.0,0.0,0.0,0.0,4.0,4.0,4.0,4.0,4.0,4.0,4.0,0.0,0.0,0.0,0.0,0.0,0.0,0.0,0.0,0.0,0.0,0.0,0.0,0.0,0.0,0.0,0.0,0.0,0.0,0.0,0.0,0.0,0.0,0.0,0.0,0.0,,,184.0,0.0,0.0,0.0,0.0,0.0,88888.0,62.0,0.0,0.0,0.0,0.0,0.0,0.0,0.0,0.0,0.0,0.0,0.0,0.0,0.0,0.0,0.0,0.0,0.0,0.0,0.0,0.0,0.0,0.0,0.0,0.0,0.0,0.0,0.0,0.0,0.0,0.0,0.0,0.0,0.0,0.0,0.0,0.0,0.0,0.0,0.0,0.0,0.0,0.0,0.0,0.0,0.0,0.0,0.0,0.0,0.0,0.0,0.0,0.0,0.0,0.0,0.0,0.0,0.0,0.0012,0.0,0.0012,14.2,12.0,12.2,11.9,12.7,13.6,14.9,15.5,448.0,0.0,0.0,0.0,680.0,776.0,824.0,848.0,0.0,0.0,39.0,27.0,0.0,,,263.5,1.62,,265.39,2.36,,,,,,,,,,,,,,,,,,,,,,,,,,,,,,,,,,,,,,,,,,,,,,,,,,,,,,,,,,,,,9.999e+20,160.0,2.8,160.0,5.1,,2.0,0.0,0.0,0.0,3.0,0.0,16209.0,3.0,4.0,4.0,4.0,684.0,160.0,160.0,160.0,0.0,267.1,,,,,,,,,,,,,,,,,,,,,,,,,,,,,2.8,0.8,1.6,1.6,1.6,2.0,2.0,2.0,2.0,2.4,1.2,2.4,2.4,2.8,2.8,2.8,3.2,3.2,3.6,4.0,4.8,6.0,2.8,1.2,0.0,0.0,0.0,0.0,15.0,0.0,2.0,0.0,2.8,3.2,0.0
2026032713,,,,,,,,,,,,,,,,,,,,,,,,,,,,,,,,,0.0,0.0,,,,,,,,,,,,,,,,,,,,,,,,,,,,,,,,,,,,,,,,,,,,,,,,,,,,,,,,,,,,,,,,,,,,,,,,,,,,,,,,,,,,,,,,,,,,,,,,,,,,,,,,,,,,,,,,,,,,,,,,,,,,,,,,,261.06,0.0,0.0,0.0,0.0,0.0,0.0,0.0,0.0,0.0,0.0,0.0,0.0,0.0,0.0,0.0,0.0,0.0,0.0,,,,,,,,,,,,,,,,,,,,,,,,,,,,,,,,,,,,,,,,,,,,,,,,,,,,,,,,,,,,,,,,,,,,,,,,,0.0,0.0,7620.0,7620.0,13716.0,3232.0,88888.0,5.0,10.0,6.0,7.0,7.0,22.0,23.0,22.0,24.0,26.0,29.0,31.0,0.0,0.0,0.0,0.0,0.0,27.3,0.0,259.91,2.17,,0.0,1.0,0.0,,,,,,,,,,,,,,,,,,,,,,,,,,,,,,,,,,,,,,,,,,,,,,,,,,,,,,,,,,,,,,,,,,,,,,,,,,,,,,,,,,4.8,2.0,3.2,3.2,3.6,3.6,3.6,4.0,4.0,4.4,2.4,4.4,4.8,4.8,5.2,5.2,5.6,6.0,6.42931,6.89173,7.42563,8.43935,4.83408,1.30808,0.0,0.0,0.0,0.0,0.0,0.0,0.0,0.0,,,,,,,0.0,0.0,0.0,0.0,0.0,0.0,0.0,0.0,0.0,0.0,0.0,0.0,0.0,0.0,0.0,0.0,0.0,0.0,0.0,0.0,0.0,0.0,0.0,0.0,0.0,0.0,0.0,0.0,0.0,0.0,0.0,0.0,0.0,0.0,0.0,0.0,0.0,0.0,0.0,0.0,0.0,0.0,0.0,0.0,0.0,0.0,0.0,0.0,0.0,0.0,0.0,0.0,0.0,0.0,0.0,0.0,0.0,0.0,0.0,0.0,0.0,0.0,0.0,0.0,0.0,0.0,0.0,0.0,0.0,0.0,0.0,0.0,0.0,0.0,0.0,0.0,0.0,0.0,0.0,0.0,0.0,0.0,0.0,0.0,0.0,0.0,0.0,0.0,0.0,4.0,4.0,4.0,4.0,4.0,4.0,4.0,0.0,0.0,0.0,0.0,0.0,0.0,0.0,0.0,0.0,0.0,0.0,0.0,0.0,0.0,0.0,0.0,0.0,0.0,0.0,0.0,0.0,0.0,0.0,0.0,0.0,,,192.0,,0.0,0.0,0.0,0.0,88888.0,64.0,0.0,0.0,0.0,0.0,0.0,0.0,0.0,0.0,0.0,0.0,0.0,0.0,0.0,0.0,0.0,0.0,0.0,0.0,0.0,0.0,0.0,0.0,0.0,0.0,0.0,0.0,0.0,0.0,0.0,0.0,0.0,0.0,0.0,0.0,0.0,0.0,0.0,0.0,0.0,0.0,0.0,0.0,0.0,0.0,0.0,0.0,0.0,0.0,0.0,0.0,0.0,0.0,0.0,0.0,0.0,0.0,0.0,0.0012,0.0,0.0012,14.0,11.5,11.8,11.4,12.5,13.5,14.9,15.3,456.0,96.0,120.0,96.0,664.0,760.0,808.0,824.0,0.0,0.0,39.0,28.0,0.0,,,,,,265.73,2.22,,,,,,,,,,,,,,,,,,,,,,,,,,,,,,,,,,,,,,,,,,,,,,,,,,,,,,,,,,,,,9.999e+20,150.0,2.8,160.0,4.7,,,0.0,,,3.0,0.0,16209.0,4.0,4.0,4.0,5.0,670.0,150.0,150.0,150.0,0.0,267.3,,,,,,,,,,,,,,,,,,,,,,,,,,,,,2.8,1.2,1.6,1.6,1.6,2.0,2.0,2.0,2.0,2.4,1.2,2.4,2.4,2.8,2.8,2.8,3.2,3.6,3.6,4.0,4.8,5.6,2.8,1.2,0.0,0.0,0.0,0.0,16.0,0.0,2.0,0.0,2.8,3.2,0.0
2026032714,,,,,,,,,,,,,,,,,,,,,,,,,,,,,,,,,0.0,0.0,,,,,,,,,,,,,,,,,,,,,,,,,,,,,,,,,,,,,,,,,,,,,,,,,,,,,,,,,,,,,,,,,,,,,,,,,,,,,,,,,,,,,,,,,,,,,,,,,,,,,,,,,,,,,,,,,,,,,,,,,,,,,,,,,260.41,0.0,0.0,0.0,0.0,0.0,0.0,0.0,0.0,0.0,0.0,0.0,0.0,0.0,0.0,0.0,0.0,0.0,0.0,,,,,,,,,,,,,,,,,,,,,,,,,,,,,,,,,,,,,,,,,,,,,,,,,,,,,,,,,,,,,,,,,,,,,,,,,0.0,0.0,7620.0,7620.0,13716.0,3872.0,88886.0,6.0,9.0,6.0,6.0,6.0,22.0,23.0,22.0,25.0,27.0,29.0,31.0,0.0,0.0,0.0,0.0,0.0,27.6,0.0,259.56,2.2,,1.0,1.0,0.0,,,,,,,,,,,,,,,,,,,,,,,,,,,,,,,,,,,,,,,,,,,,,,,,,,,,,,,,,,,,,,,,,,,,,,,,,,,,,,,,,,4.9,2.0,2.8,3.2,3.2,3.6,3.6,4.0,4.4,4.4,2.8,4.8,4.8,5.2,5.2,5.6,5.6,6.0,6.47632,7.07074,7.55326,8.50527,4.85848,1.73124,0.0,0.0,0.0,0.0,0.0,0.0,0.0,1.0,,,,,,,0.0,0.0,0.0,0.0,0.0,0.0,0.0,0.0,0.0,0.0,0.0,0.0,0.0,0.0,0.0,0.0,0.0,0.0,0.0,0.0,0.0,0.0,0.0,0.0,0.0,0.0,0.0,0.0,0.0,0.0,0.0,0.0,0.0,0.0,0.0,0.0,0.0,0.0,0.0,0.0,0.0,0.0,0.0,0.0,0.0,0.0,0.0,0.0,0.0,0.0,0.0,0.0,0.0,0.0,0.0,0.0,0.0,0.0,0.0,0.0,0.0,0.0,0.0,0.0,0.0,0.0,0.0,0.0,0.0,0.0,0.0,0.0,0.0,0.0,0.0,0.0,0.0,0.0,0.0,0.0,0.0,0.0,0.0,0.0,0.0,0.0,0.0,0.0,0.0,0.0,0.0,0.0,0.0,0.0,0.0,0.0,0.0,0.0,0.0,0.0,0.0,0.0,0.0,0.0,0.0,0.0,0.0,0.0,0.0,0.0,0.0,0.0,0.0,0.0,0.0,0.0,0.0,0.0,0.0,0.0,0.0,,,192.0,,0.0,0.0,0.0,0.0,88888.0,64.0,0.0,0.0,0.0,0.0,0.0,0.0,0.0,0.0,0.0,0.0,0.0,0.0,0.0,0.0,0.0,0.0,0.0,0.0,0.0,0.0,0.0,0.0,0.0,0.0,0.0,0.0,0.0,0.0,0.0,0.0,0.0,0.0,0.0,0.0,0.0,0.0,0.0,0.0,0.0,0.0,0.0,0.0,0.0,0.0,0.0,0.0,0.0,0.0,0.0,0.0,0.0,0.0,0.0,0.0,0.0,0.0,0.0,0.0012,0.0,0.0012,13.7,11.1,11.4,11.0,12.2,13.3,14.7,15.1,456.0,200.0,240.0,192.0,640.0,728.0,784.0,808.0,0.0,0.0,41.0,28.0,0.0,,,,,,265.16,2.17,,,,,,,,,,,,,,,,,,,,,,,,,,,,,,,,,,,,,,,,,,,,,,,,,,,,,,,,,,,,,9.999e+20,150.0,2.8,160.0,4.6,,,0.0,,,3.0,0.0,16209.0,5.0,5.0,5.0,5.0,679.0,150.0,150.0,150.0,0.0,267.1,,,,,,,,,,,,,,,,,,,,,,,,,,,,,2.8,1.2,1.6,1.6,1.6,2.0,2.0,2.0,2.4,2.4,1.6,2.4,2.8,2.8,2.8,3.2,3.2,3.6,3.6,4.0,4.8,5.2,2.8,1.2,0.0,0.0,0.0,0.0,17.0,0.0,1.0,0.0,3.2,3.6,0.0
2026032715,,,,,,,,,,,,,,,,,,,,,,,,,,,,,,,,,0.0,0.0,,,,,,,,,,,,,,,,,,,,,,,,,,,,,,,,,,,,,,,,,,,,,,,,,,,,,,,,,,,,,,,,,,,,,,,,,,,,,,,,,,,,,,,,,,,,,,,,,,,,,,,,,,,,,,,,,,,,,,,,,,,,,,,,,261.71,0.0,0.0,0.0,0.0,0.0,0.0,0.0,0.0,0.0,0.0,0.0,0.0,0.0,0.0,0.0,0.0,0.0,0.0,,,,,,,,,,,,,,,,,,,,,,,,,,,,,,,,,,,,,,,,,,,,,,,,,,,,,,,,,,,,,,,,,,,,,,,,,0.0,0.0,7620.0,7620.0,13716.0,2808.0,88886.0,7.0,10.0,7.0,7.0,7.0,22.0,23.0,22.0,25.0,28.0,30.0,31.0,0.0,0.0,0.0,0.0,0.0,28.2,0.0,260.81,1.82,0.0,109.0,1.0,0.0,,,,,,,,,,,,,,,,,,,,,,,,,,,,,,,,,,,,,,,,,,,,,,,,,,,,,9.999e+20,,,,,,,,,,,,,,,,,,,,,,,,,,,,,4.91,2.0,2.8,3.2,3.6,3.6,4.0,4.4,4.4,4.8,2.8,4.8,5.2,5.2,5.6,5.6,6.06775,6.16781,6.68926,6.84637,7.74547,9.16206,4.90214,1.79305,0.0,0.0,0.0,0.0,0.0,0.0,0.0,2.0,,9.999e+20,9.999e+20,9.999e+20,9.999e+20,9.999e+20,0.0,0.0,0.0,0.0,0.0,0.0,0.0,0.0,0.0,0.0,0.0,0.0,0.0,0.0,0.0,0.0,0.0,0.0,0.0,0.0,0.0,0.0,0.0,0.0,0.0,0.0,0.0,0.0,0.0,0.0,0.0,0.0,0.0,0.0,0.0,0.0,0.0,0.0,0.0,0.0,0.0,0.0,0.0,0.0,0.0,0.0,0.0,0.0,0.0,0.0,0.0,0.0,0.0,0.0,0.0,0.0,0.0,0.0,0.0,0.0,0.0,0.0,0.0,0.0,0.0,0.0,0.0,0.0,0.0,0.0,0.0,0.0,0.0,0.0,0.0,0.0,0.0,0.0,0.0,0.0,0.0,0.0,0.0,0.0,0.0,0.0,0.0,0.0,0.0,0.0,0.0,0.0,0.0,0.0,0.0,0.0,0.0,0.0,0.0,0.0,0.0,0.0,0.0,0.0,0.0,0.0,0.0,0.0,0.0,0.0,0.0,0.0,0.0,0.0,0.0,0.0,0.0,0.0,0.0,0.0,0.0,,,176.0,,0.0,0.0,0.0,0.0,88888.0,64.0,0.0,0.0,0.0,0.0,0.0,0.0,0.0,0.0,0.0,0.0,0.0,0.0,0.0,0.0,0.0,0.0,0.0,0.0,0.0,0.0,0.0,0.0,0.0,0.0,0.0,0.0,0.0,0.0,0.0,0.0,0.0,0.0,0.0,0.0,0.0,0.0,0.0,0.0,0.0,0.0,0.0,0.0,0.0,0.0,0.0,0.0,0.0,0.0,0.0,0.0,0.0,0.0,0.0,0.0,0.0,0.0,0.0,0.0012,0.0,0.0012,13.6,10.7,11.0,10.5,12.0,13.2,14.7,15.0,456.0,296.0,352.0,272.0,624.0,712.0,768.0,784.0,0.0,0.0,41.0,26.0,0.0,,,,,,266.44,1.93,,,,,,,,,,,,,,,,,,,,,,,,,,,,,,,,,,,,,,,,,,,,,,,,,,,,,,,,,,,,,9.999e+20,150.0,2.8,170.0,4.9,,,0.0,0.0,,3.0,0.0,16209.0,6.0,6.0,6.0,6.0,636.0,150.0,150.0,150.0,0.0,265.5,,,,,,,,,,,,,,,,,,,,,,,,,,,,,2.8,0.8,1.6,1.6,2.0,2.0,2.0,2.4,2.4,2.4,1.6,2.8,2.8,2.8,3.2,3.2,3.2,3.6,3.6,4.0,4.4,5.2,2.8,0.8,0.0,0.0,0.0,0.0,17.0,0.0,0.0,0.0,3.2,3.6,0.0
2026032716,,,,,,,,,,,,,,,,,,,,,,,,,,,,,,,,,0.0,0.0,,,,,,,,,,,,,,,,,,,,,,,,,,,,,,,,,,,,,,,,,,,,,,,,,,,,,,,,,,,,,,,,,,,,,,,,,,,,,,,,,,,,,,,,,,,,,,,,,,,,,,,,,,,,,,,,,,,,,,,,,,,,,,,,,263.67,0.0,0.0,0.0,0.0,0.0,0.0,0.0,0.0,0.0,0.0,0.0,0.0,0.0,0.0,0.0,0.0,0.0,0.0,,,,,,,,,,,,,,,,,,,,,,,,,,,,,,,,,,,,,,,,,,,,,,,,,,,,,,,,,,,,,,,,,,,,,,,,,0.0,0.0,7620.0,7620.0,13715.0,3512.0,88886.0,4.0,9.0,4.0,5.0,5.0,22.0,23.0,22.0,25.0,29.0,30.0,31.0,0.0,0.0,0.0,0.0,0.0,28.8,0.0,261.8,1.64,,244.0,1.0,0.0,,,,,,,,,,,,,,,,,,,,,,,,,,,,,,,,,,,,,,,,,,,,,,,,,,,,,,,,,,,,,,,,,,,,,,,,,,,,,,,,,,5.4,2.4,3.6,3.6,4.0,4.0,4.4,4.4,4.8,5.2,3.2,5.2,5.6,5.6,6.0,6.05823,6.18525,6.3443,6.54476,7.08801,7.7339,8.85481,5.37891,1.45763,0.0,0.0,0.0,0.0,0.0,0.0,0.0,2.0,,,,,,,,,,,,,,,,,,,,,,,,,,,,,,,,,,,,,,,,,,,,,,,,,,,,,,,,,,,,,,,,,,,,,,,,,,,,,,,,,,,,,,,,,,,,,,,,,,,,,,,,,,,,,,,,,,,,,,,,,,,,,,,0.0,,,216.0,,0.0,0.0,0.0,0.0,88888.0,62.0,,,,,,,,,,,,,,,,,,,,,,,,,,,,,,,,,,,,,,,,,,,,,,,,,,,,,,,,,,,,,13.3,10.1,10.4,9.9,11.6,12.6,14.2,14.8,576.0,528.0,576.0,504.0,664.0,720.0,768.0,784.0,0.0,0.0,28.0,28.0,0.0,,,,,,268.09,1.64,,,,,,,,,,,,,,,,,,,,,,,,,,,,,,,,,,,,,,,,,,,,,,,,,,,,,,,,,,,,,9.999e+20,150.0,2.8,170.0,4.9,,,0.0,,,3.0,0.0,16209.0,6.0,6.0,6.0,6.0,799.0,150.0,150.0,150.0,0.0,267.2,,,,,,,,,,,,,,,,,,,,,,,,,,,,,2.8,1.2,1.6,2.0,2.0,2.0,2.4,2.4,2.4,2.4,1.6,2.4,2.8,2.8,2.8,3.2,3.2,3.2,3.6,3.6,4.0,4.8,2.8,0.8,0.0,0.0,0.0,0.0,14.0,0.0,0.0,0.0,3.2,3.6,0.0
2026032717,,,,,,,,,,,,,,,,,,,,,,,,,,,,,,,,,0.0,0.0,,,,,,,,,,,,,,,,,,,,,,,,,,,,,,,,,,,,,,,,,,,,,,,,,,,,,,,,,,,,,,,,,,,,,,,,,,,,,,,,,,,,,,,,,,,,,,,,,,,,,,,,,,,,,,,,,,,,,,,,,,,,,,,,,265.83,0.0,0.0,0.0,0.0,0.0,0.0,0.0,0.0,0.0,0.0,0.0,0.0,0.0,0.0,0.0,0.0,0.0,0.0,,,,,,,,,,,,,,,,,,,,,,,,,,,,,,,,,,,,,,,,,,,,,,,,,,,,,,,,,,,,,,,,,,,,,,,,,0.0,0.0,7620.0,7621.0,13716.0,4472.0,88886.0,2.0,9.0,2.0,2.0,3.0,23.0,24.0,22.0,26.0,30.0,30.0,31.0,0.0,0.0,0.0,0.0,0.0,29.3,0.0,262.91,1.37,,411.0,1.0,0.0,,,,,,,,,,,,,,,,,,,,,,,,,,,,,,,,,,,,,,,,,,,,,,,,,,,,,,,,,,,,,,,,,,,,,,,,,,,,,,,,,,5.8,3.2,4.0,4.4,4.8,4.8,5.2,5.2,5.6,5.6,3.6,6.0,6.0,6.4,6.4,6.90996,7.00205,7.11525,7.61748,7.77199,8.23298,8.84564,5.8073,1.48474,0.0,0.0,0.0,0.0,0.0,0.0,0.0,3.0,,,,,,,,,,,,,,,,,,,,,,,,,,,,,,,,,,,,,,,,,,,,,,,,,,,,,,,,,,,,,,,,,,,,,,,,,,,,,,,,,,,,,,,,,,,,,,,,,,,,,,,,,,,,,,,,,,,,,,,,,,,,,,,0.0,,,320.0,,0.0,0.0,0.0,0.0,88888.0,59.0,,,,,,,,,,,,,,,,,,,,,,,,,,,,,,,,,,,,,,,,,,,,,,,,,,,,,,,,,,,,,12.6,9.4,9.8,9.2,10.9,12.1,13.7,14.1,736.0,664.0,704.0,632.0,752.0,808.0,848.0,872.0,0.0,0.0,23.0,30.0,0.0,,,,,,270.08,1.39,,,,,,,,,,,,,,,,,,,,,,,,,,,,,,,,,,,,,,,,,,,,,,,,,,,,,,,,,,,,,9.999e+20,160.0,2.8,170.0,4.1,,,0.0,,,3.0,0.0,16209.0,3.0,3.0,3.0,3.0,1136.0,160.0,160.0,160.0,0.0,269.0,,,,,,,,,,,,,,,,,,,,,,,,,,,,,2.8,1.2,2.0,2.0,2.0,2.4,2.4,2.4,2.8,2.8,1.6,2.8,2.8,3.2,3.2,3.2,3.6,3.6,4.0,4.0,4.4,4.8,2.8,0.8,0.0,0.0,0.0,0.0,23.0,0.0,1.0,0.0,3.2,3.6,0.0
2026032718,0.003,0.0,0.0,0.0,0.0,0.0,0.0,0.0,0.0,0.0,0.0,0.0,0.0,0.0,0.0,0.0,0.0,0.0,0.0,0.0,0.0,0.0,0.0,0.0,0.0,0.0,0.0,0.0,0.0,0.0,0.0,0.0,0.0,0.0,0.142,0.0,0.0,0.0,0.0,0.0,0.0,0.0,0.0,0.0,0.0,0.0,0.0,0.0,0.0,0.0,0.0,0.0,0.0,0.28,1.099,2.871,10.0,0.0,0.0,0.0,0.0,0.0,0.0,0.0,0.0,0.0,,,,,,,,,,,,,,,,,,,,,,,,,,,,,,,,,0.0,0.0,0.0,0.0,0.0,0.0,0.0,0.0,0.0,0.0,0.0,0.0,0.0,0.0,0.0,0.0,0.0,0.0,0.0,0.0,0.0,0.0,0.0,0.0,0.0,0.0,0.0,0.0,0.0,0.0,0.0,0.0,,,,,,,,,,,,,,,,,,,,,,,,,,,,,,,,,268.13,0.0,0.0,0.0,0.0,0.0,0.0,0.0,0.0,0.0,0.0,0.0,0.0,0.0,0.0,0.0,0.0,0.0,0.0,,,,,,,,,,,,,,,,,,,,,,,,,,,,,,,,,,,,,0.0,0.0,0.0,0.0,0.0,0.0,0.0,0.0,0.0,0.0,0.0,0.0,0.0,0.0,0.0,0.0,0.0,0.0,,,,,,,,,,,,,,,,,,,0.0,0.0,7620.0,7620.0,13717.0,4848.0,88886.0,1.0,7.0,1.0,1.0,1.0,23.0,25.0,22.0,27.0,30.0,31.0,32.0,0.0,0.0,0.0,0.0,0.0,30.1,0.0,264.21,1.51,0.0,537.0,2.0,0.0,,,,,,,,,,,,,,,,,,,,,,,,,,0.0,0.0,0.0,0.0,0.0,0.0,0.0,0.0,0.0,0.0,0.0,0.0,0.0,,,,,,,,,,,,,,13.0,9.999e+20,,,,,,,,,,,,,,,,,,,,,,,,,,,,,6.7,3.6,4.8,5.2,5.2,5.6,6.0,6.0,6.4,6.4,4.4,6.8,6.8,7.2,7.65508,7.74812,8.23337,8.33505,8.52028,9.13829,9.50696,10.2385,6.6504,1.58216,0.0,0.0,0.0,0.0,0.0,0.0,0.0,14.0,4.0,9.999e+20,9.999e+20,9.999e+20,9.999e+20,9.999e+20,,,,,,,,,,,,,,,,,,,,,,,,,,,,,,,,,,,,,,,,,,,,,,,,,,,,,,,,,,,,,,,,,,,,,,,,,,,,,,,,,,,,,,,,,,,,,,,,,,,,,,,,,,,,,,,,,,,,,,,,,0.0,69.0,,440.0,,0.0,0.0,0.0,0.0,88888.2,55.0,,,,,,,,,,,,,,,,,,,,,,,,,,,,,,,,,,,,,,,,,,,,,,,,,,,,,,,,,,,,,11.4,8.8,9.2,8.5,10.3,11.5,12.7,13.6,896.0,688.0,720.0,656.0,792.0,1008.0,1096.0,1112.0,0.0,0.0,16.0,25.0,0.0,,,,,1.42764,271.83,1.52,,,,,,,,,,,,,,,,,,,,,,,,,,,,,,,262.558,260.017,261.126,261.147,261.584,261.722,261.626,262.107,262.301,262.1,260.589,262.346,262.516,262.839,263.063,263.224,263.41,263.998,264.135,264.408,265.415,266.133,0.0,0.0,0.0,0.0,10.0,100.0,100.0,0.0,9.999e+20,170.0,3.6,170.0,5.0,,0.0,0.0,0.0,0.0,3.0,0.0,16209.0,2.0,2.0,2.0,2.0,1891.0,170.0,170.0,170.0,0.0,271.5,,,,,,,,,,,,,,,,,,,,,,,,,,,,,3.6,1.6,2.4,2.4,2.4,2.8,2.8,2.8,3.2,3.2,2.0,3.2,3.6,3.6,3.6,4.0,4.0,4.0,4.4,4.4,4.8,5.2,3.2,0.8,0.0,0.0,0.0,0.0,37.0,0.0,1.0,0.0,4.0,4.4,0.0
2026032719,,,,,,,,,,,,,,,,,,,,,,,,,,,,,,,,,0.0,0.0,,,,,,,,,,,,,,,,,,,,,,,,,,,,,,,,,,,,,,,,,,,,,,,,,,,,,,,,,,,,,,,,,,,,,,,,,,,,,,,,,,,,,,,,,,,,,,,,,,,,,,,,,,,,,,,,,,,,,,,,,,,,,,,,,269.6,0.0,0.0,0.0,0.0,0.0,0.0,0.0,0.0,0.0,0.0,0.0,0.0,0.0,0.0,0.0,0.0,0.0,0.0,,,,,,,,,,,,,,,,,,,,,,,,,,,,,,,,,,,,,,,,,,,,,,,,,,,,,,,,,,,,,,,,,,,,,,,,,0.0,0.0,7620.0,7621.0,13717.0,4032.0,88886.0,1.0,6.0,1.0,1.0,1.0,24.0,26.0,24.0,28.0,31.0,32.0,33.0,0.0,0.0,0.0,0.0,0.0,30.9,0.0,264.77,1.58,,724.0,2.0,0.0,,,,,,,,,,,,,,,,,,,,,,,,,,,,,,,,,,,,,,,,,,,,,,,,,,,,,,,,,,,,,,,,,,,,,,,,,,,,,,,,,,6.8,3.2,4.8,5.2,5.2,5.6,5.6,6.0,6.4,6.43167,4.4,6.86394,6.90773,7.35271,7.44274,7.60432,8.12102,8.24909,8.48816,8.9014,10.414,11.5919,6.8178,1.61089,3.0,0.0,0.0,0.0,0.0,0.0,0.0,12.0,,,,,,,,,,,,,,,,,,,,,,,,,,,,,,,,,,,,,,,,,,,,,,,,,,,,,,,,,,,,,,,,,,,,,,,,,,,,,,,,,,,,,,,,,,,,,,,,,,,,,,,,,,,,,,,,,,,,,,,,,,,,,,,0.0,,,528.0,,0.0,0.0,0.0,0.0,88888.0,52.0,,,,,,,,,,,,,,,,,,,,,,,,,,,,,,,,,,,,,,,,,,,,,,,,,,,,,,,,,,,,,10.3,7.9,8.3,7.6,9.2,10.7,11.5,12.4,1016.0,776.0,808.0,760.0,872.0,1128.0,1208.0,1216.0,0.0,0.0,22.0,30.0,0.0,,,,,,273.28,1.59,,,,,,,,,,,,,,,,,,,,,,,,,,,,,,,,,,,,,,,,,,,,,,,,,,,,,,,,,,,,,9.999e+20,190.0,3.6,190.0,5.4,,,0.0,,,3.0,0.0,16209.0,2.0,2.0,2.0,2.0,2557.0,190.0,190.0,190.0,0.0,273.2,,,,,,,,,,,,,,,,,,,,,,,,,,,,,3.6,1.6,2.4,2.4,2.8,2.8,2.8,2.8,3.2,3.2,2.0,3.2,3.6,3.6,3.6,4.0,4.0,4.4,4.4,4.8,5.2,6.4,3.61103,0.91133,0.0,0.0,0.0,0.0,39.0,0.0,4.0,0.0,4.0,4.4,0.0
2026032720,,,,,,,,,,,,,,,,,,,,,,,,,,,,,,,,,0.0,0.0,,,,,,,,,,,,,,,,,,,,,,,,,,,,,,,,,,,,,,,,,,,,,,,,,,,,,,,,,,,,,,,,,,,,,,,,,,,,,,,,,,,,,,,,,,,,,,,,,,,,,,,,,,,,,,,,,,,,,,,,,,,,,,,,,271.31,0.0,0.0,0.0,0.0,0.0,0.0,0.0,0.0,0.0,0.0,0.0,0.0,0.0,0.0,0.0,0.0,0.0,0.0,,,,,,,,,,,,,,,,,,,,,,,,,,,,,,,,,,,,,,,,,,,,,,,,,,,,,,,,,,,,,,,,,,,,,,,,,0.0,0.0,7620.0,7620.0,13716.0,3208.0,88888.0,1.0,6.0,1.0,1.0,1.0,25.0,26.0,25.0,28.0,31.0,33.0,34.0,0.0,0.0,0.0,0.0,0.0,31.5,0.0,265.09,1.66,,765.0,2.0,0.0,,,,,,,,,,,,,,,,,,,,,,,,,,,,,,,,,,,,,,,,,,,,,,,,,,,,,,,,,,,,,,,,,,,,,,,,,,,,,,,,,,6.6,3.2,4.4,4.8,5.2,5.62351,5.66305,6.12245,6.20889,6.26199,4.0,6.71282,6.78025,6.8626,6.96504,7.09757,7.59793,8.17153,8.79431,9.12919,9.72536,10.6134,6.62165,1.64097,0.0,0.0,0.0,0.0,0.0,0.0,0.0,14.0,,,,,,,,,,,,,,,,,,,,,,,,,,,,,,,,,,,,,,,,,,,,,,,,,,,,,,,,,,,,,,,,,,,,,,,,,,,,,,,,,,,,,,,,,,,,,,,,,,,,,,,,,,,,,,,,,,,,,,,,,,,,,,,0.0,,,736.0,,0.0,0.0,0.0,0.0,88888.0,48.0,,,,,,,,,,,,,,,,,,,,,,,,,,,,,,,,,,,,,,,,,,,,,,,,,,,,,,,,,,,,,9.3,7.0,7.3,6.6,8.2,9.7,10.3,11.2,1112.0,864.0,888.0,848.0,960.0,1248.0,1304.0,1328.0,0.0,0.0,29.0,32.0,0.0,,,,,,274.92,1.65,,,,,,,,,,,,,,,,,,,,,,,,,,,,,,,,,,,,,,,,,,,,,,,,,,,,,,,,,,,,,9.999e+20,200.0,3.3,200.0,5.8,,,0.0,,,3.0,0.0,16201.0,2.0,2.0,2.0,2.0,3911.0,200.0,200.0,200.0,0.0,274.7,,,,,,,,,,,,,,,,,,,,,,,,,,,,,3.3,1.6,2.4,2.4,2.4,2.8,2.8,2.8,3.2,3.2,2.0,3.2,3.2,3.6,3.6,3.6,4.0,4.0,4.4,4.8,5.34972,5.82849,3.26095,0.92794,0.0,0.0,0.0,0.0,35.0,0.0,2.0,0.0,3.7,4.5,0.0
2026032721,,,,,,,,,,,,,,,,,,,,,,,,,,,,,,,,,0.0,0.0,,,,,,,,,,,,,,,,,,,,,,,,,,,,,,,,,,,,,,,,,,,,,,,,,,,,,,,,,,,,,,,,,,,,,,,,,,,,,,,,,,,,,,,,,,,,,,,,,,,,,,,,,,,,,,,,,,,,,,,,,,,,,,,,,272.66,0.0,0.0,0.0,0.0,0.0,0.0,0.0,0.0,0.0,0.0,0.0,0.0,0.0,0.0,0.0,0.0,0.0,0.0,,,,,,,,,,,,,,,,,,,,,,,,,,,,,,,,,,,,,,,,,,,,,,,,,,,,,,,,,,,,,,,,,,,,,,,,,0.0,1.0,7620.0,7621.0,13717.0,5008.0,88888.0,1.0,5.0,1.0,1.0,1.0,26.0,27.0,26.0,28.0,31.0,33.0,34.0,0.0,0.0,0.0,0.0,0.0,31.2,0.0,265.45,1.8,0.0,739.0,2.0,0.0,,,,,,,,,,,,,,,,,,,,,,,,,,,,,,,,,,,,,,,,,,,,,,,,,,,,,9.999e+20,,,,,,,,,,,,,,,,,,,,,,,,,,,,,6.4,2.8,4.4,4.85815,4.92837,5.4475,5.5322,5.60888,5.67798,5.77995,3.6,6.29305,6.37322,6.45598,6.55681,7.02272,7.46439,7.97653,8.16566,9.1082,9.46855,10.9399,6.35602,1.65789,1.0,0.0,0.0,0.0,0.0,0.0,0.0,12.0,,9.999e+20,9.999e+20,9.999e+20,9.999e+20,9.999e+20,,,,,,,,,,,,,,,,,,,,,,,,,,,,,,,,,,,,,,,,,,,,,,,,,,,,,,,,,,,,,,,,,,,,,,,,,,,,,,,,,,,,,,,,,,,,,,,,,,,,,,,,,,,,,,,,,,,,,,,,,0.0,,,816.0,,0.0,0.0,0.0,0.0,88888.2,46.0,,,,,,,,,,,,,,,,,,,,,,,,,,,,,,,,,,,,,,,,,,,,,,,,,,,,,,,,,,,,,8.4,6.0,6.4,5.8,7.4,8.7,9.2,10.6,1184.0,944.0,976.0,920.0,1048.0,1376.0,1408.0,1432.0,0.0,0.0,33.0,32.0,0.0,,,,,,275.86,1.78,,,,,,,,,,,,,,,,,,,,,,,,,,,,,,,,,,,,,,,,,,,,,,,,,,,,,,,,,,,,,9.999e+20,210.0,3.3,210.0,6.3,,,0.0,0.0,,3.0,0.0,16201.0,2.0,2.0,2.0,2.0,4836.0,210.0,210.0,210.0,0.0,274.9,,,,,,,,,,,,,,,,,,,,,,,,,,,,,3.3,1.2,2.0,2.4,2.4,2.4,2.8,2.8,2.8,2.8,1.6,3.2,3.2,3.2,3.6,3.6,3.6,4.0,4.4,4.73044,4.84523,6.30412,3.29718,0.94724,0.0,0.0,0.0,0.0,30.0,0.0,2.0,0.0,3.7,4.1,0.0
2026032722,,,,,,,,,,,,,,,,,,,,,,,,,,,,,,,,,0.0,0.0,,,,,,,,,,,,,,,,,,,,,,,,,,,,,,,,,,,,,,,,,,,,,,,,,,,,,,,,,,,,,,,,,,,,,,,,,,,,,,,,,,,,,,,,,,,,,,,,,,,,,,,,,,,,,,,,,,,,,,,,,,,,,,,,,273.01,0.0,0.0,0.0,0.0,0.0,0.0,0.0,0.0,0.0,0.0,0.0,0.0,0.0,0.0,0.0,0.0,0.0,0.0,,,,,,,,,,,,,,,,,,,,,,,,,,,,,,,,,,,,,,,,,,,,,,,,,,,,,,,,,,,,,,,,,,,,,,,,,0.0,1.0,7620.0,7621.0,13717.0,4496.0,88888.0,1.0,4.0,1.0,1.0,1.0,26.0,27.0,25.0,28.0,30.0,33.0,33.0,0.0,0.0,0.0,0.0,0.0,30.8,0.0,265.42,1.74,,664.0,2.0,0.0,,,,,,,,,,,,,,,,,,,,,,,,,,,,,,,,,,,,,,,,,,,,,,,,,,,,,,,,,,,,,,,,,,,,,,,,,,,,,,,,,,6.4,2.0,4.07568,4.55507,5.05762,5.14435,5.59549,5.66123,5.72121,5.84607,3.6,5.92102,5.97997,6.09606,6.19742,6.68557,7.16736,7.68216,8.27052,8.82682,9.58091,12.0705,6.42476,2.02806,2.0,0.0,0.0,0.0,0.0,0.0,0.0,11.0,,,,,,,,,,,,,,,,,,,,,,,,,,,,,,,,,,,,,,,,,,,,,,,,,,,,,,,,,,,,,,,,,,,,,,,,,,,,,,,,,,,,,,,,,,,,,,,,,,,,,,,,,,,,,,,,,,,,,,,,,,,,,,,0.0,,,864.0,,0.0,0.0,0.0,0.0,88888.0,46.0,,,,,,,,,,,,,,,,,,,,,,,,,,,,,,,,,,,,,,,,,,,,,,,,,,,,,,,,,,,,,7.7,5.3,5.7,5.1,6.8,8.6,9.0,9.6,1232.0,1024.0,1064.0,1008.0,1120.0,1408.0,1440.0,1448.0,0.0,0.0,30.0,33.0,0.0,,,,,,276.02,1.75,,,,,,,,,,,,,,,,,,,,,,,,,,,,,,,,,,,,,,,,,,,,,,,,,,,,,,,,,,,,,9.999e+20,220.0,3.3,220.0,6.9,,,0.0,,,3.0,0.001,16201.0,2.0,2.0,2.0,3.0,5483.0,220.0,220.0,220.0,0.0,275.1,,,,,,,,,,,,,,,,,,,,,,,,,,,,,3.3,0.8,2.0,2.4,2.4,2.4,2.4,2.8,2.8,2.8,1.6,2.8,3.2,3.2,3.2,3.2,3.6,4.0,4.0,4.64202,5.21478,6.70393,3.28948,0.960805,0.0,0.0,0.0,0.0,25.0,0.0,3.0,0.0,3.7,4.1,0.0
2026032723,,,,,,,,,,,,,,,,,,,,,,,,,,,,,,,,,0.0,0.0,,,,,,,,,,,,,,,,,,,,,,,,,,,,,,,,,,,,,,,,,,,,,,,,,,,,,,,,,,,,,,,,,,,,,,,,,,,,,,,,,,,,,,,,,,,,,,,,,,,,,,,,,,,,,,,,,,,,,,,,,,,,,,,,,273.03,0.0,0.0,0.0,0.0,0.0,0.0,0.0,0.0,0.0,0.0,0.0,0.0,0.0,0.0,0.0,0.0,0.0,0.0,,,,,,,,,,,,,,,,,,,,,,,,,,,,,,,,,,,,,,,,,,,,,,,,,,,,,,,,,,,,,,,,,,,,,,,,,0.0,1.0,7620.0,7620.0,13716.0,4176.0,88888.0,1.0,5.0,1.0,1.0,1.0,25.0,26.0,23.0,28.0,29.0,31.0,32.0,0.0,0.0,0.0,0.0,0.0,29.9,0.0,265.79,1.74,,555.0,3.0,0.0,,,,,,,,,,,,,,,,,,,,,,,,,,,,,,,,,,,,,,,,,,,,,,,,,,,,,,,,,,,,,,,,,,,,,,,,,,,,,,,,,,6.4,1.6,4.0,4.52157,4.61632,5.07244,5.13457,5.59127,5.70116,5.76246,3.2,5.78791,5.87436,6.35891,6.49768,7.05172,7.1655,7.71215,8.2607,8.81936,9.90218,12.9061,6.37251,1.98982,2.0,0.0,0.0,0.0,0.0,0.0,0.0,11.0,,,,,,,,,,,,,,,,,,,,,,,,,,,,,,,,,,,,,,,,,,,,,,,,,,,,,,,,,,,,,,,,,,,,,,,,,,,,,,,,,,,,,,,,,,,,,,,,,,,,,,,,,,,,,,,,,,,,,,,,,,,,,,,0.0,,,864.0,,0.0,0.0,0.0,0.0,88888.2,46.0,,,,,,,,,,,,,,,,,,,,,,,,,,,,,,,,,,,,,,,,,,,,,,,,,,,,,,,,,,,,,7.3,4.5,4.9,4.4,6.3,8.4,8.9,9.4,1264.0,1104.0,1144.0,1072.0,1216.0,1440.0,1472.0,1480.0,0.0,0.0,35.0,28.0,0.0,,,,,,276.14,1.76,,,,,,,,,,,,,,,,,,,,,,,,,,,,,,,,,,,,,,,,,,,,,,,,,,,,,,,,,,,,,9.999e+20,230.0,3.2,220.0,6.9,,,0.0,,,3.0,0.0,16201.0,3.0,3.0,3.0,3.0,5725.0,230.0,230.0,230.0,0.0,274.2,,,,,,,,,,,,,,,,,,,,,,,,,,,,,3.2,0.8,2.0,2.0,2.4,2.4,2.4,2.8,2.8,2.8,1.6,2.8,3.2,3.2,3.2,3.6,3.6,4.0,4.0,4.4,5.2,6.96358,3.23606,1.34966,0.0,0.0,0.0,0.0,26.0,0.0,4.0,0.0,3.6,4.0,0.0
2026032800,0.005,0.0,0.0,0.0,0.0,0.0,0.0,0.0,0.0,0.0,0.0,0.0,0.0,0.0,0.0,0.0,0.0,0.0,0.0,0.0,0.0,0.0,1.0,0.0,0.0,0.0,0.0,0.0,0.0,0.0,0.0,0.0,0.0,0.0,0.021,0.0,0.0,0.0,0.0,0.0,0.0,0.0,0.0,0.0,0.0,0.0,0.0,0.0,0.0,0.0,0.0,0.0,0.0,0.0,0.0,0.577,2.0,0.0,0.0,0.0,0.0,0.0,0.0,0.0,0.0,0.0,,,,,,,,,,,,,,,,,,,,,,,,,,,,,,,,,0.0,0.0,0.0,0.0,0.0,0.0,0.0,0.0,0.0,0.0,0.0,0.0,0.0,0.0,0.0,0.0,0.0,0.0,0.0,0.0,0.0,0.0,0.0,0.0,0.0,0.0,0.0,0.0,0.0,0.0,0.0,0.0,,,,,,,,,,,,,,,,,,,,,,,,,,,,,,,,,272.84,0.0,0.0,0.0,0.0,0.0,0.0,0.0,0.0,0.0,0.0,0.0,0.0,0.0,0.0,0.0,0.0,0.0,0.0,0.0,0.0,0.0,0.0,0.0,0.0,0.0,0.0,0.0,0.0,0.0,0.0,0.0,0.0,0.0,0.0,0.0,0.0,,,,,,,,,,,,,,,,,,,0.0,0.0,0.0,0.0,0.0,0.0,0.0,0.0,0.0,0.0,0.0,0.0,0.0,0.0,0.0,0.0,0.0,0.0,,,,,,,,,,,,,,,,,,,0.0,1.0,7620.0,7620.0,13716.0,4120.0,88888.0,1.0,7.0,1.0,1.0,1.0,24.0,26.0,22.0,27.0,29.0,30.0,32.0,0.0,0.0,0.0,0.0,0.0,28.9,0.0,266.32,1.88,0.0,424.0,3.0,0.0,0.0,0.0,0.0,0.0,0.0,0.0,0.0,0.0,0.0,0.0,0.0,0.0,0.0,,,,,,,,,,,,,0.0,0.0,0.0,0.0,0.0,0.0,0.0,0.0,0.0,0.0,0.0,0.0,0.0,,,,,,,,,,,,,,14.2,9.999e+20,,,,,,,,,,,,,,,,,,,,,,,,,,,,,6.1,1.2,3.6,4.0,4.43902,4.60416,4.75718,5.2291,5.32512,5.37809,2.8,5.46631,5.93706,6.08063,6.59117,6.73705,7.35172,7.39959,7.88315,8.78306,10.1691,13.2009,6.07242,2.37155,3.0,0.0,0.0,0.0,0.0,0.0,0.0,11.0,4.0,9.999e+20,9.999e+20,9.999e+20,9.999e+20,9.999e+20,,,,,,,,,,,,,,,,,,,,,,,,,,,,,,,,,,,,,,,,,,,,,,,,,,,,,,,,,,,,,,,,,,,,,,,,,,,,,,,,,,,,,,,,,,,,,,,,,,,,,,,,,,,,,,,,,,,,,,,,,0.0,,,712.0,0.0,0.0,0.0,0.0,0.0,88888.0,49.0,,,,,,,,,,,,,,,,,,,,,,,,,,,,,,,,,,,,,,,,,,,,,,,,,,,,,,,,,,,,,7.4,3.7,4.3,3.5,5.8,8.3,8.9,9.3,1280.0,1160.0,1224.0,1136.0,1288.0,1480.0,1504.0,1520.0,0.0,0.0,41.0,26.0,0.0,276.66,1.6,,,,276.16,1.85,,,,,,,,,,,,,,,,,,,,,,,,,,,,,,,,,,,,,,,,,,,,,,,,,,,,,,,,,,,,,9.999e+20,230.0,3.2,250.0,5.9,0.0,0.0,0.0,0.0,0.0,3.0,0.0,16201.0,3.0,3.0,3.0,3.0,3909.0,230.0,230.0,230.0,0.0,274.1,,,,,,,,,,,,,,,,,,,,,,,,,,,,,3.2,0.4,1.6,2.0,2.0,2.4,2.4,2.4,2.8,2.8,1.2,2.8,3.2,3.2,3.2,3.6,4.0,4.0,4.4,4.8,5.6,7.2,3.21448,1.26839,0.0,0.0,0.0,0.0,30.0,0.0,5.0,0.0,3.6,4.0,0.0
2026032801,,,,,,,,,,,,,,,,,,,,,,,,,,,,,,,,,0.0,0.0,,,,,,,,,,,,,,,,,,,,,,,,,,,,,,,,,,,,,,,,,,,,,,,,,,,,,,,,,,,,,,,,,,,,,,,,,,,,,,,,,,,,,,,,,,,,,,,,,,,,,,,,,,,,,,,,,,,,,,,,,,,,,,,,,271.36,0.0,0.0,0.0,0.0,0.0,0.0,0.0,0.0,0.0,0.0,0.0,0.0,0.0,0.0,0.0,0.0,0.0,0.0,,,,,,,,,,,,,,,,,,,,,,,,,,,,,,,,,,,,,,,,,,,,,,,,,,,,,,,,,,,,,,,,,,,,,,,,,0.0,1.0,7620.0,7620.0,13716.0,4328.0,88888.0,1.0,5.0,1.0,1.0,1.0,24.0,25.0,22.0,27.0,28.0,30.0,31.0,0.0,0.0,0.0,0.0,0.0,28.3,0.0,266.54,1.91,,195.0,2.0,0.0,,,,,,,,,,,,,,,,,,,,,,,,,,,,,,,,,,,,,,,,,,,,,,,,,,,,,,,,,,,,,,,,,,,,,,,,,,,,,,,,,,5.7,1.2,3.2,3.6,4.04582,4.10494,4.5775,4.67495,4.83821,4.97857,2.8,5.49001,5.52598,6.02599,6.07687,6.56414,6.7072,7.24296,7.72012,8.58325,9.94856,12.643,5.65055,2.26575,2.0,0.0,0.0,0.0,0.0,0.0,0.0,10.0,,,,,,,,,,,,,,,,,,,,,,,,,,,,,,,,,,,,,,,,,,,,,,,,,,,,,,,,,,,,,,,,,,,,,,,,,,,,,,,,,,,,,,,,,,,,,,,,,,,,,,,,,,,,,,,,,,,,,,,,,,,,,,,0.0,,,560.0,,0.0,0.0,0.0,0.0,88888.2,55.0,,,,,,,,,,,,,,,,,,,,,,,,,,,,,,,,,,,,,,,,,,,,,,,,,,,,,,,,,,,,,7.4,3.7,4.5,3.6,6.2,8.8,9.4,9.7,1240.0,1160.0,1224.0,1128.0,1288.0,1376.0,1408.0,1424.0,0.0,0.0,39.0,24.0,0.0,,,,,,274.34,1.92,,,,,,,,,,,,,,,,,,,,,,,,,,,,,,,,,,,,,,,,,,,,,,,,,,,,,,,,,,,,,9.999e+20,230.0,2.8,250.0,5.2,,,0.0,,,3.0,0.0,16201.0,3.0,3.0,3.0,3.0,2594.0,230.0,230.0,230.0,0.0,272.6,,,,,,,,,,,,,,,,,,,,,,,,,,,,,2.8,0.4,1.2,1.6,2.0,2.0,2.4,2.4,2.4,2.8,1.2,2.8,2.8,3.2,3.2,3.2,3.6,4.0,4.4,4.4,5.2,7.2,2.80274,1.2263,0.0,0.0,0.0,0.0,26.0,0.0,5.0,0.0,3.2,3.6,0.0
2026032802,,,,,,,,,,,,,,,,,,,,,,,,,,,,,,,,,0.0,0.0,,,,,,,,,,,,,,,,,,,,,,,,,,,,,,,,,,,,,,,,,,,,,,,,,,,,,,,,,,,,,,,,,,,,,,,,,,,,,,,,,,,,,,,,,,,,,,,,,,,,,,,,,,,,,,,,,,,,,,,,,,,,,,,,,269.24,0.0,0.0,0.0,0.0,0.0,0.0,0.0,0.0,0.0,0.0,0.0,0.0,0.0,0.0,0.0,0.0,0.0,0.0,,,,,,,,,,,,,,,,,,,,,,,,,,,,,,,,,,,,,,,,,,,,,,,,,,,,,,,,,,,,,,,,,,,,,,,,,0.0,0.0,7620.0,7620.0,13716.0,2832.0,88888.0,2.0,6.0,2.0,2.0,2.0,24.0,24.0,21.0,27.0,29.0,29.0,30.0,0.0,0.0,0.0,0.0,0.0,28.2,0.0,266.02,2.36,,63.0,2.0,0.0,,,,,,,,,,,,,,,,,,,,,,,,,,,,,,,,,,,,,,,,,,,,,,,,,,,,,,,,,,,,,,,,,,,,,,,,,,,,,,,,,,5.4,1.2,2.8,3.2,3.6,3.68315,4.15013,4.58785,4.65305,5.11439,2.4,5.18896,5.28951,5.74243,5.83677,5.94003,6.84976,7.454,7.94791,8.21063,9.57787,12.1858,5.4172,2.33249,2.0,0.0,0.0,0.0,0.0,0.0,0.0,9.0,,,,,,,,,,,,,,,,,,,,,,,,,,,,,,,,,,,,,,,,,,,,,,,,,,,,,,,,,,,,,,,,,,,,,,,,,,,,,,,,,,,,,,,,,,,,,,,,,,,,,,,,,,,,,,,,,,,,,,,,,,,,,,,0.0,,,232.0,,0.0,0.0,0.0,0.0,88888.2,60.0,,,,,,,,,,,,,,,,,,,,,,,,,,,,,,,,,,,,,,,,,,,,,,,,,,,,,,,,,,,,,7.4,3.7,4.6,3.6,6.8,9.2,9.8,10.0,1168.0,1152.0,1208.0,1112.0,1264.0,1304.0,1336.0,1360.0,0.0,0.0,26.0,20.0,0.0,,,,,,272.6,2.34,,,,,,,,,,,,,,,,,,,,,,,,,,,,,,,,,,,,,,,,,,,,,,,,,,,,,,,,,,,,,9.999e+20,230.0,2.8,250.0,4.1,,,0.0,,,3.0,0.0,16256.0,2.0,2.0,2.0,2.0,768.0,230.0,230.0,230.0,0.0,271.4,,,,,,,,,,,,,,,,,,,,,,,,,,,,,2.8,0.4,1.2,1.6,1.6,2.0,2.0,2.4,2.4,2.8,1.2,2.8,2.8,2.8,3.2,3.2,3.6,4.0,4.4,4.4,5.2,6.8,2.80083,1.21151,0.0,0.0,0.0,0.0,25.0,0.0,4.0,0.0,3.2,3.6,0.0
2026032803,,,,,,,,,,,,,,,,,,,,,,,,,,,,,,,,,0.0,0.0,,,,,,,,,,,,,,,,,,,,,,,,,,,,,,,,,,,,,,,,,,,,,,,,,,,,,,,,,,,,,,,,,,,,,,,,,,,,,,,,,,,,,,,,,,,,,,,,,,,,,,,,,,,,,,,,,,,,,,,,,,,,,,,,,267.55,0.0,0.0,0.0,0.0,0.0,0.0,0.0,0.0,0.0,0.0,0.0,0.0,0.0,0.0,0.0,0.0,0.0,0.0,,,,,,,,,,,,,,,,,,,,,,,,,,,,,,,,,,,,,,,,,,,,,,,,,,,,,,,,,,,,,,,,,,,,,,,,,0.0,0.0,7620.0,7620.0,13715.0,5152.0,88886.0,3.0,8.0,3.0,3.0,4.0,23.0,24.0,20.0,26.0,29.0,30.0,30.0,0.0,0.0,0.0,0.0,0.0,28.0,0.0,265.23,2.13,0.0,28.0,2.0,0.0,,,,,,,,,,,,,,,,,,,,,,,,,,,,,,,,,,,,,,,,,,,,,,,,,,,,,9.999e+20,,,,,,,,,,,,,,,,,,,,,,,,,,,,,5.4,1.6,2.4,2.8,3.2,3.6,3.6,4.07406,4.19107,5.06719,2.0,5.13384,5.56993,5.61598,5.73195,6.19456,6.78218,7.26166,8.13153,8.64131,9.24987,11.7573,5.37296,2.40536,2.0,0.0,0.0,0.0,0.0,0.0,0.0,9.0,,9.999e+20,9.999e+20,9.999e+20,9.999e+20,9.999e+20,,,,,,,,,,,,,,,,,,,,,,,,,,,,,,,,,,,,,,,,,,,,,,,,,,,,,,,,,,,,,,,,,,,,,,,,,,,,,,,,,,,,,,,,,,,,,,,,,,,,,,,,,,,,,,,,,,,,,,,,,0.0,,,184.0,,0.0,0.0,0.0,0.0,88888.2,63.0,,,,,,,,,,,,,,,,,,,,,,,,,,,,,,,,,,,,,,,,,,,,,,,,,,,,,,,,,,,,,7.6,3.7,5.0,3.6,7.4,9.6,10.4,10.6,1056.0,1104.0,1152.0,1048.0,1208.0,1248.0,1312.0,1360.0,0.0,0.0,27.0,27.0,0.0,,,,,,271.3,2.15,,,,,,,,,,,,,,,,,,,,,,,,,,,,,,,,,,,,,,,,,,,,,,,,,,,,,,,,,,,,,9.999e+20,230.0,2.8,260.0,4.3,,,0.0,0.0,,3.0,0.0,16256.0,3.0,3.0,3.0,3.0,582.0,230.0,230.0,230.0,0.0,270.7,,,,,,,,,,,,,,,,,,,,,,,,,,,,,2.8,0.8,1.2,1.2,1.6,1.6,2.0,2.0,2.4,2.4,0.8,2.8,2.8,3.2,3.2,3.6,3.6,4.0,4.4,4.8,5.2,6.4,2.80226,1.21987,0.0,0.0,0.0,0.0,26.0,0.0,4.0,0.0,3.2,3.6,0.0
2026032804,,,,,,,,,,,,,,,,,,,,,,,,,,,,,,,,,0.0,0.0,,,,,,,,,,,,,,,,,,,,,,,,,,,,,,,,,,,,,,,,,,,,,,,,,,,,,,,,,,,,,,,,,,,,,,,,,,,,,,,,,,,,,,,,,,,,,,,,,,,,,,,,,,,,,,,,,,,,,,,,,,,,,,,,,266.64,0.0,0.0,0.0,0.0,0.0,0.0,0.0,0.0,0.0,0.0,0.0,0.0,0.0,0.0,0.0,0.0,0.0,0.0,,,,,,,,,,,,,,,,,,,,,,,,,,,,,,,,,,,,,,,,,,,,,,,,,,,,,,,,,,,,,,,,,,,,,,,,,0.0,0.0,7620.0,7620.0,13716.0,5264.0,88888.0,2.0,7.0,2.0,3.0,4.0,23.0,23.0,20.0,26.0,28.0,29.0,29.0,0.0,0.0,0.0,0.0,0.0,27.3,0.0,264.71,2.23,,21.0,2.0,0.0,,,,,,,,,,,,,,,,,,,,,,,,,,,,,,,,,,,,,,,,,,,,,,,,,,,,,,,,,,,,,,,,,,,,,,,,,,,,,,,,,,5.2,1.6,2.4,2.8,3.2,3.2,3.6,4.0,4.52001,4.97815,2.0,5.04717,5.51417,5.56933,6.03216,6.50599,6.58757,7.07424,7.99858,8.4739,9.37286,11.1481,5.19744,2.32884,0.0,0.0,0.0,0.0,0.0,0.0,0.0,8.0,,,,,,,,,,,,,,,,,,,,,,,,,,,,,,,,,,,,,,,,,,,,,,,,,,,,,,,,,,,,,,,,,,,,,,,,,,,,,,,,,,,,,,,,,,,,,,,,,,,,,,,,,,,,,,,,,,,,,,,,,,,,,,,0.0,,,184.0,,0.0,0.0,0.0,0.0,88888.2,65.0,,,,,,,,,,,,,,,,,,,,,,,,,,,,,,,,,,,,,,,,,,,,,,,,,,,,,,,,,,,,,8.1,4.1,5.6,4.0,7.9,9.7,10.6,11.0,984.0,1016.0,1072.0,984.0,1144.0,1216.0,1288.0,1336.0,0.0,0.0,30.0,28.0,0.0,,,,,,270.4,2.21,,,,,,,,,,,,,,,,,,,,,,,,,,,,,,,,,,,,,,,,,,,,,,,,,,,,,,,,,,,,,9.999e+20,230.0,2.8,250.0,4.3,,,0.0,,,3.0,0.0,16256.0,2.0,2.0,2.0,3.0,584.0,230.0,230.0,230.0,0.0,269.9,,,,,,,,,,,,,,,,,,,,,,,,,,,,,2.8,0.8,1.2,1.6,1.6,1.6,2.0,2.0,2.4,2.4,0.8,2.8,2.8,3.2,3.2,3.6,3.6,4.0,4.4,4.8,5.2,6.0,2.8,1.2,0.0,0.0,0.0,0.0,27.0,0.0,4.0,0.0,3.2,3.6,0.0
2026032805,,,,,,,,,,,,,,,,,,,,,,,,,,,,,,,,,0.0,0.0,,,,,,,,,,,,,,,,,,,,,,,,,,,,,,,,,,,,,,,,,,,,,,,,,,,,,,,,,,,,,,,,,,,,,,,,,,,,,,,,,,,,,,,,,,,,,,,,,,,,,,,,,,,,,,,,,,,,,,,,,,,,,,,,,265.3,0.0,0.0,0.0,0.0,0.0,0.0,0.0,0.0,0.0,0.0,0.0,0.0,0.0,0.0,0.0,0.0,0.0,0.0,,,,,,,,,,,,,,,,,,,,,,,,,,,,,,,,,,,,,,,,,,,,,,,,,,,,,,,,,,,,,,,,,,,,,,,,,0.0,0.0,7620.0,7620.0,13717.0,5440.0,88888.0,1.0,7.0,1.0,3.0,5.0,22.0,23.0,20.0,25.0,27.0,28.0,29.0,0.0,0.0,0.0,0.0,0.0,26.5,0.0,264.44,2.05,,17.0,2.0,0.0,,,,,,,,,,,,,,,,,,,,,,,,,,,,,,,,,,,,,,,,,,,,,,,,,,,,,,,,,,,,,,,,,,,,,,,,,,,,,,,,,,5.1,1.2,2.0,2.8,3.2,3.6,4.0,4.4,4.81902,4.85431,2.0,5.29086,5.30744,5.76927,5.81341,6.30593,6.38827,6.90124,7.43114,8.3735,9.35313,10.3784,5.46599,2.30027,0.0,0.0,0.0,0.0,0.0,0.0,0.0,9.0,,,,,,,,,,,,,,,,,,,,,,,,,,,,,,,,,,,,,,,,,,,,,,,,,,,,,,,,,,,,,,,,,,,,,,,,,,,,,,,,,,,,,,,,,,,,,,,,,,,,,,,,,,,,,,,,,,,,,,,,,,,,,,,0.0,,,176.0,,0.0,0.0,0.0,0.0,88888.2,68.0,,,,,,,,,,,,,,,,,,,,,,,,,,,,,,,,,,,,,,,,,,,,,,,,,,,,,,,,,,,,,8.6,4.5,6.3,4.2,8.5,9.9,11.0,11.3,920.0,912.0,960.0,880.0,1088.0,1192.0,1272.0,1312.0,0.0,0.0,42.0,34.0,0.0,,,,,,269.36,2.03,,,,,,,,,,,,,,,,,,,,,,,,,,,,,,,,,,,,,,,,,,,,,,,,,,,,,,,,,,,,,9.999e+20,230.0,2.8,250.0,4.3,,,0.0,,,3.0,0.0,16256.0,1.0,2.0,2.0,3.0,575.0,230.0,230.0,230.0,0.0,269.6,,,,,,,,,,,,,,,,,,,,,,,,,,,,,2.8,0.4,1.2,1.2,1.6,2.0,2.0,2.4,2.4,2.8,0.8,2.8,2.8,3.2,3.2,3.6,3.6,4.0,4.4,4.8,5.2,6.0,2.8,1.2,0.0,0.0,0.0,0.0,26.0,0.0,2.0,0.0,3.2,3.6,0.0
2026032806,0.003,0.0,0.0,0.0,0.0,0.0,0.0,0.0,0.0,0.0,0.0,0.0,0.0,0.0,0.0,0.0,0.0,0.0,0.0,0.0,0.0,0.0,1.0,0.0,0.0,0.0,0.0,0.0,0.0,0.0,0.0,0.0,0.0,0.0,0.009,0.0,0.0,0.0,0.0,0.0,0.0,0.0,0.0,0.0,0.0,0.0,0.0,0.0,0.0,0.0,0.0,0.0,0.0,0.0,0.0,0.0,1.0,0.0,0.0,0.0,0.0,0.0,0.0,0.0,0.0,0.0,,,,,,,,,,,,,,,,,,,,,,,,,,,,,,,,,0.0,0.0,0.0,0.0,0.0,0.0,0.0,0.0,0.0,0.0,0.0,0.0,0.0,0.0,0.0,0.0,0.0,0.0,0.0,0.0,0.0,0.0,0.0,0.0,0.0,0.0,0.0,0.0,0.0,0.0,0.0,0.0,,,,,,,,,,,,,,,,,,,,,,,,,,,,,,,,,264.1,0.0,0.0,0.0,0.0,0.0,0.0,0.0,0.0,0.0,0.0,0.0,0.0,0.0,0.0,0.0,0.0,0.0,0.0,0.0,0.0,0.0,0.0,0.0,0.0,0.0,0.0,0.0,0.0,0.0,0.0,0.0,0.0,0.0,0.0,0.0,0.0,,,,,,,,,,,,,,,,,,,0.0,0.0,0.0,0.0,0.0,0.0,0.0,0.0,0.0,0.0,0.0,0.0,0.0,0.0,0.0,0.0,0.0,0.0,,,,,,,,,,,,,,,,,,,0.0,0.0,7620.0,7620.0,13716.0,4968.0,88888.0,1.0,9.0,1.0,4.0,7.0,21.0,22.0,20.0,24.0,26.0,27.0,27.0,0.0,0.0,0.0,0.0,0.0,25.5,0.0,264.16,1.73,0.0,14.0,2.0,0.0,0.0,0.0,0.0,0.0,0.0,0.0,0.0,0.0,0.0,0.0,0.0,0.0,0.0,,,,,,,,,,,,,0.0,0.0,0.0,0.0,0.0,0.0,0.0,0.0,0.0,0.0,0.0,0.0,0.0,,,,,,,,,,,,,,11.0,9.999e+20,9.92725,6.2437,7.71807,7.82468,8.29472,8.37738,8.82618,9.29826,9.35145,9.79522,6.969,9.85237,10.3145,10.3649,10.4829,10.9715,11.0637,11.5304,11.6079,12.5192,13.5387,16.3436,21.0,0.0,0.0,0.0,0.0,0.0,5.4,1.2,2.4,2.8,3.2,4.0,4.4,4.8,5.2,5.2,1.6,5.62479,5.68375,6.11891,6.1492,6.18058,6.62957,6.72963,7.68344,8.189,9.66599,10.079,5.39281,2.31792,0.0,0.0,0.0,0.0,0.0,0.0,0.0,8.0,4.0,9.999e+20,9.999e+20,9.999e+20,9.999e+20,9.999e+20,,,,,,,,,,,,,,,,,,,,,,,,,,,,,,,,,,,,,,,,,,,,,,,,,,,,,,,,,,,,,,,,,,,,,,,,,,,,,,,,,,,,,,,,,,,,,,,,,,,,,,,,,,,,,,,,,,,,,,,,,0.0,,46.0,176.0,,0.0,0.0,0.0,0.0,88888.2,71.0,,,,,,,,,,,,,,,,,,,,,,,,,,,,,,,,,,,,,,,,,,,,,,,,,,,,,,,,,,,,,9.2,4.9,6.9,4.5,8.4,10.4,11.5,11.6,840.0,792.0,856.0,752.0,1064.0,1168.0,1248.0,1288.0,0.0,0.0,34.0,27.0,0.0,,,,,1.78746,268.58,1.72,277.122,274.206,274.939,274.907,274.837,275.447,276.4,276.903,277.37,277.461,274.395,277.928,277.971,278.076,278.169,278.278,278.409,278.611,278.858,279.115,279.409,279.889,0.0,0.0,0.0,0.0,0.0,0.0,0.0,0.0,,,,,,,,,,,,,,,,,,,,,,,,,,,,,,,9.999e+20,230.0,3.2,260.0,4.8,0.0,0.0,0.0,0.0,0.0,3.0,0.0,16256.0,1.0,1.0,2.0,4.0,588.0,230.0,230.0,230.0,0.0,269.2,5.78318,3.6,4.4,4.8,4.8,4.8,4.85239,5.29445,5.32009,5.33866,4.4,5.35424,5.79368,5.81592,5.84665,5.86544,6.30832,6.34073,6.40388,6.87294,7.36811,8.43878,0.0,0.0,0.0,0.0,42.0,1.0,3.2,0.4,1.2,1.6,2.0,2.4,2.4,2.8,2.8,2.8,0.8,3.2,3.2,3.2,3.6,3.6,3.6,4.0,4.4,4.8,5.2,6.0,3.2,1.2,0.0,0.0,0.0,0.0,30.0,0.0,2.0,0.0,3.6,4.0,0.0
2026032807,,,,,,,,,,,,,,,,,,,,,,,,,,,,,,,,,0.0,0.0,,,,,,,,,,,,,,,,,,,,,,,,,,,,,,,,,,,,,,,,,,,,,,,,,,,,,,,,,,,,,,,,,,,,,,,,,,,,,,,,,,,,,,,,,,,,,,,,,,,,,,,,,,,,,,,,,,,,,,,,,,,,,,,,,263.71,0.0,0.0,0.0,0.0,0.0,0.0,0.0,0.0,0.0,0.0,0.0,0.0,0.0,0.0,0.0,0.0,0.0,0.0,,,,,,,,,,,,,,,,,,,,,,,,,,,,,,,,,,,,,,,,,,,,,,,,,,,,,,,,,,,,,,,,,,,,,,,,,0.0,0.0,7620.0,7620.0,13715.0,4880.0,88888.0,0.0,8.0,1.0,3.0,6.0,20.0,22.0,19.0,24.0,26.0,26.0,27.0,0.0,0.0,0.0,0.0,0.0,25.0,0.0,264.25,1.77,,0.0,2.0,0.0,,,,,,,,,,,,,,,,,,,,,,,,,,,,,,,,,,,,,,,,,,,,,,,,,,,,,,,,,,,,,,,,,,,,,,,,,,,,,,,,,,5.4,1.2,2.4,2.8,3.2,4.0,4.4,4.8,5.2,5.2,1.6,5.62861,5.65312,6.08074,6.10998,6.13294,6.60077,6.66476,7.1845,8.07888,9.49084,9.9776,5.35402,2.25829,0.0,0.0,0.0,0.0,0.0,0.0,0.0,7.0,,,,,,,,,,,,,,,,,,,,,,,,,,,,,,,,,,,,,,,,,,,,,,,,,,,,,,,,,,,,,,,,,,,,,,,,,,,,,,,,,,,,,,,,,,,,,,,,,,,,,,,,,,,,,,,,,,,,,,,,,,,,,,,0.0,,,184.0,,0.0,0.0,0.0,0.0,88888.2,73.0,,,,,,,,,,,,,,,,,,,,,,,,,,,,,,,,,,,,,,,,,,,,,,,,,,,,,,,,,,,,,9.9,8.0,9.2,7.6,10.4,11.5,11.8,12.2,768.0,704.0,728.0,672.0,776.0,872.0,920.0,1016.0,0.0,0.0,32.0,24.0,0.0,,,,,,268.4,1.79,,,,,,,,,,,,,,,,,,,,,,,,,,,,,,,,,,,,,,,,,,,,,,,,,,,,,,,,,,,,,9.999e+20,240.0,3.2,260.0,5.0,,,0.0,,,3.0,0.0,16256.0,1.0,1.0,2.0,4.0,665.0,240.0,240.0,240.0,0.0,269.2,,,,,,,,,,,,,,,,,,,,,,,,,,,,,3.2,0.4,1.2,1.6,2.0,2.4,2.4,2.8,2.8,3.2,0.8,3.2,3.2,3.2,3.6,3.6,4.0,4.4,4.4,4.8,5.2,5.6,3.2,1.2,0.0,0.0,0.0,0.0,31.0,0.0,2.0,0.0,3.6,4.0,0.0
2026032808,,,,,,,,,,,,,,,,,,,,,,,,,,,,,,,,,0.0,,,,,,,,,,,,,,,,,,,,,,,,,,,,,,,,,,,,,,,,,,,,,,,,,,,,,,,,,,,,,,,,,,,,,,,,,,,,,,,,,,,,,,,,,,,,,,,,,,,,,,,,,,,,,,,,,,,,,,,,,,,,,,,,,,,,,,,,,,,,,,,,,,,,,,,,,,,,,,,,,,,,,,,,,,,,,,,,,,,,,,,,,,,,,,,,,,,,,,,,,,,,,,,,,,,,,,,,,,,,,,,,,,,,,,,,,,,,,,,,,,,,,,,,,,,,,,,,,,,,,,,,,,,,,,,,,,,,,,,,,,,,,,,,,,,,,,,,,,,,,,,,,,,,,,,,,,,,,,,,,,,,,,,,,,,,,,,1.2,2.8,3.2,3.6,4.0,4.8,5.2,5.2,5.6,1.6,5.60308,5.61677,6.04682,6.08016,6.5062,6.55552,7.02035,7.48898,7.9909,8.97135,9.88082,5.33454,1.83478,0.0,0.0,0.0,0.0,0.0,0.0,0.0,6.0,,,,,,,,,,,,,,,,,,,,,,,,,,,,,,,,,,,,,,,,,,,,,,,,,,,,,,,,,,,,,,,,,,,,,,,,,,,,,,,,,,,,,,,,,,,,,,,,,,,,,,,,,,,,,,,,,,,,,,,,,,,,,,,,,,,,,,,,,,,,,,,,,,,,,,,,,,,,,,,,,,,,,,,,,,,,,,,,,,,,,,,,,,,,,,,,,,,,,,,,,,,,,,,,,,,,,,,,,,,,,,,,,,,,,,,,,,,,,,,,,,,,,,,,,,,,,,,,,,,,,,,,,,,,,,,,,,,,,,,,,,,,,,,,,,,,,,,,,,,,,,,,,,,,,,,,,,,,,,,,,,,,,,,,,,,,,,,,,,0.4,1.2,1.6,2.0,2.4,2.8,2.8,3.2,3.2,0.8,3.2,3.6,3.6,3.6,3.6,4.0,4.0,4.4,4.4,4.8,5.2,3.2,1.2,0.0,0.0,0.0,0.0,37.0,0.0,1.0,0.0,,,
2026032809,,,,,,,,,,,,,,,,,,,,,,,,,,,,,,,,,0.0,,,,,,,,,,,,,,,,,,,,,,,,,,,,,,,,,,,,,,,,,,,,,,,,,,,,,,,,,,,,,,,,,,,,,,,,,,,,,,,,,,,,,,,,,,,,,,,,,,,,,,,,,,,,,,,,,,,,,,,,,,,,,,,,,,263.0,,,,,,,,,,,,,,,,,,,,,,,,,,,,,,,,,,,,,,,,,,,,,,,,,,,,,,,,,,,,,,,,,,,,,,,,,,,,,,,,,,,,,,,,,,,0.0,0.0,,,,2312.0,88888.0,,,,,,19.0,21.0,19.0,23.0,25.0,26.0,26.0,0.0,0.0,0.0,0.0,0.0,24.7,,262.95,1.63,0.0,0.0,1.0,,,,,,,,,,,,,,,,,,,,,,,,,,,,,,,,,,,,,,,,,,,,,,,,,,,,,,9.999e+20,,,,,,,,,,,,,,,,,,,,,,,,,,,,,5.7,1.2,2.8,3.2,4.0,4.4,4.8,5.2,5.6,5.6,2.0,5.6,6.03113,6.0453,6.06786,6.50268,6.5381,7.01003,7.48088,7.95804,8.68477,9.81985,5.33101,1.85059,0.0,0.0,0.0,0.0,0.0,0.0,0.0,5.0,,9.999e+20,9.999e+20,9.999e+20,9.999e+20,9.999e+20,,,,,,,,,,,,,,,,,,,,,,,,,,,,,,,,,,,,,,,,,,,,,,,,,,,,,,,,,,,,,,,,,,,,,,,,,,,,,,,,,,,,,,,,,,,,,,,,,,,,,,,,,,,,,,,,,,,,,,,,,,,,176.0,,0.0,0.0,0.0,0.0,,68.0,,,,,,,,,,,,,,,,,,,,,,,,,,,,,,,,,,,,,,,,,,,,,,,,,,,,,,,,,,,,,11.0,6.9,8.4,6.0,9.9,11.6,12.2,12.4,704.0,560.0,632.0,528.0,984.0,1080.0,1144.0,1200.0,,,32.0,27.0,,,,,,,267.67,1.66,,,,,,,,,,,,,,,,,,,,,,,,,,,,,,,,,,,,,,,,,,,,,,,,,,,,,,,,,,,,,9.999e+20,260.0,3.2,270.0,5.1,,,,0.0,,3.0,,16256.0,,,,,671.0,260.0,260.0,260.0,,268.5,,,,,,,,,,,,,,,,,,,,,,,,,,,,,3.2,0.4,1.6,2.0,2.0,2.4,2.8,3.2,3.2,3.2,0.8,3.2,3.6,3.6,3.6,4.0,4.0,4.0,4.4,4.4,4.8,5.2,3.2,1.2,0.0,0.0,0.0,0.0,37.0,0.0,1.0,0.0,3.6,4.0,
2026032810,,,,,,,,,,,,,,,,,,,,,,,,,,,,,,,,,0.0,,,,,,,,,,,,,,,,,,,,,,,,,,,,,,,,,,,,,,,,,,,,,,,,,,,,,,,,,,,,,,,,,,,,,,,,,,,,,,,,,,,,,,,,,,,,,,,,,,,,,,,,,,,,,,,,,,,,,,,,,,,,,,,,,,,,,,,,,,,,,,,,,,,,,,,,,,,,,,,,,,,,,,,,,,,,,,,,,,,,,,,,,,,,,,,,,,,,,,,,,,,,,,,,,,,,,,,,,,,,,,,,,,,,0.0,,2.0,,9.0,,,,,,,,,,,,,,,,,,,,,,,,,,,,,,,,,,,,,,,,,,,,,,,,,,,,,,,,,,,,,,,,,,,,,,,,,,,,,,,,,,,,,,,,,,,,,,,,,,,,,,,1.2,2.8,3.2,4.0,4.4,4.8,5.2,5.6,5.6,2.0,5.6,6.0,6.0,6.00973,6.45698,6.51913,6.9465,7.02403,7.57117,8.57326,9.43322,5.31125,1.82522,0.0,0.0,0.0,0.0,0.0,0.0,0.0,5.0,,,,,,,,,,,,,,,,,,,,,,,,,,,,,,,,,,,,,,,,,,,,,,,,,,,,,,,,,,,,,,,,,,,,,,,,,,,,,,,,,,,,,,,,,,,,,,,,,,,,,,,,,,,,,,,,,,,,,,,,,,,,,,,,,,,,,,,,,,,,,,,,,,,,,,,,,,,,,,,,,,,,,,,,,,,,,,,,,,,,,,,,,,,,,,,,,,,,,,,,,,,,,,,,,,,,,,,,,,,,,,,,,,,,,,,,,,,,,,,,,,,,,,,,,,,,,,,,,,,,,,,,,,,,,,,,,,,,,,,,,,,,,,,,,,,,,,,,,,,2.0,,3.0,5.0,,,,,,,,,,,,,,,,,,,,,,,,,,,,,,,,,,,,0.4,1.6,2.0,2.0,2.4,2.8,2.8,3.2,3.2,0.8,3.2,3.6,3.6,3.6,4.0,4.0,4.0,4.4,4.4,4.8,5.2,3.2,1.2,0.0,0.0,0.0,0.0,38.0,0.0,1.0,0.0,,,
2026032811,,,,,,,,,,,,,,,,,,,,,,,,,,,,,,,,,0.0,,,,,,,,,,,,,,,,,,,,,,,,,,,,,,,,,,,,,,,,,,,,,,,,,,,,,,,,,,,,,,,,,,,,,,,,,,,,,,,,,,,,,,,,,,,,,,,,,,,,,,,,,,,,,,,,,,,,,,,,,,,,,,,,,,,,,,,,,,,,,,,,,,,,,,,,,,,,,,,,,,,,,,,,,,,,,,,,,,,,,,,,,,,,,,,,,,,,,,,,,,,,,,,,,,,,,,,,,,,,,,,,,,,,,,,,,,,,,,,,,,,,,,,,,,,,,,,,,,,,,,,,,,,,,,,,,,,,,,,,,,,,,,,,,,,,,,,,,,,,,,,,,,,,,,,,,,,,,,,,,,,,,,,,,,,,,,,1.2,2.8,3.2,4.0,4.4,4.8,5.2,5.6,5.6,2.0,6.0,6.0,6.0,6.0,6.40926,6.44731,6.93121,7.00815,7.87532,8.53603,9.62846,5.69788,1.80601,0.0,0.0,0.0,0.0,0.0,0.0,0.0,4.0,,,,,,,,,,,,,,,,,,,,,,,,,,,,,,,,,,,,,,,,,,,,,,,,,,,,,,,,,,,,,,,,,,,,,,,,,,,,,,,,,,,,,,,,,,,,,,,,,,,,,,,,,,,,,,,,,,,,,,,,,,,,,,,,,,,,,,,,,,,,,,,,,,,,,,,,,,,,,,,,,,,,,,,,,,,,,,,,,,,,,,,,,,,,,,,,,,,,,,,,,,,,,,,,,,,,,,,,,,,,,,,,,,,,,,,,,,,,,,,,,,,,,,,,,,,,,,,,,,,,,,,,,,,,,,,,,,,,,,,,,,,,,,,,,,,,,,,,,,,,,,,,,,,,,,,,,,,,,,,,,,,,,,,,,,,,,,,,,,0.4,1.6,1.6,2.0,2.4,2.8,2.8,3.2,3.2,0.8,3.2,3.6,3.6,3.6,3.6,4.0,4.0,4.4,4.4,4.8,5.2,3.2,1.2,0.0,0.0,0.0,0.0,37.0,0.0,1.0,0.0,,,
2026032812,0.001,0.0,0.0,0.0,0.0,0.0,0.0,0.0,0.0,0.0,0.0,0.0,0.0,0.0,0.0,0.0,0.0,0.0,0.0,0.0,0.0,0.0,0.0,0.0,0.0,0.0,0.0,0.0,0.0,0.0,0.0,0.0,0.0,,,,,,,,,,,,,,,,,,,,,,,,,,,,,,,,,,,,,,,,,,,,,,,,,,,,,,,,,,,,,,,,,,0.0,0.0,0.0,0.0,0.0,0.0,0.0,0.0,0.0,0.0,0.0,0.0,0.0,0.0,0.0,0.0,0.0,0.0,0.0,0.0,0.0,0.0,0.0,0.0,0.0,0.0,0.0,0.0,0.0,0.0,0.0,0.0,,,,,,,,,,,,,,,,,,,,,,,,,,,,,,,,,262.44,,,,,,,,,,,,,,,,,,,0.0,0.0,0.0,0.0,0.0,0.0,0.0,0.0,0.0,0.0,0.0,0.0,0.0,0.0,0.0,0.0,0.0,0.0,,,,,,,,,,,,,,,,,,,0.0,0.0,0.0,0.0,0.0,0.0,0.0,0.0,0.0,0.0,0.0,0.0,0.0,0.0,0.0,0.0,0.0,0.0,,,,,,,,,,,,,,,,,,,0.0,0.0,,,,2440.0,88888.0,,,,,,17.0,19.0,17.0,21.0,22.0,23.0,25.0,0.0,0.0,0.0,0.0,0.0,22.0,,262.77,1.22,0.0,0.0,1.0,,0.0,0.0,0.0,0.0,0.0,0.0,0.0,0.0,0.0,0.0,0.0,0.0,0.0,,,,,,,,,,,,,0.0,0.0,0.0,0.0,0.0,0.0,0.0,0.0,0.0,0.0,0.0,0.0,0.0,,,,,,,,,,,,,,10.0,9.999e+20,,,,,,,,,,,,,,,,,,,,,,,,,,,,,5.7,1.2,2.8,3.6,4.4,4.8,5.2,5.2,5.6,5.6,1.6,6.0,6.0,6.0,6.4,6.4,6.41127,6.91763,7.00676,7.91146,8.48026,9.68127,5.69765,1.79337,0.0,0.0,0.0,0.0,0.0,0.0,0.0,4.0,4.0,9.999e+20,9.999e+20,9.999e+20,9.999e+20,9.999e+20,,,,,,,,,,,,,,,,,,,,,,,,,,,,,,,,,,,,,,,,,,,,,,,,,,,,,,,,,,,,,,,,,,,,,,,,,,,,,,,,,,,,,,,,,,,,,,,,,,,,,,,,,,,,,,,,,,,,,,,,,,,,184.0,0.0,0.0,0.0,0.0,0.0,,70.0,,,,,,,,,,,,,,,,,,,,,,,,,,,,,,,,,,,,,,,,,,,,,,,,,,,,,,,,,,,,,12.1,8.2,10.2,7.2,11.6,12.4,12.8,13.1,752.0,424.0,512.0,392.0,872.0,1008.0,1048.0,1096.0,,,31.0,26.0,,,,266.53,1.11,,267.49,1.24,,,,,,,,,,,,,,,,,,,,,,,,,,,,,,,,,,,,,,,,,,,,,,,,,,,,,,,,,,,,,9.999e+20,270.0,3.2,280.0,5.1,0.0,0.0,,0.0,0.0,3.0,,16256.0,,,,,656.0,270.0,270.0,270.0,,268.7,,,,,,,,,,,,,,,,,,,,,,,,,,,,,3.2,0.4,1.6,2.0,2.0,2.4,2.8,2.8,3.2,3.2,0.8,3.2,3.2,3.6,3.6,3.6,4.0,4.0,4.4,4.4,4.8,5.2,3.2,1.2,0.0,0.0,0.0,0.0,36.0,0.0,0.0,0.0,3.6,4.0,
2026032813,,,,,,,,,,,,,,,,,,,,,,,,,,,,,,,,,0.0,,,,,,,,,,,,,,,,,,,,,,,,,,,,,,,,,,,,,,,,,,,,,,,,,,,,,,,,,,,,,,,,,,,,,,,,,,,,,,,,,,,,,,,,,,,,,,,,,,,,,,,,,,,,,,,,,,,,,,,,,,,,,,,,,,,,,,,,,,,,,,,,,,,,,,,,,,,,,,,,,,,,,,,,,,,,,,,,,,,,,,,,,,,,,,,,,,,,,,,,,,,,,,,,,,,,,,,,,,,,,,,,,,,,2.0,,4.0,,13.0,,,,,,,,,,,,,,,,,,,,,,,,,,,,,,,,,,,,,,,,,,,,,,,,,,,,,,,,,,,,,,,,,,,,,,,,,,,,,,,,,,,,,,,,,,,,,,,,,,,,,,,,,,,,,,,,,,,,,,,,,,,,,,,,,,,,,,,,,,,,,,,,,,,,,,,,,,,,,,,,,,,,,,,,,,,,,,,,,,,,,,,,,,,,,,,,,,,,,,,,,,,,,,,,,,,,,,,,,,,,,,,,,,,,,,,,,,,,,,,,,,,,,,,,,,,,,,,,,,,,,,,,,,,,,,,,,,,,,,,,,,,,,,,,,,,,,,,,,,,,,,,,,,,,,,,,,,,,,,,,,,,,,,,,,,,,,,,,,,,,,,,,,,,,,,,,,,,,,,,,,,,,,,,,,,,,,,,,,,,,,,,,,,,,,,,,,,,,,,,,,,,,,,,,,,,,,,,,,,,,,,,,,,,,,,,,7.0,,8.0,11.0,,,,,,,,,,,,,,,,,,,,,,,,,,,,,,,,,,,,,,,,,,,,,,,,,,,,,,,,,,,,,,,,,,,,,
2026032814,,,,,,,,,,,,,,,,,,,,,,,,,,,,,,,,,0.0,,,,,,,,,,,,,,,,,,,,,,,,,,,,,,,,,,,,,,,,,,,,,,,,,,,,,,,,,,,,,,,,,,,,,,,,,,,,,,,,,,,,,,,,,,,,,,,,,,,,,,,,,,,,,,,,,,,,,,,,,,,,,,,,,,,,,,,,,,,,,,,,,,,,,,,,,,,,,,,,,,,,,,,,,,,,,,,,,,,,,,,,,,,,,,,,,,,,,,,,,,,,,,,,,,,,,,,,,,,,,,,,,,,,,,,,,,,,,,,,,,,,,,,,,,,,,,,,,,,,,,,,,,,,,,,,,,,,,,,,,,,,,,,,,,,,,,,,,,,,,,,,,,,,,,,,,,,,,,,,,,,,,,,,,,,,,,,,,,,,,,,,,,,,,,,,,,,,,,,,,,,,,,,,,,,,,,,,,,,,,,,,,,,,,,,,,,,,,,,,,,,,,,,,,,,,,,,,,,,,,,,,,,,,,,,,,,,,,,,,,,,,,,,,,,,,,,,,,,,,,,,,,,,,,,,,,,,,,,,,,,,,,,,,,,,,,,,,,,,,,,,,,,,,,,,,,,,,,,,,,,,,,,,,,,,,,,,,,,,,,,,,,,,,,,,,,,,,,,,,,,,,,,,,,,,,,,,,,,,,,,,,,,,,,,,,,,,,,,,,,,,,,,,,,,,,,,,,,,,,,,,,,,,,,,,,,,,,,,,,,,,,,,,,,,,,,,,,,,,,,,,,,,,,,,,,,,,,,,,,,,,,,,,,,,,,,,,,,,,,,,,,,,,,,,,,,,,,,,,,,,,,,,,,,,,,,,,,
2026032815,,,,,,,,,,,,,,,,,,,,,,,,,,,,,,,,,0.001,,,,,,,,,,,,,,,,,,,,,,,,,,,,,,,,,,,,,,,,,,,,,,,,,,,,,,,,,,,,,,,,,,,,,,,,,,,,,,,,,,,,,,,,,,,,,,,,,,,,,,,,,,,,,,,,,,,,,,,,,,,,,,,,,,264.02,,,,,,,,,,,,,,,,,,,,,,,,,,,,,,,,,,,,,,,,,,,,,,,,,,,,,,,,,,,,,,,,,,,,,,,,,,,,,,,,,,,,,,,,,,,0.0,0.0,,,,1448.0,88888.0,,,,,,16.0,18.0,16.0,19.0,20.0,21.0,23.0,0.0,0.0,0.0,0.0,0.0,19.7,,264.29,0.99,0.0,89.0,1.0,,,,,,,,,,,,,,,,,,,,,,,,,,,,,,,,,,,,,,,,,,,,,,,,,,,,,,9.999e+20,,,,,,,,,,,,,,,,,,,,,,,,,,,,,5.8,1.2,2.8,3.6,4.4,4.8,5.2,5.2,5.6,5.6,1.6,6.0,6.0,6.08049,6.17115,6.21739,6.67431,7.12485,7.2141,7.69701,9.0735,9.43246,5.7896,1.83507,0.0,0.0,0.0,0.0,0.0,0.0,0.0,5.0,,9.999e+20,9.999e+20,9.999e+20,9.999e+20,9.999e+20,,,,,,,,,,,,,,,,,,,,,,,,,,,,,,,,,,,,,,,,,,,,,,,,,,,,,,,,,,,,,,,,,,,,,,,,,,,,,,,,,,,,,,,,,,,,,,,,,,,,,,,,,,,,,,,,,,,,,,,,,,,,176.0,,0.0,0.0,0.0,0.0,,71.0,,,,,,,,,,,,,,,,,,,,,,,,,,,,,,,,,,,,,,,,,,,,,,,,,,,,,,,,,,,,,12.3,8.3,10.4,7.5,12.0,12.9,13.2,13.6,768.0,520.0,568.0,472.0,824.0,976.0,1016.0,1040.0,,,28.0,21.0,,,,,,,268.46,0.96,,,,,,,,,,,,,,,,,,,,,,,,,,,,,,,,,,,,,,,,,,,,,,,,,,,,,,,,,,,,,9.999e+20,280.0,3.2,270.0,4.6,,,,0.0,,3.0,,16256.0,,,,,574.0,280.0,280.0,280.0,,267.6,,,,,,,,,,,,,,,,,,,,,,,,,,,,,3.2,0.4,1.6,2.0,2.4,2.8,2.8,2.8,3.2,3.2,0.8,3.2,3.2,3.6,3.6,3.6,4.0,4.0,4.4,4.4,4.8,5.2,3.2,1.2,0.0,0.0,0.0,0.0,34.0,0.0,0.0,0.0,3.6,4.0,
2026032816,,,,,,,,,,,,,,,,,,,,,,,,,,,,,,,,,0.001,,,,,,,,,,,,,,,,,,,,,,,,,,,,,,,,,,,,,,,,,,,,,,,,,,,,,,,,,,,,,,,,,,,,,,,,,,,,,,,,,,,,,,,,,,,,,,,,,,,,,,,,,,,,,,,,,,,,,,,,,,,,,,,,,,,,,,,,,,,,,,,,,,,,,,,,,,,,,,,,,,,,,,,,,,,,,,,,,,,,,,,,,,,,,,,,,,,,,,,,,,,,,,,,,,,,,,,,,,,,,,,,,,,,1.0,,5.0,,19.0,,,,,,,,,,,,,,,,,,,,,,,,,,,,,,,,,,,,,,,,,,,,,,,,,,,,,,,,,,,,,,,,,,,,,,,,,,,,,,,,,,,,,,,,,,,,,,,,,,,,,,,,,,,,,,,,,,,,,,,,,,,,,,,,,,,,,,,,,,,,,,,,,,,,,,,,,,,,,,,,,,,,,,,,,,,,,,,,,,,,,,,,,,,,,,,,,,,,,,,,,,,,,,,,,,,,,,,,,,,,,,,,,,,,,,,,,,,,,,,,,,,,,,,,,,,,,,,,,,,,,,,,,,,,,,,,,,,,,,,,,,,,,,,,,,,,,,,,,,,,,,,,,,,,,,,,,,,,,,,,,,,,,,,,,,,,,,,,,,,,,,,,,,,,,,,,,,,,,,,,,,,,,,,,,,,,,,,,,,,,,,,,,,,,,,,,,,,,,,,,,,,,,,,,,,,,,,,,,,,,,,,,,,,,,,,,10.0,,11.0,14.0,,,,,,,,,,,,,,,,,,,,,,,,,,,,,,,,,,,,,,,,,,,,,,,,,,,,,,,,,,,,,,,,,,,,,
2026032817,,,,,,,,,,,,,,,,,,,,,,,,,,,,,,,,,0.001,,,,,,,,,,,,,,,,,,,,,,,,,,,,,,,,,,,,,,,,,,,,,,,,,,,,,,,,,,,,,,,,,,,,,,,,,,,,,,,,,,,,,,,,,,,,,,,,,,,,,,,,,,,,,,,,,,,,,,,,,,,,,,,,,,,,,,,,,,,,,,,,,,,,,,,,,,,,,,,,,,,,,,,,,,,,,,,,,,,,,,,,,,,,,,,,,,,,,,,,,,,,,,,,,,,,,,,,,,,,,,,,,,,,,,,,,,,,,,,,,,,,,,,,,,,,,,,,,,,,,,,,,,,,,,,,,,,,,,,,,,,,,,,,,,,,,,,,,,,,,,,,,,,,,,,,,,,,,,,,,,,,,,,,,,,,,,,,,,,,,,,,,,,,,,,,,,,,,,,,,,,,,,,,,,,,,,,,,,,,,,,,,,,,,,,,,,,,,,,,,,,,,,,,,,,,,,,,,,,,,,,,,,,,,,,,,,,,,,,,,,,,,,,,,,,,,,,,,,,,,,,,,,,,,,,,,,,,,,,,,,,,,,,,,,,,,,,,,,,,,,,,,,,,,,,,,,,,,,,,,,,,,,,,,,,,,,,,,,,,,,,,,,,,,,,,,,,,,,,,,,,,,,,,,,,,,,,,,,,,,,,,,,,,,,,,,,,,,,,,,,,,,,,,,,,,,,,,,,,,,,,,,,,,,,,,,,,,,,,,,,,,,,,,,,,,,,,,,,,,,,,,,,,,,,,,,,,,,,,,,,,,,,,,,,,,,,,,,,,,,,,,,,,,,,,,,,,,,,,,,,,,,,,,,,,,,,,,
2026032818,0.006,0.0,0.0,0.0,0.0,0.0,0.0,0.0,0.0,0.0,0.0,0.0,0.0,0.0,0.0,0.0,0.0,0.0,0.0,0.0,0.0,0.021,1.0,0.0,0.0,0.0,0.0,0.0,0.0,0.0,0.0,0.0,0.001,,0.007,0.0,0.0,0.0,0.0,0.0,0.0,0.0,0.0,0.0,0.0,0.0,0.0,0.0,0.0,0.0,0.0,0.0,0.0,0.0,0.0,0.039,1.0,0.0,0.0,0.0,0.0,0.0,0.0,0.0,0.0,0.0,,,,,,,,,,,,,,,,,,,,,,,,,,,,,,,,,0.0,0.0,0.0,0.0,0.0,0.0,0.0,0.0,0.0,0.0,0.0,0.0,0.0,0.0,0.0,0.0,0.0,0.0,0.0,0.0,0.0,0.081,1.0,0.0,0.0,0.0,0.0,0.0,0.0,0.0,0.0,0.0,,,,,,,,,,,,,,,,,,,,,,,,,,,,,,,,,269.69,,,,,,,,,,,,,,,,,,,0.0,0.0,0.0,0.0,0.0,0.0,0.0,0.0,0.0,0.0,0.0,0.0,0.0,0.0,0.0,0.0,0.0,0.0,,,,,,,,,,,,,,,,,,,0.0,0.0,0.0,0.0,0.0,0.0,0.0,0.0,0.0,0.0,0.0,0.0,0.0,0.0,0.0,0.0,0.0,0.0,,,,,,,,,,,,,,,,,,,0.0,0.0,,,,1358.0,88886.0,,,,,,17.0,17.0,16.0,19.0,21.0,22.0,23.0,0.0,0.0,0.0,0.0,0.0,19.8,,266.63,1.54,0.0,482.0,1.0,,0.0,0.0,0.0,0.0,0.0,0.0,0.0,0.0,0.0,0.0,0.0,0.0,0.0,,,,,,,,,,,,,0.0,0.0,0.0,0.0,0.0,0.0,0.0,0.0,0.0,0.0,0.0,0.0,0.0,,,,,,,,,,,,,,13.0,9.999e+20,,,,,,,,,,,,,,,,,,,,,,,,,,,,,7.0,1.2,4.0,5.2,5.6,6.0,6.0,6.4,6.8,6.82465,2.4,6.99896,7.21377,7.36294,7.54434,7.68697,8.19297,8.32336,8.87472,9.4418,10.0709,10.7168,6.63273,2.07773,0.0,0.0,0.0,0.0,0.0,0.0,0.0,16.0,2.0,9.999e+20,9.999e+20,9.999e+20,9.999e+20,9.999e+20,,,,,,,,,,,,,,,,,,,,,,,,,,,,,,,,,,,,,,,,,,,,,,,,,,,,,,,,,,,,,,,,,,,,,,,,,,,,,,,,,,,,,,,,,,,,,,,,,,,,,,,,,,,,,,,,,,,,,,,,,,71.0,,728.0,,0.0,0.0,0.0,0.0,,58.0,,,,,,,,,,,,,,,,,,,,,,,,,,,,,,,,,,,,,,,,,,,,,,,,,,,,,,,,,,,,,12.1,8.0,9.6,7.2,10.9,12.1,13.1,13.7,1048.0,752.0,960.0,672.0,1032.0,1208.0,1280.0,1312.0,,,26.0,23.0,,,,,,1.43946,273.8,1.56,,,,,,,,,,,,,,,,,,,,,,,,,,,,,,,266.729,264.712,265.253,265.298,265.697,266.012,266.333,266.164,266.492,266.628,264.904,266.805,266.925,267.088,267.184,267.465,267.478,267.812,268.216,268.591,268.952,269.647,0.0,0.0,0.0,0.0,0.0,99.0,100.0,0.0,9.999e+20,270.0,3.6,270.0,6.4,0.0,0.0,,0.0,0.0,3.0,,16297.0,,,,,4301.0,270.0,270.0,270.0,,273.1,,,,,,,,,,,,,,,,,,,,,,,,,,,,,3.6,0.4,1.6,2.4,2.8,2.8,3.2,3.2,3.6,3.6,1.2,3.6,4.0,4.0,4.4,4.4,4.4,4.8,4.8,4.8,5.2,6.0,3.6,1.2,0.0,0.0,0.0,0.0,54.0,0.0,3.0,0.0,4.0,4.4,
2026032819,,,,,,,,,,,,,,,,,,,,,,,,,,,,,,,,,0.001,,,,,,,,,,,,,,,,,,,,,,,,,,,,,,,,,,,,,,,,,,,,,,,,,,,,,,,,,,,,,,,,,,,,,,,,,,,,,,,,,,,,,,,,,,,,,,,,,,,,,,,,,,,,,,,,,,,,,,,,,,,,,,,,,,,,,,,,,,,,,,,,,,,,,,,,,,,,,,,,,,,,,,,,,,,,,,,,,,,,,,,,,,,,,,,,,,,,,,,,,,,,,,,,,,,,,,,,,,,,,,,,,,,,0.0,,0.0,,16.0,,,,,,,,,,,,,,,,,,,,,,,,,,,,,,,,,,,,,,,,,,,,,,,,,,,,,,,,,,,,,,,,,,,,,,,,,,,,,,,,,,,,,,,,,,,,,,,,,,,,,,,,,,,,,,,,,,,,,,,,,,,,,,,,,,,,,,,,,,,,,,,,,,,,,,,,,,,,,,,,,,,,,,,,,,,,,,,,,,,,,,,,,,,,,,,,,,,,,,,,,,,,,,,,,,,,,,,,,,,,,,,,,,,,,,,,,,,,,,,,,,,,,,,,,,,,,,,,,,,,,,,,,,,,,,,,,,,,,,,,,,,,,,,,,,,,,,,,,,,,,,,,,,,,,,,,,,,,,,,,,,,,,,,,,,,,,,,,,,,,,,,,,,,,,,,,,,,,,,,,,,,,,,,,,,,,,,,,,,,,,,,,,,,,,,,,,,,,,,,,,,,,,,,,,,,,,,,,,,,,,,,,,,,,,,,,2.0,,3.0,4.0,,,,,,,,,,,,,,,,,,,,,,,,,,,,,,,,,,,,,,,,,,,,,,,,,,,,,,,,,,,,,,,,,,,,,
2026032820,,,,,,,,,,,,,,,,,,,,,,,,,,,,,,,,,0.002,,,,,,,,,,,,,,,,,,,,,,,,,,,,,,,,,,,,,,,,,,,,,,,,,,,,,,,,,,,,,,,,,,,,,,,,,,,,,,,,,,,,,,,,,,,,,,,,,,,,,,,,,,,,,,,,,,,,,,,,,,,,,,,,,,,,,,,,,,,,,,,,,,,,,,,,,,,,,,,,,,,,,,,,,,,,,,,,,,,,,,,,,,,,,,,,,,,,,,,,,,,,,,,,,,,,,,,,,,,,,,,,,,,,,,,,,,,,,,,,,,,,,,,,,,,,,,,,,,,,,,,,,,,,,,,,,,,,,,,,,,,,,,,,,,,,,,,,,,,,,,,,,,,,,,,,,,,,,,,,,,,,,,,,,,,,,,,,,,,,,,,,,,,,,,,,,,,,,,,,,,,,,,,,,,,,,,,,,,,,,,,,,,,,,,,,,,,,,,,,,,,,,,,,,,,,,,,,,,,,,,,,,,,,,,,,,,,,,,,,,,,,,,,,,,,,,,,,,,,,,,,,,,,,,,,,,,,,,,,,,,,,,,,,,,,,,,,,,,,,,,,,,,,,,,,,,,,,,,,,,,,,,,,,,,,,,,,,,,,,,,,,,,,,,,,,,,,,,,,,,,,,,,,,,,,,,,,,,,,,,,,,,,,,,,,,,,,,,,,,,,,,,,,,,,,,,,,,,,,,,,,,,,,,,,,,,,,,,,,,,,,,,,,,,,,,,,,,,,,,,,,,,,,,,,,,,,,,,,,,,,,,,,,,,,,,,,,,,,,,,,,,,,,,,,,,,,,,,,,,,,,,,,,,,,,,,,,,
2026032821,,,,,,,,,,,,,,,,,,,,,,,,,,,,,,,,,0.002,,,,,,,,,,,,,,,,,,,,,,,,,,,,,,,,,,,,,,,,,,,,,,,,,,,,,,,,,,,,,,,,,,,,,,,,,,,,,,,,,,,,,,,,,,,,,,,,,,,,,,,,,,,,,,,,,,,,,,,,,,,,,,,,,,270.92,,,,,,,,,,,,,,,,,,,,,,,,,,,,,,,,,,,,,,,,,,,,,,,,,,,,,,,,,,,,,,,,,,,,,,,,,,,,,,,,,,,,,,,,,,,3.0,4.0,,,,1360.0,88888.0,,,,,,17.0,17.0,17.0,19.0,21.0,22.0,22.0,0.0,0.0,0.0,0.0,0.0,19.6,,267.53,1.24,0.0,738.0,2.0,,,,,,,,,,,,,,,,,,,,,,,,,,,,,,,,,,,,,,,,,,,,,,,,,,,,,,9.999e+20,,,,,,,,,,,,,,,,,,,,,,,,,,,,,8.4,1.2,4.33142,6.59198,6.83363,6.98407,7.09421,7.61529,8.17942,8.27274,2.4,8.82926,8.92915,9.55282,9.74087,10.0076,10.5852,11.1532,11.388,12.011,12.4122,14.7457,8.78155,2.91415,18.0,1.0,0.0,0.0,0.0,0.0,0.0,50.0,,9.999e+20,9.999e+20,9.999e+20,9.999e+20,9.999e+20,,,,,,,,,,,,,,,,,,,,,,,,,,,,,,,,,,,,,,,,,,,,,,,,,,,,,,,,,,,,,,,,,,,,,,,,,,,,,,,,,,,,,,,,,,,,,,,,,,,,,,,,,,,,,,,,,,,,,,,,,,,,1008.0,,0.0,0.0,0.0,0.0,,56.0,,,,,,,,,,,,,,,,,,,,,,,,,,,,,,,,,,,,,,,,,,,,,,,,,,,,,,,,,,,,,12.2,7.5,8.9,6.1,10.7,11.6,12.9,14.1,1168.0,768.0,1032.0,712.0,1176.0,1392.0,1488.0,1512.0,,,29.0,13.0,,,,,,,275.24,1.24,,,,,,,,,,,,,,,,,,,,,,,,,,,,,,,,,,,,,,,,,,,,,,,,,,,,,,,,,,,,,9.999e+20,270.0,4.9,260.0,7.7,,,,0.0,,3.0,,16298.0,,,,,7278.0,270.0,270.0,270.0,,275.5,,,,,,,,,,,,,,,,,,,,,,,,,,,,,4.9,0.4,2.4,3.6,4.0,4.4,4.4,4.8,4.8,4.8,0.8,5.2,5.2,5.2,5.6,5.6,6.0,6.0,6.4,6.8,6.95652,8.31324,4.9158,1.79689,0.0,0.0,0.0,0.0,84.0,0.0,33.0,1.0,5.7,6.1,
2026032822,,,,,,,,,,,,,,,,,,,,,,,,,,,,,,,,,0.002,,,,,,,,,,,,,,,,,,,,,,,,,,,,,,,,,,,,,,,,,,,,,,,,,,,,,,,,,,,,,,,,,,,,,,,,,,,,,,,,,,,,,,,,,,,,,,,,,,,,,,,,,,,,,,,,,,,,,,,,,,,,,,,,,,,,,,,,,,,,,,,,,,,,,,,,,,,,,,,,,,,,,,,,,,,,,,,,,,,,,,,,,,,,,,,,,,,,,,,,,,,,,,,,,,,,,,,,,,,,,,,,,,,,0.0,,1.0,,14.0,,,,,,,,,,,,,,,,,,,,,,,,,,,,,,,,,,,,,,,,,,,,,,,,,,,,,,,,,,,,,,,,,,,,,,,,,,,,,,,,,,,,,,,,,,,,,,,,,,,,,,,,,,,,,,,,,,,,,,,,,,,,,,,,,,,,,,,,,,,,,,,,,,,,,,,,,,,,,,,,,,,,,,,,,,,,,,,,,,,,,,,,,,,,,,,,,,,,,,,,,,,,,,,,,,,,,,,,,,,,,,,,,,,,,,,,,,,,,,,,,,,,,,,,,,,,,,,,,,,,,,,,,,,,,,,,,,,,,,,,,,,,,,,,,,,,,,,,,,,,,,,,,,,,,,,,,,,,,,,,,,,,,,,,,,,,,,,,,,,,,,,,,,,,,,,,,,,,,,,,,,,,,,,,,,,,,,,,,,,,,,,,,,,,,,,,,,,,,,,,,,,,,,,,,,,,,,,,,,,,,,,,,,,,,,,,3.0,,3.0,4.0,,,,,,,,,,,,,,,,,,,,,,,,,,,,,,,,,,,,,,,,,,,,,,,,,,,,,,,,,,,,,,,,,,,,,
2026032823,,,,,,,,,,,,,,,,,,,,,,,,,,,,,,,,,0.003,,,,,,,,,,,,,,,,,,,,,,,,,,,,,,,,,,,,,,,,,,,,,,,,,,,,,,,,,,,,,,,,,,,,,,,,,,,,,,,,,,,,,,,,,,,,,,,,,,,,,,,,,,,,,,,,,,,,,,,,,,,,,,,,,,,,,,,,,,,,,,,,,,,,,,,,,,,,,,,,,,,,,,,,,,,,,,,,,,,,,,,,,,,,,,,,,,,,,,,,,,,,,,,,,,,,,,,,,,,,,,,,,,,,,,,,,,,,,,,,,,,,,,,,,,,,,,,,,,,,,,,,,,,,,,,,,,,,,,,,,,,,,,,,,,,,,,,,,,,,,,,,,,,,,,,,,,,,,,,,,,,,,,,,,,,,,,,,,,,,,,,,,,,,,,,,,,,,,,,,,,,,,,,,,,,,,,,,,,,,,,,,,,,,,,,,,,,,,,,,,,,,,,,,,,,,,,,,,,,,,,,,,,,,,,,,,,,,,,,,,,,,,,,,,,,,,,,,,,,,,,,,,,,,,,,,,,,,,,,,,,,,,,,,,,,,,,,,,,,,,,,,,,,,,,,,,,,,,,,,,,,,,,,,,,,,,,,,,,,,,,,,,,,,,,,,,,,,,,,,,,,,,,,,,,,,,,,,,,,,,,,,,,,,,,,,,,,,,,,,,,,,,,,,,,,,,,,,,,,,,,,,,,,,,,,,,,,,,,,,,,,,,,,,,,,,,,,,,,,,,,,,,,,,,,,,,,,,,,,,,,,,,,,,,,,,,,,,,,,,,,,,,,,,,,,,,,,,,,,,,,,,,,,,,,,,,,,,
2026032900,0.028,0.0,0.0,0.0,0.0,0.0,0.0,0.0,0.0,0.0,0.0,0.0,0.0,0.0,0.0,0.0,0.0,0.0,0.0,0.0,0.092,0.844,3.0,0.0,0.0,0.0,0.0,0.0,0.0,0.0,0.0,0.0,0.003,,0.032,0.0,0.0,0.0,0.0,0.0,0.0,0.0,0.0,0.0,0.0,0.0,0.0,0.0,0.0,0.0,0.0,0.0,0.0,0.0,0.089,0.681,4.0,0.0,0.0,0.0,0.0,0.0,0.0,0.0,0.0,0.0,0.061,0.0,0.0,0.0,0.0,0.0,0.0,0.0,0.0,0.0,0.0,0.0,0.0,0.0,0.0,0.0,0.0,0.0,0.0,0.001,0.344,1.264,0.0,0.0,0.0,0.0,0.0,0.0,0.0,0.0,0.0,0.0,0.0,0.0,0.0,0.0,0.0,0.0,0.0,0.0,0.0,0.0,0.0,0.0,0.0,0.0,0.0,0.0,0.0,0.0,0.0,0.0,0.002,0.505,2.0,0.0,0.0,0.0,0.0,0.0,0.0,0.0,0.0,0.0,,,,,,,,,,,,,,,,,,,,,,,,,,,,,,,,,269.23,,,,,,,,,,,,,,,,,,,0.0,0.0,0.0,0.0,0.0,0.0,0.0,0.0,0.0,0.0,0.0,0.0,0.0,0.0,0.0,0.0,0.0,0.0,0.0,0.0,0.0,0.0,0.0,0.0,0.0,0.0,0.0,0.0,0.0,0.0,0.0,0.0,0.0,0.0,0.0,0.0,0.0,0.0,0.0,0.0,0.0,0.0,0.0,0.0,0.0,0.0,0.0,0.0,0.0,0.0,0.0,0.0,0.0,0.0,,,,,,,,,,,,,,,,,,,3.0,4.0,,,,446.0,88886.0,,,,,,16.0,17.0,15.0,18.0,19.0,20.0,20.0,0.0,0.0,0.0,0.0,0.0,18.0,,267.04,1.01,0.0,433.0,2.0,,0.0,0.0,0.0,0.0,0.0,0.0,0.0,0.0,0.0,0.0,0.0,0.0,0.0,0.0,0.0,0.0,0.0,0.0,0.0,0.0,0.0,0.0,0.0,0.0,0.0,0.0,0.0,0.0,0.0,0.0,0.0,0.0,0.0,0.0,0.0,0.0,0.0,0.0,,,,,,,,,,,,,,18.0,9.999e+20,,,,,,,,,,,,,,,,,,,,,,,,,,,,,9.5,1.2,5.6,7.2,7.6,7.60284,8.1141,8.17799,8.62904,9.0808,2.4,9.13399,9.97886,10.1432,10.6734,11.2115,11.3904,11.9801,12.275,13.1993,14.2153,15.8937,9.14018,3.35861,27.0,2.0,1.0,0.0,0.0,0.0,0.0,58.0,2.0,9.999e+20,9.999e+20,9.999e+20,9.999e+20,9.999e+20,,,,,,,,,,,,,,,,,,,,,,,,,,,,,,,,,,,,,,,,,,,,,,,,,,,,,,,,,,,,,,,,,,,,,,,,,,,,,,,,,,,,,,,,,,,,,,,,,,,,,,,,,,,,,,,,,,,,,,,,,,,,944.0,0.0,0.0,0.0,0.0,0.0,,60.0,,,,,,,,,,,,,,,,,,,,,,,,,,,,,,,,,,,,,,,,,,,,,,,,,,,,,,,,,,,,,12.6,8.0,9.4,5.5,10.8,12.0,13.2,14.0,1168.0,792.0,1064.0,720.0,1264.0,1408.0,1480.0,1512.0,,,33.0,17.0,,275.64,0.57,,,,274.1,1.02,,,,,,,,,,,,,,,,,,,,,,,,,,,,,,,,,,,,,,,,,,,,,,,,,,,,,,,,,,,,,9.999e+20,280.0,5.2,270.0,8.7,0.0,1.0,,0.0,1.0,3.0,,16296.0,,,,,7760.0,280.0,280.0,280.0,,272.7,,,,,,,,,,,,,,,,,,,,,,,,,,,,,5.2,0.4,3.2,4.0,4.4,4.4,4.8,4.8,4.8,5.2,1.2,5.2,5.6,5.6,5.6,6.0,6.4,6.4,6.8,7.2,8.0,10.0,5.20683,1.69318,0.0,0.0,0.0,0.0,87.0,0.0,40.0,3.0,6.0,6.4,
2026032901,,,,,,,,,,,,,,,,,,,,,,,,,,,,,,,,,0.002,,,,,,,,,,,,,,,,,,,,,,,,,,,,,,,,,,,,,,,,,,,,,,,,,,,,,,,,,,,,,,,,,,,,,,,,,,,,,,,,,,,,,,,,,,,,,,,,,,,,,,,,,,,,,,,,,,,,,,,,,,,,,,,,,,,,,,,,,,,,,,,,,,,,,,,,,,,,,,,,,,,,,,,,,,,,,,,,,,,,,,,,,,,,,,,,,,,,,,,,,,,,,,,,,,,,,,,,,,,,,,,,,,,,0.0,,0.0,,6.0,,,,,,,,,,,,,,,,,,,,,,,,,,,,,,,,,,,,,,,,,,,,,,,,,,,,,,,,,,,,,,,,,,,,,,,,,,,,,,,,,,,,,,,,,,,,,,,,,,,,,,,,,,,,,,,,,,,,,,,,,,,,,,,,,,,,,,,,,,,,,,,,,,,,,,,,,,,,,,,,,,,,,,,,,,,,,,,,,,,,,,,,,,,,,,,,,,,,,,,,,,,,,,,,,,,,,,,,,,,,,,,,,,,,,,,,,,,,,,,,,,,,,,,,,,,,,,,,,,,,,,,,,,,,,,,,,,,,,,,,,,,,,,,,,,,,,,,,,,,,,,,,,,,,,,,,,,,,,,,,,,,,,,,,,,,,,,,,,,,,,,,,,,,,,,,,,,,,,,,,,,,,,,,,,,,,,,,,,,,,,,,,,,,,,,,,,,,,,,,,,,,,,,,,,,,,,,,,,,,,,,,,,,,,,,,,3.0,,3.0,3.0,,,,,,,,,,,,,,,,,,,,,,,,,,,,,,,,,,,,,,,,,,,,,,,,,,,,,,,,,,,,,,,,,,,,,
2026032902,,,,,,,,,,,,,,,,,,,,,,,,,,,,,,,,,0.003,,,,,,,,,,,,,,,,,,,,,,,,,,,,,,,,,,,,,,,,,,,,,,,,,,,,,,,,,,,,,,,,,,,,,,,,,,,,,,,,,,,,,,,,,,,,,,,,,,,,,,,,,,,,,,,,,,,,,,,,,,,,,,,,,,,,,,,,,,,,,,,,,,,,,,,,,,,,,,,,,,,,,,,,,,,,,,,,,,,,,,,,,,,,,,,,,,,,,,,,,,,,,,,,,,,,,,,,,,,,,,,,,,,,,,,,,,,,,,,,,,,,,,,,,,,,,,,,,,,,,,,,,,,,,,,,,,,,,,,,,,,,,,,,,,,,,,,,,,,,,,,,,,,,,,,,,,,,,,,,,,,,,,,,,,,,,,,,,,,,,,,,,,,,,,,,,,,,,,,,,,,,,,,,,,,,,,,,,,,,,,,,,,,,,,,,,,,,,,,,,,,,,,,,,,,,,,,,,,,,,,,,,,,,,,,,,,,,,,,,,,,,,,,,,,,,,,,,,,,,,,,,,,,,,,,,,,,,,,,,,,,,,,,,,,,,,,,,,,,,,,,,,,,,,,,,,,,,,,,,,,,,,,,,,,,,,,,,,,,,,,,,,,,,,,,,,,,,,,,,,,,,,,,,,,,,,,,,,,,,,,,,,,,,,,,,,,,,,,,,,,,,,,,,,,,,,,,,,,,,,,,,,,,,,,,,,,,,,,,,,,,,,,,,,,,,,,,,,,,,,,,,,,,,,,,,,,,,,,,,,,,,,,,,,,,,,,,,,,,,,,,,,,,,,,,,,,,,,,,,,,,,,,,,,,,,,,,,
2026032903,,,,,,,,,,,,,,,,,,,,,,,,,,,,,,,,,0.003,,,,,,,,,,,,,,,,,,,,,,,,,,,,,,,,,,,,,,,,,,,,,,,,,,,,,,,,,,,,,,,,,,,,,,,,,,,,,,,,,,,,,,,,,,,,,,,,,,,,,,,,,,,,,,,,,,,,,,,,,,,,,,,,,,265.63,,,,,,,,,,,,,,,,,,,,,,,,,,,,,,,,,,,,,,,,,,,,,,,,,,,,,,,,,,,,,,,,,,,,,,,,,,,,,,,,,,,,,,,,,,,2.0,1.0,,,,40.0,1408.0,,,,,,15.0,16.0,14.0,17.0,20.0,21.0,21.0,0.0,0.0,0.0,0.0,0.0,17.6,,266.54,0.97,0.0,120.0,2.0,,,,,,,,,,,,,,,,,,,,,,,,,,,,,,,,,,,,,,,,,,,,,,,,,,,,,,9.999e+20,,,,,,,,,,,,,,,,,,,,,,,,,,,,,7.5,1.2,3.6,4.8,5.2,5.6,6.0,6.0,6.46395,6.54221,2.8,7.02201,7.49882,7.72808,8.31693,8.50989,9.05919,9.20275,10.1779,11.1814,12.6034,13.46,7.13362,2.94219,10.0,0.0,0.0,0.0,0.0,0.0,0.0,27.0,,9.999e+20,9.999e+20,9.999e+20,9.999e+20,9.999e+20,,,,,,,,,,,,,,,,,,,,,,,,,,,,,,,,,,,,,,,,,,,,,,,,,,,,,,,,,,,,,,,,,,,,,,,,,,,,,,,,,,,,,,,,,,,,,,,,,,,,,,,,,,,,,,,,,,,,,,,,,,,,216.0,,0.0,0.0,0.6,0.0,,74.0,,,,,,,,,,,,,,,,,,,,,,,,,,,,,,,,,,,,,,,,,,,,,,,,,,,,,,,,,,,,,13.0,9.5,11.0,7.6,12.2,13.4,13.8,14.8,896.0,712.0,968.0,568.0,1088.0,1184.0,1304.0,1360.0,,,35.0,16.0,,,,,,,270.59,0.96,,,,,,,,,,,,,,,,,,,,,,,,,,,,,,,,,,,,,,,,,,,,,,,,,,,,,,,,,,,,,9.999e+20,280.0,4.0,270.0,5.1,,,,0.0,,2.0,,16304.0,,,,,827.0,280.0,280.0,280.0,,270.9,,,,,,,,,,,,,,,,,,,,,,,,,,,,,4.0,0.4,1.6,2.4,3.2,3.2,3.6,3.6,4.0,4.0,1.2,4.0,4.4,4.4,4.4,4.8,4.8,5.2,5.6,6.4,7.2,7.6,4.0,1.6,0.0,0.0,0.0,0.0,67.0,0.0,15.0,0.0,4.8,5.2,
2026032904,,,,,,,,,,,,,,,,,,,,,,,,,,,,,,,,,0.003,,,,,,,,,,,,,,,,,,,,,,,,,,,,,,,,,,,,,,,,,,,,,,,,,,,,,,,,,,,,,,,,,,,,,,,,,,,,,,,,,,,,,,,,,,,,,,,,,,,,,,,,,,,,,,,,,,,,,,,,,,,,,,,,,,,,,,,,,,,,,,,,,,,,,,,,,,,,,,,,,,,,,,,,,,,,,,,,,,,,,,,,,,,,,,,,,,,,,,,,,,,,,,,,,,,,,,,,,,,,,,,,,,,,0.0,,0.0,,6.0,,,,,,,,,,,,,,,,,,,,,,,,,,,,,,,,,,,,,,,,,,,,,,,,,,,,,,,,,,,,,,,,,,,,,,,,,,,,,,,,,,,,,,,,,,,,,,,,,,,,,,,,,,,,,,,,,,,,,,,,,,,,,,,,,,,,,,,,,,,,,,,,,,,,,,,,,,,,,,,,,,,,,,,,,,,,,,,,,,,,,,,,,,,,,,,,,,,,,,,,,,,,,,,,,,,,,,,,,,,,,,,,,,,,,,,,,,,,,,,,,,,,,,,,,,,,,,,,,,,,,,,,,,,,,,,,,,,,,,,,,,,,,,,,,,,,,,,,,,,,,,,,,,,,,,,,,,,,,,,,,,,,,,,,,,,,,,,,,,,,,,,,,,,,,,,,,,,,,,,,,,,,,,,,,,,,,,,,,,,,,,,,,,,,,,,,,,,,,,,,,,,,,,,,,,,,,,,,,,,,,,,,,,,,,,,,4.0,,4.0,5.0,,,,,,,,,,,,,,,,,,,,,,,,,,,,,,,,,,,,,,,,,,,,,,,,,,,,,,,,,,,,,,,,,,,,,
2026032905,,,,,,,,,,,,,,,,,,,,,,,,,,,,,,,,,0.003,,,,,,,,,,,,,,,,,,,,,,,,,,,,,,,,,,,,,,,,,,,,,,,,,,,,,,,,,,,,,,,,,,,,,,,,,,,,,,,,,,,,,,,,,,,,,,,,,,,,,,,,,,,,,,,,,,,,,,,,,,,,,,,,,,,,,,,,,,,,,,,,,,,,,,,,,,,,,,,,,,,,,,,,,,,,,,,,,,,,,,,,,,,,,,,,,,,,,,,,,,,,,,,,,,,,,,,,,,,,,,,,,,,,,,,,,,,,,,,,,,,,,,,,,,,,,,,,,,,,,,,,,,,,,,,,,,,,,,,,,,,,,,,,,,,,,,,,,,,,,,,,,,,,,,,,,,,,,,,,,,,,,,,,,,,,,,,,,,,,,,,,,,,,,,,,,,,,,,,,,,,,,,,,,,,,,,,,,,,,,,,,,,,,,,,,,,,,,,,,,,,,,,,,,,,,,,,,,,,,,,,,,,,,,,,,,,,,,,,,,,,,,,,,,,,,,,,,,,,,,,,,,,,,,,,,,,,,,,,,,,,,,,,,,,,,,,,,,,,,,,,,,,,,,,,,,,,,,,,,,,,,,,,,,,,,,,,,,,,,,,,,,,,,,,,,,,,,,,,,,,,,,,,,,,,,,,,,,,,,,,,,,,,,,,,,,,,,,,,,,,,,,,,,,,,,,,,,,,,,,,,,,,,,,,,,,,,,,,,,,,,,,,,,,,,,,,,,,,,,,,,,,,,,,,,,,,,,,,,,,,,,,,,,,,,,,,,,,,,,,,,,,,,,,,,,,,,,,,,,,,,,,,,,,,,,,,,,
2026032906,0.044,0.0,0.0,0.0,0.0,0.0,0.0,0.0,0.0,0.0,0.0,0.0,0.0,0.0,0.0,0.0,0.0,0.0,0.0,0.0,0.231,1.138,5.0,0.0,0.0,0.0,0.0,0.0,0.0,0.0,0.0,0.0,0.002,,0.064,0.0,0.0,0.0,0.0,0.0,0.0,0.0,0.0,0.0,0.0,0.0,0.0,0.0,0.0,0.0,0.0,0.0,0.0,0.0,0.302,1.46,6.0,0.0,0.0,0.0,0.0,0.0,0.0,0.0,0.0,0.0,,,,,,,,,,,,,,,,,,,,,,,,,,,,,,,,,0.0,0.0,0.0,0.0,0.0,0.0,0.0,0.0,0.0,0.0,0.0,0.0,0.0,0.0,0.0,0.0,0.0,0.0,0.0,0.0,0.0,0.537,3.0,0.0,0.0,0.0,0.0,0.0,0.0,0.0,0.0,0.0,,,,,,,,,,,,,,,,,,,,,,,,,,,,,,,,,264.03,,,,,,,,,,,,,,,,,,,0.0,0.0,0.0,0.0,0.0,0.0,0.0,0.0,0.0,0.0,0.0,0.0,0.0,0.0,0.0,0.0,0.0,0.0,0.0,0.0,0.0,0.0,0.0,0.0,0.0,0.0,0.0,0.0,0.0,0.0,0.0,0.0,0.0,0.0,0.0,0.0,0.0,0.0,0.0,0.0,0.0,0.0,0.0,0.0,0.0,0.0,0.0,0.0,0.0,0.0,0.0,0.0,0.0,0.0,,,,,,,,,,,,,,,,,,,2.0,1.0,,,,32.0,88888.0,,,,,,14.0,15.0,13.0,18.0,20.0,22.0,23.0,0.0,0.0,0.0,0.0,0.0,17.5,,267.04,1.2,0.0,61.0,1.0,,0.0,0.0,0.0,0.0,0.0,0.0,0.0,0.0,0.0,0.0,0.0,0.0,0.0,0.0,0.0,0.0,0.0,0.0,0.0,0.0,0.0,0.0,0.0,0.0,0.0,0.0,0.0,0.0,0.0,0.0,0.0,0.0,0.0,0.0,0.0,0.0,0.0,0.0,,,,,,,,,,,,,,18.2,9.999e+20,11.4984,4.04262,8.21624,9.36282,9.60974,9.78239,9.96024,10.5018,10.6317,11.0926,5.73908,11.6441,11.747,12.2989,12.475,13.4802,13.7882,14.3537,15.0565,15.6282,16.7133,19.085,55.0,3.0,1.0,0.0,0.0,0.0,6.3,1.6,4.0,4.4,4.8,5.2,5.2,5.6,6.0,6.0,3.2,6.4,6.427,6.87359,7.33923,7.41743,7.90194,8.00781,8.49525,9.09678,9.82708,12.6555,6.25316,2.41223,2.0,1.0,0.0,0.0,0.0,0.0,0.0,13.0,2.0,9.999e+20,9.999e+20,9.999e+20,9.999e+20,9.999e+20,,,,,,,,,,,,,,,,,,,,,,,,,,,,,,,,,,,,,,,,,,,,,,,,,,,,,,,,,,,,,,,,,,,,,,,,,,,,,,,,,,,,,,,,,,,,,,,,,,,,,,,,,,,,,,,,,,,,,,,,,,,56.0,216.0,,0.0,0.0,0.6,0.0,,85.0,,,,,,,,,,,,,,,,,,,,,,,,,,,,,,,,,,,,,,,,,,,,,,,,,,,,,,,,,,,,,13.4,11.2,12.4,9.8,12.9,13.6,14.4,14.9,704.0,464.0,808.0,328.0,952.0,1048.0,1192.0,1272.0,,,33.0,19.0,,,,,,1.79836,269.22,1.25,275.717,270.806,273.337,274.043,274.699,274.859,275.027,275.265,275.449,275.687,272.028,275.854,276.044,276.202,276.355,276.452,276.936,276.998,277.853,278.548,279.219,280.351,0.0,1.0,9.0,0.0,0.0,0.0,0.0,0.0,,,,,,,,,,,,,,,,,,,,,,,,,,,,,,,9.999e+20,280.0,3.6,270.0,5.1,0.0,2.0,,0.0,2.0,1.0,,16302.0,,,,,849.0,280.0,280.0,280.0,,270.1,6.43768,2.8,4.8,5.2,5.6,6.0,6.0,6.4,6.4,6.4,3.6,6.4,6.8,6.8,7.2,7.18807,7.69201,7.79335,8.2591,8.7192,9.23901,10.3254,1.0,0.0,0.0,0.0,80.0,8.0,3.6,0.8,2.0,2.0,2.4,2.8,2.8,3.2,3.2,3.2,1.6,3.6,4.0,4.0,4.0,4.4,4.4,4.8,4.8,5.2,5.2,7.2,3.6,1.2,0.0,0.0,0.0,0.0,50.0,0.0,4.0,1.0,4.0,4.4,
2026032907,,,,,,,,,,,,,,,,,,,,,,,,,,,,,,,,,0.003,,,,,,,,,,,,,,,,,,,,,,,,,,,,,,,,,,,,,,,,,,,,,,,,,,,,,,,,,,,,,,,,,,,,,,,,,,,,,,,,,,,,,,,,,,,,,,,,,,,,,,,,,,,,,,,,,,,,,,,,,,,,,,,,,,,,,,,,,,,,,,,,,,,,,,,,,,,,,,,,,,,,,,,,,,,,,,,,,,,,,,,,,,,,,,,,,,,,,,,,,,,,,,,,,,,,,,,,,,,,,,,,,,,,0.0,,3.0,,12.0,,,,,,,,,,,,,,,,,,,,,,,,,,,,,,,,,,,,,,,,,,,,,,,,,,,,,,,,,,,,,,,,,,,,,,,,,,,,,,,,,,,,,,,,,,,,,,,,,,,,,,,,,,,,,,,,,,,,,,,,,,,,,,,,,,,,,,,,,,,,,,,,,,,,,,,,,,,,,,,,,,,,,,,,,,,,,,,,,,,,,,,,,,,,,,,,,,,,,,,,,,,,,,,,,,,,,,,,,,,,,,,,,,,,,,,,,,,,,,,,,,,,,,,,,,,,,,,,,,,,,,,,,,,,,,,,,,,,,,,,,,,,,,,,,,,,,,,,,,,,,,,,,,,,,,,,,,,,,,,,,,,,,,,,,,,,,,,,,,,,,,,,,,,,,,,,,,,,,,,,,,,,,,,,,,,,,,,,,,,,,,,,,,,,,,,,,,,,,,,,,,,,,,,,,,,,,,,,,,,,,,,,,,,,,,,,4.0,,6.0,8.0,,,,,,,,,,,,,,,,,,,,,,,,,,,,,,,,,,,,,,,,,,,,,,,,,,,,,,,,,,,,,,,,,,,,,
2026032908,,,,,,,,,,,,,,,,,,,,,,,,,,,,,,,,,0.004,,,,,,,,,,,,,,,,,,,,,,,,,,,,,,,,,,,,,,,,,,,,,,,,,,,,,,,,,,,,,,,,,,,,,,,,,,,,,,,,,,,,,,,,,,,,,,,,,,,,,,,,,,,,,,,,,,,,,,,,,,,,,,,,,,,,,,,,,,,,,,,,,,,,,,,,,,,,,,,,,,,,,,,,,,,,,,,,,,,,,,,,,,,,,,,,,,,,,,,,,,,,,,,,,,,,,,,,,,,,,,,,,,,,,,,,,,,,,,,,,,,,,,,,,,,,,,,,,,,,,,,,,,,,,,,,,,,,,,,,,,,,,,,,,,,,,,,,,,,,,,,,,,,,,,,,,,,,,,,,,,,,,,,,,,,,,,,,,,,,,,,,,,,,,,,,,,,,,,,,,,,,,,,,,,,,,,,,,,,,,,,,,,,,,,,,,,,,,,,,,,,,,,,,,,,,,,,,,,,,,,,,,,,,,,,,,,,,,,,,,,,,,,,,,,,,,,,,,,,,,,,,,,,,,,,,,,,,,,,,,,,,,,,,,,,,,,,,,,,,,,,,,,,,,,,,,,,,,,,,,,,,,,,,,,,,,,,,,,,,,,,,,,,,,,,,,,,,,,,,,,,,,,,,,,,,,,,,,,,,,,,,,,,,,,,,,,,,,,,,,,,,,,,,,,,,,,,,,,,,,,,,,,,,,,,,,,,,,,,,,,,,,,,,,,,,,,,,,,,,,,,,,,,,,,,,,,,,,,,,,,,,,,,,,,,,,,,,,,,,,,,,,,,,,,,,,,,,,,,,,,,,,,,,,,,,,,,,
2026032909,,,,,,,,,,,,,,,,,,,,,,,,,,,,,,,,,0.004,,,,,,,,,,,,,,,,,,,,,,,,,,,,,,,,,,,,,,,,,,,,,,,,,,,,,,,,,,,,,,,,,,,,,,,,,,,,,,,,,,,,,,,,,,,,,,,,,,,,,,,,,,,,,,,,,,,,,,,,,,,,,,,,,,263.78,,,,,,,,,,,,,,,,,,,,,,,,,,,,,,,,,,,,,,,,,,,,,,,,,,,,,,,,,,,,,,,,,,,,,,,,,,,,,,,,,,,,,,,,,,,1.0,2.0,,,,32.0,88888.0,,,,,,14.0,14.0,13.0,17.0,19.0,22.0,22.0,0.0,0.0,0.0,0.0,0.0,16.6,,266.27,1.65,0.0,0.0,1.0,,,,,,,,,,,,,,,,,,,,,,,,,,,,,,,,,,,,,,,,,,,,,,,,,,,,,,9.999e+20,,,,,,,,,,,,,,,,,,,,,,,,,,,,,6.2,1.6,3.6,4.0,4.8,4.8,5.2,5.2,5.6,6.0,2.8,6.0,6.4,6.8,7.20164,7.62736,8.08611,8.15848,8.59807,9.18355,9.91529,12.1535,6.19108,2.30857,2.0,1.0,0.0,0.0,0.0,0.0,0.0,13.0,,9.999e+20,9.999e+20,9.999e+20,9.999e+20,9.999e+20,,,,,,,,,,,,,,,,,,,,,,,,,,,,,,,,,,,,,,,,,,,,,,,,,,,,,,,,,,,,,,,,,,,,,,,,,,,,,,,,,,,,,,,,,,,,,,,,,,,,,,,,,,,,,,,,,,,,,,,,,,,,192.0,,0.0,0.0,9.9,0.0,,82.0,,,,,,,,,,,,,,,,,,,,,,,,,,,,,,,,,,,,,,,,,,,,,,,,,,,,,,,,,,,,,13.4,11.4,12.6,10.5,13.3,13.9,14.7,15.6,704.0,320.0,688.0,152.0,880.0,1008.0,1128.0,1216.0,,,46.0,18.0,,,,,,,268.65,1.65,,,,,,,,,,,,,,,,,,,,,,,,,,,,,,,,,,,,,,,,,,,,,,,,,,,,,,,,,,,,,9.999e+20,280.0,3.6,270.0,5.5,,,,0.0,,1.0,,16256.0,,,,,792.0,280.0,280.0,280.0,,269.8,,,,,,,,,,,,,,,,,,,,,,,,,,,,,3.6,0.8,1.6,2.0,2.4,2.4,2.8,2.8,3.2,3.2,1.6,3.2,3.6,3.6,4.0,4.4,4.4,4.8,4.8,5.2,5.2,6.8,3.6,1.2,0.0,0.0,0.0,0.0,45.0,0.0,5.0,1.0,4.0,4.4,
2026032910,,,,,,,,,,,,,,,,,,,,,,,,,,,,,,,,,0.005,,,,,,,,,,,,,,,,,,,,,,,,,,,,,,,,,,,,,,,,,,,,,,,,,,,,,,,,,,,,,,,,,,,,,,,,,,,,,,,,,,,,,,,,,,,,,,,,,,,,,,,,,,,,,,,,,,,,,,,,,,,,,,,,,,,,,,,,,,,,,,,,,,,,,,,,,,,,,,,,,,,,,,,,,,,,,,,,,,,,,,,,,,,,,,,,,,,,,,,,,,,,,,,,,,,,,,,,,,,,,,,,,,,,0.0,,3.0,,16.0,,,,,,,,,,,,,,,,,,,,,,,,,,,,,,,,,,,,,,,,,,,,,,,,,,,,,,,,,,,,,,,,,,,,,,,,,,,,,,,,,,,,,,,,,,,,,,,,,,,,,,,,,,,,,,,,,,,,,,,,,,,,,,,,,,,,,,,,,,,,,,,,,,,,,,,,,,,,,,,,,,,,,,,,,,,,,,,,,,,,,,,,,,,,,,,,,,,,,,,,,,,,,,,,,,,,,,,,,,,,,,,,,,,,,,,,,,,,,,,,,,,,,,,,,,,,,,,,,,,,,,,,,,,,,,,,,,,,,,,,,,,,,,,,,,,,,,,,,,,,,,,,,,,,,,,,,,,,,,,,,,,,,,,,,,,,,,,,,,,,,,,,,,,,,,,,,,,,,,,,,,,,,,,,,,,,,,,,,,,,,,,,,,,,,,,,,,,,,,,,,,,,,,,,,,,,,,,,,,,,,,,,,,,,,,,,5.0,,7.0,9.0,,,,,,,,,,,,,,,,,,,,,,,,,,,,,,,,,,,,,,,,,,,,,,,,,,,,,,,,,,,,,,,,,,,,,
2026032911,,,,,,,,,,,,,,,,,,,,,,,,,,,,,,,,,0.006,,,,,,,,,,,,,,,,,,,,,,,,,,,,,,,,,,,,,,,,,,,,,,,,,,,,,,,,,,,,,,,,,,,,,,,,,,,,,,,,,,,,,,,,,,,,,,,,,,,,,,,,,,,,,,,,,,,,,,,,,,,,,,,,,,,,,,,,,,,,,,,,,,,,,,,,,,,,,,,,,,,,,,,,,,,,,,,,,,,,,,,,,,,,,,,,,,,,,,,,,,,,,,,,,,,,,,,,,,,,,,,,,,,,,,,,,,,,,,,,,,,,,,,,,,,,,,,,,,,,,,,,,,,,,,,,,,,,,,,,,,,,,,,,,,,,,,,,,,,,,,,,,,,,,,,,,,,,,,,,,,,,,,,,,,,,,,,,,,,,,,,,,,,,,,,,,,,,,,,,,,,,,,,,,,,,,,,,,,,,,,,,,,,,,,,,,,,,,,,,,,,,,,,,,,,,,,,,,,,,,,,,,,,,,,,,,,,,,,,,,,,,,,,,,,,,,,,,,,,,,,,,,,,,,,,,,,,,,,,,,,,,,,,,,,,,,,,,,,,,,,,,,,,,,,,,,,,,,,,,,,,,,,,,,,,,,,,,,,,,,,,,,,,,,,,,,,,,,,,,,,,,,,,,,,,,,,,,,,,,,,,,,,,,,,,,,,,,,,,,,,,,,,,,,,,,,,,,,,,,,,,,,,,,,,,,,,,,,,,,,,,,,,,,,,,,,,,,,,,,,,,,,,,,,,,,,,,,,,,,,,,,,,,,,,,,,,,,,,,,,,,,,,,,,,,,,,,,,,,,,,,,,,,,,,,,,,,,
2026032912,0.064,0.0,0.0,0.0,0.0,0.0,0.0,0.0,0.0,0.0,0.0,0.0,0.0,0.0,0.0,0.0,0.0,0.0,0.0,0.0,0.415,1.586,6.0,0.0,0.0,0.0,0.0,0.0,0.0,0.0,0.0,0.0,0.006,,,,,,,,,,,,,,,,,,,,,,,,,,,,,,,,,,,,,,,,,,,,,,,,,,,,,,,,,,,,,,,,,,0.0,0.0,0.0,0.0,0.0,0.0,0.0,0.0,0.0,0.0,0.0,0.0,0.0,0.0,0.0,0.0,0.0,0.0,0.0,0.0,0.059,1.062,4.0,0.0,0.0,0.0,0.0,0.0,0.0,0.0,0.0,0.0,,,,,,,,,,,,,,,,,,,,,,,,,,,,,,,,,263.69,,,,,,,,,,,,,,,,,,,0.0,0.0,0.0,0.0,0.0,0.0,0.0,0.0,1.0,0.0,0.0,0.0,0.0,0.0,0.0,0.0,0.0,0.0,0.0,0.0,0.0,0.0,0.0,0.0,0.0,0.0,0.0,0.0,0.0,0.0,0.0,0.0,0.0,0.0,0.0,0.0,0.0,0.0,0.0,0.0,0.0,0.0,0.0,0.0,1.0,0.0,0.0,0.0,0.0,0.0,0.0,0.0,0.0,0.0,,,,,,,,,,,,,,,,,,,2.0,2.0,,,,32.0,2608.0,,,,,,13.0,13.0,13.0,16.0,17.0,21.0,21.0,0.0,0.0,0.0,0.0,0.0,15.4,,266.04,1.91,0.0,0.0,1.0,,0.0,0.0,0.0,0.0,0.0,0.0,0.0,0.0,0.0,0.0,0.0,0.0,0.0,0.0,0.0,0.0,0.0,0.0,0.0,0.0,0.0,0.0,0.0,0.0,0.0,0.0,0.0,0.0,0.0,0.0,0.0,0.0,0.0,0.0,0.0,0.0,0.0,0.0,,,,,,,,,,,,,,7.2,9.999e+20,,,,,,,,,,,,,,,,,,,,,,,,,,,,,6.11,1.6,3.6,4.0,4.4,4.4,4.8,5.2,5.2,5.6,2.4,5.6,6.0,6.4,6.8,6.80167,7.26385,7.77786,7.87794,8.81927,10.2383,13.5511,6.1427,2.25481,3.0,1.0,0.0,0.0,0.0,0.0,0.0,11.0,2.0,9.999e+20,9.999e+20,9.999e+20,9.999e+20,9.999e+20,,,,,,,,,,,,,,,,,,,,,,,,,,,,,,,,,,,,,,,,,,,,,,,,,,,,,,,,,,,,,,,,,,,,,,,,,,,,,,,,,,,,,,,,,,,,,,,,,,,,,,,,,,,,,,,,,,,,,,,,,,,,216.0,0.0,0.0,0.0,9.9,0.0,,83.0,,,,,,,,,,,,,,,,,,,,,,,,,,,,,,,,,,,,,,,,,,,,,,,,,,,,,,,,,,,,,13.5,11.2,12.7,10.1,13.5,14.2,15.2,16.5,648.0,320.0,504.0,0.0,760.0,936.0,1120.0,1160.0,,,57.0,10.0,,,,266.88,1.13,,268.6,1.9,,,,,,,,,,,,,,,,,,,,,,,,,,,,,,,,,,,,,,,,,,,,,,,,,,,,,,,,,,,,,9.999e+20,280.0,3.2,270.0,4.6,0.0,2.0,,0.0,0.0,1.0,,16256.0,,,,,742.0,280.0,280.0,280.0,,269.7,,,,,,,,,,,,,,,,,,,,,,,,,,,,,3.2,0.8,1.6,2.0,2.4,2.4,2.8,2.8,2.8,3.2,1.2,3.2,3.2,3.6,3.6,4.0,4.0,4.4,4.4,4.8,5.6,7.6,3.2,1.2,0.0,0.0,0.0,0.0,35.0,0.0,5.0,1.0,3.6,4.0,
2026032913,,,,,,,,,,,,,,,,,,,,,,,,,,,,,,,,,0.009,,,,,,,,,,,,,,,,,,,,,,,,,,,,,,,,,,,,,,,,,,,,,,,,,,,,,,,,,,,,,,,,,,,,,,,,,,,,,,,,,,,,,,,,,,,,,,,,,,,,,,,,,,,,,,,,,,,,,,,,,,,,,,,,,,,,,,,,,,,,,,,,,,,,,,,,,,,,,,,,,,,,,,,,,,,,,,,,,,,,,,,,,,,,,,,,,,,,,,,,,,,,,,,,,,,,,,,,,,,,,,,,,,,,0.0,,3.0,,13.0,,,,,,,,,,,,,,,,,,,,,,,,,,,,,,,,,,,,,,,,,,,,,,,,,,,,,,,,,,,,,,,,,,,,,,,,,,,,,,,,,,,,,,,,,,,,,,,,,,,,,,,,,,,,,,,,,,,,,,,,,,,,,,,,,,,,,,,,,,,,,,,,,,,,,,,,,,,,,,,,,,,,,,,,,,,,,,,,,,,,,,,,,,,,,,,,,,,,,,,,,,,,,,,,,,,,,,,,,,,,,,,,,,,,,,,,,,,,,,,,,,,,,,,,,,,,,,,,,,,,,,,,,,,,,,,,,,,,,,,,,,,,,,,,,,,,,,,,,,,,,,,,,,,,,,,,,,,,,,,,,,,,,,,,,,,,,,,,,,,,,,,,,,,,,,,,,,,,,,,,,,,,,,,,,,,,,,,,,,,,,,,,,,,,,,,,,,,,,,,,,,,,,,,,,,,,,,,,,,,,,,,,,,,,,,,,5.0,,7.0,10.0,,,,,,,,,,,,,,,,,,,,,,,,,,,,,,,,,,,,,,,,,,,,,,,,,,,,,,,,,,,,,,,,,,,,,
2026032914,,,,,,,,,,,,,,,,,,,,,,,,,,,,,,,,,0.012,,,,,,,,,,,,,,,,,,,,,,,,,,,,,,,,,,,,,,,,,,,,,,,,,,,,,,,,,,,,,,,,,,,,,,,,,,,,,,,,,,,,,,,,,,,,,,,,,,,,,,,,,,,,,,,,,,,,,,,,,,,,,,,,,,,,,,,,,,,,,,,,,,,,,,,,,,,,,,,,,,,,,,,,,,,,,,,,,,,,,,,,,,,,,,,,,,,,,,,,,,,,,,,,,,,,,,,,,,,,,,,,,,,,,,,,,,,,,,,,,,,,,,,,,,,,,,,,,,,,,,,,,,,,,,,,,,,,,,,,,,,,,,,,,,,,,,,,,,,,,,,,,,,,,,,,,,,,,,,,,,,,,,,,,,,,,,,,,,,,,,,,,,,,,,,,,,,,,,,,,,,,,,,,,,,,,,,,,,,,,,,,,,,,,,,,,,,,,,,,,,,,,,,,,,,,,,,,,,,,,,,,,,,,,,,,,,,,,,,,,,,,,,,,,,,,,,,,,,,,,,,,,,,,,,,,,,,,,,,,,,,,,,,,,,,,,,,,,,,,,,,,,,,,,,,,,,,,,,,,,,,,,,,,,,,,,,,,,,,,,,,,,,,,,,,,,,,,,,,,,,,,,,,,,,,,,,,,,,,,,,,,,,,,,,,,,,,,,,,,,,,,,,,,,,,,,,,,,,,,,,,,,,,,,,,,,,,,,,,,,,,,,,,,,,,,,,,,,,,,,,,,,,,,,,,,,,,,,,,,,,,,,,,,,,,,,,,,,,,,,,,,,,,,,,,,,,,,,,,,,,,,,,,,,,,,,,,,
2026032915,,,,,,,,,,,,,,,,,,,,,,,,,,,,,,,,,0.016,,,,,,,,,,,,,,,,,,,,,,,,,,,,,,,,,,,,,,,,,,,,,,,,,,,,,,,,,,,,,,,,,,,,,,,,,,,,,,,,,,,,,,,,,,,,,,,,,,,,,,,,,,,,,,,,,,,,,,,,,,,,,,,,,,264.07,,,,,,,,,,,,,,,,,,,,,,,,,,,,,,,,,,,,,,,,,,,,,,,,,,,,,,,,,,,,,,,,,,,,,,,,,,,,,,,,,,,,,,,,,,,1.0,4.0,,,,32.0,2872.0,,,,,,13.0,13.0,12.0,14.0,17.0,21.0,24.0,0.0,0.0,0.0,0.0,0.0,14.7,,265.74,1.72,0.0,17.0,1.0,,,,,,,,,,,,,,,,,,,,,,,,,,,,,,,,,,,,,,,,,,,,,,,,,,,,,,9.999e+20,,,,,,,,,,,,,,,,,,,,,,,,,,,,,6.2,1.2,3.2,3.6,4.0,4.4,4.8,4.8,5.2,5.2,2.0,5.6,5.6,6.0,6.42043,6.94625,7.08153,7.16848,8.1293,8.62929,11.5684,15.8809,6.20326,2.72297,6.0,2.0,1.0,0.0,0.0,0.0,0.0,10.0,,9.999e+20,9.999e+20,9.999e+20,9.999e+20,9.999e+20,,,,,,,,,,,,,,,,,,,,,,,,,,,,,,,,,,,,,,,,,,,,,,,,,,,,,,,,,,,,,,,,,,,,,,,,,,,,,,,,,,,,,,,,,,,,,,,,,,,,,,,,,,,,,,,,,,,,,,,,,,,,376.0,,0.0,0.0,28.9,0.0,,79.0,,,,,,,,,,,,,,,,,,,,,,,,,,,,,,,,,,,,,,,,,,,,,,,,,,,,,,,,,,,,,13.7,11.0,12.8,9.5,13.6,14.6,16.3,17.2,632.0,296.0,504.0,40.0,672.0,912.0,1032.0,1104.0,,,59.0,16.0,,,,,,,268.78,1.7,,,,,,,,,,,,,,,,,,,,,,,,,,,,,,,,,,,,,,,,,,,,,,,,,,,,,,,,,,,,,9.999e+20,270.0,3.2,270.0,4.2,,,,0.0,,1.0,,16256.0,,,,,1342.0,270.0,270.0,270.0,,268.3,,,,,,,,,,,,,,,,,,,,,,,,,,,,,3.2,0.4,1.6,1.6,2.0,2.4,2.4,2.8,2.8,2.8,1.2,3.2,3.2,3.6,3.6,3.6,4.0,4.4,4.4,4.8,6.4,8.0,3.20162,1.61918,0.0,0.0,0.0,0.0,36.0,0.0,10.0,1.0,3.6,4.0,
2026032916,,,,,,,,,,,,,,,,,,,,,,,,,,,,,,,,,0.024,,,,,,,,,,,,,,,,,,,,,,,,,,,,,,,,,,,,,,,,,,,,,,,,,,,,,,,,,,,,,,,,,,,,,,,,,,,,,,,,,,,,,,,,,,,,,,,,,,,,,,,,,,,,,,,,,,,,,,,,,,,,,,,,,,,,,,,,,,,,,,,,,,,,,,,,,,,,,,,,,,,,,,,,,,,,,,,,,,,,,,,,,,,,,,,,,,,,,,,,,,,,,,,,,,,,,,,,,,,,,,,,,,,,1.0,,3.0,,13.0,,,,,,,,,,,,,,,,,,,,,,,,,,,,,,,,,,,,,,,,,,,,,,,,,,,,,,,,,,,,,,,,,,,,,,,,,,,,,,,,,,,,,,,,,,,,,,,,,,,,,,,,,,,,,,,,,,,,,,,,,,,,,,,,,,,,,,,,,,,,,,,,,,,,,,,,,,,,,,,,,,,,,,,,,,,,,,,,,,,,,,,,,,,,,,,,,,,,,,,,,,,,,,,,,,,,,,,,,,,,,,,,,,,,,,,,,,,,,,,,,,,,,,,,,,,,,,,,,,,,,,,,,,,,,,,,,,,,,,,,,,,,,,,,,,,,,,,,,,,,,,,,,,,,,,,,,,,,,,,,,,,,,,,,,,,,,,,,,,,,,,,,,,,,,,,,,,,,,,,,,,,,,,,,,,,,,,,,,,,,,,,,,,,,,,,,,,,,,,,,,,,,,,,,,,,,,,,,,,,,,,,,,,,,,,,,6.0,,7.0,10.0,,,,,,,,,,,,,,,,,,,,,,,,,,,,,,,,,,,,,,,,,,,,,,,,,,,,,,,,,,,,,,,,,,,,,
2026032917,,,,,,,,,,,,,,,,,,,,,,,,,,,,,,,,,0.027,,,,,,,,,,,,,,,,,,,,,,,,,,,,,,,,,,,,,,,,,,,,,,,,,,,,,,,,,,,,,,,,,,,,,,,,,,,,,,,,,,,,,,,,,,,,,,,,,,,,,,,,,,,,,,,,,,,,,,,,,,,,,,,,,,,,,,,,,,,,,,,,,,,,,,,,,,,,,,,,,,,,,,,,,,,,,,,,,,,,,,,,,,,,,,,,,,,,,,,,,,,,,,,,,,,,,,,,,,,,,,,,,,,,,,,,,,,,,,,,,,,,,,,,,,,,,,,,,,,,,,,,,,,,,,,,,,,,,,,,,,,,,,,,,,,,,,,,,,,,,,,,,,,,,,,,,,,,,,,,,,,,,,,,,,,,,,,,,,,,,,,,,,,,,,,,,,,,,,,,,,,,,,,,,,,,,,,,,,,,,,,,,,,,,,,,,,,,,,,,,,,,,,,,,,,,,,,,,,,,,,,,,,,,,,,,,,,,,,,,,,,,,,,,,,,,,,,,,,,,,,,,,,,,,,,,,,,,,,,,,,,,,,,,,,,,,,,,,,,,,,,,,,,,,,,,,,,,,,,,,,,,,,,,,,,,,,,,,,,,,,,,,,,,,,,,,,,,,,,,,,,,,,,,,,,,,,,,,,,,,,,,,,,,,,,,,,,,,,,,,,,,,,,,,,,,,,,,,,,,,,,,,,,,,,,,,,,,,,,,,,,,,,,,,,,,,,,,,,,,,,,,,,,,,,,,,,,,,,,,,,,,,,,,,,,,,,,,,,,,,,,,,,,,,,,,,,,,,,,,,,,,,,,,,,,,,,,,
2026032918,0.195,0.0,0.0,0.0,0.0,0.0,0.0,0.0,0.0,0.0,0.0,0.0,0.0,0.0,0.0,0.0,0.0,0.0,0.144,0.484,1.343,3.596,13.0,0.0,0.0,0.0,0.0,2.0,0.0,0.0,0.0,0.0,0.028,,0.279,0.0,0.0,0.0,0.0,0.0,0.0,0.0,0.0,0.0,0.0,0.0,0.0,0.0,0.0,0.0,0.0,0.117,0.358,0.79,1.882,4.545,17.0,0.0,0.0,0.0,0.0,0.0,0.0,0.0,0.0,0.0,,,,,,,,,,,,,,,,,,,,,,,,,,,,,,,,,0.0,0.0,0.0,0.0,0.0,0.0,0.0,0.0,0.0,0.0,0.0,0.0,0.0,0.0,0.0,0.0,0.0,0.0,0.098,0.484,1.171,2.968,13.0,0.0,0.0,2.0,0.0,0.0,0.0,0.0,0.0,0.0,,,,,,,,,,,,,,,,,,,,,,,,,,,,,,,,,267.87,,,,,,,,,,,,,,,,,,,0.0,0.0,0.0,0.0,0.0,0.0,0.005,0.01,13.0,0.0,0.0,0.0,0.0,0.0,0.0,0.0,0.0,0.0,0.0,0.0,0.0,0.0,0.0,0.0,0.005,0.01,0.0,0.0,0.0,0.0,0.0,0.0,0.0,0.0,0.0,0.0,0.0,0.0,0.0,0.0,0.0,0.0,0.005,0.01,13.0,0.0,0.0,0.0,0.0,0.0,0.0,0.0,0.0,0.0,,,,,,,,,,,,,,,,,,,3.0,8.0,,,,472.0,88888.0,,,,,,14.0,14.0,14.0,15.0,16.0,21.0,24.0,0.0,0.0,0.0,0.0,0.0,15.6,,265.37,1.6,0.0,167.0,0.0,,0.0,0.0,0.0,0.0,0.0,0.0,0.0,0.0,0.0,0.0,0.0,0.0,0.0,0.0,0.0,0.0,0.0,0.0,0.0,0.0,0.0,0.0,0.0,0.0,0.0,0.0,0.0,0.0,0.0,0.0,0.0,0.0,0.0,0.0,0.0,0.0,0.0,0.0,,,,,,,,,,,,,,14.0,9.999e+20,,,,,,,,,,,,,,,,,,,,,,,,,,,,,7.5,3.2,4.0,4.4,4.8,5.27893,5.31761,5.79403,5.84915,6.29021,3.6,6.38286,6.87273,7.361,7.85824,8.33128,8.88075,9.4477,10.4895,12.1375,14.1808,19.1426,7.51946,3.36215,12.0,3.0,2.0,0.0,0.0,0.0,0.0,25.0,2.0,9.999e+20,9.999e+20,9.999e+20,9.999e+20,9.999e+20,,,,,,,,,,,,,,,,,,,,,,,,,,,,,,,,,,,,,,,,,,,,,,,,,,,,,,,,,,,,,,,,,,,,,,,,,,,,,,,,,,,,,,,,,,,,,,,,,,,,,,,,,,,,,,,,,,,,,,,,,,85.0,,800.0,,0.0,0.0,31.3,0.0,,59.0,,,,,,,,,,,,,,,,,,,,,,,,,,,,,,,,,,,,,,,,,,,,,,,,,,,,,,,,,,,,,13.5,10.5,12.3,8.6,13.2,14.6,16.9,17.9,832.0,360.0,640.0,288.0,880.0,1008.0,1128.0,1224.0,,,53.0,20.0,,,,,,2.31128,272.2,1.6,,,,,,,,,,,,,,,,,,,,,,,,,,,,,,,266.78,260.205,262.92,264.128,265.336,265.719,266.092,266.293,266.753,267.114,262.259,266.976,267.346,267.689,267.851,268.088,267.981,268.4,268.442,268.989,269.068,270.286,0.0,0.0,0.0,0.0,1.0,100.0,100.0,0.0,9.999e+20,250.0,3.7,250.0,4.2,0.0,0.0,,0.0,0.0,1.0,,16293.0,,,,,2998.0,250.0,250.0,250.0,,271.9,,,,,,,,,,,,,,,,,,,,,,,,,,,,,3.7,1.2,1.6,2.0,2.4,2.4,2.8,2.8,3.2,3.2,1.6,3.2,3.6,3.6,4.0,4.4,4.4,4.8,5.2,6.0,7.6,10.9025,3.68944,1.81362,1.0,0.0,0.0,0.0,45.0,0.0,13.0,2.0,4.5,4.9,
2026032919,,,,,,,,,,,,,,,,,,,,,,,,,,,,,,,,,0.038,,,,,,,,,,,,,,,,,,,,,,,,,,,,,,,,,,,,,,,,,,,,,,,,,,,,,,,,,,,,,,,,,,,,,,,,,,,,,,,,,,,,,,,,,,,,,,,,,,,,,,,,,,,,,,,,,,,,,,,,,,,,,,,,,,,,,,,,,,,,,,,,,,,,,,,,,,,,,,,,,,,,,,,,,,,,,,,,,,,,,,,,,,,,,,,,,,,,,,,,,,,,,,,,,,,,,,,,,,,,,,,,,,,,4.0,,4.0,,12.0,,,,,,,,,,,,,,,,,,,,,,,,,,,,,,,,,,,,,,,,,,,,,,,,,,,,,,,,,,,,,,,,,,,,,,,,,,,,,,,,,,,,,,,,,,,,,,,,,,,,,,,,,,,,,,,,,,,,,,,,,,,,,,,,,,,,,,,,,,,,,,,,,,,,,,,,,,,,,,,,,,,,,,,,,,,,,,,,,,,,,,,,,,,,,,,,,,,,,,,,,,,,,,,,,,,,,,,,,,,,,,,,,,,,,,,,,,,,,,,,,,,,,,,,,,,,,,,,,,,,,,,,,,,,,,,,,,,,,,,,,,,,,,,,,,,,,,,,,,,,,,,,,,,,,,,,,,,,,,,,,,,,,,,,,,,,,,,,,,,,,,,,,,,,,,,,,,,,,,,,,,,,,,,,,,,,,,,,,,,,,,,,,,,,,,,,,,,,,,,,,,,,,,,,,,,,,,,,,,,,,,,,,,,,,,,,2.0,,3.0,3.0,,,,,,,,,,,,,,,,,,,,,,,,,,,,,,,,,,,,,,,,,,,,,,,,,,,,,,,,,,,,,,,,,,,,,
2026032920,,,,,,,,,,,,,,,,,,,,,,,,,,,,,,,,,0.05,,,,,,,,,,,,,,,,,,,,,,,,,,,,,,,,,,,,,,,,,,,,,,,,,,,,,,,,,,,,,,,,,,,,,,,,,,,,,,,,,,,,,,,,,,,,,,,,,,,,,,,,,,,,,,,,,,,,,,,,,,,,,,,,,,,,,,,,,,,,,,,,,,,,,,,,,,,,,,,,,,,,,,,,,,,,,,,,,,,,,,,,,,,,,,,,,,,,,,,,,,,,,,,,,,,,,,,,,,,,,,,,,,,,,,,,,,,,,,,,,,,,,,,,,,,,,,,,,,,,,,,,,,,,,,,,,,,,,,,,,,,,,,,,,,,,,,,,,,,,,,,,,,,,,,,,,,,,,,,,,,,,,,,,,,,,,,,,,,,,,,,,,,,,,,,,,,,,,,,,,,,,,,,,,,,,,,,,,,,,,,,,,,,,,,,,,,,,,,,,,,,,,,,,,,,,,,,,,,,,,,,,,,,,,,,,,,,,,,,,,,,,,,,,,,,,,,,,,,,,,,,,,,,,,,,,,,,,,,,,,,,,,,,,,,,,,,,,,,,,,,,,,,,,,,,,,,,,,,,,,,,,,,,,,,,,,,,,,,,,,,,,,,,,,,,,,,,,,,,,,,,,,,,,,,,,,,,,,,,,,,,,,,,,,,,,,,,,,,,,,,,,,,,,,,,,,,,,,,,,,,,,,,,,,,,,,,,,,,,,,,,,,,,,,,,,,,,,,,,,,,,,,,,,,,,,,,,,,,,,,,,,,,,,,,,,,,,,,,,,,,,,,,,,,,,,,,,,,,,,,,,,,,,,,,,,,,,,
2026032921,,,,,,,,,,,,,,,,,,,,,,,,,,,,,,,,,0.066,,,,,,,,,,,,,,,,,,,,,,,,,,,,,,,,,,,,,,,,,,,,,,,,,,,,,,,,,,,,,,,,,,,,,,,,,,,,,,,,,,,,,,,,,,,,,,,,,,,,,,,,,,,,,,,,,,,,,,,,,,,,,,,,,,268.74,,,,,,,,,,,,,,,,,,,,,,,,,,,,,,,,,,,,,,,,,,,,,,,,,,,,,,,,,,,,,,,,,,,,,,,,,,,,,,,,,,,,,,,,,,,20.0,19.0,,,,32.0,2176.0,,,,,,12.0,13.0,12.0,14.0,16.0,22.0,26.0,0.0,0.0,0.0,0.0,0.0,15.0,,266.5,1.64,0.0,473.0,1.0,,,,,,,,,,,,,,,,,,,,,,,,,,,,,,,,,,,,,,,,,,,,,,,,,,,,,,9.999e+20,,,,,,,,,,,,,,,,,,,,,,,,,,,,,9.1,4.4,5.16194,5.80967,5.98144,6.39777,6.53677,7.03316,7.12087,7.23128,4.8,7.76686,9.06708,9.13373,10.0183,10.1227,10.9936,11.4843,12.071,13.4867,16.252,19.338,8.72553,3.42187,21.0,5.0,4.0,1.0,0.0,0.0,0.0,46.0,,9.999e+20,9.999e+20,9.999e+20,9.999e+20,9.999e+20,,,,,,,,,,,,,,,,,,,,,,,,,,,,,,,,,,,,,,,,,,,,,,,,,,,,,,,,,,,,,,,,,,,,,,,,,,,,,,,,,,,,,,,,,,,,,,,,,,,,,,,,,,,,,,,,,,,,,,,,,,,,1144.0,,0.8,0.0,48.2,0.0,,59.0,,,,,,,,,,,,,,,,,,,,,,,,,,,,,,,,,,,,,,,,,,,,,,,,,,,,,,,,,,,,,13.0,9.1,11.9,7.2,13.0,14.7,17.3,18.2,1040.0,432.0,792.0,304.0,1056.0,1232.0,1352.0,1464.0,,,63.0,16.0,,,,,,,273.46,1.63,,,,,,,,,,,,,,,,,,,,,,,,,,,,,,,,,,,,,,,,,,,,,,,,,,,,,,,,,,,,,9.999e+20,250.0,4.9,230.0,4.8,,,,0.0,,2.0,,16297.0,,,,,5358.0,250.0,250.0,250.0,,273.5,,,,,,,,,,,,,,,,,,,,,,,,,,,,,4.9,2.0,2.8,3.2,3.2,3.6,3.6,3.6,4.0,4.4,2.4,4.4,4.8,5.2,5.2,5.6,6.0,6.06217,6.59648,7.53544,9.30262,11.2007,4.87134,1.81319,1.0,0.0,0.0,0.0,70.0,0.0,29.0,5.0,5.4,6.3,
2026032922,,,,,,,,,,,,,,,,,,,,,,,,,,,,,,,,,0.072,,,,,,,,,,,,,,,,,,,,,,,,,,,,,,,,,,,,,,,,,,,,,,,,,,,,,,,,,,,,,,,,,,,,,,,,,,,,,,,,,,,,,,,,,,,,,,,,,,,,,,,,,,,,,,,,,,,,,,,,,,,,,,,,,,,,,,,,,,,,,,,,,,,,,,,,,,,,,,,,,,,,,,,,,,,,,,,,,,,,,,,,,,,,,,,,,,,,,,,,,,,,,,,,,,,,,,,,,,,,,,,,,,,,2.0,,3.0,,11.0,,,,,,,,,,,,,,,,,,,,,,,,,,,,,,,,,,,,,,,,,,,,,,,,,,,,,,,,,,,,,,,,,,,,,,,,,,,,,,,,,,,,,,,,,,,,,,,,,,,,,,,,,,,,,,,,,,,,,,,,,,,,,,,,,,,,,,,,,,,,,,,,,,,,,,,,,,,,,,,,,,,,,,,,,,,,,,,,,,,,,,,,,,,,,,,,,,,,,,,,,,,,,,,,,,,,,,,,,,,,,,,,,,,,,,,,,,,,,,,,,,,,,,,,,,,,,,,,,,,,,,,,,,,,,,,,,,,,,,,,,,,,,,,,,,,,,,,,,,,,,,,,,,,,,,,,,,,,,,,,,,,,,,,,,,,,,,,,,,,,,,,,,,,,,,,,,,,,,,,,,,,,,,,,,,,,,,,,,,,,,,,,,,,,,,,,,,,,,,,,,,,,,,,,,,,,,,,,,,,,,,,,,,,,,,,,9.0,,13.0,15.0,,,,,,,,,,,,,,,,,,,,,,,,,,,,,,,,,,,,,,,,,,,,,,,,,,,,,,,,,,,,,,,,,,,,,
2026032923,,,,,,,,,,,,,,,,,,,,,,,,,,,,,,,,,0.1,,,,,,,,,,,,,,,,,,,,,,,,,,,,,,,,,,,,,,,,,,,,,,,,,,,,,,,,,,,,,,,,,,,,,,,,,,,,,,,,,,,,,,,,,,,,,,,,,,,,,,,,,,,,,,,,,,,,,,,,,,,,,,,,,,,,,,,,,,,,,,,,,,,,,,,,,,,,,,,,,,,,,,,,,,,,,,,,,,,,,,,,,,,,,,,,,,,,,,,,,,,,,,,,,,,,,,,,,,,,,,,,,,,,,,,,,,,,,,,,,,,,,,,,,,,,,,,,,,,,,,,,,,,,,,,,,,,,,,,,,,,,,,,,,,,,,,,,,,,,,,,,,,,,,,,,,,,,,,,,,,,,,,,,,,,,,,,,,,,,,,,,,,,,,,,,,,,,,,,,,,,,,,,,,,,,,,,,,,,,,,,,,,,,,,,,,,,,,,,,,,,,,,,,,,,,,,,,,,,,,,,,,,,,,,,,,,,,,,,,,,,,,,,,,,,,,,,,,,,,,,,,,,,,,,,,,,,,,,,,,,,,,,,,,,,,,,,,,,,,,,,,,,,,,,,,,,,,,,,,,,,,,,,,,,,,,,,,,,,,,,,,,,,,,,,,,,,,,,,,,,,,,,,,,,,,,,,,,,,,,,,,,,,,,,,,,,,,,,,,,,,,,,,,,,,,,,,,,,,,,,,,,,,,,,,,,,,,,,,,,,,,,,,,,,,,,,,,,,,,,,,,,,,,,,,,,,,,,,,,,,,,,,,,,,,,,,,,,,,,,,,,,,,,,,,,,,,,,,,,,,,,,,,,,,,,,,,,
2026033000,0.896,0.0,0.0,0.0,0.0,0.0,0.0,0.0,0.0,0.0,0.0,0.073,0.265,0.541,0.757,0.982,1.24,1.615,2.048,2.598,3.762,7.608,45.0,0.0,0.0,0.0,0.0,10.0,0.0,0.0,2.0,0.0,0.103,,1.149,0.0,0.0,0.0,0.0,0.0,0.0,0.0,0.0,0.0,0.0,0.102,0.301,0.568,0.79,1.134,1.474,1.943,2.52,3.366,4.995,11.336,46.0,0.0,1.0,0.0,0.0,0.0,0.0,0.0,3.0,0.0,1.178,0.0,0.0,0.0,0.0,0.0,0.0,0.0,0.0,0.001,0.0,0.134,0.385,0.607,0.872,1.227,1.588,2.033,2.604,3.559,5.035,10.575,1.0,0.0,15.0,0.0,0.0,0.0,0.0,0.0,0.0,0.0,0.254,0.0,0.0,0.0,0.0,0.0,0.0,0.0,0.0,0.0,0.0,0.015,0.154,0.313,0.496,0.656,0.856,1.111,1.411,1.786,2.54,4.972,42.0,0.0,0.0,5.0,0.0,0.0,0.0,0.0,0.0,0.0,1.155,0.0,0.0,0.0,0.0,0.0,0.0,0.0,0.0,0.007,0.0,0.172,0.396,0.599,0.84,1.139,1.508,1.996,2.496,3.384,5.116,10.824,0.0,0.0,0.0,0.0,0.0,0.0,0.0,3.0,0.0,0.0,267.25,,,,,,,,,,,,,,,,,,,0.005,0.0,0.0,0.0,0.003,0.01,0.02,0.041,50.0,9.0,0.0,0.0,0.0,0.0,0.0,0.0,0.0,0.0,0.005,0.0,0.0,0.0,0.003,0.01,0.02,0.041,9.0,0.0,0.0,0.0,0.0,0.0,0.0,0.0,0.0,0.0,0.005,0.0,0.0,0.0,0.0,0.01,0.018,0.028,48.0,7.0,0.0,0.0,0.0,0.0,0.0,0.0,0.0,0.0,0.005,0.0,0.0,0.0,0.003,0.01,0.02,0.041,9.0,0.0,0.0,0.0,0.0,0.0,0.0,0.0,0.0,0.0,24.0,21.0,,,,32.0,1824.0,,,,,,12.0,13.0,12.0,13.0,17.0,22.0,23.0,0.0,0.0,0.0,0.0,0.0,14.3,,267.03,1.61,0.0,363.0,2.0,,0.0,0.0,0.0,0.0,0.0,0.0,0.0,0.0,0.0,0.0,0.0,0.0,0.0,0.0,0.0,0.0,0.0,0.0,0.0,0.0,0.0,0.0,0.0,0.0,0.0,0.0,0.0,0.0,0.0,0.0,0.0,0.0,0.0,0.0,0.0,0.0,0.0,0.0,0.0,0.0,0.0,0.0,0.0,0.0,0.0,0.0,0.0,0.0,0.0,0.0,0.0,17.2,9.999e+20,,,,,,,,,,,,,,,,,,,,,,,,,,,,,9.0,3.2,4.8,5.6,6.0,6.12627,6.50549,6.75576,6.95467,7.42304,4.4,7.88788,8.37892,8.85272,10.1195,10.6716,10.8582,11.9018,13.1164,14.1137,16.1311,20.2496,9.0326,3.89502,22.0,8.0,4.0,0.0,0.0,0.0,0.0,41.0,2.0,9.999e+20,9.999e+20,9.999e+20,9.999e+20,9.999e+20,,,,,,,,,,,,,,,,,,,,,,,,,,,,,,,,,,,,,,,,,,,,,,,,,,,,,,,,,,,,,,,,,,,,,,,,,,,,,,,,,,,,,,,,,,,,,,,,,,,,,,,,,,,,,,,,,,,,,,,,,,,,928.0,0.0,1.7,0.0,61.1,0.0,,66.0,,,,,,,,,,,,,,,,,,,,,,,,,,,,,,,,,,,,,,,,,,,,,,,,,,,,,,,,,,,,,12.6,8.1,11.6,5.2,13.1,14.9,17.5,18.6,1152.0,464.0,880.0,304.0,1128.0,1360.0,1512.0,1696.0,,,69.0,10.0,,273.81,1.09,,,,272.36,1.61,,,,,,,,,,,,,,,,,,,,,,,,,,,,,,,,,,,,,,,,,,,,,,,,,,,,,,,,,,,,,9.999e+20,260.0,4.9,250.0,5.4,1.0,3.0,,1.0,3.0,2.0,,16285.0,,,,,4571.0,260.0,260.0,260.0,,271.2,,,,,,,,,,,,,,,,,,,,,,,,,,,,,4.9,1.6,2.4,2.8,3.2,3.2,3.6,3.6,4.0,4.4,2.4,4.4,4.8,4.8,5.6,5.6,6.0,6.4,6.8,7.6,8.75457,11.1161,4.91843,2.26469,1.0,0.0,0.0,0.0,69.0,0.0,33.0,5.0,5.3,6.1,
2026033001,,,,,,,,,,,,,,,,,,,,,,,,,,,,,,,,,0.095,,,,,,,,,,,,,,,,,,,,,,,,,,,,,,,,,,,,,,,,,,,,,,,,,,,,,,,,,,,,,,,,,,,,,,,,,,,,,,,,,,,,,,,,,,,,,,,,,,,,,,,,,,,,,,,,,,,,,,,,,,,,,,,,,,,,,,,,,,,,,,,,,,,,,,,,,,,,,,,,,,,,,,,,,,,,,,,,,,,,,,,,,,,,,,,,,,,,,,,,,,,,,,,,,,,,,,,,,,,,,,,,,,,,2.0,,4.0,,21.0,,,,,,,,,,,,,,,,,,,,,,,,,,,,,,,,,,,,,,,,,,,,,,,,,,,,,,,,,,,,,,,,,,,,,,,,,,,,,,,,,,,,,,,,,,,,,,,,,,,,,,,,,,,,,,,,,,,,,,,,,,,,,,,,,,,,,,,,,,,,,,,,,,,,,,,,,,,,,,,,,,,,,,,,,,,,,,,,,,,,,,,,,,,,,,,,,,,,,,,,,,,,,,,,,,,,,,,,,,,,,,,,,,,,,,,,,,,,,,,,,,,,,,,,,,,,,,,,,,,,,,,,,,,,,,,,,,,,,,,,,,,,,,,,,,,,,,,,,,,,,,,,,,,,,,,,,,,,,,,,,,,,,,,,,,,,,,,,,,,,,,,,,,,,,,,,,,,,,,,,,,,,,,,,,,,,,,,,,,,,,,,,,,,,,,,,,,,,,,,,,,,,,,,,,,,,,,,,,,,,,,,,,,,,,,,,8.0,,12.0,15.0,,,,,,,,,,,,,,,,,,,,,,,,,,,,,,,,,,,,,,,,,,,,,,,,,,,,,,,,,,,,,,,,,,,,,
2026033002,,,,,,,,,,,,,,,,,,,,,,,,,,,,,,,,,0.12,,,,,,,,,,,,,,,,,,,,,,,,,,,,,,,,,,,,,,,,,,,,,,,,,,,,,,,,,,,,,,,,,,,,,,,,,,,,,,,,,,,,,,,,,,,,,,,,,,,,,,,,,,,,,,,,,,,,,,,,,,,,,,,,,,,,,,,,,,,,,,,,,,,,,,,,,,,,,,,,,,,,,,,,,,,,,,,,,,,,,,,,,,,,,,,,,,,,,,,,,,,,,,,,,,,,,,,,,,,,,,,,,,,,,,,,,,,,,,,,,,,,,,,,,,,,,,,,,,,,,,,,,,,,,,,,,,,,,,,,,,,,,,,,,,,,,,,,,,,,,,,,,,,,,,,,,,,,,,,,,,,,,,,,,,,,,,,,,,,,,,,,,,,,,,,,,,,,,,,,,,,,,,,,,,,,,,,,,,,,,,,,,,,,,,,,,,,,,,,,,,,,,,,,,,,,,,,,,,,,,,,,,,,,,,,,,,,,,,,,,,,,,,,,,,,,,,,,,,,,,,,,,,,,,,,,,,,,,,,,,,,,,,,,,,,,,,,,,,,,,,,,,,,,,,,,,,,,,,,,,,,,,,,,,,,,,,,,,,,,,,,,,,,,,,,,,,,,,,,,,,,,,,,,,,,,,,,,,,,,,,,,,,,,,,,,,,,,,,,,,,,,,,,,,,,,,,,,,,,,,,,,,,,,,,,,,,,,,,,,,,,,,,,,,,,,,,,,,,,,,,,,,,,,,,,,,,,,,,,,,,,,,,,,,,,,,,,,,,,,,,,,,,,,,,,,,,,,,,,,,,,,,,,,,,,,,,,,
2026033003,,,,,,,,,,,,,,,,,,,,,,,,,,,,,,,,,0.12,,,,,,,,,,,,,,,,,,,,,,,,,,,,,,,,,,,,,,,,,,,,,,,,,,,,,,,,,,,,,,,,,,,,,,,,,,,,,,,,,,,,,,,,,,,,,,,,,,,,,,,,,,,,,,,,,,,,,,,,,,,,,,,,,,265.18,,,,,,,,,,,,,,,,,,,,,,,,,,,,,,,,,,,,,,,,,,,,,,,,,,,,,,,,,,,,,,,,,,,,,,,,,,,,,,,,,,,,,,,,,,,5.0,6.0,,,,30.0,88886.0,,,,,,11.0,12.0,11.0,13.0,17.0,26.0,26.0,0.0,0.0,0.0,0.0,0.0,14.1,,266.95,1.63,0.0,69.0,3.0,,,,,,,,,,,,,,,,,,,,,,,,,,,,,,,,,,,,,,,,,,,,,,,,,,,,,,9.999e+20,,,,,,,,,,,,,,,,,,,,,,,,,,,,,8.4,2.8,4.4,4.8,5.2,5.2,5.76068,6.25195,6.3969,6.85627,4.0,6.95967,7.44391,7.92634,8.40766,9.69685,9.7876,11.1245,12.1862,12.9856,15.5967,19.6429,8.35474,3.72931,20.0,6.0,2.0,0.0,0.0,0.0,0.0,33.0,,9.999e+20,9.999e+20,9.999e+20,9.999e+20,9.999e+20,,,,,,,,,,,,,,,,,,,,,,,,,,,,,,,,,,,,,,,,,,,,,,,,,,,,,,,,,,,,,,,,,,,,,,,,,,,,,,,,,,,,,,,,,,,,,,,,,,,,,,,,,,,,,,,,,,,,,,,,,,,,240.0,,3.5,0.0,61.1,0.0,,78.0,,,,,,,,,,,,,,,,,,,,,,,,,,,,,,,,,,,,,,,,,,,,,,,,,,,,,,,,,,,,,13.6,7.1,12.2,5.0,14.0,15.8,17.9,18.8,976.0,304.0,704.0,168.0,1000.0,1248.0,1568.0,1744.0,,,61.0,14.0,,,,,,,270.21,1.64,,,,,,,,,,,,,,,,,,,,,,,,,,,,,,,,,,,,,,,,,,,,,,,,,,,,,,,,,,,,,9.999e+20,270.0,4.4,250.0,5.1,,,,1.0,,3.0,,,,,,,985.0,270.0,270.0,270.0,,270.5,,,,,,,,,,,,,,,,,,,,,,,,,,,,,4.4,1.2,2.0,2.4,2.8,3.2,3.2,3.6,3.6,3.6,1.6,4.0,4.0,4.4,4.4,5.2,5.6,6.0,6.8,7.2,8.8,11.2,4.41276,2.11695,1.0,0.0,0.0,0.0,62.0,0.0,24.0,4.0,5.2,5.6,
2026033004,,,,,,,,,,,,,,,,,,,,,,,,,,,,,,,,,0.138,,,,,,,,,,,,,,,,,,,,,,,,,,,,,,,,,,,,,,,,,,,,,,,,,,,,,,,,,,,,,,,,,,,,,,,,,,,,,,,,,,,,,,,,,,,,,,,,,,,,,,,,,,,,,,,,,,,,,,,,,,,,,,,,,,,,,,,,,,,,,,,,,,,,,,,,,,,,,,,,,,,,,,,,,,,,,,,,,,,,,,,,,,,,,,,,,,,,,,,,,,,,,,,,,,,,,,,,,,,,,,,,,,,,,,,,,,,,,,,,,,,,,,,,,,,,,,,,,,,,,,,,,,,,,,,,,,,,,,,,,,,,,,,,,,,,,,,,,,,,,,,,,,,,,,,,,,,,,,,,,,,,,,,,,,,,,,,,,,,,,,,,,,,,,,,,,,,,,,,,,,,,,,,,,,,,,,,,,,,,,,,,,,,,,,,,,,,,,,,,,,,,,,,,,,,,,,,,,,,,,,,,,,,,,,,,,,,,,,,,,,,,,,,,,,,,,,,,,,,,,,,,,,,,,,,,,,,,,,,,,,,,,,,,,,,,,,,,,,,,,,,,,,,,,,,,,,,,,,,,,,,,,,,,,,,,,,,,,,,,,,,,,,,,,,,,,,,,,,,,,,,,,,,,,,,,,,,,,,,,,,,,,,,,,,,,,,,,,,,,,,,,,,,,,,,,,,,,,,,,,,,,,,,,,,,,,,,,,,,,,,,,,,,,,,,,,,,,,,,,,,,,,,,,,,,,,,,,,,,,,,,,,,,,,,,,,,,,,,,,,,,,,,,,,,,,,,,,,,,,,,,,,,,,,,,,,,,,
2026033005,,,,,,,,,,,,,,,,,,,,,,,,,,,,,,,,,0.141,,,,,,,,,,,,,,,,,,,,,,,,,,,,,,,,,,,,,,,,,,,,,,,,,,,,,,,,,,,,,,,,,,,,,,,,,,,,,,,,,,,,,,,,,,,,,,,,,,,,,,,,,,,,,,,,,,,,,,,,,,,,,,,,,,,,,,,,,,,,,,,,,,,,,,,,,,,,,,,,,,,,,,,,,,,,,,,,,,,,,,,,,,,,,,,,,,,,,,,,,,,,,,,,,,,,,,,,,,,,,,,,,,,,,,,,,,,,,,,,,,,,,,,,,,,,,,,,,,,,,,,,,,,,,,,,,,,,,,,,,,,,,,,,,,,,,,,,,,,,,,,,,,,,,,,,,,,,,,,,,,,,,,,,,,,,,,,,,,,,,,,,,,,,,,,,,,,,,,,,,,,,,,,,,,,,,,,,,,,,,,,,,,,,,,,,,,,,,,,,,,,,,,,,,,,,,,,,,,,,,,,,,,,,,,,,,,,,,,,,,,,,,,,,,,,,,,,,,,,,,,,,,,,,,,,,,,,,,,,,,,,,,,,,,,,,,,,,,,,,,,,,,,,,,,,,,,,,,,,,,,,,,,,,,,,,,,,,,,,,,,,,,,,,,,,,,,,,,,,,,,,,,,,,,,,,,,,,,,,,,,,,,,,,,,,,,,,,,,,,,,,,,,,,,,,,,,,,,,,,,,,,,,,,,,,,,,,,,,,,,,,,,,,,,,,,,,,,,,,,,,,,,,,,,,,,,,,,,,,,,,,,,,,,,,,,,,,,,,,,,,,,,,,,,,,,,,,,,,,,,,,,,,,,,,,,,,,,
2026033006,1.614,0.0,0.0,0.0,0.0,0.0,0.093,0.3,0.494,0.731,0.0,0.996,1.261,1.52,1.816,2.123,2.477,2.925,3.392,4.121,5.41,8.693,66.0,0.0,0.0,0.0,0.0,24.0,0.0,0.0,3.0,0.0,0.112,,2.538,0.0,0.0,0.0,0.0,0.0,0.113,0.414,0.732,1.116,0.0,1.532,1.909,2.339,2.82,3.348,3.825,4.506,5.348,6.366,8.833,14.986,67.0,0.0,2.0,0.0,0.0,0.0,0.0,0.0,10.0,0.0,,,,,,,,,,,,,,,,,,,,,,,,,,,,,,,,,0.762,0.0,0.0,0.0,0.0,0.0,0.0,0.0,0.002,0.106,0.0,0.263,0.404,0.574,0.786,1.022,1.359,1.604,1.942,2.428,3.27,4.939,51.0,0.0,0.0,9.0,0.0,0.0,0.0,0.0,0.0,0.0,,,,,,,,,,,,,,,,,,,,,,,,,,,,,,,,,264.53,,,,,,,,,,,,,,,,,,,0.018,0.0,0.0,0.0,0.01,0.025,0.038,0.061,68.0,27.0,8.0,0.0,0.0,0.0,0.0,0.0,0.0,0.0,0.018,0.0,0.0,0.0,0.01,0.025,0.038,0.061,27.0,8.0,0.0,0.0,0.0,0.0,0.0,0.0,0.0,0.0,0.01,0.0,0.0,0.0,0.003,0.015,0.025,0.028,51.0,11.0,1.0,0.0,0.0,0.0,0.0,0.0,0.0,0.0,0.018,0.0,0.0,0.0,0.01,0.025,0.038,0.061,27.0,0.0,0.0,0.0,0.0,0.0,0.0,0.0,0.0,0.0,5.0,4.0,,,,30.0,88886.0,,,,,,11.0,13.0,11.0,14.0,18.0,24.0,24.0,0.0,0.0,0.0,0.0,0.0,14.1,,266.82,2.01,0.0,35.0,3.0,,0.0,0.0,0.0,0.0,0.0,0.0,0.0,0.0,0.0,0.0,0.0,0.0,0.0,0.0,0.0,0.0,0.0,0.0,0.0,0.0,0.0,0.0,0.0,0.0,0.0,0.0,0.0,0.0,0.0,0.0,0.0,0.0,0.0,0.0,0.0,0.0,0.0,0.0,0.0,0.0,0.0,0.0,0.0,0.0,0.0,0.0,0.0,0.0,0.0,0.0,0.0,15.0,9.999e+20,12.8673,6.84844,9.25211,9.37601,9.58661,10.1074,10.258,10.3644,10.513,11.0507,7.93777,11.5535,12.434,12.9971,13.5205,13.6289,14.5966,15.8814,17.2759,19.0797,20.1759,26.8703,52.0,13.0,4.0,1.0,1.0,0.0,7.7,3.2,4.4,5.2,5.6,5.6,5.6,6.02025,6.08597,6.54351,4.0,7.00516,7.47671,7.55135,8.03548,8.15073,9.09955,9.63886,11.0263,11.9208,14.5312,18.7542,7.66052,3.31051,14.0,4.0,2.0,1.0,0.0,0.0,0.0,26.0,2.0,9.999e+20,9.999e+20,9.999e+20,9.999e+20,9.999e+20,,,,,,,,,,,,,,,,,,,,,,,,,,,,,,,,,,,,,,,,,,,,,,,,,,,,,,,,,,,,,,,,,,,,,,,,,,,,,,,,,,,,,,,,,,,,,,,,,,,,,,,,,,,,,,,,,,,,,,,,,,,59.0,256.0,,3.5,0.0,61.1,0.0,,82.0,,,,,,,,,,,,,,,,,,,,,,,,,,,,,,,,,,,,,,,,,,,,,,,,,,,,,,,,,,,,,14.1,7.5,12.8,4.9,15.2,17.1,18.8,19.0,864.0,0.0,544.0,0.0,856.0,1144.0,1520.0,1808.0,,,58.0,13.0,,,,,,2.58902,269.63,1.99,273.647,267.155,269.248,270.934,272.021,272.38,272.69,273.227,273.454,273.601,268.554,274.323,274.313,274.634,275.274,275.546,276.014,276.233,276.778,276.871,277.467,279.042,0.0,16.0,35.0,0.0,0.0,0.0,0.0,0.0,,,,,,,,,,,,,,,,,,,,,,,,,,,,,,,9.999e+20,260.0,4.0,250.0,5.2,4.0,6.0,,0.0,3.0,3.0,,,,,,,1090.0,260.0,260.0,260.0,,270.2,7.03941,4.4,5.2,5.2,5.6,5.6,6.0,6.0,6.0,6.00519,4.8,6.4428,6.50898,6.96283,7.4315,7.50588,7.60107,8.47824,8.97746,9.88722,10.5574,13.6541,4.0,0.0,0.0,0.0,76.0,16.0,4.0,1.2,2.0,2.8,2.8,2.8,2.8,3.2,3.2,3.6,1.6,4.0,4.0,4.0,4.4,4.4,4.8,5.2,6.0,6.8,7.6,10.4,4.0,2.0,1.0,0.0,0.0,0.0,54.0,0.0,17.0,2.0,4.8,5.2,
2026033007,,,,,,,,,,,,,,,,,,,,,,,,,,,,,,,,,0.113,,,,,,,,,,,,,,,,,,,,,,,,,,,,,,,,,,,,,,,,,,,,,,,,,,,,,,,,,,,,,,,,,,,,,,,,,,,,,,,,,,,,,,,,,,,,,,,,,,,,,,,,,,,,,,,,,,,,,,,,,,,,,,,,,,,,,,,,,,,,,,,,,,,,,,,,,,,,,,,,,,,,,,,,,,,,,,,,,,,,,,,,,,,,,,,,,,,,,,,,,,,,,,,,,,,,,,,,,,,,,,,,,,,,,,,,,,,,,,,,,,,,,,,,,,,,,,,,,,,,,,,,,,,,,,,,,,,,,,,,,,,,,,,,,,,,,,,,,,,,,,,,,,,,,,,,,,,,,,,,,,,,,,,,,,,,,,,,,,,,,,,,,,,,,,,,,,,,,,,,,,,,,,,,,,,,,,,,,,,,,,,,,,,,,,,,,,,,,,,,,,,,,,,,,,,,,,,,,,,,,,,,,,,,,,,,,,,,,,,,,,,,,,,,,,,,,,,,,,,,,,,,,,,,,,,,,,,,,,,,,,,,,,,,,,,,,,,,,,,,,,,,,,,,,,,,,,,,,,,,,,,,,,,,,,,,,,,,,,,,,,,,,,,,,,,,,,,,,,,,,,,,,,,,,,,,,,,,,,,,,,,,,,,,,,,,,,,,,,,,,,,,,,,,,,,,,,,,,,,,,,,,,,,,,,,,,,,,,,,,,,,,,,,,,,,,,,,,,,,,,,,,,,,,,,,,,,,,,,,,,,,,,,,,,,,,,,,,,,,,,,,,,,,,,,,,,,,,,,,,,,,,,,,,,,,,,,,,
2026033008,,,,,,,,,,,,,,,,,,,,,,,,,,,,,,,,,0.141,,,,,,,,,,,,,,,,,,,,,,,,,,,,,,,,,,,,,,,,,,,,,,,,,,,,,,,,,,,,,,,,,,,,,,,,,,,,,,,,,,,,,,,,,,,,,,,,,,,,,,,,,,,,,,,,,,,,,,,,,,,,,,,,,,,,,,,,,,,,,,,,,,,,,,,,,,,,,,,,,,,,,,,,,,,,,,,,,,,,,,,,,,,,,,,,,,,,,,,,,,,,,,,,,,,,,,,,,,,,,,,,,,,,,,,,,,,,,,,,,,,,,,,,,,,,,,,,,,,,,,,,,,,,,,,,,,,,,,,,,,,,,,,,,,,,,,,,,,,,,,,,,,,,,,,,,,,,,,,,,,,,,,,,,,,,,,,,,,,,,,,,,,,,,,,,,,,,,,,,,,,,,,,,,,,,,,,,,,,,,,,,,,,,,,,,,,,,,,,,,,,,,,,,,,,,,,,,,,,,,,,,,,,,,,,,,,,,,,,,,,,,,,,,,,,,,,,,,,,,,,,,,,,,,,,,,,,,,,,,,,,,,,,,,,,,,,,,,,,,,,,,,,,,,,,,,,,,,,,,,,,,,,,,,,,,,,,,,,,,,,,,,,,,,,,,,,,,,,,,,,,,,,,,,,,,,,,,,,,,,,,,,,,,,,,,,,,,,,,,,,,,,,,,,,,,,,,,,,,,,,,,,,,,,,,,,,,,,,,,,,,,,,,,,,,,,,,,,,,,,,,,,,,,,,,,,,,,,,,,,,,,,,,,,,,,,,,,,,,,,,,,,,,,,,,,,,,,,,,,,,,,,,,,,,,,,,,,
2026033009,,,,,,,,,,,,,,,,,,,,,,,,,,,,,,,,,0.136,,,,,,,,,,,,,,,,,,,,,,,,,,,,,,,,,,,,,,,,,,,,,,,,,,,,,,,,,,,,,,,,,,,,,,,,,,,,,,,,,,,,,,,,,,,,,,,,,,,,,,,,,,,,,,,,,,,,,,,,,,,,,,,,,,264.25,,,,,,,,,,,,,,,,,,,,,,,,,,,,,,,,,,,,,,,,,,,,,,,,,,,,,,,,,,,,,,,,,,,,,,,,,,,,,,,,,,,,,,,,,,,4.0,3.0,,,,,,,,,,,11.0,14.0,11.0,15.0,17.0,22.0,22.0,0.0,0.0,0.0,0.0,0.0,14.5,,266.59,2.68,,0.0,2.0,,,,,,,,,,,,,,,,,,,,,,,,,,,,,,,,,,,,,,,,,,,,,,,,,,,,,,9.999e+20,,,,,,,,,,,,,,,,,,,,,,,,,,,,,8.0,2.8,4.4,4.8,5.6,5.6,6.0,6.4,6.4,6.86131,3.6,7.34377,7.81925,8.29176,8.75256,9.22191,9.68305,10.5925,10.7634,12.1599,13.9375,19.9241,7.98793,3.49482,14.0,2.0,2.0,0.0,0.0,0.0,0.0,37.0,,9.999e+20,9.999e+20,9.999e+20,9.999e+20,9.999e+20,,,,,,,,,,,,,,,,,,,,,,,,,,,,,,,,,,,,,,,,,,,,,,,,,,,,,,,,,,,,,,,,,,,,,,,,,,,,,,,,,,,,,,,,,,,,,,,,,,,,,,,,,,,,,,,,,,,,,,,,,,,,256.0,,1.2,0.0,55.6,0.0,,80.0,,,,,,,,,,,,,,,,,,,,,,,,,,,,,,,,,,,,,,,,,,,,,,,,,,,,,,,,,,,,,14.7,7.4,13.0,5.2,16.0,18.1,19.2,19.4,768.0,0.0,368.0,0.0,688.0,1120.0,1560.0,1784.0,,,55.0,8.0,,,,,,,269.56,2.68,,,,,,,,,,,,,,,,,,,,,,,,,,,,,,,,,,,,,,,,,,,,,,,,,,,,,,,,,,,,,9.999e+20,270.0,4.4,260.0,5.4,,,,,,3.0,,,,,,,1110.0,270.0,270.0,270.0,,270.0,,,,,,,,,,,,,,,,,,,,,,,,,,,,,4.4,0.8,2.0,2.4,2.8,2.8,3.2,3.2,3.6,3.6,1.2,4.0,4.0,4.4,4.8,5.2,5.2,5.6,6.0,6.8,8.0,10.8,4.4,2.0,1.0,0.0,0.0,0.0,56.0,0.0,21.0,2.0,4.8,5.2,
2026033010,,,,,,,,,,,,,,,,,,,,,,,,,,,,,,,,,0.138,,,,,,,,,,,,,,,,,,,,,,,,,,,,,,,,,,,,,,,,,,,,,,,,,,,,,,,,,,,,,,,,,,,,,,,,,,,,,,,,,,,,,,,,,,,,,,,,,,,,,,,,,,,,,,,,,,,,,,,,,,,,,,,,,,,,,,,,,,,,,,,,,,,,,,,,,,,,,,,,,,,,,,,,,,,,,,,,,,,,,,,,,,,,,,,,,,,,,,,,,,,,,,,,,,,,,,,,,,,,,,,,,,,,,,,,,,,,,,,,,,,,,,,,,,,,,,,,,,,,,,,,,,,,,,,,,,,,,,,,,,,,,,,,,,,,,,,,,,,,,,,,,,,,,,,,,,,,,,,,,,,,,,,,,,,,,,,,,,,,,,,,,,,,,,,,,,,,,,,,,,,,,,,,,,,,,,,,,,,,,,,,,,,,,,,,,,,,,,,,,,,,,,,,,,,,,,,,,,,,,,,,,,,,,,,,,,,,,,,,,,,,,,,,,,,,,,,,,,,,,,,,,,,,,,,,,,,,,,,,,,,,,,,,,,,,,,,,,,,,,,,,,,,,,,,,,,,,,,,,,,,,,,,,,,,,,,,,,,,,,,,,,,,,,,,,,,,,,,,,,,,,,,,,,,,,,,,,,,,,,,,,,,,,,,,,,,,,,,,,,,,,,,,,,,,,,,,,,,,,,,,,,,,,,,,,,,,,,,,,,,,,,,,,,,,,,,,,,,,,,,,,,,,,,,,,,,,,,,,,,,,,,,,,,,,,,,,,,,,,,,,,,,,,,,,,,,,,,,,,,,,,,,,,,,,,,,,,
2026033011,,,,,,,,,,,,,,,,,,,,,,,,,,,,,,,,,0.147,,,,,,,,,,,,,,,,,,,,,,,,,,,,,,,,,,,,,,,,,,,,,,,,,,,,,,,,,,,,,,,,,,,,,,,,,,,,,,,,,,,,,,,,,,,,,,,,,,,,,,,,,,,,,,,,,,,,,,,,,,,,,,,,,,,,,,,,,,,,,,,,,,,,,,,,,,,,,,,,,,,,,,,,,,,,,,,,,,,,,,,,,,,,,,,,,,,,,,,,,,,,,,,,,,,,,,,,,,,,,,,,,,,,,,,,,,,,,,,,,,,,,,,,,,,,,,,,,,,,,,,,,,,,,,,,,,,,,,,,,,,,,,,,,,,,,,,,,,,,,,,,,,,,,,,,,,,,,,,,,,,,,,,,,,,,,,,,,,,,,,,,,,,,,,,,,,,,,,,,,,,,,,,,,,,,,,,,,,,,,,,,,,,,,,,,,,,,,,,,,,,,,,,,,,,,,,,,,,,,,,,,,,,,,,,,,,,,,,,,,,,,,,,,,,,,,,,,,,,,,,,,,,,,,,,,,,,,,,,,,,,,,,,,,,,,,,,,,,,,,,,,,,,,,,,,,,,,,,,,,,,,,,,,,,,,,,,,,,,,,,,,,,,,,,,,,,,,,,,,,,,,,,,,,,,,,,,,,,,,,,,,,,,,,,,,,,,,,,,,,,,,,,,,,,,,,,,,,,,,,,,,,,,,,,,,,,,,,,,,,,,,,,,,,,,,,,,,,,,,,,,,,,,,,,,,,,,,,,,,,,,,,,,,,,,,,,,,,,,,,,,,,,,,,,,,,,,,,,,,,,,,,,,,,,,,,,,,
2026033012,1.728,0.0,0.0,0.0,0.0,0.0,0.087,0.31,0.58,0.807,0.0,1.121,1.404,1.677,2.026,2.441,2.788,3.226,3.822,4.442,5.45,8.024,66.0,0.0,0.0,0.0,0.0,29.0,0.0,0.0,3.0,0.0,0.149,,,,,,,,,,,,,,,,,,,,,,,,,,,,,,,,,,,,,,,,,,,,,,,,,,,,,,,,,,,,,,,,,,1.27,0.0,0.0,0.0,0.0,0.0,0.0,0.0,0.0,0.044,0.0,0.2,0.397,0.596,0.837,1.101,1.344,1.632,2.007,2.475,3.28,4.961,49.0,0.0,0.0,9.0,0.0,0.0,0.0,0.0,0.0,0.0,,,,,,,,,,,,,,,,,,,,,,,,,,,,,,,,,263.24,,,,,,,,,,,,,,,,,,,0.028,0.0,0.005,0.0,0.018,0.043,0.074,0.084,75.0,38.0,18.0,1.0,0.0,0.0,0.0,0.0,0.0,0.0,0.028,0.0,0.005,0.0,0.018,0.043,0.074,0.084,39.0,18.0,1.0,0.0,0.0,0.0,0.0,0.0,0.0,0.0,0.01,0.0,0.0,0.0,0.0,0.015,0.03,0.038,46.0,18.0,2.0,0.0,0.0,0.0,0.0,0.0,0.0,0.0,0.028,0.0,0.005,0.0,0.018,0.043,0.074,0.084,39.0,1.0,0.0,0.0,0.0,0.0,0.0,0.0,0.0,0.0,2.0,2.0,,,,,,,,,,,10.0,15.0,10.0,16.0,18.0,22.0,23.0,0.0,0.0,0.0,0.0,0.0,15.5,,265.85,3.48,,0.0,3.0,,0.0,0.0,0.0,0.0,0.0,0.0,0.0,0.0,0.0,0.0,0.0,0.0,0.0,0.0,0.0,0.0,0.0,0.0,0.0,0.0,0.0,0.0,0.0,0.0,0.0,0.0,0.0,0.0,0.0,0.0,0.0,0.0,0.0,0.0,0.0,0.0,0.0,0.0,0.0,0.0,0.0,0.0,0.0,0.0,0.0,0.0,0.0,0.0,0.0,0.0,0.0,9.2,9.999e+20,,,,,,,,,,,,,,,,,,,,,,,,,,,,,8.5,2.8,4.4,5.2,6.0,6.0,6.4,6.8,7.2,7.2,4.0,7.6,8.0,8.4,8.40061,9.24785,10.0771,10.5123,11.7852,13.069,15.254,17.756,8.48624,3.34118,17.0,4.0,2.0,1.0,0.0,0.0,0.0,34.0,2.0,9.999e+20,9.999e+20,9.999e+20,9.999e+20,9.999e+20,,,,,,,,,,,,,,,,,,,,,,,,,,,,,,,,,,,,,,,,,,,,,,,,,,,,,,,,,,,,,,,,,,,,,,,,,,,,,,,,,,,,,,,,,,,,,,,,,,,,,,,,,,,,,,,,,,,,,,,,,,,,216.0,3.0,1.2,0.0,55.6,0.0,,80.0,,,,,,,,,,,,,,,,,,,,,,,,,,,,,,,,,,,,,,,,,,,,,,,,,,,,,,,,,,,,,15.2,8.5,13.5,4.2,16.7,18.6,19.4,19.7,672.0,0.0,72.0,0.0,600.0,1056.0,1472.0,1744.0,,,56.0,10.0,,,,267.23,2.8,,268.79,3.51,,,,,,,,,,,,,,,,,,,,,,,,,,,,,,,,,,,,,,,,,,,,,,,,,,,,,,,,,,,,,9.999e+20,270.0,4.4,240.0,4.9,9.0,3.0,,,0.0,3.0,,,,,,,857.0,270.0,270.0,270.0,,269.5,,,,,,,,,,,,,,,,,,,,,,,,,,,,,4.4,0.8,2.4,2.4,3.2,3.2,3.2,3.6,3.6,4.0,1.6,4.0,4.4,4.4,4.8,5.2,5.2,5.6,6.4,7.2,8.4,10.0,4.4,2.0,1.0,0.0,0.0,0.0,63.0,0.0,21.0,4.0,5.2,5.6,
2026033013,,,,,,,,,,,,,,,,,,,,,,,,,,,,,,,,,0.128,,,,,,,,,,,,,,,,,,,,,,,,,,,,,,,,,,,,,,,,,,,,,,,,,,,,,,,,,,,,,,,,,,,,,,,,,,,,,,,,,,,,,,,,,,,,,,,,,,,,,,,,,,,,,,,,,,,,,,,,,,,,,,,,,,,,,,,,,,,,,,,,,,,,,,,,,,,,,,,,,,,,,,,,,,,,,,,,,,,,,,,,,,,,,,,,,,,,,,,,,,,,,,,,,,,,,,,,,,,,,,,,,,,,,,,,,,,,,,,,,,,,,,,,,,,,,,,,,,,,,,,,,,,,,,,,,,,,,,,,,,,,,,,,,,,,,,,,,,,,,,,,,,,,,,,,,,,,,,,,,,,,,,,,,,,,,,,,,,,,,,,,,,,,,,,,,,,,,,,,,,,,,,,,,,,,,,,,,,,,,,,,,,,,,,,,,,,,,,,,,,,,,,,,,,,,,,,,,,,,,,,,,,,,,,,,,,,,,,,,,,,,,,,,,,,,,,,,,,,,,,,,,,,,,,,,,,,,,,,,,,,,,,,,,,,,,,,,,,,,,,,,,,,,,,,,,,,,,,,,,,,,,,,,,,,,,,,,,,,,,,,,,,,,,,,,,,,,,,,,,,,,,,,,,,,,,,,,,,,,,,,,,,,,,,,,,,,,,,,,,,,,,,,,,,,,,,,,,,,,,,,,,,,,,,,,,,,,,,,,,,,,,,,,,,,,,,,,,,,,,,,,,,,,,,,,,,,,,,,,,,,,,,,,,,,,,,,,,,,,,,,,,,,,,,,,,,,,,,,,,,,,,,,,,,,,,,,,
2026033014,,,,,,,,,,,,,,,,,,,,,,,,,,,,,,,,,0.124,,,,,,,,,,,,,,,,,,,,,,,,,,,,,,,,,,,,,,,,,,,,,,,,,,,,,,,,,,,,,,,,,,,,,,,,,,,,,,,,,,,,,,,,,,,,,,,,,,,,,,,,,,,,,,,,,,,,,,,,,,,,,,,,,,,,,,,,,,,,,,,,,,,,,,,,,,,,,,,,,,,,,,,,,,,,,,,,,,,,,,,,,,,,,,,,,,,,,,,,,,,,,,,,,,,,,,,,,,,,,,,,,,,,,,,,,,,,,,,,,,,,,,,,,,,,,,,,,,,,,,,,,,,,,,,,,,,,,,,,,,,,,,,,,,,,,,,,,,,,,,,,,,,,,,,,,,,,,,,,,,,,,,,,,,,,,,,,,,,,,,,,,,,,,,,,,,,,,,,,,,,,,,,,,,,,,,,,,,,,,,,,,,,,,,,,,,,,,,,,,,,,,,,,,,,,,,,,,,,,,,,,,,,,,,,,,,,,,,,,,,,,,,,,,,,,,,,,,,,,,,,,,,,,,,,,,,,,,,,,,,,,,,,,,,,,,,,,,,,,,,,,,,,,,,,,,,,,,,,,,,,,,,,,,,,,,,,,,,,,,,,,,,,,,,,,,,,,,,,,,,,,,,,,,,,,,,,,,,,,,,,,,,,,,,,,,,,,,,,,,,,,,,,,,,,,,,,,,,,,,,,,,,,,,,,,,,,,,,,,,,,,,,,,,,,,,,,,,,,,,,,,,,,,,,,,,,,,,,,,,,,,,,,,,,,,,,,,,,,,,,,,,,,,,,,,,,,,,,,,,,,,,,,,,,,,,,,,
2026033015,,,,,,,,,,,,,,,,,,,,,,,,,,,,,,,,,0.136,,,,,,,,,,,,,,,,,,,,,,,,,,,,,,,,,,,,,,,,,,,,,,,,,,,,,,,,,,,,,,,,,,,,,,,,,,,,,,,,,,,,,,,,,,,,,,,,,,,,,,,,,,,,,,,,,,,,,,,,,,,,,,,,,,262.69,,,,,,,,,,,,,,,,,,,,,,,,,,,,,,,,,,,,,,,,,,,,,,,,,,,,,,,,,,,,,,,,,,,,,,,,,,,,,,,,,,,,,,,,,,,2.0,1.0,,,,,,,,,,,9.0,14.0,9.0,15.0,18.0,20.0,20.0,0.0,0.0,0.0,0.0,0.0,14.7,,265.05,3.59,,8.0,3.0,,,,,,,,,,,,,,,,,,,,,,,,,,,,,,,,,,,,,,,,,,,,,,,,,,,,,,9.999e+20,,,,,,,,,,,,,,,,,,,,,,,,,,,,,8.5,2.4,4.4,5.2,6.0,6.4,6.8,7.2,7.6,7.6,4.0,8.0,8.0,8.80032,9.21763,9.27033,9.73052,10.9844,11.8699,12.8525,14.637,19.6469,8.51667,3.41687,18.0,5.0,4.0,0.0,0.0,0.0,0.0,41.0,,9.999e+20,9.999e+20,9.999e+20,9.999e+20,9.999e+20,,,,,,,,,,,,,,,,,,,,,,,,,,,,,,,,,,,,,,,,,,,,,,,,,,,,,,,,,,,,,,,,,,,,,,,,,,,,,,,,,,,,,,,,,,,,,,,,,,,,,,,,,,,,,,,,,,,,,,,,,,,,496.0,,4.8,0.0,44.8,0.0,,78.0,,,,,,,,,,,,,,,,,,,,,,,,,,,,,,,,,,,,,,,,,,,,,,,,,,,,,,,,,,,,,15.2,8.4,14.2,5.5,16.6,18.1,18.8,19.3,608.0,0.0,0.0,0.0,456.0,1056.0,1552.0,1656.0,,,60.0,16.0,,,,,,,268.53,3.57,,,,,,,,,,,,,,,,,,,,,,,,,,,,,,,,,,,,,,,,,,,,,,,,,,,,,,,,,,,,,9.999e+20,280.0,4.8,240.0,5.3,,,,,,3.0,,,,,,,2272.0,280.0,280.0,280.0,,267.5,,,,,,,,,,,,,,,,,,,,,,,,,,,,,4.8,0.8,2.4,2.8,3.2,3.2,3.6,4.0,4.0,4.4,1.6,4.4,4.8,4.8,4.8,5.2,5.6,6.0,6.4,7.2,8.0,10.8,4.80828,2.09798,1.0,0.0,0.0,0.0,68.0,0.0,26.0,5.0,5.2,6.0,
2026033016,,,,,,,,,,,,,,,,,,,,,,,,,,,,,,,,,0.165,,,,,,,,,,,,,,,,,,,,,,,,,,,,,,,,,,,,,,,,,,,,,,,,,,,,,,,,,,,,,,,,,,,,,,,,,,,,,,,,,,,,,,,,,,,,,,,,,,,,,,,,,,,,,,,,,,,,,,,,,,,,,,,,,,,,,,,,,,,,,,,,,,,,,,,,,,,,,,,,,,,,,,,,,,,,,,,,,,,,,,,,,,,,,,,,,,,,,,,,,,,,,,,,,,,,,,,,,,,,,,,,,,,,,,,,,,,,,,,,,,,,,,,,,,,,,,,,,,,,,,,,,,,,,,,,,,,,,,,,,,,,,,,,,,,,,,,,,,,,,,,,,,,,,,,,,,,,,,,,,,,,,,,,,,,,,,,,,,,,,,,,,,,,,,,,,,,,,,,,,,,,,,,,,,,,,,,,,,,,,,,,,,,,,,,,,,,,,,,,,,,,,,,,,,,,,,,,,,,,,,,,,,,,,,,,,,,,,,,,,,,,,,,,,,,,,,,,,,,,,,,,,,,,,,,,,,,,,,,,,,,,,,,,,,,,,,,,,,,,,,,,,,,,,,,,,,,,,,,,,,,,,,,,,,,,,,,,,,,,,,,,,,,,,,,,,,,,,,,,,,,,,,,,,,,,,,,,,,,,,,,,,,,,,,,,,,,,,,,,,,,,,,,,,,,,,,,,,,,,,,,,,,,,,,,,,,,,,,,,,,,,,,,,,,,,,,,,,,,,,,,,,,,,,,,,,,,,,,,,,,,,,,,,,,,,,,,,,,,,,,,,,,,,,,,,,,,,,,,,,,,,,,,,,,,,,,,,
2026033017,,,,,,,,,,,,,,,,,,,,,,,,,,,,,,,,,0.154,,,,,,,,,,,,,,,,,,,,,,,,,,,,,,,,,,,,,,,,,,,,,,,,,,,,,,,,,,,,,,,,,,,,,,,,,,,,,,,,,,,,,,,,,,,,,,,,,,,,,,,,,,,,,,,,,,,,,,,,,,,,,,,,,,,,,,,,,,,,,,,,,,,,,,,,,,,,,,,,,,,,,,,,,,,,,,,,,,,,,,,,,,,,,,,,,,,,,,,,,,,,,,,,,,,,,,,,,,,,,,,,,,,,,,,,,,,,,,,,,,,,,,,,,,,,,,,,,,,,,,,,,,,,,,,,,,,,,,,,,,,,,,,,,,,,,,,,,,,,,,,,,,,,,,,,,,,,,,,,,,,,,,,,,,,,,,,,,,,,,,,,,,,,,,,,,,,,,,,,,,,,,,,,,,,,,,,,,,,,,,,,,,,,,,,,,,,,,,,,,,,,,,,,,,,,,,,,,,,,,,,,,,,,,,,,,,,,,,,,,,,,,,,,,,,,,,,,,,,,,,,,,,,,,,,,,,,,,,,,,,,,,,,,,,,,,,,,,,,,,,,,,,,,,,,,,,,,,,,,,,,,,,,,,,,,,,,,,,,,,,,,,,,,,,,,,,,,,,,,,,,,,,,,,,,,,,,,,,,,,,,,,,,,,,,,,,,,,,,,,,,,,,,,,,,,,,,,,,,,,,,,,,,,,,,,,,,,,,,,,,,,,,,,,,,,,,,,,,,,,,,,,,,,,,,,,,,,,,,,,,,,,,,,,,,,,,,,,,,,,,,,,,,,,,,,,,,,,,,,,,,,,,,,,,,,,,,,
2026033018,1.764,0.0,0.0,0.0,0.0,0.0,0.0,0.18,0.399,0.662,0.0,0.941,1.255,1.613,1.965,2.339,2.713,3.181,3.91,4.925,6.31,8.776,64.0,0.0,0.0,0.0,0.0,28.0,0.0,0.0,5.0,0.0,0.14,,,,,,,,,,,,,,,,,,,,,,,,,,,,,,,,,,,,,,,,,,,,,,,,,,,,,,,,,,,,,,,,,,1.016,0.0,0.0,0.0,0.0,0.0,0.0,0.0,0.0,0.0,0.0,0.047,0.225,0.469,0.752,1.073,1.371,1.769,2.18,2.786,3.73,5.18,45.0,0.0,0.0,12.0,0.0,0.0,0.0,0.0,0.0,0.0,,,,,,,,,,,,,,,,,,,,,,,,,,,,,,,,,264.61,,,,,,,,,,,,,,,,,,,0.033,,,,,,,,,,,,,,,,,,0.036,,,,,,,,,,,,,,,,,,0.008,0.0,0.0,0.0,0.0,0.01,0.023,0.033,41.0,10.0,0.0,0.0,0.0,0.0,0.0,0.0,0.0,0.0,0.036,,,,,,,,,,,,,,,,,,12.0,8.0,,,,,,,,,,,11.0,14.0,11.0,16.0,17.0,19.0,20.0,0.0,0.0,0.0,0.0,0.0,15.0,,264.51,3.05,,133.0,2.0,,0.0,,,,,,,,,,,,,,,,,,,,,,,,,0.0,0.0,0.0,0.0,0.0,0.0,0.0,0.0,0.0,0.0,0.0,0.0,0.0,0.0,,,,,,,,,,,,,17.2,9.999e+20,,,,,,,,,,,,,,,,,,,,,,,,,,,,,9.4,2.8,5.2,5.78391,6.73017,6.91297,7.44321,7.52171,8.01155,8.50863,4.4,8.95788,9.53307,9.76196,10.2896,11.2104,11.7458,12.793,13.7325,14.3863,17.5908,19.9862,9.40722,3.86331,30.0,7.0,6.0,1.0,0.0,0.0,0.0,52.0,2.0,9.999e+20,9.999e+20,9.999e+20,9.999e+20,9.999e+20,,,,,,,,,,,,,,,,,,,,,,,,,,,,,,,,,,,,,,,,,,,,,,,,,,,,,,,,,,,,,,,,,,,,,,,,,,,,,,,,,,,,,,,,,,,,,,,,,,,,,,,,,,,,,,,,,,,,,,,,,,82.0,,1136.0,,6.0,0.0,39.6,0.0,,63.0,,,,,,,,,,,,,,,,,,,,,,,,,,,,,,,,,,,,,,,,,,,,,,,,,,,,,,,,,,,,,14.9,8.1,14.4,6.6,16.2,17.5,18.6,19.0,616.0,0.0,0.0,0.0,440.0,1056.0,1576.0,1696.0,,,44.0,19.0,,,,,,3.81668,270.44,3.07,,,,,,,,,,,,,,,,,,,,,,,,,,,,,,,266.68,258.131,261.14,263.009,263.897,264.47,264.996,265.207,265.808,266.39,260.185,266.56,266.852,267.409,268.676,269.523,270.214,270.91,271.642,272.176,272.358,273.331,0.0,0.0,0.0,0.0,8.0,80.0,97.0,0.0,9.999e+20,280.0,5.5,260.0,8.4,,2.0,,,2.0,3.0,,,,,,,9271.0,280.0,280.0,280.0,,270.3,,,,,,,,,,,,,,,,,,,,,,,,,,,,,5.5,1.2,2.4,2.8,3.6,3.6,4.0,4.0,4.4,4.8,2.0,5.2,5.2,5.6,5.6,6.0,6.4,6.8,7.2,8.0,10.2164,11.577,5.10692,2.24108,2.0,0.0,0.0,0.0,77.0,0.0,36.0,7.0,5.9,6.8,
2026033019,,,,,,,,,,,,,,,,,,,,,,,,,,,,,,,,,0.131,,,,,,,,,,,,,,,,,,,,,,,,,,,,,,,,,,,,,,,,,,,,,,,,,,,,,,,,,,,,,,,,,,,,,,,,,,,,,,,,,,,,,,,,,,,,,,,,,,,,,,,,,,,,,,,,,,,,,,,,,,,,,,,,,,,,,,,,,,,,,,,,,,,,,,,,,,,,,,,,,,,,,,,,,,,,,,,,,,,,,,,,,,,,,,,,,,,,,,,,,,,,,,,,,,,,,,,,,,,,,,,,,,,,,,,,,,,,,,,,,,,,,,,,,,,,,,,,,,,,,,,,,,,,,,,,,,,,,,,,,,,,,,,,,,,,,,,,,,,,,,,,,,,,,,,,,,,,,,,,,,,,,,,,,,,,,,,,,,,,,,,,,,,,,,,,,,,,,,,,,,,,,,,,,,,,,,,,,,,,,,,,,,,,,,,,,,,,,,,,,,,,,,,,,,,,,,,,,,,,,,,,,,,,,,,,,,,,,,,,,,,,,,,,,,,,,,,,,,,,,,,,,,,,,,,,,,,,,,,,,,,,,,,,,,,,,,,,,,,,,,,,,,,,,,,,,,,,,,,,,,,,,,,,,,,,,,,,,,,,,,,,,,,,,,,,,,,,,,,,,,,,,,,,,,,,,,,,,,,,,,,,,,,,,,,,,,,,,,,,,,,,,,,,,,,,,,,,,,,,,,,,,,,,,,,,,,,,,,,,,,,,,,,,,,,,,,,,,,,,,,,,,,,,,,,,,,,,,,,,,,,,,,,,,,,,,,,,,,,,,,,,,,,,,,,,,,,,,,,,,,,,,,,,,,,,,,,,
2026033020,,,,,,,,,,,,,,,,,,,,,,,,,,,,,,,,,0.131,,,,,,,,,,,,,,,,,,,,,,,,,,,,,,,,,,,,,,,,,,,,,,,,,,,,,,,,,,,,,,,,,,,,,,,,,,,,,,,,,,,,,,,,,,,,,,,,,,,,,,,,,,,,,,,,,,,,,,,,,,,,,,,,,,,,,,,,,,,,,,,,,,,,,,,,,,,,,,,,,,,,,,,,,,,,,,,,,,,,,,,,,,,,,,,,,,,,,,,,,,,,,,,,,,,,,,,,,,,,,,,,,,,,,,,,,,,,,,,,,,,,,,,,,,,,,,,,,,,,,,,,,,,,,,,,,,,,,,,,,,,,,,,,,,,,,,,,,,,,,,,,,,,,,,,,,,,,,,,,,,,,,,,,,,,,,,,,,,,,,,,,,,,,,,,,,,,,,,,,,,,,,,,,,,,,,,,,,,,,,,,,,,,,,,,,,,,,,,,,,,,,,,,,,,,,,,,,,,,,,,,,,,,,,,,,,,,,,,,,,,,,,,,,,,,,,,,,,,,,,,,,,,,,,,,,,,,,,,,,,,,,,,,,,,,,,,,,,,,,,,,,,,,,,,,,,,,,,,,,,,,,,,,,,,,,,,,,,,,,,,,,,,,,,,,,,,,,,,,,,,,,,,,,,,,,,,,,,,,,,,,,,,,,,,,,,,,,,,,,,,,,,,,,,,,,,,,,,,,,,,,,,,,,,,,,,,,,,,,,,,,,,,,,,,,,,,,,,,,,,,,,,,,,,,,,,,,,,,,,,,,,,,,,,,,,,,,,,,,,,,,,,,,,,,,,,,,,,,,,,,,,,,,,,,,,,,,,
2026033021,,,,,,,,,,,,,,,,,,,,,,,,,,,,,,,,,0.136,,,,,,,,,,,,,,,,,,,,,,,,,,,,,,,,,,,,,,,,,,,,,,,,,,,,,,,,,,,,,,,,,,,,,,,,,,,,,,,,,,,,,,,,,,,,,,,,,,,,,,,,,,,,,,,,,,,,,,,,,,,,,,,,,,266.23,,,,,,,,,,,,,,,,,,,,,,,,,,,,,,,,,,,,,,,,,,,,,,,,,,,,,,,,,,,,,,,,,,,,,,,,,,,,,,,,,,,,,,,,,,,16.0,15.0,,,,,,,,,,,11.0,14.0,11.0,16.0,17.0,20.0,20.0,0.0,0.0,0.0,0.0,0.0,14.7,,263.2,2.72,,708.0,1.0,,,,,,,,,,,,,,,,,,,,,,,,,,,,,,,,,,,,,,,,,,,,,,,,,,,,,,9.999e+20,,,,,,,,,,,,,,,,,,,,,,,,,,,,,9.9,3.2,5.23573,6.1326,6.30642,7.19034,7.62883,7.87278,8.00187,8.89691,4.4,9.36647,9.83849,10.3835,10.8687,11.7515,12.3096,12.8335,13.3743,15.149,17.14,20.1883,9.9355,3.867,33.0,8.0,4.0,1.0,1.0,0.0,0.0,54.0,,9.999e+20,9.999e+20,9.999e+20,9.999e+20,9.999e+20,,,,,,,,,,,,,,,,,,,,,,,,,,,,,,,,,,,,,,,,,,,,,,,,,,,,,,,,,,,,,,,,,,,,,,,,,,,,,,,,,,,,,,,,,,,,,,,,,,,,,,,,,,,,,,,,,,,,,,,,,,,,1520.0,,6.0,0.0,20.4,0.0,,52.0,,,,,,,,,,,,,,,,,,,,,,,,,,,,,,,,,,,,,,,,,,,,,,,,,,,,,,,,,,,,,14.4,9.2,14.2,5.6,15.3,17.0,17.8,18.4,672.0,88.0,152.0,64.0,608.0,984.0,1544.0,1664.0,,,49.0,20.0,,,,,,,271.92,2.71,,,,,,,,,,,,,,,,,,,,,,,,,,,,,,,,,,,,,,,,,,,,,,,,,,,,,,,,,,,,,9.999e+20,280.0,5.7,260.0,9.0,,,,,,3.0,,,,,,,12930.0,280.0,280.0,280.0,,272.0,,,,,,,,,,,,,,,,,,,,,,,,,,,,,5.7,1.6,3.2,3.2,3.6,4.0,4.4,4.4,4.8,5.2,2.8,5.6,5.6,6.0,6.4,6.4,7.2,7.57514,7.62439,8.48535,10.2282,11.6698,5.68653,2.31528,3.0,0.0,0.0,0.0,82.0,0.0,45.0,9.0,6.6,7.1,
2026033022,,,,,,,,,,,,,,,,,,,,,,,,,,,,,,,,,0.122,,,,,,,,,,,,,,,,,,,,,,,,,,,,,,,,,,,,,,,,,,,,,,,,,,,,,,,,,,,,,,,,,,,,,,,,,,,,,,,,,,,,,,,,,,,,,,,,,,,,,,,,,,,,,,,,,,,,,,,,,,,,,,,,,,,,,,,,,,,,,,,,,,,,,,,,,,,,,,,,,,,,,,,,,,,,,,,,,,,,,,,,,,,,,,,,,,,,,,,,,,,,,,,,,,,,,,,,,,,,,,,,,,,,,,,,,,,,,,,,,,,,,,,,,,,,,,,,,,,,,,,,,,,,,,,,,,,,,,,,,,,,,,,,,,,,,,,,,,,,,,,,,,,,,,,,,,,,,,,,,,,,,,,,,,,,,,,,,,,,,,,,,,,,,,,,,,,,,,,,,,,,,,,,,,,,,,,,,,,,,,,,,,,,,,,,,,,,,,,,,,,,,,,,,,,,,,,,,,,,,,,,,,,,,,,,,,,,,,,,,,,,,,,,,,,,,,,,,,,,,,,,,,,,,,,,,,,,,,,,,,,,,,,,,,,,,,,,,,,,,,,,,,,,,,,,,,,,,,,,,,,,,,,,,,,,,,,,,,,,,,,,,,,,,,,,,,,,,,,,,,,,,,,,,,,,,,,,,,,,,,,,,,,,,,,,,,,,,,,,,,,,,,,,,,,,,,,,,,,,,,,,,,,,,,,,,,,,,,,,,,,,,,,,,,,,,,,,,,,,,,,,,,,,,,,,,,,,,,,,,,,,,,,,,,,,,,,,,,,,,,,,,,,,,,,,,,,,,,,,,,,,,,,,,,,,,,,,
2026033023,,,,,,,,,,,,,,,,,,,,,,,,,,,,,,,,,0.144,,,,,,,,,,,,,,,,,,,,,,,,,,,,,,,,,,,,,,,,,,,,,,,,,,,,,,,,,,,,,,,,,,,,,,,,,,,,,,,,,,,,,,,,,,,,,,,,,,,,,,,,,,,,,,,,,,,,,,,,,,,,,,,,,,,,,,,,,,,,,,,,,,,,,,,,,,,,,,,,,,,,,,,,,,,,,,,,,,,,,,,,,,,,,,,,,,,,,,,,,,,,,,,,,,,,,,,,,,,,,,,,,,,,,,,,,,,,,,,,,,,,,,,,,,,,,,,,,,,,,,,,,,,,,,,,,,,,,,,,,,,,,,,,,,,,,,,,,,,,,,,,,,,,,,,,,,,,,,,,,,,,,,,,,,,,,,,,,,,,,,,,,,,,,,,,,,,,,,,,,,,,,,,,,,,,,,,,,,,,,,,,,,,,,,,,,,,,,,,,,,,,,,,,,,,,,,,,,,,,,,,,,,,,,,,,,,,,,,,,,,,,,,,,,,,,,,,,,,,,,,,,,,,,,,,,,,,,,,,,,,,,,,,,,,,,,,,,,,,,,,,,,,,,,,,,,,,,,,,,,,,,,,,,,,,,,,,,,,,,,,,,,,,,,,,,,,,,,,,,,,,,,,,,,,,,,,,,,,,,,,,,,,,,,,,,,,,,,,,,,,,,,,,,,,,,,,,,,,,,,,,,,,,,,,,,,,,,,,,,,,,,,,,,,,,,,,,,,,,,,,,,,,,,,,,,,,,,,,,,,,,,,,,,,,,,,,,,,,,,,,,,,,,,,,,,,,,,,,,,,,,,,,,,,,,,,,,,
2026033100,1.682,0.0,0.0,0.0,0.0,0.0,0.0,0.0,0.186,0.402,0.0,0.632,0.96,1.274,1.626,2.179,2.673,3.182,3.861,4.877,6.506,9.577,59.0,0.0,0.0,0.0,0.0,27.0,0.0,0.0,5.0,0.0,0.127,,4.502,0.0,0.0,0.119,0.485,0.932,1.318,1.765,2.229,2.839,0.0,3.38,3.89,4.349,5.014,5.725,6.578,7.553,8.81,10.553,13.54,20.731,84.0,0.0,7.0,0.0,0.0,0.0,0.0,0.0,26.0,0.0,,,,,,,,,,,,,,,,,,,,,,,,,,,,,,,,,0.254,0.0,0.0,0.0,0.0,0.0,0.0,0.0,0.0,0.0,0.0,0.005,0.116,0.282,0.494,0.722,1.05,1.436,1.845,2.416,3.437,5.803,41.0,0.0,0.0,9.0,0.0,0.0,0.0,1.0,0.0,0.0,,,,,,,,,,,,,,,,,,,,,,,,,,,,,,,,,265.72,,,,,,,,,,,,,,,,,,,0.03,0.0,0.0,0.0,0.015,0.048,0.081,0.099,72.0,43.0,22.0,6.0,0.0,0.0,0.0,0.0,0.0,0.0,0.038,0.0,0.008,0.0,0.025,0.056,0.091,0.117,50.0,29.0,9.0,0.0,0.0,0.0,0.0,0.0,0.0,0.0,0.003,0.0,0.0,0.0,0.0,0.0,0.01,0.023,23.0,5.0,0.0,0.0,0.0,0.0,0.0,0.0,0.0,0.0,0.038,0.0,0.008,0.0,0.025,0.056,0.091,0.117,50.0,9.0,0.0,0.0,0.0,0.0,0.0,0.0,0.0,0.0,9.0,9.0,,,,,,,,,,,13.0,14.0,12.0,16.0,16.0,20.0,20.0,0.0,0.0,0.0,0.0,0.0,14.8,,262.93,2.39,,655.0,2.0,,0.0,0.0,0.0,0.0,0.0,0.0,0.0,0.0,0.0,0.0,0.0,0.0,0.0,0.0,0.0,0.0,0.0,0.0,0.0,0.0,0.0,0.0,0.0,0.0,0.0,0.0,0.0,0.0,0.0,0.0,0.0,0.0,0.0,0.0,0.0,0.0,0.0,0.0,0.0,0.0,0.0,0.0,0.0,0.0,0.0,0.0,0.0,0.0,0.0,0.0,0.0,21.2,9.999e+20,,,,,,,,,,,,,,,,,,,,,,,,,,,,,9.3,3.2,5.2,5.6,6.19387,7.15407,7.33018,7.98696,8.09951,8.15672,4.4,8.61194,9.07569,9.57771,10.074,10.666,11.5913,12.5212,13.6061,14.7263,15.9513,20.1065,9.24999,3.88959,26.0,8.0,4.0,1.0,1.0,0.0,0.0,48.0,2.0,9.999e+20,9.999e+20,9.999e+20,9.999e+20,9.999e+20,,,,,,,,,,,,,,,,,,,,,,,,,,,,,,,,,,,,,,,,,,,,,,,,,,,,,,,,,,,,,,,,,,,,,,,,,,,,,,,,,,,,,,,,,,,,,,,,,,,,,,,,,,,,,,,,,,,,,,,,,,,,1328.0,1.0,6.0,0.0,20.4,0.0,,53.0,,,,,,,,,,,,,,,,,,,,,,,,,,,,,,,,,,,,,,,,,,,,,,,,,,,,,,,,,,,,,14.1,8.5,13.6,5.7,14.8,16.3,17.1,18.3,720.0,200.0,304.0,160.0,616.0,1000.0,1472.0,1736.0,,,45.0,22.0,,271.87,1.86,,,,271.09,2.41,,,,,,,,,,,,,,,,,,,,,,,,,,,,,,,,,,,,,,,,,,,,,,,,,,,,,,,,,,,,,9.999e+20,280.0,5.6,270.0,7.8,12.0,4.0,,,4.0,2.0,,,,,,,10114.0,280.0,280.0,280.0,,269.7,,,,,,,,,,,,,,,,,,,,,,,,,,,,,5.6,1.6,2.8,3.2,3.6,4.0,4.0,4.4,4.4,4.8,2.4,5.2,5.2,5.6,6.0,6.0,6.4,7.2,7.6,8.4,9.82464,11.4397,5.23248,2.11953,1.0,0.0,0.0,0.0,79.0,0.0,40.0,9.0,6.0,6.8,
2026033101,,,,,,,,,,,,,,,,,,,,,,,,,,,,,,,,,0.102,,,,,,,,,,,,,,,,,,,,,,,,,,,,,,,,,,,,,,,,,,,,,,,,,,,,,,,,,,,,,,,,,,,,,,,,,,,,,,,,,,,,,,,,,,,,,,,,,,,,,,,,,,,,,,,,,,,,,,,,,,,,,,,,,,,,,,,,,,,,,,,,,,,,,,,,,,,,,,,,,,,,,,,,,,,,,,,,,,,,,,,,,,,,,,,,,,,,,,,,,,,,,,,,,,,,,,,,,,,,,,,,,,,,,,,,,,,,,,,,,,,,,,,,,,,,,,,,,,,,,,,,,,,,,,,,,,,,,,,,,,,,,,,,,,,,,,,,,,,,,,,,,,,,,,,,,,,,,,,,,,,,,,,,,,,,,,,,,,,,,,,,,,,,,,,,,,,,,,,,,,,,,,,,,,,,,,,,,,,,,,,,,,,,,,,,,,,,,,,,,,,,,,,,,,,,,,,,,,,,,,,,,,,,,,,,,,,,,,,,,,,,,,,,,,,,,,,,,,,,,,,,,,,,,,,,,,,,,,,,,,,,,,,,,,,,,,,,,,,,,,,,,,,,,,,,,,,,,,,,,,,,,,,,,,,,,,,,,,,,,,,,,,,,,,,,,,,,,,,,,,,,,,,,,,,,,,,,,,,,,,,,,,,,,,,,,,,,,,,,,,,,,,,,,,,,,,,,,,,,,,,,,,,,,,,,,,,,,,,,,,,,,,,,,,,,,,,,,,,,,,,,,,,,,,,,,,,,,,,,,,,,,,,,,,,,,,,,,,,,,,,,,,,,,,,,,,,,,,,,,,,,,,,,,,,,,,,,
2026033102,,,,,,,,,,,,,,,,,,,,,,,,,,,,,,,,,0.111,,,,,,,,,,,,,,,,,,,,,,,,,,,,,,,,,,,,,,,,,,,,,,,,,,,,,,,,,,,,,,,,,,,,,,,,,,,,,,,,,,,,,,,,,,,,,,,,,,,,,,,,,,,,,,,,,,,,,,,,,,,,,,,,,,,,,,,,,,,,,,,,,,,,,,,,,,,,,,,,,,,,,,,,,,,,,,,,,,,,,,,,,,,,,,,,,,,,,,,,,,,,,,,,,,,,,,,,,,,,,,,,,,,,,,,,,,,,,,,,,,,,,,,,,,,,,,,,,,,,,,,,,,,,,,,,,,,,,,,,,,,,,,,,,,,,,,,,,,,,,,,,,,,,,,,,,,,,,,,,,,,,,,,,,,,,,,,,,,,,,,,,,,,,,,,,,,,,,,,,,,,,,,,,,,,,,,,,,,,,,,,,,,,,,,,,,,,,,,,,,,,,,,,,,,,,,,,,,,,,,,,,,,,,,,,,,,,,,,,,,,,,,,,,,,,,,,,,,,,,,,,,,,,,,,,,,,,,,,,,,,,,,,,,,,,,,,,,,,,,,,,,,,,,,,,,,,,,,,,,,,,,,,,,,,,,,,,,,,,,,,,,,,,,,,,,,,,,,,,,,,,,,,,,,,,,,,,,,,,,,,,,,,,,,,,,,,,,,,,,,,,,,,,,,,,,,,,,,,,,,,,,,,,,,,,,,,,,,,,,,,,,,,,,,,,,,,,,,,,,,,,,,,,,,,,,,,,,,,,,,,,,,,,,,,,,,,,,,,,,,,,,,,,,,,,,,,,,,,,,,,,,,,,,,,,,,,,,
2026033103,,,,,,,,,,,,,,,,,,,,,,,,,,,,,,,,,0.096,,,,,,,,,,,,,,,,,,,,,,,,,,,,,,,,,,,,,,,,,,,,,,,,,,,,,,,,,,,,,,,,,,,,,,,,,,,,,,,,,,,,,,,,,,,,,,,,,,,,,,,,,,,,,,,,,,,,,,,,,,,,,,,,,,262.6,,,,,,,,,,,,,,,,,,,,,,,,,,,,,,,,,,,,,,,,,,,,,,,,,,,,,,,,,,,,,,,,,,,,,,,,,,,,,,,,,,,,,,,,,,,2.0,6.0,,,,,,,,,,,14.0,15.0,14.0,16.0,17.0,19.0,19.0,0.0,0.0,0.0,0.0,0.0,15.9,,262.51,2.46,,111.0,2.0,,,,,,,,,,,,,,,,,,,,,,,,,,,,,,,,,,,,,,,,,,,,,,,,,,,,,,9.999e+20,,,,,,,,,,,,,,,,,,,,,,,,,,,,,7.7,2.8,4.0,4.4,4.84481,5.40743,5.63859,5.70426,5.76852,6.28372,3.2,6.48534,7.00787,7.56142,8.10313,8.76435,9.29594,9.84406,10.5627,12.0103,12.675,17.8912,7.2791,3.40346,12.0,3.0,2.0,0.0,0.0,0.0,0.0,30.0,,9.999e+20,9.999e+20,9.999e+20,9.999e+20,9.999e+20,,,,,,,,,,,,,,,,,,,,,,,,,,,,,,,,,,,,,,,,,,,,,,,,,,,,,,,,,,,,,,,,,,,,,,,,,,,,,,,,,,,,,,,,,,,,,,,,,,,,,,,,,,,,,,,,,,,,,,,,,,,,184.0,,3.6,0.0,10.8,0.0,,65.0,,,,,,,,,,,,,,,,,,,,,,,,,,,,,,,,,,,,,,,,,,,,,,,,,,,,,,,,,,,,,14.3,8.7,13.9,7.0,15.0,16.0,17.0,17.4,664.0,256.0,360.0,168.0,584.0,784.0,1464.0,1712.0,,,38.0,27.0,,,,,,,268.03,2.44,,,,,,,,,,,,,,,,,,,,,,,,,,,,,,,,,,,,,,,,,,,,,,,,,,,,,,,,,,,,,9.999e+20,290.0,4.1,280.0,6.2,,,,,,0.0,,,,,,,810.0,290.0,290.0,290.0,,269.1,,,,,,,,,,,,,,,,,,,,,,,,,,,,,4.1,1.2,2.0,2.0,2.4,2.8,2.8,3.2,3.2,3.6,1.6,3.6,4.0,4.4,4.4,4.8,5.2,5.6,5.6,6.8,8.4,10.9329,4.05279,2.19314,1.0,0.0,0.0,0.0,51.0,0.0,18.0,5.0,4.5,5.3,
2026033104,,,,,,,,,,,,,,,,,,,,,,,,,,,,,,,,,0.094,,,,,,,,,,,,,,,,,,,,,,,,,,,,,,,,,,,,,,,,,,,,,,,,,,,,,,,,,,,,,,,,,,,,,,,,,,,,,,,,,,,,,,,,,,,,,,,,,,,,,,,,,,,,,,,,,,,,,,,,,,,,,,,,,,,,,,,,,,,,,,,,,,,,,,,,,,,,,,,,,,,,,,,,,,,,,,,,,,,,,,,,,,,,,,,,,,,,,,,,,,,,,,,,,,,,,,,,,,,,,,,,,,,,,,,,,,,,,,,,,,,,,,,,,,,,,,,,,,,,,,,,,,,,,,,,,,,,,,,,,,,,,,,,,,,,,,,,,,,,,,,,,,,,,,,,,,,,,,,,,,,,,,,,,,,,,,,,,,,,,,,,,,,,,,,,,,,,,,,,,,,,,,,,,,,,,,,,,,,,,,,,,,,,,,,,,,,,,,,,,,,,,,,,,,,,,,,,,,,,,,,,,,,,,,,,,,,,,,,,,,,,,,,,,,,,,,,,,,,,,,,,,,,,,,,,,,,,,,,,,,,,,,,,,,,,,,,,,,,,,,,,,,,,,,,,,,,,,,,,,,,,,,,,,,,,,,,,,,,,,,,,,,,,,,,,,,,,,,,,,,,,,,,,,,,,,,,,,,,,,,,,,,,,,,,,,,,,,,,,,,,,,,,,,,,,,,,,,,,,,,,,,,,,,,,,,,,,,,,,,,,,,,,,,,,,,,,,,,,,,,,,,,,,,,,,,,,,,,,,,,,,,,,,,,,,,,,,,,,,,,,,,,,,,,,,,,,,,,,,,,,,,,,,,,,,,,,,
2026033105,,,,,,,,,,,,,,,,,,,,,,,,,,,,,,,,,0.081,,,,,,,,,,,,,,,,,,,,,,,,,,,,,,,,,,,,,,,,,,,,,,,,,,,,,,,,,,,,,,,,,,,,,,,,,,,,,,,,,,,,,,,,,,,,,,,,,,,,,,,,,,,,,,,,,,,,,,,,,,,,,,,,,,,,,,,,,,,,,,,,,,,,,,,,,,,,,,,,,,,,,,,,,,,,,,,,,,,,,,,,,,,,,,,,,,,,,,,,,,,,,,,,,,,,,,,,,,,,,,,,,,,,,,,,,,,,,,,,,,,,,,,,,,,,,,,,,,,,,,,,,,,,,,,,,,,,,,,,,,,,,,,,,,,,,,,,,,,,,,,,,,,,,,,,,,,,,,,,,,,,,,,,,,,,,,,,,,,,,,,,,,,,,,,,,,,,,,,,,,,,,,,,,,,,,,,,,,,,,,,,,,,,,,,,,,,,,,,,,,,,,,,,,,,,,,,,,,,,,,,,,,,,,,,,,,,,,,,,,,,,,,,,,,,,,,,,,,,,,,,,,,,,,,,,,,,,,,,,,,,,,,,,,,,,,,,,,,,,,,,,,,,,,,,,,,,,,,,,,,,,,,,,,,,,,,,,,,,,,,,,,,,,,,,,,,,,,,,,,,,,,,,,,,,,,,,,,,,,,,,,,,,,,,,,,,,,,,,,,,,,,,,,,,,,,,,,,,,,,,,,,,,,,,,,,,,,,,,,,,,,,,,,,,,,,,,,,,,,,,,,,,,,,,,,,,,,,,,,,,,,,,,,,,,,,,,,,,,,,,,,,,,,,,,,,,,,,,,,,,,,,,,,,,,,,,,,
2026033106,1.141,0.0,0.0,0.0,0.0,0.0,0.0,0.0,0.0,0.0,0.0,0.0,0.085,0.292,0.625,1.049,1.6,2.229,2.938,3.69,5.179,9.527,41.0,0.0,0.0,0.0,0.0,18.0,0.0,0.0,3.0,0.0,0.054,,,,,,,,,,,,,,,,,,,,,,,,,,,,,,,,,,,,,,,,,,,,,,,,,,,,,,,,,,,,,,,,,,0.0,0.0,0.0,0.0,0.0,0.0,0.0,0.0,0.0,0.0,0.0,0.0,0.0,0.0,0.0,0.0,0.045,0.346,0.927,1.511,2.426,4.429,21.0,0.0,0.0,5.0,0.0,0.0,0.0,0.0,0.0,0.0,,,,,,,,,,,,,,,,,,,,,,,,,,,,,,,,,260.95,,,,,,,,,,,,,,,,,,,0.023,,,,,,,,,,,,,,,,,,0.041,,,,,,,,,,,,,,,,,,0.003,0.0,0.0,0.0,0.0,0.0,0.0,0.015,11.0,5.0,1.0,0.0,0.0,0.0,0.0,0.0,0.0,0.0,0.041,,,,,,,,,,,,,,,,,,1.0,3.0,,,,,,,,,,,15.0,16.0,14.0,16.0,17.0,19.0,20.0,0.0,0.0,0.0,0.0,0.0,16.6,,261.42,2.44,,56.0,2.0,,0.0,,,,,,,,,,,,,,,,,,,,,,,,,0.0,0.0,0.0,0.0,0.0,0.0,0.0,0.0,0.0,0.0,0.0,0.0,0.0,0.0,,,,,,,,,,,,,20.2,9.999e+20,13.9335,7.08532,9.68506,9.88833,10.2056,10.7227,11.2529,11.41,11.93,12.0318,9.06244,12.5321,13.4504,13.9215,14.8655,15.7487,16.3173,17.2215,17.96,19.012,21.7848,25.6091,69.0,18.0,6.0,2.0,1.0,0.0,5.6,1.6,2.8,3.6,4.0,4.4,4.4,4.8,4.84198,5.29521,2.4,5.36154,5.44394,5.8974,5.99462,6.09967,6.75197,7.03844,7.36581,8.43231,9.52549,17.7331,5.62825,2.97604,3.0,1.0,1.0,1.0,0.0,0.0,0.0,9.0,3.0,9.999e+20,9.999e+20,9.999e+20,9.999e+20,9.999e+20,,,,,,,,,,,,,,,,,,,,,,,,,,,,,,,,,,,,,,,,,,,,,,,,,,,,,,,,,,,,,,,,,,,,,,,,,,,,,,,,,,,,,,,,,,,,,,,,,,,,,,,,,,,,,,,,,,,,,,,,,,,52.0,168.0,,3.6,0.0,10.8,0.0,,70.0,,,,,,,,,,,,,,,,,,,,,,,,,,,,,,,,,,,,,,,,,,,,,,,,,,,,,,,,,,,,,14.4,9.3,14.1,8.3,15.2,15.9,17.0,17.5,592.0,216.0,336.0,0.0,464.0,648.0,1344.0,1616.0,,,27.0,17.0,,,,,,2.97364,265.93,2.44,271.986,267.262,268.284,269.218,269.626,269.654,269.97,270.718,271.252,271.596,267.643,271.495,272.08,272.269,272.614,273.253,274.086,274.924,275.459,275.895,277.303,278.174,0.0,37.0,69.0,0.0,0.0,0.0,0.0,0.0,,,,,,,,,,,,,,,,,,,,,,,,,,,,,,,9.999e+20,290.0,3.2,280.0,6.0,,5.0,,,3.0,0.0,,,,,,,725.0,290.0,290.0,290.0,,268.0,7.55895,4.4,5.2,5.6,6.0,6.29331,6.41858,6.88237,6.9426,7.39045,5.2,7.45369,7.48619,7.94953,8.45263,8.58446,9.03993,9.1313,9.65878,10.2767,12.0613,13.5826,7.0,0.0,0.0,0.0,84.0,28.0,3.2,0.4,1.2,1.6,2.0,2.0,2.4,2.4,2.4,2.8,1.2,2.8,2.8,3.2,3.2,3.2,3.6,3.6,4.0,4.4,5.6,10.0,3.2,1.6,1.0,0.0,0.0,0.0,24.0,0.0,6.0,1.0,3.6,4.0,
2026033107,,,,,,,,,,,,,,,,,,,,,,,,,,,,,,,,,0.052,,,,,,,,,,,,,,,,,,,,,,,,,,,,,,,,,,,,,,,,,,,,,,,,,,,,,,,,,,,,,,,,,,,,,,,,,,,,,,,,,,,,,,,,,,,,,,,,,,,,,,,,,,,,,,,,,,,,,,,,,,,,,,,,,,,,,,,,,,,,,,,,,,,,,,,,,,,,,,,,,,,,,,,,,,,,,,,,,,,,,,,,,,,,,,,,,,,,,,,,,,,,,,,,,,,,,,,,,,,,,,,,,,,,,,,,,,,,,,,,,,,,,,,,,,,,,,,,,,,,,,,,,,,,,,,,,,,,,,,,,,,,,,,,,,,,,,,,,,,,,,,,,,,,,,,,,,,,,,,,,,,,,,,,,,,,,,,,,,,,,,,,,,,,,,,,,,,,,,,,,,,,,,,,,,,,,,,,,,,,,,,,,,,,,,,,,,,,,,,,,,,,,,,,,,,,,,,,,,,,,,,,,,,,,,,,,,,,,,,,,,,,,,,,,,,,,,,,,,,,,,,,,,,,,,,,,,,,,,,,,,,,,,,,,,,,,,,,,,,,,,,,,,,,,,,,,,,,,,,,,,,,,,,,,,,,,,,,,,,,,,,,,,,,,,,,,,,,,,,,,,,,,,,,,,,,,,,,,,,,,,,,,,,,,,,,,,,,,,,,,,,,,,,,,,,,,,,,,,,,,,,,,,,,,,,,,,,,,,,,,,,,,,,,,,,,,,,,,,,,,,,,,,,,,,,,,,,,,,,,,,,,,,,,,,,,,,,,,,,,,,,,,,,,,,,,,,,,,,,,,,,,,,,,,,,,,,,,
2026033108,,,,,,,,,,,,,,,,,,,,,,,,,,,,,,,,,0.063,,,,,,,,,,,,,,,,,,,,,,,,,,,,,,,,,,,,,,,,,,,,,,,,,,,,,,,,,,,,,,,,,,,,,,,,,,,,,,,,,,,,,,,,,,,,,,,,,,,,,,,,,,,,,,,,,,,,,,,,,,,,,,,,,,,,,,,,,,,,,,,,,,,,,,,,,,,,,,,,,,,,,,,,,,,,,,,,,,,,,,,,,,,,,,,,,,,,,,,,,,,,,,,,,,,,,,,,,,,,,,,,,,,,,,,,,,,,,,,,,,,,,,,,,,,,,,,,,,,,,,,,,,,,,,,,,,,,,,,,,,,,,,,,,,,,,,,,,,,,,,,,,,,,,,,,,,,,,,,,,,,,,,,,,,,,,,,,,,,,,,,,,,,,,,,,,,,,,,,,,,,,,,,,,,,,,,,,,,,,,,,,,,,,,,,,,,,,,,,,,,,,,,,,,,,,,,,,,,,,,,,,,,,,,,,,,,,,,,,,,,,,,,,,,,,,,,,,,,,,,,,,,,,,,,,,,,,,,,,,,,,,,,,,,,,,,,,,,,,,,,,,,,,,,,,,,,,,,,,,,,,,,,,,,,,,,,,,,,,,,,,,,,,,,,,,,,,,,,,,,,,,,,,,,,,,,,,,,,,,,,,,,,,,,,,,,,,,,,,,,,,,,,,,,,,,,,,,,,,,,,,,,,,,,,,,,,,,,,,,,,,,,,,,,,,,,,,,,,,,,,,,,,,,,,,,,,,,,,,,,,,,,,,,,,,,,,,,,,,,,,,,,,,,,,,,,,,,,,,,,,,,,,,,,,,,,,,,
2026033109,,,,,,,,,,,,,,,,,,,,,,,,,,,,,,,,,0.058,,,,,,,,,,,,,,,,,,,,,,,,,,,,,,,,,,,,,,,,,,,,,,,,,,,,,,,,,,,,,,,,,,,,,,,,,,,,,,,,,,,,,,,,,,,,,,,,,,,,,,,,,,,,,,,,,,,,,,,,,,,,,,,,,,260.38,,,,,,,,,,,,,,,,,,,,,,,,,,,,,,,,,,,,,,,,,,,,,,,,,,,,,,,,,,,,,,,,,,,,,,,,,,,,,,,,,,,,,,,,,,,2.0,4.0,,,,,,,,,,,15.0,16.0,15.0,16.0,17.0,19.0,19.0,0.0,0.0,0.0,0.0,0.0,16.6,,260.51,2.83,,0.0,2.0,,,,,,,,,,,,,,,,,,,,,,,,,,,,,,,,,,,,,,,,,,,,,,,,,,,,,,9.999e+20,,,,,,,,,,,,,,,,,,,,,,,,,,,,,5.5,1.6,3.2,3.2,3.6,4.0,4.4,4.4,4.8196,4.85123,2.4,5.27362,5.33271,5.39517,5.46944,5.90462,5.94459,6.43033,6.99075,7.31864,9.54606,19.1508,5.50914,2.67173,3.0,2.0,2.0,0.0,0.0,0.0,0.0,6.0,,9.999e+20,9.999e+20,9.999e+20,9.999e+20,9.999e+20,,,,,,,,,,,,,,,,,,,,,,,,,,,,,,,,,,,,,,,,,,,,,,,,,,,,,,,,,,,,,,,,,,,,,,,,,,,,,,,,,,,,,,,,,,,,,,,,,,,,,,,,,,,,,,,,,,,,,,,,,,,,176.0,,2.4,0.0,13.2,0.0,,68.0,,,,,,,,,,,,,,,,,,,,,,,,,,,,,,,,,,,,,,,,,,,,,,,,,,,,,,,,,,,,,14.5,10.6,14.1,8.6,15.1,15.9,16.8,17.1,504.0,0.0,248.0,0.0,400.0,560.0,1280.0,1616.0,,,23.0,14.0,,,,,,,265.46,2.81,,,,,,,,,,,,,,,,,,,,,,,,,,,,,,,,,,,,,,,,,,,,,,,,,,,,,,,,,,,,,9.999e+20,290.0,2.8,280.0,5.2,,,,,,0.0,,,,,,,682.0,290.0,290.0,290.0,,267.3,,,,,,,,,,,,,,,,,,,,,,,,,,,,,2.8,0.8,1.6,1.6,2.0,2.0,2.4,2.4,2.4,2.4,1.2,2.8,2.8,2.8,3.2,3.2,3.2,3.6,4.0,4.4,5.2,10.8,2.80994,1.68581,1.0,0.0,0.0,0.0,18.0,0.0,5.0,2.0,3.2,3.6,
2026033110,,,,,,,,,,,,,,,,,,,,,,,,,,,,,,,,,0.056,,,,,,,,,,,,,,,,,,,,,,,,,,,,,,,,,,,,,,,,,,,,,,,,,,,,,,,,,,,,,,,,,,,,,,,,,,,,,,,,,,,,,,,,,,,,,,,,,,,,,,,,,,,,,,,,,,,,,,,,,,,,,,,,,,,,,,,,,,,,,,,,,,,,,,,,,,,,,,,,,,,,,,,,,,,,,,,,,,,,,,,,,,,,,,,,,,,,,,,,,,,,,,,,,,,,,,,,,,,,,,,,,,,,,,,,,,,,,,,,,,,,,,,,,,,,,,,,,,,,,,,,,,,,,,,,,,,,,,,,,,,,,,,,,,,,,,,,,,,,,,,,,,,,,,,,,,,,,,,,,,,,,,,,,,,,,,,,,,,,,,,,,,,,,,,,,,,,,,,,,,,,,,,,,,,,,,,,,,,,,,,,,,,,,,,,,,,,,,,,,,,,,,,,,,,,,,,,,,,,,,,,,,,,,,,,,,,,,,,,,,,,,,,,,,,,,,,,,,,,,,,,,,,,,,,,,,,,,,,,,,,,,,,,,,,,,,,,,,,,,,,,,,,,,,,,,,,,,,,,,,,,,,,,,,,,,,,,,,,,,,,,,,,,,,,,,,,,,,,,,,,,,,,,,,,,,,,,,,,,,,,,,,,,,,,,,,,,,,,,,,,,,,,,,,,,,,,,,,,,,,,,,,,,,,,,,,,,,,,,,,,,,,,,,,,,,,,,,,,,,,,,,,,,,,,,,,,,,,,,,,,,,,,,,,,,,,,,,,,,,,,,,,,,,,,,,,,,,,,,,,,,,,,,,,,,,,,,
2026033111,,,,,,,,,,,,,,,,,,,,,,,,,,,,,,,,,0.057,,,,,,,,,,,,,,,,,,,,,,,,,,,,,,,,,,,,,,,,,,,,,,,,,,,,,,,,,,,,,,,,,,,,,,,,,,,,,,,,,,,,,,,,,,,,,,,,,,,,,,,,,,,,,,,,,,,,,,,,,,,,,,,,,,,,,,,,,,,,,,,,,,,,,,,,,,,,,,,,,,,,,,,,,,,,,,,,,,,,,,,,,,,,,,,,,,,,,,,,,,,,,,,,,,,,,,,,,,,,,,,,,,,,,,,,,,,,,,,,,,,,,,,,,,,,,,,,,,,,,,,,,,,,,,,,,,,,,,,,,,,,,,,,,,,,,,,,,,,,,,,,,,,,,,,,,,,,,,,,,,,,,,,,,,,,,,,,,,,,,,,,,,,,,,,,,,,,,,,,,,,,,,,,,,,,,,,,,,,,,,,,,,,,,,,,,,,,,,,,,,,,,,,,,,,,,,,,,,,,,,,,,,,,,,,,,,,,,,,,,,,,,,,,,,,,,,,,,,,,,,,,,,,,,,,,,,,,,,,,,,,,,,,,,,,,,,,,,,,,,,,,,,,,,,,,,,,,,,,,,,,,,,,,,,,,,,,,,,,,,,,,,,,,,,,,,,,,,,,,,,,,,,,,,,,,,,,,,,,,,,,,,,,,,,,,,,,,,,,,,,,,,,,,,,,,,,,,,,,,,,,,,,,,,,,,,,,,,,,,,,,,,,,,,,,,,,,,,,,,,,,,,,,,,,,,,,,,,,,,,,,,,,,,,,,,,,,,,,,,,,,,,,,,,,,,,,,,,,,,,,,,,,,,,,,,,,,,
2026033112,0.712,0.0,0.0,0.0,0.0,0.0,0.0,0.0,0.0,0.0,0.0,0.0,0.0,0.0,0.0,0.0,0.175,0.819,1.539,2.652,4.56,8.818,24.0,0.0,0.0,0.0,0.0,10.0,0.0,0.0,2.0,0.0,0.055,,,,,,,,,,,,,,,,,,,,,,,,,,,,,,,,,,,,,,,,,,,,,,,,,,,,,,,,,,,,,,,,,,0.0,0.0,0.0,0.0,0.0,0.0,0.0,0.0,0.0,0.0,0.0,0.0,0.0,0.0,0.0,0.0,0.0,0.0,0.164,1.002,2.271,4.903,14.0,0.0,0.0,4.0,0.0,0.0,0.0,1.0,0.0,0.0,,,,,,,,,,,,,,,,,,,,,,,,,,,,,,,,,259.74,,,,,,,,,,,,,,,,,,,0.015,0.0,0.0,0.0,0.0,0.018,0.043,0.056,48.0,20.0,8.0,4.0,0.0,0.0,0.0,0.0,0.0,0.0,0.041,0.0,0.008,0.0,0.028,0.058,0.102,0.13,54.0,31.0,11.0,2.0,0.0,0.0,0.0,0.0,0.0,0.0,0.003,0.0,0.0,0.0,0.0,0.0,0.0,0.015,11.0,0.0,0.0,0.0,0.0,0.0,0.0,0.0,0.0,0.0,0.041,0.0,0.008,0.0,0.03,0.058,0.102,0.13,54.0,11.0,2.0,0.0,0.0,0.0,0.0,0.0,0.0,0.0,2.0,6.0,,,,,,,,,,,14.0,16.0,14.0,16.0,17.0,17.0,18.0,0.0,0.0,0.0,0.0,0.0,16.2,,260.09,3.11,,0.0,2.0,,0.0,0.0,0.0,0.0,0.0,0.0,0.0,0.0,0.0,0.0,0.0,0.0,0.0,0.0,0.0,0.0,0.0,0.0,0.0,0.0,0.0,0.0,0.0,0.0,0.0,0.0,0.0,0.0,0.0,0.0,0.0,0.0,0.0,0.0,0.0,0.0,0.0,0.0,0.0,0.0,0.0,0.0,0.0,0.0,0.0,0.0,0.0,0.0,0.0,0.0,0.0,9.2,9.999e+20,,,,,,,,,,,,,,,,,,,,,,,,,,,,,5.3,1.2,2.8,3.2,3.2,3.6,4.0,4.4,4.4,4.4,2.0,4.8,4.8,4.8,5.2,5.61793,5.63567,6.5258,7.37115,7.42246,8.69514,16.5377,5.27252,2.55828,3.0,1.0,1.0,0.0,0.0,0.0,0.0,7.0,3.0,9.999e+20,9.999e+20,9.999e+20,9.999e+20,9.999e+20,,,,,,,,,,,,,,,,,,,,,,,,,,,,,,,,,,,,,,,,,,,,,,,,,,,,,,,,,,,,,,,,,,,,,,,,,,,,,,,,,,,,,,,,,,,,,,,,,,,,,,,,,,,,,,,,,,,,,,,,,,,,184.0,0.0,2.4,0.0,13.2,0.0,,68.0,,,,,,,,,,,,,,,,,,,,,,,,,,,,,,,,,,,,,,,,,,,,,,,,,,,,,,,,,,,,,14.5,12.3,14.0,9.3,15.0,15.9,16.4,16.9,432.0,0.0,176.0,0.0,320.0,496.0,1232.0,1552.0,,,34.0,26.0,,,,263.83,2.59,,264.94,3.11,,,,,,,,,,,,,,,,,,,,,,,,,,,,,,,,,,,,,,,,,,,,,,,,,,,,,,,,,,,,,9.999e+20,300.0,2.8,280.0,4.9,4.0,3.0,,,0.0,0.0,,,,,,,665.0,300.0,300.0,300.0,,267.2,,,,,,,,,,,,,,,,,,,,,,,,,,,,,2.8,0.4,1.6,1.6,1.6,2.0,2.0,2.4,2.4,2.4,1.2,2.4,2.4,2.8,2.8,3.2,3.2,3.6,4.0,4.4,5.6,9.2,2.8,1.6,1.0,0.0,0.0,0.0,21.0,0.0,5.0,1.0,3.2,3.6,
2026033113,,,,,,,,,,,,,,,,,,,,,,,,,,,,,,,,,0.05,,,,,,,,,,,,,,,,,,,,,,,,,,,,,,,,,,,,,,,,,,,,,,,,,,,,,,,,,,,,,,,,,,,,,,,,,,,,,,,,,,,,,,,,,,,,,,,,,,,,,,,,,,,,,,,,,,,,,,,,,,,,,,,,,,,,,,,,,,,,,,,,,,,,,,,,,,,,,,,,,,,,,,,,,,,,,,,,,,,,,,,,,,,,,,,,,,,,,,,,,,,,,,,,,,,,,,,,,,,,,,,,,,,,,,,,,,,,,,,,,,,,,,,,,,,,,,,,,,,,,,,,,,,,,,,,,,,,,,,,,,,,,,,,,,,,,,,,,,,,,,,,,,,,,,,,,,,,,,,,,,,,,,,,,,,,,,,,,,,,,,,,,,,,,,,,,,,,,,,,,,,,,,,,,,,,,,,,,,,,,,,,,,,,,,,,,,,,,,,,,,,,,,,,,,,,,,,,,,,,,,,,,,,,,,,,,,,,,,,,,,,,,,,,,,,,,,,,,,,,,,,,,,,,,,,,,,,,,,,,,,,,,,,,,,,,,,,,,,,,,,,,,,,,,,,,,,,,,,,,,,,,,,,,,,,,,,,,,,,,,,,,,,,,,,,,,,,,,,,,,,,,,,,,,,,,,,,,,,,,,,,,,,,,,,,,,,,,,,,,,,,,,,,,,,,,,,,,,,,,,,,,,,,,,,,,,,,,,,,,,,,,,,,,,,,,,,,,,,,,,,,,,,,,,,,,,,,,,,,,,,,,,,,,,,,,,,,,,,,,,,,,,,,,,,,,,,,,,,,,,,,,,,,,,,,,,,,,
2026033114,,,,,,,,,,,,,,,,,,,,,,,,,,,,,,,,,0.051,,,,,,,,,,,,,,,,,,,,,,,,,,,,,,,,,,,,,,,,,,,,,,,,,,,,,,,,,,,,,,,,,,,,,,,,,,,,,,,,,,,,,,,,,,,,,,,,,,,,,,,,,,,,,,,,,,,,,,,,,,,,,,,,,,,,,,,,,,,,,,,,,,,,,,,,,,,,,,,,,,,,,,,,,,,,,,,,,,,,,,,,,,,,,,,,,,,,,,,,,,,,,,,,,,,,,,,,,,,,,,,,,,,,,,,,,,,,,,,,,,,,,,,,,,,,,,,,,,,,,,,,,,,,,,,,,,,,,,,,,,,,,,,,,,,,,,,,,,,,,,,,,,,,,,,,,,,,,,,,,,,,,,,,,,,,,,,,,,,,,,,,,,,,,,,,,,,,,,,,,,,,,,,,,,,,,,,,,,,,,,,,,,,,,,,,,,,,,,,,,,,,,,,,,,,,,,,,,,,,,,,,,,,,,,,,,,,,,,,,,,,,,,,,,,,,,,,,,,,,,,,,,,,,,,,,,,,,,,,,,,,,,,,,,,,,,,,,,,,,,,,,,,,,,,,,,,,,,,,,,,,,,,,,,,,,,,,,,,,,,,,,,,,,,,,,,,,,,,,,,,,,,,,,,,,,,,,,,,,,,,,,,,,,,,,,,,,,,,,,,,,,,,,,,,,,,,,,,,,,,,,,,,,,,,,,,,,,,,,,,,,,,,,,,,,,,,,,,,,,,,,,,,,,,,,,,,,,,,,,,,,,,,,,,,,,,,,,,,,,,,,,,,,,,,,,,,,,,,,,,,,,,,,,,,,,,,,,
2026033115,,,,,,,,,,,,,,,,,,,,,,,,,,,,,,,,,0.06,,,,,,,,,,,,,,,,,,,,,,,,,,,,,,,,,,,,,,,,,,,,,,,,,,,,,,,,,,,,,,,,,,,,,,,,,,,,,,,,,,,,,,,,,,,,,,,,,,,,,,,,,,,,,,,,,,,,,,,,,,,,,,,,,,260.94,,,,,,,,,,,,,,,,,,,,,,,,,,,,,,,,,,,,,,,,,,,,,,,,,,,,,,,,,,,,,,,,,,,,,,,,,,,,,,,,,,,,,,,,,,,2.0,4.0,,,,,,,,,,,13.0,14.0,13.0,15.0,16.0,18.0,18.0,0.0,0.0,0.0,0.0,0.0,15.0,,260.3,2.79,,23.0,0.0,,,,,,,,,,,,,,,,,,,,,,,,,,,,,,,,,,,,,,,,,,,,,,,,,,,,,,9.999e+20,,,,,,,,,,,,,,,,,,,,,,,,,,,,,5.71,2.0,3.2,3.6,3.6,4.0,4.0,4.4,4.4,4.8,2.8,4.8,5.2,5.6256,6.06826,6.51639,6.96609,7.39793,7.92188,8.87527,10.1398,14.6138,5.7418,2.72001,3.0,1.0,1.0,0.0,0.0,0.0,0.0,11.0,,9.999e+20,9.999e+20,9.999e+20,9.999e+20,9.999e+20,,,,,,,,,,,,,,,,,,,,,,,,,,,,,,,,,,,,,,,,,,,,,,,,,,,,,,,,,,,,,,,,,,,,,,,,,,,,,,,,,,,,,,,,,,,,,,,,,,,,,,,,,,,,,,,,,,,,,,,,,,,,192.0,,1.2,0.0,13.2,0.0,,63.0,,,,,,,,,,,,,,,,,,,,,,,,,,,,,,,,,,,,,,,,,,,,,,,,,,,,,,,,,,,,,14.4,12.4,14.1,9.0,14.8,15.7,16.4,16.5,408.0,0.0,168.0,0.0,288.0,464.0,1056.0,1528.0,,,34.0,24.0,,,,,,,265.79,2.77,,,,,,,,,,,,,,,,,,,,,,,,,,,,,,,,,,,,,,,,,,,,,,,,,,,,,,,,,,,,,9.999e+20,300.0,3.3,160.0,3.9,,,,,,0.0,,,,,,,585.0,300.0,300.0,300.0,,264.9,,,,,,,,,,,,,,,,,,,,,,,,,,,,,3.3,0.8,1.6,1.6,2.0,2.0,2.0,2.4,2.4,2.8,1.2,2.8,2.8,3.2,3.2,3.6,3.6,4.0,4.4,5.2,5.87129,8.08764,3.25972,1.36485,0.0,0.0,0.0,0.0,30.0,0.0,6.0,1.0,3.7,4.1,
2026033116,,,,,,,,,,,,,,,,,,,,,,,,,,,,,,,,,0.076,,,,,,,,,,,,,,,,,,,,,,,,,,,,,,,,,,,,,,,,,,,,,,,,,,,,,,,,,,,,,,,,,,,,,,,,,,,,,,,,,,,,,,,,,,,,,,,,,,,,,,,,,,,,,,,,,,,,,,,,,,,,,,,,,,,,,,,,,,,,,,,,,,,,,,,,,,,,,,,,,,,,,,,,,,,,,,,,,,,,,,,,,,,,,,,,,,,,,,,,,,,,,,,,,,,,,,,,,,,,,,,,,,,,,,,,,,,,,,,,,,,,,,,,,,,,,,,,,,,,,,,,,,,,,,,,,,,,,,,,,,,,,,,,,,,,,,,,,,,,,,,,,,,,,,,,,,,,,,,,,,,,,,,,,,,,,,,,,,,,,,,,,,,,,,,,,,,,,,,,,,,,,,,,,,,,,,,,,,,,,,,,,,,,,,,,,,,,,,,,,,,,,,,,,,,,,,,,,,,,,,,,,,,,,,,,,,,,,,,,,,,,,,,,,,,,,,,,,,,,,,,,,,,,,,,,,,,,,,,,,,,,,,,,,,,,,,,,,,,,,,,,,,,,,,,,,,,,,,,,,,,,,,,,,,,,,,,,,,,,,,,,,,,,,,,,,,,,,,,,,,,,,,,,,,,,,,,,,,,,,,,,,,,,,,,,,,,,,,,,,,,,,,,,,,,,,,,,,,,,,,,,,,,,,,,,,,,,,,,,,,,,,,,,,,,,,,,,,,,,,,,,,,,,,,,,,,,,,,,,,,,,,,,,,,,,,,,,,,,,,,,,,,,,,,,,,,,,,,,,,,,,,,,,,,,,,,,,
2026033117,,,,,,,,,,,,,,,,,,,,,,,,,,,,,,,,,0.074,,,,,,,,,,,,,,,,,,,,,,,,,,,,,,,,,,,,,,,,,,,,,,,,,,,,,,,,,,,,,,,,,,,,,,,,,,,,,,,,,,,,,,,,,,,,,,,,,,,,,,,,,,,,,,,,,,,,,,,,,,,,,,,,,,,,,,,,,,,,,,,,,,,,,,,,,,,,,,,,,,,,,,,,,,,,,,,,,,,,,,,,,,,,,,,,,,,,,,,,,,,,,,,,,,,,,,,,,,,,,,,,,,,,,,,,,,,,,,,,,,,,,,,,,,,,,,,,,,,,,,,,,,,,,,,,,,,,,,,,,,,,,,,,,,,,,,,,,,,,,,,,,,,,,,,,,,,,,,,,,,,,,,,,,,,,,,,,,,,,,,,,,,,,,,,,,,,,,,,,,,,,,,,,,,,,,,,,,,,,,,,,,,,,,,,,,,,,,,,,,,,,,,,,,,,,,,,,,,,,,,,,,,,,,,,,,,,,,,,,,,,,,,,,,,,,,,,,,,,,,,,,,,,,,,,,,,,,,,,,,,,,,,,,,,,,,,,,,,,,,,,,,,,,,,,,,,,,,,,,,,,,,,,,,,,,,,,,,,,,,,,,,,,,,,,,,,,,,,,,,,,,,,,,,,,,,,,,,,,,,,,,,,,,,,,,,,,,,,,,,,,,,,,,,,,,,,,,,,,,,,,,,,,,,,,,,,,,,,,,,,,,,,,,,,,,,,,,,,,,,,,,,,,,,,,,,,,,,,,,,,,,,,,,,,,,,,,,,,,,,,,,,,,,,,,,,,,,,,,,,,,,,,,,,,,,,,,,
2026033118,0.761,0.0,0.0,0.0,0.0,0.0,0.0,0.0,0.0,0.0,0.0,0.0,0.0,0.0,0.0,0.0,0.0,0.007,0.852,2.722,5.378,11.604,18.0,0.0,1.0,0.0,0.0,10.0,0.0,0.0,4.0,0.0,0.071,,,,,,,,,,,,,,,,,,,,,,,,,,,,,,,,,,,,,,,,,,,,,,,,,,,,,,,,,,,,,,,,,,0.0,0.0,0.0,0.0,0.0,0.0,0.0,0.0,0.0,0.0,0.0,0.0,0.0,0.0,0.0,0.0,0.0,0.0,0.151,1.346,3.04,7.212,14.0,0.0,0.0,6.0,0.0,0.0,0.0,1.0,0.0,0.0,,,,,,,,,,,,,,,,,,,,,,,,,,,,,,,,,266.35,,,,,,,,,,,,,,,,,,,0.01,,,,,,,,,,,,,,,,,,0.043,,,,,,,,,,,,,,,,,,0.003,0.0,0.0,0.0,0.0,0.0,0.008,0.02,14.0,5.0,0.0,0.0,0.0,0.0,0.0,0.0,0.0,0.0,0.046,,,,,,,,,,,,,,,,,,1.0,1.0,,,,,,,,,,,12.0,15.0,12.0,17.0,18.0,19.0,19.0,0.0,0.0,0.0,0.0,0.0,16.3,,261.3,2.18,,227.0,1.0,,0.0,,,,,,,,,,,,,,,,,,,,,,,,,0.0,0.0,0.0,0.0,0.0,0.0,0.0,0.0,0.0,0.0,0.0,0.0,0.0,0.0,,,,,,,,,,,,,16.2,9.999e+20,,,,,,,,,,,,,,,,,,,,,,,,,,,,,7.4,2.4,3.6,4.0,4.8,5.211,5.29871,5.80478,6.74589,6.91583,2.8,7.05179,7.11595,7.6723,7.97912,8.3246,8.66111,9.62407,10.3994,11.3534,12.8937,15.9542,7.37869,2.98316,10.0,1.0,1.0,0.0,0.0,0.0,0.0,24.0,3.0,9.999e+20,9.999e+20,9.999e+20,9.999e+20,9.999e+20,,,,,,,,,,,,,,,,,,,,,,,,,,,,,,,,,,,,,,,,,,,,,,,,,,,,,,,,,,,,,,,,,,,,,,,,,,,,,,,,,,,,,,,,,,,,,,,,,,,,,,,,,,,,,,,,,,,,,,,,,,70.0,,872.0,,1.2,0.0,13.2,0.0,,47.0,,,,,,,,,,,,,,,,,,,,,,,,,,,,,,,,,,,,,,,,,,,,,,,,,,,,,,,,,,,,,14.0,11.3,13.0,9.8,14.4,15.2,16.2,16.4,536.0,0.0,232.0,0.0,400.0,704.0,1128.0,1448.0,,,34.0,25.0,,,,,,3.84815,271.01,2.19,,,,,,,,,,,,,,,,,,,,,,,,,,,,,,,263.862,257.149,259.647,260.23,260.589,261.074,261.228,261.467,261.964,262.689,259.109,262.905,263.336,264.055,264.642,265.129,265.796,266.638,267.904,269.154,272.032,272.93,0.0,0.0,0.0,0.0,24.0,92.0,99.0,0.0,9.999e+20,220.0,3.8,140.0,5.5,,0.0,,,0.0,1.0,,,,,,,4530.0,220.0,220.0,220.0,,270.4,,,,,,,,,,,,,,,,,,,,,,,,,,,,,3.8,0.8,1.2,1.6,2.0,2.4,2.4,2.8,3.2,3.6,1.2,3.6,3.6,4.0,4.0,4.4,4.8,4.8,5.6,6.14871,7.0456,9.04336,3.81917,1.89221,0.0,0.0,0.0,0.0,51.0,0.0,14.0,1.0,4.2,4.7,
2026033119,,,,,,,,,,,,,,,,,,,,,,,,,,,,,,,,,0.067,,,,,,,,,,,,,,,,,,,,,,,,,,,,,,,,,,,,,,,,,,,,,,,,,,,,,,,,,,,,,,,,,,,,,,,,,,,,,,,,,,,,,,,,,,,,,,,,,,,,,,,,,,,,,,,,,,,,,,,,,,,,,,,,,,,,,,,,,,,,,,,,,,,,,,,,,,,,,,,,,,,,,,,,,,,,,,,,,,,,,,,,,,,,,,,,,,,,,,,,,,,,,,,,,,,,,,,,,,,,,,,,,,,,,,,,,,,,,,,,,,,,,,,,,,,,,,,,,,,,,,,,,,,,,,,,,,,,,,,,,,,,,,,,,,,,,,,,,,,,,,,,,,,,,,,,,,,,,,,,,,,,,,,,,,,,,,,,,,,,,,,,,,,,,,,,,,,,,,,,,,,,,,,,,,,,,,,,,,,,,,,,,,,,,,,,,,,,,,,,,,,,,,,,,,,,,,,,,,,,,,,,,,,,,,,,,,,,,,,,,,,,,,,,,,,,,,,,,,,,,,,,,,,,,,,,,,,,,,,,,,,,,,,,,,,,,,,,,,,,,,,,,,,,,,,,,,,,,,,,,,,,,,,,,,,,,,,,,,,,,,,,,,,,,,,,,,,,,,,,,,,,,,,,,,,,,,,,,,,,,,,,,,,,,,,,,,,,,,,,,,,,,,,,,,,,,,,,,,,,,,,,,,,,,,,,,,,,,,,,,,,,,,,,,,,,,,,,,,,,,,,,,,,,,,,,,,,,,,,,,,,,,,,,,,,,,,,,,,,,,,,,,,,,,,,,,,,,,,,,,,,,,,,,,,,,,,,,
2026033120,,,,,,,,,,,,,,,,,,,,,,,,,,,,,,,,,0.068,,,,,,,,,,,,,,,,,,,,,,,,,,,,,,,,,,,,,,,,,,,,,,,,,,,,,,,,,,,,,,,,,,,,,,,,,,,,,,,,,,,,,,,,,,,,,,,,,,,,,,,,,,,,,,,,,,,,,,,,,,,,,,,,,,,,,,,,,,,,,,,,,,,,,,,,,,,,,,,,,,,,,,,,,,,,,,,,,,,,,,,,,,,,,,,,,,,,,,,,,,,,,,,,,,,,,,,,,,,,,,,,,,,,,,,,,,,,,,,,,,,,,,,,,,,,,,,,,,,,,,,,,,,,,,,,,,,,,,,,,,,,,,,,,,,,,,,,,,,,,,,,,,,,,,,,,,,,,,,,,,,,,,,,,,,,,,,,,,,,,,,,,,,,,,,,,,,,,,,,,,,,,,,,,,,,,,,,,,,,,,,,,,,,,,,,,,,,,,,,,,,,,,,,,,,,,,,,,,,,,,,,,,,,,,,,,,,,,,,,,,,,,,,,,,,,,,,,,,,,,,,,,,,,,,,,,,,,,,,,,,,,,,,,,,,,,,,,,,,,,,,,,,,,,,,,,,,,,,,,,,,,,,,,,,,,,,,,,,,,,,,,,,,,,,,,,,,,,,,,,,,,,,,,,,,,,,,,,,,,,,,,,,,,,,,,,,,,,,,,,,,,,,,,,,,,,,,,,,,,,,,,,,,,,,,,,,,,,,,,,,,,,,,,,,,,,,,,,,,,,,,,,,,,,,,,,,,,,,,,,,,,,,,,,,,,,,,,,,,,,,,,,,,,,,,,,,,,,,,,,,,,,,,,,,,,,,,,
2026033121,,,,,,,,,,,,,,,,,,,,,,,,,,,,,,,,,0.072,,,,,,,,,,,,,,,,,,,,,,,,,,,,,,,,,,,,,,,,,,,,,,,,,,,,,,,,,,,,,,,,,,,,,,,,,,,,,,,,,,,,,,,,,,,,,,,,,,,,,,,,,,,,,,,,,,,,,,,,,,,,,,,,,,269.38,,,,,,,,,,,,,,,,,,,,,,,,,,,,,,,,,,,,,,,,,,,,,,,,,,,,,,,,,,,,,,,,,,,,,,,,,,,,,,,,,,,,,,,,,,,4.0,6.0,,,,,,,,,,,10.0,17.0,10.0,17.0,20.0,20.0,20.0,0.0,0.0,0.0,0.0,0.0,16.8,,262.48,2.12,,779.0,0.0,,,,,,,,,,,,,,,,,,,,,,,,,,,,,,,,,,,,,,,,,,,,,,,,,,,,,,9.999e+20,,,,,,,,,,,,,,,,,,,,,,,,,,,,,7.8,3.6,4.7311,4.94731,5.5333,5.65121,5.75254,6.31087,6.45925,6.95149,4.0,7.07751,7.5869,8.10465,8.68867,8.87946,9.46681,10.4403,10.7088,12.4997,12.8599,15.0649,7.77818,2.94473,14.0,1.0,0.0,0.0,0.0,0.0,0.0,34.0,,9.999e+20,9.999e+20,9.999e+20,9.999e+20,9.999e+20,,,,,,,,,,,,,,,,,,,,,,,,,,,,,,,,,,,,,,,,,,,,,,,,,,,,,,,,,,,,,,,,,,,,,,,,,,,,,,,,,,,,,,,,,,,,,,,,,,,,,,,,,,,,,,,,,,,,,,,,,,,,1680.0,,1.2,0.0,19.2,0.0,,42.0,,,,,,,,,,,,,,,,,,,,,,,,,,,,,,,,,,,,,,,,,,,,,,,,,,,,,,,,,,,,,13.1,10.5,12.0,9.5,13.4,14.5,15.6,16.0,752.0,336.0,464.0,312.0,656.0,960.0,1248.0,1400.0,,,43.0,25.0,,,,,,,273.78,2.11,,,,,,,,,,,,,,,,,,,,,,,,,,,,,,,,,,,,,,,,,,,,,,,,,,,,,,,,,,,,,9.999e+20,220.0,4.4,190.0,6.0,,,,,,1.0,,,,,,,9974.0,220.0,220.0,220.0,,272.7,,,,,,,,,,,,,,,,,,,,,,,,,,,,,4.4,1.2,2.4,2.4,2.8,2.8,3.2,3.6,3.6,3.6,2.0,4.0,4.0,4.4,4.4,4.8,5.2,5.6,5.98121,6.89882,7.5478,9.06069,4.01874,1.95067,0.0,0.0,0.0,0.0,57.0,0.0,18.0,2.0,4.9,5.4,
2026033122,,,,,,,,,,,,,,,,,,,,,,,,,,,,,,,,,0.065,,,,,,,,,,,,,,,,,,,,,,,,,,,,,,,,,,,,,,,,,,,,,,,,,,,,,,,,,,,,,,,,,,,,,,,,,,,,,,,,,,,,,,,,,,,,,,,,,,,,,,,,,,,,,,,,,,,,,,,,,,,,,,,,,,,,,,,,,,,,,,,,,,,,,,,,,,,,,,,,,,,,,,,,,,,,,,,,,,,,,,,,,,,,,,,,,,,,,,,,,,,,,,,,,,,,,,,,,,,,,,,,,,,,,,,,,,,,,,,,,,,,,,,,,,,,,,,,,,,,,,,,,,,,,,,,,,,,,,,,,,,,,,,,,,,,,,,,,,,,,,,,,,,,,,,,,,,,,,,,,,,,,,,,,,,,,,,,,,,,,,,,,,,,,,,,,,,,,,,,,,,,,,,,,,,,,,,,,,,,,,,,,,,,,,,,,,,,,,,,,,,,,,,,,,,,,,,,,,,,,,,,,,,,,,,,,,,,,,,,,,,,,,,,,,,,,,,,,,,,,,,,,,,,,,,,,,,,,,,,,,,,,,,,,,,,,,,,,,,,,,,,,,,,,,,,,,,,,,,,,,,,,,,,,,,,,,,,,,,,,,,,,,,,,,,,,,,,,,,,,,,,,,,,,,,,,,,,,,,,,,,,,,,,,,,,,,,,,,,,,,,,,,,,,,,,,,,,,,,,,,,,,,,,,,,,,,,,,,,,,,,,,,,,,,,,,,,,,,,,,,,,,,,,,,,,,,,,,,,,,,,,,,,,,,,,,,,,,,,,,,,,,,,,,,,,,,,,,,,,,,,,,,,,,,,,,,,,
2026033123,,,,,,,,,,,,,,,,,,,,,,,,,,,,,,,,,0.078,,,,,,,,,,,,,,,,,,,,,,,,,,,,,,,,,,,,,,,,,,,,,,,,,,,,,,,,,,,,,,,,,,,,,,,,,,,,,,,,,,,,,,,,,,,,,,,,,,,,,,,,,,,,,,,,,,,,,,,,,,,,,,,,,,,,,,,,,,,,,,,,,,,,,,,,,,,,,,,,,,,,,,,,,,,,,,,,,,,,,,,,,,,,,,,,,,,,,,,,,,,,,,,,,,,,,,,,,,,,,,,,,,,,,,,,,,,,,,,,,,,,,,,,,,,,,,,,,,,,,,,,,,,,,,,,,,,,,,,,,,,,,,,,,,,,,,,,,,,,,,,,,,,,,,,,,,,,,,,,,,,,,,,,,,,,,,,,,,,,,,,,,,,,,,,,,,,,,,,,,,,,,,,,,,,,,,,,,,,,,,,,,,,,,,,,,,,,,,,,,,,,,,,,,,,,,,,,,,,,,,,,,,,,,,,,,,,,,,,,,,,,,,,,,,,,,,,,,,,,,,,,,,,,,,,,,,,,,,,,,,,,,,,,,,,,,,,,,,,,,,,,,,,,,,,,,,,,,,,,,,,,,,,,,,,,,,,,,,,,,,,,,,,,,,,,,,,,,,,,,,,,,,,,,,,,,,,,,,,,,,,,,,,,,,,,,,,,,,,,,,,,,,,,,,,,,,,,,,,,,,,,,,,,,,,,,,,,,,,,,,,,,,,,,,,,,,,,,,,,,,,,,,,,,,,,,,,,,,,,,,,,,,,,,,,,,,,,,,,,,,,,,,,,,,,,,,,,,,,,,,,,,,,,,,,,,,,,
2026040100,0.874,0.0,0.0,0.0,0.0,0.0,0.0,0.0,0.0,0.0,0.0,0.0,0.0,0.0,0.0,0.0,0.0,0.257,1.044,3.323,5.994,15.276,20.0,0.0,1.0,0.0,0.0,12.0,0.0,0.0,4.0,0.0,0.07,,2.114,0.0,0.0,0.0,0.0,0.0,0.0,0.0,0.0,0.0,0.0,0.0,0.0,0.0,0.022,0.385,0.958,2.0,3.61,7.33,12.906,28.469,31.0,0.0,5.0,0.0,0.0,0.0,1.0,0.0,11.0,0.0,,,,,,,,,,,,,,,,,,,,,,,,,,,,,,,,,0.0,0.0,0.0,0.0,0.0,0.0,0.0,0.0,0.0,0.0,0.0,0.0,0.0,0.0,0.0,0.0,0.0,0.093,0.486,1.208,2.694,6.552,18.0,0.0,0.0,6.0,0.0,0.0,0.0,1.0,0.0,0.0,,,,,,,,,,,,,,,,,,,,,,,,,,,,,,,,,269.12,,,,,,,,,,,,,,,,,,,0.008,0.0,0.0,0.0,0.0,0.0,0.041,0.069,19.0,14.0,7.0,1.0,0.0,0.0,0.0,0.0,0.0,0.0,0.038,0.0,0.005,0.0,0.025,0.058,0.089,0.107,51.0,30.0,8.0,2.0,0.0,0.0,0.0,0.0,0.0,0.0,0.003,0.0,0.0,0.0,0.0,0.0,0.0,0.025,11.0,6.0,0.0,0.0,0.0,0.0,0.0,0.0,0.0,0.0,0.046,0.003,0.008,0.0,0.033,0.069,0.102,0.13,57.0,11.0,3.0,1.0,0.0,0.0,0.0,0.0,0.0,0.0,4.0,9.0,,,,,,,,,,,9.0,15.0,9.0,18.0,19.0,21.0,21.0,0.0,0.0,0.0,0.0,0.0,16.1,,263.22,2.06,,702.0,1.0,,0.0,0.0,0.0,0.0,0.0,0.0,0.0,0.0,0.0,0.0,0.0,0.0,0.0,0.0,0.0,0.0,0.0,0.0,0.0,0.0,0.0,0.0,0.0,0.0,0.0,0.0,0.0,0.0,0.0,0.0,0.0,0.0,0.0,0.0,0.0,0.0,0.0,0.0,0.0,0.0,0.0,0.0,0.0,0.0,0.0,0.0,0.0,0.0,0.0,0.0,0.0,19.0,9.999e+20,,,,,,,,,,,,,,,,,,,,,,,,,,,,,7.7,2.8,4.4,4.8,5.2,5.6,5.6,6.0,6.4233,6.39118,4.0,6.96153,7.47733,8.02288,8.61895,9.15332,9.70283,10.2421,11.2596,11.4311,12.8117,14.0815,7.6871,2.61159,14.0,0.0,0.0,0.0,0.0,0.0,0.0,31.0,3.0,9.999e+20,9.999e+20,9.999e+20,9.999e+20,9.999e+20,,,,,,,,,,,,,,,,,,,,,,,,,,,,,,,,,,,,,,,,,,,,,,,,,,,,,,,,,,,,,,,,,,,,,,,,,,,,,,,,,,,,,,,,,,,,,,,,,,,,,,,,,,,,,,,,,,,,,,,,,,,,1064.0,0.0,1.2,0.0,19.2,0.0,,47.0,,,,,,,,,,,,,,,,,,,,,,,,,,,,,,,,,,,,,,,,,,,,,,,,,,,,,,,,,,,,,12.4,9.2,10.9,8.1,13.0,14.2,15.2,15.5,920.0,600.0,704.0,568.0,872.0,1136.0,1288.0,1384.0,,,42.0,26.0,,274.21,1.47,,,,273.35,2.08,,,,,,,,,,,,,,,,,,,,,,,,,,,,,,,,,,,,,,,,,,,,,,,,,,,,,,,,,,,,,9.999e+20,230.0,4.1,170.0,6.0,2.0,0.0,,,0.0,1.0,,,,,,,6088.0,230.0,230.0,230.0,,271.7,,,,,,,,,,,,,,,,,,,,,,,,,,,,,4.1,1.2,2.0,2.4,2.8,2.8,3.2,3.2,3.2,3.6,1.6,4.0,4.0,4.4,4.4,4.8,5.2,6.0,6.0,6.60247,6.9224,8.94036,4.08667,1.87504,0.0,0.0,0.0,0.0,53.0,0.0,21.0,1.0,4.5,5.3,
2026040101,,,,,,,,,,,,,,,,,,,,,,,,,,,,,,,,,0.061,,,,,,,,,,,,,,,,,,,,,,,,,,,,,,,,,,,,,,,,,,,,,,,,,,,,,,,,,,,,,,,,,,,,,,,,,,,,,,,,,,,,,,,,,,,,,,,,,,,,,,,,,,,,,,,,,,,,,,,,,,,,,,,,,,,,,,,,,,,,,,,,,,,,,,,,,,,,,,,,,,,,,,,,,,,,,,,,,,,,,,,,,,,,,,,,,,,,,,,,,,,,,,,,,,,,,,,,,,,,,,,,,,,,,,,,,,,,,,,,,,,,,,,,,,,,,,,,,,,,,,,,,,,,,,,,,,,,,,,,,,,,,,,,,,,,,,,,,,,,,,,,,,,,,,,,,,,,,,,,,,,,,,,,,,,,,,,,,,,,,,,,,,,,,,,,,,,,,,,,,,,,,,,,,,,,,,,,,,,,,,,,,,,,,,,,,,,,,,,,,,,,,,,,,,,,,,,,,,,,,,,,,,,,,,,,,,,,,,,,,,,,,,,,,,,,,,,,,,,,,,,,,,,,,,,,,,,,,,,,,,,,,,,,,,,,,,,,,,,,,,,,,,,,,,,,,,,,,,,,,,,,,,,,,,,,,,,,,,,,,,,,,,,,,,,,,,,,,,,,,,,,,,,,,,,,,,,,,,,,,,,,,,,,,,,,,,,,,,,,,,,,,,,,,,,,,,,,,,,,,,,,,,,,,,,,,,,,,,,,,,,,,,,,,,,,,,,,,,,,,,,,,,,,,,,,,,,,,,,,,,,,,,,,,,,,,,,,,,,,,,,,,,,,,,,,,,,,,,,,,,,,,,,,,,,,,,,,
2026040102,,,,,,,,,,,,,,,,,,,,,,,,,,,,,,,,,0.073,,,,,,,,,,,,,,,,,,,,,,,,,,,,,,,,,,,,,,,,,,,,,,,,,,,,,,,,,,,,,,,,,,,,,,,,,,,,,,,,,,,,,,,,,,,,,,,,,,,,,,,,,,,,,,,,,,,,,,,,,,,,,,,,,,,,,,,,,,,,,,,,,,,,,,,,,,,,,,,,,,,,,,,,,,,,,,,,,,,,,,,,,,,,,,,,,,,,,,,,,,,,,,,,,,,,,,,,,,,,,,,,,,,,,,,,,,,,,,,,,,,,,,,,,,,,,,,,,,,,,,,,,,,,,,,,,,,,,,,,,,,,,,,,,,,,,,,,,,,,,,,,,,,,,,,,,,,,,,,,,,,,,,,,,,,,,,,,,,,,,,,,,,,,,,,,,,,,,,,,,,,,,,,,,,,,,,,,,,,,,,,,,,,,,,,,,,,,,,,,,,,,,,,,,,,,,,,,,,,,,,,,,,,,,,,,,,,,,,,,,,,,,,,,,,,,,,,,,,,,,,,,,,,,,,,,,,,,,,,,,,,,,,,,,,,,,,,,,,,,,,,,,,,,,,,,,,,,,,,,,,,,,,,,,,,,,,,,,,,,,,,,,,,,,,,,,,,,,,,,,,,,,,,,,,,,,,,,,,,,,,,,,,,,,,,,,,,,,,,,,,,,,,,,,,,,,,,,,,,,,,,,,,,,,,,,,,,,,,,,,,,,,,,,,,,,,,,,,,,,,,,,,,,,,,,,,,,,,,,,,,,,,,,,,,,,,,,,,,,,,,,,,,,,,,,,,,,,,,,,,,,,,,,,,,,,,,,,
2026040103,,,,,,,,,,,,,,,,,,,,,,,,,,,,,,,,,0.07,,,,,,,,,,,,,,,,,,,,,,,,,,,,,,,,,,,,,,,,,,,,,,,,,,,,,,,,,,,,,,,,,,,,,,,,,,,,,,,,,,,,,,,,,,,,,,,,,,,,,,,,,,,,,,,,,,,,,,,,,,,,,,,,,,265.14,,,,,,,,,,,,,,,,,,,,,,,,,,,,,,,,,,,,,,,,,,,,,,,,,,,,,,,,,,,,,,,,,,,,,,,,,,,,,,,,,,,,,,,,,,,3.0,11.0,,,,,,,,,,,9.0,14.0,9.0,16.0,19.0,19.0,20.0,0.0,0.0,0.0,0.0,0.0,15.0,,264.71,1.96,,134.0,0.0,,,,,,,,,,,,,,,,,,,,,,,,,,,,,,,,,,,,,,,,,,,,,,,,,,,,,,9.999e+20,,,,,,,,,,,,,,,,,,,,,,,,,,,,,6.4,1.6,3.2,3.6,4.08086,4.5732,4.65327,4.74872,5.23631,5.33364,2.4,5.83331,6.40858,6.65846,7.12984,7.62201,8.60558,9.12523,10.1033,10.4171,11.4857,13.9719,6.37591,3.03741,6.0,1.0,0.0,0.0,0.0,0.0,0.0,23.0,,9.999e+20,9.999e+20,9.999e+20,9.999e+20,9.999e+20,,,,,,,,,,,,,,,,,,,,,,,,,,,,,,,,,,,,,,,,,,,,,,,,,,,,,,,,,,,,,,,,,,,,,,,,,,,,,,,,,,,,,,,,,,,,,,,,,,,,,,,,,,,,,,,,,,,,,,,,,,,,224.0,,0.0,0.0,21.6,0.0,,67.0,,,,,,,,,,,,,,,,,,,,,,,,,,,,,,,,,,,,,,,,,,,,,,,,,,,,,,,,,,,,,12.8,10.0,11.4,7.6,13.3,14.6,15.4,15.8,880.0,576.0,744.0,520.0,832.0,968.0,1216.0,1352.0,,,53.0,19.0,,,,,,,270.01,1.98,,,,,,,,,,,,,,,,,,,,,,,,,,,,,,,,,,,,,,,,,,,,,,,,,,,,,,,,,,,,,9.999e+20,230.0,3.7,110.0,5.3,,,,,,0.0,,,,,,,907.0,230.0,230.0,230.0,,269.9,,,,,,,,,,,,,,,,,,,,,,,,,,,,,3.7,0.4,1.2,1.6,2.0,2.0,2.4,2.4,2.8,2.8,0.8,3.2,3.2,3.6,4.0,4.4,4.4,4.8,5.6,6.0,7.2,8.16042,3.31926,1.82217,1.0,0.0,0.0,0.0,40.0,0.0,14.0,1.0,4.1,4.5,
2026040104,,,,,,,,,,,,,,,,,,,,,,,,,,,,,,,,,0.078,,,,,,,,,,,,,,,,,,,,,,,,,,,,,,,,,,,,,,,,,,,,,,,,,,,,,,,,,,,,,,,,,,,,,,,,,,,,,,,,,,,,,,,,,,,,,,,,,,,,,,,,,,,,,,,,,,,,,,,,,,,,,,,,,,,,,,,,,,,,,,,,,,,,,,,,,,,,,,,,,,,,,,,,,,,,,,,,,,,,,,,,,,,,,,,,,,,,,,,,,,,,,,,,,,,,,,,,,,,,,,,,,,,,,,,,,,,,,,,,,,,,,,,,,,,,,,,,,,,,,,,,,,,,,,,,,,,,,,,,,,,,,,,,,,,,,,,,,,,,,,,,,,,,,,,,,,,,,,,,,,,,,,,,,,,,,,,,,,,,,,,,,,,,,,,,,,,,,,,,,,,,,,,,,,,,,,,,,,,,,,,,,,,,,,,,,,,,,,,,,,,,,,,,,,,,,,,,,,,,,,,,,,,,,,,,,,,,,,,,,,,,,,,,,,,,,,,,,,,,,,,,,,,,,,,,,,,,,,,,,,,,,,,,,,,,,,,,,,,,,,,,,,,,,,,,,,,,,,,,,,,,,,,,,,,,,,,,,,,,,,,,,,,,,,,,,,,,,,,,,,,,,,,,,,,,,,,,,,,,,,,,,,,,,,,,,,,,,,,,,,,,,,,,,,,,,,,,,,,,,,,,,,,,,,,,,,,,,,,,,,,,,,,,,,,,,,,,,,,,,,,,,,,,,,,,,,,,,,,,,,,,,,,,,,,,,,,,,,,,,,,,,,,,,,,,,,,,,,,,,,,,,,,,,,,,,,,,
2026040105,,,,,,,,,,,,,,,,,,,,,,,,,,,,,,,,,0.077,,,,,,,,,,,,,,,,,,,,,,,,,,,,,,,,,,,,,,,,,,,,,,,,,,,,,,,,,,,,,,,,,,,,,,,,,,,,,,,,,,,,,,,,,,,,,,,,,,,,,,,,,,,,,,,,,,,,,,,,,,,,,,,,,,,,,,,,,,,,,,,,,,,,,,,,,,,,,,,,,,,,,,,,,,,,,,,,,,,,,,,,,,,,,,,,,,,,,,,,,,,,,,,,,,,,,,,,,,,,,,,,,,,,,,,,,,,,,,,,,,,,,,,,,,,,,,,,,,,,,,,,,,,,,,,,,,,,,,,,,,,,,,,,,,,,,,,,,,,,,,,,,,,,,,,,,,,,,,,,,,,,,,,,,,,,,,,,,,,,,,,,,,,,,,,,,,,,,,,,,,,,,,,,,,,,,,,,,,,,,,,,,,,,,,,,,,,,,,,,,,,,,,,,,,,,,,,,,,,,,,,,,,,,,,,,,,,,,,,,,,,,,,,,,,,,,,,,,,,,,,,,,,,,,,,,,,,,,,,,,,,,,,,,,,,,,,,,,,,,,,,,,,,,,,,,,,,,,,,,,,,,,,,,,,,,,,,,,,,,,,,,,,,,,,,,,,,,,,,,,,,,,,,,,,,,,,,,,,,,,,,,,,,,,,,,,,,,,,,,,,,,,,,,,,,,,,,,,,,,,,,,,,,,,,,,,,,,,,,,,,,,,,,,,,,,,,,,,,,,,,,,,,,,,,,,,,,,,,,,,,,,,,,,,,,,,,,,,,,,,,,,,,,,,,,,,,,,,,,,,,,,,,,,,,,,,,,,
2026040106,0.889,0.0,0.0,0.0,0.0,0.0,0.0,0.0,0.0,0.0,0.0,0.0,0.0,0.0,0.0,0.0,0.321,0.955,1.682,2.981,5.152,12.837,26.0,0.0,1.0,0.0,0.0,12.0,0.0,0.0,4.0,0.0,0.059,,,,,,,,,,,,,,,,,,,,,,,,,,,,,,,,,,,,,,,,,,,,,,,,,,,,,,,,,,,,,,,,,,0.0,0.0,0.0,0.0,0.0,0.0,0.0,0.0,0.0,0.0,0.0,0.0,0.0,0.0,0.0,0.0,0.0,0.213,0.642,1.339,2.747,6.526,20.0,0.0,0.0,5.0,0.0,0.0,0.0,1.0,0.0,0.0,,,,,,,,,,,,,,,,,,,,,,,,,,,,,,,,,264.02,,,,,,,,,,,,,,,,,,,0.01,,,,,,,,,,,,,,,,,,0.033,,,,,,,,,,,,,,,,,,0.003,0.0,0.0,0.0,0.0,0.0,0.01,0.015,15.0,4.0,1.0,0.0,0.0,0.0,0.0,0.0,0.0,0.0,0.048,,,,,,,,,,,,,,,,,,2.0,6.0,,,,,,,,,,,9.0,13.0,9.0,16.0,18.0,19.0,19.0,0.0,0.0,0.0,0.0,0.0,14.7,,264.26,2.5,,67.0,0.0,,0.0,,,,,,,,,,,,,,,,,,,,,,,,,0.0,0.0,0.0,0.0,0.0,0.0,0.0,0.0,0.0,0.0,0.0,0.0,0.0,0.0,,,,,,,,,,,,,17.0,9.999e+20,11.4504,6.91107,8.00433,8.52667,8.6739,8.84496,9.32107,9.49027,10.0069,9.78272,7.25931,10.4319,10.7179,11.4458,11.9927,12.3591,12.9743,13.5912,15.2063,15.9284,17.2669,20.7518,39.0,4.0,1.0,0.0,0.0,0.0,5.6,1.2,2.4,2.8,3.2,3.6,4.0,4.10738,4.1577,4.63277,2.0,5.10015,5.24271,5.78162,5.84546,6.3706,6.95234,7.99272,8.56826,9.20237,11.1498,15.7456,5.58355,2.9685,4.0,1.0,0.0,0.0,0.0,0.0,0.0,15.0,2.0,9.999e+20,9.999e+20,9.999e+20,9.999e+20,9.999e+20,,,,,,,,,,,,,,,,,,,,,,,,,,,,,,,,,,,,,,,,,,,,,,,,,,,,,,,,,,,,,,,,,,,,,,,,,,,,,,,,,,,,,,,,,,,,,,,,,,,,,,,,,,,,,,,,,,,,,,,,,,,42.0,184.0,,0.0,0.0,22.8,0.0,,71.0,,,,,,,,,,,,,,,,,,,,,,,,,,,,,,,,,,,,,,,,,,,,,,,,,,,,,,,,,,,,,13.3,11.0,12.2,8.5,13.7,14.7,15.8,16.2,824.0,520.0,680.0,416.0,840.0,960.0,1160.0,1224.0,,,44.0,16.0,,,,,,2.20884,268.5,2.48,274.248,269.627,271.752,272.029,272.279,272.446,273.048,273.282,273.469,273.942,271.15,274.21,274.524,274.705,275.089,275.23,275.548,275.811,275.939,276.269,278.311,279.437,0.0,3.0,33.0,0.0,0.0,0.0,0.0,0.0,,,,,,,,,,,,,,,,,,,,,,,,,,,,,,,9.999e+20,230.0,3.2,130.0,5.2,,0.0,,,0.0,0.0,,,,,,,694.0,230.0,230.0,230.0,,269.2,6.48061,4.0,4.4,4.8,4.8,5.2,5.2,5.6,5.6,5.6,4.4,6.0,6.0,6.42315,6.4774,6.90231,7.41327,7.54193,8.51431,8.6227,9.606,10.7835,1.0,0.0,0.0,0.0,59.0,9.0,3.2,0.4,1.2,1.2,1.6,1.6,2.0,2.0,2.4,2.4,0.8,2.8,2.8,2.8,3.2,3.6,4.0,4.4,4.8,5.2,6.4,8.68964,2.84299,1.76542,0.0,0.0,0.0,0.0,30.0,0.0,7.0,1.0,3.6,4.0,
2026040107,,,,,,,,,,,,,,,,,,,,,,,,,,,,,,,,,0.061,,,,,,,,,,,,,,,,,,,,,,,,,,,,,,,,,,,,,,,,,,,,,,,,,,,,,,,,,,,,,,,,,,,,,,,,,,,,,,,,,,,,,,,,,,,,,,,,,,,,,,,,,,,,,,,,,,,,,,,,,,,,,,,,,,,,,,,,,,,,,,,,,,,,,,,,,,,,,,,,,,,,,,,,,,,,,,,,,,,,,,,,,,,,,,,,,,,,,,,,,,,,,,,,,,,,,,,,,,,,,,,,,,,,,,,,,,,,,,,,,,,,,,,,,,,,,,,,,,,,,,,,,,,,,,,,,,,,,,,,,,,,,,,,,,,,,,,,,,,,,,,,,,,,,,,,,,,,,,,,,,,,,,,,,,,,,,,,,,,,,,,,,,,,,,,,,,,,,,,,,,,,,,,,,,,,,,,,,,,,,,,,,,,,,,,,,,,,,,,,,,,,,,,,,,,,,,,,,,,,,,,,,,,,,,,,,,,,,,,,,,,,,,,,,,,,,,,,,,,,,,,,,,,,,,,,,,,,,,,,,,,,,,,,,,,,,,,,,,,,,,,,,,,,,,,,,,,,,,,,,,,,,,,,,,,,,,,,,,,,,,,,,,,,,,,,,,,,,,,,,,,,,,,,,,,,,,,,,,,,,,,,,,,,,,,,,,,,,,,,,,,,,,,,,,,,,,,,,,,,,,,,,,,,,,,,,,,,,,,,,,,,,,,,,,,,,,,,,,,,,,,,,,,,,,,,,,,,,,,,,,,,,,,,,,,,,,,,,,,,,,,,,,,,,,,,,,,,,,,,,,,,,,,,,,,,,,,,
2026040108,,,,,,,,,,,,,,,,,,,,,,,,,,,,,,,,,0.08,,,,,,,,,,,,,,,,,,,,,,,,,,,,,,,,,,,,,,,,,,,,,,,,,,,,,,,,,,,,,,,,,,,,,,,,,,,,,,,,,,,,,,,,,,,,,,,,,,,,,,,,,,,,,,,,,,,,,,,,,,,,,,,,,,,,,,,,,,,,,,,,,,,,,,,,,,,,,,,,,,,,,,,,,,,,,,,,,,,,,,,,,,,,,,,,,,,,,,,,,,,,,,,,,,,,,,,,,,,,,,,,,,,,,,,,,,,,,,,,,,,,,,,,,,,,,,,,,,,,,,,,,,,,,,,,,,,,,,,,,,,,,,,,,,,,,,,,,,,,,,,,,,,,,,,,,,,,,,,,,,,,,,,,,,,,,,,,,,,,,,,,,,,,,,,,,,,,,,,,,,,,,,,,,,,,,,,,,,,,,,,,,,,,,,,,,,,,,,,,,,,,,,,,,,,,,,,,,,,,,,,,,,,,,,,,,,,,,,,,,,,,,,,,,,,,,,,,,,,,,,,,,,,,,,,,,,,,,,,,,,,,,,,,,,,,,,,,,,,,,,,,,,,,,,,,,,,,,,,,,,,,,,,,,,,,,,,,,,,,,,,,,,,,,,,,,,,,,,,,,,,,,,,,,,,,,,,,,,,,,,,,,,,,,,,,,,,,,,,,,,,,,,,,,,,,,,,,,,,,,,,,,,,,,,,,,,,,,,,,,,,,,,,,,,,,,,,,,,,,,,,,,,,,,,,,,,,,,,,,,,,,,,,,,,,,,,,,,,,,,,,,,,,,,,,,,,,,,,,,,,,,,,,,,,,,,,,,
2026040109,,,,,,,,,,,,,,,,,,,,,,,,,,,,,,,,,0.08,,,,,,,,,,,,,,,,,,,,,,,,,,,,,,,,,,,,,,,,,,,,,,,,,,,,,,,,,,,,,,,,,,,,,,,,,,,,,,,,,,,,,,,,,,,,,,,,,,,,,,,,,,,,,,,,,,,,,,,,,,,,,,,,,,264.67,,,,,,,,,,,,,,,,,,,,,,,,,,,,,,,,,,,,,,,,,,,,,,,,,,,,,,,,,,,,,,,,,,,,,,,,,,,,,,,,,,,,,,,,,,,2.0,5.0,,,,,,,,,,,12.0,15.0,11.0,16.0,17.0,18.0,18.0,0.0,0.0,0.0,0.0,0.0,15.0,,264.04,2.76,,0.0,1.0,,,,,,,,,,,,,,,,,,,,,,,,,,,,,,,,,,,,,,,,,,,,,,,,,,,,,,9.999e+20,,,,,,,,,,,,,,,,,,,,,,,,,,,,,5.5,1.6,2.4,2.8,3.6,3.6,4.0,4.4,4.4,4.8,2.0,4.8187,5.25695,5.28924,5.75165,6.22791,7.10156,7.95256,8.1925,8.90548,11.2285,13.826,5.52954,2.66262,5.0,1.0,0.0,0.0,0.0,0.0,0.0,11.0,,9.999e+20,9.999e+20,9.999e+20,9.999e+20,9.999e+20,,,,,,,,,,,,,,,,,,,,,,,,,,,,,,,,,,,,,,,,,,,,,,,,,,,,,,,,,,,,,,,,,,,,,,,,,,,,,,,,,,,,,,,,,,,,,,,,,,,,,,,,,,,,,,,,,,,,,,,,,,,,224.0,,0.0,0.0,42.4,0.0,,68.0,,,,,,,,,,,,,,,,,,,,,,,,,,,,,,,,,,,,,,,,,,,,,,,,,,,,,,,,,,,,,13.6,11.2,12.2,9.1,14.2,15.1,16.1,16.3,800.0,464.0,600.0,336.0,816.0,952.0,1088.0,1256.0,,,55.0,17.0,,,,,,,268.69,2.75,,,,,,,,,,,,,,,,,,,,,,,,,,,,,,,,,,,,,,,,,,,,,,,,,,,,,,,,,,,,,9.999e+20,240.0,2.8,140.0,5.1,,,,,,1.0,,,,,,,920.0,240.0,240.0,240.0,,269.2,,,,,,,,,,,,,,,,,,,,,,,,,,,,,2.8,0.8,1.2,1.2,1.6,2.0,2.0,2.0,2.4,2.4,1.2,2.4,2.8,2.8,3.2,3.2,3.6,4.0,4.4,4.8,6.8,8.15187,2.84457,1.73745,0.0,0.0,0.0,0.0,26.0,0.0,7.0,1.0,3.2,3.6,
2026040110,,,,,,,,,,,,,,,,,,,,,,,,,,,,,,,,,0.083,,,,,,,,,,,,,,,,,,,,,,,,,,,,,,,,,,,,,,,,,,,,,,,,,,,,,,,,,,,,,,,,,,,,,,,,,,,,,,,,,,,,,,,,,,,,,,,,,,,,,,,,,,,,,,,,,,,,,,,,,,,,,,,,,,,,,,,,,,,,,,,,,,,,,,,,,,,,,,,,,,,,,,,,,,,,,,,,,,,,,,,,,,,,,,,,,,,,,,,,,,,,,,,,,,,,,,,,,,,,,,,,,,,,,,,,,,,,,,,,,,,,,,,,,,,,,,,,,,,,,,,,,,,,,,,,,,,,,,,,,,,,,,,,,,,,,,,,,,,,,,,,,,,,,,,,,,,,,,,,,,,,,,,,,,,,,,,,,,,,,,,,,,,,,,,,,,,,,,,,,,,,,,,,,,,,,,,,,,,,,,,,,,,,,,,,,,,,,,,,,,,,,,,,,,,,,,,,,,,,,,,,,,,,,,,,,,,,,,,,,,,,,,,,,,,,,,,,,,,,,,,,,,,,,,,,,,,,,,,,,,,,,,,,,,,,,,,,,,,,,,,,,,,,,,,,,,,,,,,,,,,,,,,,,,,,,,,,,,,,,,,,,,,,,,,,,,,,,,,,,,,,,,,,,,,,,,,,,,,,,,,,,,,,,,,,,,,,,,,,,,,,,,,,,,,,,,,,,,,,,,,,,,,,,,,,,,,,,,,,,,,,,,,,,,,,,,,,,,,,,,,,,,,,,,,,,,,,,,,,,,,,,,,,,,,,,,,,,,,,,,,,,,,,,,,,,,,,,,,,,,,,,,,,,,,,,,,,
2026040111,,,,,,,,,,,,,,,,,,,,,,,,,,,,,,,,,0.091,,,,,,,,,,,,,,,,,,,,,,,,,,,,,,,,,,,,,,,,,,,,,,,,,,,,,,,,,,,,,,,,,,,,,,,,,,,,,,,,,,,,,,,,,,,,,,,,,,,,,,,,,,,,,,,,,,,,,,,,,,,,,,,,,,,,,,,,,,,,,,,,,,,,,,,,,,,,,,,,,,,,,,,,,,,,,,,,,,,,,,,,,,,,,,,,,,,,,,,,,,,,,,,,,,,,,,,,,,,,,,,,,,,,,,,,,,,,,,,,,,,,,,,,,,,,,,,,,,,,,,,,,,,,,,,,,,,,,,,,,,,,,,,,,,,,,,,,,,,,,,,,,,,,,,,,,,,,,,,,,,,,,,,,,,,,,,,,,,,,,,,,,,,,,,,,,,,,,,,,,,,,,,,,,,,,,,,,,,,,,,,,,,,,,,,,,,,,,,,,,,,,,,,,,,,,,,,,,,,,,,,,,,,,,,,,,,,,,,,,,,,,,,,,,,,,,,,,,,,,,,,,,,,,,,,,,,,,,,,,,,,,,,,,,,,,,,,,,,,,,,,,,,,,,,,,,,,,,,,,,,,,,,,,,,,,,,,,,,,,,,,,,,,,,,,,,,,,,,,,,,,,,,,,,,,,,,,,,,,,,,,,,,,,,,,,,,,,,,,,,,,,,,,,,,,,,,,,,,,,,,,,,,,,,,,,,,,,,,,,,,,,,,,,,,,,,,,,,,,,,,,,,,,,,,,,,,,,,,,,,,,,,,,,,,,,,,,,,,,,,,,,,,,,,,,,,,,,,,,,,,,,,,,,,,,,,,,,
2026040112,1.007,0.0,0.0,0.0,0.0,0.0,0.0,0.0,0.0,0.0,0.0,0.0,0.0,0.0,0.004,0.275,0.701,1.269,2.094,3.118,4.985,14.595,30.0,0.0,1.0,0.0,0.0,13.0,0.0,0.0,4.0,0.0,0.096,,,,,,,,,,,,,,,,,,,,,,,,,,,,,,,,,,,,,,,,,,,,,,,,,,,,,,,,,,,,,,,,,,0.0,0.0,0.0,0.0,0.0,0.0,0.0,0.0,0.0,0.0,0.0,0.0,0.0,0.0,0.0,0.0,0.186,0.553,0.944,1.654,2.852,8.409,24.0,0.0,0.0,6.0,0.0,0.0,0.0,2.0,0.0,0.0,,,,,,,,,,,,,,,,,,,,,,,,,,,,,,,,,264.06,,,,,,,,,,,,,,,,,,,0.01,0.0,0.0,0.0,0.0,0.013,0.038,0.064,34.0,14.0,8.0,1.0,0.0,0.0,0.0,0.0,0.0,0.0,0.025,0.0,0.0,0.0,0.013,0.036,0.069,0.094,30.0,20.0,5.0,1.0,0.0,0.0,0.0,0.0,0.0,0.0,0.003,0.0,0.0,0.0,0.0,0.0,0.008,0.018,22.0,4.0,1.0,0.0,0.0,0.0,0.0,0.0,0.0,0.0,0.053,0.005,0.015,0.0,0.038,0.074,0.117,0.152,62.0,14.0,6.0,1.0,0.0,0.0,0.0,0.0,0.0,0.0,2.0,4.0,,,,,,,,,,,13.0,15.0,13.0,15.0,17.0,19.0,19.0,0.0,0.0,0.0,0.0,0.0,15.1,,264.22,2.61,,0.0,2.0,,0.0,0.0,0.0,0.0,0.0,0.0,0.0,0.0,0.0,0.0,0.0,0.0,0.0,0.0,0.0,0.0,0.0,0.0,0.0,0.0,0.0,0.0,0.0,0.0,0.0,0.0,0.0,0.0,0.0,0.0,0.0,0.0,0.0,0.0,0.0,0.0,0.0,0.0,0.0,0.0,0.0,0.0,0.0,0.0,0.0,0.0,0.0,0.0,0.0,0.0,0.0,9.2,9.999e+20,,,,,,,,,,,,,,,,,,,,,,,,,,,,,5.71,1.6,2.4,2.8,3.6,4.0,4.0,4.4,4.4,4.8,2.0,5.2,5.2,6.00061,6.01862,6.45207,6.89524,7.72369,8.6179,9.48451,10.4092,13.5326,5.69474,2.5534,4.0,0.0,0.0,0.0,0.0,0.0,0.0,15.0,2.0,9.999e+20,9.999e+20,9.999e+20,9.999e+20,9.999e+20,,,,,,,,,,,,,,,,,,,,,,,,,,,,,,,,,,,,,,,,,,,,,,,,,,,,,,,,,,,,,,,,,,,,,,,,,,,,,,,,,,,,,,,,,,,,,,,,,,,,,,,,,,,,,,,,,,,,,,,,,,,,392.0,0.0,0.0,0.0,42.4,0.0,,71.0,,,,,,,,,,,,,,,,,,,,,,,,,,,,,,,,,,,,,,,,,,,,,,,,,,,,,,,,,,,,,13.8,11.3,12.3,9.9,14.1,15.1,16.1,16.7,760.0,400.0,584.0,256.0,768.0,960.0,1072.0,1192.0,,,62.0,12.0,,,,267.34,2.11,,268.66,2.61,,,,,,,,,,,,,,,,,,,,,,,,,,,,,,,,,,,,,,,,,,,,,,,,,,,,,,,,,,,,,9.999e+20,260.0,3.2,110.0,5.9,3.0,0.0,,,0.0,1.0,,,,,,,2040.0,260.0,260.0,260.0,,269.4,,,,,,,,,,,,,,,,,,,,,,,,,,,,,3.2,0.8,1.2,1.6,1.6,2.0,2.0,2.4,2.4,2.4,0.8,2.8,2.8,3.2,3.2,3.6,3.6,4.4,4.8,5.6,6.0,8.0,3.23184,1.72667,0.0,0.0,0.0,0.0,30.0,0.0,9.0,1.0,3.6,4.0,
2026040113,,,,,,,,,,,,,,,,,,,,,,,,,,,,,,,,,0.098,,,,,,,,,,,,,,,,,,,,,,,,,,,,,,,,,,,,,,,,,,,,,,,,,,,,,,,,,,,,,,,,,,,,,,,,,,,,,,,,,,,,,,,,,,,,,,,,,,,,,,,,,,,,,,,,,,,,,,,,,,,,,,,,,,,,,,,,,,,,,,,,,,,,,,,,,,,,,,,,,,,,,,,,,,,,,,,,,,,,,,,,,,,,,,,,,,,,,,,,,,,,,,,,,,,,,,,,,,,,,,,,,,,,,,,,,,,,,,,,,,,,,,,,,,,,,,,,,,,,,,,,,,,,,,,,,,,,,,,,,,,,,,,,,,,,,,,,,,,,,,,,,,,,,,,,,,,,,,,,,,,,,,,,,,,,,,,,,,,,,,,,,,,,,,,,,,,,,,,,,,,,,,,,,,,,,,,,,,,,,,,,,,,,,,,,,,,,,,,,,,,,,,,,,,,,,,,,,,,,,,,,,,,,,,,,,,,,,,,,,,,,,,,,,,,,,,,,,,,,,,,,,,,,,,,,,,,,,,,,,,,,,,,,,,,,,,,,,,,,,,,,,,,,,,,,,,,,,,,,,,,,,,,,,,,,,,,,,,,,,,,,,,,,,,,,,,,,,,,,,,,,,,,,,,,,,,,,,,,,,,,,,,,,,,,,,,,,,,,,,,,,,,,,,,,,,,,,,,,,,,,,,,,,,,,,,,,,,,,,,,,,,,,,,,,,,,,,,,,,,,,,,,,,,,,,,,,,,,,,,,,,,,,,,,,,,,,,,,,,,,,,,,,,,,,,,,,,,,,,,,,,,,,,,,,,,,,,
2026040114,,,,,,,,,,,,,,,,,,,,,,,,,,,,,,,,,0.11,,,,,,,,,,,,,,,,,,,,,,,,,,,,,,,,,,,,,,,,,,,,,,,,,,,,,,,,,,,,,,,,,,,,,,,,,,,,,,,,,,,,,,,,,,,,,,,,,,,,,,,,,,,,,,,,,,,,,,,,,,,,,,,,,,,,,,,,,,,,,,,,,,,,,,,,,,,,,,,,,,,,,,,,,,,,,,,,,,,,,,,,,,,,,,,,,,,,,,,,,,,,,,,,,,,,,,,,,,,,,,,,,,,,,,,,,,,,,,,,,,,,,,,,,,,,,,,,,,,,,,,,,,,,,,,,,,,,,,,,,,,,,,,,,,,,,,,,,,,,,,,,,,,,,,,,,,,,,,,,,,,,,,,,,,,,,,,,,,,,,,,,,,,,,,,,,,,,,,,,,,,,,,,,,,,,,,,,,,,,,,,,,,,,,,,,,,,,,,,,,,,,,,,,,,,,,,,,,,,,,,,,,,,,,,,,,,,,,,,,,,,,,,,,,,,,,,,,,,,,,,,,,,,,,,,,,,,,,,,,,,,,,,,,,,,,,,,,,,,,,,,,,,,,,,,,,,,,,,,,,,,,,,,,,,,,,,,,,,,,,,,,,,,,,,,,,,,,,,,,,,,,,,,,,,,,,,,,,,,,,,,,,,,,,,,,,,,,,,,,,,,,,,,,,,,,,,,,,,,,,,,,,,,,,,,,,,,,,,,,,,,,,,,,,,,,,,,,,,,,,,,,,,,,,,,,,,,,,,,,,,,,,,,,,,,,,,,,,,,,,,,,,,,,,,,,,,,,,,,,,,,,,,,,,,,,,,,,
2026040115,,,,,,,,,,,,,,,,,,,,,,,,,,,,,,,,,0.138,,,,,,,,,,,,,,,,,,,,,,,,,,,,,,,,,,,,,,,,,,,,,,,,,,,,,,,,,,,,,,,,,,,,,,,,,,,,,,,,,,,,,,,,,,,,,,,,,,,,,,,,,,,,,,,,,,,,,,,,,,,,,,,,,,264.44,,,,,,,,,,,,,,,,,,,,,,,,,,,,,,,,,,,,,,,,,,,,,,,,,,,,,,,,,,,,,,,,,,,,,,,,,,,,,,,,,,,,,,,,,,,1.0,1.0,,,,,,,,,,,13.0,15.0,13.0,16.0,17.0,18.0,18.0,0.0,0.0,0.0,0.0,0.0,15.4,,264.93,1.85,,12.0,0.0,,,,,,,,,,,,,,,,,,,,,,,,,,,,,,,,,,,,,,,,,,,,,,,,,,,,,,9.999e+20,,,,,,,,,,,,,,,,,,,,,,,,,,,,,6.6,1.6,3.6,3.6,4.4,4.4,4.8,5.2,5.6,6.0,2.8,6.00235,6.44072,6.87518,7.30949,7.7451,8.28352,9.19073,9.77406,10.6721,12.3262,13.4385,6.64322,2.79557,9.0,0.0,0.0,0.0,0.0,0.0,0.0,21.0,,9.999e+20,9.999e+20,9.999e+20,9.999e+20,9.999e+20,,,,,,,,,,,,,,,,,,,,,,,,,,,,,,,,,,,,,,,,,,,,,,,,,,,,,,,,,,,,,,,,,,,,,,,,,,,,,,,,,,,,,,,,,,,,,,,,,,,,,,,,,,,,,,,,,,,,,,,,,,,,480.0,,0.0,0.0,62.8,0.0,,73.0,,,,,,,,,,,,,,,,,,,,,,,,,,,,,,,,,,,,,,,,,,,,,,,,,,,,,,,,,,,,,13.6,10.6,12.2,10.1,14.1,15.1,16.1,16.6,776.0,352.0,616.0,296.0,776.0,968.0,1112.0,1168.0,,,67.0,7.0,,,,,,,269.17,1.85,,,,,,,,,,,,,,,,,,,,,,,,,,,,,,,,,,,,,,,,,,,,,,,,,,,,,,,,,,,,,9.999e+20,140.0,3.7,100.0,6.0,,,,,,2.0,,,,,,,2558.0,140.0,140.0,140.0,,268.3,,,,,,,,,,,,,,,,,,,,,,,,,,,,,3.7,0.8,1.6,2.0,2.0,2.4,2.4,2.8,2.8,3.2,1.2,3.2,3.2,3.6,4.0,4.4,4.4,5.2,5.6,6.4,6.95012,7.86482,3.70746,1.79086,0.0,0.0,0.0,0.0,42.0,0.0,15.0,0.0,4.1,4.5,
2026040116,,,,,,,,,,,,,,,,,,,,,,,,,,,,,,,,,0.186,,,,,,,,,,,,,,,,,,,,,,,,,,,,,,,,,,,,,,,,,,,,,,,,,,,,,,,,,,,,,,,,,,,,,,,,,,,,,,,,,,,,,,,,,,,,,,,,,,,,,,,,,,,,,,,,,,,,,,,,,,,,,,,,,,,,,,,,,,,,,,,,,,,,,,,,,,,,,,,,,,,,,,,,,,,,,,,,,,,,,,,,,,,,,,,,,,,,,,,,,,,,,,,,,,,,,,,,,,,,,,,,,,,,,,,,,,,,,,,,,,,,,,,,,,,,,,,,,,,,,,,,,,,,,,,,,,,,,,,,,,,,,,,,,,,,,,,,,,,,,,,,,,,,,,,,,,,,,,,,,,,,,,,,,,,,,,,,,,,,,,,,,,,,,,,,,,,,,,,,,,,,,,,,,,,,,,,,,,,,,,,,,,,,,,,,,,,,,,,,,,,,,,,,,,,,,,,,,,,,,,,,,,,,,,,,,,,,,,,,,,,,,,,,,,,,,,,,,,,,,,,,,,,,,,,,,,,,,,,,,,,,,,,,,,,,,,,,,,,,,,,,,,,,,,,,,,,,,,,,,,,,,,,,,,,,,,,,,,,,,,,,,,,,,,,,,,,,,,,,,,,,,,,,,,,,,,,,,,,,,,,,,,,,,,,,,,,,,,,,,,,,,,,,,,,,,,,,,,,,,,,,,,,,,,,,,,,,,,,,,,,,,,,,,,,,,,,,,,,,,,,,,,,,,,,,,,,,,,,,,,,,,,,,,,,,,,,,,,,,,,,,,,,,,,,,,,,,,,,,,,,,,,,,,,,,,,,,
2026040117,,,,,,,,,,,,,,,,,,,,,,,,,,,,,,,,,0.192,,,,,,,,,,,,,,,,,,,,,,,,,,,,,,,,,,,,,,,,,,,,,,,,,,,,,,,,,,,,,,,,,,,,,,,,,,,,,,,,,,,,,,,,,,,,,,,,,,,,,,,,,,,,,,,,,,,,,,,,,,,,,,,,,,,,,,,,,,,,,,,,,,,,,,,,,,,,,,,,,,,,,,,,,,,,,,,,,,,,,,,,,,,,,,,,,,,,,,,,,,,,,,,,,,,,,,,,,,,,,,,,,,,,,,,,,,,,,,,,,,,,,,,,,,,,,,,,,,,,,,,,,,,,,,,,,,,,,,,,,,,,,,,,,,,,,,,,,,,,,,,,,,,,,,,,,,,,,,,,,,,,,,,,,,,,,,,,,,,,,,,,,,,,,,,,,,,,,,,,,,,,,,,,,,,,,,,,,,,,,,,,,,,,,,,,,,,,,,,,,,,,,,,,,,,,,,,,,,,,,,,,,,,,,,,,,,,,,,,,,,,,,,,,,,,,,,,,,,,,,,,,,,,,,,,,,,,,,,,,,,,,,,,,,,,,,,,,,,,,,,,,,,,,,,,,,,,,,,,,,,,,,,,,,,,,,,,,,,,,,,,,,,,,,,,,,,,,,,,,,,,,,,,,,,,,,,,,,,,,,,,,,,,,,,,,,,,,,,,,,,,,,,,,,,,,,,,,,,,,,,,,,,,,,,,,,,,,,,,,,,,,,,,,,,,,,,,,,,,,,,,,,,,,,,,,,,,,,,,,,,,,,,,,,,,,,,,,,,,,,,,,,,,,,,,,,,,,,,,,,,,,,,,,,,,,,,,,
2026040118,1.715,0.0,0.0,0.0,0.0,0.0,0.0,0.0,0.0,0.0,0.0,0.034,0.329,0.648,1.05,1.554,2.124,2.843,3.761,5.047,7.972,16.185,46.0,0.0,2.0,0.0,0.0,22.0,0.0,0.0,7.0,0.0,0.191,,,,,,,,,,,,,,,,,,,,,,,,,,,,,,,,,,,,,,,,,,,,,,,,,,,,,,,,,,,,,,,,,,1.27,0.0,0.0,0.0,0.0,0.0,0.0,0.0,0.0,0.0,0.0,0.0,0.209,0.495,0.805,1.154,1.577,2.201,2.681,3.406,5.219,10.566,45.0,0.0,0.0,16.0,0.0,0.0,0.0,4.0,0.0,0.0,,,,,,,,,,,,,,,,,,,,,,,,,,,,,,,,,266.64,,,,,,,,,,,,,,,,,,,0.018,,,,,,,,,,,,,,,,,,0.028,,,,,,,,,,,,,,,,,,0.01,0.0,0.0,0.0,0.0,0.013,0.03,0.041,42.0,15.0,4.0,0.0,0.0,0.0,0.0,0.0,0.0,0.0,0.061,,,,,,,,,,,,,,,,,,5.0,4.0,,,,,,,,,,,15.0,16.0,15.0,17.0,18.0,20.0,20.0,0.0,0.0,0.0,0.0,0.0,17.0,,266.77,1.82,,89.0,3.0,,0.0,,,,,,,,,,,,,,,,,,,,,,,,,0.0,0.0,0.0,0.0,0.0,0.0,0.0,0.0,0.0,0.0,0.0,0.0,0.0,0.0,,,,,,,,,,,,,14.2,9.999e+20,,,,,,,,,,,,,,,,,,,,,,,,,,,,,9.1,2.0,4.95393,5.87857,6.40346,7.31178,7.42772,7.86448,8.13263,8.30061,3.6,8.82963,9.45388,9.79218,10.0402,10.5897,11.1261,11.6659,11.9657,13.02,14.3814,15.8573,9.11436,3.07545,25.0,1.0,0.0,0.0,0.0,0.0,0.0,49.0,2.0,9.999e+20,9.999e+20,9.999e+20,9.999e+20,9.999e+20,,,,,,,,,,,,,,,,,,,,,,,,,,,,,,,,,,,,,,,,,,,,,,,,,,,,,,,,,,,,,,,,,,,,,,,,,,,,,,,,,,,,,,,,,,,,,,,,,,,,,,,,,,,,,,,,,,,,,,,,,,73.0,,696.0,,0.0,0.0,66.4,0.0,,68.0,,,,,,,,,,,,,,,,,,,,,,,,,,,,,,,,,,,,,,,,,,,,,,,,,,,,,,,,,,,,,13.2,10.5,11.9,8.7,13.6,14.8,16.1,16.6,880.0,432.0,648.0,328.0,848.0,1064.0,1384.0,1440.0,,,66.0,10.0,,,,,,2.24743,272.08,1.8,,,,,,,,,,,,,,,,,,,,,,,,,,,,,,,266.735,261.654,263.574,263.948,264.724,264.768,265.419,265.65,265.84,266.386,262.99,266.534,266.795,267.257,267.491,267.532,268.281,268.66,268.829,269.356,270.154,271.38,0.0,0.0,0.0,0.0,1.0,97.0,100.0,0.0,9.999e+20,190.0,4.7,120.0,6.7,,0.0,,,0.0,3.0,,,,,,,4236.0,190.0,190.0,190.0,,271.6,,,,,,,,,,,,,,,,,,,,,,,,,,,,,4.7,0.8,2.4,2.8,3.2,4.0,4.0,4.0,4.4,4.4,1.6,4.8,4.8,5.2,5.2,5.6,6.33827,6.58754,6.6753,7.38746,8.12633,9.24651,4.68692,1.90174,0.0,0.0,0.0,0.0,77.0,0.0,32.0,2.0,5.5,6.0,
2026040119,,,,,,,,,,,,,,,,,,,,,,,,,,,,,,,,,0.2,,,,,,,,,,,,,,,,,,,,,,,,,,,,,,,,,,,,,,,,,,,,,,,,,,,,,,,,,,,,,,,,,,,,,,,,,,,,,,,,,,,,,,,,,,,,,,,,,,,,,,,,,,,,,,,,,,,,,,,,,,,,,,,,,,,,,,,,,,,,,,,,,,,,,,,,,,,,,,,,,,,,,,,,,,,,,,,,,,,,,,,,,,,,,,,,,,,,,,,,,,,,,,,,,,,,,,,,,,,,,,,,,,,,,,,,,,,,,,,,,,,,,,,,,,,,,,,,,,,,,,,,,,,,,,,,,,,,,,,,,,,,,,,,,,,,,,,,,,,,,,,,,,,,,,,,,,,,,,,,,,,,,,,,,,,,,,,,,,,,,,,,,,,,,,,,,,,,,,,,,,,,,,,,,,,,,,,,,,,,,,,,,,,,,,,,,,,,,,,,,,,,,,,,,,,,,,,,,,,,,,,,,,,,,,,,,,,,,,,,,,,,,,,,,,,,,,,,,,,,,,,,,,,,,,,,,,,,,,,,,,,,,,,,,,,,,,,,,,,,,,,,,,,,,,,,,,,,,,,,,,,,,,,,,,,,,,,,,,,,,,,,,,,,,,,,,,,,,,,,,,,,,,,,,,,,,,,,,,,,,,,,,,,,,,,,,,,,,,,,,,,,,,,,,,,,,,,,,,,,,,,,,,,,,,,,,,,,,,,,,,,,,,,,,,,,,,,,,,,,,,,,,,,,,,,,,,,,,,,,,,,,,,,,,,,,,,,,,,,,,,,,,,,,,,,,,,,,,,,,,,,,,,,,,,,,,,,,
2026040120,,,,,,,,,,,,,,,,,,,,,,,,,,,,,,,,,0.221,,,,,,,,,,,,,,,,,,,,,,,,,,,,,,,,,,,,,,,,,,,,,,,,,,,,,,,,,,,,,,,,,,,,,,,,,,,,,,,,,,,,,,,,,,,,,,,,,,,,,,,,,,,,,,,,,,,,,,,,,,,,,,,,,,,,,,,,,,,,,,,,,,,,,,,,,,,,,,,,,,,,,,,,,,,,,,,,,,,,,,,,,,,,,,,,,,,,,,,,,,,,,,,,,,,,,,,,,,,,,,,,,,,,,,,,,,,,,,,,,,,,,,,,,,,,,,,,,,,,,,,,,,,,,,,,,,,,,,,,,,,,,,,,,,,,,,,,,,,,,,,,,,,,,,,,,,,,,,,,,,,,,,,,,,,,,,,,,,,,,,,,,,,,,,,,,,,,,,,,,,,,,,,,,,,,,,,,,,,,,,,,,,,,,,,,,,,,,,,,,,,,,,,,,,,,,,,,,,,,,,,,,,,,,,,,,,,,,,,,,,,,,,,,,,,,,,,,,,,,,,,,,,,,,,,,,,,,,,,,,,,,,,,,,,,,,,,,,,,,,,,,,,,,,,,,,,,,,,,,,,,,,,,,,,,,,,,,,,,,,,,,,,,,,,,,,,,,,,,,,,,,,,,,,,,,,,,,,,,,,,,,,,,,,,,,,,,,,,,,,,,,,,,,,,,,,,,,,,,,,,,,,,,,,,,,,,,,,,,,,,,,,,,,,,,,,,,,,,,,,,,,,,,,,,,,,,,,,,,,,,,,,,,,,,,,,,,,,,,,,,,,,,,,,,,,,,,,,,,,,,,,,,,,,,,,,,,,
2026040121,,,,,,,,,,,,,,,,,,,,,,,,,,,,,,,,,0.254,,,,,,,,,,,,,,,,,,,,,,,,,,,,,,,,,,,,,,,,,,,,,,,,,,,,,,,,,,,,,,,,,,,,,,,,,,,,,,,,,,,,,,,,,,,,,,,,,,,,,,,,,,,,,,,,,,,,,,,,,,,,,,,,,,268.5,,,,,,,,,,,,,,,,,,,,,,,,,,,,,,,,,,,,,,,,,,,,,,,,,,,,,,,,,,,,,,,,,,,,,,,,,,,,,,,,,,,,,,,,,,,12.0,12.0,,,,,,,,,,,15.0,17.0,15.0,18.0,20.0,21.0,22.0,0.0,0.0,0.0,0.0,0.0,18.1,,268.11,1.52,,277.0,0.0,,,,,,,,,,,,,,,,,,,,,,,,,,,,,,,,,,,,,,,,,,,,,,,,,,,,,,9.999e+20,,,,,,,,,,,,,,,,,,,,,,,,,,,,,9.1,3.6,5.20241,5.71554,6.61075,6.78452,7.31096,7.93749,8.12508,8.66504,4.4,8.91165,9.0835,9.36775,10.4183,10.6656,10.9882,11.5871,12.1161,12.8549,14.3165,17.2549,9.12772,3.00476,23.0,1.0,1.0,1.0,0.0,0.0,0.0,51.0,,9.999e+20,9.999e+20,9.999e+20,9.999e+20,9.999e+20,,,,,,,,,,,,,,,,,,,,,,,,,,,,,,,,,,,,,,,,,,,,,,,,,,,,,,,,,,,,,,,,,,,,,,,,,,,,,,,,,,,,,,,,,,,,,,,,,,,,,,,,,,,,,,,,,,,,,,,,,,,,656.0,,1.2,0.0,74.8,0.0,,69.0,,,,,,,,,,,,,,,,,,,,,,,,,,,,,,,,,,,,,,,,,,,,,,,,,,,,,,,,,,,,,12.6,8.7,11.6,7.9,13.0,14.4,15.3,16.1,1016.0,552.0,848.0,488.0,968.0,1200.0,1456.0,1520.0,,,74.0,14.0,,,,,,,273.27,1.53,,,,,,,,,,,,,,,,,,,,,,,,,,,,,,,,,,,,,,,,,,,,,,,,,,,,,,,,,,,,,9.999e+20,200.0,4.9,120.0,5.7,,,,,,2.0,,,,,,,3503.0,200.0,200.0,200.0,,273.3,,,,,,,,,,,,,,,,,,,,,,,,,,,,,4.9,1.6,2.8,2.8,3.6,4.0,4.0,4.4,4.4,4.8,2.4,4.8,4.90435,5.17654,5.65979,6.20473,6.32776,6.54657,6.79377,7.33401,7.92726,10.0333,4.87584,1.95232,0.0,0.0,0.0,0.0,78.0,0.0,34.0,3.0,5.8,6.3,
2026040122,,,,,,,,,,,,,,,,,,,,,,,,,,,,,,,,,0.25,,,,,,,,,,,,,,,,,,,,,,,,,,,,,,,,,,,,,,,,,,,,,,,,,,,,,,,,,,,,,,,,,,,,,,,,,,,,,,,,,,,,,,,,,,,,,,,,,,,,,,,,,,,,,,,,,,,,,,,,,,,,,,,,,,,,,,,,,,,,,,,,,,,,,,,,,,,,,,,,,,,,,,,,,,,,,,,,,,,,,,,,,,,,,,,,,,,,,,,,,,,,,,,,,,,,,,,,,,,,,,,,,,,,,,,,,,,,,,,,,,,,,,,,,,,,,,,,,,,,,,,,,,,,,,,,,,,,,,,,,,,,,,,,,,,,,,,,,,,,,,,,,,,,,,,,,,,,,,,,,,,,,,,,,,,,,,,,,,,,,,,,,,,,,,,,,,,,,,,,,,,,,,,,,,,,,,,,,,,,,,,,,,,,,,,,,,,,,,,,,,,,,,,,,,,,,,,,,,,,,,,,,,,,,,,,,,,,,,,,,,,,,,,,,,,,,,,,,,,,,,,,,,,,,,,,,,,,,,,,,,,,,,,,,,,,,,,,,,,,,,,,,,,,,,,,,,,,,,,,,,,,,,,,,,,,,,,,,,,,,,,,,,,,,,,,,,,,,,,,,,,,,,,,,,,,,,,,,,,,,,,,,,,,,,,,,,,,,,,,,,,,,,,,,,,,,,,,,,,,,,,,,,,,,,,,,,,,,,,,,,,,,,,,,,,,,,,,,,,,,,,,,,,,,,,,,,,,,,,,,,,,,,,,,,,,,,,,,,,,,,,,,,,,,,,,,,,,,,,,,,,,,,,,,,,,,,,,
2026040123,,,,,,,,,,,,,,,,,,,,,,,,,,,,,,,,,0.323,,,,,,,,,,,,,,,,,,,,,,,,,,,,,,,,,,,,,,,,,,,,,,,,,,,,,,,,,,,,,,,,,,,,,,,,,,,,,,,,,,,,,,,,,,,,,,,,,,,,,,,,,,,,,,,,,,,,,,,,,,,,,,,,,,,,,,,,,,,,,,,,,,,,,,,,,,,,,,,,,,,,,,,,,,,,,,,,,,,,,,,,,,,,,,,,,,,,,,,,,,,,,,,,,,,,,,,,,,,,,,,,,,,,,,,,,,,,,,,,,,,,,,,,,,,,,,,,,,,,,,,,,,,,,,,,,,,,,,,,,,,,,,,,,,,,,,,,,,,,,,,,,,,,,,,,,,,,,,,,,,,,,,,,,,,,,,,,,,,,,,,,,,,,,,,,,,,,,,,,,,,,,,,,,,,,,,,,,,,,,,,,,,,,,,,,,,,,,,,,,,,,,,,,,,,,,,,,,,,,,,,,,,,,,,,,,,,,,,,,,,,,,,,,,,,,,,,,,,,,,,,,,,,,,,,,,,,,,,,,,,,,,,,,,,,,,,,,,,,,,,,,,,,,,,,,,,,,,,,,,,,,,,,,,,,,,,,,,,,,,,,,,,,,,,,,,,,,,,,,,,,,,,,,,,,,,,,,,,,,,,,,,,,,,,,,,,,,,,,,,,,,,,,,,,,,,,,,,,,,,,,,,,,,,,,,,,,,,,,,,,,,,,,,,,,,,,,,,,,,,,,,,,,,,,,,,,,,,,,,,,,,,,,,,,,,,,,,,,,,,,,,,,,,,,,,,,,,,,,,,,,,,,,,,,,,,,,,
2026040200,3.129,0.0,0.0,0.0,0.0,0.0,0.189,0.534,0.921,1.388,0.0,1.768,2.297,2.756,3.305,3.853,4.396,5.138,6.132,7.757,11.637,19.13,69.0,0.0,4.0,0.0,1.0,42.0,0.0,0.0,14.0,0.0,0.311,,5.425,0.0,0.0,0.0,0.0,0.037,0.393,0.86,1.361,2.101,0.0,2.766,3.434,4.213,5.013,5.958,7.283,8.545,10.644,14.371,21.586,37.345,72.0,0.0,11.0,0.0,0.0,0.0,4.0,0.0,28.0,0.0,,,,,,,,,,,,,,,,,,,,,,,,,,,,,,,,,2.54,0.0,0.0,0.0,0.0,0.0,0.013,0.231,0.436,0.692,0.0,0.951,1.22,1.497,1.859,2.211,2.674,3.176,3.86,4.795,6.758,11.323,65.0,1.0,0.0,27.0,0.0,0.0,0.0,6.0,0.0,0.0,,,,,,,,,,,,,,,,,,,,,,,,,,,,,,,,,267.79,,,,,,,,,,,,,,,,,,,0.036,0.0,0.003,0.0,0.02,0.051,0.076,0.117,74.0,45.0,26.0,9.0,1.0,0.0,0.0,0.0,0.0,0.0,0.043,0.0,0.003,0.0,0.03,0.064,0.114,0.127,53.0,38.0,12.0,2.0,0.0,0.0,0.0,0.0,0.0,0.0,0.02,0.0,0.0,0.0,0.013,0.03,0.043,0.069,65.0,30.0,9.0,5.0,1.0,0.0,0.0,0.0,0.0,0.0,0.074,0.01,0.028,0.003,0.056,0.102,0.15,0.178,77.0,27.0,11.0,3.0,0.0,0.0,0.0,0.0,0.0,0.0,14.0,20.0,,,,,,,,,,,12.0,15.0,12.0,18.0,21.0,24.0,24.0,0.0,0.0,0.0,0.0,0.0,18.5,,269.07,1.22,,224.0,3.0,,0.0,0.0,0.0,0.0,0.0,0.0,0.0,0.0,0.0,0.0,0.0,0.0,0.0,0.0,0.0,0.0,0.0,0.0,0.0,0.0,0.0,0.0,0.0,0.0,0.0,0.0,0.0,0.0,0.0,0.0,0.0,0.0,0.0,0.0,0.0,0.0,0.0,0.0,0.0,0.0,0.0,0.0,0.0,0.0,0.0,0.0,0.0,0.0,0.0,0.0,0.0,15.0,9.999e+20,,,,,,,,,,,,,,,,,,,,,,,,,,,,,8.2,2.4,4.8,5.6,5.90715,6.31047,6.83054,6.9695,7.10917,7.37393,3.2,7.60077,8.15346,8.41439,8.76007,9.28074,9.92362,10.4655,11.1621,12.1994,13.5344,19.5701,8.1766,2.99845,13.0,2.0,2.0,1.0,0.0,0.0,0.0,35.0,2.0,9.999e+20,9.999e+20,9.999e+20,9.999e+20,9.999e+20,,,,,,,,,,,,,,,,,,,,,,,,,,,,,,,,,,,,,,,,,,,,,,,,,,,,,,,,,,,,,,,,,,,,,,,,,,,,,,,,,,,,,,,,,,,,,,,,,,,,,,,,,,,,,,,,,,,,,,,,,,,,512.0,4.0,2.4,0.0,73.6,0.0,,77.0,,,,,,,,,,,,,,,,,,,,,,,,,,,,,,,,,,,,,,,,,,,,,,,,,,,,,,,,,,,,,12.4,8.9,11.3,7.2,12.6,14.3,15.3,15.9,1096.0,680.0,912.0,600.0,1072.0,1296.0,1480.0,1576.0,,,72.0,14.0,,273.67,1.04,,,,272.64,1.24,,,,,,,,,,,,,,,,,,,,,,,,,,,,,,,,,,,,,,,,,,,,,,,,,,,,,,,,,,,,,9.999e+20,230.0,4.6,180.0,5.0,13.0,2.0,,,2.0,2.0,,,,,,,2364.0,230.0,230.0,230.0,,271.7,,,,,,,,,,,,,,,,,,,,,,,,,,,,,4.6,1.2,2.4,2.8,3.2,3.2,3.6,3.6,4.0,4.0,1.6,4.4,4.4,4.8,4.8,5.2,5.6,5.90916,6.0596,6.82248,7.77845,9.96127,4.6285,1.90704,0.0,0.0,0.0,0.0,69.0,0.0,22.0,3.0,5.0,5.9,
2026040201,,,,,,,,,,,,,,,,,,,,,,,,,,,,,,,,,0.273,,,,,,,,,,,,,,,,,,,,,,,,,,,,,,,,,,,,,,,,,,,,,,,,,,,,,,,,,,,,,,,,,,,,,,,,,,,,,,,,,,,,,,,,,,,,,,,,,,,,,,,,,,,,,,,,,,,,,,,,,,,,,,,,,,,,,,,,,,,,,,,,,,,,,,,,,,,,,,,,,,,,,,,,,,,,,,,,,,,,,,,,,,,,,,,,,,,,,,,,,,,,,,,,,,,,,,,,,,,,,,,,,,,,,,,,,,,,,,,,,,,,,,,,,,,,,,,,,,,,,,,,,,,,,,,,,,,,,,,,,,,,,,,,,,,,,,,,,,,,,,,,,,,,,,,,,,,,,,,,,,,,,,,,,,,,,,,,,,,,,,,,,,,,,,,,,,,,,,,,,,,,,,,,,,,,,,,,,,,,,,,,,,,,,,,,,,,,,,,,,,,,,,,,,,,,,,,,,,,,,,,,,,,,,,,,,,,,,,,,,,,,,,,,,,,,,,,,,,,,,,,,,,,,,,,,,,,,,,,,,,,,,,,,,,,,,,,,,,,,,,,,,,,,,,,,,,,,,,,,,,,,,,,,,,,,,,,,,,,,,,,,,,,,,,,,,,,,,,,,,,,,,,,,,,,,,,,,,,,,,,,,,,,,,,,,,,,,,,,,,,,,,,,,,,,,,,,,,,,,,,,,,,,,,,,,,,,,,,,,,,,,,,,,,,,,,,,,,,,,,,,,,,,,,,,,,,,,,,,,,,,,,,,,,,,,,,,,,,,,,,,,,,,,,,,,,,,,,,,,,,,,,,,,,,,,,,,,
2026040202,,,,,,,,,,,,,,,,,,,,,,,,,,,,,,,,,0.325,,,,,,,,,,,,,,,,,,,,,,,,,,,,,,,,,,,,,,,,,,,,,,,,,,,,,,,,,,,,,,,,,,,,,,,,,,,,,,,,,,,,,,,,,,,,,,,,,,,,,,,,,,,,,,,,,,,,,,,,,,,,,,,,,,,,,,,,,,,,,,,,,,,,,,,,,,,,,,,,,,,,,,,,,,,,,,,,,,,,,,,,,,,,,,,,,,,,,,,,,,,,,,,,,,,,,,,,,,,,,,,,,,,,,,,,,,,,,,,,,,,,,,,,,,,,,,,,,,,,,,,,,,,,,,,,,,,,,,,,,,,,,,,,,,,,,,,,,,,,,,,,,,,,,,,,,,,,,,,,,,,,,,,,,,,,,,,,,,,,,,,,,,,,,,,,,,,,,,,,,,,,,,,,,,,,,,,,,,,,,,,,,,,,,,,,,,,,,,,,,,,,,,,,,,,,,,,,,,,,,,,,,,,,,,,,,,,,,,,,,,,,,,,,,,,,,,,,,,,,,,,,,,,,,,,,,,,,,,,,,,,,,,,,,,,,,,,,,,,,,,,,,,,,,,,,,,,,,,,,,,,,,,,,,,,,,,,,,,,,,,,,,,,,,,,,,,,,,,,,,,,,,,,,,,,,,,,,,,,,,,,,,,,,,,,,,,,,,,,,,,,,,,,,,,,,,,,,,,,,,,,,,,,,,,,,,,,,,,,,,,,,,,,,,,,,,,,,,,,,,,,,,,,,,,,,,,,,,,,,,,,,,,,,,,,,,,,,,,,,,,,,,,,,,,,,,,,,,,,,,,,,,,,,,,,,,,,,
2026040203,,,,,,,,,,,,,,,,,,,,,,,,,,,,,,,,,0.31,,,,,,,,,,,,,,,,,,,,,,,,,,,,,,,,,,,,,,,,,,,,,,,,,,,,,,,,,,,,,,,,,,,,,,,,,,,,,,,,,,,,,,,,,,,,,,,,,,,,,,,,,,,,,,,,,,,,,,,,,,,,,,,,,,266.5,,,,,,,,,,,,,,,,,,,,,,,,,,,,,,,,,,,,,,,,,,,,,,,,,,,,,,,,,,,,,,,,,,,,,,,,,,,,,,,,,,,,,,,,,,,10.0,9.0,,,,,,,,,,,10.0,13.0,10.0,16.0,18.0,20.0,21.0,0.0,0.0,0.0,0.0,0.0,15.3,,269.09,1.42,,71.0,2.0,,,,,,,,,,,,,,,,,,,,,,,,,,,,,,,,,,,,,,,,,,,,,,,,,,,,,,9.999e+20,,,,,,,,,,,,,,,,,,,,,,,,,,,,,6.7,2.0,4.0,4.23472,4.79409,4.97699,5.46592,5.64647,5.77327,6.24575,2.8,6.34248,6.80021,6.90428,7.47973,7.75567,8.4205,9.05321,9.30613,10.2657,11.5964,14.7641,6.69084,2.54791,7.0,1.0,0.0,0.0,0.0,0.0,0.0,22.0,,9.999e+20,9.999e+20,9.999e+20,9.999e+20,9.999e+20,,,,,,,,,,,,,,,,,,,,,,,,,,,,,,,,,,,,,,,,,,,,,,,,,,,,,,,,,,,,,,,,,,,,,,,,,,,,,,,,,,,,,,,,,,,,,,,,,,,,,,,,,,,,,,,,,,,,,,,,,,,,216.0,,1.2,0.0,72.4,0.0,,87.0,,,,,,,,,,,,,,,,,,,,,,,,,,,,,,,,,,,,,,,,,,,,,,,,,,,,,,,,,,,,,13.0,8.8,11.9,8.4,13.2,14.7,15.6,16.1,1040.0,648.0,832.0,456.0,1056.0,1200.0,1448.0,1536.0,,,62.0,9.0,,,,,,,271.12,1.41,,,,,,,,,,,,,,,,,,,,,,,,,,,,,,,,,,,,,,,,,,,,,,,,,,,,,,,,,,,,,9.999e+20,250.0,3.8,260.0,5.2,,,,,,0.0,,,,,,,861.0,250.0,250.0,250.0,,271.1,,,,,,,,,,,,,,,,,,,,,,,,,,,,,3.8,0.8,1.6,2.0,2.4,2.4,2.8,2.8,3.2,3.2,1.2,3.6,3.6,4.0,4.0,4.0,4.4,4.8,5.2,5.47291,6.40933,9.22751,3.42735,1.50712,0.0,0.0,0.0,0.0,44.0,0.0,10.0,1.0,4.2,4.7,
2026040204,,,,,,,,,,,,,,,,,,,,,,,,,,,,,,,,,0.342,,,,,,,,,,,,,,,,,,,,,,,,,,,,,,,,,,,,,,,,,,,,,,,,,,,,,,,,,,,,,,,,,,,,,,,,,,,,,,,,,,,,,,,,,,,,,,,,,,,,,,,,,,,,,,,,,,,,,,,,,,,,,,,,,,,,,,,,,,,,,,,,,,,,,,,,,,,,,,,,,,,,,,,,,,,,,,,,,,,,,,,,,,,,,,,,,,,,,,,,,,,,,,,,,,,,,,,,,,,,,,,,,,,,,,,,,,,,,,,,,,,,,,,,,,,,,,,,,,,,,,,,,,,,,,,,,,,,,,,,,,,,,,,,,,,,,,,,,,,,,,,,,,,,,,,,,,,,,,,,,,,,,,,,,,,,,,,,,,,,,,,,,,,,,,,,,,,,,,,,,,,,,,,,,,,,,,,,,,,,,,,,,,,,,,,,,,,,,,,,,,,,,,,,,,,,,,,,,,,,,,,,,,,,,,,,,,,,,,,,,,,,,,,,,,,,,,,,,,,,,,,,,,,,,,,,,,,,,,,,,,,,,,,,,,,,,,,,,,,,,,,,,,,,,,,,,,,,,,,,,,,,,,,,,,,,,,,,,,,,,,,,,,,,,,,,,,,,,,,,,,,,,,,,,,,,,,,,,,,,,,,,,,,,,,,,,,,,,,,,,,,,,,,,,,,,,,,,,,,,,,,,,,,,,,,,,,,,,,,,,,,,,,,,,,,,,,,,,,,,,,,,,,,,,,,,,,,,,,,,,,,,,,,,,,,,,,,,,,,,,,,,,,,,,,,,,,,,,,,,,,,,,,,,,,,,,,,,
2026040205,,,,,,,,,,,,,,,,,,,,,,,,,,,,,,,,,0.335,,,,,,,,,,,,,,,,,,,,,,,,,,,,,,,,,,,,,,,,,,,,,,,,,,,,,,,,,,,,,,,,,,,,,,,,,,,,,,,,,,,,,,,,,,,,,,,,,,,,,,,,,,,,,,,,,,,,,,,,,,,,,,,,,,,,,,,,,,,,,,,,,,,,,,,,,,,,,,,,,,,,,,,,,,,,,,,,,,,,,,,,,,,,,,,,,,,,,,,,,,,,,,,,,,,,,,,,,,,,,,,,,,,,,,,,,,,,,,,,,,,,,,,,,,,,,,,,,,,,,,,,,,,,,,,,,,,,,,,,,,,,,,,,,,,,,,,,,,,,,,,,,,,,,,,,,,,,,,,,,,,,,,,,,,,,,,,,,,,,,,,,,,,,,,,,,,,,,,,,,,,,,,,,,,,,,,,,,,,,,,,,,,,,,,,,,,,,,,,,,,,,,,,,,,,,,,,,,,,,,,,,,,,,,,,,,,,,,,,,,,,,,,,,,,,,,,,,,,,,,,,,,,,,,,,,,,,,,,,,,,,,,,,,,,,,,,,,,,,,,,,,,,,,,,,,,,,,,,,,,,,,,,,,,,,,,,,,,,,,,,,,,,,,,,,,,,,,,,,,,,,,,,,,,,,,,,,,,,,,,,,,,,,,,,,,,,,,,,,,,,,,,,,,,,,,,,,,,,,,,,,,,,,,,,,,,,,,,,,,,,,,,,,,,,,,,,,,,,,,,,,,,,,,,,,,,,,,,,,,,,,,,,,,,,,,,,,,,,,,,,,,,,,,,,,,,,,,,,,,,,,,,,,,,,,,,,,,
2026040206,3.751,0.0,0.0,0.0,0.054,0.408,0.791,1.133,1.542,1.927,0.0,2.309,2.793,3.404,3.925,4.561,5.185,6.324,7.331,9.267,13.965,18.934,77.0,0.0,6.0,0.0,1.0,47.0,0.0,0.0,20.0,0.0,0.256,,,,,,,,,,,,,,,,,,,,,,,,,,,,,,,,,,,,,,,,,,,,,,,,,,,,,,,,,,,,,,,,,,2.032,0.0,0.0,0.0,0.0,0.0,0.0,0.101,0.316,0.588,0.0,0.836,1.116,1.403,1.713,2.17,2.589,3.29,4.087,5.187,7.635,11.702,62.0,1.0,0.0,26.0,0.0,0.0,0.0,7.0,0.0,0.0,,,,,,,,,,,,,,,,,,,,,,,,,,,,,,,,,266.25,,,,,,,,,,,,,,,,,,,0.048,,,,,,,,,,,,,,,,,,0.058,,,,,,,,,,,,,,,,,,0.015,0.0,0.0,0.0,0.008,0.025,0.043,0.056,56.0,24.0,9.0,3.0,1.0,0.0,0.0,0.0,0.0,0.0,0.081,,,,,,,,,,,,,,,,,,10.0,7.0,,,,,,,,,,,9.0,11.0,9.0,13.0,16.0,17.0,17.0,0.0,0.0,0.0,0.0,0.0,13.3,,268.83,1.73,,35.0,0.0,,0.0,,,,,,,,,,,,,,,,,,,,,,,,,0.0,0.0,0.0,0.0,0.0,0.0,0.0,0.0,0.0,0.0,0.0,0.0,0.0,0.0,,,,,,,,,,,,,10.2,9.999e+20,12.8172,6.28392,9.44127,10.0968,10.3876,10.6298,10.7245,10.9161,11.6177,11.6935,8.17913,11.9329,12.7622,13.0481,13.6281,14.2585,14.8947,15.5861,16.2206,16.709,19.1561,22.2472,60.0,6.0,2.0,0.0,0.0,0.0,6.2,1.2,2.4,2.8,3.2,4.0,4.4,4.8,5.61392,6.07774,2.0,6.56011,6.66177,7.19323,7.41778,7.91349,8.13488,8.52553,9.04837,9.96703,11.8647,16.2014,6.59467,3.49169,8.0,3.0,1.0,0.0,0.0,0.0,0.0,18.0,2.0,9.999e+20,9.999e+20,9.999e+20,9.999e+20,9.999e+20,,,,,,,,,,,,,,,,,,,,,,,,,,,,,,,,,,,,,,,,,,,,,,,,,,,,,,,,,,,,,,,,,,,,,,,,,,,,,,,,,,,,,,,,,,,,,,,,,,,,,,,,,,,,,,,,,,,,,,,,,,,68.0,440.0,,1.2,0.0,72.4,0.0,,88.0,,,,,,,,,,,,,,,,,,,,,,,,,,,,,,,,,,,,,,,,,,,,,,,,,,,,,,,,,,,,,13.7,10.0,12.5,8.6,14.3,15.2,16.1,16.5,968.0,592.0,760.0,336.0,936.0,1192.0,1408.0,1544.0,,,57.0,14.0,,,,,,1.85284,270.3,1.74,273.509,269.618,271.093,271.752,271.683,272.128,272.226,272.391,272.603,272.933,271.004,273.557,273.845,274.086,274.531,275.062,275.085,275.152,275.488,276.187,276.371,277.708,0.0,7.0,46.0,0.0,0.0,0.0,0.0,0.0,,,,,,,,,,,,,,,,,,,,,,,,,,,,,,,9.999e+20,260.0,3.2,250.0,6.0,,3.0,,,2.0,0.0,,,,,,,2402.0,260.0,260.0,260.0,,270.9,7.10813,3.6,5.6,5.6,6.00869,6.11547,6.16273,6.23174,6.33962,6.44563,4.8,6.92607,6.97447,7.08046,7.14704,7.66088,8.20976,8.32035,8.83836,9.02222,10.0346,11.5979,2.0,0.0,0.0,0.0,86.0,14.0,3.2,0.4,1.2,1.2,1.2,1.6,2.0,2.4,2.8,3.2,0.8,3.6,3.6,3.6,4.0,4.4,4.4,4.8,5.2,5.6,6.4,8.8,3.21249,1.74783,0.0,0.0,0.0,0.0,43.0,0.0,10.0,1.0,3.6,4.0,
2026040207,,,,,,,,,,,,,,,,,,,,,,,,,,,,,,,,,0.256,,,,,,,,,,,,,,,,,,,,,,,,,,,,,,,,,,,,,,,,,,,,,,,,,,,,,,,,,,,,,,,,,,,,,,,,,,,,,,,,,,,,,,,,,,,,,,,,,,,,,,,,,,,,,,,,,,,,,,,,,,,,,,,,,,,,,,,,,,,,,,,,,,,,,,,,,,,,,,,,,,,,,,,,,,,,,,,,,,,,,,,,,,,,,,,,,,,,,,,,,,,,,,,,,,,,,,,,,,,,,,,,,,,,,,,,,,,,,,,,,,,,,,,,,,,,,,,,,,,,,,,,,,,,,,,,,,,,,,,,,,,,,,,,,,,,,,,,,,,,,,,,,,,,,,,,,,,,,,,,,,,,,,,,,,,,,,,,,,,,,,,,,,,,,,,,,,,,,,,,,,,,,,,,,,,,,,,,,,,,,,,,,,,,,,,,,,,,,,,,,,,,,,,,,,,,,,,,,,,,,,,,,,,,,,,,,,,,,,,,,,,,,,,,,,,,,,,,,,,,,,,,,,,,,,,,,,,,,,,,,,,,,,,,,,,,,,,,,,,,,,,,,,,,,,,,,,,,,,,,,,,,,,,,,,,,,,,,,,,,,,,,,,,,,,,,,,,,,,,,,,,,,,,,,,,,,,,,,,,,,,,,,,,,,,,,,,,,,,,,,,,,,,,,,,,,,,,,,,,,,,,,,,,,,,,,,,,,,,,,,,,,,,,,,,,,,,,,,,,,,,,,,,,,,,,,,,,,,,,,,,,,,,,,,,,,,,,,,,,,,,,,,,,,,,,,,,,,,,,,,,,,,,,,,,,,,,,,
2026040208,,,,,,,,,,,,,,,,,,,,,,,,,,,,,,,,,0.32,,,,,,,,,,,,,,,,,,,,,,,,,,,,,,,,,,,,,,,,,,,,,,,,,,,,,,,,,,,,,,,,,,,,,,,,,,,,,,,,,,,,,,,,,,,,,,,,,,,,,,,,,,,,,,,,,,,,,,,,,,,,,,,,,,,,,,,,,,,,,,,,,,,,,,,,,,,,,,,,,,,,,,,,,,,,,,,,,,,,,,,,,,,,,,,,,,,,,,,,,,,,,,,,,,,,,,,,,,,,,,,,,,,,,,,,,,,,,,,,,,,,,,,,,,,,,,,,,,,,,,,,,,,,,,,,,,,,,,,,,,,,,,,,,,,,,,,,,,,,,,,,,,,,,,,,,,,,,,,,,,,,,,,,,,,,,,,,,,,,,,,,,,,,,,,,,,,,,,,,,,,,,,,,,,,,,,,,,,,,,,,,,,,,,,,,,,,,,,,,,,,,,,,,,,,,,,,,,,,,,,,,,,,,,,,,,,,,,,,,,,,,,,,,,,,,,,,,,,,,,,,,,,,,,,,,,,,,,,,,,,,,,,,,,,,,,,,,,,,,,,,,,,,,,,,,,,,,,,,,,,,,,,,,,,,,,,,,,,,,,,,,,,,,,,,,,,,,,,,,,,,,,,,,,,,,,,,,,,,,,,,,,,,,,,,,,,,,,,,,,,,,,,,,,,,,,,,,,,,,,,,,,,,,,,,,,,,,,,,,,,,,,,,,,,,,,,,,,,,,,,,,,,,,,,,,,,,,,,,,,,,,,,,,,,,,,,,,,,,,,,,,,,,,,,,,,,,,,,,,,,,,,,,,,,,,,,,,
2026040209,,,,,,,,,,,,,,,,,,,,,,,,,,,,,,,,,0.307,,,,,,,,,,,,,,,,,,,,,,,,,,,,,,,,,,,,,,,,,,,,,,,,,,,,,,,,,,,,,,,,,,,,,,,,,,,,,,,,,,,,,,,,,,,,,,,,,,,,,,,,,,,,,,,,,,,,,,,,,,,,,,,,,,265.65,,,,,,,,,,,,,,,,,,,,,,,,,,,,,,,,,,,,,,,,,,,,,,,,,,,,,,,,,,,,,,,,,,,,,,,,,,,,,,,,,,,,,,,,,,,4.0,4.0,,,,,,,,,,,9.0,11.0,8.0,11.0,13.0,16.0,16.0,0.0,0.0,0.0,0.0,0.0,11.8,,268.14,1.63,,0.0,0.0,,,,,,,,,,,,,,,,,,,,,,,,,,,,,,,,,,,,,,,,,,,,,,,,,,,,,,9.999e+20,,,,,,,,,,,,,,,,,,,,,,,,,,,,,6.5,2.0,2.8,3.2,4.0,4.0,4.4,4.8,5.21428,5.6356,2.4,6.07234,6.14611,6.98803,7.43135,7.5173,7.9908,8.52043,9.2017,10.3902,11.8125,15.2073,6.45094,3.08662,7.0,1.0,1.0,0.0,0.0,0.0,0.0,19.0,,9.999e+20,9.999e+20,9.999e+20,9.999e+20,9.999e+20,,,,,,,,,,,,,,,,,,,,,,,,,,,,,,,,,,,,,,,,,,,,,,,,,,,,,,,,,,,,,,,,,,,,,,,,,,,,,,,,,,,,,,,,,,,,,,,,,,,,,,,,,,,,,,,,,,,,,,,,,,,,304.0,,1.2,0.0,61.6,0.0,,85.0,,,,,,,,,,,,,,,,,,,,,,,,,,,,,,,,,,,,,,,,,,,,,,,,,,,,,,,,,,,,,14.3,11.5,13.1,9.8,14.7,15.8,16.6,17.1,872.0,520.0,656.0,336.0,856.0,1072.0,1288.0,1488.0,,,62.0,20.0,,,,,,,270.14,1.63,,,,,,,,,,,,,,,,,,,,,,,,,,,,,,,,,,,,,,,,,,,,,,,,,,,,,,,,,,,,,9.999e+20,260.0,3.6,250.0,6.5,,,,,,1.0,,,,,,,1590.0,260.0,260.0,260.0,,270.9,,,,,,,,,,,,,,,,,,,,,,,,,,,,,3.6,0.4,1.6,1.6,2.0,2.0,2.4,2.4,2.8,2.8,1.2,2.8,3.2,3.6,4.0,4.0,4.4,4.4,4.8,5.6,6.8,8.8,3.21537,1.77017,1.0,0.0,0.0,0.0,41.0,0.0,11.0,1.0,4.0,4.4,
2026040210,,,,,,,,,,,,,,,,,,,,,,,,,,,,,,,,,0.31,,,,,,,,,,,,,,,,,,,,,,,,,,,,,,,,,,,,,,,,,,,,,,,,,,,,,,,,,,,,,,,,,,,,,,,,,,,,,,,,,,,,,,,,,,,,,,,,,,,,,,,,,,,,,,,,,,,,,,,,,,,,,,,,,,,,,,,,,,,,,,,,,,,,,,,,,,,,,,,,,,,,,,,,,,,,,,,,,,,,,,,,,,,,,,,,,,,,,,,,,,,,,,,,,,,,,,,,,,,,,,,,,,,,,,,,,,,,,,,,,,,,,,,,,,,,,,,,,,,,,,,,,,,,,,,,,,,,,,,,,,,,,,,,,,,,,,,,,,,,,,,,,,,,,,,,,,,,,,,,,,,,,,,,,,,,,,,,,,,,,,,,,,,,,,,,,,,,,,,,,,,,,,,,,,,,,,,,,,,,,,,,,,,,,,,,,,,,,,,,,,,,,,,,,,,,,,,,,,,,,,,,,,,,,,,,,,,,,,,,,,,,,,,,,,,,,,,,,,,,,,,,,,,,,,,,,,,,,,,,,,,,,,,,,,,,,,,,,,,,,,,,,,,,,,,,,,,,,,,,,,,,,,,,,,,,,,,,,,,,,,,,,,,,,,,,,,,,,,,,,,,,,,,,,,,,,,,,,,,,,,,,,,,,,,,,,,,,,,,,,,,,,,,,,,,,,,,,,,,,,,,,,,,,,,,,,,,,,,,,,,,,,,,,,,,,,,,,,,,,,,,,,,,,,,,,,,,,,,,,,,,,,,,,,,,,,,,,,,,,,,,,,,,,,,,,,,,,,,,,,,,,,,,,,,,,,,,,
2026040211,,,,,,,,,,,,,,,,,,,,,,,,,,,,,,,,,0.328,,,,,,,,,,,,,,,,,,,,,,,,,,,,,,,,,,,,,,,,,,,,,,,,,,,,,,,,,,,,,,,,,,,,,,,,,,,,,,,,,,,,,,,,,,,,,,,,,,,,,,,,,,,,,,,,,,,,,,,,,,,,,,,,,,,,,,,,,,,,,,,,,,,,,,,,,,,,,,,,,,,,,,,,,,,,,,,,,,,,,,,,,,,,,,,,,,,,,,,,,,,,,,,,,,,,,,,,,,,,,,,,,,,,,,,,,,,,,,,,,,,,,,,,,,,,,,,,,,,,,,,,,,,,,,,,,,,,,,,,,,,,,,,,,,,,,,,,,,,,,,,,,,,,,,,,,,,,,,,,,,,,,,,,,,,,,,,,,,,,,,,,,,,,,,,,,,,,,,,,,,,,,,,,,,,,,,,,,,,,,,,,,,,,,,,,,,,,,,,,,,,,,,,,,,,,,,,,,,,,,,,,,,,,,,,,,,,,,,,,,,,,,,,,,,,,,,,,,,,,,,,,,,,,,,,,,,,,,,,,,,,,,,,,,,,,,,,,,,,,,,,,,,,,,,,,,,,,,,,,,,,,,,,,,,,,,,,,,,,,,,,,,,,,,,,,,,,,,,,,,,,,,,,,,,,,,,,,,,,,,,,,,,,,,,,,,,,,,,,,,,,,,,,,,,,,,,,,,,,,,,,,,,,,,,,,,,,,,,,,,,,,,,,,,,,,,,,,,,,,,,,,,,,,,,,,,,,,,,,,,,,,,,,,,,,,,,,,,,,,,,,,,,,,,,,,,,,,,,,,,,,,,,,,,,,,,,,,
2026040212,3.783,0.0,0.0,0.0,0.0,0.285,0.643,0.978,1.427,1.797,0.0,2.191,2.562,3.027,3.59,4.196,4.98,6.009,7.606,10.019,14.254,22.309,75.0,0.0,7.0,0.0,2.0,46.0,0.0,0.0,18.0,0.0,0.333,,,,,,,,,,,,,,,,,,,,,,,,,,,,,,,,,,,,,,,,,,,,,,,,,,,,,,,,,,,,,,,,,,2.032,0.0,0.0,0.0,0.0,0.0,0.0,0.0,0.191,0.403,0.0,0.658,0.906,1.242,1.588,1.924,2.367,2.977,4.019,5.367,7.932,13.965,58.0,2.0,0.0,23.0,0.0,0.0,0.0,7.0,0.0,0.0,,,,,,,,,,,,,,,,,,,,,,,,,,,,,,,,,264.8,,,,,,,,,,,,,,,,,,,0.061,0.0,0.018,0.0,0.056,0.084,0.117,0.147,88.0,65.0,51.0,15.0,5.0,3.0,1.0,0.0,0.0,0.0,0.071,0.008,0.028,0.0,0.061,0.091,0.122,0.15,75.0,60.0,22.0,6.0,3.0,0.0,0.0,0.0,0.0,0.0,0.015,0.0,0.0,0.0,0.003,0.025,0.041,0.061,51.0,26.0,7.0,1.0,0.0,0.0,0.0,0.0,0.0,0.0,0.086,0.018,0.041,0.008,0.079,0.109,0.147,0.183,84.0,33.0,11.0,5.0,0.0,0.0,0.0,0.0,0.0,0.0,3.0,2.0,,,,,,,,,,,7.0,9.0,7.0,11.0,11.0,15.0,15.0,0.0,0.0,0.0,0.0,0.0,10.1,,267.53,1.49,,0.0,2.0,,0.0,0.0,0.0,0.0,0.0,0.0,0.0,0.0,0.0,0.0,0.0,0.0,0.0,0.0,0.0,0.0,0.0,0.0,0.0,0.0,0.0,0.0,0.0,0.0,0.0,0.0,0.0,0.0,0.0,0.0,0.0,0.0,0.0,0.0,0.0,0.0,0.0,0.0,0.0,0.0,0.0,0.0,0.0,0.0,0.0,0.0,0.0,0.0,0.0,0.0,0.0,6.0,9.999e+20,,,,,,,,,,,,,,,,,,,,,,,,,,,,,6.6,1.2,2.8,3.6,4.0,4.4,4.8,5.2,5.6,6.0,2.4,6.42799,6.4785,7.31124,7.34506,7.80708,8.64863,9.08093,10.0027,10.48,12.2918,19.0371,6.58119,3.42594,7.0,2.0,1.0,0.0,0.0,0.0,0.0,24.0,2.0,9.999e+20,9.999e+20,9.999e+20,9.999e+20,9.999e+20,,,,,,,,,,,,,,,,,,,,,,,,,,,,,,,,,,,,,,,,,,,,,,,,,,,,,,,,,,,,,,,,,,,,,,,,,,,,,,,,,,,,,,,,,,,,,,,,,,,,,,,,,,,,,,,,,,,,,,,,,,,,200.0,4.0,1.2,0.0,61.6,0.0,,85.0,,,,,,,,,,,,,,,,,,,,,,,,,,,,,,,,,,,,,,,,,,,,,,,,,,,,,,,,,,,,,14.7,12.6,13.8,11.1,15.1,16.0,16.9,17.2,776.0,408.0,536.0,272.0,768.0,976.0,1208.0,1416.0,,,63.0,10.0,,,,267.9,1.14,,269.71,1.49,,,,,,,,,,,,,,,,,,,,,,,,,,,,,,,,,,,,,,,,,,,,,,,,,,,,,,,,,,,,,9.999e+20,260.0,3.6,270.0,5.9,31.0,4.0,,,1.0,2.0,,,,,,,879.0,260.0,260.0,260.0,,270.4,,,,,,,,,,,,,,,,,,,,,,,,,,,,,3.6,0.4,1.6,2.0,2.0,2.4,2.4,2.8,2.8,3.2,1.2,3.2,3.6,4.0,4.0,4.4,4.8,4.8,5.2,6.0,7.6,10.0,3.61646,2.14619,1.0,0.0,0.0,0.0,44.0,0.0,11.0,1.0,4.0,4.4,
2026040213,,,,,,,,,,,,,,,,,,,,,,,,,,,,,,,,,0.282,,,,,,,,,,,,,,,,,,,,,,,,,,,,,,,,,,,,,,,,,,,,,,,,,,,,,,,,,,,,,,,,,,,,,,,,,,,,,,,,,,,,,,,,,,,,,,,,,,,,,,,,,,,,,,,,,,,,,,,,,,,,,,,,,,,,,,,,,,,,,,,,,,,,,,,,,,,,,,,,,,,,,,,,,,,,,,,,,,,,,,,,,,,,,,,,,,,,,,,,,,,,,,,,,,,,,,,,,,,,,,,,,,,,,,,,,,,,,,,,,,,,,,,,,,,,,,,,,,,,,,,,,,,,,,,,,,,,,,,,,,,,,,,,,,,,,,,,,,,,,,,,,,,,,,,,,,,,,,,,,,,,,,,,,,,,,,,,,,,,,,,,,,,,,,,,,,,,,,,,,,,,,,,,,,,,,,,,,,,,,,,,,,,,,,,,,,,,,,,,,,,,,,,,,,,,,,,,,,,,,,,,,,,,,,,,,,,,,,,,,,,,,,,,,,,,,,,,,,,,,,,,,,,,,,,,,,,,,,,,,,,,,,,,,,,,,,,,,,,,,,,,,,,,,,,,,,,,,,,,,,,,,,,,,,,,,,,,,,,,,,,,,,,,,,,,,,,,,,,,,,,,,,,,,,,,,,,,,,,,,,,,,,,,,,,,,,,,,,,,,,,,,,,,,,,,,,,,,,,,,,,,,,,,,,,,,,,,,,,,,,,,,,,,,,,,,,,,,,,,,,,,,,,,,,,,,,,,,,,,,,,,,,,,,,,,,,,,,,,,,,,,,,,,,,,,,,,,,,,,,,,,,,,,,,,,,,,,
2026040214,,,,,,,,,,,,,,,,,,,,,,,,,,,,,,,,,0.269,,,,,,,,,,,,,,,,,,,,,,,,,,,,,,,,,,,,,,,,,,,,,,,,,,,,,,,,,,,,,,,,,,,,,,,,,,,,,,,,,,,,,,,,,,,,,,,,,,,,,,,,,,,,,,,,,,,,,,,,,,,,,,,,,,,,,,,,,,,,,,,,,,,,,,,,,,,,,,,,,,,,,,,,,,,,,,,,,,,,,,,,,,,,,,,,,,,,,,,,,,,,,,,,,,,,,,,,,,,,,,,,,,,,,,,,,,,,,,,,,,,,,,,,,,,,,,,,,,,,,,,,,,,,,,,,,,,,,,,,,,,,,,,,,,,,,,,,,,,,,,,,,,,,,,,,,,,,,,,,,,,,,,,,,,,,,,,,,,,,,,,,,,,,,,,,,,,,,,,,,,,,,,,,,,,,,,,,,,,,,,,,,,,,,,,,,,,,,,,,,,,,,,,,,,,,,,,,,,,,,,,,,,,,,,,,,,,,,,,,,,,,,,,,,,,,,,,,,,,,,,,,,,,,,,,,,,,,,,,,,,,,,,,,,,,,,,,,,,,,,,,,,,,,,,,,,,,,,,,,,,,,,,,,,,,,,,,,,,,,,,,,,,,,,,,,,,,,,,,,,,,,,,,,,,,,,,,,,,,,,,,,,,,,,,,,,,,,,,,,,,,,,,,,,,,,,,,,,,,,,,,,,,,,,,,,,,,,,,,,,,,,,,,,,,,,,,,,,,,,,,,,,,,,,,,,,,,,,,,,,,,,,,,,,,,,,,,,,,,,,,,,,,,,,,,,,,,,,,,,,,,,,,,,,,,,,,,,
2026040215,,,,,,,,,,,,,,,,,,,,,,,,,,,,,,,,,0.293,,,,,,,,,,,,,,,,,,,,,,,,,,,,,,,,,,,,,,,,,,,,,,,,,,,,,,,,,,,,,,,,,,,,,,,,,,,,,,,,,,,,,,,,,,,,,,,,,,,,,,,,,,,,,,,,,,,,,,,,,,,,,,,,,,264.65,,,,,,,,,,,,,,,,,,,,,,,,,,,,,,,,,,,,,,,,,,,,,,,,,,,,,,,,,,,,,,,,,,,,,,,,,,,,,,,,,,,,,,,,,,,2.0,3.0,,,,,,,,,,,6.0,9.0,6.0,11.0,11.0,13.0,13.0,0.0,0.0,0.0,0.0,0.0,9.7,,266.77,1.74,,15.0,2.0,,,,,,,,,,,,,,,,,,,,,,,,,,,,,,,,,,,,,,,,,,,,,,,,,,,,,,9.999e+20,,,,,,,,,,,,,,,,,,,,,,,,,,,,,7.5,2.0,3.6,4.0,4.4,4.8,5.2,5.6,6.4,6.8,2.8,7.24769,7.67448,8.16867,8.25353,8.73331,8.79388,9.70488,10.1975,11.5088,14.1468,18.2273,7.45335,3.55004,11.0,3.0,2.0,0.0,0.0,0.0,0.0,28.0,,9.999e+20,9.999e+20,9.999e+20,9.999e+20,9.999e+20,,,,,,,,,,,,,,,,,,,,,,,,,,,,,,,,,,,,,,,,,,,,,,,,,,,,,,,,,,,,,,,,,,,,,,,,,,,,,,,,,,,,,,,,,,,,,,,,,,,,,,,,,,,,,,,,,,,,,,,,,,,,504.0,,1.2,0.0,67.6,0.0,,81.0,,,,,,,,,,,,,,,,,,,,,,,,,,,,,,,,,,,,,,,,,,,,,,,,,,,,,,,,,,,,,14.9,12.6,13.8,11.9,15.1,16.1,16.9,17.0,736.0,416.0,536.0,264.0,728.0,952.0,1128.0,1192.0,,,55.0,16.0,,,,,,,269.41,1.74,,,,,,,,,,,,,,,,,,,,,,,,,,,,,,,,,,,,,,,,,,,,,,,,,,,,,,,,,,,,,9.999e+20,260.0,4.1,270.0,6.0,,,,,,2.0,,,,,,,2624.0,260.0,260.0,260.0,,269.1,,,,,,,,,,,,,,,,,,,,,,,,,,,,,4.1,1.2,1.6,2.0,2.4,2.4,2.8,2.8,3.2,3.6,1.6,4.0,4.0,4.4,4.4,4.8,4.8,5.28407,5.90892,6.75584,7.6547,9.49051,4.11171,1.77657,0.0,0.0,0.0,0.0,55.0,0.0,17.0,1.0,4.5,4.9,
2026040216,,,,,,,,,,,,,,,,,,,,,,,,,,,,,,,,,0.351,,,,,,,,,,,,,,,,,,,,,,,,,,,,,,,,,,,,,,,,,,,,,,,,,,,,,,,,,,,,,,,,,,,,,,,,,,,,,,,,,,,,,,,,,,,,,,,,,,,,,,,,,,,,,,,,,,,,,,,,,,,,,,,,,,,,,,,,,,,,,,,,,,,,,,,,,,,,,,,,,,,,,,,,,,,,,,,,,,,,,,,,,,,,,,,,,,,,,,,,,,,,,,,,,,,,,,,,,,,,,,,,,,,,,,,,,,,,,,,,,,,,,,,,,,,,,,,,,,,,,,,,,,,,,,,,,,,,,,,,,,,,,,,,,,,,,,,,,,,,,,,,,,,,,,,,,,,,,,,,,,,,,,,,,,,,,,,,,,,,,,,,,,,,,,,,,,,,,,,,,,,,,,,,,,,,,,,,,,,,,,,,,,,,,,,,,,,,,,,,,,,,,,,,,,,,,,,,,,,,,,,,,,,,,,,,,,,,,,,,,,,,,,,,,,,,,,,,,,,,,,,,,,,,,,,,,,,,,,,,,,,,,,,,,,,,,,,,,,,,,,,,,,,,,,,,,,,,,,,,,,,,,,,,,,,,,,,,,,,,,,,,,,,,,,,,,,,,,,,,,,,,,,,,,,,,,,,,,,,,,,,,,,,,,,,,,,,,,,,,,,,,,,,,,,,,,,,,,,,,,,,,,,,,,,,,,,,,,,,,,,,,,,,,,,,,,,,,,,,,,,,,,,,,,,,,,,,,,,,,,,,,,,,,,,,,,,,,,,,,,,,,,,,,,,,,,,,,,,,,,,,,,,,,,,,,,,,,
2026040217,,,,,,,,,,,,,,,,,,,,,,,,,,,,,,,,,0.323,,,,,,,,,,,,,,,,,,,,,,,,,,,,,,,,,,,,,,,,,,,,,,,,,,,,,,,,,,,,,,,,,,,,,,,,,,,,,,,,,,,,,,,,,,,,,,,,,,,,,,,,,,,,,,,,,,,,,,,,,,,,,,,,,,,,,,,,,,,,,,,,,,,,,,,,,,,,,,,,,,,,,,,,,,,,,,,,,,,,,,,,,,,,,,,,,,,,,,,,,,,,,,,,,,,,,,,,,,,,,,,,,,,,,,,,,,,,,,,,,,,,,,,,,,,,,,,,,,,,,,,,,,,,,,,,,,,,,,,,,,,,,,,,,,,,,,,,,,,,,,,,,,,,,,,,,,,,,,,,,,,,,,,,,,,,,,,,,,,,,,,,,,,,,,,,,,,,,,,,,,,,,,,,,,,,,,,,,,,,,,,,,,,,,,,,,,,,,,,,,,,,,,,,,,,,,,,,,,,,,,,,,,,,,,,,,,,,,,,,,,,,,,,,,,,,,,,,,,,,,,,,,,,,,,,,,,,,,,,,,,,,,,,,,,,,,,,,,,,,,,,,,,,,,,,,,,,,,,,,,,,,,,,,,,,,,,,,,,,,,,,,,,,,,,,,,,,,,,,,,,,,,,,,,,,,,,,,,,,,,,,,,,,,,,,,,,,,,,,,,,,,,,,,,,,,,,,,,,,,,,,,,,,,,,,,,,,,,,,,,,,,,,,,,,,,,,,,,,,,,,,,,,,,,,,,,,,,,,,,,,,,,,,,,,,,,,,,,,,,,,,,,,,,,,,,,,,,,,,,,,,,,,,,,,,,,,,,
2026040218,3.725,0.0,0.0,0.0,0.0,0.0,0.242,0.707,1.061,1.481,0.0,1.86,2.331,2.898,3.42,3.961,4.87,5.964,7.55,9.659,16.447,23.782,70.0,0.0,8.0,0.0,3.0,43.0,1.0,0.0,19.0,0.0,0.291,,,,,,,,,,,,,,,,,,,,,,,,,,,,,,,,,,,,,,,,,,,,,,,,,,,,,,,,,,,,,,,,,,1.778,0.0,0.0,0.0,0.0,0.0,0.0,0.0,0.105,0.354,0.0,0.594,0.883,1.181,1.504,1.924,2.366,2.932,3.809,5.151,8.008,13.067,57.0,1.0,0.0,23.0,0.0,0.0,0.0,7.0,0.0,0.0,,,,,,,,,,,,,,,,,,,,,,,,,,,,,,,,,266.72,,,,,,,,,,,,,,,,,,,0.066,,,,,,,,,,,,,,,,,,0.084,,,,,,,,,,,,,,,,,,0.015,0.0,0.0,0.0,0.0,0.02,0.043,0.066,50.0,21.0,9.0,4.0,1.0,0.0,0.0,0.0,0.0,0.0,0.094,,,,,,,,,,,,,,,,,,24.0,40.0,,,,,,,,,,,8.0,11.0,8.0,11.0,12.0,14.0,14.0,0.0,0.0,0.0,0.0,0.0,11.3,,267.29,1.64,,138.0,2.0,,0.0,,,,,,,,,,,,,,,,,,,,,,,,,0.0,0.0,0.0,0.0,0.0,0.0,0.0,0.0,0.0,0.0,0.0,0.0,0.0,0.0,,,,,,,,,,,,,15.0,9.999e+20,,,,,,,,,,,,,,,,,,,,,,,,,,,,,9.4,3.2,4.6937,5.57569,6.08543,6.5994,7.12963,7.66343,7.78144,8.71021,4.41285,8.87514,9.4101,9.9246,10.1387,10.8701,11.1179,11.8276,13.8506,15.1114,16.8422,19.2563,9.37184,3.75507,23.0,8.0,3.0,1.0,0.0,0.0,0.0,52.0,2.0,9.999e+20,9.999e+20,9.999e+20,9.999e+20,9.999e+20,,,,,,,,,,,,,,,,,,,,,,,,,,,,,,,,,,,,,,,,,,,,,,,,,,,,,,,,,,,,,,,,,,,,,,,,,,,,,,,,,,,,,,,,,,,,,,,,,,,,,,,,,,,,,,,,,,,,,,,,,,88.0,,992.0,,1.2,0.0,67.6,0.0,,68.0,,,,,,,,,,,,,,,,,,,,,,,,,,,,,,,,,,,,,,,,,,,,,,,,,,,,,,,,,,,,,14.6,12.5,13.8,11.5,14.9,15.8,16.5,16.9,800.0,448.0,576.0,384.0,816.0,984.0,1152.0,1192.0,,,49.0,12.0,,,,,,2.32603,272.25,1.66,,,,,,,,,,,,,,,,,,,,,,,,,,,,,,,267.823,261.703,264.582,265.498,265.992,266.787,267.042,267.047,267.508,267.592,263.617,267.783,268.085,268.399,268.717,269.452,269.643,269.681,270.521,270.577,271.199,272.069,0.0,0.0,0.0,0.0,0.0,93.0,100.0,0.0,9.999e+20,260.0,5.3,270.0,7.5,,3.0,,,1.0,3.0,,,,,,,6968.0,260.0,260.0,260.0,,272.0,,,,,,,,,,,,,,,,,,,,,,,,,,,,,5.3,1.6,2.4,2.8,3.2,3.6,4.0,4.0,4.4,4.8,2.0,4.8,5.2,5.6,6.0,6.11035,6.22153,6.76981,8.13358,8.73511,9.85187,11.2807,5.27287,2.34289,1.0,0.0,0.0,0.0,74.0,0.0,38.0,9.0,5.8,6.7,
2026040219,,,,,,,,,,,,,,,,,,,,,,,,,,,,,,,,,0.274,,,,,,,,,,,,,,,,,,,,,,,,,,,,,,,,,,,,,,,,,,,,,,,,,,,,,,,,,,,,,,,,,,,,,,,,,,,,,,,,,,,,,,,,,,,,,,,,,,,,,,,,,,,,,,,,,,,,,,,,,,,,,,,,,,,,,,,,,,,,,,,,,,,,,,,,,,,,,,,,,,,,,,,,,,,,,,,,,,,,,,,,,,,,,,,,,,,,,,,,,,,,,,,,,,,,,,,,,,,,,,,,,,,,,,,,,,,,,,,,,,,,,,,,,,,,,,,,,,,,,,,,,,,,,,,,,,,,,,,,,,,,,,,,,,,,,,,,,,,,,,,,,,,,,,,,,,,,,,,,,,,,,,,,,,,,,,,,,,,,,,,,,,,,,,,,,,,,,,,,,,,,,,,,,,,,,,,,,,,,,,,,,,,,,,,,,,,,,,,,,,,,,,,,,,,,,,,,,,,,,,,,,,,,,,,,,,,,,,,,,,,,,,,,,,,,,,,,,,,,,,,,,,,,,,,,,,,,,,,,,,,,,,,,,,,,,,,,,,,,,,,,,,,,,,,,,,,,,,,,,,,,,,,,,,,,,,,,,,,,,,,,,,,,,,,,,,,,,,,,,,,,,,,,,,,,,,,,,,,,,,,,,,,,,,,,,,,,,,,,,,,,,,,,,,,,,,,,,,,,,,,,,,,,,,,,,,,,,,,,,,,,,,,,,,,,,,,,,,,,,,,,,,,,,,,,,,,,,,,,,,,,,,,,,,,,,,,,,,,,,,,,,,,,,,,,,,,,,,,,,,,,,,,,,,,,,,,,
2026040220,,,,,,,,,,,,,,,,,,,,,,,,,,,,,,,,,0.276,,,,,,,,,,,,,,,,,,,,,,,,,,,,,,,,,,,,,,,,,,,,,,,,,,,,,,,,,,,,,,,,,,,,,,,,,,,,,,,,,,,,,,,,,,,,,,,,,,,,,,,,,,,,,,,,,,,,,,,,,,,,,,,,,,,,,,,,,,,,,,,,,,,,,,,,,,,,,,,,,,,,,,,,,,,,,,,,,,,,,,,,,,,,,,,,,,,,,,,,,,,,,,,,,,,,,,,,,,,,,,,,,,,,,,,,,,,,,,,,,,,,,,,,,,,,,,,,,,,,,,,,,,,,,,,,,,,,,,,,,,,,,,,,,,,,,,,,,,,,,,,,,,,,,,,,,,,,,,,,,,,,,,,,,,,,,,,,,,,,,,,,,,,,,,,,,,,,,,,,,,,,,,,,,,,,,,,,,,,,,,,,,,,,,,,,,,,,,,,,,,,,,,,,,,,,,,,,,,,,,,,,,,,,,,,,,,,,,,,,,,,,,,,,,,,,,,,,,,,,,,,,,,,,,,,,,,,,,,,,,,,,,,,,,,,,,,,,,,,,,,,,,,,,,,,,,,,,,,,,,,,,,,,,,,,,,,,,,,,,,,,,,,,,,,,,,,,,,,,,,,,,,,,,,,,,,,,,,,,,,,,,,,,,,,,,,,,,,,,,,,,,,,,,,,,,,,,,,,,,,,,,,,,,,,,,,,,,,,,,,,,,,,,,,,,,,,,,,,,,,,,,,,,,,,,,,,,,,,,,,,,,,,,,,,,,,,,,,,,,,,,,,,,,,,,,,,,,,,,,,,,,,,,,,,,,,,,,
2026040221,,,,,,,,,,,,,,,,,,,,,,,,,,,,,,,,,0.29,,,,,,,,,,,,,,,,,,,,,,,,,,,,,,,,,,,,,,,,,,,,,,,,,,,,,,,,,,,,,,,,,,,,,,,,,,,,,,,,,,,,,,,,,,,,,,,,,,,,,,,,,,,,,,,,,,,,,,,,,,,,,,,,,,267.99,,,,,,,,,,,,,,,,,,,,,,,,,,,,,,,,,,,,,,,,,,,,,,,,,,,,,,,,,,,,,,,,,,,,,,,,,,,,,,,,,,,,,,,,,,,46.0,86.0,,,,,,,,,,,10.0,11.0,10.0,12.0,15.0,17.0,18.0,0.0,0.0,0.0,0.0,0.0,12.8,,267.49,1.79,,528.0,3.0,,,,,,,,,,,,,,,,,,,,,,,,,,,,,,,,,,,,,,,,,,,,,,,,,,,,,,9.999e+20,,,,,,,,,,,,,,,,,,,,,,,,,,,,,10.0,4.0,5.81155,6.82812,7.16313,7.64013,7.82359,8.3045,8.50691,9.02666,5.23316,9.57023,10.5113,10.6702,10.8959,11.4618,12.23,13.229,14.3338,14.877,16.1771,18.0287,9.97473,3.42993,33.0,7.0,2.0,1.0,0.0,0.0,0.0,57.0,,9.999e+20,9.999e+20,9.999e+20,9.999e+20,9.999e+20,,,,,,,,,,,,,,,,,,,,,,,,,,,,,,,,,,,,,,,,,,,,,,,,,,,,,,,,,,,,,,,,,,,,,,,,,,,,,,,,,,,,,,,,,,,,,,,,,,,,,,,,,,,,,,,,,,,,,,,,,,,,1304.0,,0.0,0.0,62.8,0.0,,65.0,,,,,,,,,,,,,,,,,,,,,,,,,,,,,,,,,,,,,,,,,,,,,,,,,,,,,,,,,,,,,14.0,12.3,13.3,10.6,14.3,15.3,15.8,16.1,896.0,576.0,672.0,528.0,896.0,1064.0,1240.0,1328.0,,,63.0,10.0,,,,,,,273.21,1.81,,,,,,,,,,,,,,,,,,,,,,,,,,,,,,,,,,,,,,,,,,,,,,,,,,,,,,,,,,,,,9.999e+20,,,260.0,10.4,,,,,,3.0,,,,,,,13028.0,260.0,260.0,260.0,,273.4,,,,,,,,,,,,,,,,,,,,,,,,,,,,,5.8,2.0,3.2,3.6,4.0,4.4,4.4,4.8,5.2,5.6,2.8,5.56732,6.10864,6.13948,6.21598,6.67722,7.12608,7.62475,8.2049,9.13374,9.6935,10.4857,5.7652,1.95731,1.0,0.0,0.0,0.0,85.0,0.0,52.0,12.0,6.7,7.6,
2026040222,,,,,,,,,,,,,,,,,,,,,,,,,,,,,,,,,0.262,,,,,,,,,,,,,,,,,,,,,,,,,,,,,,,,,,,,,,,,,,,,,,,,,,,,,,,,,,,,,,,,,,,,,,,,,,,,,,,,,,,,,,,,,,,,,,,,,,,,,,,,,,,,,,,,,,,,,,,,,,,,,,,,,,,,,,,,,,,,,,,,,,,,,,,,,,,,,,,,,,,,,,,,,,,,,,,,,,,,,,,,,,,,,,,,,,,,,,,,,,,,,,,,,,,,,,,,,,,,,,,,,,,,,,,,,,,,,,,,,,,,,,,,,,,,,,,,,,,,,,,,,,,,,,,,,,,,,,,,,,,,,,,,,,,,,,,,,,,,,,,,,,,,,,,,,,,,,,,,,,,,,,,,,,,,,,,,,,,,,,,,,,,,,,,,,,,,,,,,,,,,,,,,,,,,,,,,,,,,,,,,,,,,,,,,,,,,,,,,,,,,,,,,,,,,,,,,,,,,,,,,,,,,,,,,,,,,,,,,,,,,,,,,,,,,,,,,,,,,,,,,,,,,,,,,,,,,,,,,,,,,,,,,,,,,,,,,,,,,,,,,,,,,,,,,,,,,,,,,,,,,,,,,,,,,,,,,,,,,,,,,,,,,,,,,,,,,,,,,,,,,,,,,,,,,,,,,,,,,,,,,,,,,,,,,,,,,,,,,,,,,,,,,,,,,,,,,,,,,,,,,,,,,,,,,,,,,,,,,,,,,,,,,,,,,,,,,,,,,,,,,,,,,,,,,,,,,,,,,,,,,,,,,,,,,,,,,,,,,,,,,,,,,,,,,,,,,,,,,,,,,,,,,,,,,,,,,
2026040223,,,,,,,,,,,,,,,,,,,,,,,,,,,,,,,,,0.312,,,,,,,,,,,,,,,,,,,,,,,,,,,,,,,,,,,,,,,,,,,,,,,,,,,,,,,,,,,,,,,,,,,,,,,,,,,,,,,,,,,,,,,,,,,,,,,,,,,,,,,,,,,,,,,,,,,,,,,,,,,,,,,,,,,,,,,,,,,,,,,,,,,,,,,,,,,,,,,,,,,,,,,,,,,,,,,,,,,,,,,,,,,,,,,,,,,,,,,,,,,,,,,,,,,,,,,,,,,,,,,,,,,,,,,,,,,,,,,,,,,,,,,,,,,,,,,,,,,,,,,,,,,,,,,,,,,,,,,,,,,,,,,,,,,,,,,,,,,,,,,,,,,,,,,,,,,,,,,,,,,,,,,,,,,,,,,,,,,,,,,,,,,,,,,,,,,,,,,,,,,,,,,,,,,,,,,,,,,,,,,,,,,,,,,,,,,,,,,,,,,,,,,,,,,,,,,,,,,,,,,,,,,,,,,,,,,,,,,,,,,,,,,,,,,,,,,,,,,,,,,,,,,,,,,,,,,,,,,,,,,,,,,,,,,,,,,,,,,,,,,,,,,,,,,,,,,,,,,,,,,,,,,,,,,,,,,,,,,,,,,,,,,,,,,,,,,,,,,,,,,,,,,,,,,,,,,,,,,,,,,,,,,,,,,,,,,,,,,,,,,,,,,,,,,,,,,,,,,,,,,,,,,,,,,,,,,,,,,,,,,,,,,,,,,,,,,,,,,,,,,,,,,,,,,,,,,,,,,,,,,,,,,,,,,,,,,,,,,,,,,,,,,,,,,,,,,,,,,,,,,,,,,,,,,,,,,,
2026040300,3.544,0.0,0.0,0.0,0.101,0.436,0.684,0.964,1.256,1.578,0.0,1.964,2.405,2.827,3.342,4.055,4.72,5.658,7.221,9.156,14.714,21.114,78.0,0.0,6.0,0.0,1.0,43.0,0.0,0.0,17.0,0.0,0.278,,9.636,0.0,0.02,0.654,1.296,2.326,3.111,3.663,4.407,5.386,0.0,6.396,7.218,8.04,9.249,10.565,12.546,14.734,18.018,25.574,36.651,45.086,88.0,0.0,25.0,0.0,0.0,0.0,10.0,0.0,50.0,0.0,,,,,,,,,,,,,,,,,,,,,,,,,,,,,,,,,1.778,0.0,0.0,0.0,0.0,0.04,0.193,0.321,0.487,0.622,0.0,0.809,1.023,1.187,1.445,1.769,2.188,2.682,3.476,4.598,6.231,10.592,68.0,0.0,0.0,21.0,0.0,0.0,0.0,5.0,0.0,0.0,,,,,,,,,,,,,,,,,,,,,,,,,,,,,,,,,267.08,,,,,,,,,,,,,,,,,,,0.058,0.0,0.013,0.0,0.051,0.091,0.13,0.16,83.0,68.0,50.0,23.0,7.0,1.0,0.0,0.0,0.0,0.0,0.097,0.013,0.043,0.005,0.086,0.122,0.168,0.201,82.0,72.0,40.0,16.0,6.0,1.0,0.0,0.0,0.0,0.0,0.013,0.0,0.0,0.0,0.008,0.015,0.025,0.041,60.0,15.0,4.0,4.0,4.0,2.0,1.0,0.0,0.0,0.0,0.104,0.018,0.058,0.01,0.091,0.127,0.188,0.224,87.0,45.0,19.0,9.0,1.0,0.0,0.0,0.0,0.0,0.0,28.0,57.0,,,,,,,,,,,10.0,11.0,10.0,12.0,13.0,14.0,14.0,0.0,0.0,0.0,0.0,0.0,11.9,,266.87,1.71,,545.0,3.0,,0.0,0.0,0.0,0.0,0.0,0.0,0.0,0.0,0.0,0.0,0.0,0.0,0.0,0.0,0.0,0.0,0.0,0.0,0.0,0.0,0.0,0.0,0.0,0.0,0.0,0.0,0.0,0.0,0.0,0.0,0.0,0.0,0.0,0.0,0.0,0.0,0.0,0.0,0.0,0.0,0.0,0.0,0.0,0.0,0.0,0.0,0.0,0.0,0.0,0.0,0.0,19.2,9.999e+20,,,,,,,,,,,,,,,,,,,,,,,,,,,,,9.9,3.2,6.0,6.4,7.2,7.73615,7.94644,8.59322,8.98969,9.76704,4.8,9.86289,10.3929,10.4836,11.14,12.1624,12.7517,13.2723,13.5652,13.8095,15.4346,19.9662,10.2725,3.43913,33.0,5.0,2.0,0.0,0.0,0.0,0.0,63.0,3.0,9.999e+20,9.999e+20,9.999e+20,9.999e+20,9.999e+20,,,,,,,,,,,,,,,,,,,,,,,,,,,,,,,,,,,,,,,,,,,,,,,,,,,,,,,,,,,,,,,,,,,,,,,,,,,,,,,,,,,,,,,,,,,,,,,,,,,,,,,,,,,,,,,,,,,,,,,,,,,,1392.0,4.0,0.0,0.0,58.8,0.0,,65.0,,,,,,,,,,,,,,,,,,,,,,,,,,,,,,,,,,,,,,,,,,,,,,,,,,,,,,,,,,,,,13.8,11.9,12.9,10.2,14.1,14.8,15.6,16.2,928.0,640.0,768.0,568.0,920.0,1104.0,1208.0,1280.0,,,60.0,17.0,,273.86,1.12,,,,272.64,1.7,,,,,,,,,,,,,,,,,,,,,,,,,,,,,,,,,,,,,,,,,,,,,,,,,,,,,,,,,,,,,9.999e+20,,,270.0,11.5,33.0,4.0,,,3.0,4.0,,,,,,,15279.0,270.0,270.0,270.0,,271.5,,,,,,,,,,,,,,,,,,,,,,,,,,,,,5.9,1.6,3.2,3.6,4.0,4.0,4.4,4.8,5.2,5.6,2.4,5.6,6.0,6.4,6.8,7.2,7.41082,7.50345,7.67171,8.51344,8.84478,10.044,5.85103,1.97944,0.0,0.0,0.0,0.0,85.0,0.0,52.0,7.0,6.7,7.2,
2026040301,,,,,,,,,,,,,,,,,,,,,,,,,,,,,,,,,0.225,,,,,,,,,,,,,,,,,,,,,,,,,,,,,,,,,,,,,,,,,,,,,,,,,,,,,,,,,,,,,,,,,,,,,,,,,,,,,,,,,,,,,,,,,,,,,,,,,,,,,,,,,,,,,,,,,,,,,,,,,,,,,,,,,,,,,,,,,,,,,,,,,,,,,,,,,,,,,,,,,,,,,,,,,,,,,,,,,,,,,,,,,,,,,,,,,,,,,,,,,,,,,,,,,,,,,,,,,,,,,,,,,,,,,,,,,,,,,,,,,,,,,,,,,,,,,,,,,,,,,,,,,,,,,,,,,,,,,,,,,,,,,,,,,,,,,,,,,,,,,,,,,,,,,,,,,,,,,,,,,,,,,,,,,,,,,,,,,,,,,,,,,,,,,,,,,,,,,,,,,,,,,,,,,,,,,,,,,,,,,,,,,,,,,,,,,,,,,,,,,,,,,,,,,,,,,,,,,,,,,,,,,,,,,,,,,,,,,,,,,,,,,,,,,,,,,,,,,,,,,,,,,,,,,,,,,,,,,,,,,,,,,,,,,,,,,,,,,,,,,,,,,,,,,,,,,,,,,,,,,,,,,,,,,,,,,,,,,,,,,,,,,,,,,,,,,,,,,,,,,,,,,,,,,,,,,,,,,,,,,,,,,,,,,,,,,,,,,,,,,,,,,,,,,,,,,,,,,,,,,,,,,,,,,,,,,,,,,,,,,,,,,,,,,,,,,,,,,,,,,,,,,,,,,,,,,,,,,,,,,,,,,,,,,,,,,,,,,,,,,,,,,,,,,,,,,,,,,,,,,,,,,,,,,,,,,,,,
2026040302,,,,,,,,,,,,,,,,,,,,,,,,,,,,,,,,,0.246,,,,,,,,,,,,,,,,,,,,,,,,,,,,,,,,,,,,,,,,,,,,,,,,,,,,,,,,,,,,,,,,,,,,,,,,,,,,,,,,,,,,,,,,,,,,,,,,,,,,,,,,,,,,,,,,,,,,,,,,,,,,,,,,,,,,,,,,,,,,,,,,,,,,,,,,,,,,,,,,,,,,,,,,,,,,,,,,,,,,,,,,,,,,,,,,,,,,,,,,,,,,,,,,,,,,,,,,,,,,,,,,,,,,,,,,,,,,,,,,,,,,,,,,,,,,,,,,,,,,,,,,,,,,,,,,,,,,,,,,,,,,,,,,,,,,,,,,,,,,,,,,,,,,,,,,,,,,,,,,,,,,,,,,,,,,,,,,,,,,,,,,,,,,,,,,,,,,,,,,,,,,,,,,,,,,,,,,,,,,,,,,,,,,,,,,,,,,,,,,,,,,,,,,,,,,,,,,,,,,,,,,,,,,,,,,,,,,,,,,,,,,,,,,,,,,,,,,,,,,,,,,,,,,,,,,,,,,,,,,,,,,,,,,,,,,,,,,,,,,,,,,,,,,,,,,,,,,,,,,,,,,,,,,,,,,,,,,,,,,,,,,,,,,,,,,,,,,,,,,,,,,,,,,,,,,,,,,,,,,,,,,,,,,,,,,,,,,,,,,,,,,,,,,,,,,,,,,,,,,,,,,,,,,,,,,,,,,,,,,,,,,,,,,,,,,,,,,,,,,,,,,,,,,,,,,,,,,,,,,,,,,,,,,,,,,,,,,,,,,,,,,,,,,,,,,,,,,,,,,,,,,,,,,,,,,,,,,
2026040303,,,,,,,,,,,,,,,,,,,,,,,,,,,,,,,,,0.214,,,,,,,,,,,,,,,,,,,,,,,,,,,,,,,,,,,,,,,,,,,,,,,,,,,,,,,,,,,,,,,,,,,,,,,,,,,,,,,,,,,,,,,,,,,,,,,,,,,,,,,,,,,,,,,,,,,,,,,,,,,,,,,,,,264.41,,,,,,,,,,,,,,,,,,,,,,,,,,,,,,,,,,,,,,,,,,,,,,,,,,,,,,,,,,,,,,,,,,,,,,,,,,,,,,,,,,,,,,,,,,,7.0,10.0,,,,,,,,,,,6.0,10.0,6.0,12.0,16.0,16.0,16.0,0.0,0.0,0.0,0.0,0.0,11.6,,266.58,1.44,,140.0,0.0,,,,,,,,,,,,,,,,,,,,,,,,,,,,,,,,,,,,,,,,,,,,,,,,,,,,,,9.999e+20,,,,,,,,,,,,,,,,,,,,,,,,,,,,,8.7,2.4,5.2,5.6,6.09672,6.99053,7.18086,7.83263,8.00157,8.57178,4.4,9.03284,9.18094,9.35612,9.90694,10.1205,10.3862,10.6779,11.8232,12.2567,12.7666,14.5386,8.69663,2.80151,18.0,1.0,0.0,0.0,0.0,0.0,0.0,50.0,,9.999e+20,9.999e+20,9.999e+20,9.999e+20,9.999e+20,,,,,,,,,,,,,,,,,,,,,,,,,,,,,,,,,,,,,,,,,,,,,,,,,,,,,,,,,,,,,,,,,,,,,,,,,,,,,,,,,,,,,,,,,,,,,,,,,,,,,,,,,,,,,,,,,,,,,,,,,,,,248.0,,0.0,0.0,21.6,0.0,,79.0,,,,,,,,,,,,,,,,,,,,,,,,,,,,,,,,,,,,,,,,,,,,,,,,,,,,,,,,,,,,,14.4,12.0,13.5,11.3,14.7,15.3,16.2,16.8,840.0,544.0,688.0,528.0,856.0,976.0,1152.0,1216.0,,,43.0,22.0,,,,,,,269.77,1.43,,,,,,,,,,,,,,,,,,,,,,,,,,,,,,,,,,,,,,,,,,,,,,,,,,,,,,,,,,,,,9.999e+20,,,270.0,6.9,,,,,,4.0,,,,,,,1413.0,270.0,270.0,270.0,,270.2,,,,,,,,,,,,,,,,,,,,,,,,,,,,,5.1,1.2,2.4,2.8,3.2,3.6,4.0,4.4,4.4,4.8,2.4,4.8,5.2,5.6,5.6,6.0,6.0,6.4,6.63935,6.73517,7.30716,8.86529,5.05402,1.5117,0.0,0.0,0.0,0.0,76.0,0.0,33.0,1.0,5.5,6.4,
2026040304,,,,,,,,,,,,,,,,,,,,,,,,,,,,,,,,,0.212,,,,,,,,,,,,,,,,,,,,,,,,,,,,,,,,,,,,,,,,,,,,,,,,,,,,,,,,,,,,,,,,,,,,,,,,,,,,,,,,,,,,,,,,,,,,,,,,,,,,,,,,,,,,,,,,,,,,,,,,,,,,,,,,,,,,,,,,,,,,,,,,,,,,,,,,,,,,,,,,,,,,,,,,,,,,,,,,,,,,,,,,,,,,,,,,,,,,,,,,,,,,,,,,,,,,,,,,,,,,,,,,,,,,,,,,,,,,,,,,,,,,,,,,,,,,,,,,,,,,,,,,,,,,,,,,,,,,,,,,,,,,,,,,,,,,,,,,,,,,,,,,,,,,,,,,,,,,,,,,,,,,,,,,,,,,,,,,,,,,,,,,,,,,,,,,,,,,,,,,,,,,,,,,,,,,,,,,,,,,,,,,,,,,,,,,,,,,,,,,,,,,,,,,,,,,,,,,,,,,,,,,,,,,,,,,,,,,,,,,,,,,,,,,,,,,,,,,,,,,,,,,,,,,,,,,,,,,,,,,,,,,,,,,,,,,,,,,,,,,,,,,,,,,,,,,,,,,,,,,,,,,,,,,,,,,,,,,,,,,,,,,,,,,,,,,,,,,,,,,,,,,,,,,,,,,,,,,,,,,,,,,,,,,,,,,,,,,,,,,,,,,,,,,,,,,,,,,,,,,,,,,,,,,,,,,,,,,,,,,,,,,,,,,,,,,,,,,,,,,,,,,,,,,,,,,,,,,,,,,,,,,,,,,,,,,,,,,,,,,,,,,,,,,,,,,,,,,,,,,,,,,,,,,,,,,,,,,
2026040305,,,,,,,,,,,,,,,,,,,,,,,,,,,,,,,,,0.186,,,,,,,,,,,,,,,,,,,,,,,,,,,,,,,,,,,,,,,,,,,,,,,,,,,,,,,,,,,,,,,,,,,,,,,,,,,,,,,,,,,,,,,,,,,,,,,,,,,,,,,,,,,,,,,,,,,,,,,,,,,,,,,,,,,,,,,,,,,,,,,,,,,,,,,,,,,,,,,,,,,,,,,,,,,,,,,,,,,,,,,,,,,,,,,,,,,,,,,,,,,,,,,,,,,,,,,,,,,,,,,,,,,,,,,,,,,,,,,,,,,,,,,,,,,,,,,,,,,,,,,,,,,,,,,,,,,,,,,,,,,,,,,,,,,,,,,,,,,,,,,,,,,,,,,,,,,,,,,,,,,,,,,,,,,,,,,,,,,,,,,,,,,,,,,,,,,,,,,,,,,,,,,,,,,,,,,,,,,,,,,,,,,,,,,,,,,,,,,,,,,,,,,,,,,,,,,,,,,,,,,,,,,,,,,,,,,,,,,,,,,,,,,,,,,,,,,,,,,,,,,,,,,,,,,,,,,,,,,,,,,,,,,,,,,,,,,,,,,,,,,,,,,,,,,,,,,,,,,,,,,,,,,,,,,,,,,,,,,,,,,,,,,,,,,,,,,,,,,,,,,,,,,,,,,,,,,,,,,,,,,,,,,,,,,,,,,,,,,,,,,,,,,,,,,,,,,,,,,,,,,,,,,,,,,,,,,,,,,,,,,,,,,,,,,,,,,,,,,,,,,,,,,,,,,,,,,,,,,,,,,,,,,,,,,,,,,,,,,,,,,,,,,,,,,,,,,,,,,,,,,,,,,,,,,,,,,,
2026040306,2.582,0.0,0.0,0.0,0.0,0.071,0.287,0.537,0.851,1.089,0.0,1.329,1.617,1.957,2.393,2.869,3.443,4.182,5.147,6.642,9.668,16.944,71.0,0.0,3.0,0.0,1.0,33.0,0.0,0.0,11.0,0.0,0.125,,,,,,,,,,,,,,,,,,,,,,,,,,,,,,,,,,,,,,,,,,,,,,,,,,,,,,,,,,,,,,,,,,0.762,0.0,0.0,0.0,0.0,0.0,0.0,0.0,0.0,0.0,0.0,0.021,0.154,0.342,0.534,0.756,1.109,1.471,1.938,2.623,4.04,9.281,43.0,0.0,0.0,11.0,0.0,0.0,0.0,3.0,0.0,0.0,,,,,,,,,,,,,,,,,,,,,,,,,,,,,,,,,263.77,,,,,,,,,,,,,,,,,,,0.046,,,,,,,,,,,,,,,,,,0.097,,,,,,,,,,,,,,,,,,0.003,0.0,0.0,0.0,0.0,0.0,0.008,0.018,18.0,4.0,1.0,1.0,1.0,0.0,0.0,0.0,0.0,0.0,0.104,,,,,,,,,,,,,,,,,,4.0,3.0,,,,,,,,,,,6.0,10.0,6.0,11.0,16.0,17.0,17.0,0.0,0.0,0.0,0.0,0.0,11.9,,266.48,1.46,,70.0,1.0,,0.0,,,,,,,,,,,,,,,,,,,,,,,,,0.0,0.0,0.0,0.0,0.0,0.0,0.0,0.0,0.0,0.0,0.0,0.0,0.0,0.0,,,,,,,,,,,,,18.0,9.999e+20,13.7051,6.79111,9.21825,10.0392,10.6529,10.8852,11.5264,12.0352,12.5442,12.6656,8.54597,12.7266,13.2986,13.8104,14.3057,15.0416,15.7555,16.4202,17.3167,17.9717,20.5087,22.658,71.0,15.0,4.0,1.0,0.0,0.0,7.8,3.2,4.4,4.8,5.6,6.0023,6.04296,6.50832,7.01486,7.1307,4.0,7.62178,8.09968,8.59332,8.74531,8.84368,9.515,9.74303,10.4585,11.1966,12.403,14.8102,7.83259,2.69262,9.0,1.0,0.0,0.0,0.0,0.0,0.0,34.0,3.0,9.999e+20,9.999e+20,9.999e+20,9.999e+20,9.999e+20,,,,,,,,,,,,,,,,,,,,,,,,,,,,,,,,,,,,,,,,,,,,,,,,,,,,,,,,,,,,,,,,,,,,,,,,,,,,,,,,,,,,,,,,,,,,,,,,,,,,,,,,,,,,,,,,,,,,,,,,,,,65.0,240.0,,0.0,0.0,25.6,0.0,,84.0,,,,,,,,,,,,,,,,,,,,,,,,,,,,,,,,,,,,,,,,,,,,,,,,,,,,,,,,,,,,,14.9,12.8,14.2,12.0,15.0,15.6,16.5,17.1,784.0,520.0,624.0,464.0,784.0,912.0,1112.0,1160.0,,,30.0,16.0,,,,,,1.884,269.04,1.7,273.582,270.494,271.332,271.929,271.938,272.141,272.478,272.809,272.99,273.293,271.184,273.484,273.649,273.644,273.906,273.903,274.225,274.631,275.094,276.008,276.54,278.484,0.0,3.0,43.0,0.0,0.0,0.0,0.0,0.0,,,,,,,,,,,,,,,,,,,,,,,,,,,,,,,9.999e+20,,,260.0,6.0,,4.0,,,2.0,3.0,,,,,,,1161.0,270.0,270.0,270.0,,269.9,7.78658,4.0,5.2,5.6,6.13866,6.56454,6.63191,7.05177,7.13683,7.17424,4.8,7.63133,7.66914,8.20258,8.66985,8.75717,8.87141,9.37746,9.55641,9.75069,10.8039,11.6668,4.0,0.0,0.0,0.0,85.0,28.0,4.5,1.6,2.4,2.4,3.2,3.2,3.2,3.6,3.6,4.0,2.0,4.0,4.4,4.4,4.8,4.8,5.2,5.6,6.0,6.8,7.21902,8.46556,4.13633,1.52327,0.0,0.0,0.0,0.0,64.0,0.0,20.0,1.0,4.9,5.3,
2026040307,,,,,,,,,,,,,,,,,,,,,,,,,,,,,,,,,0.115,,,,,,,,,,,,,,,,,,,,,,,,,,,,,,,,,,,,,,,,,,,,,,,,,,,,,,,,,,,,,,,,,,,,,,,,,,,,,,,,,,,,,,,,,,,,,,,,,,,,,,,,,,,,,,,,,,,,,,,,,,,,,,,,,,,,,,,,,,,,,,,,,,,,,,,,,,,,,,,,,,,,,,,,,,,,,,,,,,,,,,,,,,,,,,,,,,,,,,,,,,,,,,,,,,,,,,,,,,,,,,,,,,,,,,,,,,,,,,,,,,,,,,,,,,,,,,,,,,,,,,,,,,,,,,,,,,,,,,,,,,,,,,,,,,,,,,,,,,,,,,,,,,,,,,,,,,,,,,,,,,,,,,,,,,,,,,,,,,,,,,,,,,,,,,,,,,,,,,,,,,,,,,,,,,,,,,,,,,,,,,,,,,,,,,,,,,,,,,,,,,,,,,,,,,,,,,,,,,,,,,,,,,,,,,,,,,,,,,,,,,,,,,,,,,,,,,,,,,,,,,,,,,,,,,,,,,,,,,,,,,,,,,,,,,,,,,,,,,,,,,,,,,,,,,,,,,,,,,,,,,,,,,,,,,,,,,,,,,,,,,,,,,,,,,,,,,,,,,,,,,,,,,,,,,,,,,,,,,,,,,,,,,,,,,,,,,,,,,,,,,,,,,,,,,,,,,,,,,,,,,,,,,,,,,,,,,,,,,,,,,,,,,,,,,,,,,,,,,,,,,,,,,,,,,,,,,,,,,,,,,,,,,,,,,,,,,,,,,,,,,,,,,,,,,,,,,,,,,,,,,,,,,,,,,,,,,,,
2026040308,,,,,,,,,,,,,,,,,,,,,,,,,,,,,,,,,0.13,,,,,,,,,,,,,,,,,,,,,,,,,,,,,,,,,,,,,,,,,,,,,,,,,,,,,,,,,,,,,,,,,,,,,,,,,,,,,,,,,,,,,,,,,,,,,,,,,,,,,,,,,,,,,,,,,,,,,,,,,,,,,,,,,,,,,,,,,,,,,,,,,,,,,,,,,,,,,,,,,,,,,,,,,,,,,,,,,,,,,,,,,,,,,,,,,,,,,,,,,,,,,,,,,,,,,,,,,,,,,,,,,,,,,,,,,,,,,,,,,,,,,,,,,,,,,,,,,,,,,,,,,,,,,,,,,,,,,,,,,,,,,,,,,,,,,,,,,,,,,,,,,,,,,,,,,,,,,,,,,,,,,,,,,,,,,,,,,,,,,,,,,,,,,,,,,,,,,,,,,,,,,,,,,,,,,,,,,,,,,,,,,,,,,,,,,,,,,,,,,,,,,,,,,,,,,,,,,,,,,,,,,,,,,,,,,,,,,,,,,,,,,,,,,,,,,,,,,,,,,,,,,,,,,,,,,,,,,,,,,,,,,,,,,,,,,,,,,,,,,,,,,,,,,,,,,,,,,,,,,,,,,,,,,,,,,,,,,,,,,,,,,,,,,,,,,,,,,,,,,,,,,,,,,,,,,,,,,,,,,,,,,,,,,,,,,,,,,,,,,,,,,,,,,,,,,,,,,,,,,,,,,,,,,,,,,,,,,,,,,,,,,,,,,,,,,,,,,,,,,,,,,,,,,,,,,,,,,,,,,,,,,,,,,,,,,,,,,,,,,,,,,,,,,,,,,,,,,,,,,,,,,,,,,,,,,,,,
2026040309,,,,,,,,,,,,,,,,,,,,,,,,,,,,,,,,,0.113,,,,,,,,,,,,,,,,,,,,,,,,,,,,,,,,,,,,,,,,,,,,,,,,,,,,,,,,,,,,,,,,,,,,,,,,,,,,,,,,,,,,,,,,,,,,,,,,,,,,,,,,,,,,,,,,,,,,,,,,,,,,,,,,,,263.3,,,,,,,,,,,,,,,,,,,,,,,,,,,,,,,,,,,,,,,,,,,,,,,,,,,,,,,,,,,,,,,,,,,,,,,,,,,,,,,,,,,,,,,,,,,1.0,2.0,,,,,,,,,,,8.0,10.0,8.0,11.0,17.0,18.0,18.0,0.0,0.0,0.0,0.0,0.0,12.6,,265.82,1.61,,0.0,2.0,,,,,,,,,,,,,,,,,,,,,,,,,,,,,,,,,,,,,,,,,,,,,,,,,,,,,,9.999e+20,,,,,,,,,,,,,,,,,,,,,,,,,,,,,7.6,2.8,4.4,5.2,5.2,5.6,6.00071,6.41724,6.84099,7.28709,3.6,7.33385,7.39114,7.83942,8.32669,8.7905,8.88229,9.03458,9.98932,11.158,11.839,13.9848,7.61436,2.68568,7.0,1.0,1.0,0.0,0.0,0.0,0.0,28.0,,9.999e+20,9.999e+20,9.999e+20,9.999e+20,9.999e+20,,,,,,,,,,,,,,,,,,,,,,,,,,,,,,,,,,,,,,,,,,,,,,,,,,,,,,,,,,,,,,,,,,,,,,,,,,,,,,,,,,,,,,,,,,,,,,,,,,,,,,,,,,,,,,,,,,,,,,,,,,,,168.0,,0.0,0.0,25.6,0.0,,81.0,,,,,,,,,,,,,,,,,,,,,,,,,,,,,,,,,,,,,,,,,,,,,,,,,,,,,,,,,,,,,15.3,13.3,14.3,12.4,15.3,16.0,17.0,17.5,704.0,424.0,584.0,384.0,704.0,872.0,1000.0,1112.0,,,46.0,13.0,,,,,,,268.59,1.91,,,,,,,,,,,,,,,,,,,,,,,,,,,,,,,,,,,,,,,,,,,,,,,,,,,,,,,,,,,,,9.999e+20,,,250.0,6.5,,,,,,3.0,,,,,,,772.0,270.0,270.0,270.0,,269.5,,,,,,,,,,,,,,,,,,,,,,,,,,,,,4.1,1.2,2.4,2.8,2.8,3.2,3.2,3.6,3.6,4.0,2.0,4.0,4.0,4.4,4.4,4.8,4.8,5.2,5.6,6.4,7.40732,8.0496,4.13412,1.37303,0.0,0.0,0.0,0.0,62.0,0.0,17.0,1.0,4.9,5.3,
2026040310,,,,,,,,,,,,,,,,,,,,,,,,,,,,,,,,,0.101,,,,,,,,,,,,,,,,,,,,,,,,,,,,,,,,,,,,,,,,,,,,,,,,,,,,,,,,,,,,,,,,,,,,,,,,,,,,,,,,,,,,,,,,,,,,,,,,,,,,,,,,,,,,,,,,,,,,,,,,,,,,,,,,,,,,,,,,,,,,,,,,,,,,,,,,,,,,,,,,,,,,,,,,,,,,,,,,,,,,,,,,,,,,,,,,,,,,,,,,,,,,,,,,,,,,,,,,,,,,,,,,,,,,,,,,,,,,,,,,,,,,,,,,,,,,,,,,,,,,,,,,,,,,,,,,,,,,,,,,,,,,,,,,,,,,,,,,,,,,,,,,,,,,,,,,,,,,,,,,,,,,,,,,,,,,,,,,,,,,,,,,,,,,,,,,,,,,,,,,,,,,,,,,,,,,,,,,,,,,,,,,,,,,,,,,,,,,,,,,,,,,,,,,,,,,,,,,,,,,,,,,,,,,,,,,,,,,,,,,,,,,,,,,,,,,,,,,,,,,,,,,,,,,,,,,,,,,,,,,,,,,,,,,,,,,,,,,,,,,,,,,,,,,,,,,,,,,,,,,,,,,,,,,,,,,,,,,,,,,,,,,,,,,,,,,,,,,,,,,,,,,,,,,,,,,,,,,,,,,,,,,,,,,,,,,,,,,,,,,,,,,,,,,,,,,,,,,,,,,,,,,,,,,,,,,,,,,,,,,,,,,,,,,,,,,,,,,,,,,,,,,,,,,,,,,,,,,,,,,,,,,,,,,,,,,,,,,,,,,,,,,,,,,,,,,,,,,,,,,,,,,,,,,,,,,,,,,
2026040311,,,,,,,,,,,,,,,,,,,,,,,,,,,,,,,,,0.094,,,,,,,,,,,,,,,,,,,,,,,,,,,,,,,,,,,,,,,,,,,,,,,,,,,,,,,,,,,,,,,,,,,,,,,,,,,,,,,,,,,,,,,,,,,,,,,,,,,,,,,,,,,,,,,,,,,,,,,,,,,,,,,,,,,,,,,,,,,,,,,,,,,,,,,,,,,,,,,,,,,,,,,,,,,,,,,,,,,,,,,,,,,,,,,,,,,,,,,,,,,,,,,,,,,,,,,,,,,,,,,,,,,,,,,,,,,,,,,,,,,,,,,,,,,,,,,,,,,,,,,,,,,,,,,,,,,,,,,,,,,,,,,,,,,,,,,,,,,,,,,,,,,,,,,,,,,,,,,,,,,,,,,,,,,,,,,,,,,,,,,,,,,,,,,,,,,,,,,,,,,,,,,,,,,,,,,,,,,,,,,,,,,,,,,,,,,,,,,,,,,,,,,,,,,,,,,,,,,,,,,,,,,,,,,,,,,,,,,,,,,,,,,,,,,,,,,,,,,,,,,,,,,,,,,,,,,,,,,,,,,,,,,,,,,,,,,,,,,,,,,,,,,,,,,,,,,,,,,,,,,,,,,,,,,,,,,,,,,,,,,,,,,,,,,,,,,,,,,,,,,,,,,,,,,,,,,,,,,,,,,,,,,,,,,,,,,,,,,,,,,,,,,,,,,,,,,,,,,,,,,,,,,,,,,,,,,,,,,,,,,,,,,,,,,,,,,,,,,,,,,,,,,,,,,,,,,,,,,,,,,,,,,,,,,,,,,,,,,,,,,,,,,,,,,,,,,,,,,,,,,,,,,,,,,,,,,,
2026040312,1.415,0.0,0.0,0.0,0.0,0.0,0.0,0.0,0.0,0.098,0.0,0.292,0.483,0.732,1.036,1.402,1.784,2.36,3.074,3.941,5.811,13.505,51.0,0.0,1.0,0.0,0.0,19.0,0.0,0.0,4.0,0.0,0.082,,,,,,,,,,,,,,,,,,,,,,,,,,,,,,,,,,,,,,,,,,,,,,,,,,,,,,,,,,,,,,,,,,0.254,0.0,0.0,0.0,0.0,0.0,0.0,0.0,0.0,0.0,0.0,0.0,0.0,0.0,0.004,0.155,0.388,0.599,0.976,1.561,2.361,6.357,28.0,0.0,0.0,4.0,0.0,0.0,0.0,1.0,0.0,0.0,,,,,,,,,,,,,,,,,,,,,,,,,,,,,,,,,262.76,,,,,,,,,,,,,,,,,,,0.033,0.0,0.0,0.0,0.02,0.043,0.094,0.124,70.0,46.0,19.0,10.0,3.0,1.0,1.0,0.0,0.0,0.0,0.094,0.013,0.041,0.0,0.084,0.124,0.18,0.229,79.0,70.0,41.0,15.0,7.0,2.0,0.0,0.0,0.0,0.0,0.003,0.0,0.0,0.0,0.0,0.0,0.005,0.018,15.0,2.0,0.0,0.0,0.0,0.0,0.0,0.0,0.0,0.0,0.104,0.018,0.053,0.013,0.097,0.127,0.188,0.234,87.0,47.0,18.0,8.0,2.0,0.0,0.0,0.0,0.0,0.0,0.0,1.0,,,,,,,,,,,10.0,12.0,10.0,12.0,14.0,17.0,17.0,0.0,0.0,0.0,0.0,0.0,12.7,,265.27,1.98,,0.0,0.0,,0.0,0.0,0.0,0.0,0.0,0.0,0.0,0.0,0.0,0.0,0.0,0.0,0.0,0.0,0.0,0.0,0.0,0.0,0.0,0.0,0.0,0.0,0.0,0.0,0.0,0.0,0.0,0.0,0.0,0.0,0.0,0.0,0.0,0.0,0.0,0.0,0.0,0.0,0.0,0.0,0.0,0.0,0.0,0.0,0.0,0.0,0.0,0.0,0.0,0.0,0.0,8.0,9.999e+20,,,,,,,,,,,,,,,,,,,,,,,,,,,,,7.31,2.8,4.8,4.8,5.2,5.6,6.0,6.4,6.8,6.8,3.6,7.2,7.6,7.61456,8.05122,8.46429,8.55858,9.01437,9.49759,10.3848,11.323,15.3194,7.33506,2.60617,6.0,1.0,0.0,0.0,0.0,0.0,0.0,23.0,2.0,9.999e+20,9.999e+20,9.999e+20,9.999e+20,9.999e+20,,,,,,,,,,,,,,,,,,,,,,,,,,,,,,,,,,,,,,,,,,,,,,,,,,,,,,,,,,,,,,,,,,,,,,,,,,,,,,,,,,,,,,,,,,,,,,,,,,,,,,,,,,,,,,,,,,,,,,,,,,,,184.0,1.0,0.0,0.0,21.6,0.0,,82.0,,,,,,,,,,,,,,,,,,,,,,,,,,,,,,,,,,,,,,,,,,,,,,,,,,,,,,,,,,,,,15.4,13.3,14.5,12.5,15.4,16.2,17.2,18.0,648.0,352.0,520.0,304.0,664.0,840.0,976.0,1072.0,,,47.0,22.0,,,,266.89,1.55,,267.89,1.97,,,,,,,,,,,,,,,,,,,,,,,,,,,,,,,,,,,,,,,,,,,,,,,,,,,,,,,,,,,,,9.999e+20,,,280.0,5.9,15.0,2.0,,,1.0,2.0,,,,,,,807.0,280.0,280.0,280.0,,269.4,,,,,,,,,,,,,,,,,,,,,,,,,,,,,4.1,1.2,2.4,2.8,2.8,3.2,3.2,3.2,3.6,4.0,2.0,4.0,4.0,4.0,4.4,4.4,4.8,5.2,5.2,5.6,6.7524,8.571,4.07251,1.34271,0.0,0.0,0.0,0.0,60.0,0.0,11.0,1.0,4.5,4.9,
2026040313,,,,,,,,,,,,,,,,,,,,,,,,,,,,,,,,,0.072,,,,,,,,,,,,,,,,,,,,,,,,,,,,,,,,,,,,,,,,,,,,,,,,,,,,,,,,,,,,,,,,,,,,,,,,,,,,,,,,,,,,,,,,,,,,,,,,,,,,,,,,,,,,,,,,,,,,,,,,,,,,,,,,,,,,,,,,,,,,,,,,,,,,,,,,,,,,,,,,,,,,,,,,,,,,,,,,,,,,,,,,,,,,,,,,,,,,,,,,,,,,,,,,,,,,,,,,,,,,,,,,,,,,,,,,,,,,,,,,,,,,,,,,,,,,,,,,,,,,,,,,,,,,,,,,,,,,,,,,,,,,,,,,,,,,,,,,,,,,,,,,,,,,,,,,,,,,,,,,,,,,,,,,,,,,,,,,,,,,,,,,,,,,,,,,,,,,,,,,,,,,,,,,,,,,,,,,,,,,,,,,,,,,,,,,,,,,,,,,,,,,,,,,,,,,,,,,,,,,,,,,,,,,,,,,,,,,,,,,,,,,,,,,,,,,,,,,,,,,,,,,,,,,,,,,,,,,,,,,,,,,,,,,,,,,,,,,,,,,,,,,,,,,,,,,,,,,,,,,,,,,,,,,,,,,,,,,,,,,,,,,,,,,,,,,,,,,,,,,,,,,,,,,,,,,,,,,,,,,,,,,,,,,,,,,,,,,,,,,,,,,,,,,,,,,,,,,,,,,,,,,,,,,,,,,,,,,,,,,,,,,,,,,,,,,,,,,,,,,,,,,,,,,,,,,,,,,,,,,,,,,,,,,,,,,,,,,,,,,,,,,,,,,,,,,,,,,,,,,,,,,,,,,,,,,,,,,
2026040314,,,,,,,,,,,,,,,,,,,,,,,,,,,,,,,,,0.072,,,,,,,,,,,,,,,,,,,,,,,,,,,,,,,,,,,,,,,,,,,,,,,,,,,,,,,,,,,,,,,,,,,,,,,,,,,,,,,,,,,,,,,,,,,,,,,,,,,,,,,,,,,,,,,,,,,,,,,,,,,,,,,,,,,,,,,,,,,,,,,,,,,,,,,,,,,,,,,,,,,,,,,,,,,,,,,,,,,,,,,,,,,,,,,,,,,,,,,,,,,,,,,,,,,,,,,,,,,,,,,,,,,,,,,,,,,,,,,,,,,,,,,,,,,,,,,,,,,,,,,,,,,,,,,,,,,,,,,,,,,,,,,,,,,,,,,,,,,,,,,,,,,,,,,,,,,,,,,,,,,,,,,,,,,,,,,,,,,,,,,,,,,,,,,,,,,,,,,,,,,,,,,,,,,,,,,,,,,,,,,,,,,,,,,,,,,,,,,,,,,,,,,,,,,,,,,,,,,,,,,,,,,,,,,,,,,,,,,,,,,,,,,,,,,,,,,,,,,,,,,,,,,,,,,,,,,,,,,,,,,,,,,,,,,,,,,,,,,,,,,,,,,,,,,,,,,,,,,,,,,,,,,,,,,,,,,,,,,,,,,,,,,,,,,,,,,,,,,,,,,,,,,,,,,,,,,,,,,,,,,,,,,,,,,,,,,,,,,,,,,,,,,,,,,,,,,,,,,,,,,,,,,,,,,,,,,,,,,,,,,,,,,,,,,,,,,,,,,,,,,,,,,,,,,,,,,,,,,,,,,,,,,,,,,,,,,,,,,,,,,,,,,,,,,,,,,,,,,,,,,,,,,,,,,,,,,,
2026040315,,,,,,,,,,,,,,,,,,,,,,,,,,,,,,,,,0.081,,,,,,,,,,,,,,,,,,,,,,,,,,,,,,,,,,,,,,,,,,,,,,,,,,,,,,,,,,,,,,,,,,,,,,,,,,,,,,,,,,,,,,,,,,,,,,,,,,,,,,,,,,,,,,,,,,,,,,,,,,,,,,,,,,263.25,,,,,,,,,,,,,,,,,,,,,,,,,,,,,,,,,,,,,,,,,,,,,,,,,,,,,,,,,,,,,,,,,,,,,,,,,,,,,,,,,,,,,,,,,,,9.0,20.0,,,,,,,,,,,10.0,12.0,10.0,14.0,15.0,16.0,16.0,0.0,0.0,0.0,0.0,0.0,13.4,,265.38,0.61,,34.0,0.0,,,,,,,,,,,,,,,,,,,,,,,,,,,,,,,,,,,,,,,,,,,,,,,,,,,,,,9.999e+20,,,,,,,,,,,,,,,,,,,,,,,,,,,,,7.7,2.8,4.0,4.8,5.2,6.0,6.4,6.82099,6.85484,7.32183,3.6,7.38177,7.8347,8.29207,8.42253,8.94145,9.55614,10.0819,10.5774,11.5174,13.0911,15.1365,7.65166,2.91548,11.0,1.0,0.0,0.0,0.0,0.0,0.0,33.0,,9.999e+20,9.999e+20,9.999e+20,9.999e+20,9.999e+20,,,,,,,,,,,,,,,,,,,,,,,,,,,,,,,,,,,,,,,,,,,,,,,,,,,,,,,,,,,,,,,,,,,,,,,,,,,,,,,,,,,,,,,,,,,,,,,,,,,,,,,,,,,,,,,,,,,,,,,,,,,,456.0,,0.0,0.0,32.4,0.0,,78.0,,,,,,,,,,,,,,,,,,,,,,,,,,,,,,,,,,,,,,,,,,,,,,,,,,,,,,,,,,,,,15.0,12.9,14.2,12.5,15.1,16.0,16.7,17.5,688.0,384.0,536.0,320.0,680.0,840.0,1000.0,1112.0,,,50.0,19.0,,,,,,,268.62,1.02,,,,,,,,,,,,,,,,,,,,,,,,,,,,,,,,,,,,,,,,,,,,,,,,,,,,,,,,,,,,,9.999e+20,,,270.0,6.1,,,,,,2.0,,,,,,,2506.0,270.0,270.0,270.0,,268.1,,,,,,,,,,,,,,,,,,,,,,,,,,,,,4.5,0.8,2.0,2.4,2.8,3.2,3.6,3.6,4.0,4.0,1.6,4.0,4.4,4.4,4.8,5.2,5.2,5.6,6.11411,6.72319,6.99585,8.91541,4.09456,1.86437,0.0,0.0,0.0,0.0,66.0,0.0,21.0,1.0,4.9,5.3,
2026040316,,,,,,,,,,,,,,,,,,,,,,,,,,,,,,,,,0.1,,,,,,,,,,,,,,,,,,,,,,,,,,,,,,,,,,,,,,,,,,,,,,,,,,,,,,,,,,,,,,,,,,,,,,,,,,,,,,,,,,,,,,,,,,,,,,,,,,,,,,,,,,,,,,,,,,,,,,,,,,,,,,,,,,,,,,,,,,,,,,,,,,,,,,,,,,,,,,,,,,,,,,,,,,,,,,,,,,,,,,,,,,,,,,,,,,,,,,,,,,,,,,,,,,,,,,,,,,,,,,,,,,,,,,,,,,,,,,,,,,,,,,,,,,,,,,,,,,,,,,,,,,,,,,,,,,,,,,,,,,,,,,,,,,,,,,,,,,,,,,,,,,,,,,,,,,,,,,,,,,,,,,,,,,,,,,,,,,,,,,,,,,,,,,,,,,,,,,,,,,,,,,,,,,,,,,,,,,,,,,,,,,,,,,,,,,,,,,,,,,,,,,,,,,,,,,,,,,,,,,,,,,,,,,,,,,,,,,,,,,,,,,,,,,,,,,,,,,,,,,,,,,,,,,,,,,,,,,,,,,,,,,,,,,,,,,,,,,,,,,,,,,,,,,,,,,,,,,,,,,,,,,,,,,,,,,,,,,,,,,,,,,,,,,,,,,,,,,,,,,,,,,,,,,,,,,,,,,,,,,,,,,,,,,,,,,,,,,,,,,,,,,,,,,,,,,,,,,,,,,,,,,,,,,,,,,,,,,,,,,,,,,,,,,,,,,,,,,,,,,,,,,,,,,,,,,,,,,,,,,,,,,,,,,,,,,,,,,,,,,,,,,,,,,,,,,,,,,,,,,,,,,,,,,,,,,,,
2026040317,,,,,,,,,,,,,,,,,,,,,,,,,,,,,,,,,0.095,,,,,,,,,,,,,,,,,,,,,,,,,,,,,,,,,,,,,,,,,,,,,,,,,,,,,,,,,,,,,,,,,,,,,,,,,,,,,,,,,,,,,,,,,,,,,,,,,,,,,,,,,,,,,,,,,,,,,,,,,,,,,,,,,,,,,,,,,,,,,,,,,,,,,,,,,,,,,,,,,,,,,,,,,,,,,,,,,,,,,,,,,,,,,,,,,,,,,,,,,,,,,,,,,,,,,,,,,,,,,,,,,,,,,,,,,,,,,,,,,,,,,,,,,,,,,,,,,,,,,,,,,,,,,,,,,,,,,,,,,,,,,,,,,,,,,,,,,,,,,,,,,,,,,,,,,,,,,,,,,,,,,,,,,,,,,,,,,,,,,,,,,,,,,,,,,,,,,,,,,,,,,,,,,,,,,,,,,,,,,,,,,,,,,,,,,,,,,,,,,,,,,,,,,,,,,,,,,,,,,,,,,,,,,,,,,,,,,,,,,,,,,,,,,,,,,,,,,,,,,,,,,,,,,,,,,,,,,,,,,,,,,,,,,,,,,,,,,,,,,,,,,,,,,,,,,,,,,,,,,,,,,,,,,,,,,,,,,,,,,,,,,,,,,,,,,,,,,,,,,,,,,,,,,,,,,,,,,,,,,,,,,,,,,,,,,,,,,,,,,,,,,,,,,,,,,,,,,,,,,,,,,,,,,,,,,,,,,,,,,,,,,,,,,,,,,,,,,,,,,,,,,,,,,,,,,,,,,,,,,,,,,,,,,,,,,,,,,,,,,,,,,,,,,,,,,,,,,,,,,,,,,,,,,,,,,,,,
2026040318,1.044,0.0,0.0,0.0,0.0,0.0,0.0,0.0,0.0,0.0,0.0,0.0,0.059,0.279,0.505,0.804,1.174,1.701,2.368,3.323,4.551,11.13,41.0,0.0,1.0,0.0,0.0,14.0,0.0,0.0,2.0,0.0,0.089,,,,,,,,,,,,,,,,,,,,,,,,,,,,,,,,,,,,,,,,,,,,,,,,,,,,,,,,,,,,,,,,,,0.0,0.0,0.0,0.0,0.0,0.0,0.0,0.0,0.0,0.0,0.0,0.0,0.0,0.0,0.037,0.257,0.498,0.813,1.166,1.891,2.815,5.707,30.0,0.0,0.0,7.0,0.0,0.0,0.0,1.0,0.0,0.0,,,,,,,,,,,,,,,,,,,,,,,,,,,,,,,,,267.11,,,,,,,,,,,,,,,,,,,0.023,,,,,,,,,,,,,,,,,,0.086,,,,,,,,,,,,,,,,,,0.003,0.0,0.0,0.0,0.0,0.0,0.013,0.023,18.0,5.0,0.0,0.0,0.0,0.0,0.0,0.0,0.0,0.0,0.107,,,,,,,,,,,,,,,,,,21.0,38.0,,,,,,,,,,,11.0,12.0,11.0,16.0,16.0,23.0,23.0,0.0,0.0,0.0,0.0,0.0,15.6,,266.55,1.02,,237.0,2.0,,0.0,,,,,,,,,,,,,,,,,,,,,,,,,0.0,0.0,0.0,0.0,0.0,0.0,0.0,0.0,0.0,0.0,0.0,0.0,0.0,0.0,,,,,,,,,,,,,16.2,9.999e+20,,,,,,,,,,,,,,,,,,,,,,,,,,,,,9.3,1.6,5.2,6.00266,6.52209,7.11774,7.26802,7.88715,8.18136,8.36052,4.4,8.90334,9.41428,10.3549,10.4522,10.7047,11.3433,12.215,12.9256,13.7035,15.3247,18.2502,9.27624,3.38881,26.0,5.0,2.0,0.0,0.0,0.0,0.0,53.0,2.0,9.999e+20,9.999e+20,9.999e+20,9.999e+20,9.999e+20,,,,,,,,,,,,,,,,,,,,,,,,,,,,,,,,,,,,,,,,,,,,,,,,,,,,,,,,,,,,,,,,,,,,,,,,,,,,,,,,,,,,,,,,,,,,,,,,,,,,,,,,,,,,,,,,,,,,,,,,,,84.0,,936.0,,0.0,0.0,36.4,0.0,,65.0,,,,,,,,,,,,,,,,,,,,,,,,,,,,,,,,,,,,,,,,,,,,,,,,,,,,,,,,,,,,,14.5,12.0,13.5,11.6,14.6,15.9,16.6,17.2,776.0,424.0,584.0,376.0,752.0,968.0,1096.0,1256.0,,,48.0,18.0,,,,,,1.91938,271.99,1.81,,,,,,,,,,,,,,,,,,,,,,,,,,,,,,,266.673,261.97,264.361,264.996,265.229,265.735,265.805,266.215,266.609,266.803,263.113,266.96,267.062,267.278,267.505,267.859,267.964,268.096,269.214,269.416,269.647,271.186,0.0,0.0,0.0,0.0,0.0,98.0,100.0,0.0,9.999e+20,,,260.0,7.3,,1.0,,,1.0,2.0,,,,,,,6582.0,300.0,300.0,300.0,,272.2,,,,,,,,,,,,,,,,,,,,,,,,,,,,,5.2,0.4,2.8,3.2,3.6,4.0,4.4,4.4,4.4,4.8,1.2,4.8,5.2,5.6,5.6,6.4,6.55476,7.02073,7.11985,7.99072,8.75096,10.6566,5.15468,1.96494,1.0,0.0,0.0,0.0,79.0,0.0,39.0,5.0,5.7,6.6,
2026040319,,,,,,,,,,,,,,,,,,,,,,,,,,,,,,,,,0.089,,,,,,,,,,,,,,,,,,,,,,,,,,,,,,,,,,,,,,,,,,,,,,,,,,,,,,,,,,,,,,,,,,,,,,,,,,,,,,,,,,,,,,,,,,,,,,,,,,,,,,,,,,,,,,,,,,,,,,,,,,,,,,,,,,,,,,,,,,,,,,,,,,,,,,,,,,,,,,,,,,,,,,,,,,,,,,,,,,,,,,,,,,,,,,,,,,,,,,,,,,,,,,,,,,,,,,,,,,,,,,,,,,,,,,,,,,,,,,,,,,,,,,,,,,,,,,,,,,,,,,,,,,,,,,,,,,,,,,,,,,,,,,,,,,,,,,,,,,,,,,,,,,,,,,,,,,,,,,,,,,,,,,,,,,,,,,,,,,,,,,,,,,,,,,,,,,,,,,,,,,,,,,,,,,,,,,,,,,,,,,,,,,,,,,,,,,,,,,,,,,,,,,,,,,,,,,,,,,,,,,,,,,,,,,,,,,,,,,,,,,,,,,,,,,,,,,,,,,,,,,,,,,,,,,,,,,,,,,,,,,,,,,,,,,,,,,,,,,,,,,,,,,,,,,,,,,,,,,,,,,,,,,,,,,,,,,,,,,,,,,,,,,,,,,,,,,,,,,,,,,,,,,,,,,,,,,,,,,,,,,,,,,,,,,,,,,,,,,,,,,,,,,,,,,,,,,,,,,,,,,,,,,,,,,,,,,,,,,,,,,,,,,,,,,,,,,,,,,,,,,,,,,,,,,,,,,,,,,,,,,,,,,,,,,,,,,,,,,,,,,,,,,,,,,,,,,,,,,,,,,,,,,,,,,,,,,,,
2026040320,,,,,,,,,,,,,,,,,,,,,,,,,,,,,,,,,0.096,,,,,,,,,,,,,,,,,,,,,,,,,,,,,,,,,,,,,,,,,,,,,,,,,,,,,,,,,,,,,,,,,,,,,,,,,,,,,,,,,,,,,,,,,,,,,,,,,,,,,,,,,,,,,,,,,,,,,,,,,,,,,,,,,,,,,,,,,,,,,,,,,,,,,,,,,,,,,,,,,,,,,,,,,,,,,,,,,,,,,,,,,,,,,,,,,,,,,,,,,,,,,,,,,,,,,,,,,,,,,,,,,,,,,,,,,,,,,,,,,,,,,,,,,,,,,,,,,,,,,,,,,,,,,,,,,,,,,,,,,,,,,,,,,,,,,,,,,,,,,,,,,,,,,,,,,,,,,,,,,,,,,,,,,,,,,,,,,,,,,,,,,,,,,,,,,,,,,,,,,,,,,,,,,,,,,,,,,,,,,,,,,,,,,,,,,,,,,,,,,,,,,,,,,,,,,,,,,,,,,,,,,,,,,,,,,,,,,,,,,,,,,,,,,,,,,,,,,,,,,,,,,,,,,,,,,,,,,,,,,,,,,,,,,,,,,,,,,,,,,,,,,,,,,,,,,,,,,,,,,,,,,,,,,,,,,,,,,,,,,,,,,,,,,,,,,,,,,,,,,,,,,,,,,,,,,,,,,,,,,,,,,,,,,,,,,,,,,,,,,,,,,,,,,,,,,,,,,,,,,,,,,,,,,,,,,,,,,,,,,,,,,,,,,,,,,,,,,,,,,,,,,,,,,,,,,,,,,,,,,,,,,,,,,,,,,,,,,,,,,,,,,,,,,,,,,,,,,,,,,,,,,,,,,,,,,,,,
2026040321,,,,,,,,,,,,,,,,,,,,,,,,,,,,,,,,,0.107,,,,,,,,,,,,,,,,,,,,,,,,,,,,,,,,,,,,,,,,,,,,,,,,,,,,,,,,,,,,,,,,,,,,,,,,,,,,,,,,,,,,,,,,,,,,,,,,,,,,,,,,,,,,,,,,,,,,,,,,,,,,,,,,,,,,,,,,,,,,,,,,,,,,,,,,,,,,,,,,,,,,,,,,,,,,,,,,,,,,,,,,,,,,,,,,,,,,,,,,,,,,,,,,,,,,,,,,,,,,,,,,,,,,,,,,,,,,,,,,,,,,,,,,,,,,,,,,,,,,,,,,,,,,,,,,,,,,,,,,,,,,,,,,,,,,,,,,,,,,,,,,,,,,,,,,,,,,,,,,,,,,,,,,,,,,,,,2.8,5.99074,6.73892,6.90105,7.43982,8.03106,8.61879,9.11826,9.29389,5.2,9.80862,10.2953,10.7702,11.3263,11.6787,11.9426,12.3018,12.8677,13.6382,16.6514,17.752,9.71048,3.37373,34.0,6.0,1.0,0.0,0.0,0.0,0.0,63.0,,,,,,,,,,,,,,,,,,,,,,,,,,,,,,,,,,,,,,,,,,,,,,,,,,,,,,,,,,,,,,,,,,,,,,,,,,,,,,,,,,,,,,,,,,,,,,,,,,,,,,,,,,,,,,,,,,,,,,,,,,,,,,,,,,,,,,,,,,,,,,,,,,,,,,,,,,,,,,,,,,,,,,,,,,,,,,,,,,,,,,,,,,,,,,,,,,,,,,,,,,,,,,,,,,,,,,,,,,,,,,,,,,,,,,,,,,,,,,,,,,,,,,,,,,,,,,,,,,,,,,,,,,,,,,,,,,,,,,,,,,,,,,,,,,,,,,,,,,,,,,,,,,,,,,,,,,,,,,,,,,,,,,,,,,,,,,,,,,1.2,3.2,4.0,4.0,4.4,4.8,4.8,5.2,5.2,2.8,5.6,5.6,6.0,6.4,6.84509,7.00926,7.10056,7.59104,8.10838,9.56597,10.0622,5.62481,1.92372,0.0,0.0,0.0,0.0,87.0,0.0,46.0,7.0,,,
2026040322,,,,,,,,,,,,,,,,,,,,,,,,,,,,,,,,,0.102,,,,,,,,,,,,,,,,,,,,,,,,,,,,,,,,,,,,,,,,,,,,,,,,,,,,,,,,,,,,,,,,,,,,,,,,,,,,,,,,,,,,,,,,,,,,,,,,,,,,,,,,,,,,,,,,,,,,,,,,,,,,,,,,,,,,,,,,,,,,,,,,,,,,,,,,,,,,,,,,,,,,,,,,,,,,,,,,,,,,,,,,,,,,,,,,,,,,,,,,,,,,,,,,,,,,,,,,,,,,,,,,,,,,,,,,,,,,,,,,,,,,,,,,,,,,,,,,,,,,,,,,,,,,,,,,,,,,,,,,,,,,,,,,,,,,,,,,,,,,,,,,,,,,,,,,,,,,,,,,,,,,,,,,,,,,,,,,,,,,,,,,,,,,,,,,,,,,,,,,,,,,,,,,,,,,,,,,,,,,,,,,,,,,,,,,,,,,,,,,,,,,,,,,,,,,,,,,,,,,,,,,,,,,,,,,,,,,,,,,,,,,,,,,,,,,,,,,,,,,,,,,,,,,,,,,,,,,,,,,,,,,,,,,,,,,,,,,,,,,,,,,,,,,,,,,,,,,,,,,,,,,,,,,,,,,,,,,,,,,,,,,,,,,,,,,,,,,,,,,,,,,,,,,,,,,,,,,,,,,,,,,,,,,,,,,,,,,,,,,,,,,,,,,,,,,,,,,,,,,,,,,,,,,,,,,,,,,,,,,,,,,,,,,,,,,,,,,,,,,,,,,,,,,,,,,,,,,,,,,,,,,,,,,,,,,,,,,,,,,,,,,,,,,,,,,,,,,,,,,,,,,,,,,,,,,,,,,
2026040323,,,,,,,,,,,,,,,,,,,,,,,,,,,,,,,,,0.129,,,,,,,,,,,,,,,,,,,,,,,,,,,,,,,,,,,,,,,,,,,,,,,,,,,,,,,,,,,,,,,,,,,,,,,,,,,,,,,,,,,,,,,,,,,,,,,,,,,,,,,,,,,,,,,,,,,,,,,,,,,,,,,,,,,,,,,,,,,,,,,,,,,,,,,,,,,,,,,,,,,,,,,,,,,,,,,,,,,,,,,,,,,,,,,,,,,,,,,,,,,,,,,,,,,,,,,,,,,,,,,,,,,,,,,,,,,,,,,,,,,,,,,,,,,,,,,,,,,,,,,,,,,,,,,,,,,,,,,,,,,,,,,,,,,,,,,,,,,,,,,,,,,,,,,,,,,,,,,,,,,,,,,,,,,,,,,,,,,,,,,,,,,,,,,,,,,,,,,,,,,,,,,,,,,,,,,,,,,,,,,,,,,,,,,,,,,,,,,,,,,,,,,,,,,,,,,,,,,,,,,,,,,,,,,,,,,,,,,,,,,,,,,,,,,,,,,,,,,,,,,,,,,,,,,,,,,,,,,,,,,,,,,,,,,,,,,,,,,,,,,,,,,,,,,,,,,,,,,,,,,,,,,,,,,,,,,,,,,,,,,,,,,,,,,,,,,,,,,,,,,,,,,,,,,,,,,,,,,,,,,,,,,,,,,,,,,,,,,,,,,,,,,,,,,,,,,,,,,,,,,,,,,,,,,,,,,,,,,,,,,,,,,,,,,,,,,,,,,,,,,,,,,,,,,,,,,,,,,,,,,,,,,,,,,,,,,,,,,,,,,,,,,,,,,,,,,,,,,,,,,,,,,,,,,,,,,,
2026040400,1.355,0.0,0.0,0.0,0.0,0.0,0.0,0.0,0.0,0.149,0.0,0.343,0.539,0.782,1.041,1.379,1.719,2.316,2.92,3.916,5.758,11.85,53.0,0.0,1.0,0.0,0.0,18.0,0.0,0.0,4.0,0.0,0.122,,3.621,0.0,0.0,0.0,0.0,0.0,0.179,0.446,0.799,1.188,0.0,1.574,2.008,2.598,3.175,3.881,4.799,5.87,7.391,9.219,13.902,29.459,69.0,0.0,6.0,0.0,0.0,0.0,1.0,0.0,18.0,0.0,,,,,,,,,,,,,,,,,,,,,,,,,,,,,,,,,0.762,0.0,0.0,0.0,0.0,0.0,0.0,0.0,0.0,0.0,0.0,0.013,0.158,0.313,0.443,0.628,0.874,1.173,1.565,2.064,3.313,7.373,42.0,0.0,0.0,7.0,0.0,0.0,0.0,2.0,0.0,0.0,,,,,,,,,,,,,,,,,,,,,,,,,,,,,,,,,268.16,,,,,,,,,,,,,,,,,,,0.015,0.0,0.0,0.0,0.0,0.013,0.043,0.069,40.0,18.0,10.0,4.0,2.0,1.0,0.0,0.0,0.0,0.0,0.074,0.0,0.02,0.0,0.069,0.114,0.155,0.18,72.0,59.0,31.0,11.0,5.0,0.0,0.0,0.0,0.0,0.0,0.008,0.0,0.0,0.0,0.0,0.008,0.013,0.033,33.0,7.0,4.0,1.0,1.0,1.0,1.0,0.0,0.0,0.0,0.112,0.02,0.058,0.013,0.107,0.14,0.188,0.241,88.0,51.0,22.0,9.0,2.0,0.0,0.0,0.0,0.0,0.0,23.0,39.0,,,,,,,,,,,13.0,14.0,13.0,16.0,17.0,19.0,19.0,0.0,0.0,0.0,0.0,0.0,15.7,,266.6,2.5,,520.0,1.0,,0.0,0.0,0.0,0.0,0.0,0.0,0.0,0.0,0.0,0.0,0.0,0.0,0.0,0.0,0.0,0.0,0.0,0.0,0.0,0.0,0.0,0.0,0.0,0.0,0.0,0.0,0.0,0.0,0.0,0.0,0.0,0.0,0.0,0.0,0.0,0.0,0.0,0.0,0.0,0.0,0.0,0.0,0.0,0.0,0.0,0.0,0.0,0.0,0.0,0.0,0.0,18.0,9.999e+20,,,,,,,,,,,,,,,,,,,,,,,,,,,,,9.6,2.0,6.0,6.4,6.8,7.2,7.6,8.33022,8.63166,9.05058,5.2,9.7394,9.89138,10.6698,10.935,11.1611,11.6922,11.9237,12.6286,13.566,14.9845,17.6577,9.61989,3.01807,29.0,4.0,2.0,0.0,0.0,0.0,0.0,60.0,2.0,9.999e+20,9.999e+20,9.999e+20,9.999e+20,9.999e+20,,,,,,,,,,,,,,,,,,,,,,,,,,,,,,,,,,,,,,,,,,,,,,,,,,,,,,,,,,,,,,,,,,,,,,,,,,,,,,,,,,,,,,,,,,,,,,,,,,,,,,,,,,,,,,,,,,,,,,,,,,,,1000.0,1.0,1.2,0.0,36.4,0.0,,61.0,,,,,,,,,,,,,,,,,,,,,,,,,,,,,,,,,,,,,,,,,,,,,,,,,,,,,,,,,,,,,13.2,9.3,11.8,8.4,13.6,14.9,15.5,16.4,992.0,656.0,792.0,536.0,960.0,1160.0,1344.0,1536.0,,,44.0,15.0,,273.84,2.9,,,,273.38,2.97,,,,,,,,,,,,,,,,,,,,,,,,,,,,,,,,,,,,,,,,,,,,,,,,,,,,,,,,,,,,,9.999e+20,,,270.0,7.2,6.0,,,,,2.0,,,,,,,6844.0,270.0,270.0,270.0,,272.0,,,,,,,,,,,,,,,,,,,,,,,,,,,,,5.3,0.8,3.2,3.6,3.6,4.0,4.4,4.8,5.2,5.2,2.8,5.6,5.6,6.0,6.0,6.4,6.4,6.8,7.2,7.75418,8.10287,9.51007,5.33967,1.55809,0.0,0.0,0.0,0.0,83.0,0.0,43.0,4.0,6.1,6.9,
2026040401,,,,,,,,,,,,,,,,,,,,,,,,,,,,,,,,,0.098,,,,,,,,,,,,,,,,,,,,,,,,,,,,,,,,,,,,,,,,,,,,,,,,,,,,,,,,,,,,,,,,,,,,,,,,,,,,,,,,,,,,,,,,,,,,,,,,,,,,,,,,,,,,,,,,,,,,,,,,,,,,,,,,,,,,,,,,,,,,,,,,,,,,,,,,,,,,,,,,,,,,,,,,,,,,,,,,,,,,,,,,,,,,,,,,,,,,,,,,,,,,,,,,,,,,,,,,,,,,,,,,,,,,,,,,,,,,,,,,,,,,,,,,,,,,,,,,,,,,,,,,,,,,,,,,,,,,,,,,,,,,,,,,,,,,,,,,,,,,,,,,,,,,,,,,,,,,,,,,,,,,,,,,,,,,,,,,,,,,,,,,,,,,,,,,,,,,,,,,,,,,,,,,,,,,,,,,,,,,,,,,,,,,,,,,,,,,,,,,,,,,,,,,,,,,,,,,,,,,,,,,,,,,,,,,,,,,,,,,,,,,,,,,,,,,,,,,,,,,,,,,,,,,,,,,,,,,,,,,,,,,,,,,,,,,,,,,,,,,,,,,,,,,,,,,,,,,,,,,,,,,,,,,,,,,,,,,,,,,,,,,,,,,,,,,,,,,,,,,,,,,,,,,,,,,,,,,,,,,,,,,,,,,,,,,,,,,,,,,,,,,,,,,,,,,,,,,,,,,,,,,,,,,,,,,,,,,,,,,,,,,,,,,,,,,,,,,,,,,,,,,,,,,,,,,,,,,,,,,,,,,,,,,,,,,,,,,,,,,,,,,,,,,,,,,,,,,,,,,,,,,,,,,,,,,,,,,
2026040402,,,,,,,,,,,,,,,,,,,,,,,,,,,,,,,,,0.107,,,,,,,,,,,,,,,,,,,,,,,,,,,,,,,,,,,,,,,,,,,,,,,,,,,,,,,,,,,,,,,,,,,,,,,,,,,,,,,,,,,,,,,,,,,,,,,,,,,,,,,,,,,,,,,,,,,,,,,,,,,,,,,,,,,,,,,,,,,,,,,,,,,,,,,,,,,,,,,,,,,,,,,,,,,,,,,,,,,,,,,,,,,,,,,,,,,,,,,,,,,,,,,,,,,,,,,,,,,,,,,,,,,,,,,,,,,,,,,,,,,,,,,,,,,,,,,,,,,,,,,,,,,,,,,,,,,,,,,,,,,,,,,,,,,,,,,,,,,,,,,,,,,,,,,,,,,,,,,,,,,,,,,,,,,,,,,,,,,,,,,,,,,,,,,,,,,,,,,,,,,,,,,,,,,,,,,,,,,,,,,,,,,,,,,,,,,,,,,,,,,,,,,,,,,,,,,,,,,,,,,,,,,,,,,,,,,,,,,,,,,,,,,,,,,,,,,,,,,,,,,,,,,,,,,,,,,,,,,,,,,,,,,,,,,,,,,,,,,,,,,,,,,,,,,,,,,,,,,,,,,,,,,,,,,,,,,,,,,,,,,,,,,,,,,,,,,,,,,,,,,,,,,,,,,,,,,,,,,,,,,,,,,,,,,,,,,,,,,,,,,,,,,,,,,,,,,,,,,,,,,,,,,,,,,,,,,,,,,,,,,,,,,,,,,,,,,,,,,,,,,,,,,,,,,,,,,,,,,,,,,,,,,,,,,,,,,,,,,,,,,,,,,,,,,,,,,,,,,,,,,,,,,,,,,,,,,,
2026040403,,,,,,,,,,,,,,,,,,,,,,,,,,,,,,,,,0.093,,,,,,,,,,,,,,,,,,,,,,,,,,,,,,,,,,,,,,,,,,,,,,,,,,,,,,,,,,,,,,,,,,,,,,,,,,,,,,,,,,,,,,,,,,,,,,,,,,,,,,,,,,,,,,,,,,,,,,,,,,,,,,,,,,,,,,,,,,,,,,,,,,,,,,,,,,,,,,,,,,,,,,,,,,,,,,,,,,,,,,,,,,,,,,,,,,,,,,,,,,,,,,,,,,,,,,,,,,,,,,,,,,,,,,,,,,,,,,,,,,,,,,,,,,,,,,,,,,,,,,,,,,,,,,,,,,,,,,,,,,,,,,,,,,,,,,,,,,,,,,,,,,,,,,,,,,,,,,,,,,,,,,,,,,,,,,,,,,,,,,,,,,,,,,,,,,,,,,,,,,,,,,,,,,,,,,,,,,,,,,,,,,,,,,,,,,,,,,,,,,,,,,,,,,,,,,,,,,,,,,,,,,,,,,,,,,,,,,,,,,,,,,,,,,,,,,,,,,,,,,,,,,,,,,,,,,,,,,,,,,,,,,,,,,,,,,,,,,,,,,,,,,,,,,,,,,,,,,,,,,,,,,,,,,,,,,,,,,,,,,,,,,,,,,,,,,,,,,,,,,,,,,,,,,,,,,,,,,,,,,,,,,,,,,,,,,,,,,,,,,,,,,,,,,,,,,,,,,,,,,,,,,,,,,,,,,,,,,,,,,,,,,,,,,,,,,,,,,,,,,,,,,,,,,,,,,,,,,,,,,,,,,,,,,,,,,,,,,,,,,,,,,,,,,,,,,,,,,,,,,,,,,,,,,,,,,,,
2026040404,,,,,,,,,,,,,,,,,,,,,,,,,,,,,,,,,0.092,,,,,,,,,,,,,,,,,,,,,,,,,,,,,,,,,,,,,,,,,,,,,,,,,,,,,,,,,,,,,,,,,,,,,,,,,,,,,,,,,,,,,,,,,,,,,,,,,,,,,,,,,,,,,,,,,,,,,,,,,,,,,,,,,,,,,,,,,,,,,,,,,,,,,,,,,,,,,,,,,,,,,,,,,,,,,,,,,,,,,,,,,,,,,,,,,,,,,,,,,,,,,,,,,,,,,,,,,,,,,,,,,,,,,,,,,,,,,,,,,,,,,,,,,,,,,,,,,,,,,,,,,,,,,,,,,,,,,,,,,,,,,,,,,,,,,,,,,,,,,,,,,,,,,,,,,,,,,,,,,,,,,,,,,,,,,,,,,,,,,,,,,,,,,,,,,,,,,,,,,,,,,,,,,,,,,,,,,,,,,,,,,,,,,,,,,,,,,,,,,,,,,,,,,,,,,,,,,,,,,,,,,,,,,,,,,,,,,,,,,,,,,,,,,,,,,,,,,,,,,,,,,,,,,,,,,,,,,,,,,,,,,,,,,,,,,,,,,,,,,,,,,,,,,,,,,,,,,,,,,,,,,,,,,,,,,,,,,,,,,,,,,,,,,,,,,,,,,,,,,,,,,,,,,,,,,,,,,,,,,,,,,,,,,,,,,,,,,,,,,,,,,,,,,,,,,,,,,,,,,,,,,,,,,,,,,,,,,,,,,,,,,,,,,,,,,,,,,,,,,,,,,,,,,,,,,,,,,,,,,,,,,,,,,,,,,,,,,,,,,,,,,,,,,,,,,,,,,,,,,,,,,,,,,,,,,,,,
2026040405,,,,,,,,,,,,,,,,,,,,,,,,,,,,,,,,,0.08,,,,,,,,,,,,,,,,,,,,,,,,,,,,,,,,,,,,,,,,,,,,,,,,,,,,,,,,,,,,,,,,,,,,,,,,,,,,,,,,,,,,,,,,,,,,,,,,,,,,,,,,,,,,,,,,,,,,,,,,,,,,,,,,,,,,,,,,,,,,,,,,,,,,,,,,,,,,,,,,,,,,,,,,,,,,,,,,,,,,,,,,,,,,,,,,,,,,,,,,,,,,,,,,,,,,,,,,,,,,,,,,,,,,,,,,,,,,,,,,,,,,,,,,,,,,,,,,,,,,,,,,,,,,,,,,,,,,,,,,,,,,,,,,,,,,,,,,,,,,,,,,,,,,,,,,,,,,,,,,,,,,,,,,,,,,,,,,,,,,,,,,,,,,,,,,,,,,,,,,,,,,,,,,,,,,,,,,,,,,,,,,,,,,,,,,,,,,,,,,,,,,,,,,,,,,,,,,,,,,,,,,,,,,,,,,,,,,,,,,,,,,,,,,,,,,,,,,,,,,,,,,,,,,,,,,,,,,,,,,,,,,,,,,,,,,,,,,,,,,,,,,,,,,,,,,,,,,,,,,,,,,,,,,,,,,,,,,,,,,,,,,,,,,,,,,,,,,,,,,,,,,,,,,,,,,,,,,,,,,,,,,,,,,,,,,,,,,,,,,,,,,,,,,,,,,,,,,,,,,,,,,,,,,,,,,,,,,,,,,,,,,,,,,,,,,,,,,,,,,,,,,,,,,,,,,,,,,,,,,,,,,,,,,,,,,,,,,,,,,,,,,,,,,,,,,,,,,,,,,,,,,,,,,,,,,,,,,
2026040406,1.113,0.0,0.0,0.0,0.0,0.0,0.0,0.0,0.0,0.0,0.0,0.001,0.173,0.386,0.669,0.944,1.317,1.727,2.309,3.313,5.292,10.979,43.0,0.0,1.0,0.0,0.0,14.0,0.0,0.0,3.0,0.0,0.054,,,,,,,,,,,,,,,,,,,,,,,,,,,,,,,,,,,,,,,,,,,,,,,,,,,,,,,,,,,,,,,,,,0.0,0.0,0.0,0.0,0.0,0.0,0.0,0.0,0.0,0.0,0.0,0.0,0.0,0.0,0.0,0.0,0.079,0.323,0.708,1.27,2.215,5.303,21.0,0.0,0.0,4.0,0.0,0.0,0.0,1.0,0.0,0.0,,,,,,,,,,,,,,,,,,,,,,,,,,,,,,,,,264.78,,,,,,,,,,,,,,,,,,,0.015,,,,,,,,,,,,,,,,,,0.064,,,,,,,,,,,,,,,,,,0.003,0.0,0.0,0.0,0.0,0.0,0.003,0.033,12.0,6.0,2.0,1.0,1.0,0.0,0.0,0.0,0.0,0.0,0.112,,,,,,,,,,,,,,,,,,1.0,1.0,,,,,,,,,,,12.0,12.0,12.0,15.0,17.0,21.0,21.0,0.0,0.0,0.0,0.0,0.0,15.4,,266.54,2.12,,51.0,3.0,,0.0,,,,,,,,,,,,,,,,,,,,,,,,,0.0,0.0,0.0,0.0,0.0,0.0,0.0,0.0,0.0,0.0,0.0,0.0,0.0,0.0,,,,,,,,,,,,,18.2,9.999e+20,13.245,7.34675,9.85234,10.0165,10.3658,11.0595,10.9435,11.4873,12.0655,12.2235,9.20628,12.9442,13.5266,13.7605,14.3551,14.9869,15.2541,15.7714,16.3705,17.3443,19.9269,21.5018,67.0,10.0,2.0,0.0,0.0,0.0,6.7,1.6,3.6,4.0,4.4,4.8,5.2,5.64575,5.77607,6.33161,2.8,6.37802,6.86124,6.99757,7.53613,7.6833,8.2511,8.52835,9.092,9.53545,10.453,17.826,6.72702,3.0311,4.0,2.0,1.0,0.0,0.0,0.0,0.0,20.0,2.0,9.999e+20,9.999e+20,9.999e+20,9.999e+20,9.999e+20,,,,,,,,,,,,,,,,,,,,,,,,,,,,,,,,,,,,,,,,,,,,,,,,,,,,,,,,,,,,,,,,,,,,,,,,,,,,,,,,,,,,,,,,,,,,,,,,,,,,,,,,,,,,,,,,,,,,,,,,,,,61.0,192.0,,0.0,0.0,16.8,0.0,,80.0,,,,,,,,,,,,,,,,,,,,,,,,,,,,,,,,,,,,,,,,,,,,,,,,,,,,,,,,,,,,,14.0,10.4,12.7,10.0,14.4,15.3,16.6,17.1,824.0,544.0,696.0,456.0,800.0,976.0,1176.0,1352.0,,,34.0,16.0,,,,,,2.31061,269.69,2.25,274.157,270.629,271.496,271.72,272.085,272.458,272.882,273.077,273.416,273.745,271.431,274.031,274.265,274.502,274.727,275.422,275.649,276.113,276.481,277.424,278.94,282.444,0.0,2.0,34.0,0.0,0.0,0.0,0.0,0.0,,,,,,,,,,,,,,,,,,,,,,,,,,,,,,,9.999e+20,,,280.0,5.5,,,,,,3.0,,,,,,,758.0,260.0,260.0,260.0,,270.1,7.56636,4.8,5.6,6.0,6.0,6.4,6.4,6.94387,6.98836,7.02026,5.2,7.45177,7.49771,7.93845,8.00519,8.08402,8.53922,8.6306,8.72124,9.19016,10.5916,11.1954,1.0,0.0,0.0,0.0,89.0,15.0,3.7,0.4,2.0,2.0,2.4,2.4,2.8,3.2,3.2,3.6,1.2,3.6,3.6,4.0,4.0,4.4,4.4,4.8,5.2,5.2,6.0,8.4317,3.6687,1.38803,0.0,0.0,0.0,0.0,47.0,0.0,6.0,1.0,4.1,4.5,
2026040407,,,,,,,,,,,,,,,,,,,,,,,,,,,,,,,,,0.051,,,,,,,,,,,,,,,,,,,,,,,,,,,,,,,,,,,,,,,,,,,,,,,,,,,,,,,,,,,,,,,,,,,,,,,,,,,,,,,,,,,,,,,,,,,,,,,,,,,,,,,,,,,,,,,,,,,,,,,,,,,,,,,,,,,,,,,,,,,,,,,,,,,,,,,,,,,,,,,,,,,,,,,,,,,,,,,,,,,,,,,,,,,,,,,,,,,,,,,,,,,,,,,,,,,,,,,,,,,,,,,,,,,,,,,,,,,,,,,,,,,,,,,,,,,,,,,,,,,,,,,,,,,,,,,,,,,,,,,,,,,,,,,,,,,,,,,,,,,,,,,,,,,,,,,,,,,,,,,,,,,,,,,,,,,,,,,,,,,,,,,,,,,,,,,,,,,,,,,,,,,,,,,,,,,,,,,,,,,,,,,,,,,,,,,,,,,,,,,,,,,,,,,,,,,,,,,,,,,,,,,,,,,,,,,,,,,,,,,,,,,,,,,,,,,,,,,,,,,,,,,,,,,,,,,,,,,,,,,,,,,,,,,,,,,,,,,,,,,,,,,,,,,,,,,,,,,,,,,,,,,,,,,,,,,,,,,,,,,,,,,,,,,,,,,,,,,,,,,,,,,,,,,,,,,,,,,,,,,,,,,,,,,,,,,,,,,,,,,,,,,,,,,,,,,,,,,,,,,,,,,,,,,,,,,,,,,,,,,,,,,,,,,,,,,,,,,,,,,,,,,,,,,,,,,,,,,,,,,,,,,,,,,,,,,,,,,,,,,,,,,,,,,,,,,,,,,,,,,,,,,,,,,,,,,,,,,,
2026040408,,,,,,,,,,,,,,,,,,,,,,,,,,,,,,,,,0.059,,,,,,,,,,,,,,,,,,,,,,,,,,,,,,,,,,,,,,,,,,,,,,,,,,,,,,,,,,,,,,,,,,,,,,,,,,,,,,,,,,,,,,,,,,,,,,,,,,,,,,,,,,,,,,,,,,,,,,,,,,,,,,,,,,,,,,,,,,,,,,,,,,,,,,,,,,,,,,,,,,,,,,,,,,,,,,,,,,,,,,,,,,,,,,,,,,,,,,,,,,,,,,,,,,,,,,,,,,,,,,,,,,,,,,,,,,,,,,,,,,,,,,,,,,,,,,,,,,,,,,,,,,,,,,,,,,,,,,,,,,,,,,,,,,,,,,,,,,,,,,,,,,,,,,,,,,,,,,,,,,,,,,,,,,,,,,,,,,,,,,,,,,,,,,,,,,,,,,,,,,,,,,,,,,,,,,,,,,,,,,,,,,,,,,,,,,,,,,,,,,,,,,,,,,,,,,,,,,,,,,,,,,,,,,,,,,,,,,,,,,,,,,,,,,,,,,,,,,,,,,,,,,,,,,,,,,,,,,,,,,,,,,,,,,,,,,,,,,,,,,,,,,,,,,,,,,,,,,,,,,,,,,,,,,,,,,,,,,,,,,,,,,,,,,,,,,,,,,,,,,,,,,,,,,,,,,,,,,,,,,,,,,,,,,,,,,,,,,,,,,,,,,,,,,,,,,,,,,,,,,,,,,,,,,,,,,,,,,,,,,,,,,,,,,,,,,,,,,,,,,,,,,,,,,,,,,,,,,,,,,,,,,,,,,,,,,,,,,,,,,,,,,,,,,,,,,,,,,,,,,,,,,,,,,,,,,,,
2026040409,,,,,,,,,,,,,,,,,,,,,,,,,,,,,,,,,0.053,,,,,,,,,,,,,,,,,,,,,,,,,,,,,,,,,,,,,,,,,,,,,,,,,,,,,,,,,,,,,,,,,,,,,,,,,,,,,,,,,,,,,,,,,,,,,,,,,,,,,,,,,,,,,,,,,,,,,,,,,,,,,,,,,,,,,,,,,,,,,,,,,,,,,,,,,,,,,,,,,,,,,,,,,,,,,,,,,,,,,,,,,,,,,,,,,,,,,,,,,,,,,,,,,,,,,,,,,,,,,,,,,,,,,,,,,,,,,,,,,,,,,,,,,,,,,,,,,,,,,,,,,,,,,,,,,,,,,,,,,,,,,,,,,,,,,,,,,,,,,,,,,,,,,,,,,,,,,,,,,,,,,,,,,,,,,,,,,,,,,,,,,,,,,,,,,,,,,,,,,,,,,,,,,,,,,,,,,,,,,,,,,,,,,,,,,,,,,,,,,,,,,,,,,,,,,,,,,,,,,,,,,,,,,,,,,,,,,,,,,,,,,,,,,,,,,,,,,,,,,,,,,,,,,,,,,,,,,,,,,,,,,,,,,,,,,,,,,,,,,,,,,,,,,,,,,,,,,,,,,,,,,,,,,,,,,,,,,,,,,,,,,,,,,,,,,,,,,,,,,,,,,,,,,,,,,,,,,,,,,,,,,,,,,,,,,,,,,,,,,,,,,,,,,,,,,,,,,,,,,,,,,,,,,,,,,,,,,,,,,,,,,,,,,,,,,,,,,,,,,,,,,,,,,,,,,,,,,,,,,,,,,,,,,,,,,,,,,,,,,,,,,,,,,,,,,,,,,,,,,,,,,,,,,,,,,,,,
2026040410,,,,,,,,,,,,,,,,,,,,,,,,,,,,,,,,,0.049,,,,,,,,,,,,,,,,,,,,,,,,,,,,,,,,,,,,,,,,,,,,,,,,,,,,,,,,,,,,,,,,,,,,,,,,,,,,,,,,,,,,,,,,,,,,,,,,,,,,,,,,,,,,,,,,,,,,,,,,,,,,,,,,,,,,,,,,,,,,,,,,,,,,,,,,,,,,,,,,,,,,,,,,,,,,,,,,,,,,,,,,,,,,,,,,,,,,,,,,,,,,,,,,,,,,,,,,,,,,,,,,,,,,,,,,,,,,,,,,,,,,,,,,,,,,,,,,,,,,,,,,,,,,,,,,,,,,,,,,,,,,,,,,,,,,,,,,,,,,,,,,,,,,,,,,,,,,,,,,,,,,,,,,,,,,,,,,,,,,,,,,,,,,,,,,,,,,,,,,,,,,,,,,,,,,,,,,,,,,,,,,,,,,,,,,,,,,,,,,,,,,,,,,,,,,,,,,,,,,,,,,,,,,,,,,,,,,,,,,,,,,,,,,,,,,,,,,,,,,,,,,,,,,,,,,,,,,,,,,,,,,,,,,,,,,,,,,,,,,,,,,,,,,,,,,,,,,,,,,,,,,,,,,,,,,,,,,,,,,,,,,,,,,,,,,,,,,,,,,,,,,,,,,,,,,,,,,,,,,,,,,,,,,,,,,,,,,,,,,,,,,,,,,,,,,,,,,,,,,,,,,,,,,,,,,,,,,,,,,,,,,,,,,,,,,,,,,,,,,,,,,,,,,,,,,,,,,,,,,,,,,,,,,,,,,,,,,,,,,,,,,,,,,,,,,,,,,,,,,,,,,,,,,,,,,,,,,
2026040411,,,,,,,,,,,,,,,,,,,,,,,,,,,,,,,,,0.048,,,,,,,,,,,,,,,,,,,,,,,,,,,,,,,,,,,,,,,,,,,,,,,,,,,,,,,,,,,,,,,,,,,,,,,,,,,,,,,,,,,,,,,,,,,,,,,,,,,,,,,,,,,,,,,,,,,,,,,,,,,,,,,,,,,,,,,,,,,,,,,,,,,,,,,,,,,,,,,,,,,,,,,,,,,,,,,,,,,,,,,,,,,,,,,,,,,,,,,,,,,,,,,,,,,,,,,,,,,,,,,,,,,,,,,,,,,,,,,,,,,,,,,,,,,,,,,,,,,,,,,,,,,,,,,,,,,,,,,,,,,,,,,,,,,,,,,,,,,,,,,,,,,,,,,,,,,,,,,,,,,,,,,,,,,,,,,,,,,,,,,,,,,,,,,,,,,,,,,,,,,,,,,,,,,,,,,,,,,,,,,,,,,,,,,,,,,,,,,,,,,,,,,,,,,,,,,,,,,,,,,,,,,,,,,,,,,,,,,,,,,,,,,,,,,,,,,,,,,,,,,,,,,,,,,,,,,,,,,,,,,,,,,,,,,,,,,,,,,,,,,,,,,,,,,,,,,,,,,,,,,,,,,,,,,,,,,,,,,,,,,,,,,,,,,,,,,,,,,,,,,,,,,,,,,,,,,,,,,,,,,,,,,,,,,,,,,,,,,,,,,,,,,,,,,,,,,,,,,,,,,,,,,,,,,,,,,,,,,,,,,,,,,,,,,,,,,,,,,,,,,,,,,,,,,,,,,,,,,,,,,,,,,,,,,,,,,,,,,,,,,,,,,,,,,,,,,,,,,,,,,,,,,,,,,,,,,,
2026040412,0.658,0.0,0.0,0.0,0.0,0.0,0.0,0.0,0.0,0.0,0.0,0.0,0.0,0.0,0.0,0.076,0.341,0.742,1.22,2.011,3.578,8.743,27.0,0.0,0.0,0.0,0.0,8.0,0.0,0.0,2.0,0.0,0.045,,,,,,,,,,,,,,,,,,,,,,,,,,,,,,,,,,,,,,,,,,,,,,,,,,,,,,,,,,,,,,,,,,0.0,0.0,0.0,0.0,0.0,0.0,0.0,0.0,0.0,0.0,0.0,0.0,0.0,0.0,0.0,0.0,0.0,0.0,0.161,0.573,1.414,5.032,14.0,0.0,0.0,3.0,0.0,0.0,0.0,1.0,0.0,0.0,,,,,,,,,,,,,,,,,,,,,,,,,,,,,,,,,264.55,,,,,,,,,,,,,,,,,,,0.015,0.0,0.0,0.0,0.0,0.01,0.038,0.122,38.0,16.0,7.0,6.0,3.0,2.0,1.0,0.0,0.0,0.0,0.051,0.0,0.005,0.0,0.03,0.064,0.127,0.168,57.0,31.0,15.0,9.0,5.0,0.0,0.0,0.0,0.0,0.0,0.003,0.0,0.0,0.0,0.0,0.0,0.008,0.013,12.0,1.0,1.0,1.0,0.0,0.0,0.0,0.0,0.0,0.0,0.112,0.018,0.051,0.01,0.107,0.14,0.218,0.262,87.0,50.0,22.0,12.0,2.0,0.0,0.0,0.0,0.0,0.0,0.0,1.0,,,,,,,,,,,12.0,16.0,12.0,16.0,21.0,21.0,21.0,0.0,0.0,0.0,0.0,0.0,17.5,,266.04,2.15,,0.0,2.0,,0.0,0.0,0.0,0.0,0.0,0.0,0.0,0.0,0.0,0.0,0.0,0.0,0.0,0.0,0.0,0.0,0.0,0.0,0.0,0.0,0.0,0.0,0.0,0.0,0.0,0.0,0.0,0.0,0.0,0.0,0.0,0.0,0.0,0.0,0.0,0.0,0.0,0.0,0.0,0.0,0.0,0.0,0.0,0.0,0.0,0.0,0.0,0.0,0.0,0.0,0.0,8.0,9.999e+20,,,,,,,,,,,,,,,,,,,,,,,,,,,,,6.11,2.0,3.2,3.6,4.0,4.4,4.8,5.2,5.6,6.0,2.8,6.0,6.4,6.4,6.83725,6.88081,7.38284,7.84482,7.91496,8.37109,9.30464,14.0301,6.12408,2.5808,2.0,1.0,1.0,0.0,0.0,0.0,0.0,7.0,2.0,9.999e+20,9.999e+20,9.999e+20,9.999e+20,9.999e+20,,,,,,,,,,,,,,,,,,,,,,,,,,,,,,,,,,,,,,,,,,,,,,,,,,,,,,,,,,,,,,,,,,,,,,,,,,,,,,,,,,,,,,,,,,,,,,,,,,,,,,,,,,,,,,,,,,,,,,,,,,,,176.0,0.0,0.0,0.0,15.6,0.0,,78.0,,,,,,,,,,,,,,,,,,,,,,,,,,,,,,,,,,,,,,,,,,,,,,,,,,,,,,,,,,,,,13.9,11.0,12.9,8.6,14.4,15.6,16.4,16.9,720.0,416.0,576.0,256.0,712.0,872.0,1136.0,1256.0,,,48.0,10.0,,,,267.84,2.54,,269.37,2.9,,,,,,,,,,,,,,,,,,,,,,,,,,,,,,,,,,,,,,,,,,,,,,,,,,,,,,,,,,,,,9.999e+20,,,260.0,5.0,3.0,,,,,3.0,,,,,,,653.0,260.0,260.0,260.0,,270.2,,,,,,,,,,,,,,,,,,,,,,,,,,,,,3.2,0.8,1.6,2.0,2.4,2.4,2.8,2.8,3.2,3.2,1.2,3.2,3.2,3.6,3.6,3.6,4.0,4.4,4.4,4.8,5.2,7.7434,3.2371,1.33289,0.0,0.0,0.0,0.0,35.0,0.0,3.0,1.0,3.6,4.0,
2026040413,,,,,,,,,,,,,,,,,,,,,,,,,,,,,,,,,0.04,,,,,,,,,,,,,,,,,,,,,,,,,,,,,,,,,,,,,,,,,,,,,,,,,,,,,,,,,,,,,,,,,,,,,,,,,,,,,,,,,,,,,,,,,,,,,,,,,,,,,,,,,,,,,,,,,,,,,,,,,,,,,,,,,,,,,,,,,,,,,,,,,,,,,,,,,,,,,,,,,,,,,,,,,,,,,,,,,,,,,,,,,,,,,,,,,,,,,,,,,,,,,,,,,,,,,,,,,,,,,,,,,,,,,,,,,,,,,,,,,,,,,,,,,,,,,,,,,,,,,,,,,,,,,,,,,,,,,,,,,,,,,,,,,,,,,,,,,,,,,,,,,,,,,,,,,,,,,,,,,,,,,,,,,,,,,,,,,,,,,,,,,,,,,,,,,,,,,,,,,,,,,,,,,,,,,,,,,,,,,,,,,,,,,,,,,,,,,,,,,,,,,,,,,,,,,,,,,,,,,,,,,,,,,,,,,,,,,,,,,,,,,,,,,,,,,,,,,,,,,,,,,,,,,,,,,,,,,,,,,,,,,,,,,,,,,,,,,,,,,,,,,,,,,,,,,,,,,,,,,,,,,,,,,,,,,,,,,,,,,,,,,,,,,,,,,,,,,,,,,,,,,,,,,,,,,,,,,,,,,,,,,,,,,,,,,,,,,,,,,,,,,,,,,,,,,,,,,,,,,,,,,,,,,,,,,,,,,,,,,,,,,,,,,,,,,,,,,,,,,,,,,,,,,,,,,,,,,,,,,,,,,,,,,,,,,,,,,,,,,,,,,,,,,,,,,,,,,,,,,,,,,,,,,,,,,,,,
2026040414,,,,,,,,,,,,,,,,,,,,,,,,,,,,,,,,,0.041,,,,,,,,,,,,,,,,,,,,,,,,,,,,,,,,,,,,,,,,,,,,,,,,,,,,,,,,,,,,,,,,,,,,,,,,,,,,,,,,,,,,,,,,,,,,,,,,,,,,,,,,,,,,,,,,,,,,,,,,,,,,,,,,,,,,,,,,,,,,,,,,,,,,,,,,,,,,,,,,,,,,,,,,,,,,,,,,,,,,,,,,,,,,,,,,,,,,,,,,,,,,,,,,,,,,,,,,,,,,,,,,,,,,,,,,,,,,,,,,,,,,,,,,,,,,,,,,,,,,,,,,,,,,,,,,,,,,,,,,,,,,,,,,,,,,,,,,,,,,,,,,,,,,,,,,,,,,,,,,,,,,,,,,,,,,,,,,,,,,,,,,,,,,,,,,,,,,,,,,,,,,,,,,,,,,,,,,,,,,,,,,,,,,,,,,,,,,,,,,,,,,,,,,,,,,,,,,,,,,,,,,,,,,,,,,,,,,,,,,,,,,,,,,,,,,,,,,,,,,,,,,,,,,,,,,,,,,,,,,,,,,,,,,,,,,,,,,,,,,,,,,,,,,,,,,,,,,,,,,,,,,,,,,,,,,,,,,,,,,,,,,,,,,,,,,,,,,,,,,,,,,,,,,,,,,,,,,,,,,,,,,,,,,,,,,,,,,,,,,,,,,,,,,,,,,,,,,,,,,,,,,,,,,,,,,,,,,,,,,,,,,,,,,,,,,,,,,,,,,,,,,,,,,,,,,,,,,,,,,,,,,,,,,,,,,,,,,,,,,,,,,,,,,,,,,,,,,,,,,,,,,,,,,,,,,,,,,
2026040415,,,,,,,,,,,,,,,,,,,,,,,,,,,,,,,,,0.047,,,,,,,,,,,,,,,,,,,,,,,,,,,,,,,,,,,,,,,,,,,,,,,,,,,,,,,,,,,,,,,,,,,,,,,,,,,,,,,,,,,,,,,,,,,,,,,,,,,,,,,,,,,,,,,,,,,,,,,,,,,,,,,,,,,,,,,,,,,,,,,,,,,,,,,,,,,,,,,,,,,,,,,,,,,,,,,,,,,,,,,,,,,,,,,,,,,,,,,,,,,,,,,,,,,,,,,,,,,,,,,,,,,,,,,,,,,,,,,,,,,,,,,,,,,,,,,,,,,,,,,,,,,,,,,,,,,,,,,,,,,,,,,,,,,,,,,,,,,,,,,,,,,,,,,,,,,,,,,,,,,,,,,,,,,,,,,,,,,,,,,,,,,,,,,,,,,,,,,,,,,,,,,,,,,,,,,,,,,,,,,,,,,,,,,,,,,,,,,,,,,,,,,,,,,,,,,,,,,,,,,,,,,,,,,,,,,,,,,,,,,,,,,,,,,,,,,,,,,,,,,,,,,,,,,,,,,,,,,,,,,,,,,,,,,,,,,,,,,,,,,,,,,,,,,,,,,,,,,,,,,,,,,,,,,,,,,,,,,,,,,,,,,,,,,,,,,,,,,,,,,,,,,,,,,,,,,,,,,,,,,,,,,,,,,,,,,,,,,,,,,,,,,,,,,,,,,,,,,,,,,,,,,,,,,,,,,,,,,,,,,,,,,,,,,,,,,,,,,,,,,,,,,,,,,,,,,,,,,,,,,,,,,,,,,,,,,,,,,,,,,,,,,,,,,,,,,,,,,,,,,,,,,,,,,,,,,,
2026040416,,,,,,,,,,,,,,,,,,,,,,,,,,,,,,,,,0.06,,,,,,,,,,,,,,,,,,,,,,,,,,,,,,,,,,,,,,,,,,,,,,,,,,,,,,,,,,,,,,,,,,,,,,,,,,,,,,,,,,,,,,,,,,,,,,,,,,,,,,,,,,,,,,,,,,,,,,,,,,,,,,,,,,,,,,,,,,,,,,,,,,,,,,,,,,,,,,,,,,,,,,,,,,,,,,,,,,,,,,,,,,,,,,,,,,,,,,,,,,,,,,,,,,,,,,,,,,,,,,,,,,,,,,,,,,,,,,,,,,,,,,,,,,,,,,,,,,,,,,,,,,,,,,,,,,,,,,,,,,,,,,,,,,,,,,,,,,,,,,,,,,,,,,,,,,,,,,,,,,,,,,,,,,,,,,,,,,,,,,,,,,,,,,,,,,,,,,,,,,,,,,,,,,,,,,,,,,,,,,,,,,,,,,,,,,,,,,,,,,,,,,,,,,,,,,,,,,,,,,,,,,,,,,,,,,,,,,,,,,,,,,,,,,,,,,,,,,,,,,,,,,,,,,,,,,,,,,,,,,,,,,,,,,,,,,,,,,,,,,,,,,,,,,,,,,,,,,,,,,,,,,,,,,,,,,,,,,,,,,,,,,,,,,,,,,,,,,,,,,,,,,,,,,,,,,,,,,,,,,,,,,,,,,,,,,,,,,,,,,,,,,,,,,,,,,,,,,,,,,,,,,,,,,,,,,,,,,,,,,,,,,,,,,,,,,,,,,,,,,,,,,,,,,,,,,,,,,,,,,,,,,,,,,,,,,,,,,,,,,,,,,,,,,,,,,,,,,,,,,,,,,,,,,,,,,,,
2026040417,,,,,,,,,,,,,,,,,,,,,,,,,,,,,,,,,0.058,,,,,,,,,,,,,,,,,,,,,,,,,,,,,,,,,,,,,,,,,,,,,,,,,,,,,,,,,,,,,,,,,,,,,,,,,,,,,,,,,,,,,,,,,,,,,,,,,,,,,,,,,,,,,,,,,,,,,,,,,,,,,,,,,,,,,,,,,,,,,,,,,,,,,,,,,,,,,,,,,,,,,,,,,,,,,,,,,,,,,,,,,,,,,,,,,,,,,,,,,,,,,,,,,,,,,,,,,,,,,,,,,,,,,,,,,,,,,,,,,,,,,,,,,,,,,,,,,,,,,,,,,,,,,,,,,,,,,,,,,,,,,,,,,,,,,,,,,,,,,,,,,,,,,,,,,,,,,,,,,,,,,,,,,,,,,,,,,,,,,,,,,,,,,,,,,,,,,,,,,,,,,,,,,,,,,,,,,,,,,,,,,,,,,,,,,,,,,,,,,,,,,,,,,,,,,,,,,,,,,,,,,,,,,,,,,,,,,,,,,,,,,,,,,,,,,,,,,,,,,,,,,,,,,,,,,,,,,,,,,,,,,,,,,,,,,,,,,,,,,,,,,,,,,,,,,,,,,,,,,,,,,,,,,,,,,,,,,,,,,,,,,,,,,,,,,,,,,,,,,,,,,,,,,,,,,,,,,,,,,,,,,,,,,,,,,,,,,,,,,,,,,,,,,,,,,,,,,,,,,,,,,,,,,,,,,,,,,,,,,,,,,,,,,,,,,,,,,,,,,,,,,,,,,,,,,,,,,,,,,,,,,,,,,,,,,,,,,,,,,,,,,,,,,,,,,,,,,,,,,,,,,,,,,,,,,,,,
2026040418,0.595,0.0,0.0,0.0,0.0,0.0,0.0,0.0,0.0,0.0,0.0,0.0,0.0,0.0,0.0,0.0,0.085,0.443,0.973,1.641,3.084,9.779,22.0,0.0,0.0,0.0,0.0,6.0,0.0,0.0,2.0,0.0,0.055,,,,,,,,,,,,,,,,,,,,,,,,,,,,,,,,,,,,,,,,,,,,,,,,,,,,,,,,,,,,,,,,,,0.0,0.0,0.0,0.0,0.0,0.0,0.0,0.0,0.0,0.0,0.0,0.0,0.0,0.0,0.0,0.0,0.0,0.144,0.498,1.044,2.005,6.053,18.0,0.0,0.0,4.0,0.0,0.0,0.0,1.0,0.0,0.0,,,,,,,,,,,,,,,,,,,,,,,,,,,,,,,,,270.03,,,,,,,,,,,,,,,,,,,0.015,,,,,,,,,,,,,,,,,,0.038,,,,,,,,,,,,,,,,,,0.003,0.0,0.0,0.0,0.0,0.0,0.003,0.01,11.0,1.0,1.0,1.0,0.0,0.0,0.0,0.0,0.0,0.0,0.102,,,,,,,,,,,,,,,,,,7.0,5.0,,,,,,,,,,,9.0,14.0,9.0,16.0,20.0,23.0,23.0,0.0,0.0,0.0,0.0,0.0,16.8,,268.19,2.84,,154.0,2.0,,0.0,,,,,,,,,,,,,,,,,,,,,,,,,0.0,0.0,0.0,0.0,0.0,0.0,0.0,0.0,0.0,0.0,0.0,0.0,0.0,0.0,,,,,,,,,,,,,12.2,9.999e+20,,,,,,,,,,,,,,,,,,,,,,,,,,,,,7.4,1.6,4.0,4.8,5.2,5.2,5.62777,5.79671,5.93181,6.40201,2.4,6.6458,7.21424,7.47313,7.70473,8.10718,8.74393,9.40285,10.0976,11.5493,12.5187,16.1807,7.02096,3.00593,11.0,1.0,1.0,0.0,0.0,0.0,0.0,23.0,3.0,9.999e+20,9.999e+20,9.999e+20,9.999e+20,9.999e+20,,,,,,,,,,,,,,,,,,,,,,,,,,,,,,,,,,,,,,,,,,,,,,,,,,,,,,,,,,,,,,,,,,,,,,,,,,,,,,,,,,,,,,,,,,,,,,,,,,,,,,,,,,,,,,,,,,,,,,,,,,80.0,,832.0,,1.2,0.0,20.8,0.0,,65.0,,,,,,,,,,,,,,,,,,,,,,,,,,,,,,,,,,,,,,,,,,,,,,,,,,,,,,,,,,,,,12.5,7.3,11.3,5.0,13.3,14.5,15.8,16.5,920.0,528.0,672.0,432.0,848.0,1088.0,1448.0,1536.0,,,29.0,21.0,,,,,,1.96721,274.18,2.86,,,,,,,,,,,,,,,,,,,,,,,,,,,,,,,267.314,261.578,264.522,264.98,265.52,265.745,266.337,266.515,266.786,266.669,263.854,266.981,267.33,267.421,267.993,267.95,268.67,268.657,269.367,269.651,270.709,271.674,0.0,0.0,0.0,0.0,1.0,97.0,100.0,0.0,9.999e+20,,,210.0,5.6,,,,,,2.0,,,,,,,4457.0,250.0,250.0,250.0,,273.9,,,,,,,,,,,,,,,,,,,,,,,,,,,,,3.8,0.8,1.2,2.0,2.4,2.4,2.8,2.8,3.2,3.6,1.2,3.6,3.6,4.0,4.4,4.4,4.8,5.2,6.0,6.55225,6.75597,8.90814,3.80275,1.88225,1.0,0.0,0.0,0.0,48.0,0.0,16.0,1.0,4.2,4.7,
2026040419,,,,,,,,,,,,,,,,,,,,,,,,,,,,,,,,,0.055,,,,,,,,,,,,,,,,,,,,,,,,,,,,,,,,,,,,,,,,,,,,,,,,,,,,,,,,,,,,,,,,,,,,,,,,,,,,,,,,,,,,,,,,,,,,,,,,,,,,,,,,,,,,,,,,,,,,,,,,,,,,,,,,,,,,,,,,,,,,,,,,,,,,,,,,,,,,,,,,,,,,,,,,,,,,,,,,,,,,,,,,,,,,,,,,,,,,,,,,,,,,,,,,,,,,,,,,,,,,,,,,,,,,,,,,,,,,,,,,,,,,,,,,,,,,,,,,,,,,,,,,,,,,,,,,,,,,,,,,,,,,,,,,,,,,,,,,,,,,,,,,,,,,,,,,,,,,,,,,,,,,,,,,,,,,,,,,,,,,,,,,,,,,,,,,,,,,,,,,,,,,,,,,,,,,,,,,,,,,,,,,,,,,,,,,,,,,,,,,,,,,,,,,,,,,,,,,,,,,,,,,,,,,,,,,,,,,,,,,,,,,,,,,,,,,,,,,,,,,,,,,,,,,,,,,,,,,,,,,,,,,,,,,,,,,,,,,,,,,,,,,,,,,,,,,,,,,,,,,,,,,,,,,,,,,,,,,,,,,,,,,,,,,,,,,,,,,,,,,,,,,,,,,,,,,,,,,,,,,,,,,,,,,,,,,,,,,,,,,,,,,,,,,,,,,,,,,,,,,,,,,,,,,,,,,,,,,,,,,,,,,,,,,,,,,,,,,,,,,,,,,,,,,,,,,,,,,,,,,,,,,,,,,,,,,,,,,,,,,,,,,,,,,,,,,,,,,,,,,,,,,,,,,,,,,,,,,
2026040420,,,,,,,,,,,,,,,,,,,,,,,,,,,,,,,,,0.059,,,,,,,,,,,,,,,,,,,,,,,,,,,,,,,,,,,,,,,,,,,,,,,,,,,,,,,,,,,,,,,,,,,,,,,,,,,,,,,,,,,,,,,,,,,,,,,,,,,,,,,,,,,,,,,,,,,,,,,,,,,,,,,,,,,,,,,,,,,,,,,,,,,,,,,,,,,,,,,,,,,,,,,,,,,,,,,,,,,,,,,,,,,,,,,,,,,,,,,,,,,,,,,,,,,,,,,,,,,,,,,,,,,,,,,,,,,,,,,,,,,,,,,,,,,,,,,,,,,,,,,,,,,,,,,,,,,,,,,,,,,,,,,,,,,,,,,,,,,,,,,,,,,,,,,,,,,,,,,,,,,,,,,,,,,,,,,,,,,,,,,,,,,,,,,,,,,,,,,,,,,,,,,,,,,,,,,,,,,,,,,,,,,,,,,,,,,,,,,,,,,,,,,,,,,,,,,,,,,,,,,,,,,,,,,,,,,,,,,,,,,,,,,,,,,,,,,,,,,,,,,,,,,,,,,,,,,,,,,,,,,,,,,,,,,,,,,,,,,,,,,,,,,,,,,,,,,,,,,,,,,,,,,,,,,,,,,,,,,,,,,,,,,,,,,,,,,,,,,,,,,,,,,,,,,,,,,,,,,,,,,,,,,,,,,,,,,,,,,,,,,,,,,,,,,,,,,,,,,,,,,,,,,,,,,,,,,,,,,,,,,,,,,,,,,,,,,,,,,,,,,,,,,,,,,,,,,,,,,,,,,,,,,,,,,,,,,,,,,,,,,,,,,,,,,,,,,,,,,,,,,,,,,,,,,,,,,,
2026040421,,,,,,,,,,,,,,,,,,,,,,,,,,,,,,,,,0.066,,,,,,,,,,,,,,,,,,,,,,,,,,,,,,,,,,,,,,,,,,,,,,,,,,,,,,,,,,,,,,,,,,,,,,,,,,,,,,,,,,,,,,,,,,,,,,,,,,,,,,,,,,,,,,,,,,,,,,,,,,,,,,,,,,,,,,,,,,,,,,,,,,,,,,,,,,,,,,,,,,,,,,,,,,,,,,,,,,,,,,,,,,,,,,,,,,,,,,,,,,,,,,,,,,,,,,,,,,,,,,,,,,,,,,,,,,,,,,,,,,,,,,,,,,,,,,,,,,,,,,,,,,,,,,,,,,,,,,,,,,,,,,,,,,,,,,,,,,,,,,,,,,,,,,,,,,,,,,,,,,,,,,,,,,,,,,,,,,,,,,,,,,,,,,,,,,,,,,,,,,,,,,,,,,,,,,,,,,,,,,,,,,,,,,,,,,,,,,,,,,,,,,,,,,,,,,,,,,,,,,,,,,,,,,,,,,,,,,,,,,,,,,,,,,,,,,,,,,,,,,,,,,,,,,,,,,,,,,,,,,,,,,,,,,,,,,,,,,,,,,,,,,,,,,,,,,,,,,,,,,,,,,,,,,,,,,,,,,,,,,,,,,,,,,,,,,,,,,,,,,,,,,,,,,,,,,,,,,,,,,,,,,,,,,,,,,,,,,,,,,,,,,,,,,,,,,,,,,,,,,,,,,,,,,,,,,,,,,,,,,,,,,,,,,,,,,,,,,,,,,,,,,,,,,,,,,,,,,,,,,,,,,,,,,,,,,,,,,,,,,,,,,,,,,,,,,,,,,,,,,,,,,,,,,,,,,,,
2026040422,,,,,,,,,,,,,,,,,,,,,,,,,,,,,,,,,0.063,,,,,,,,,,,,,,,,,,,,,,,,,,,,,,,,,,,,,,,,,,,,,,,,,,,,,,,,,,,,,,,,,,,,,,,,,,,,,,,,,,,,,,,,,,,,,,,,,,,,,,,,,,,,,,,,,,,,,,,,,,,,,,,,,,,,,,,,,,,,,,,,,,,,,,,,,,,,,,,,,,,,,,,,,,,,,,,,,,,,,,,,,,,,,,,,,,,,,,,,,,,,,,,,,,,,,,,,,,,,,,,,,,,,,,,,,,,,,,,,,,,,,,,,,,,,,,,,,,,,,,,,,,,,,,,,,,,,,,,,,,,,,,,,,,,,,,,,,,,,,,,,,,,,,,,,,,,,,,,,,,,,,,,,,,,,,,,,,,,,,,,,,,,,,,,,,,,,,,,,,,,,,,,,,,,,,,,,,,,,,,,,,,,,,,,,,,,,,,,,,,,,,,,,,,,,,,,,,,,,,,,,,,,,,,,,,,,,,,,,,,,,,,,,,,,,,,,,,,,,,,,,,,,,,,,,,,,,,,,,,,,,,,,,,,,,,,,,,,,,,,,,,,,,,,,,,,,,,,,,,,,,,,,,,,,,,,,,,,,,,,,,,,,,,,,,,,,,,,,,,,,,,,,,,,,,,,,,,,,,,,,,,,,,,,,,,,,,,,,,,,,,,,,,,,,,,,,,,,,,,,,,,,,,,,,,,,,,,,,,,,,,,,,,,,,,,,,,,,,,,,,,,,,,,,,,,,,,,,,,,,,,,,,,,,,,,,,,,,,,,,,,,,,,,,,,,,,,,,,,,,,,,,,,,,,,,,,,
2026040423,,,,,,,,,,,,,,,,,,,,,,,,,,,,,,,,,0.079,,,,,,,,,,,,,,,,,,,,,,,,,,,,,,,,,,,,,,,,,,,,,,,,,,,,,,,,,,,,,,,,,,,,,,,,,,,,,,,,,,,,,,,,,,,,,,,,,,,,,,,,,,,,,,,,,,,,,,,,,,,,,,,,,,,,,,,,,,,,,,,,,,,,,,,,,,,,,,,,,,,,,,,,,,,,,,,,,,,,,,,,,,,,,,,,,,,,,,,,,,,,,,,,,,,,,,,,,,,,,,,,,,,,,,,,,,,,,,,,,,,,,,,,,,,,,,,,,,,,,,,,,,,,,,,,,,,,,,,,,,,,,,,,,,,,,,,,,,,,,,,,,,,,,,,,,,,,,,,,,,,,,,,,,,,,,,,,,,,,,,,,,,,,,,,,,,,,,,,,,,,,,,,,,,,,,,,,,,,,,,,,,,,,,,,,,,,,,,,,,,,,,,,,,,,,,,,,,,,,,,,,,,,,,,,,,,,,,,,,,,,,,,,,,,,,,,,,,,,,,,,,,,,,,,,,,,,,,,,,,,,,,,,,,,,,,,,,,,,,,,,,,,,,,,,,,,,,,,,,,,,,,,,,,,,,,,,,,,,,,,,,,,,,,,,,,,,,,,,,,,,,,,,,,,,,,,,,,,,,,,,,,,,,,,,,,,,,,,,,,,,,,,,,,,,,,,,,,,,,,,,,,,,,,,,,,,,,,,,,,,,,,,,,,,,,,,,,,,,,,,,,,,,,,,,,,,,,,,,,,,,,,,,,,,,,,,,,,,,,,,,,,,,,,,,,,,,,,,,,,,,,,,,,,,,,,,,,
2026040500,0.832,0.0,0.0,0.0,0.0,0.0,0.0,0.0,0.0,0.0,0.0,0.0,0.0,0.0,0.08,0.367,0.707,1.207,1.735,2.566,4.411,9.615,32.0,0.0,0.0,0.0,0.0,10.0,0.0,0.0,3.0,0.0,0.075,,1.896,0.0,0.0,0.0,0.0,0.0,0.0,0.0,0.0,0.0,0.0,0.0,0.098,0.401,0.793,1.279,1.957,2.772,3.685,5.299,8.725,20.71,43.0,0.0,3.0,0.0,0.0,0.0,1.0,0.0,8.0,0.0,,,,,,,,,,,,,,,,,,,,,,,,,,,,,,,,,0.0,0.0,0.0,0.0,0.0,0.0,0.0,0.0,0.0,0.0,0.0,0.0,0.0,0.0,0.0,0.078,0.264,0.553,0.92,1.441,2.402,5.98,25.0,0.0,0.0,5.0,0.0,0.0,0.0,1.0,0.0,0.0,,,,,,,,,,,,,,,,,,,,,,,,,,,,,,,,,271.57,,,,,,,,,,,,,,,,,,,0.013,0.0,0.0,0.0,0.0,0.003,0.041,0.058,28.0,12.0,7.0,3.0,2.0,1.0,0.0,0.0,0.0,0.0,0.028,0.0,0.0,0.0,0.003,0.033,0.061,0.132,27.0,15.0,7.0,5.0,4.0,0.0,0.0,0.0,0.0,0.0,0.005,0.0,0.0,0.0,0.0,0.0,0.015,0.02,15.0,5.0,1.0,0.0,0.0,0.0,0.0,0.0,0.0,0.0,0.086,0.003,0.025,0.0,0.074,0.119,0.17,0.241,75.0,36.0,17.0,9.0,1.0,0.0,0.0,0.0,0.0,0.0,12.0,11.0,,,,,,,,,,,10.0,13.0,10.0,15.0,22.0,25.0,25.0,0.0,0.0,0.0,0.0,0.0,17.4,,269.32,2.34,,203.0,1.0,,0.0,0.0,0.0,0.0,0.0,0.0,0.0,0.0,0.0,0.0,0.0,0.0,0.0,0.0,0.0,0.0,0.0,0.0,0.0,0.0,0.0,0.0,0.0,0.0,0.0,0.0,0.0,0.0,0.0,0.0,0.0,0.0,0.0,0.0,0.0,0.0,0.0,0.0,0.0,0.0,0.0,0.0,0.0,0.0,0.0,0.0,0.0,0.0,0.0,0.0,0.0,14.0,9.999e+20,,,,,,,,,,,,,,,,,,,,,,,,,,,,,7.9,2.4,4.4,4.8,5.2,5.39848,5.56498,6.23772,6.34781,6.64538,3.2,6.91192,7.41433,7.89184,8.34205,8.9353,9.8667,10.6027,11.2485,12.6823,13.2601,16.9277,7.89307,3.08701,15.0,1.0,1.0,0.0,0.0,0.0,0.0,33.0,3.0,9.999e+20,9.999e+20,9.999e+20,9.999e+20,9.999e+20,,,,,,,,,,,,,,,,,,,,,,,,,,,,,,,,,,,,,,,,,,,,,,,,,,,,,,,,,,,,,,,,,,,,,,,,,,,,,,,,,,,,,,,,,,,,,,,,,,,,,,,,,,,,,,,,,,,,,,,,,,,,936.0,0.0,1.2,0.0,18.4,0.0,,64.0,,,,,,,,,,,,,,,,,,,,,,,,,,,,,,,,,,,,,,,,,,,,,,,,,,,,,,,,,,,,,10.7,4.2,8.4,3.5,11.4,13.2,15.6,15.7,1208.0,776.0,960.0,632.0,1160.0,1440.0,1712.0,1872.0,,,54.0,27.0,,275.76,1.71,,,,275.46,2.37,,,,,,,,,,,,,,,,,,,,,,,,,,,,,,,,,,,,,,,,,,,,,,,,,,,,,,,,,,,,,9.999e+20,,,230.0,6.3,2.0,,,,,2.0,,,,,,,5693.0,250.0,250.0,250.0,,274.0,,,,,,,,,,,,,,,,,,,,,,,,,,,,,4.2,1.2,2.0,2.4,2.8,2.8,3.2,3.2,3.6,4.0,1.6,4.0,4.4,4.4,4.8,5.2,5.2,6.0,6.00306,7.049,7.72626,9.72034,4.20936,1.92549,1.0,0.0,0.0,0.0,60.0,0.0,23.0,2.0,5.0,5.5,
2026040501,,,,,,,,,,,,,,,,,,,,,,,,,,,,,,,,,0.062,,,,,,,,,,,,,,,,,,,,,,,,,,,,,,,,,,,,,,,,,,,,,,,,,,,,,,,,,,,,,,,,,,,,,,,,,,,,,,,,,,,,,,,,,,,,,,,,,,,,,,,,,,,,,,,,,,,,,,,,,,,,,,,,,,,,,,,,,,,,,,,,,,,,,,,,,,,,,,,,,,,,,,,,,,,,,,,,,,,,,,,,,,,,,,,,,,,,,,,,,,,,,,,,,,,,,,,,,,,,,,,,,,,,,,,,,,,,,,,,,,,,,,,,,,,,,,,,,,,,,,,,,,,,,,,,,,,,,,,,,,,,,,,,,,,,,,,,,,,,,,,,,,,,,,,,,,,,,,,,,,,,,,,,,,,,,,,,,,,,,,,,,,,,,,,,,,,,,,,,,,,,,,,,,,,,,,,,,,,,,,,,,,,,,,,,,,,,,,,,,,,,,,,,,,,,,,,,,,,,,,,,,,,,,,,,,,,,,,,,,,,,,,,,,,,,,,,,,,,,,,,,,,,,,,,,,,,,,,,,,,,,,,,,,,,,,,,,,,,,,,,,,,,,,,,,,,,,,,,,,,,,,,,,,,,,,,,,,,,,,,,,,,,,,,,,,,,,,,,,,,,,,,,,,,,,,,,,,,,,,,,,,,,,,,,,,,,,,,,,,,,,,,,,,,,,,,,,,,,,,,,,,,,,,,,,,,,,,,,,,,,,,,,,,,,,,,,,,,,,,,,,,,,,,,,,,,,,,,,,,,,,,,,,,,,,,,,,,,,,,,,,,,,,,,,,,,,,,,,,,,,,,,,,,,,,,,,,
2026040502,,,,,,,,,,,,,,,,,,,,,,,,,,,,,,,,,0.07,,,,,,,,,,,,,,,,,,,,,,,,,,,,,,,,,,,,,,,,,,,,,,,,,,,,,,,,,,,,,,,,,,,,,,,,,,,,,,,,,,,,,,,,,,,,,,,,,,,,,,,,,,,,,,,,,,,,,,,,,,,,,,,,,,,,,,,,,,,,,,,,,,,,,,,,,,,,,,,,,,,,,,,,,,,,,,,,,,,,,,,,,,,,,,,,,,,,,,,,,,,,,,,,,,,,,,,,,,,,,,,,,,,,,,,,,,,,,,,,,,,,,,,,,,,,,,,,,,,,,,,,,,,,,,,,,,,,,,,,,,,,,,,,,,,,,,,,,,,,,,,,,,,,,,,,,,,,,,,,,,,,,,,,,,,,,,,,,,,,,,,,,,,,,,,,,,,,,,,,,,,,,,,,,,,,,,,,,,,,,,,,,,,,,,,,,,,,,,,,,,,,,,,,,,,,,,,,,,,,,,,,,,,,,,,,,,,,,,,,,,,,,,,,,,,,,,,,,,,,,,,,,,,,,,,,,,,,,,,,,,,,,,,,,,,,,,,,,,,,,,,,,,,,,,,,,,,,,,,,,,,,,,,,,,,,,,,,,,,,,,,,,,,,,,,,,,,,,,,,,,,,,,,,,,,,,,,,,,,,,,,,,,,,,,,,,,,,,,,,,,,,,,,,,,,,,,,,,,,,,,,,,,,,,,,,,,,,,,,,,,,,,,,,,,,,,,,,,,,,,,,,,,,,,,,,,,,,,,,,,,,,,,,,,,,,,,,,,,,,,,,,,,,,,,,,,,,,,,,,,,,,,,,,,,,,,,,,
2026040503,,,,,,,,,,,,,,,,,,,,,,,,,,,,,,,,,0.063,,,,,,,,,,,,,,,,,,,,,,,,,,,,,,,,,,,,,,,,,,,,,,,,,,,,,,,,,,,,,,,,,,,,,,,,,,,,,,,,,,,,,,,,,,,,,,,,,,,,,,,,,,,,,,,,,,,,,,,,,,,,,,,,,,,,,,,,,,,,,,,,,,,,,,,,,,,,,,,,,,,,,,,,,,,,,,,,,,,,,,,,,,,,,,,,,,,,,,,,,,,,,,,,,,,,,,,,,,,,,,,,,,,,,,,,,,,,,,,,,,,,,,,,,,,,,,,,,,,,,,,,,,,,,,,,,,,,,,,,,,,,,,,,,,,,,,,,,,,,,,,,,,,,,,,,,,,,,,,,,,,,,,,,,,,,,,,,,,,,,,,,,,,,,,,,,,,,,,,,,,,,,,,,,,,,,,,,,,,,,,,,,,,,,,,,,,,,,,,,,,,,,,,,,,,,,,,,,,,,,,,,,,,,,,,,,,,,,,,,,,,,,,,,,,,,,,,,,,,,,,,,,,,,,,,,,,,,,,,,,,,,,,,,,,,,,,,,,,,,,,,,,,,,,,,,,,,,,,,,,,,,,,,,,,,,,,,,,,,,,,,,,,,,,,,,,,,,,,,,,,,,,,,,,,,,,,,,,,,,,,,,,,,,,,,,,,,,,,,,,,,,,,,,,,,,,,,,,,,,,,,,,,,,,,,,,,,,,,,,,,,,,,,,,,,,,,,,,,,,,,,,,,,,,,,,,,,,,,,,,,,,,,,,,,,,,,,,,,,,,,,,,,,,,,,,,,,,,,,,,,,,,,,,,,,,,,,,
2026040504,,,,,,,,,,,,,,,,,,,,,,,,,,,,,,,,,0.065,,,,,,,,,,,,,,,,,,,,,,,,,,,,,,,,,,,,,,,,,,,,,,,,,,,,,,,,,,,,,,,,,,,,,,,,,,,,,,,,,,,,,,,,,,,,,,,,,,,,,,,,,,,,,,,,,,,,,,,,,,,,,,,,,,,,,,,,,,,,,,,,,,,,,,,,,,,,,,,,,,,,,,,,,,,,,,,,,,,,,,,,,,,,,,,,,,,,,,,,,,,,,,,,,,,,,,,,,,,,,,,,,,,,,,,,,,,,,,,,,,,,,,,,,,,,,,,,,,,,,,,,,,,,,,,,,,,,,,,,,,,,,,,,,,,,,,,,,,,,,,,,,,,,,,,,,,,,,,,,,,,,,,,,,,,,,,,,,,,,,,,,,,,,,,,,,,,,,,,,,,,,,,,,,,,,,,,,,,,,,,,,,,,,,,,,,,,,,,,,,,,,,,,,,,,,,,,,,,,,,,,,,,,,,,,,,,,,,,,,,,,,,,,,,,,,,,,,,,,,,,,,,,,,,,,,,,,,,,,,,,,,,,,,,,,,,,,,,,,,,,,,,,,,,,,,,,,,,,,,,,,,,,,,,,,,,,,,,,,,,,,,,,,,,,,,,,,,,,,,,,,,,,,,,,,,,,,,,,,,,,,,,,,,,,,,,,,,,,,,,,,,,,,,,,,,,,,,,,,,,,,,,,,,,,,,,,,,,,,,,,,,,,,,,,,,,,,,,,,,,,,,,,,,,,,,,,,,,,,,,,,,,,,,,,,,,,,,,,,,,,,,,,,,,,,,,,,,,,,,,,,,,,,,,,,,,,,,
2026040505,,,,,,,,,,,,,,,,,,,,,,,,,,,,,,,,,0.06,,,,,,,,,,,,,,,,,,,,,,,,,,,,,,,,,,,,,,,,,,,,,,,,,,,,,,,,,,,,,,,,,,,,,,,,,,,,,,,,,,,,,,,,,,,,,,,,,,,,,,,,,,,,,,,,,,,,,,,,,,,,,,,,,,,,,,,,,,,,,,,,,,,,,,,,,,,,,,,,,,,,,,,,,,,,,,,,,,,,,,,,,,,,,,,,,,,,,,,,,,,,,,,,,,,,,,,,,,,,,,,,,,,,,,,,,,,,,,,,,,,,,,,,,,,,,,,,,,,,,,,,,,,,,,,,,,,,,,,,,,,,,,,,,,,,,,,,,,,,,,,,,,,,,,,,,,,,,,,,,,,,,,,,,,,,,,,,,,,,,,,,,,,,,,,,,,,,,,,,,,,,,,,,,,,,,,,,,,,,,,,,,,,,,,,,,,,,,,,,,,,,,,,,,,,,,,,,,,,,,,,,,,,,,,,,,,,,,,,,,,,,,,,,,,,,,,,,,,,,,,,,,,,,,,,,,,,,,,,,,,,,,,,,,,,,,,,,,,,,,,,,,,,,,,,,,,,,,,,,,,,,,,,,,,,,,,,,,,,,,,,,,,,,,,,,,,,,,,,,,,,,,,,,,,,,,,,,,,,,,,,,,,,,,,,,,,,,,,,,,,,,,,,,,,,,,,,,,,,,,,,,,,,,,,,,,,,,,,,,,,,,,,,,,,,,,,,,,,,,,,,,,,,,,,,,,,,,,,,,,,,,,,,,,,,,,,,,,,,,,,,,,,,,,,,,,,,,,,,,,,,,,,,,,,,,,,,,
2026040506,0.727,0.0,0.0,0.0,0.0,0.0,0.0,0.0,0.0,0.0,0.0,0.0,0.0,0.0,0.003,0.198,0.577,1.045,1.604,2.523,4.265,8.242,29.0,0.0,0.0,0.0,0.0,10.0,0.0,0.0,2.0,0.0,0.042,,,,,,,,,,,,,,,,,,,,,,,,,,,,,,,,,,,,,,,,,,,,,,,,,,,,,,,,,,,,,,,,,,0.0,0.0,0.0,0.0,0.0,0.0,0.0,0.0,0.0,0.0,0.0,0.0,0.0,0.0,0.0,0.0,0.0,0.185,0.54,1.067,2.045,4.127,19.0,0.0,0.0,4.0,0.0,0.0,0.0,0.0,0.0,0.0,,,,,,,,,,,,,,,,,,,,,,,,,,,,,,,,,267.21,,,,,,,,,,,,,,,,,,,0.01,,,,,,,,,,,,,,,,,,0.028,,,,,,,,,,,,,,,,,,0.003,0.0,0.0,0.0,0.0,0.0,0.003,0.018,11.0,4.0,0.0,0.0,0.0,0.0,0.0,0.0,0.0,0.0,0.074,,,,,,,,,,,,,,,,,,1.0,1.0,,,,,,,,,,,12.0,13.0,12.0,17.0,23.0,26.0,27.0,0.0,0.0,0.0,0.0,0.0,19.9,,268.25,1.7,,17.0,3.0,,0.0,,,,,,,,,,,,,,,,,,,,,,,,,0.0,0.0,0.0,0.0,0.0,0.0,0.0,0.0,0.0,0.0,0.0,0.0,0.0,0.0,,,,,,,,,,,,,14.2,9.999e+20,11.3039,5.6452,7.72464,8.31218,8.69257,8.9459,9.46811,9.58446,9.80417,9.94609,7.0852,10.5347,10.65,11.1675,11.8316,12.0395,13.4215,14.2354,15.0145,15.6554,16.8563,20.0255,39.0,4.0,1.0,0.0,0.0,0.0,5.4,1.6,2.4,3.2,3.6,4.0,4.0,4.82182,4.85784,4.94346,2.0,5.42042,5.86354,5.92799,6.4166,6.57408,7.094,7.30468,7.93867,8.18707,9.76333,11.4278,5.43658,2.18076,1.0,0.0,0.0,0.0,0.0,0.0,0.0,10.0,2.0,9.999e+20,9.999e+20,9.999e+20,9.999e+20,9.999e+20,,,,,,,,,,,,,,,,,,,,,,,,,,,,,,,,,,,,,,,,,,,,,,,,,,,,,,,,,,,,,,,,,,,,,,,,,,,,,,,,,,,,,,,,,,,,,,,,,,,,,,,,,,,,,,,,,,,,,,,,,,,64.0,200.0,,0.0,0.0,19.6,0.0,,81.0,,,,,,,,,,,,,,,,,,,,,,,,,,,,,,,,,,,,,,,,,,,,,,,,,,,,,,,,,,,,,11.7,6.4,9.3,4.0,12.5,14.1,15.9,16.8,1040.0,656.0,824.0,520.0,1040.0,1272.0,1408.0,1544.0,,,42.0,15.0,,,,,,3.51356,271.18,1.71,276.174,270.639,272.493,272.747,273.262,273.448,273.942,274.483,274.763,274.873,271.504,275.229,275.618,275.919,276.224,277.215,278.245,278.487,280.121,281.546,282.866,284.286,0.0,2.0,21.0,0.0,0.0,0.0,0.0,0.0,,,,,,,,,,,,,,,,,,,,,,,,,,,,,,,9.999e+20,,,180.0,5.6,,,,,,3.0,,,,,,,802.0,240.0,240.0,240.0,,270.9,6.27989,3.6,4.4,4.8,5.2,5.2,5.6,5.6,5.6,6.0,4.0,6.14384,6.21715,6.32608,6.7596,6.82168,7.30817,7.77052,7.87546,8.38467,8.73795,10.268,0.0,0.0,0.0,0.0,65.0,6.0,2.8,0.8,1.2,1.2,1.6,2.0,2.0,2.4,2.4,2.8,0.8,2.8,3.2,3.2,3.2,3.6,3.6,4.0,4.4,4.8,5.20892,6.487,2.83026,1.327,0.0,0.0,0.0,0.0,29.0,0.0,3.0,0.0,3.2,3.6,
2026040507,,,,,,,,,,,,,,,,,,,,,,,,,,,,,,,,,0.043,,,,,,,,,,,,,,,,,,,,,,,,,,,,,,,,,,,,,,,,,,,,,,,,,,,,,,,,,,,,,,,,,,,,,,,,,,,,,,,,,,,,,,,,,,,,,,,,,,,,,,,,,,,,,,,,,,,,,,,,,,,,,,,,,,,,,,,,,,,,,,,,,,,,,,,,,,,,,,,,,,,,,,,,,,,,,,,,,,,,,,,,,,,,,,,,,,,,,,,,,,,,,,,,,,,,,,,,,,,,,,,,,,,,,,,,,,,,,,,,,,,,,,,,,,,,,,,,,,,,,,,,,,,,,,,,,,,,,,,,,,,,,,,,,,,,,,,,,,,,,,,,,,,,,,,,,,,,,,,,,,,,,,,,,,,,,,,,,,,,,,,,,,,,,,,,,,,,,,,,,,,,,,,,,,,,,,,,,,,,,,,,,,,,,,,,,,,,,,,,,,,,,,,,,,,,,,,,,,,,,,,,,,,,,,,,,,,,,,,,,,,,,,,,,,,,,,,,,,,,,,,,,,,,,,,,,,,,,,,,,,,,,,,,,,,,,,,,,,,,,,,,,,,,,,,,,,,,,,,,,,,,,,,,,,,,,,,,,,,,,,,,,,,,,,,,,,,,,,,,,,,,,,,,,,,,,,,,,,,,,,,,,,,,,,,,,,,,,,,,,,,,,,,,,,,,,,,,,,,,,,,,,,,,,,,,,,,,,,,,,,,,,,,,,,,,,,,,,,,,,,,,,,,,,,,,,,,,,,,,,,,,,,,,,,,,,,,,,,,,,,,,,,,,,,,,,,,,,,,,,,,,,,,,,,,,,,,,
2026040508,,,,,,,,,,,,,,,,,,,,,,,,,,,,,,,,,0.054,,,,,,,,,,,,,,,,,,,,,,,,,,,,,,,,,,,,,,,,,,,,,,,,,,,,,,,,,,,,,,,,,,,,,,,,,,,,,,,,,,,,,,,,,,,,,,,,,,,,,,,,,,,,,,,,,,,,,,,,,,,,,,,,,,,,,,,,,,,,,,,,,,,,,,,,,,,,,,,,,,,,,,,,,,,,,,,,,,,,,,,,,,,,,,,,,,,,,,,,,,,,,,,,,,,,,,,,,,,,,,,,,,,,,,,,,,,,,,,,,,,,,,,,,,,,,,,,,,,,,,,,,,,,,,,,,,,,,,,,,,,,,,,,,,,,,,,,,,,,,,,,,,,,,,,,,,,,,,,,,,,,,,,,,,,,,,,,,,,,,,,,,,,,,,,,,,,,,,,,,,,,,,,,,,,,,,,,,,,,,,,,,,,,,,,,,,,,,,,,,,,,,,,,,,,,,,,,,,,,,,,,,,,,,,,,,,,,,,,,,,,,,,,,,,,,,,,,,,,,,,,,,,,,,,,,,,,,,,,,,,,,,,,,,,,,,,,,,,,,,,,,,,,,,,,,,,,,,,,,,,,,,,,,,,,,,,,,,,,,,,,,,,,,,,,,,,,,,,,,,,,,,,,,,,,,,,,,,,,,,,,,,,,,,,,,,,,,,,,,,,,,,,,,,,,,,,,,,,,,,,,,,,,,,,,,,,,,,,,,,,,,,,,,,,,,,,,,,,,,,,,,,,,,,,,,,,,,,,,,,,,,,,,,,,,,,,,,,,,,,,,,,,,,,,,,,,,,,,,,,,,,,,,,,,,,,,,,
2026040509,,,,,,,,,,,,,,,,,,,,,,,,,,,,,,,,,0.052,,,,,,,,,,,,,,,,,,,,,,,,,,,,,,,,,,,,,,,,,,,,,,,,,,,,,,,,,,,,,,,,,,,,,,,,,,,,,,,,,,,,,,,,,,,,,,,,,,,,,,,,,,,,,,,,,,,,,,,,,,,,,,,,,,,,,,,,,,,,,,,,,,,,,,,,,,,,,,,,,,,,,,,,,,,,,,,,,,,,,,,,,,,,,,,,,,,,,,,,,,,,,,,,,,,,,,,,,,,,,,,,,,,,,,,,,,,,,,,,,,,,,,,,,,,,,,,,,,,,,,,,,,,,,,,,,,,,,,,,,,,,,,,,,,,,,,,,,,,,,,,,,,,,,,,,,,,,,,,,,,,,,,,,,,,,,,,,,,,,,,,,,,,,,,,,,,,,,,,,,,,,,,,,,,,,,,,,,,,,,,,,,,,,,,,,,,,,,,,,,,,,,,,,,,,,,,,,,,,,,,,,,,,,,,,,,,,,,,,,,,,,,,,,,,,,,,,,,,,,,,,,,,,,,,,,,,,,,,,,,,,,,,,,,,,,,,,,,,,,,,,,,,,,,,,,,,,,,,,,,,,,,,,,,,,,,,,,,,,,,,,,,,,,,,,,,,,,,,,,,,,,,,,,,,,,,,,,,,,,,,,,,,,,,,,,,,,,,,,,,,,,,,,,,,,,,,,,,,,,,,,,,,,,,,,,,,,,,,,,,,,,,,,,,,,,,,,,,,,,,,,,,,,,,,,,,,,,,,,,,,,,,,,,,,,,,,,,,,,,,,,,,,,,,,,,,,,,,,,,,,,,,,,,,,,,,,,,
2026040510,,,,,,,,,,,,,,,,,,,,,,,,,,,,,,,,,0.053,,,,,,,,,,,,,,,,,,,,,,,,,,,,,,,,,,,,,,,,,,,,,,,,,,,,,,,,,,,,,,,,,,,,,,,,,,,,,,,,,,,,,,,,,,,,,,,,,,,,,,,,,,,,,,,,,,,,,,,,,,,,,,,,,,,,,,,,,,,,,,,,,,,,,,,,,,,,,,,,,,,,,,,,,,,,,,,,,,,,,,,,,,,,,,,,,,,,,,,,,,,,,,,,,,,,,,,,,,,,,,,,,,,,,,,,,,,,,,,,,,,,,,,,,,,,,,,,,,,,,,,,,,,,,,,,,,,,,,,,,,,,,,,,,,,,,,,,,,,,,,,,,,,,,,,,,,,,,,,,,,,,,,,,,,,,,,,,,,,,,,,,,,,,,,,,,,,,,,,,,,,,,,,,,,,,,,,,,,,,,,,,,,,,,,,,,,,,,,,,,,,,,,,,,,,,,,,,,,,,,,,,,,,,,,,,,,,,,,,,,,,,,,,,,,,,,,,,,,,,,,,,,,,,,,,,,,,,,,,,,,,,,,,,,,,,,,,,,,,,,,,,,,,,,,,,,,,,,,,,,,,,,,,,,,,,,,,,,,,,,,,,,,,,,,,,,,,,,,,,,,,,,,,,,,,,,,,,,,,,,,,,,,,,,,,,,,,,,,,,,,,,,,,,,,,,,,,,,,,,,,,,,,,,,,,,,,,,,,,,,,,,,,,,,,,,,,,,,,,,,,,,,,,,,,,,,,,,,,,,,,,,,,,,,,,,,,,,,,,,,,,,,,,,,,,,,,,,,,,,,,,,,,,,,,,,,,,,
2026040511,,,,,,,,,,,,,,,,,,,,,,,,,,,,,,,,,0.056,,,,,,,,,,,,,,,,,,,,,,,,,,,,,,,,,,,,,,,,,,,,,,,,,,,,,,,,,,,,,,,,,,,,,,,,,,,,,,,,,,,,,,,,,,,,,,,,,,,,,,,,,,,,,,,,,,,,,,,,,,,,,,,,,,,,,,,,,,,,,,,,,,,,,,,,,,,,,,,,,,,,,,,,,,,,,,,,,,,,,,,,,,,,,,,,,,,,,,,,,,,,,,,,,,,,,,,,,,,,,,,,,,,,,,,,,,,,,,,,,,,,,,,,,,,,,,,,,,,,,,,,,,,,,,,,,,,,,,,,,,,,,,,,,,,,,,,,,,,,,,,,,,,,,,,,,,,,,,,,,,,,,,,,,,,,,,,,,,,,,,,,,,,,,,,,,,,,,,,,,,,,,,,,,,,,,,,,,,,,,,,,,,,,,,,,,,,,,,,,,,,,,,,,,,,,,,,,,,,,,,,,,,,,,,,,,,,,,,,,,,,,,,,,,,,,,,,,,,,,,,,,,,,,,,,,,,,,,,,,,,,,,,,,,,,,,,,,,,,,,,,,,,,,,,,,,,,,,,,,,,,,,,,,,,,,,,,,,,,,,,,,,,,,,,,,,,,,,,,,,,,,,,,,,,,,,,,,,,,,,,,,,,,,,,,,,,,,,,,,,,,,,,,,,,,,,,,,,,,,,,,,,,,,,,,,,,,,,,,,,,,,,,,,,,,,,,,,,,,,,,,,,,,,,,,,,,,,,,,,,,,,,,,,,,,,,,,,,,,,,,,,,,,,,,,,,,,,,,,,,,,,,,,,,,,,,,,,
2026040512,0.657,0.0,0.0,0.0,0.0,0.0,0.0,0.0,0.0,0.0,0.0,0.0,0.0,0.0,0.0,0.019,0.448,0.935,1.681,2.456,3.82,6.909,27.0,0.0,0.0,0.0,0.0,10.0,0.0,0.0,1.0,0.0,0.057,,,,,,,,,,,,,,,,,,,,,,,,,,,,,,,,,,,,,,,,,,,,,,,,,,,,,,,,,,,,,,,,,,0.0,0.0,0.0,0.0,0.0,0.0,0.0,0.0,0.0,0.0,0.0,0.0,0.0,0.0,0.0,0.0,0.0,0.17,0.671,1.339,2.187,3.648,19.0,0.0,0.0,3.0,0.0,0.0,0.0,0.0,0.0,0.0,,,,,,,,,,,,,,,,,,,,,,,,,,,,,,,,,266.72,,,,,,,,,,,,,,,,,,,0.013,0.0,0.0,0.0,0.0,0.003,0.03,0.069,27.0,12.0,8.0,2.0,0.0,0.0,0.0,0.0,0.0,0.0,0.028,0.0,0.0,0.0,0.003,0.028,0.076,0.132,27.0,13.0,8.0,4.0,4.0,0.0,0.0,0.0,0.0,0.0,0.003,0.0,0.0,0.0,0.0,0.0,0.01,0.02,14.0,4.0,0.0,0.0,0.0,0.0,0.0,0.0,0.0,0.0,0.061,0.0,0.013,0.0,0.033,0.081,0.152,0.251,62.0,21.0,12.0,6.0,0.0,0.0,0.0,0.0,0.0,0.0,0.0,1.0,,,,,,,,,,,13.0,17.0,13.0,19.0,21.0,27.0,27.0,0.0,0.0,0.0,0.0,0.0,20.3,,267.21,2.33,,0.0,2.0,,0.0,0.0,0.0,0.0,0.0,0.0,0.0,0.0,0.0,0.0,0.0,0.0,0.0,0.0,0.0,0.0,0.0,0.0,0.0,0.0,0.0,0.0,0.0,0.0,0.0,0.0,0.0,0.0,0.0,0.0,0.0,0.0,0.0,0.0,0.0,0.0,0.0,0.0,0.0,0.0,0.0,0.0,0.0,0.0,0.0,0.0,0.0,0.0,0.0,0.0,0.0,7.2,9.999e+20,,,,,,,,,,,,,,,,,,,,,,,,,,,,,5.4,1.2,2.4,2.8,3.2,3.6,4.0,4.4,4.4,4.8,2.0,5.2,5.21698,5.66299,5.77208,6.23328,6.69788,7.16236,8.11943,8.59623,8.78918,13.4999,5.44946,2.74084,2.0,1.0,1.0,0.0,0.0,0.0,0.0,7.0,2.0,9.999e+20,9.999e+20,9.999e+20,9.999e+20,9.999e+20,,,,,,,,,,,,,,,,,,,,,,,,,,,,,,,,,,,,,,,,,,,,,,,,,,,,,,,,,,,,,,,,,,,,,,,,,,,,,,,,,,,,,,,,,,,,,,,,,,,,,,,,,,,,,,,,,,,,,,,,,,,,200.0,0.0,0.0,0.0,25.6,0.0,,78.0,,,,,,,,,,,,,,,,,,,,,,,,,,,,,,,,,,,,,,,,,,,,,,,,,,,,,,,,,,,,,11.8,5.3,9.4,3.5,12.8,14.6,15.5,16.6,936.0,560.0,688.0,376.0,968.0,1128.0,1304.0,1368.0,,,48.0,10.0,,,,269.25,3.17,,270.38,2.35,,,,,,,,,,,,,,,,,,,,,,,,,,,,,,,,,,,,,,,,,,,,,,,,,,,,,,,,,,,,,9.999e+20,,,180.0,5.4,2.0,,,,,2.0,,,,,,,787.0,250.0,250.0,250.0,,270.8,,,,,,,,,,,,,,,,,,,,,,,,,,,,,2.8,0.4,1.2,1.6,1.6,2.0,2.0,2.4,2.4,2.4,1.2,2.8,2.8,3.2,3.2,3.6,3.6,4.0,4.4,4.8,5.6,7.40348,2.8115,1.6814,0.0,0.0,0.0,0.0,30.0,0.0,4.0,1.0,3.2,3.6,
2026040513,,,,,,,,,,,,,,,,,,,,,,,,,,,,,,,,,0.053,,,,,,,,,,,,,,,,,,,,,,,,,,,,,,,,,,,,,,,,,,,,,,,,,,,,,,,,,,,,,,,,,,,,,,,,,,,,,,,,,,,,,,,,,,,,,,,,,,,,,,,,,,,,,,,,,,,,,,,,,,,,,,,,,,,,,,,,,,,,,,,,,,,,,,,,,,,,,,,,,,,,,,,,,,,,,,,,,,,,,,,,,,,,,,,,,,,,,,,,,,,,,,,,,,,,,,,,,,,,,,,,,,,,,,,,,,,,,,,,,,,,,,,,,,,,,,,,,,,,,,,,,,,,,,,,,,,,,,,,,,,,,,,,,,,,,,,,,,,,,,,,,,,,,,,,,,,,,,,,,,,,,,,,,,,,,,,,,,,,,,,,,,,,,,,,,,,,,,,,,,,,,,,,,,,,,,,,,,,,,,,,,,,,,,,,,,,,,,,,,,,,,,,,,,,,,,,,,,,,,,,,,,,,,,,,,,,,,,,,,,,,,,,,,,,,,,,,,,,,,,,,,,,,,,,,,,,,,,,,,,,,,,,,,,,,,,,,,,,,,,,,,,,,,,,,,,,,,,,,,,,,,,,,,,,,,,,,,,,,,,,,,,,,,,,,,,,,,,,,,,,,,,,,,,,,,,,,,,,,,,,,,,,,,,,,,,,,,,,,,,,,,,,,,,,,,,,,,,,,,,,,,,,,,,,,,,,,,,,,,,,,,,,,,,,,,,,,,,,,,,,,,,,,,,,,,,,,,,,,,,,,,,,,,,,,,,,,,,,,,,,,,,,,,,,,,,,,,,,,,,,,,,,,,,,,,,,,
2026040514,,,,,,,,,,,,,,,,,,,,,,,,,,,,,,,,,0.056,,,,,,,,,,,,,,,,,,,,,,,,,,,,,,,,,,,,,,,,,,,,,,,,,,,,,,,,,,,,,,,,,,,,,,,,,,,,,,,,,,,,,,,,,,,,,,,,,,,,,,,,,,,,,,,,,,,,,,,,,,,,,,,,,,,,,,,,,,,,,,,,,,,,,,,,,,,,,,,,,,,,,,,,,,,,,,,,,,,,,,,,,,,,,,,,,,,,,,,,,,,,,,,,,,,,,,,,,,,,,,,,,,,,,,,,,,,,,,,,,,,,,,,,,,,,,,,,,,,,,,,,,,,,,,,,,,,,,,,,,,,,,,,,,,,,,,,,,,,,,,,,,,,,,,,,,,,,,,,,,,,,,,,,,,,,,,,,,,,,,,,,,,,,,,,,,,,,,,,,,,,,,,,,,,,,,,,,,,,,,,,,,,,,,,,,,,,,,,,,,,,,,,,,,,,,,,,,,,,,,,,,,,,,,,,,,,,,,,,,,,,,,,,,,,,,,,,,,,,,,,,,,,,,,,,,,,,,,,,,,,,,,,,,,,,,,,,,,,,,,,,,,,,,,,,,,,,,,,,,,,,,,,,,,,,,,,,,,,,,,,,,,,,,,,,,,,,,,,,,,,,,,,,,,,,,,,,,,,,,,,,,,,,,,,,,,,,,,,,,,,,,,,,,,,,,,,,,,,,,,,,,,,,,,,,,,,,,,,,,,,,,,,,,,,,,,,,,,,,,,,,,,,,,,,,,,,,,,,,,,,,,,,,,,,,,,,,,,,,,,,,,,,,,,,,,,,,,,,,,,,,,,,,,,,,,,,,,
2026040515,,,,,,,,,,,,,,,,,,,,,,,,,,,,,,,,,0.066,,,,,,,,,,,,,,,,,,,,,,,,,,,,,,,,,,,,,,,,,,,,,,,,,,,,,,,,,,,,,,,,,,,,,,,,,,,,,,,,,,,,,,,,,,,,,,,,,,,,,,,,,,,,,,,,,,,,,,,,,,,,,,,,,,,,,,,,,,,,,,,,,,,,,,,,,,,,,,,,,,,,,,,,,,,,,,,,,,,,,,,,,,,,,,,,,,,,,,,,,,,,,,,,,,,,,,,,,,,,,,,,,,,,,,,,,,,,,,,,,,,,,,,,,,,,,,,,,,,,,,,,,,,,,,,,,,,,,,,,,,,,,,,,,,,,,,,,,,,,,,,,,,,,,,,,,,,,,,,,,,,,,,,,,,,,,,,,,,,,,,,,,,,,,,,,,,,,,,,,,,,,,,,,,,,,,,,,,,,,,,,,,,,,,,,,,,,,,,,,,,,,,,,,,,,,,,,,,,,,,,,,,,,,,,,,,,,,,,,,,,,,,,,,,,,,,,,,,,,,,,,,,,,,,,,,,,,,,,,,,,,,,,,,,,,,,,,,,,,,,,,,,,,,,,,,,,,,,,,,,,,,,,,,,,,,,,,,,,,,,,,,,,,,,,,,,,,,,,,,,,,,,,,,,,,,,,,,,,,,,,,,,,,,,,,,,,,,,,,,,,,,,,,,,,,,,,,,,,,,,,,,,,,,,,,,,,,,,,,,,,,,,,,,,,,,,,,,,,,,,,,,,,,,,,,,,,,,,,,,,,,,,,,,,,,,,,,,,,,,,,,,,,,,,,,,,,,,,,,,,,,,,,,,,,,,,,,,
2026040516,,,,,,,,,,,,,,,,,,,,,,,,,,,,,,,,,0.085,,,,,,,,,,,,,,,,,,,,,,,,,,,,,,,,,,,,,,,,,,,,,,,,,,,,,,,,,,,,,,,,,,,,,,,,,,,,,,,,,,,,,,,,,,,,,,,,,,,,,,,,,,,,,,,,,,,,,,,,,,,,,,,,,,,,,,,,,,,,,,,,,,,,,,,,,,,,,,,,,,,,,,,,,,,,,,,,,,,,,,,,,,,,,,,,,,,,,,,,,,,,,,,,,,,,,,,,,,,,,,,,,,,,,,,,,,,,,,,,,,,,,,,,,,,,,,,,,,,,,,,,,,,,,,,,,,,,,,,,,,,,,,,,,,,,,,,,,,,,,,,,,,,,,,,,,,,,,,,,,,,,,,,,,,,,,,,,,,,,,,,,,,,,,,,,,,,,,,,,,,,,,,,,,,,,,,,,,,,,,,,,,,,,,,,,,,,,,,,,,,,,,,,,,,,,,,,,,,,,,,,,,,,,,,,,,,,,,,,,,,,,,,,,,,,,,,,,,,,,,,,,,,,,,,,,,,,,,,,,,,,,,,,,,,,,,,,,,,,,,,,,,,,,,,,,,,,,,,,,,,,,,,,,,,,,,,,,,,,,,,,,,,,,,,,,,,,,,,,,,,,,,,,,,,,,,,,,,,,,,,,,,,,,,,,,,,,,,,,,,,,,,,,,,,,,,,,,,,,,,,,,,,,,,,,,,,,,,,,,,,,,,,,,,,,,,,,,,,,,,,,,,,,,,,,,,,,,,,,,,,,,,,,,,,,,,,,,,,,,,,,,,,,,,,,,,,,,,,,,,,,,,,,,,,,,,,,,
2026040517,,,,,,,,,,,,,,,,,,,,,,,,,,,,,,,,,0.084,,,,,,,,,,,,,,,,,,,,,,,,,,,,,,,,,,,,,,,,,,,,,,,,,,,,,,,,,,,,,,,,,,,,,,,,,,,,,,,,,,,,,,,,,,,,,,,,,,,,,,,,,,,,,,,,,,,,,,,,,,,,,,,,,,,,,,,,,,,,,,,,,,,,,,,,,,,,,,,,,,,,,,,,,,,,,,,,,,,,,,,,,,,,,,,,,,,,,,,,,,,,,,,,,,,,,,,,,,,,,,,,,,,,,,,,,,,,,,,,,,,,,,,,,,,,,,,,,,,,,,,,,,,,,,,,,,,,,,,,,,,,,,,,,,,,,,,,,,,,,,,,,,,,,,,,,,,,,,,,,,,,,,,,,,,,,,,,,,,,,,,,,,,,,,,,,,,,,,,,,,,,,,,,,,,,,,,,,,,,,,,,,,,,,,,,,,,,,,,,,,,,,,,,,,,,,,,,,,,,,,,,,,,,,,,,,,,,,,,,,,,,,,,,,,,,,,,,,,,,,,,,,,,,,,,,,,,,,,,,,,,,,,,,,,,,,,,,,,,,,,,,,,,,,,,,,,,,,,,,,,,,,,,,,,,,,,,,,,,,,,,,,,,,,,,,,,,,,,,,,,,,,,,,,,,,,,,,,,,,,,,,,,,,,,,,,,,,,,,,,,,,,,,,,,,,,,,,,,,,,,,,,,,,,,,,,,,,,,,,,,,,,,,,,,,,,,,,,,,,,,,,,,,,,,,,,,,,,,,,,,,,,,,,,,,,,,,,,,,,,,,,,,,,,,,,,,,,,,,,,,,,,,,,,,,,,,,,
2026040518,0.825,0.0,0.0,0.0,0.0,0.0,0.0,0.0,0.0,0.0,0.0,0.0,0.0,0.0,0.001,0.278,0.703,1.268,2.086,3.152,4.802,7.725,31.0,0.0,0.0,0.0,0.0,12.0,0.0,0.0,2.0,0.0,0.081,,,,,,,,,,,,,,,,,,,,,,,,,,,,,,,,,,,,,,,,,,,,,,,,,,,,,,,,,,,,,,,,,,0.0,0.0,0.0,0.0,0.0,0.0,0.0,0.0,0.0,0.0,0.0,0.0,0.0,0.0,0.0,0.005,0.299,0.666,1.175,1.72,2.971,6.105,26.0,0.0,0.0,6.0,0.0,0.0,0.0,1.0,0.0,0.0,,,,,,,,,,,,,,,,,,,,,,,,,,,,,,,,,270.94,,,,,,,,,,,,,,,,,,,0.015,,,,,,,,,,,,,,,,,,0.03,,,,,,,,,,,,,,,,,,0.008,0.0,0.0,0.0,0.0,0.0,0.018,0.028,23.0,7.0,3.0,1.0,0.0,0.0,0.0,0.0,0.0,0.0,0.053,,,,,,,,,,,,,,,,,,13.0,11.0,,,,,,,,,,,14.0,15.0,14.0,16.0,17.0,19.0,19.0,0.0,0.0,0.0,0.0,0.0,15.7,,268.59,1.34,,71.0,,,0.0,,,,,,,,,,,,,,,,,,,,,,,,,0.0,0.0,0.0,0.0,0.0,0.0,0.0,0.0,0.0,0.0,0.0,0.0,0.0,0.0,,,,,,,,,,,,,12.2,9.999e+20,,,,,,,,,,,,,,,,,,,,,,,,,,,,,6.7,1.6,3.2,4.0,4.4,5.2,5.21195,5.66732,5.75077,5.87093,2.4,6.38756,6.58631,6.72526,6.89177,7.41731,7.49924,8.17893,8.79994,9.86103,11.7668,16.8838,6.74564,3.04318,7.0,2.0,1.0,0.0,0.0,0.0,0.0,16.0,3.0,9.999e+20,9.999e+20,9.999e+20,9.999e+20,9.999e+20,,,,,,,,,,,,,,,,,,,,,,,,,,,,,,,,,,,,,,,,,,,,,,,,,,,,,,,,,,,,,,,,,,,,,,,,,,,,,,,,,,,,,,,,,,,,,,,,,,,,,,,,,,,,,,,,,,,,,,,,,,81.0,,,,0.0,0.0,31.6,0.0,,65.0,,,,,,,,,,,,,,,,,,,,,,,,,,,,,,,,,,,,,,,,,,,,,,,,,,,,,,,,,,,,,11.3,3.9,7.8,3.3,12.3,15.1,16.2,17.5,1088.0,520.0,784.0,464.0,1112.0,1392.0,1560.0,1720.0,,,40.0,14.0,,,,,,2.3839,274.62,1.35,,,,,,,,,,,,,,,,,,,,,,,,,,,,,,,268.034,261.888,264.944,265.232,266.208,266.774,267.028,267.305,267.794,268.004,263.708,268.246,268.334,268.575,268.907,268.899,269.492,269.605,269.996,270.599,271.052,272.437,0.0,0.0,0.0,0.0,1.0,94.0,99.0,0.0,9.999e+20,,,240.0,,,,,,,3.0,,,,,,,,260.0,260.0,260.0,,274.4,,,,,,,,,,,,,,,,,,,,,,,,,,,,,3.7,0.4,1.6,2.0,2.0,2.4,2.8,2.8,2.8,3.2,1.2,3.6,3.6,3.6,4.0,4.0,4.4,4.4,4.8,5.58006,6.6832,9.7646,3.34834,1.85736,1.0,0.0,0.0,0.0,43.0,0.0,9.0,2.0,4.1,4.5,
2026040519,,,,,,,,,,,,,,,,,,,,,,,,,,,,,,,,,0.079,,,,,,,,,,,,,,,,,,,,,,,,,,,,,,,,,,,,,,,,,,,,,,,,,,,,,,,,,,,,,,,,,,,,,,,,,,,,,,,,,,,,,,,,,,,,,,,,,,,,,,,,,,,,,,,,,,,,,,,,,,,,,,,,,,,,,,,,,,,,,,,,,,,,,,,,,,,,,,,,,,,,,,,,,,,,,,,,,,,,,,,,,,,,,,,,,,,,,,,,,,,,,,,,,,,,,,,,,,,,,,,,,,,,,,,,,,,,,,,,,,,,,,,,,,,,,,,,,,,,,,,,,,,,,,,,,,,,,,,,,,,,,,,,,,,,,,,,,,,,,,,,,,,,,,,,,,,,,,,,,,,,,,,,,,,,,,,,,,,,,,,,,,,,,,,,,,,,,,,,,,,,,,,,,,,,,,,,,,,,,,,,,,,,,,,,,,,,,,,,,,,,,,,,,,,,,,,,,,,,,,,,,,,,,,,,,,,,,,,,,,,,,,,,,,,,,,,,,,,,,,,,,,,,,,,,,,,,,,,,,,,,,,,,,,,,,,,,,,,,,,,,,,,,,,,,,,,,,,,,,,,,,,,,,,,,,,,,,,,,,,,,,,,,,,,,,,,,,,,,,,,,,,,,,,,,,,,,,,,,,,,,,,,,,,,,,,,,,,,,,,,,,,,,,,,,,,,,,,,,,,,,,,,,,,,,,,,,,,,,,,,,,,,,,,,,,,,,,,,,,,,,,,,,,,,,,,,,,,,,,,,,,,,,,,,,,,,,,,,,,,,,,,,,,,,,,,,,,,,,,,,,,,,,,,,,,,,,
2026040520,,,,,,,,,,,,,,,,,,,,,,,,,,,,,,,,,0.083,,,,,,,,,,,,,,,,,,,,,,,,,,,,,,,,,,,,,,,,,,,,,,,,,,,,,,,,,,,,,,,,,,,,,,,,,,,,,,,,,,,,,,,,,,,,,,,,,,,,,,,,,,,,,,,,,,,,,,,,,,,,,,,,,,,,,,,,,,,,,,,,,,,,,,,,,,,,,,,,,,,,,,,,,,,,,,,,,,,,,,,,,,,,,,,,,,,,,,,,,,,,,,,,,,,,,,,,,,,,,,,,,,,,,,,,,,,,,,,,,,,,,,,,,,,,,,,,,,,,,,,,,,,,,,,,,,,,,,,,,,,,,,,,,,,,,,,,,,,,,,,,,,,,,,,,,,,,,,,,,,,,,,,,,,,,,,,,,,,,,,,,,,,,,,,,,,,,,,,,,,,,,,,,,,,,,,,,,,,,,,,,,,,,,,,,,,,,,,,,,,,,,,,,,,,,,,,,,,,,,,,,,,,,,,,,,,,,,,,,,,,,,,,,,,,,,,,,,,,,,,,,,,,,,,,,,,,,,,,,,,,,,,,,,,,,,,,,,,,,,,,,,,,,,,,,,,,,,,,,,,,,,,,,,,,,,,,,,,,,,,,,,,,,,,,,,,,,,,,,,,,,,,,,,,,,,,,,,,,,,,,,,,,,,,,,,,,,,,,,,,,,,,,,,,,,,,,,,,,,,,,,,,,,,,,,,,,,,,,,,,,,,,,,,,,,,,,,,,,,,,,,,,,,,,,,,,,,,,,,,,,,,,,,,,,,,,,,,,,,,,,,,,,,,,,,,,,,,,,,,,,,,,,,,,,,,,,,
2026040521,,,,,,,,,,,,,,,,,,,,,,,,,,,,,,,,,0.092,,,,,,,,,,,,,,,,,,,,,,,,,,,,,,,,,,,,,,,,,,,,,,,,,,,,,,,,,,,,,,,,,,,,,,,,,,,,,,,,,,,,,,,,,,,,,,,,,,,,,,,,,,,,,,,,,,,,,,,,,,,,,,,,,,,,,,,,,,,,,,,,,,,,,,,,,,,,,,,,,,,,,,,,,,,,,,,,,,,,,,,,,,,,,,,,,,,,,,,,,,,,,,,,,,,,,,,,,,,,,,,,,,,,,,,,,,,,,,,,,,,,,,,,,,,,,,,,,,,,,,,,,,,,,,,,,,,,,,,,,,,,,,,,,,,,,,,,,,,,,,,,,,,,,,,,,,,,,,,,,,,,,,,,,,,,,,,,,,,,,,,,,,,,,,,,,,,,,,,,,,,,,,,,,,,,,,,,,,,,,,,,,,,,,,,,,,,,,,,,,,,,,,,,,,,,,,,,,,,,,,,,,,,,,,,,,,,,,,,,,,,,,,,,,,,,,,,,,,,,,,,,,,,,,,,,,,,,,,,,,,,,,,,,,,,,,,,,,,,,,,,,,,,,,,,,,,,,,,,,,,,,,,,,,,,,,,,,,,,,,,,,,,,,,,,,,,,,,,,,,,,,,,,,,,,,,,,,,,,,,,,,,,,,,,,,,,,,,,,,,,,,,,,,,,,,,,,,,,,,,,,,,,,,,,,,,,,,,,,,,,,,,,,,,,,,,,,,,,,,,,,,,,,,,,,,,,,,,,,,,,,,,,,,,,,,,,,,,,,,,,,,,,,,,,,,,,,,,,,,,,,,,,,,,,,,,,,,
2026040522,,,,,,,,,,,,,,,,,,,,,,,,,,,,,,,,,0.087,,,,,,,,,,,,,,,,,,,,,,,,,,,,,,,,,,,,,,,,,,,,,,,,,,,,,,,,,,,,,,,,,,,,,,,,,,,,,,,,,,,,,,,,,,,,,,,,,,,,,,,,,,,,,,,,,,,,,,,,,,,,,,,,,,,,,,,,,,,,,,,,,,,,,,,,,,,,,,,,,,,,,,,,,,,,,,,,,,,,,,,,,,,,,,,,,,,,,,,,,,,,,,,,,,,,,,,,,,,,,,,,,,,,,,,,,,,,,,,,,,,,,,,,,,,,,,,,,,,,,,,,,,,,,,,,,,,,,,,,,,,,,,,,,,,,,,,,,,,,,,,,,,,,,,,,,,,,,,,,,,,,,,,,,,,,,,,,,,,,,,,,,,,,,,,,,,,,,,,,,,,,,,,,,,,,,,,,,,,,,,,,,,,,,,,,,,,,,,,,,,,,,,,,,,,,,,,,,,,,,,,,,,,,,,,,,,,,,,,,,,,,,,,,,,,,,,,,,,,,,,,,,,,,,,,,,,,,,,,,,,,,,,,,,,,,,,,,,,,,,,,,,,,,,,,,,,,,,,,,,,,,,,,,,,,,,,,,,,,,,,,,,,,,,,,,,,,,,,,,,,,,,,,,,,,,,,,,,,,,,,,,,,,,,,,,,,,,,,,,,,,,,,,,,,,,,,,,,,,,,,,,,,,,,,,,,,,,,,,,,,,,,,,,,,,,,,,,,,,,,,,,,,,,,,,,,,,,,,,,,,,,,,,,,,,,,,,,,,,,,,,,,,,,,,,,,,,,,,,,,,,,,,,,,,,,,,,,
2026040523,,,,,,,,,,,,,,,,,,,,,,,,,,,,,,,,,0.107,,,,,,,,,,,,,,,,,,,,,,,,,,,,,,,,,,,,,,,,,,,,,,,,,,,,,,,,,,,,,,,,,,,,,,,,,,,,,,,,,,,,,,,,,,,,,,,,,,,,,,,,,,,,,,,,,,,,,,,,,,,,,,,,,,,,,,,,,,,,,,,,,,,,,,,,,,,,,,,,,,,,,,,,,,,,,,,,,,,,,,,,,,,,,,,,,,,,,,,,,,,,,,,,,,,,,,,,,,,,,,,,,,,,,,,,,,,,,,,,,,,,,,,,,,,,,,,,,,,,,,,,,,,,,,,,,,,,,,,,,,,,,,,,,,,,,,,,,,,,,,,,,,,,,,,,,,,,,,,,,,,,,,,,,,,,,,,,,,,,,,,,,,,,,,,,,,,,,,,,,,,,,,,,,,,,,,,,,,,,,,,,,,,,,,,,,,,,,,,,,,,,,,,,,,,,,,,,,,,,,,,,,,,,,,,,,,,,,,,,,,,,,,,,,,,,,,,,,,,,,,,,,,,,,,,,,,,,,,,,,,,,,,,,,,,,,,,,,,,,,,,,,,,,,,,,,,,,,,,,,,,,,,,,,,,,,,,,,,,,,,,,,,,,,,,,,,,,,,,,,,,,,,,,,,,,,,,,,,,,,,,,,,,,,,,,,,,,,,,,,,,,,,,,,,,,,,,,,,,,,,,,,,,,,,,,,,,,,,,,,,,,,,,,,,,,,,,,,,,,,,,,,,,,,,,,,,,,,,,,,,,,,,,,,,,,,,,,,,,,,,,,,,,,,,,,,,,,,,,,,,,,,,,,,,,,,,,,
2026040600,1.153,0.0,0.0,0.0,0.0,0.0,0.0,0.0,0.0,0.0,0.0,0.0,0.0,0.168,0.572,0.982,1.463,2.016,2.777,3.836,5.516,10.55,39.0,0.0,1.0,0.0,0.0,16.0,0.0,0.0,4.0,0.0,0.1,,2.307,0.0,0.0,0.0,0.0,0.0,0.0,0.0,0.0,0.0,0.0,0.001,0.336,0.756,1.471,2.201,3.121,4.085,5.529,7.699,11.175,17.774,46.0,0.0,4.0,0.0,0.0,0.0,0.0,0.0,13.0,0.0,,,,,,,,,,,,,,,,,,,,,,,,,,,,,,,,,0.254,0.0,0.0,0.0,0.0,0.0,0.0,0.0,0.0,0.0,0.0,0.0,0.0,0.001,0.158,0.397,0.622,0.961,1.356,2.017,3.085,5.422,33.0,0.0,0.0,7.0,0.0,0.0,0.0,1.0,0.0,0.0,,,,,,,,,,,,,,,,,,,,,,,,,,,,,,,,,271.83,,,,,,,,,,,,,,,,,,,0.015,0.0,0.0,0.0,0.0,0.013,0.056,0.074,35.0,18.0,11.0,2.0,0.0,0.0,0.0,0.0,0.0,0.0,0.028,0.0,0.0,0.0,0.0,0.023,0.081,0.114,24.0,18.0,7.0,4.0,2.0,0.0,0.0,0.0,0.0,0.0,0.003,0.0,0.0,0.0,0.0,0.0,0.015,0.023,22.0,5.0,0.0,0.0,0.0,0.0,0.0,0.0,0.0,0.0,0.043,0.0,0.0,0.0,0.01,0.043,0.109,0.203,38.0,13.0,7.0,5.0,1.0,0.0,0.0,0.0,0.0,0.0,20.0,10.0,,,,,,,,,,,10.0,14.0,10.0,16.0,17.0,17.0,17.0,0.0,0.0,0.0,0.0,0.0,13.9,,268.64,1.26,,519.0,2.0,,0.0,0.0,0.0,0.0,0.0,0.0,0.0,0.0,0.0,0.0,0.0,0.0,0.0,0.0,0.0,0.0,0.0,0.0,0.0,0.0,0.0,0.0,0.0,0.0,0.0,0.0,0.0,0.0,0.0,0.0,0.0,0.0,0.0,0.0,0.0,0.0,0.0,0.0,0.0,0.0,0.0,0.0,0.0,0.0,0.0,0.0,0.0,0.0,0.0,0.0,0.0,15.2,,,,,,,,,,,,,,,,,,,,,,,,,,,,,,7.7,2.0,4.0,4.4,4.79697,5.29192,5.39326,5.52271,6.05234,6.52785,3.2,7.01872,7.14989,7.8642,8.41555,8.58594,9.58777,10.6139,11.5237,12.4197,15.199,18.6777,7.72206,3.52814,17.0,5.0,4.0,0.0,0.0,0.0,0.0,31.0,3.0,,,,,,,,,,,,,,,,,,,,,,,,,,,,,,,,,,,,,,,,,,,,,,,,,,,,,,,,,,,,,,,,,,,,,,,,,,,,,,,,,,,,,,,,,,,,,,,,,,,,,,,,,,,,,,,,,,,,,,,,,,,,,,,,,1416.0,0.0,2.4,0.0,22.8,0.0,,61.0,,,,,,,,,,,,,,,,,,,,,,,,,,,,,,,,,,,,,,,,,,,,,,,,,,,,,,,,,,,,,10.1,2.5,5.6,2.0,11.0,13.4,15.4,16.3,1328.0,824.0,1024.0,720.0,1312.0,1648.0,1912.0,2072.0,,,39.0,8.0,,276.91,1.41,,,,275.57,1.7,,,,,,,,,,,,,,,,,,,,,,,,,,,,,,,,,,,,,,,,,,,,,,,,,,,,,,,,,,,,,9.999e+20,,,270.0,11.8,3.0,,,,,3.0,,,,,,,16021.0,270.0,270.0,270.0,,274.1,,,,,,,,,,,,,,,,,,,,,,,,,,,,,4.3,0.8,2.0,2.4,2.4,2.4,2.8,2.8,3.2,3.6,1.6,3.6,4.0,4.0,4.4,4.8,5.6,6.0,6.19553,6.84144,8.29569,10.0707,4.30733,2.25375,0.0,0.0,0.0,0.0,55.0,0.0,21.0,4.0,4.7,5.2,
2026040601,,,,,,,,,,,,,,,,,,,,,,,,,,,,,,,,,0.083,,,,,,,,,,,,,,,,,,,,,,,,,,,,,,,,,,,,,,,,,,,,,,,,,,,,,,,,,,,,,,,,,,,,,,,,,,,,,,,,,,,,,,,,,,,,,,,,,,,,,,,,,,,,,,,,,,,,,,,,,,,,,,,,,,,,,,,,,,,,,,,,,,,,,,,,,,,,,,,,,,,,,,,,,,,,,,,,,,,,,,,,,,,,,,,,,,,,,,,,,,,,,,,,,,,,,,,,,,,,,,,,,,,,,,,,,,,,,,,,,,,,,,,,,,,,,,,,,,,,,,,,,,,,,,,,,,,,,,,,,,,,,,,,,,,,,,,,,,,,,,,,,,,,,,,,,,,,,,,,,,,,,,,,,,,,,,,,,,,,,,,,,,,,,,,,,,,,,,,,,,,,,,,,,,,,,,,,,,,,,,,,,,,,,,,,,,,,,,,,,,,,,,,,,,,,,,,,,,,,,,,,,,,,,,,,,,,,,,,,,,,,,,,,,,,,,,,,,,,,,,,,,,,,,,,,,,,,,,,,,,,,,,,,,,,,,,,,,,,,,,,,,,,,,,,,,,,,,,,,,,,,,,,,,,,,,,,,,,,,,,,,,,,,,,,,,,,,,,,,,,,,,,,,,,,,,,,,,,,,,,,,,,,,,,,,,,,,,,,,,,,,,,,,,,,,,,,,,,,,,,,,,,,,,,,,,,,,,,,,,,,,,,,,,,,,,,,,,,,,,,,,,,,,,,,,,,,,,,,,,,,,,,,,,,,,,,,,,,,,,,,,,,,,,,,,,,,,,,,,,,,,,,,,,,,,,,,,
2026040602,,,,,,,,,,,,,,,,,,,,,,,,,,,,,,,,,0.094,,,,,,,,,,,,,,,,,,,,,,,,,,,,,,,,,,,,,,,,,,,,,,,,,,,,,,,,,,,,,,,,,,,,,,,,,,,,,,,,,,,,,,,,,,,,,,,,,,,,,,,,,,,,,,,,,,,,,,,,,,,,,,,,,,,,,,,,,,,,,,,,,,,,,,,,,,,,,,,,,,,,,,,,,,,,,,,,,,,,,,,,,,,,,,,,,,,,,,,,,,,,,,,,,,,,,,,,,,,,,,,,,,,,,,,,,,,,,,,,,,,,,,,,,,,,,,,,,,,,,,,,,,,,,,,,,,,,,,,,,,,,,,,,,,,,,,,,,,,,,,,,,,,,,,,,,,,,,,,,,,,,,,,,,,,,,,,,,,,,,,,,,,,,,,,,,,,,,,,,,,,,,,,,,,,,,,,,,,,,,,,,,,,,,,,,,,,,,,,,,,,,,,,,,,,,,,,,,,,,,,,,,,,,,,,,,,,,,,,,,,,,,,,,,,,,,,,,,,,,,,,,,,,,,,,,,,,,,,,,,,,,,,,,,,,,,,,,,,,,,,,,,,,,,,,,,,,,,,,,,,,,,,,,,,,,,,,,,,,,,,,,,,,,,,,,,,,,,,,,,,,,,,,,,,,,,,,,,,,,,,,,,,,,,,,,,,,,,,,,,,,,,,,,,,,,,,,,,,,,,,,,,,,,,,,,,,,,,,,,,,,,,,,,,,,,,,,,,,,,,,,,,,,,,,,,,,,,,,,,,,,,,,,,,,,,,,,,,,,,,,,,,,,,,,,,,,,,,,,,,,,,,,,,,,,,,,,,
2026040603,,,,,,,,,,,,,,,,,,,,,,,,,,,,,,,,,0.085,,,,,,,,,,,,,,,,,,,,,,,,,,,,,,,,,,,,,,,,,,,,,,,,,,,,,,,,,,,,,,,,,,,,,,,,,,,,,,,,,,,,,,,,,,,,,,,,,,,,,,,,,,,,,,,,,,,,,,,,,,,,,,,,,,,,,,,,,,,,,,,,,,,,,,,,,,,,,,,,,,,,,,,,,,,,,,,,,,,,,,,,,,,,,,,,,,,,,,,,,,,,,,,,,,,,,,,,,,,,,,,,,,,,,,,,,,,,,,,,,,,,,,,,,,,,,,,,,,,,,,,,,,,,,,,,,,,,,,,,,,,,,,,,,,,,,,,,,,,,,,,,,,,,,,,,,,,,,,,,,,,,,,,,,,,,,,,,,,,,,,,,,,,,,,,,,,,,,,,,,,,,,,,,,,,,,,,,,,,,,,,,,,,,,,,,,,,,,,,,,,,,,,,,,,,,,,,,,,,,,,,,,,,,,,,,,,,,,,,,,,,,,,,,,,,,,,,,,,,,,,,,,,,,,,,,,,,,,,,,,,,,,,,,,,,,,,,,,,,,,,,,,,,,,,,,,,,,,,,,,,,,,,,,,,,,,,,,,,,,,,,,,,,,,,,,,,,,,,,,,,,,,,,,,,,,,,,,,,,,,,,,,,,,,,,,,,,,,,,,,,,,,,,,,,,,,,,,,,,,,,,,,,,,,,,,,,,,,,,,,,,,,,,,,,,,,,,,,,,,,,,,,,,,,,,,,,,,,,,,,,,,,,,,,,,,,,,,,,,,,,,,,,,,,,,,,,,,,,,,,,,,,,,,,,,,,,,,
2026040604,,,,,,,,,,,,,,,,,,,,,,,,,,,,,,,,,0.088,,,,,,,,,,,,,,,,,,,,,,,,,,,,,,,,,,,,,,,,,,,,,,,,,,,,,,,,,,,,,,,,,,,,,,,,,,,,,,,,,,,,,,,,,,,,,,,,,,,,,,,,,,,,,,,,,,,,,,,,,,,,,,,,,,,,,,,,,,,,,,,,,,,,,,,,,,,,,,,,,,,,,,,,,,,,,,,,,,,,,,,,,,,,,,,,,,,,,,,,,,,,,,,,,,,,,,,,,,,,,,,,,,,,,,,,,,,,,,,,,,,,,,,,,,,,,,,,,,,,,,,,,,,,,,,,,,,,,,,,,,,,,,,,,,,,,,,,,,,,,,,,,,,,,,,,,,,,,,,,,,,,,,,,,,,,,,,,,,,,,,,,,,,,,,,,,,,,,,,,,,,,,,,,,,,,,,,,,,,,,,,,,,,,,,,,,,,,,,,,,,,,,,,,,,,,,,,,,,,,,,,,,,,,,,,,,,,,,,,,,,,,,,,,,,,,,,,,,,,,,,,,,,,,,,,,,,,,,,,,,,,,,,,,,,,,,,,,,,,,,,,,,,,,,,,,,,,,,,,,,,,,,,,,,,,,,,,,,,,,,,,,,,,,,,,,,,,,,,,,,,,,,,,,,,,,,,,,,,,,,,,,,,,,,,,,,,,,,,,,,,,,,,,,,,,,,,,,,,,,,,,,,,,,,,,,,,,,,,,,,,,,,,,,,,,,,,,,,,,,,,,,,,,,,,,,,,,,,,,,,,,,,,,,,,,,,,,,,,,,,,,,,,,,,,,,,,,,,,,,,,,,,,,,,,,,,,,,
2026040605,,,,,,,,,,,,,,,,,,,,,,,,,,,,,,,,,0.081,,,,,,,,,,,,,,,,,,,,,,,,,,,,,,,,,,,,,,,,,,,,,,,,,,,,,,,,,,,,,,,,,,,,,,,,,,,,,,,,,,,,,,,,,,,,,,,,,,,,,,,,,,,,,,,,,,,,,,,,,,,,,,,,,,,,,,,,,,,,,,,,,,,,,,,,,,,,,,,,,,,,,,,,,,,,,,,,,,,,,,,,,,,,,,,,,,,,,,,,,,,,,,,,,,,,,,,,,,,,,,,,,,,,,,,,,,,,,,,,,,,,,,,,,,,,,,,,,,,,,,,,,,,,,,,,,,,,,,,,,,,,,,,,,,,,,,,,,,,,,,,,,,,,,,,,,,,,,,,,,,,,,,,,,,,,,,,,,,,,,,,,,,,,,,,,,,,,,,,,,,,,,,,,,,,,,,,,,,,,,,,,,,,,,,,,,,,,,,,,,,,,,,,,,,,,,,,,,,,,,,,,,,,,,,,,,,,,,,,,,,,,,,,,,,,,,,,,,,,,,,,,,,,,,,,,,,,,,,,,,,,,,,,,,,,,,,,,,,,,,,,,,,,,,,,,,,,,,,,,,,,,,,,,,,,,,,,,,,,,,,,,,,,,,,,,,,,,,,,,,,,,,,,,,,,,,,,,,,,,,,,,,,,,,,,,,,,,,,,,,,,,,,,,,,,,,,,,,,,,,,,,,,,,,,,,,,,,,,,,,,,,,,,,,,,,,,,,,,,,,,,,,,,,,,,,,,,,,,,,,,,,,,,,,,,,,,,,,,,,,,,,,,,,,,,,,,,,,,,,,,,,,,,,,,,,,,,,
2026040606,1.031,0.0,0.0,0.0,0.0,0.0,0.0,0.0,0.0,0.0,0.0,0.0,0.0,0.135,0.443,0.794,1.335,1.923,2.686,3.571,5.049,8.057,38.0,0.0,0.0,0.0,0.0,16.0,0.0,0.0,3.0,0.0,0.058,,,,,,,,,,,,,,,,,,,,,,,,,,,,,,,,,,,,,,,,,,,,,,,,,,,,,,,,,,,,,,,,,,0.254,0.0,0.0,0.0,0.0,0.0,0.0,0.0,0.0,0.0,0.0,0.0,0.0,0.0,0.0,0.0,0.233,0.568,0.913,1.569,2.552,4.649,25.0,0.0,0.0,5.0,0.0,0.0,0.0,0.0,0.0,0.0,,,,,,,,,,,,,,,,,,,,,,,,,,,,,,,,,266.91,,,,,,,,,,,,,,,,,,,0.015,,,,,,,,,,,,,,,,,,0.023,,,,,,,,,,,,,,,,,,0.003,0.0,0.0,0.0,0.0,0.0,0.008,0.025,15.0,6.0,2.0,0.0,0.0,0.0,0.0,0.0,0.0,0.0,0.043,,,,,,,,,,,,,,,,,,4.0,4.0,,,,,,,,,,,10.0,12.0,10.0,14.0,16.0,16.0,16.0,0.0,0.0,0.0,0.0,0.0,12.7,,268.4,0.87,,79.0,,,0.0,,,,,,,,,,,,,,,,,,,,,,,,,0.0,0.0,0.0,0.0,0.0,0.0,0.0,0.0,0.0,0.0,0.0,0.0,0.0,0.0,,,,,,,,,,,,,15.2,,10.9824,5.23877,7.46271,7.37836,7.91552,8.46809,8.64946,8.78942,9.39443,9.65585,6.54856,9.9033,10.1937,10.7131,10.9691,11.6461,12.6635,13.4562,14.5401,15.8507,18.8103,22.7061,35.0,7.0,3.0,0.0,0.0,0.0,6.0,2.0,2.8,3.2,3.6,4.0,4.0,4.44792,4.52134,4.97402,2.4,5.0297,5.54041,6.03948,6.66655,6.88131,7.82511,8.87768,9.42996,10.207,11.2107,15.9747,5.99505,3.04013,6.0,2.0,1.0,0.0,0.0,0.0,0.0,20.0,2.0,,,,,,,,,,,,,,,,,,,,,,,,,,,,,,,,,,,,,,,,,,,,,,,,,,,,,,,,,,,,,,,,,,,,,,,,,,,,,,,,,,,,,,,,,,,,,,,,,,,,,,,,,,,,,,,,,,,,,,,,,,,,,,,,61.0,,,1.2,0.0,19.2,0.0,,82.0,,,,,,,,,,,,,,,,,,,,,,,,,,,,,,,,,,,,,,,,,,,,,,,,,,,,,,,,,,,,,11.2,3.9,8.1,2.1,12.2,14.3,16.1,17.3,1176.0,712.0,920.0,632.0,1152.0,1400.0,1760.0,1896.0,,,34.0,8.0,,,,,,3.56951,271.0,1.12,276.603,270.953,272.719,273.496,273.795,274.145,274.537,274.99,275.419,275.539,272.241,275.936,276.272,276.797,277.572,278.45,279.086,279.703,280.864,282.296,283.536,285.145,0.0,1.0,14.0,0.0,0.0,0.0,0.0,0.0,,,,,,,,,,,,,,,,,,,,,,,,,,,,,,,9.999e+20,,,250.0,,,,,,,3.0,,,,,,,,280.0,280.0,280.0,,271.0,6.29743,3.2,4.0,4.4,4.4,4.8,4.8,5.2,5.2,5.6,4.0,5.76797,5.85177,5.88463,6.40355,6.86749,7.29731,7.40084,8.05263,8.20579,10.4652,11.5364,2.0,0.0,0.0,0.0,53.0,8.0,3.3,0.4,1.2,1.6,1.6,2.0,2.0,2.4,2.4,2.8,0.8,2.8,3.2,3.2,3.6,3.6,4.4,4.4,4.8,5.6,6.4,9.07701,3.26074,1.78302,0.0,0.0,0.0,0.0,33.0,0.0,9.0,2.0,3.7,4.1,
2026040607,,,,,,,,,,,,,,,,,,,,,,,,,,,,,,,,,0.057,,,,,,,,,,,,,,,,,,,,,,,,,,,,,,,,,,,,,,,,,,,,,,,,,,,,,,,,,,,,,,,,,,,,,,,,,,,,,,,,,,,,,,,,,,,,,,,,,,,,,,,,,,,,,,,,,,,,,,,,,,,,,,,,,,,,,,,,,,,,,,,,,,,,,,,,,,,,,,,,,,,,,,,,,,,,,,,,,,,,,,,,,,,,,,,,,,,,,,,,,,,,,,,,,,,,,,,,,,,,,,,,,,,,,,,,,,,,,,,,,,,,,,,,,,,,,,,,,,,,,,,,,,,,,,,,,,,,,,,,,,,,,,,,,,,,,,,,,,,,,,,,,,,,,,,,,,,,,,,,,,,,,,,,,,,,,,,,,,,,,,,,,,,,,,,,,,,,,,,,,,,,,,,,,,,,,,,,,,,,,,,,,,,,,,,,,,,,,,,,,,,,,,,,,,,,,,,,,,,,,,,,,,,,,,,,,,,,,,,,,,,,,,,,,,,,,,,,,,,,,,,,,,,,,,,,,,,,,,,,,,,,,,,,,,,,,,,,,,,,,,,,,,,,,,,,,,,,,,,,,,,,,,,,,,,,,,,,,,,,,,,,,,,,,,,,,,,,,,,,,,,,,,,,,,,,,,,,,,,,,,,,,,,,,,,,,,,,,,,,,,,,,,,,,,,,,,,,,,,,,,,,,,,,,,,,,,,,,,,,,,,,,,,,,,,,,,,,,,,,,,,,,,,,,,,,,,,,,,,,,,,,,,,,,,,,,,,,,,,,,,,,,,,,,,,,,,,,,,,,,,,,,,,,,,,,,,,,
2026040608,,,,,,,,,,,,,,,,,,,,,,,,,,,,,,,,,0.07,,,,,,,,,,,,,,,,,,,,,,,,,,,,,,,,,,,,,,,,,,,,,,,,,,,,,,,,,,,,,,,,,,,,,,,,,,,,,,,,,,,,,,,,,,,,,,,,,,,,,,,,,,,,,,,,,,,,,,,,,,,,,,,,,,,,,,,,,,,,,,,,,,,,,,,,,,,,,,,,,,,,,,,,,,,,,,,,,,,,,,,,,,,,,,,,,,,,,,,,,,,,,,,,,,,,,,,,,,,,,,,,,,,,,,,,,,,,,,,,,,,,,,,,,,,,,,,,,,,,,,,,,,,,,,,,,,,,,,,,,,,,,,,,,,,,,,,,,,,,,,,,,,,,,,,,,,,,,,,,,,,,,,,,,,,,,,,,,,,,,,,,,,,,,,,,,,,,,,,,,,,,,,,,,,,,,,,,,,,,,,,,,,,,,,,,,,,,,,,,,,,,,,,,,,,,,,,,,,,,,,,,,,,,,,,,,,,,,,,,,,,,,,,,,,,,,,,,,,,,,,,,,,,,,,,,,,,,,,,,,,,,,,,,,,,,,,,,,,,,,,,,,,,,,,,,,,,,,,,,,,,,,,,,,,,,,,,,,,,,,,,,,,,,,,,,,,,,,,,,,,,,,,,,,,,,,,,,,,,,,,,,,,,,,,,,,,,,,,,,,,,,,,,,,,,,,,,,,,,,,,,,,,,,,,,,,,,,,,,,,,,,,,,,,,,,,,,,,,,,,,,,,,,,,,,,,,,,,,,,,,,,,,,,,,,,,,,,,,,,,,,,,,,,,,,,,,,,,,,,,,,,,,,,,,,,,,,,
2026040609,,,,,,,,,,,,,,,,,,,,,,,,,,,,,,,,,0.0,,,,,,,,,,,,,,,,,,,,,,,,,,,,,,,,,,,,,,,,,,,,,,,,,,,,,,,,,,,,,,,,,,,,,,,,,,,,,,,,,,,,,,,,,,,,,,,,,,,,,,,,,,,,,,,,,,,,,,,,,,,,,,,,,,,,,,,,,,,,,,,,,,,,,,,,,,,,,,,,,,,,,,,,,,,,,,,,,,,,,,,,,,,,,,,,,,,,,,,,,,,,,,,,,,,,,,,,,,,,,,,,,,,,,,,,,,,,,,,,,,,,,,,,,,,,,,,,,,,,,,,,,,,,,,,,,,,,,,,,,,,,,,,,,,,,,,,,,,,,,,,,,,,,,,,,,,,,,,,,,,,,,,,,,,,,,,,,,,,,,,,,,,,,,,,,,,,,,,,,,,,,,,,,,,,,,,,,,,,,,,,,,,,,,,,,,,,,,,,,,,,,,,,,,,,,,,,,,,,,,,,,,,,,,,,,,,,,,,,,,,,,,,,,,,,,,,,,,,,,,,,,,,,,,,,,,,,,,,,,,,,,,,,,,,,,,,,,,,,,,,,,,,,,,,,,,,,,,,,,,,,,,,,,,,,,,,,,,,,,,,,,,,,,,,,,,,,,,,,,,,,,,,,,,,,,,,,,,,,,,,,,,,,,,,,,,,,,,,,,,,,,,,,,,,,,,,,,,,,,,,,,,,,,,,,,,,,,,,,,,,,,,,,,,,,,,,,,,,,,,,,,,,,,,,,,,,,,,,,,,,,,,,,,,,,,,,,,,,,,,,,,,,,,,,,,,,,,,,,,,,,,,,,,,,,,,,,,
2026040610,,,,,,,,,,,,,,,,,,,,,,,,,,,,,,,,,0.0,,,,,,,,,,,,,,,,,,,,,,,,,,,,,,,,,,,,,,,,,,,,,,,,,,,,,,,,,,,,,,,,,,,,,,,,,,,,,,,,,,,,,,,,,,,,,,,,,,,,,,,,,,,,,,,,,,,,,,,,,,,,,,,,,,,,,,,,,,,,,,,,,,,,,,,,,,,,,,,,,,,,,,,,,,,,,,,,,,,,,,,,,,,,,,,,,,,,,,,,,,,,,,,,,,,,,,,,,,,,,,,,,,,,,,,,,,,,,,,,,,,,,,,,,,,,,,,,,,,,,,,,,,,,,,,,,,,,,,,,,,,,,,,,,,,,,,,,,,,,,,,,,,,,,,,,,,,,,,,,,,,,,,,,,,,,,,,,,,,,,,,,,,,,,,,,,,,,,,,,,,,,,,,,,,,,,,,,,,,,,,,,,,,,,,,,,,,,,,,,,,,,,,,,,,,,,,,,,,,,,,,,,,,,,,,,,,,,,,,,,,,,,,,,,,,,,,,,,,,,,,,,,,,,,,,,,,,,,,,,,,,,,,,,,,,,,,,,,,,,,,,,,,,,,,,,,,,,,,,,,,,,,,,,,,,,,,,,,,,,,,,,,,,,,,,,,,,,,,,,,,,,,,,,,,,,,,,,,,,,,,,,,,,,,,,,,,,,,,,,,,,,,,,,,,,,,,,,,,,,,,,,,,,,,,,,,,,,,,,,,,,,,,,,,,,,,,,,,,,,,,,,,,,,,,,,,,,,,,,,,,,,,,,,,,,,,,,,,,,,,,,,,,,,,,,,,,,,,,,,,,,,,,,,,,,,,,,,
2026040611,,,,,,,,,,,,,,,,,,,,,,,,,,,,,,,,,0.0,,,,,,,,,,,,,,,,,,,,,,,,,,,,,,,,,,,,,,,,,,,,,,,,,,,,,,,,,,,,,,,,,,,,,,,,,,,,,,,,,,,,,,,,,,,,,,,,,,,,,,,,,,,,,,,,,,,,,,,,,,,,,,,,,,,,,,,,,,,,,,,,,,,,,,,,,,,,,,,,,,,,,,,,,,,,,,,,,,,,,,,,,,,,,,,,,,,,,,,,,,,,,,,,,,,,,,,,,,,,,,,,,,,,,,,,,,,,,,,,,,,,,,,,,,,,,,,,,,,,,,,,,,,,,,,,,,,,,,,,,,,,,,,,,,,,,,,,,,,,,,,,,,,,,,,,,,,,,,,,,,,,,,,,,,,,,,,,,,,,,,,,,,,,,,,,,,,,,,,,,,,,,,,,,,,,,,,,,,,,,,,,,,,,,,,,,,,,,,,,,,,,,,,,,,,,,,,,,,,,,,,,,,,,,,,,,,,,,,,,,,,,,,,,,,,,,,,,,,,,,,,,,,,,,,,,,,,,,,,,,,,,,,,,,,,,,,,,,,,,,,,,,,,,,,,,,,,,,,,,,,,,,,,,,,,,,,,,,,,,,,,,,,,,,,,,,,,,,,,,,,,,,,,,,,,,,,,,,,,,,,,,,,,,,,,,,,,,,,,,,,,,,,,,,,,,,,,,,,,,,,,,,,,,,,,,,,,,,,,,,,,,,,,,,,,,,,,,,,,,,,,,,,,,,,,,,,,,,,,,,,,,,,,,,,,,,,,,,,,,,,,,,,,,,,,,,,,,,,,,,,,,,,,,,,,,,,,,
2026040612,,,,,,,,,,,,,,,,,,,,,,,31.0,,,,,,,,,,0.0,,,,,,,,,,,,,,,,,,,,,,,,,,,,,,,,,,,,,,,,,,,,,,,,,,,,,,,,,,,,,,,,,,0.0,,,,,,,,,,,,,,,,,,,,,,20.0,,,,,,,,,,,,,,,,,,,,,,,,,,,,,,,,,,,,,,,,,,265.92,,,,,,,,,,,,,,,,,,,0.015,0.0,0.0,0.0,0.0,0.015,0.051,0.076,39.0,20.0,11.0,3.0,0.0,0.0,0.0,0.0,0.0,0.0,0.028,0.0,0.0,0.0,0.003,0.025,0.097,0.117,27.0,20.0,9.0,2.0,0.0,0.0,0.0,0.0,0.0,0.0,0.003,0.0,0.0,0.0,0.0,0.0,0.013,0.02,17.0,3.0,0.0,0.0,0.0,0.0,0.0,0.0,0.0,0.0,0.043,0.0,0.0,0.0,0.013,0.053,0.122,0.145,38.0,13.0,6.0,5.0,1.0,0.0,0.0,0.0,0.0,0.0,0.0,1.0,,,,,,,,,,,12.0,13.0,11.0,14.0,15.0,16.0,17.0,0.0,0.0,0.0,0.0,0.0,13.3,,267.1,1.22,,0.0,3.0,,0.0,0.0,0.0,0.0,0.0,0.0,0.0,0.0,0.0,0.0,0.0,0.0,0.0,0.0,0.0,0.0,0.0,0.0,0.0,0.0,0.0,0.0,0.0,0.0,0.0,0.0,0.0,0.0,0.0,0.0,0.0,0.0,0.0,0.0,0.0,0.0,0.0,0.0,0.0,0.0,0.0,0.0,0.0,0.0,0.0,0.0,0.0,0.0,0.0,0.0,0.0,7.2,,,,,,,,,,,,,,,,,,,,,,,,,,,,,,6.0,,,,,,,,,,,,,,,,,,,,,,,2.92,,,,,,,,,2.0,,,,,,,,,,,,,,,,,,,,,,,,,,,,,,,,,,,,,,,,,,,,,,,,,,,,,,,,,,,,,,,,,,,,,,,,,,,,,,,,,,,,,,,,,,,,,,,,,,,,,,,,,,,,,,,,,,,,,,,,,,,,,,,,,192.0,0.0,0.0,0.0,27.6,0.0,,79.0,,,,,,,,,,,,,,,,,,,,,,,,,,,,,,,,,,,,,,,,,,,,,,,,,,,,,,,,,,,,,11.9,4.1,9.0,2.3,12.9,15.2,17.8,18.1,1016.0,544.0,712.0,408.0,1048.0,1336.0,1504.0,1688.0,,,44.0,8.0,,,,268.86,2.79,,270.06,1.72,,,,,,,,,,,,,,,,,,,,,,,,,,,,,,,,,,,,,,,,,,,,,,,,,,,,,,,,,,,,,9.999e+20,,,260.0,6.3,4.0,,,,,2.0,,,,,,,894.0,290.0,290.0,290.0,,270.4,,,,,,,,,,,,,,,,,,,,,,,,,,,,,3.3,,,,,,,,,,,,,,,,,,,,,,,1.72,,,,,,,,,3.7,4.1,
2026040613,,,,,,,,,,,,,,,,,,,,,,,,,,,,,,,,,0.0,,,,,,,,,,,,,,,,,,,,,,,,,,,,,,,,,,,,,,,,,,,,,,,,,,,,,,,,,,,,,,,,,,,,,,,,,,,,,,,,,,,,,,,,,,,,,,,,,,,,,,,,,,,,,,,,,,,,,,,,,,,,,,,,,,,,,,,,,,,,,,,,,,,,,,,,,,,,,,,,,,,,,,,,,,,,,,,,,,,,,,,,,,,,,,,,,,,,,,,,,,,,,,,,,,,,,,,,,,,,,,,,,,,,,,,,,,,,,,,,,,,,,,,,,,,,,,,,,,,,,,,,,,,,,,,,,,,,,,,,,,,,,,,,,,,,,,,,,,,,,,,,,,,,,,,,,,,,,,,,,,,,,,,,,,,,,,,,,,,,,,,,,,,,,,,,,,,,,,,,,,,,,,,,,,,,,,,,,,,,,,,,,,,,,,,,,,,,,,,,,,,,,,,,,,,,,,,,,,,,,,,,,,,,,,,,,,,,,,,,,,,,,,,,,,,,,,,,,,,,,,,,,,,,,,,,,,,,,,,,,,,,,,,,,,,,,,,,,,,,,,,,,,,,,,,,,,,,,,,,,,,,,,,,,,,,,,,,,,,,,,,,,,,,,,,,,,,,,,,,,,,,,,,,,,,,,,,,,,,,,,,,,,,,,,,,,,,,,,,,,,,,,,,,,,,,,,,,,,,,,,,,,,,,,,,,,,,,,,,,,,,,,,,,,,,,,,,,,,,,,,,,,,,,,,,,,,,,,,,,,,,,,,,,,,,,,,,,,,,,,,,,,,,,,,,,,,,,,,,,,,,,,,,,,,,,,,,,
2026040614,,,,,,,,,,,,,,,,,,,,,,,,,,,,,,,,,0.0,,,,,,,,,,,,,,,,,,,,,,,,,,,,,,,,,,,,,,,,,,,,,,,,,,,,,,,,,,,,,,,,,,,,,,,,,,,,,,,,,,,,,,,,,,,,,,,,,,,,,,,,,,,,,,,,,,,,,,,,,,,,,,,,,,,,,,,,,,,,,,,,,,,,,,,,,,,,,,,,,,,,,,,,,,,,,,,,,,,,,,,,,,,,,,,,,,,,,,,,,,,,,,,,,,,,,,,,,,,,,,,,,,,,,,,,,,,,,,,,,,,,,,,,,,,,,,,,,,,,,,,,,,,,,,,,,,,,,,,,,,,,,,,,,,,,,,,,,,,,,,,,,,,,,,,,,,,,,,,,,,,,,,,,,,,,,,,,,,,,,,,,,,,,,,,,,,,,,,,,,,,,,,,,,,,,,,,,,,,,,,,,,,,,,,,,,,,,,,,,,,,,,,,,,,,,,,,,,,,,,,,,,,,,,,,,,,,,,,,,,,,,,,,,,,,,,,,,,,,,,,,,,,,,,,,,,,,,,,,,,,,,,,,,,,,,,,,,,,,,,,,,,,,,,,,,,,,,,,,,,,,,,,,,,,,,,,,,,,,,,,,,,,,,,,,,,,,,,,,,,,,,,,,,,,,,,,,,,,,,,,,,,,,,,,,,,,,,,,,,,,,,,,,,,,,,,,,,,,,,,,,,,,,,,,,,,,,,,,,,,,,,,,,,,,,,,,,,,,,,,,,,,,,,,,,,,,,,,,,,,,,,,,,,,,,,,,,,,,,,,,,,,,,,,,,,,,,,,,,,,,,,,,,,,,,,,,,,
2026040615,,,,,,,,,,,,,,,,,,,,,,,,,,,,,,,,,0.0,,,,,,,,,,,,,,,,,,,,,,,,,,,,,,,,,,,,,,,,,,,,,,,,,,,,,,,,,,,,,,,,,,,,,,,,,,,,,,,,,,,,,,,,,,,,,,,,,,,,,,,,,,,,,,,,,,,,,,,,,,,,,,,,,,,,,,,,,,,,,,,,,,,,,,,,,,,,,,,,,,,,,,,,,,,,,,,,,,,,,,,,,,,,,,,,,,,,,,,,,,,,,,,,,,,,,,,,,,,,,,,,,,,,,,,,,,,,,,,,,,,,,,,,,,,,,,,,,,,,,,,,,,,,,,,,,,,,,,,,,,,,,,,,,,,,,,,,,,,,,,,,,,,,,,,,,,,,,,,,,,,,,,,,,,,,,,,,,,,,,,,,,,,,,,,,,,,,,,,,,,,,,,,,,,,,,,,,,,,,,,,,,,,,,,,,,,,,,,,,,,,,,,,,,,,,,,,,,,,,,,,,,,,,,,,,,,,,,,,,,,,,,,,,,,,,,,,,,,,,,,,,,,,,,,,,,,,,,,,,,,,,,,,,,,,,,,,,,,,,,,,,,,,,,,,,,,,,,,,,,,,,,,,,,,,,,,,,,,,,,,,,,,,,,,,,,,,,,,,,,,,,,,,,,,,,,,,,,,,,,,,,,,,,,,,,,,,,,,,,,,,,,,,,,,,,,,,,,,,,,,,,,,,,,,,,,,,,,,,,,,,,,,,,,,,,,,,,,,,,,,,,,,,,,,,,,,,,,,,,,,,,,,,,,,,,,,,,,,,,,,,,,,,,,,,,,,,,,,,,,,,,,,,,,,,,,,,,
