ValidTime,APCP12hr_surface,APCP12hr_surface_1% level,APCP12hr_surface_10% level,APCP12hr_surface_15% level,APCP12hr_surface_20% level,APCP12hr_surface_25% level,APCP12hr_surface_30% level,APCP12hr_surface_35% level,APCP12hr_surface_40% level,APCP12hr_surface_45% level,APCP12hr_surface_5% level,APCP12hr_surface_50% level,APCP12hr_surface_55% level,APCP12hr_surface_60% level,APCP12hr_surface_65% level,APCP12hr_surface_70% level,APCP12hr_surface_75% level,APCP12hr_surface_80% level,APCP12hr_surface_85% level,APCP12hr_surface_90% level,APCP12hr_surface_95% level,APCP12hr_surface_99% level,APCP12hr_surface_prob >0.254,APCP12hr_surface_prob >101.6,APCP12hr_surface_prob >12.7,APCP12hr_surface_prob >127,APCP12hr_surface_prob >19.05,APCP12hr_surface_prob >2.54,APCP12hr_surface_prob >25.4,APCP12hr_surface_prob >50.8,APCP12hr_surface_prob >6.35,APCP12hr_surface_prob >76.2,APCP1hr_surface,APCP1hr_surface_prob >0.254,APCP24hr_surface,APCP24hr_surface_1% level,APCP24hr_surface_10% level,APCP24hr_surface_15% level,APCP24hr_surface_20% level,APCP24hr_surface_25% level,APCP24hr_surface_30% level,APCP24hr_surface_35% level,APCP24hr_surface_40% level,APCP24hr_surface_45% level,APCP24hr_surface_5% level,APCP24hr_surface_50% level,APCP24hr_surface_55% level,APCP24hr_surface_60% level,APCP24hr_surface_65% level,APCP24hr_surface_70% level,APCP24hr_surface_75% level,APCP24hr_surface_80% level,APCP24hr_surface_85% level,APCP24hr_surface_90% level,APCP24hr_surface_95% level,APCP24hr_surface_99% level,APCP24hr_surface_prob >0.254,APCP24hr_surface_prob >101.6,APCP24hr_surface_prob >12.7,APCP24hr_surface_prob >127,APCP24hr_surface_prob >152.4,APCP24hr_surface_prob >203.2,APCP24hr_surface_prob >25.4,APCP24hr_surface_prob >50.8,APCP24hr_surface_prob >6.35,APCP24hr_surface_prob >76.2,APCP48hr_surface,APCP48hr_surface_1% level,APCP48hr_surface_10% level,APCP48hr_surface_15% level,APCP48hr_surface_20% level,APCP48hr_surface_25% level,APCP48hr_surface_30% level,APCP48hr_surface_35% level,APCP48hr_surface_40% level,APCP48hr_surface_45% level,APCP48hr_surface_5% level,APCP48hr_surface_50% level,APCP48hr_surface_55% level,APCP48hr_surface_60% level,APCP48hr_surface_65% level,APCP48hr_surface_70% level,APCP48hr_surface_75% level,APCP48hr_surface_80% level,APCP48hr_surface_85% level,APCP48hr_surface_90% level,APCP48hr_surface_95% level,APCP48hr_surface_99% level,APCP48hr_surface_prob >12.7,APCP48hr_surface_prob >127,APCP48hr_surface_prob >2.54,APCP48hr_surface_prob >203.2,APCP48hr_surface_prob >25.4,APCP48hr_surface_prob >254,APCP48hr_surface_prob >304.8,APCP48hr_surface_prob >381,APCP48hr_surface_prob >50.8,APCP48hr_surface_prob >76.2,APCP6hr_surface,APCP6hr_surface_1% level,APCP6hr_surface_10% level,APCP6hr_surface_15% level,APCP6hr_surface_20% level,APCP6hr_surface_25% level,APCP6hr_surface_30% level,APCP6hr_surface_35% level,APCP6hr_surface_40% level,APCP6hr_surface_45% level,APCP6hr_surface_5% level,APCP6hr_surface_50% level,APCP6hr_surface_55% level,APCP6hr_surface_60% level,APCP6hr_surface_65% level,APCP6hr_surface_70% level,APCP6hr_surface_75% level,APCP6hr_surface_80% level,APCP6hr_surface_85% level,APCP6hr_surface_90% level,APCP6hr_surface_95% level,APCP6hr_surface_99% level,APCP6hr_surface_prob >0.254,APCP6hr_surface_prob >12.7,APCP6hr_surface_prob >19.05,APCP6hr_surface_prob >2.54,APCP6hr_surface_prob >25.4,APCP6hr_surface_prob >38.1,APCP6hr_surface_prob >50.8,APCP6hr_surface_prob >6.35,APCP6hr_surface_prob >63.5,APCP6hr_surface_prob >76.2,APCP72hr_surface,APCP72hr_surface_1% level,APCP72hr_surface_10% level,APCP72hr_surface_15% level,APCP72hr_surface_20% level,APCP72hr_surface_25% level,APCP72hr_surface_30% level,APCP72hr_surface_35% level,APCP72hr_surface_40% level,APCP72hr_surface_45% level,APCP72hr_surface_5% level,APCP72hr_surface_50% level,APCP72hr_surface_55% level,APCP72hr_surface_60% level,APCP72hr_surface_65% level,APCP72hr_surface_70% level,APCP72hr_surface_75% level,APCP72hr_surface_80% level,APCP72hr_surface_85% level,APCP72hr_surface_90% level,APCP72hr_surface_95% level,APCP72hr_surface_99% level,APCP72hr_surface_prob >127,APCP72hr_surface_prob >203.2,APCP72hr_surface_prob >25.4,APCP72hr_surface_prob >254,APCP72hr_surface_prob >381,APCP72hr_surface_prob >50.8,APCP72hr_surface_prob >508,APCP72hr_surface_prob >6.35,APCP72hr_surface_prob >635,APCP72hr_surface_prob >76.2,APTMP_2 m above ground,ASNOW1hr_surface,ASNOW1hr_surface_10% level,ASNOW1hr_surface_25% level,ASNOW1hr_surface_5% level,ASNOW1hr_surface_50% level,ASNOW1hr_surface_75% level,ASNOW1hr_surface_90% level,ASNOW1hr_surface_95% level,ASNOW1hr_surface_prob >0.00254,ASNOW1hr_surface_prob >0.00762,ASNOW1hr_surface_prob >0.0127,ASNOW1hr_surface_prob >0.01778,ASNOW1hr_surface_prob >0.0254,ASNOW1hr_surface_prob >0.0381,ASNOW1hr_surface_prob >0.0508,ASNOW1hr_surface_prob >0.0635,ASNOW1hr_surface_prob >0.0762,ASNOW1hr_surface_prob >0.1016,ASNOW24hr_surface,ASNOW24hr_surface_10% level,ASNOW24hr_surface_25% level,ASNOW24hr_surface_5% level,ASNOW24hr_surface_50% level,ASNOW24hr_surface_75% level,ASNOW24hr_surface_90% level,ASNOW24hr_surface_95% level,ASNOW24hr_surface_prob >0.00254,ASNOW24hr_surface_prob >0.0254,ASNOW24hr_surface_prob >0.0508,ASNOW24hr_surface_prob >0.1016,ASNOW24hr_surface_prob >0.1524,ASNOW24hr_surface_prob >0.2032,ASNOW24hr_surface_prob >0.254,ASNOW24hr_surface_prob >0.3048,ASNOW24hr_surface_prob >0.4572,ASNOW24hr_surface_prob >0.6096,ASNOW48hr_surface,ASNOW48hr_surface_10% level,ASNOW48hr_surface_25% level,ASNOW48hr_surface_5% level,ASNOW48hr_surface_50% level,ASNOW48hr_surface_75% level,ASNOW48hr_surface_90% level,ASNOW48hr_surface_95% level,ASNOW48hr_surface_prob >0.0254,ASNOW48hr_surface_prob >0.0508,ASNOW48hr_surface_prob >0.1016,ASNOW48hr_surface_prob >0.1524,ASNOW48hr_surface_prob >0.2032,ASNOW48hr_surface_prob >0.3048,ASNOW48hr_surface_prob >0.4572,ASNOW48hr_surface_prob >0.6096,ASNOW48hr_surface_prob >0.762,ASNOW48hr_surface_prob >0.9144,ASNOW6hr_surface,ASNOW6hr_surface_10% level,ASNOW6hr_surface_25% level,ASNOW6hr_surface_5% level,ASNOW6hr_surface_50% level,ASNOW6hr_surface_75% level,ASNOW6hr_surface_90% level,ASNOW6hr_surface_95% level,ASNOW6hr_surface_prob >0.00254,ASNOW6hr_surface_prob >0.0254,ASNOW6hr_surface_prob >0.0508,ASNOW6hr_surface_prob >0.0762,ASNOW6hr_surface_prob >0.1016,ASNOW6hr_surface_prob >0.127,ASNOW6hr_surface_prob >0.1524,ASNOW6hr_surface_prob >0.2032,ASNOW6hr_surface_prob >0.254,ASNOW6hr_surface_prob >0.3048,ASNOW72hr_surface,ASNOW72hr_surface_10% level,ASNOW72hr_surface_25% level,ASNOW72hr_surface_5% level,ASNOW72hr_surface_50% level,ASNOW72hr_surface_75% level,ASNOW72hr_surface_90% level,ASNOW72hr_surface_95% level,ASNOW72hr_surface_prob >0.0254,ASNOW72hr_surface_prob >0.1016,ASNOW72hr_surface_prob >0.1524,ASNOW72hr_surface_prob >0.2032,ASNOW72hr_surface_prob >0.3048,ASNOW72hr_surface_prob >0.4572,ASNOW72hr_surface_prob >0.6096,ASNOW72hr_surface_prob >0.762,ASNOW72hr_surface_prob >0.9144,ASNOW72hr_surface_prob >1.219,CAPE_surface,CAPE_surface_ens std dev,CDCB_high cloud layer,CDCB_reserved,CDCTOP_reserved,CEIL_cloud base,CEIL_cloud ceiling,CEIL_cloud ceiling_prob <152.4,CEIL_cloud ceiling_prob <2011.68,CEIL_cloud ceiling_prob <304.8,CEIL_cloud ceiling_prob <609.6,CEIL_cloud ceiling_prob <914.5,CWASP_surface_10% level,CWASP_surface_25% level,CWASP_surface_5% level,CWASP_surface_50% level,CWASP_surface_75% level,CWASP_surface_90% level,CWASP_surface_95% level,CWASP_surface_prob >50,CWASP_surface_prob >65,CWASP_surface_prob >70,CWASP_surface_prob >75,CWASP_surface_prob >85,CWASP_surface_unknown derived fcst,DIST_surface - 610 m above ground,DPT_2 m above ground,DPT_2 m above ground_ens std dev,DRYTPROB3hr_surface_prob >0,DSWRF_surface,ELLINX_400-300 mb,FICEAC1hr_surface,FICEAC24hr_surface,FICEAC24hr_surface_10% level,FICEAC24hr_surface_25% level,FICEAC24hr_surface_5% level,FICEAC24hr_surface_50% level,FICEAC24hr_surface_75% level,FICEAC24hr_surface_90% level,FICEAC24hr_surface_95% level,FICEAC24hr_surface_prob >0.254,FICEAC24hr_surface_prob >12.7,FICEAC24hr_surface_prob >2.54,FICEAC24hr_surface_prob >25.4,FICEAC24hr_surface_prob >6.35,FICEAC48hr_surface_10% level,FICEAC48hr_surface_25% level,FICEAC48hr_surface_5% level,FICEAC48hr_surface_50% level,FICEAC48hr_surface_75% level,FICEAC48hr_surface_90% level,FICEAC48hr_surface_95% level,FICEAC48hr_surface_prob >0.254,FICEAC48hr_surface_prob >12.7,FICEAC48hr_surface_prob >2.54,FICEAC48hr_surface_prob >25.4,FICEAC48hr_surface_prob >6.35,FICEAC6hr_surface,FICEAC6hr_surface_10% level,FICEAC6hr_surface_25% level,FICEAC6hr_surface_5% level,FICEAC6hr_surface_50% level,FICEAC6hr_surface_75% level,FICEAC6hr_surface_90% level,FICEAC6hr_surface_95% level,FICEAC6hr_surface_prob >0.254,FICEAC6hr_surface_prob >12.7,FICEAC6hr_surface_prob >2.54,FICEAC6hr_surface_prob >25.4,FICEAC6hr_surface_prob >6.35,FICEAC72hr_surface,FICEAC72hr_surface_10% level,FICEAC72hr_surface_25% level,FICEAC72hr_surface_5% level,FICEAC72hr_surface_50% level,FICEAC72hr_surface_75% level,FICEAC72hr_surface_90% level,FICEAC72hr_surface_95% level,FICEAC72hr_surface_prob >0.254,FICEAC72hr_surface_prob >12.7,FICEAC72hr_surface_prob >2.54,FICEAC72hr_surface_prob >25.4,FICEAC72hr_surface_prob >6.35,FOSINDX6hr_surface,FRZSPR_surface,GUST24hr_10 m above ground,GUST24hr_10 m above ground_1% level,GUST24hr_10 m above ground_10% level,GUST24hr_10 m above ground_15% level,GUST24hr_10 m above ground_20% level,GUST24hr_10 m above ground_25% level,GUST24hr_10 m above ground_30% level,GUST24hr_10 m above ground_35% level,GUST24hr_10 m above ground_40% level,GUST24hr_10 m above ground_45% level,GUST24hr_10 m above ground_5% level,GUST24hr_10 m above ground_50% level,GUST24hr_10 m above ground_55% level,GUST24hr_10 m above ground_60% level,GUST24hr_10 m above ground_65% level,GUST24hr_10 m above ground_70% level,GUST24hr_10 m above ground_75% level,GUST24hr_10 m above ground_80% level,GUST24hr_10 m above ground_85% level,GUST24hr_10 m above ground_90% level,GUST24hr_10 m above ground_95% level,GUST24hr_10 m above ground_99% level,GUST24hr_10 m above ground_prob >11,GUST24hr_10 m above ground_prob >17,GUST24hr_10 m above ground_prob >21,GUST24hr_10 m above ground_prob >24,GUST24hr_10 m above ground_prob >28,GUST24hr_10 m above ground_prob >32,GUST_10 m above ground,GUST_10 m above ground_1% level,GUST_10 m above ground_10% level,GUST_10 m above ground_15% level,GUST_10 m above ground_20% level,GUST_10 m above ground_25% level,GUST_10 m above ground_30% level,GUST_10 m above ground_35% level,GUST_10 m above ground_40% level,GUST_10 m above ground_45% level,GUST_10 m above ground_5% level,GUST_10 m above ground_50% level,GUST_10 m above ground_55% level,GUST_10 m above ground_60% level,GUST_10 m above ground_65% level,GUST_10 m above ground_70% level,GUST_10 m above ground_75% level,GUST_10 m above ground_80% level,GUST_10 m above ground_85% level,GUST_10 m above ground_90% level,GUST_10 m above ground_95% level,GUST_10 m above ground_99% level,GUST_10 m above ground_ens mean,GUST_10 m above ground_ens std dev,GUST_10 m above ground_prob >11,GUST_10 m above ground_prob >15,GUST_10 m above ground_prob >17,GUST_10 m above ground_prob >21,GUST_10 m above ground_prob >24,GUST_10 m above ground_prob >28,GUST_10 m above ground_prob >32,GUST_10 m above ground_prob >8,HINDEX6hr_entire atmosphere (considered as a single layer),HTSGW_surface,HTSGW_surface_10% level,HTSGW_surface_50% level,HTSGW_surface_90% level,HTSGW_surface_ens std dev,MAXREF1hr_1000 m above ground,MAXRH12hr_2 m above ground,MINRH12hr_2 m above ground,MIXHT_entire atmosphere (considered as a single layer),PCPDUR12hr_surface,PTYPE_surface_prob >=1 <2,PTYPE_surface_prob >=3 <4,PTYPE_surface_prob >=5 <7,PTYPE_surface_prob >=8 <9,RETOP_cloud top,RH_2 m above ground,SNOWLR_surface,SNOWLR_surface_10% level,SNOWLR_surface_25% level,SNOWLR_surface_5% level,SNOWLR_surface_50% level,SNOWLR_surface_75% level,SNOWLR_surface_90% level,SNOWLR_surface_95% level,SNOWLVL_0 m above mean sea level,SNOWLVL_surface_10% level,SNOWLVL_surface_25% level,SNOWLVL_surface_5% level,SNOWLVL_surface_50% level,SNOWLVL_surface_75% level,SNOWLVL_surface_90% level,SNOWLVL_surface_95% level,TCDC_high cloud layer,TCDC_reserved,TCDC_surface,TCDC_surface_ens std dev,THUNC1hr_entire atmosphere,TMAX12hr_2 m above ground,TMAX12hr_2 m above ground_ens std dev,TMIN12hr_2 m above ground,TMIN12hr_2 m above ground_ens std dev,TMP18hr_2 m above ground,TMP_2 m above ground,TMP_2 m above ground_ens std dev,TMP_Max_2 m above ground,TMP_Max_2 m above ground_1% level,TMP_Max_2 m above ground_10% level,TMP_Max_2 m above ground_15% level,TMP_Max_2 m above ground_20% level,TMP_Max_2 m above ground_25% level,TMP_Max_2 m above ground_30% level,TMP_Max_2 m above ground_35% level,TMP_Max_2 m above ground_40% level,TMP_Max_2 m above ground_45% level,TMP_Max_2 m above ground_5% level,TMP_Max_2 m above ground_50% level,TMP_Max_2 m above ground_55% level,TMP_Max_2 m above ground_60% level,TMP_Max_2 m above ground_65% level,TMP_Max_2 m above ground_70% level,TMP_Max_2 m above ground_75% level,TMP_Max_2 m above ground_80% level,TMP_Max_2 m above ground_85% level,TMP_Max_2 m above ground_90% level,TMP_Max_2 m above ground_95% level,TMP_Max_2 m above ground_99% level,TMP_Max_2 m above ground_prob <255,TMP_Max_2 m above ground_prob <270,TMP_Max_2 m above ground_prob <273,TMP_Max_2 m above ground_prob >299,TMP_Max_2 m above ground_prob >305,TMP_Max_2 m above ground_prob >310,TMP_Max_2 m above ground_prob >316,TMP_Max_2 m above ground_prob >322,TMP_Min_2 m above ground,TMP_Min_2 m above ground_1% level,TMP_Min_2 m above ground_10% level,TMP_Min_2 m above ground_15% level,TMP_Min_2 m above ground_20% level,TMP_Min_2 m above ground_25% level,TMP_Min_2 m above ground_30% level,TMP_Min_2 m above ground_35% level,TMP_Min_2 m above ground_40% level,TMP_Min_2 m above ground_45% level,TMP_Min_2 m above ground_5% level,TMP_Min_2 m above ground_50% level,TMP_Min_2 m above ground_55% level,TMP_Min_2 m above ground_60% level,TMP_Min_2 m above ground_65% level,TMP_Min_2 m above ground_70% level,TMP_Min_2 m above ground_75% level,TMP_Min_2 m above ground_80% level,TMP_Min_2 m above ground_85% level,TMP_Min_2 m above ground_90% level,TMP_Min_2 m above ground_95% level,TMP_Min_2 m above ground_99% level,TMP_Min_2 m above ground_prob <233,TMP_Min_2 m above ground_prob <244,TMP_Min_2 m above ground_prob <249,TMP_Min_2 m above ground_prob <255,TMP_Min_2 m above ground_prob <260,TMP_Min_2 m above ground_prob <270,TMP_Min_2 m above ground_prob <273,TMP_Min_2 m above ground_prob >299,TMP_surface,TPWDIR_10 m above ground,TPWSPD_10 m above ground,TRWDIR_entire atmosphere (considered as a single layer),TRWSPD_entire atmosphere (considered as a single layer),TSRWE24hr_surface_prob >7.35e-05,TSTM12hr_surface_probability forecast,TSTM1hr_surface_probability forecast,TSTM3hr_surface_probability forecast,TSTM6hr_surface_probability forecast,TURB_surface - 1372 m above ground,VIL_entire atmosphere,VIS_surface,VIS_surface_prob <1609.34,VIS_surface_prob <3218.69,VIS_surface_prob <4828.03,VIS_surface_prob <8046.73,VRATE_entire atmosphere (considered as a single layer),WDIR_10 m above ground,WDIR_30 m above ground,WDIR_80 m above ground,WDIR_surface - 610 m above ground,WETGLBT_surface,WIND24hr_10 m above ground,WIND24hr_10 m above ground_1% level,WIND24hr_10 m above ground_10% level,WIND24hr_10 m above ground_15% level,WIND24hr_10 m above ground_20% level,WIND24hr_10 m above ground_25% level,WIND24hr_10 m above ground_30% level,WIND24hr_10 m above ground_35% level,WIND24hr_10 m above ground_40% level,WIND24hr_10 m above ground_45% level,WIND24hr_10 m above ground_5% level,WIND24hr_10 m above ground_50% level,WIND24hr_10 m above ground_55% level,WIND24hr_10 m above ground_60% level,WIND24hr_10 m above ground_65% level,WIND24hr_10 m above ground_70% level,WIND24hr_10 m above ground_75% level,WIND24hr_10 m above ground_80% level,WIND24hr_10 m above ground_85% level,WIND24hr_10 m above ground_90% level,WIND24hr_10 m above ground_95% level,WIND24hr_10 m above ground_99% level,WIND24hr_10 m above ground_prob >11,WIND24hr_10 m above ground_prob >17,WIND24hr_10 m above ground_prob >24,WIND24hr_10 m above ground_prob >32,WIND24hr_10 m above ground_prob >5,WIND24hr_10 m above ground_prob >8,WIND_10 m above ground,WIND_10 m above ground_1% level,WIND_10 m above ground_10% level,WIND_10 m above ground_15% level,WIND_10 m above ground_20% level,WIND_10 m above ground_25% level,WIND_10 m above ground_30% level,WIND_10 m above ground_35% level,WIND_10 m above ground_40% level,WIND_10 m above ground_45% level,WIND_10 m above ground_5% level,WIND_10 m above ground_50% level,WIND_10 m above ground_55% level,WIND_10 m above ground_60% level,WIND_10 m above ground_65% level,WIND_10 m above ground_70% level,WIND_10 m above ground_75% level,WIND_10 m above ground_80% level,WIND_10 m above ground_85% level,WIND_10 m above ground_90% level,WIND_10 m above ground_95% level,WIND_10 m above ground_99% level,WIND_10 m above ground_ens mean,WIND_10 m above ground_ens std dev,WIND_10 m above ground_prob >11,WIND_10 m above ground_prob >15,WIND_10 m above ground_prob >17,WIND_10 m above ground_prob >24,WIND_10 m above ground_prob >3,WIND_10 m above ground_prob >32,WIND_10 m above ground_prob >5,WIND_10 m above ground_prob >8,WIND_30 m above ground,WIND_80 m above ground,WIND_surface - 610 m above ground
2026040219,,,,,,,,,,,,,,,,,,,,,,,,,,,,,,,,,0.088,,,,,,,,,,,,,,,,,,,,,,,,,,,,,,,,,,,,,,,,,,,,,,,,,,,,,,,,,,,,,,,,,,,,,,,,,,,,,,,,,,,,,,,,,,,,,,,,,,,,,,,,,,,,,,,,,,,,,,,,,,,,,,,,,,,,,,,,,,,,,,,,,,,,,,,,,,,,,,,,,,,,,,,,,,,,,,,,,,,,,,,,,,,,,,,,,,,,,,,,,,,,,,,,,,,,,,,,,,,,,,,,,,,,,,,,,,,,,,,,,,,,,,,,,,,,,,,,,,,,,,,,,,,,,,,,,,,,,,,,,,,,,,,,,,,,,,,,,,,,,,,,,,,,,,,,,,,,,,,,,,,,,,,,,,,,,,,13.2,15.6,16.4,17.2,17.6,18.0159,18.8918,19.3454,19.8462,14.8,20.7097,20.7837,21.2594,21.8467,21.9076,22.3612,22.91,23.2884,23.762,24.7128,26.6546,20.1676,3.23918,100.0,91.0,76.0,43.0,6.0,0.0,0.0,100.0,,,,,,,,,,,,,,,,,,,,,,,,,,,,,,,,,,,,,,,,,,,,,,,,,,,,,,,,,,,,,,,,,,,,,,,,,,,,,,,,,,,,,,,,,,,,,,,,,,,,,,,,,,,,,,,,,,,,,,,,,,,,,,,,,,,,,,,,,,,,,,,,,,,,,,,,,,,,,,5.6,7.2,7.6,7.6,8.0,8.0,8.4,8.8,9.2,6.4,9.6,9.6,10.0,10.4,10.8,10.8,11.2,11.2,11.6,11.8162,12.3783,9.22461,1.6846,15.0,0.0,0.0,0.0,100.0,0.0,99.0,60.0,,,
2026040220,,,,,,,,,,,,,,,,,,,,,,,,,,,,,,,,,0.084,,,,,,,,,,,,,,,,,,,,,,,,,,,,,,,,,,,,,,,,,,,,,,,,,,,,,,,,,,,,,,,,,,,,,,,,,,,,,,,,,,,,,,,,,,,,,,,,,,,,,,,,,,,,,,,,,,,,,,,,,,,,,,,,,,,,,,,,,,,,,,,,,,,,,,,,,,,,,,,,,,,,,,,,,,,,,,,,,,,,,,,,,,,,,,,,,,,,,,,,,,,,,,,,,,,,,,,,,,,,,,,,,,,,,,,,,,,,,,,,,,,,,,,,,,,,,,,,,,,,,,,,,,,,,,,,,,,,,,,,,,,,,,,,,,,,,,,,,,,,,,,,,,,,,,,,,,,,,,,,,,,,,,,,,,,,,,,13.6,15.6,16.6073,17.1201,17.5622,18.0477,18.9772,19.0801,19.63,14.4,19.7616,19.9039,20.395,20.4751,20.9444,21.0644,21.617,22.199,23.656,24.819,26.8876,19.6596,2.8258,100.0,92.0,76.0,27.0,5.0,0.0,0.0,100.0,,,,,,,,,,,,,,,,,,,,,,,,,,,,,,,,,,,,,,,,,,,,,,,,,,,,,,,,,,,,,,,,,,,,,,,,,,,,,,,,,,,,,,,,,,,,,,,,,,,,,,,,,,,,,,,,,,,,,,,,,,,,,,,,,,,,,,,,,,,,,,,,,,,,,,,,,,,,,,5.6,6.8,7.2,7.6,7.6,8.0,8.4,8.8,8.8,6.4,9.2,9.2,9.6,9.6,10.0,10.0,10.0,10.5581,10.7928,10.9036,12.2391,8.90834,1.34873,4.0,0.0,0.0,0.0,100.0,0.0,99.0,57.0,,,
2026040221,,,,,,,,,,,,,,,,,,,,,,,,,,,,,,,,,0.098,,,,,,,,,,,,,,,,,,,,,,,,,,,,,,,,,,,,,,,,,,,,,,,,,,,,,,,,,,,,,,,,,,,,,,,,,,,,,,,,,,,,,,,,,,,,,,,,,,,,,,,,,,,,,,,,,,,,,,,,,,,,,,,,,,,,,,,,,,,,,,,,,,,,,,,,,,,,,,,,,,,,,,,,,,,,,,,,,,,,,,,,,,,,,,,,,,,,,,,,,,,,,,,,,,,,,,,,,,,,,,,,,,,,,,,,,,,,,,,,,,,,,,,,,,,,,,,,,,,,,,,,,,,,,,,,,,,,,,,,,,,,,,,,,,,,,,,,,,,,,,,,,,,,,,,,,,,,,,,,,,,,,,,,,,,,,,,13.2,15.2,15.6,16.4,16.82,16.8916,17.498,17.5878,17.7009,14.0,18.6034,18.7272,19.2399,19.7185,19.9151,20.48,21.0833,22.1751,22.9383,25.2291,27.2433,18.8785,3.25533,100.0,88.0,62.0,20.0,6.0,0.0,0.0,100.0,,,,,,,,,,,,,,,,,,,,,,,,,,,,,,,,,,,,,,,,,,,,,,,,,,,,,,,,,,,,,,,,,,,,,,,,,,,,,,,,,,,,,,,,,,,,,,,,,,,,,,,,,,,,,,,,,,,,,,,,,,,,,,,,,,,,,,,,,,,,,,,,,,,,,,,,,,,,,,5.6,6.4,6.8,7.2,7.6,7.6,8.0,8.0,8.4,6.0,8.4,8.8,8.8,8.8,9.2,9.2,9.6,9.62265,10.1002,11.1129,12.1165,8.4385,1.31419,4.0,0.0,0.0,0.0,100.0,0.0,98.0,43.0,,,
2026040222,,,,,,,,,,,,,,,,,,,,,,,,,,,,,,,,,0.086,,,,,,,,,,,,,,,,,,,,,,,,,,,,,,,,,,,,,,,,,,,,,,,,,,,,,,,,,,,,,,,,,,,,,,,,,,,,,,,,,,,,,,,,,,,,,,,,,,,,,,,,,,,,,,,,,,,,,,,,,,,,,,,,,,,,,,,,,,,,,,,,,,,,,,,,,,,,,,,,,,,,,,,,,,,,,,,,,,,,,,,,,,,,,,,,,,,,,,,,,,,,,,,,,,,,,,,,,,,,,,,,,,,,,,,,,,,,,,,,,,,,,,,,,,,,,,,,,,,,,,,,,,,,,,,,,,,,,,,,,,,,,,,,,,,,,,,,,,,,,,,,,,,,,,,,,,,,,,,,,,,,,,,,,,,,,,,13.2,15.2,15.6,16.0,16.4,16.8,17.0639,17.1566,17.6061,14.0,18.0963,18.6302,19.1517,19.6354,20.1257,20.6305,21.486,22.1035,22.8327,25.4447,27.3805,18.7554,3.28206,100.0,86.0,58.0,22.0,6.0,0.0,0.0,100.0,,,,,,,,,,,,,,,,,,,,,,,,,,,,,,,,,,,,,,,,,,,,,,,,,,,,,,,,,,,,,,,,,,,,,,,,,,,,,,,,,,,,,,,,,,,,,,,,,,,,,,,,,,,,,,,,,,,,,,,,,,,,,,,,,,,,,,,,,,,,,,,,,,,,,,,,,,,,,,5.6,6.4,6.8,7.2,7.2,7.6,8.0,8.0,8.0,6.0,8.4,8.4,8.8,8.8,8.8,9.2,9.2,9.6,10.0,11.2,11.8101,8.40708,1.24244,4.0,0.0,0.0,0.0,100.0,0.0,97.0,38.0,,,
2026040223,,,,,,,,,,,,,,,,,,,,,,,,,,,,,,,,,0.102,,,,,,,,,,,,,,,,,,,,,,,,,,,,,,,,,,,,,,,,,,,,,,,,,,,,,,,,,,,,,,,,,,,,,,,,,,,,,,,,,,,,,,,,,,,,,,,,,,,,,,,,,,,,,,,,,,,,,,,,,,,,,,,,,,,,,,,,,,,,,,,,,,,,,,,,,,,,,,,,,,,,,,,,,,,,,,,,,,,,,,,,,,,,,,,,,,,,,,,,,,,,,,,,,,,,,,,,,,,,,,,,,,,,,,,,,,,,,,,,,,,,,,,,,,,,,,,,,,,,,,,,,,,,,,,,,,,,,,,,,,,,,,,,,,,,,,,,,,,,,,,,,,,,,,,,,,,,,,,,,,,,,,,,,,,,,,,13.2,14.8,15.6,15.6,16.0,16.8,16.8148,17.2828,17.7986,14.4,18.2766,18.8015,19.3359,19.4486,19.9756,20.8409,21.3246,22.2692,22.9177,26.0833,28.6787,18.9655,3.2148,100.0,85.0,58.0,22.0,7.0,1.0,0.0,100.0,,,,,,,,,,,,,,,,,,,,,,,,,,,,,,,,,,,,,,,,,,,,,,,,,,,,,,,,,,,,,,,,,,,,,,,,,,,,,,,,,,,,,,,,,,,,,,,,,,,,,,,,,,,,,,,,,,,,,,,,,,,,,,,,,,,,,,,,,,,,,,,,,,,,,,,,,,,,,,5.6,6.4,6.8,7.2,7.6,7.6,8.0,8.0,8.4,6.0,8.4,8.4,8.8,8.8,9.2,9.2,9.2,9.6,10.0,11.2,12.4084,8.40082,1.6087,5.0,0.0,0.0,0.0,100.0,0.0,98.0,39.0,,,
2026040300,,,,,,,,,,,,,,,,,,,,,,,,,,,,,,,,,0.143,,,,,,,,,,,,,,,,,,,,,,,,,,,,,,,,,,,,,,,,,,,,,,,,,,,,,,,,,,,,,,,,,,,0.0,0.0,0.0,0.0,0.0,0.009,0.051,0.144,0.25,0.0,0.348,0.451,0.563,0.676,0.789,0.925,1.072,1.236,1.506,2.037,3.834,,0.0,0.0,3.0,0.0,0.0,0.0,0.0,0.0,0.0,,,,,,,,,,,,,,,,,,,,,,,,,,,,,,,,,,,,,,,,,,,,,,,,,,,,,,,,,,,,,,,,,,,,,,,,,,,,,,,,,,,,,,,,,,,,,,,,,,,,,,,,,,,,,,,,,,,,,,,,,,,,,,,,,,,,,,,,,,,,,,,,,,,,,,,,,,,,,,,,,,,,,,,,,,,,,,,,,,,,,,,,,,,,,,,,,,,,,,,,,,,,,,,,,,,,,,,,,,,,,,,,,,,,,,,,,,,,,,13.2,14.4,14.8,14.8,15.6,15.6233,16.065,16.556,17.055,14.0,17.5655,18.0666,18.5858,19.1014,19.171,20.0208,20.4942,21.3828,22.2893,25.2531,27.5646,18.2254,3.2484,100.0,75.0,54.0,17.0,6.0,1.0,0.0,100.0,,,,,,,,,,,,,,,,,,,,,,,,,,,,,,,,,,,,,,,,,,,,,,,,,,,,,,,,,,,,,,,,,,,,,,,,,,,,,,,,,,,,,,,,,,,,,,,,,,,,,,,,,,,,,,,,,,,,,,,,,,,,,,,,,,,,,,,,,,,,,,,,,,,,,,,,,,,,,,5.6,6.0,6.8,6.8,7.2,7.6,7.6,8.0,8.0,6.0,8.0,8.4,8.4,8.4,8.8,8.8,9.2,9.6,10.0,11.2,12.4,8.0006,1.60788,4.0,0.0,0.0,0.0,100.0,0.0,98.0,29.0,,,
2026040301,,,,,,,,,,,,,,,,,,,,,,,,,,,,,,,,,0.098,,,,,,,,,,,,,,,,,,,,,,,,,,,,,,,,,,,,,,,,,,,,,,,,,,,,,,,,,,,,,,,,,,,,,,,,,,,,,,,,,,,,,,,,,,,,,,,,,,,,,,,,,,,,,,,,,,,,,,,,,,,,,,,,,,,,,,,,,,,,,,,,,,,,,,,,,,,,,,,,,,,,,,,,,,,,,,,,,,,,,,,,,,,,,,,,,,,,,,,,,,,,,,,,,,,,,,,,,,,,,,,,,,,,,,,,,,,,,,,,,,,,,,,,,,,,,,,,,,,,,,,,,,,,,,,,,,,,,,,,,,,,,,,,,,,,,,,,,,,,,,,,,,,,,,,,,,,,,,,,,,,,,,,,,,,,,,,12.4,13.6,14.0,14.0,14.4,14.9212,14.9745,15.8499,15.9202,13.2,16.3594,16.7889,17.2575,17.3303,17.7891,18.2445,19.1273,19.6534,20.6145,22.7929,25.8647,16.8454,3.18664,100.0,62.0,36.0,8.0,2.0,0.0,0.0,100.0,,,,,,,,,,,,,,,,,,,,,,,,,,,,,,,,,,,,,,,,,,,,,,,,,,,,,,,,,,,,,,,,,,,,,,,,,,,,,,,,,,,,,,,,,,,,,,,,,,,,,,,,,,,,,,,,,,,,,,,,,,,,,,,,,,,,,,,,,,,,,,,,,,,,,,,,,,,,,,5.2,6.0,6.4,6.8,6.8,7.2,7.2,7.2,7.6,5.6,7.6,7.6,8.0,8.0,8.4,8.4,8.8,8.8,9.2,10.4,11.6156,7.60118,1.21192,2.0,0.0,0.0,0.0,100.0,0.0,94.0,19.0,,,
2026040302,,,,,,,,,,,,,,,,,,,,,,,,,,,,,,,,,0.508,14.0,,,,,,,,,,,,,,,,,,,,,,,,,,,,,,,,,,,,,,,,,,,,,,,,,,,,,,,,,,,,,,,,,,,,,,,,,,,,,,,,,,,,,,,,,,,,,,,,,,,,,,,,,,,,,,,,,,,,,,,,,,,,,,,,,266.01,0.003,0.0,0.0,0.0,0.0,0.0,0.0,0.003,6.0,2.0,2.0,0.0,0.0,0.0,0.0,0.0,0.0,0.0,,,,,,,,,,,,,,,,,,,,,,,,,,,,,,,,,,,,,,,,,,,,,,,,,,,,,,,,,,,,,,,,,,,,,,,,,7.0,5.0,7620.0,125.0,1214.0,80.0,126.0,37.0,74.0,50.0,64.0,69.0,20.0,21.0,20.0,23.0,25.0,27.0,28.0,0.0,0.0,0.0,0.0,0.0,24.7,0.0,270.69,0.64,,34.0,2.0,0.0,,,,,,,,,,,,,,,,,,,,,,,,,,,,,,,,,,,,,,,,,,,,,,,,,,,,,,,,,,,,,,,,,,,,,,,,,,,,,,,,,,15.8,11.6,12.8,13.2,13.6,14.0,14.0,14.1411,14.6454,14.8022,12.4,15.2712,15.3566,15.825,16.3226,16.8089,17.3,17.828,18.3462,19.3173,20.8495,23.7518,15.7956,2.72,100.0,44.0,24.0,5.0,1.0,0.0,0.0,100.0,,,,,,,0.0,,,576.0,,0.0,6.0,49.9,0.0,2201.2,89.0,11.6,9.9,10.2,9.8,11.0,11.5,11.9,12.2,1048.0,936.0,992.0,912.0,1032.0,1056.0,1096.0,1136.0,0.0,57.0,79.0,12.0,0.0,,,,,,272.19,0.65,,,,,,,,,,,,,,,,,,,,,,,,,,,,,,,,,,,,,,,,,,,,,,,,,,,,,,,,,,,,,9.999e+20,270.0,7.2,270.0,8.6,,,1.0,,,2.0,0.0,465.0,43.0,47.0,48.0,50.0,4662.0,270.0,270.0,270.0,0.0,271.9,,,,,,,,,,,,,,,,,,,,,,,,,,,,,7.2,4.8,5.6,6.0,6.0,6.4,6.4,6.8,6.8,6.8,5.2,7.2,7.2,7.2,7.2,7.6,7.6,8.0,8.4,8.4,9.6,10.9114,7.20335,1.32,1.0,0.0,0.0,0.0,100.0,0.0,87.0,9.0,8.0,8.8,0.0
2026040303,,,,,,,,,,,,,,,,,,,,,,,,,,,,,,,,,0.508,10.0,,,,,,,,,,,,,,,,,,,,,,,,,,,,,,,,,,,,,,,,,,,,,,,,,,,,,,,,,,,,,,,,,,,,,,,,,,,,,,,,,,,,,,,,,,,,,,,,,,,,,,,,,,,,,,,,,,,,,,,,,,,,,,,,,265.91,0.003,0.0,0.0,0.0,0.0,0.0,0.0,0.0,5.0,2.0,2.0,1.0,0.0,0.0,0.0,0.0,0.0,0.0,,,,,,,,,,,,,,,,,,,,,,,,,,,,,,,,,,,,,,,,,,,,,,,,,,,,,,,,,,,,,,,,,,,,,,,,,3.0,3.0,7620.0,61.0,978.0,48.0,62.0,46.0,79.0,54.0,69.0,74.0,21.0,23.0,20.0,24.0,25.0,28.0,30.0,0.0,0.0,0.0,0.0,0.0,26.1,0.0,270.44,0.69,,12.0,2.0,0.0,,,,,,,,,,,,,,,,,,,,,,,,,,,,,,,,,,,,,,,,,,,,,,,,,,,,,9.999e+20,,,,,,,,,,,,,,,,,,,,,,,,,,,,,14.4,10.4,12.0,12.4,12.8,12.8,13.2,13.2,13.6231,13.6885,11.6,14.1859,14.2699,14.7539,14.8371,15.3032,15.7672,16.254,16.7671,17.3208,18.7098,21.4676,14.3836,2.32,95.0,28.0,9.0,2.0,0.0,0.0,0.0,100.0,,9.999e+20,9.999e+20,9.999e+20,9.999e+20,9.999e+20,0.8,,,424.0,,0.0,6.0,31.9,0.0,88888.0,89.0,11.5,10.0,10.3,9.9,10.8,11.5,11.9,12.3,1000.0,880.0,944.0,848.0,1000.0,1040.0,1080.0,1088.0,0.0,67.0,83.0,8.0,0.0,,,,,,271.78,0.67,,,,,,,,,,,,,,,,,,,,,,,,,,,,,,,,,,,,,,,,,,,,,,,,,,,,,,,,,,,,,9.999e+20,260.0,6.4,270.0,8.0,,,1.0,,,1.0,0.0,465.0,45.0,48.0,49.0,52.0,3115.0,260.0,260.0,260.0,0.0,271.9,,,,,,,,,,,,,,,,,,,,,,,,,,,,,6.4,4.4,4.8,5.2,5.6,5.6,6.0,6.0,6.0,6.4,4.8,6.4,6.4,6.8,6.8,7.2,7.2,7.6,7.6,7.6,8.4,9.6,6.40671,1.2,0.0,0.0,0.0,0.0,100.0,0.0,77.0,4.0,7.2,8.4,0.0
2026040304,,,,,,,,,,,,,,,,,,,,,,,,,,,,,,,,,0.254,6.0,,,,,,,,,,,,,,,,,,,,,,,,,,,,,,,,,,,,,,,,,,,,,,,,,,,,,,,,,,,,,,,,,,,,,,,,,,,,,,,,,,,,,,,,,,,,,,,,,,,,,,,,,,,,,,,,,,,,,,,,,,,,,,,,,265.68,0.003,0.0,0.0,0.0,0.0,0.0,0.0,0.0,2.0,1.0,0.0,0.0,0.0,0.0,0.0,0.0,0.0,0.0,,,,,,,,,,,,,,,,,,,,,,,,,,,,,,,,,,,,,,,,,,,,,,,,,,,,,,,,,,,,,,,,,,,,,,,,,4.0,4.0,7620.0,61.0,768.0,48.0,62.0,47.0,75.0,59.0,67.0,72.0,20.0,22.0,20.0,23.0,25.0,28.0,29.0,0.0,0.0,0.0,0.0,0.0,25.1,0.0,270.18,0.72,,9.0,2.0,0.0,,,,,,,,,,,,,,,,,,,,,,,,,,,,,,,,,,,,,,,,,,,,,,,,,,,,,,,,,,,,,,,,,,,,,,,,,,,,,,,,,,13.4,9.6,11.2,11.2,11.6,12.0,12.4,12.4,12.8,12.8,10.8,12.8,13.2474,13.3078,13.7511,14.2189,14.7069,14.7701,15.2668,16.2743,16.8864,18.8464,13.4163,2.02,85.0,14.0,4.0,0.0,0.0,0.0,0.0,100.0,,,,,,,1.2,,,432.0,,0.0,6.0,18.9,0.0,88888.0,90.0,11.5,10.3,10.5,10.2,10.9,11.2,11.7,12.1,968.0,864.0,904.0,800.0,960.0,1008.0,1040.0,1064.0,0.0,76.0,77.0,10.0,0.0,,,,,,271.71,0.74,,,,,,,,,,,,,,,,,,,,,,,,,,,,,,,,,,,,,,,,,,,,,,,,,,,,,,,,,,,,,9.999e+20,270.0,6.0,270.0,7.7,,,0.0,,,0.0,0.0,465.0,44.0,53.0,59.0,67.0,3057.0,270.0,270.0,270.0,0.0,271.6,,,,,,,,,,,,,,,,,,,,,,,,,,,,,6.0,3.6,4.8,4.8,4.8,5.2,5.6,5.6,5.6,6.0,4.4,6.0,6.0,6.4,6.4,6.4,6.8,6.8,7.2,7.2,7.6,8.8,6.00825,1.1,0.0,0.0,0.0,0.0,99.0,0.0,60.0,2.0,6.8,7.6,0.0
2026040305,,,,,,,,,,,,,,,,,,,,,,,,,,,,,,,,,0.0,5.0,,,,,,,,,,,,,,,,,,,,,,,,,,,,,,,,,,,,,,,,,,,,,,,,,,,,,,,,,,,,,,,,,,,,,,,,,,,,,,,,,,,,,,,,,,,,,,,,,,,,,,,,,,,,,,,,,,,,,,,,,,,,,,,,,265.65,0.0,0.0,0.0,0.0,0.0,0.0,0.0,0.0,2.0,0.0,0.0,0.0,0.0,0.0,0.0,0.0,0.0,0.0,,,,,,,,,,,,,,,,,,,,,,,,,,,,,,,,,,,,,,,,,,,,,,,,,,,,,,,,,,,,,,,,,,,,,,,,,1.0,3.0,7620.0,33.0,770.0,32.0,32.0,57.0,79.0,66.0,72.0,76.0,20.0,21.0,20.0,22.0,23.0,27.0,28.0,0.0,0.0,0.0,0.0,0.0,23.7,0.0,269.86,0.8,,7.0,2.0,0.0,,,,,,,,,,,,,,,,,,,,,,,,,,,,,,,,,,,,,,,,,,,,,,,,,,,,,,,,,,,,,,,,,,,,,,,,,,,,,,,,,,12.2,8.4,10.0,10.4,10.4,10.8,11.2,11.2,11.6,11.6,9.2,12.0,12.4,12.455,12.8921,12.9293,13.4252,13.4927,13.9876,14.9546,15.9244,16.6375,12.1676,1.9,66.0,8.0,0.0,0.0,0.0,0.0,0.0,98.0,,,,,,,1.2,,,416.0,,0.0,6.3,0.6,0.0,88888.0,89.0,11.0,10.2,10.6,10.0,10.8,11.1,11.4,11.7,928.0,824.0,856.0,768.0,928.0,968.0,1000.0,1024.0,0.0,81.0,74.0,11.0,0.0,,,,,,271.54,0.78,,,,,,,,,,,,,,,,,,,,,,,,,,,,,,,,,,,,,,,,,,,,,,,,,,,,,,,,,,,,,9.999e+20,270.0,5.6,270.0,7.3,,,0.0,,,0.0,0.0,465.0,41.0,50.0,55.0,63.0,2763.0,270.0,270.0,270.0,0.0,271.3,,,,,,,,,,,,,,,,,,,,,,,,,,,,,5.6,3.2,4.0,4.4,4.4,4.8,4.8,4.8,5.2,5.2,4.0,5.6,5.6,6.0,6.0,6.0,6.4,6.4,6.4,6.8,7.2,8.0,5.6,1.12,0.0,0.0,0.0,0.0,97.0,0.0,46.0,1.0,6.4,6.8,0.0
2026040306,0.956,0.0,0.0,0.0,0.01,0.024,0.097,0.247,0.377,0.55,0.0,0.698,0.861,1.028,1.182,1.352,1.532,1.737,1.934,2.254,2.835,4.625,,0.0,0.0,0.0,0.0,7.0,0.0,0.0,0.0,0.0,0.0,3.0,,,,,,,,,,,,,,,,,,,,,,,,,,,,,,,,,,,,,,,,,,,,,,,,,,,,,,,,,,,,,,,,,,0.0,0.0,0.0,0.0,0.0,0.0,0.0,0.0,0.0,0.0,0.0,0.0,0.0,0.004,0.017,0.084,0.197,0.34,0.544,0.898,1.654,,0.0,0.0,0.0,0.0,0.0,0.0,0.0,0.0,0.0,,,,,,,,,,,,,,,,,,,,,,,,,,,,,,,,,265.8,0.0,0.0,0.0,0.0,0.0,0.0,0.0,0.0,0.0,0.0,0.0,0.0,0.0,0.0,0.0,0.0,0.0,0.0,,,,,,,,,,,,,,,,,,,,,,,,,,,,,,,,,,,,,,,,,,,,,,,,,,,,,,,,,,,,,,,,,,,,,,,,,1.0,2.0,7620.0,33.0,579.0,32.0,32.0,49.0,77.0,59.0,72.0,76.0,19.0,21.0,19.0,22.0,22.0,26.0,27.0,0.0,0.0,0.0,0.0,0.0,23.1,0.0,269.51,0.81,0.0,6.0,2.0,0.0,,,,,,,,,,,,,,,,,,,,,,,,,,,,,,,,,,,,,,,,,,,,,,,,,,,,,9.999e+20,,,,,,,,,,,,,,,,,,,,,,,,,,,,,11.0,6.8,8.4,8.8,9.6,9.6,10.0,10.0,10.4,10.8,8.0,10.8,11.2477,11.3082,11.7571,11.8106,12.2712,12.3568,12.8816,13.7629,14.3622,15.5137,11.0046,2.02,38.0,2.0,0.0,0.0,0.0,0.0,0.0,85.0,,9.999e+20,9.999e+20,9.999e+20,9.999e+20,9.999e+20,0.0,,,256.0,,0.0,0.3,0.6,0.0,88888.0,89.0,10.7,10.0,10.4,9.8,10.9,11.2,11.4,11.5,888.0,768.0,824.0,720.0,888.0,936.0,968.0,984.0,0.0,72.0,65.0,12.0,0.0,,,,,,271.11,0.8,,,,,,,,,,,,,,,,,,,,,,,,,,,,,,,,,,,,,,,,,,,,,,,,,,,,,,,,,,,,,9.999e+20,260.0,4.8,270.0,5.9,,,0.0,1.0,,0.0,0.0,465.0,35.0,43.0,45.0,53.0,1338.0,260.0,260.0,260.0,0.0,271.3,,,,,,,,,,,,,,,,,,,,,,,,,,,,,4.8,2.8,3.2,3.6,4.0,4.0,4.4,4.4,4.4,4.8,3.2,4.8,5.2,5.2,5.6,5.6,5.6,6.0,6.0,6.4,6.8,7.6,4.8,1.2,0.0,0.0,0.0,0.0,85.0,0.0,28.0,1.0,5.6,6.4,0.0
2026040307,,,,,,,,,,,,,,,,,,,,,,,,,,,,,,,,,0.0,2.0,,,,,,,,,,,,,,,,,,,,,,,,,,,,,,,,,,,,,,,,,,,,,,,,,,,,,,,,,,,,,,,,,,,,,,,,,,,,,,,,,,,,,,,,,,,,,,,,,,,,,,,,,,,,,,,,,,,,,,,,,,,,,,,,,265.33,0.0,0.0,0.0,0.0,0.0,0.0,0.0,0.0,0.0,0.0,0.0,0.0,0.0,0.0,0.0,0.0,0.0,0.0,,,,,,,,,,,,,,,,,,,,,,,,,,,,,,,,,,,,,,,,,,,,,,,,,,,,,,,,,,,,,,,,,,,,,,,,,1.0,3.0,7620.0,65.0,411.0,64.0,64.0,25.0,41.0,26.0,29.0,32.0,19.0,21.0,19.0,22.0,23.0,25.0,27.0,0.0,0.0,0.0,0.0,0.0,23.1,0.0,269.6,0.71,,0.0,2.0,0.0,,,,,,,,,,,,,,,,,,,,,,,,,,,,,,,,,,,,,,,,,,,,,,,,,,,,,,,,,,,,,,,,,,,,,,,,,,,,,,,,,,10.2,6.0,7.6,8.0,8.8,8.8,9.2,9.6,10.0,10.0,7.2,10.4,10.4,10.4,10.8523,10.9135,11.3445,11.4634,11.9442,12.9145,13.4545,14.9145,10.1634,1.92,25.0,1.0,0.0,0.0,0.0,0.0,0.0,79.0,,,,,,,0.0,,,248.0,,0.0,0.0,0.0,0.0,88888.0,91.0,10.8,10.1,10.5,10.0,11.1,11.3,11.5,11.6,832.0,712.0,800.0,640.0,864.0,904.0,936.0,952.0,0.0,61.0,62.0,15.0,0.0,,,,,,270.56,0.83,,,,,,,,,,,,,,,,,,,,,,,,,,,,,,,,,,,,,,,,,,,,,,,,,,,,,,,,,,,,,9.999e+20,260.0,4.4,270.0,5.5,,,0.0,,,0.0,0.0,465.0,26.0,27.0,28.0,32.0,1207.0,260.0,260.0,260.0,0.0,271.0,,,,,,,,,,,,,,,,,,,,,,,,,,,,,4.4,2.4,3.2,3.2,3.6,3.6,4.0,4.0,4.0,4.4,2.8,4.4,4.8,4.8,5.2,5.2,5.2,5.6,5.6,6.0,6.4,7.6,4.4,1.12,0.0,0.0,0.0,0.0,77.0,0.0,14.0,0.0,5.2,5.6,0.0
2026040308,,,,,,,,,,,,,,,,,,,,,,,,,,,,,,,,,0.0,1.0,,,,,,,,,,,,,,,,,,,,,,,,,,,,,,,,,,,,,,,,,,,,,,,,,,,,,,,,,,,,,,,,,,,,,,,,,,,,,,,,,,,,,,,,,,,,,,,,,,,,,,,,,,,,,,,,,,,,,,,,,,,,,,,,,265.4,0.0,0.0,0.0,0.0,0.0,0.0,0.0,0.0,0.0,0.0,0.0,0.0,0.0,0.0,0.0,0.0,0.0,0.0,,,,,,,,,,,,,,,,,,,,,,,,,,,,,,,,,,,,,,,,,,,,,,,,,,,,,,,,,,,,,,,,,,,,,,,,,1.0,3.0,8254.0,1377.0,1403.0,1376.0,1376.0,23.0,38.0,24.0,27.0,30.0,19.0,21.0,18.0,22.0,22.0,23.0,24.0,0.0,0.0,0.0,0.0,0.0,22.3,0.0,268.93,0.74,,0.0,2.0,0.0,,,,,,,,,,,,,,,,,,,,,,,,,,,,,,,,,,,,,,,,,,,,,,,,,,,,,,,,,,,,,,,,,,,,,,,,,,,,,,,,,,9.3,5.6,6.8,7.2,7.6,8.4,8.4,8.8,8.8,9.2,6.4,9.6,9.6,10.0,10.0,10.4,10.8355,10.8909,11.348,11.8819,12.5089,14.1139,9.30727,1.92,15.0,0.0,0.0,0.0,0.0,0.0,0.0,65.0,,,,,,,0.0,,,224.0,,0.0,0.0,0.0,0.0,88888.0,90.0,10.8,10.2,10.4,10.0,11.1,11.5,11.6,11.8,776.0,672.0,768.0,584.0,832.0,864.0,904.0,920.0,15.0,57.0,49.0,27.0,0.0,,,,,,270.57,1.06,,,,,,,,,,,,,,,,,,,,,,,,,,,,,,,,,,,,,,,,,,,,,,,,,,,,,,,,,,,,,9.999e+20,260.0,4.4,270.0,5.2,,,0.0,,,0.0,0.0,209.0,28.0,28.0,28.0,30.0,967.0,260.0,260.0,260.0,0.0,271.0,,,,,,,,,,,,,,,,,,,,,,,,,,,,,4.4,2.0,2.8,2.8,3.2,3.2,3.6,3.6,3.6,4.0,2.4,4.0,4.4,4.4,4.8,4.8,4.8,5.2,5.2,5.6,6.0,7.2,4.0,1.12,0.0,0.0,0.0,0.0,69.0,0.0,8.0,0.0,4.8,5.2,0.0
2026040309,,,,,,,,,,,,,,,,,,,,,,,,,,,,,,,,,0.0,1.0,,,,,,,,,,,,,,,,,,,,,,,,,,,,,,,,,,,,,,,,,,,,,,,,,,,,,,,,,,,,,,,,,,,,,,,,,,,,,,,,,,,,,,,,,,,,,,,,,,,,,,,,,,,,,,,,,,,,,,,,,,,,,,,,,265.29,0.0,0.0,0.0,0.0,0.0,0.0,0.0,0.0,0.0,0.0,0.0,0.0,0.0,0.0,0.0,0.0,0.0,0.0,,,,,,,,,,,,,,,,,,,,,,,,,,,,,,,,,,,,,,,,,,,,,,,,,,,,,,,,,,,,,,,,,,,,,,,,,1.0,2.0,7620.0,7621.0,13717.0,1464.0,88886.0,21.0,36.0,22.0,25.0,28.0,19.0,21.0,18.0,22.0,23.0,23.0,23.0,0.0,0.0,0.0,0.0,0.0,22.3,0.0,268.75,0.92,0.0,0.0,2.0,0.0,,,,,,,,,,,,,,,,,,,,,,,,,,,,,,,,,,,,,,,,,,,,,,,,,,,,,9.999e+20,,,,,,,,,,,,,,,,,,,,,,,,,,,,,8.9,4.8,6.0,6.4,7.2,7.6,7.6,8.0,8.4,8.4,5.6,8.8,9.2,9.2,9.6,10.0,10.4,10.4072,10.5011,10.9747,11.588,13.0929,8.87872,1.92,7.0,0.0,0.0,0.0,0.0,0.0,0.0,52.0,,9.999e+20,9.999e+20,9.999e+20,9.999e+20,9.999e+20,0.0,,,208.0,,0.0,0.0,0.0,0.0,88888.0,90.0,10.6,10.0,10.4,9.9,11.2,11.7,11.8,11.9,736.0,624.0,720.0,560.0,800.0,832.0,872.0,888.0,0.0,0.0,47.0,24.0,0.0,,,,,,270.03,1.18,,,,,,,,,,,,,,,,,,,,,,,,,,,,,,,,,,,,,,,,,,,,,,,,,,,,,,,,,,,,,9.999e+20,260.0,4.0,260.0,4.9,,,0.0,0.0,,0.0,0.0,465.0,26.0,28.0,29.0,31.0,810.0,260.0,260.0,260.0,0.0,270.8,,,,,,,,,,,,,,,,,,,,,,,,,,,,,4.0,1.6,2.4,2.4,2.8,2.8,3.2,3.2,3.6,3.6,2.0,4.0,4.0,4.0,4.4,4.4,4.8,4.8,4.8,5.2,5.6,6.4,4.0,1.12,0.0,0.0,0.0,0.0,58.0,0.0,4.0,0.0,4.4,4.8,0.0
2026040310,,,,,,,,,,,,,,,,,,,,,,,,,,,,,,,,,0.0,0.0,,,,,,,,,,,,,,,,,,,,,,,,,,,,,,,,,,,,,,,,,,,,,,,,,,,,,,,,,,,,,,,,,,,,,,,,,,,,,,,,,,,,,,,,,,,,,,,,,,,,,,,,,,,,,,,,,,,,,,,,,,,,,,,,,265.05,0.0,0.0,0.0,0.0,0.0,0.0,0.0,0.0,0.0,0.0,0.0,0.0,0.0,0.0,0.0,0.0,0.0,0.0,,,,,,,,,,,,,,,,,,,,,,,,,,,,,,,,,,,,,,,,,,,,,,,,,,,,,,,,,,,,,,,,,,,,,,,,,0.0,2.0,7620.0,1373.0,1674.0,1376.0,1374.0,22.0,38.0,23.0,27.0,31.0,19.0,21.0,18.0,22.0,22.0,23.0,24.0,0.0,0.0,0.0,0.0,0.0,21.8,0.0,268.13,1.17,,0.0,2.0,0.0,,,,,,,,,,,,,,,,,,,,,,,,,,,,,,,,,,,,,,,,,,,,,,,,,,,,,,,,,,,,,,,,,,,,,,,,,,,,,,,,,,8.1,4.4,5.6,6.0,6.4,6.8,7.2,7.2,7.6,7.6,5.2,8.0,8.4,8.8,9.2,9.2,9.6,9.6,10.0436,10.1075,11.0726,13.1603,8.05191,1.92,2.0,0.0,0.0,0.0,0.0,0.0,0.0,39.0,,,,,,,0.0,,,176.0,,0.0,0.0,0.0,0.0,88888.0,89.0,10.9,10.2,10.5,9.9,11.2,11.6,11.7,11.9,680.0,560.0,696.0,488.0,776.0,824.0,856.0,880.0,0.0,57.0,47.0,29.0,0.0,,,,,,269.66,1.15,,,,,,,,,,,,,,,,,,,,,,,,,,,,,,,,,,,,,,,,,,,,,,,,,,,,,,,,,,,,,9.999e+20,260.0,3.6,260.0,4.8,,,0.0,,,0.0,0.0,465.0,25.0,29.0,31.0,35.0,664.0,260.0,260.0,260.0,0.0,270.6,,,,,,,,,,,,,,,,,,,,,,,,,,,,,3.6,1.6,2.0,2.4,2.4,2.8,2.8,2.8,3.2,3.2,2.0,3.6,3.6,4.0,4.0,4.0,4.4,4.4,4.8,4.8,5.2,6.4,3.6,1.12,0.0,0.0,0.0,0.0,47.0,0.0,3.0,0.0,4.0,4.4,0.0
2026040311,,,,,,,,,,,,,,,,,,,,,,,,,,,,,,,,,0.0,0.0,,,,,,,,,,,,,,,,,,,,,,,,,,,,,,,,,,,,,,,,,,,,,,,,,,,,,,,,,,,,,,,,,,,,,,,,,,,,,,,,,,,,,,,,,,,,,,,,,,,,,,,,,,,,,,,,,,,,,,,,,,,,,,,,,265.02,0.0,0.0,0.0,0.0,0.0,0.0,0.0,0.0,0.0,0.0,0.0,0.0,0.0,0.0,0.0,0.0,0.0,0.0,,,,,,,,,,,,,,,,,,,,,,,,,,,,,,,,,,,,,,,,,,,,,,,,,,,,,,,,,,,,,,,,,,,,,,,,,0.0,2.0,7620.0,33.0,333.0,32.0,32.0,29.0,41.0,29.0,31.0,34.0,19.0,20.0,19.0,21.0,22.0,23.0,24.0,0.0,0.0,0.0,0.0,0.0,22.0,0.0,267.88,1.16,,0.0,1.0,0.0,,,,,,,,,,,,,,,,,,,,,,,,,,,,,,,,,,,,,,,,,,,,,,,,,,,,,,,,,,,,,,,,,,,,,,,,,,,,,,,,,,7.6,4.0,4.8,5.2,5.6,6.0,6.4,6.8,7.2,7.2,4.4,7.6,7.6,8.0,8.4,8.4,8.8,9.2,9.2,9.60612,10.2195,12.4519,7.23747,1.9,2.0,0.0,0.0,0.0,0.0,0.0,0.0,25.0,,,,,,,0.0,,,176.0,,0.0,0.0,0.0,0.0,88888.0,89.0,10.9,10.0,10.5,9.8,11.2,11.5,11.7,11.7,648.0,512.0,648.0,440.0,760.0,816.0,840.0,872.0,0.0,57.0,48.0,27.0,0.0,,,,,,269.32,1.16,,,,,,,,,,,,,,,,,,,,,,,,,,,,,,,,,,,,,,,,,,,,,,,,,,,,,,,,,,,,,9.999e+20,260.0,3.2,260.0,4.4,,,0.0,,,0.0,0.0,209.0,29.0,32.0,35.0,35.0,648.0,260.0,260.0,260.0,0.0,270.5,,,,,,,,,,,,,,,,,,,,,,,,,,,,,3.2,1.2,1.6,2.0,2.0,2.4,2.4,2.8,2.8,2.8,1.6,3.2,3.2,3.6,3.6,4.0,4.0,4.0,4.4,4.4,4.8,6.0,3.2,1.12,0.0,0.0,0.0,0.0,37.0,0.0,2.0,0.0,3.6,4.0,0.0
2026040312,0.133,0.0,0.0,0.0,0.0,0.0,0.0,0.0,0.0,0.0,0.0,0.0,0.0,0.0,0.0,0.003,0.016,0.098,0.22,0.424,0.906,1.92,,0.0,0.0,0.0,0.0,0.0,0.0,0.0,0.0,0.0,0.0,0.0,,,,,,,,,,,,,,,,,,,,,,,,,,,,,,,,,,,,,,,,,,,,,,,,,,,,,,,,,,,,,,,,,0.0,0.0,0.0,0.0,0.0,0.0,0.0,0.0,0.0,0.0,0.0,0.0,0.0,0.0,0.0,0.0,0.0,0.0,0.0,0.0,0.0,0.12,2.0,0.0,0.0,0.0,0.0,0.0,0.0,0.0,0.0,0.0,,,,,,,,,,,,,,,,,,,,,,,,,,,,,,,,,265.09,0.0,0.0,0.0,0.0,0.0,0.0,0.0,0.0,0.0,0.0,0.0,0.0,0.0,0.0,0.0,0.0,0.0,0.0,,,,,,,,,,,,,,,,,,,,,,,,,,,,,,,,,,,,,0.0,0.0,0.0,0.0,0.0,0.0,0.0,0.0,1.0,0.0,0.0,0.0,0.0,0.0,0.0,0.0,0.0,0.0,,,,,,,,,,,,,,,,,,,0.0,1.0,7620.0,33.0,331.0,32.0,32.0,29.0,39.0,29.0,31.0,34.0,19.0,20.0,18.0,21.0,22.0,23.0,24.0,0.0,0.0,0.0,0.0,0.0,21.9,0.0,267.44,1.29,0.0,0.0,1.0,0.0,,,,,,,,,,,,,,,,,,,,,,,,,,0.0,0.0,0.0,0.0,0.0,0.0,0.0,0.0,0.0,0.0,0.0,0.0,0.0,,,,,,,,,,,,,,5.2,9.999e+20,,,,,,,,,,,,,,,,,,,,,,,,,,,,,6.8,3.6,4.4,4.4,4.8,5.2,5.6,6.0,6.4,6.8,4.0,6.8,6.8,7.2,7.6,8.0,8.0,8.4,8.8,9.20113,9.67044,12.0035,6.82876,1.9,2.0,0.0,0.0,0.0,0.0,0.0,0.0,16.0,4.0,9.999e+20,9.999e+20,9.999e+20,9.999e+20,9.999e+20,0.0,,,176.0,,0.0,0.0,0.0,0.0,88888.0,89.0,10.6,10.0,10.4,9.6,11.1,11.5,11.6,11.8,624.0,448.0,608.0,376.0,752.0,800.0,832.0,864.0,0.0,57.0,48.0,24.0,0.0,,,,,,269.31,1.31,,,,,,,,,,,,,,,,,,,,,,,,,,,,,,,,,,,,,,,,,,,,,,,,,,,,,,,,,,,,,9.999e+20,260.0,2.8,260.0,4.5,,,0.0,0.0,0.0,0.0,0.0,256.0,29.0,32.0,33.0,35.0,630.0,260.0,260.0,260.0,0.0,270.2,,,,,,,,,,,,,,,,,,,,,,,,,,,,,2.8,1.2,1.6,1.6,1.6,2.0,2.4,2.4,2.4,2.8,1.6,2.8,2.8,3.2,3.2,3.6,3.6,4.0,4.0,4.4,4.8,5.6,2.80076,1.12,0.0,0.0,0.0,0.0,29.0,0.0,2.0,0.0,3.2,3.6,0.0
2026040313,,,,,,,,,,,,,,,,,,,,,,,,,,,,,,,,,0.0,1.0,,,,,,,,,,,,,,,,,,,,,,,,,,,,,,,,,,,,,,,,,,,,,,,,,,,,,,,,,,,,,,,,,,,,,,,,,,,,,,,,,,,,,,,,,,,,,,,,,,,,,,,,,,,,,,,,,,,,,,,,,,,,,,,,,265.6,0.0,0.0,0.0,0.0,0.0,0.0,0.0,0.0,0.0,0.0,0.0,0.0,0.0,0.0,0.0,0.0,0.0,0.0,,,,,,,,,,,,,,,,,,,,,,,,,,,,,,,,,,,,,,,,,,,,,,,,,,,,,,,,,,,,,,,,,,,,,,,,,0.0,1.0,8692.0,33.0,331.0,32.0,32.0,32.0,42.0,32.0,33.0,36.0,19.0,21.0,18.0,21.0,22.0,23.0,24.0,0.0,0.0,0.0,0.0,0.0,21.8,0.0,267.65,1.36,,0.0,1.0,0.0,,,,,,,,,,,,,,,,,,,,,,,,,,,,,,,,,,,,,,,,,,,,,,,,,,,,,,,,,,,,,,,,,,,,,,,,,,,,,,,,,,6.4,3.2,4.0,4.4,4.4,4.8,5.2,5.6,5.6,6.0,4.0,6.4,6.4,6.8,7.2,7.2,7.6,8.0,8.0,8.45329,9.00806,11.2992,6.43646,1.7,1.0,0.0,0.0,0.0,0.0,0.0,0.0,7.0,,,,,,,0.0,,,176.0,,0.0,0.0,0.0,0.0,88888.0,88.0,10.0,9.5,10.1,8.4,10.4,10.7,10.9,11.4,608.0,488.0,616.0,440.0,776.0,824.0,856.0,872.0,14.0,57.0,51.0,28.0,0.0,,,,,,269.14,1.37,,,,,,,,,,,,,,,,,,,,,,,,,,,,,,,,,,,,,,,,,,,,,,,,,,,,,,,,,,,,,9.999e+20,250.0,2.8,260.0,4.5,,,0.0,,,0.0,0.0,384.0,30.0,30.0,30.0,30.0,657.0,250.0,250.0,250.0,0.0,270.4,,,,,,,,,,,,,,,,,,,,,,,,,,,,,2.8,1.2,1.6,1.6,1.6,1.6,2.0,2.0,2.0,2.4,1.2,2.4,2.8,2.8,3.2,3.2,3.2,3.6,3.6,4.0,4.4,5.2,2.4,1.0,0.0,0.0,0.0,0.0,15.0,0.0,0.0,0.0,2.8,3.2,0.0
2026040314,,,,,,,,,,,,,,,,,,,,,,,,,,,,,,,,,0.0,1.0,,,,,,,,,,,,,,,,,,,,,,,,,,,,,,,,,,,,,,,,,,,,,,,,,,,,,,,,,,,,,,,,,,,,,,,,,,,,,,,,,,,,,,,,,,,,,,,,,,,,,,,,,,,,,,,,,,,,,,,,,,,,,,,,,265.8,0.0,0.0,0.0,0.0,0.0,0.0,0.0,0.0,0.0,0.0,0.0,0.0,0.0,0.0,0.0,0.0,0.0,0.0,,,,,,,,,,,,,,,,,,,,,,,,,,,,,,,,,,,,,,,,,,,,,,,,,,,,,,,,,,,,,,,,,,,,,,,,,0.0,1.0,7620.0,29.0,329.0,32.0,30.0,30.0,41.0,30.0,31.0,34.0,19.0,20.0,18.0,21.0,22.0,23.0,23.0,0.0,0.0,0.0,0.0,0.0,21.0,0.0,267.25,1.38,,4.0,1.0,0.0,,,,,,,,,,,,,,,,,,,,,,,,,,,,,,,,,,,,,,,,,,,,,,,,,,,,,,,,,,,,,,,,,,,,,,,,,,,,,,,,,,6.1,2.8,4.0,4.0,4.4,4.4,4.8,4.8,5.2,5.6,3.6,6.0,6.0,6.4,6.4,6.8,6.8,7.2,7.61186,7.74026,8.31783,10.5534,5.6564,1.62,0.0,0.0,0.0,0.0,0.0,0.0,0.0,4.0,,,,,,,0.0,,,176.0,,0.0,0.0,0.0,0.0,88888.0,86.0,9.4,8.8,9.4,7.3,9.8,10.1,10.4,11.1,608.0,528.0,624.0,496.0,784.0,848.0,880.0,896.0,0.0,57.0,55.0,30.0,0.0,,,,,,269.2,1.39,,,,,,,,,,,,,,,,,,,,,,,,,,,,,,,,,,,,,,,,,,,,,,,,,,,,,,,,,,,,,9.999e+20,250.0,2.4,260.0,4.4,,,0.0,,,0.0,0.0,384.0,27.0,29.0,29.0,32.0,634.0,250.0,250.0,250.0,0.0,270.3,,,,,,,,,,,,,,,,,,,,,,,,,,,,,2.4,0.8,1.6,1.6,1.6,1.6,1.6,2.0,2.0,2.0,1.2,2.4,2.4,2.8,2.8,2.8,3.2,3.2,3.2,3.6,4.0,4.4,2.4,0.92,0.0,0.0,0.0,0.0,8.0,0.0,0.0,0.0,2.8,3.2,0.0
2026040315,,,,,,,,,,,,,,,,,,,,,,,,,,,,,,,,,0.0,1.0,,,,,,,,,,,,,,,,,,,,,,,,,,,,,,,,,,,,,,,,,,,,,,,,,,,,,,,,,,,,,,,,,,,,,,,,,,,,,,,,,,,,,,,,,,,,,,,,,,,,,,,,,,,,,,,,,,,,,,,,,,,,,,,,,267.27,0.0,0.0,0.0,0.0,0.0,0.0,0.0,0.0,0.0,0.0,0.0,0.0,0.0,0.0,0.0,0.0,0.0,0.0,,,,,,,,,,,,,,,,,,,,,,,,,,,,,,,,,,,,,,,,,,,,,,,,,,,,,,,,,,,,,,,,,,,,,,,,,0.0,1.0,7620.0,29.0,329.0,32.0,30.0,28.0,42.0,28.0,29.0,33.0,18.0,19.0,17.0,20.0,22.0,24.0,24.0,0.0,0.0,0.0,0.0,0.0,20.2,0.0,267.62,1.15,0.0,119.0,1.0,0.0,,,,,,,,,,,,,,,,,,,,,,,,,,,,,,,,,,,,,,,,,,,,,,,,,,,,,9.999e+20,,,,,,,,,,,,,,,,,,,,,,,,,,,,,5.7,2.0,3.6,4.0,4.0,4.4,4.4,4.8,4.8,5.2,3.2,5.6,5.6,6.0,6.0,6.4,6.42889,6.90556,7.03938,7.56206,8.13175,9.57362,5.30006,1.6,0.0,0.0,0.0,0.0,0.0,0.0,0.0,2.0,,9.999e+20,9.999e+20,9.999e+20,9.999e+20,9.999e+20,0.0,,,184.0,,0.0,0.0,0.0,0.0,88888.0,83.0,7.8,7.6,8.6,5.6,9.1,9.7,10.0,10.8,624.0,576.0,648.0,560.0,800.0,872.0,912.0,928.0,0.0,57.0,65.0,23.0,0.0,,,,,,270.07,1.16,,,,,,,,,,,,,,,,,,,,,,,,,,,,,,,,,,,,,,,,,,,,,,,,,,,,,,,,,,,,,9.999e+20,250.0,2.0,260.0,4.2,,,0.0,0.0,,0.0,0.001,465.0,25.0,27.0,27.0,29.0,593.0,250.0,250.0,250.0,0.0,269.9,,,,,,,,,,,,,,,,,,,,,,,,,,,,,2.0,0.8,1.2,1.2,1.6,1.6,1.6,1.6,1.6,2.0,0.8,2.0,2.0,2.4,2.4,2.4,2.8,2.8,2.8,3.2,3.6,4.0,2.0,0.8,0.0,0.0,0.0,0.0,5.0,0.0,0.0,0.0,2.4,2.8,0.0
2026040316,,,,,,,,,,,,,,,,,,,,,,,,,,,,,,,,,0.0,2.0,,,,,,,,,,,,,,,,,,,,,,,,,,,,,,,,,,,,,,,,,,,,,,,,,,,,,,,,,,,,,,,,,,,,,,,,,,,,,,,,,,,,,,,,,,,,,,,,,,,,,,,,,,,,,,,,,,,,,,,,,,,,,,,,,269.74,0.0,0.0,0.0,0.0,0.0,0.0,0.0,0.0,0.0,0.0,0.0,0.0,0.0,0.0,0.0,0.0,0.0,0.0,,,,,,,,,,,,,,,,,,,,,,,,,,,,,,,,,,,,,,,,,,,,,,,,,,,,,,,,,,,,,,,,,,,,,,,,,0.0,1.0,7880.0,61.0,361.0,64.0,62.0,28.0,39.0,29.0,31.0,35.0,17.0,19.0,17.0,20.0,21.0,23.0,24.0,0.0,0.0,0.0,0.0,0.0,19.5,0.0,268.49,1.11,,298.0,1.0,0.0,,,,,,,,,,,,,,,,,,,,,,,,,,,,,,,,,,,,,,,,,,,,,,,,,,,,,,,,,,,,,,,,,,,,,,,,,,,,,,,,,,5.8,2.4,4.0,4.4,4.4,4.8,4.8,5.2,5.2,5.6,3.6,5.6,5.6,6.00472,6.03727,6.07347,6.57234,6.7202,6.86402,7.04585,7.98398,8.66112,5.38629,1.3,0.0,0.0,0.0,0.0,0.0,0.0,0.0,2.0,,,,,,,0.0,,,232.0,,0.0,0.0,0.0,0.0,88888.0,74.0,6.1,5.9,7.6,5.3,8.0,8.7,9.0,9.7,744.0,744.0,808.0,704.0,888.0,936.0,968.0,992.0,30.0,57.0,42.0,23.0,0.0,,,,,,272.43,1.12,,,,,,,,,,,,,,,,,,,,,,,,,,,,,,,,,,,,,,,,,,,,,,,,,,,,,,,,,,,,,9.999e+20,260.0,2.0,250.0,3.8,,,0.0,,,0.0,0.0,465.0,24.0,26.0,28.0,28.0,739.0,260.0,260.0,260.0,0.0,271.5,,,,,,,,,,,,,,,,,,,,,,,,,,,,,2.0,0.8,1.2,1.2,1.6,1.6,1.6,1.6,1.6,2.0,1.2,2.0,2.0,2.0,2.4,2.4,2.4,2.8,2.8,2.8,3.2,3.6,2.0,0.72,0.0,0.0,0.0,0.0,2.0,0.0,0.0,0.0,2.4,2.4,0.0
2026040317,,,,,,,,,,,,,,,,,,,,,,,,,,,,,,,,,0.0,2.0,,,,,,,,,,,,,,,,,,,,,,,,,,,,,,,,,,,,,,,,,,,,,,,,,,,,,,,,,,,,,,,,,,,,,,,,,,,,,,,,,,,,,,,,,,,,,,,,,,,,,,,,,,,,,,,,,,,,,,,,,,,,,,,,,272.27,0.0,0.0,0.0,0.0,0.0,0.0,0.0,0.0,0.0,0.0,0.0,0.0,0.0,0.0,0.0,0.0,0.0,0.0,,,,,,,,,,,,,,,,,,,,,,,,,,,,,,,,,,,,,,,,,,,,,,,,,,,,,,,,,,,,,,,,,,,,,,,,,0.0,0.0,7620.0,125.0,3515.0,120.0,126.0,21.0,32.0,23.0,25.0,28.0,17.0,18.0,17.0,19.0,21.0,22.0,25.0,0.0,0.0,0.0,0.0,0.0,19.2,0.0,268.34,1.18,,435.0,1.0,0.0,,,,,,,,,,,,,,,,,,,,,,,,,,,,,,,,,,,,,,,,,,,,,,,,,,,,,,,,,,,,,,,,,,,,,,,,,,,,,,,,,,5.9,2.8,4.4,4.8,4.8,5.2,5.2,5.6,5.6,5.6,4.0,6.02873,6.10422,6.17085,6.27181,6.3958,6.86852,7.03793,7.1763,7.78298,7.94918,8.66017,5.93506,1.3,0.0,0.0,0.0,0.0,0.0,0.0,0.0,1.0,,,,,,,0.0,,,392.0,,0.0,0.0,0.0,0.0,88888.0,64.0,5.2,5.6,6.6,4.1,7.0,7.7,8.1,8.4,896.0,872.0,944.0,856.0,992.0,1032.0,1064.0,1088.0,0.0,57.0,35.0,29.0,0.0,,,,,,274.72,1.18,,,,,,,,,,,,,,,,,,,,,,,,,,,,,,,,,,,,,,,,,,,,,,,,,,,,,,,,,,,,,9.999e+20,260.0,2.4,260.0,3.9,,,0.0,,,0.0,0.0,465.0,18.0,18.0,18.0,21.0,1427.0,260.0,260.0,260.0,0.0,273.5,,,,,,,,,,,,,,,,,,,,,,,,,,,,,2.4,0.8,1.2,1.6,1.6,1.6,2.0,2.0,2.0,2.0,1.2,2.0,2.4,2.4,2.4,2.4,2.4,2.8,2.8,2.8,3.2,3.6,2.0,0.6,0.0,0.0,0.0,0.0,1.0,0.0,0.0,0.0,2.4,2.8,0.0
2026040318,0.008,0.0,0.0,0.0,0.0,0.0,0.0,0.0,0.0,0.0,0.0,0.0,0.0,0.0,0.0,0.0,0.0,0.0,0.0,0.0,0.0,0.203,2.0,0.0,0.0,0.0,0.0,0.0,0.0,0.0,0.0,0.0,0.0,2.0,,,,,,,,,,,,,,,,,,,,,,,,,,,,,,,,,,,,,,,,,,,,,,,,,,,,,,,,,,,,,,,,,0.0,0.0,0.0,0.0,0.0,0.0,0.0,0.0,0.0,0.0,0.0,0.0,0.0,0.0,0.0,0.0,0.0,0.0,0.0,0.0,0.0,0.0,2.0,0.0,0.0,0.0,0.0,0.0,0.0,0.0,0.0,0.0,,,,,,,,,,,,,,,,,,,,,,,,,,,,,,,,,274.18,0.0,0.0,0.0,0.0,0.0,0.0,0.0,0.0,0.0,0.0,0.0,0.0,0.0,0.0,0.0,0.0,0.0,0.0,,,,,,,,,,,,,,,,,,,,,,,,,,,,,,,,,,,,,0.0,0.0,0.0,0.0,0.0,0.0,0.0,0.0,0.0,0.0,0.0,0.0,0.0,0.0,0.0,0.0,0.0,0.0,,,,,,,,,,,,,,,,,,,0.0,0.0,7620.0,7621.0,13715.0,2240.0,88886.0,11.0,28.0,15.0,18.0,24.0,17.0,18.0,16.0,19.0,21.0,22.0,25.0,0.0,0.0,0.0,0.0,0.0,19.6,0.0,268.81,1.3,0.0,457.0,1.0,0.0,,,,,,,,,,,,,,,,,,,,,,,,,,0.0,0.0,0.0,0.0,0.0,0.0,0.0,0.0,0.0,0.0,0.0,0.0,0.0,,,,,,,,,,,,,,9.2,9.999e+20,,,,,,,,,,,,,,,,,,,,,,,,,,,,,6.4,2.8,4.4,4.8,4.8,5.2,5.6,5.6,6.0,6.0,4.0,6.40301,6.46289,6.50451,6.95578,7.02911,7.51685,7.63145,7.92651,9.10457,9.52093,10.1745,6.37051,1.72,0.0,0.0,0.0,0.0,0.0,0.0,0.0,12.0,2.0,9.999e+20,9.999e+20,9.999e+20,9.999e+20,9.999e+20,0.0,90.0,,456.0,,0.0,0.0,0.0,0.0,88888.0,58.0,4.8,5.0,5.5,4.2,5.9,6.9,7.5,8.4,1032.0,976.0,1008.0,960.0,1072.0,1192.0,1240.0,1240.0,0.0,0.0,34.0,31.0,0.0,,,,,0.977238,276.44,1.29,,,,,,,,,,,,,,,,,,,,,,,,,,,,,,,269.423,266.08,268.301,268.65,268.792,268.722,268.932,269.227,269.157,269.563,267.491,269.635,269.715,269.675,269.852,270.06,270.272,270.276,270.167,270.824,271.156,271.438,0.0,0.0,0.0,0.0,0.0,93.0,100.0,0.0,9.999e+20,260.0,2.4,260.0,3.8,,0.0,0.0,0.0,0.0,1.0,0.0,465.0,14.0,16.0,18.0,19.0,1601.0,260.0,260.0,260.0,0.0,275.7,,,,,,,,,,,,,,,,,,,,,,,,,,,,,2.4,0.8,1.6,1.6,2.0,2.0,2.0,2.0,2.4,2.4,1.2,2.4,2.4,2.8,2.8,2.8,2.8,2.8,3.2,3.2,3.6,4.0,2.4,0.72,0.0,0.0,0.0,0.0,3.0,0.0,0.0,0.0,2.8,3.2,0.0
2026040319,,,,,,,,,,,,,,,,,,,,,,,,,,,,,,,,,0.0,2.0,,,,,,,,,,,,,,,,,,,,,,,,,,,,,,,,,,,,,,,,,,,,,,,,,,,,,,,,,,,,,,,,,,,,,,,,,,,,,,,,,,,,,,,,,,,,,,,,,,,,,,,,,,,,,,,,,,,,,,,,,,,,,,,,,275.22,0.0,0.0,0.0,0.0,0.0,0.0,0.0,0.0,0.0,0.0,0.0,0.0,0.0,0.0,0.0,0.0,0.0,0.0,,,,,,,,,,,,,,,,,,,,,,,,,,,,,,,,,,,,,,,,,,,,,,,,,,,,,,,,,,,,,,,,,,,,,,,,,0.0,0.0,7620.0,7621.0,13716.0,1992.0,88886.0,7.0,22.0,8.0,12.0,17.0,17.0,18.0,16.0,19.0,21.0,22.0,24.0,0.0,0.0,0.0,0.0,0.0,19.3,0.0,269.59,1.42,,596.0,1.0,0.0,,,,,,,,,,,,,,,,,,,,,,,,,,,,,,,,,,,,,,,,,,,,,,,,,,,,,,,,,,,,,,,,,,,,,,,,,,,,,,,,,,7.1,3.2,4.8,5.2,5.2,5.6,5.6,6.0,6.0,6.4093,4.4,6.48199,6.93683,6.99429,7.42467,7.44817,7.9642,8.46326,8.99573,9.67098,10.5688,11.918,7.09318,1.92,2.0,0.0,0.0,0.0,0.0,0.0,0.0,16.0,,,,,,,0.0,,,544.0,,0.0,0.0,3.0,0.0,88888.0,56.0,4.5,4.8,5.1,3.9,5.5,6.4,6.7,7.4,1160.0,1080.0,1120.0,1056.0,1184.0,1328.0,1360.0,1376.0,0.0,0.0,33.0,29.0,0.0,,,,,,277.47,1.4,,,,,,,,,,,,,,,,,,,,,,,,,,,,,,,,,,,,,,,,,,,,,,,,,,,,,,,,,,,,,9.999e+20,260.0,2.8,260.0,3.9,,,0.0,,,1.0,0.0,16209.0,9.0,11.0,12.0,13.0,2002.0,260.0,260.0,260.0,0.0,277.2,,,,,,,,,,,,,,,,,,,,,,,,,,,,,2.8,1.2,1.6,2.0,2.0,2.0,2.4,2.4,2.4,2.4,1.6,2.8,2.8,2.8,3.2,3.2,3.2,3.2,3.6,3.6,4.0,4.4,2.8,0.72,0.0,0.0,0.0,0.0,11.0,0.0,0.0,0.0,3.2,3.6,0.0
2026040320,,,,,,,,,,,,,,,,,,,,,,,,,,,,,,,,,0.0,2.0,,,,,,,,,,,,,,,,,,,,,,,,,,,,,,,,,,,,,,,,,,,,,,,,,,,,,,,,,,,,,,,,,,,,,,,,,,,,,,,,,,,,,,,,,,,,,,,,,,,,,,,,,,,,,,,,,,,,,,,,,,,,,,,,,276.03,0.0,0.0,0.0,0.0,0.0,0.0,0.0,0.0,0.0,0.0,0.0,0.0,0.0,0.0,0.0,0.0,0.0,0.0,,,,,,,,,,,,,,,,,,,,,,,,,,,,,,,,,,,,,,,,,,,,,,,,,,,,,,,,,,,,,,,,,,,,,,,,,0.0,1.0,7620.0,7621.0,13717.0,2008.0,88886.0,11.0,28.0,12.0,18.0,23.0,17.0,18.0,16.0,19.0,21.0,22.0,23.0,0.0,0.0,0.0,0.0,0.0,19.3,0.0,270.45,1.28,,698.0,1.0,0.0,,,,,,,,,,,,,,,,,,,,,,,,,,,,,,,,,,,,,,,,,,,,,,,,,,,,,,,,,,,,,,,,,,,,,,,,,,,,,,,,,,7.4,3.6,5.2,5.2,5.6,5.6,6.0,6.10343,6.23122,6.32974,4.8,6.84252,6.90162,7.004,7.90102,8.36466,8.48755,9.33769,9.51917,10.2764,10.9336,11.8582,7.38806,2.02,3.0,0.0,0.0,0.0,0.0,0.0,0.0,23.0,,,,,,,0.0,,,640.0,,0.0,0.0,3.0,0.0,88888.0,56.0,4.2,4.6,4.8,3.7,5.2,5.9,6.1,6.5,1272.0,1176.0,1224.0,1160.0,1280.0,1440.0,1488.0,1512.0,0.0,0.0,30.0,29.0,0.0,,,,,,278.59,1.28,,,,,,,,,,,,,,,,,,,,,,,,,,,,,,,,,,,,,,,,,,,,,,,,,,,,,,,,,,,,,9.999e+20,270.0,2.8,260.0,4.3,,,0.0,,,1.0,0.002,849.0,12.0,13.0,13.0,13.0,2553.0,270.0,270.0,270.0,0.0,278.4,,,,,,,,,,,,,,,,,,,,,,,,,,,,,2.8,1.2,2.0,2.0,2.0,2.4,2.4,2.4,2.8,2.8,1.6,2.8,2.8,3.2,3.2,3.2,3.6,3.6,3.6,4.0,4.0,4.80281,2.80136,0.8,0.0,0.0,0.0,0.0,16.0,0.0,0.0,0.0,3.2,3.6,0.0
2026040321,,,,,,,,,,,,,,,,,,,,,,,,,,,,,,,,,0.0,3.0,,,,,,,,,,,,,,,,,,,,,,,,,,,,,,,,,,,,,,,,,,,,,,,,,,,,,,,,,,,,,,,,,,,,,,,,,,,,,,,,,,,,,,,,,,,,,,,,,,,,,,,,,,,,,,,,,,,,,,,,,,,,,,,,,277.14,0.0,0.0,0.0,0.0,0.0,0.0,0.0,0.0,0.0,0.0,0.0,0.0,0.0,0.0,0.0,0.0,0.0,0.0,,,,,,,,,,,,,,,,,,,,,,,,,,,,,,,,,,,,,,,,,,,,,,,,,,,,,,,,,,,,,,,,,,,,,,,,,0.0,1.0,9150.0,7621.0,13716.0,1848.0,88886.0,10.0,30.0,11.0,17.0,21.0,17.0,18.0,16.0,20.0,20.0,21.0,22.0,0.0,0.0,0.0,0.0,0.0,19.0,0.0,271.33,1.31,0.0,747.0,1.0,0.0,,,,,,,,,,,,,,,,,,,,,,,,,,,,,,,,,,,,,,,,,,,,,,,,,,,,,9.999e+20,,,,,,,,,,,,,,,,,,,,,,,,,,,,,7.7,4.0,5.2,5.6,5.6,6.0,6.0643,6.62401,6.46249,6.63899,4.8,6.6885,7.17838,7.2384,8.12273,8.62922,9.1183,9.64617,10.263,10.585,10.7594,12.4924,7.67508,2.1,4.0,0.0,0.0,0.0,0.0,0.0,0.0,31.0,,9.999e+20,9.999e+20,9.999e+20,9.999e+20,9.999e+20,0.0,,,752.0,,0.0,0.0,0.0,0.0,88888.0,56.0,4.0,4.1,4.5,3.9,4.9,5.3,5.6,5.7,1352.0,1272.0,1312.0,1240.0,1384.0,1552.0,1608.0,1656.0,15.0,0.0,26.0,24.0,0.0,,,,,,279.22,1.28,,,,,,,,,,,,,,,,,,,,,,,,,,,,,,,,,,,,,,,,,,,,,,,,,,,,,,,,,,,,,9.999e+20,270.0,3.2,260.0,4.7,,,0.0,0.0,,1.0,0.0,1233.0,10.0,10.0,11.0,14.0,3240.0,270.0,270.0,270.0,0.0,278.8,,,,,,,,,,,,,,,,,,,,,,,,,,,,,3.2,1.6,2.0,2.4,2.4,2.4,2.8,2.8,2.8,2.8,2.0,3.2,3.2,3.2,3.2,3.6,3.6,3.6,4.0,4.0,4.4,5.38643,3.20505,0.8,0.0,0.0,0.0,0.0,25.0,0.0,0.0,0.0,3.6,4.0,0.0
2026040322,,,,,,,,,,,,,,,,,,,,,,,,,,,,,,,,,0.0,3.0,,,,,,,,,,,,,,,,,,,,,,,,,,,,,,,,,,,,,,,,,,,,,,,,,,,,,,,,,,,,,,,,,,,,,,,,,,,,,,,,,,,,,,,,,,,,,,,,,,,,,,,,,,,,,,,,,,,,,,,,,,,,,,,,,277.35,0.0,0.0,0.0,0.0,0.0,0.0,0.0,0.0,0.0,0.0,0.0,0.0,0.0,0.0,0.0,0.0,0.0,0.0,,,,,,,,,,,,,,,,,,,,,,,,,,,,,,,,,,,,,,,,,,,,,,,,,,,,,,,,,,,,,,,,,,,,,,,,,1.0,2.0,9160.0,7621.0,13716.0,1832.0,88886.0,10.0,32.0,12.0,16.0,21.0,17.0,18.0,16.0,20.0,20.0,21.0,22.0,0.0,0.0,0.0,0.0,0.0,18.9,0.0,271.8,1.41,,716.0,1.0,0.0,,,,,,,,,,,,,,,,,,,,,,,,,,,,,,,,,,,,,,,,,,,,,,,,,,,,,,,,,,,,,,,,,,,,,,,,,,,,,,,,,,7.8,4.4,5.6,5.6,6.0,6.4,6.45864,6.56117,6.62854,6.65967,4.8,7.06804,7.24289,7.64633,7.76409,8.6371,9.11292,9.62429,10.1764,10.363,11.1242,12.5432,7.37006,2.02,4.0,0.0,0.0,0.0,0.0,0.0,0.0,30.0,,,,,,,0.0,,,720.0,,0.0,0.0,0.0,0.0,88888.0,56.0,3.8,3.9,4.3,3.6,4.6,5.0,5.4,5.6,1400.0,1360.0,1400.0,1328.0,1464.0,1616.0,1672.0,1720.0,16.0,0.0,11.0,13.0,0.0,,,,,,279.76,1.41,,,,,,,,,,,,,,,,,,,,,,,,,,,,,,,,,,,,,,,,,,,,,,,,,,,,,,,,,,,,,9.999e+20,260.0,3.2,260.0,4.5,,,0.0,,,1.0,0.0,14545.0,6.0,6.0,6.0,10.0,2951.0,260.0,260.0,260.0,0.0,278.7,,,,,,,,,,,,,,,,,,,,,,,,,,,,,3.2,1.6,2.0,2.4,2.4,2.4,2.8,2.8,2.8,2.8,2.0,2.8,3.2,3.2,3.2,3.2,3.6,3.6,4.0,4.0,4.4,5.06453,3.21449,0.82,0.0,0.0,0.0,0.0,21.0,0.0,1.0,0.0,3.6,4.0,0.0
2026040323,,,,,,,,,,,,,,,,,,,,,,,,,,,,,,,,,0.0,3.0,,,,,,,,,,,,,,,,,,,,,,,,,,,,,,,,,,,,,,,,,,,,,,,,,,,,,,,,,,,,,,,,,,,,,,,,,,,,,,,,,,,,,,,,,,,,,,,,,,,,,,,,,,,,,,,,,,,,,,,,,,,,,,,,,277.21,0.0,0.0,0.0,0.0,0.0,0.0,0.0,0.0,0.0,0.0,0.0,0.0,0.0,0.0,0.0,0.0,0.0,0.0,,,,,,,,,,,,,,,,,,,,,,,,,,,,,,,,,,,,,,,,,,,,,,,,,,,,,,,,,,,,,,,,,,,,,,,,,2.0,4.0,7620.0,7621.0,13716.0,1752.0,88886.0,8.0,31.0,11.0,16.0,19.0,17.0,18.0,16.0,20.0,20.0,22.0,22.0,0.0,0.0,0.0,0.0,0.0,19.1,0.0,271.79,1.39,,629.0,0.0,0.0,,,,,,,,,,,,,,,,,,,,,,,,,,,,,,,,,,,,,,,,,,,,,,,,,,,,,,,,,,,,,,,,,,,,,,,,,,,,,,,,,,7.6,4.4,5.6,6.0,6.0,6.4,6.42908,6.62991,6.74499,6.9024,5.2,7.00541,7.51281,7.60155,8.0982,8.57559,9.18021,9.33809,9.94074,10.0954,11.4916,13.0665,7.58314,2.02,6.0,0.0,0.0,0.0,0.0,0.0,0.0,29.0,,,,,,,0.0,,,696.0,,0.0,0.0,0.0,0.0,88888.0,58.0,3.6,3.7,4.1,3.4,4.4,4.8,5.3,5.6,1440.0,1440.0,1488.0,1408.0,1536.0,1680.0,1744.0,1784.0,0.0,0.0,13.0,16.0,0.0,,,,,,279.71,1.39,,,,,,,,,,,,,,,,,,,,,,,,,,,,,,,,,,,,,,,,,,,,,,,,,,,,,,,,,,,,,9.999e+20,260.0,3.2,260.0,4.4,,,0.0,,,1.0,0.0,11089.0,9.0,9.0,9.0,15.0,2835.0,260.0,260.0,260.0,0.0,277.9,,,,,,,,,,,,,,,,,,,,,,,,,,,,,3.2,1.6,2.4,2.4,2.4,2.8,2.8,2.8,2.8,2.8,2.0,3.2,3.2,3.2,3.2,3.6,3.6,3.6,4.0,4.0,4.8,5.6,3.21165,0.82,0.0,0.0,0.0,0.0,21.0,0.0,1.0,0.0,3.6,4.0,0.0
2026040400,0.006,0.0,0.0,0.0,0.0,0.0,0.0,0.0,0.0,0.0,0.0,0.0,0.0,0.0,0.0,0.0,0.0,0.0,0.0,0.0,0.0,0.0,4.0,0.0,0.0,0.0,0.0,0.0,0.0,0.0,0.0,0.0,0.0,3.0,0.111,0.0,0.0,0.0,0.0,0.0,0.0,0.0,0.0,0.0,0.0,0.0,0.0,0.0,0.0,0.0,0.0,0.0,0.014,0.211,0.781,2.324,9.0,0.0,0.0,0.0,0.0,0.0,0.0,0.0,0.0,0.0,,,,,,,,,,,,,,,,,,,,,,,,,,,,,,,,,0.0,0.0,0.0,0.0,0.0,0.0,0.0,0.0,0.0,0.0,0.0,0.0,0.0,0.0,0.0,0.0,0.0,0.0,0.0,0.0,0.0,0.0,3.0,0.0,0.0,0.0,0.0,0.0,0.0,0.0,0.0,0.0,,,,,,,,,,,,,,,,,,,,,,,,,,,,,,,,,276.89,0.0,0.0,0.0,0.0,0.0,0.0,0.0,0.0,0.0,0.0,0.0,0.0,0.0,0.0,0.0,0.0,0.0,0.0,,,,,,,,,,,,,,,,,,,,,,,,,,,,,,,,,,,,,0.0,0.0,0.0,0.0,0.0,0.0,0.0,0.0,0.0,0.0,0.0,0.0,0.0,0.0,0.0,0.0,0.0,0.0,,,,,,,,,,,,,,,,,,,2.0,4.0,7620.0,7621.0,13716.0,1720.0,88886.0,13.0,31.0,15.0,18.0,21.0,17.0,19.0,16.0,19.0,20.0,21.0,22.0,0.0,0.0,0.0,0.0,0.0,19.3,0.0,272.29,1.44,0.0,496.0,0.0,0.0,,,,,,,,,,,,,,,,,,,,,,,,,,0.0,0.0,0.0,0.0,0.0,0.0,0.0,0.0,0.0,0.0,0.0,0.0,0.0,,,,,,,,,,,,,,12.2,9.999e+20,,,,,,,,,,,,,,,,,,,,,,,,,,,,,7.9,4.4,5.6,6.0,6.4,6.4,6.8,6.8,6.96743,7.17213,5.2,7.31975,7.79439,7.89397,8.01682,8.54075,8.61541,9.19215,9.41897,10.058,11.5569,12.8279,7.8666,1.9,6.0,0.0,0.0,0.0,0.0,0.0,0.0,25.0,2.0,9.999e+20,9.999e+20,9.999e+20,9.999e+20,9.999e+20,0.0,,,552.0,0.0,0.0,0.0,0.0,0.0,88888.0,62.0,3.3,3.4,3.8,3.1,4.1,4.6,5.2,5.6,1480.0,1520.0,1560.0,1472.0,1616.0,1720.0,1816.0,1840.0,0.0,0.0,11.0,15.0,0.0,279.71,0.9,,,,279.3,1.46,,,,,,,,,,,,,,,,,,,,,,,,,,,,,,,,,,,,,,,,,,,,,,,,,,,,,,,,,,,,,9.999e+20,270.0,3.2,260.0,4.1,,0.0,0.0,0.0,0.0,1.0,0.002,1233.0,12.0,13.0,14.0,18.0,2021.0,270.0,270.0,270.0,0.0,277.6,,,,,,,,,,,,,,,,,,,,,,,,,,,,,3.2,2.0,2.4,2.4,2.4,2.8,2.8,2.8,2.8,2.8,2.0,3.2,3.2,3.2,3.2,3.6,3.6,3.6,4.0,4.0,4.8,5.6,3.20439,0.8,0.0,0.0,0.0,0.0,24.0,0.0,1.0,0.0,3.6,4.0,0.0
2026040401,,,,,,,,,,,,,,,,,,,,,,,,,,,,,,,,,0.0,2.0,,,,,,,,,,,,,,,,,,,,,,,,,,,,,,,,,,,,,,,,,,,,,,,,,,,,,,,,,,,,,,,,,,,,,,,,,,,,,,,,,,,,,,,,,,,,,,,,,,,,,,,,,,,,,,,,,,,,,,,,,,,,,,,,,276.18,0.0,0.0,0.0,0.0,0.0,0.0,0.0,0.0,0.0,0.0,0.0,0.0,0.0,0.0,0.0,0.0,0.0,0.0,,,,,,,,,,,,,,,,,,,,,,,,,,,,,,,,,,,,,,,,,,,,,,,,,,,,,,,,,,,,,,,,,,,,,,,,,2.0,4.0,7620.0,7621.0,13715.0,2208.0,88886.0,15.0,33.0,17.0,19.0,20.0,17.0,18.0,16.0,19.0,20.0,22.0,22.0,0.0,0.0,0.0,0.0,0.0,18.9,0.0,272.41,1.42,,231.0,0.0,0.0,,,,,,,,,,,,,,,,,,,,,,,,,,,,,,,,,,,,,,,,,,,,,,,,,,,,,,,,,,,,,,,,,,,,,,,,,,,,,,,,,,6.8,4.0,5.2,5.2,5.6,5.6,6.0,6.0,6.0,6.10971,4.4,6.60441,6.65356,6.79886,6.8754,7.37163,7.46093,7.97512,8.45474,9.04785,9.39023,10.8147,6.81653,1.5,1.0,0.0,0.0,0.0,0.0,0.0,0.0,12.0,,,,,,,0.0,,,448.0,,0.0,0.0,0.0,0.0,88888.0,67.0,3.2,3.3,3.7,3.0,4.0,4.6,5.2,5.6,1472.0,1528.0,1560.0,1480.0,1608.0,1688.0,1760.0,1784.0,0.0,0.0,10.0,16.0,0.0,,,,,,278.42,1.39,,,,,,,,,,,,,,,,,,,,,,,,,,,,,,,,,,,,,,,,,,,,,,,,,,,,,,,,,,,,,9.999e+20,270.0,2.8,260.0,3.8,,,0.0,,,1.0,0.0,849.0,12.0,14.0,15.0,18.0,1576.0,270.0,270.0,270.0,0.0,276.9,,,,,,,,,,,,,,,,,,,,,,,,,,,,,2.8,1.6,2.0,2.0,2.0,2.4,2.4,2.4,2.4,2.4,1.6,2.4,2.8,2.8,2.8,2.8,3.2,3.2,3.6,3.6,4.0,4.8,2.8,0.72,0.0,0.0,0.0,0.0,13.0,0.0,0.0,0.0,3.2,3.6,0.0
2026040402,,,,,,,,,,,,,,,,,,,,,,,,,,,,,,,,,0.0,1.0,,,,,,,,,,,,,,,,,,,,,,,,,,,,,,,,,,,,,,,,,,,,,,,,,,,,,,,,,,,,,,,,,,,,,,,,,,,,,,,,,,,,,,,,,,,,,,,,,,,,,,,,,,,,,,,,,,,,,,,,,,,,,,,,,274.49,0.0,0.0,0.0,0.0,0.0,0.0,0.0,0.0,0.0,0.0,0.0,0.0,0.0,0.0,0.0,0.0,0.0,0.0,,,,,,,,,,,,,,,,,,,,,,,,,,,,,,,,,,,,,,,,,,,,,,,,,,,,,,,,,,,,,,,,,,,,,,,,,1.0,2.0,7620.0,121.0,419.0,120.0,120.0,17.0,35.0,19.0,20.0,22.0,18.0,19.0,17.0,20.0,21.0,22.0,23.0,0.0,0.0,0.0,0.0,0.0,19.9,0.0,271.99,2.2,,83.0,0.0,0.0,,,,,,,,,,,,,,,,,,,,,,,,,,,,,,,,,,,,,,,,,,,,,,,,,,,,,,,,,,,,,,,,,,,,,,,,,,,,,,,,,,5.8,3.2,4.4,4.4,4.8,4.8,5.2,5.2,5.2,5.6,3.6,5.6,6.0,6.0,6.0,6.01748,6.51237,6.65145,6.80567,6.9428,7.50876,9.08526,5.75573,1.1,0.0,0.0,0.0,0.0,0.0,0.0,0.0,2.0,,,,,,,0.0,,,240.0,,0.0,0.0,0.0,0.0,88888.0,72.0,3.1,3.2,3.5,2.9,3.9,4.6,5.1,5.5,1440.0,1520.0,1568.0,1480.0,1600.0,1656.0,1704.0,1728.0,0.0,57.0,11.0,13.0,0.0,,,,,,276.57,2.2,,,,,,,,,,,,,,,,,,,,,,,,,,,,,,,,,,,,,,,,,,,,,,,,,,,,,,,,,,,,,9.999e+20,270.0,2.4,270.0,3.4,,,0.0,,,1.0,0.0,768.0,14.0,16.0,17.0,20.0,675.0,270.0,270.0,270.0,0.0,275.7,,,,,,,,,,,,,,,,,,,,,,,,,,,,,2.4,1.2,1.6,1.6,1.6,2.0,2.0,2.0,2.0,2.0,1.2,2.0,2.4,2.4,2.4,2.4,2.8,2.8,2.8,3.2,3.6,3.6,2.4,0.6,0.0,0.0,0.0,0.0,5.0,0.0,0.0,0.0,2.8,2.8,0.0
2026040403,,,,,,,,,,,,,,,,,,,,,,,,,,,,,,,,,0.0,0.0,,,,,,,,,,,,,,,,,,,,,,,,,,,,,,,,,,,,,,,,,,,,,,,,,,,,,,,,,,,,,,,,,,,,,,,,,,,,,,,,,,,,,,,,,,,,,,,,,,,,,,,,,,,,,,,,,,,,,,,,,,,,,,,,,273.2,0.0,0.0,0.0,0.0,0.0,0.0,0.0,0.0,0.0,0.0,0.0,0.0,0.0,0.0,0.0,0.0,0.0,0.0,,,,,,,,,,,,,,,,,,,,,,,,,,,,,,,,,,,,,,,,,,,,,,,,,,,,,,,,,,,,,,,,,,,,,,,,,0.0,0.0,7620.0,121.0,420.0,120.0,120.0,16.0,34.0,18.0,18.0,19.0,18.0,20.0,18.0,21.0,22.0,23.0,24.0,0.0,0.0,0.0,0.0,0.0,21.2,0.0,271.78,2.2,0.0,26.0,1.0,0.0,,,,,,,,,,,,,,,,,,,,,,,,,,,,,,,,,,,,,,,,,,,,,,,,,,,,,9.999e+20,,,,,,,,,,,,,,,,,,,,,,,,,,,,,4.9,2.4,3.2,3.6,4.0,4.0,4.4,4.4,4.4,4.8,2.8,4.8,5.2,5.2,5.6,5.6,5.70263,5.88881,6.00348,6.12979,6.71465,7.35727,4.94146,1.22,0.0,0.0,0.0,0.0,0.0,0.0,0.0,0.0,,9.999e+20,9.999e+20,9.999e+20,9.999e+20,9.999e+20,0.0,,,160.0,,0.0,0.0,0.0,0.0,88888.0,79.0,3.0,3.1,3.4,2.8,3.7,4.5,5.2,5.5,1408.0,1520.0,1560.0,1488.0,1592.0,1632.0,1672.0,1688.0,0.0,57.0,18.0,25.0,0.0,,,,,,275.39,2.2,,,,,,,,,,,,,,,,,,,,,,,,,,,,,,,,,,,,,,,,,,,,,,,,,,,,,,,,,,,,,9.999e+20,260.0,2.0,260.0,2.5,,,0.0,0.0,,1.0,0.0,384.0,16.0,18.0,18.0,21.0,325.0,260.0,260.0,260.0,0.0,274.2,,,,,,,,,,,,,,,,,,,,,,,,,,,,,2.0,0.8,1.2,1.2,1.2,1.6,1.6,1.6,1.6,1.6,0.8,2.0,2.0,2.0,2.0,2.4,2.4,2.8,2.8,3.2,3.2,4.0,2.0,0.8,0.0,0.0,0.0,0.0,3.0,0.0,0.0,0.0,2.4,2.4,0.0
2026040404,,,,,,,,,,,,,,,,,,,,,,,,,,,,,,,,,0.0,0.0,,,,,,,,,,,,,,,,,,,,,,,,,,,,,,,,,,,,,,,,,,,,,,,,,,,,,,,,,,,,,,,,,,,,,,,,,,,,,,,,,,,,,,,,,,,,,,,,,,,,,,,,,,,,,,,,,,,,,,,,,,,,,,,,,272.05,0.0,0.0,0.0,0.0,0.0,0.0,0.0,0.0,0.0,0.0,0.0,0.0,0.0,0.0,0.0,0.0,0.0,0.0,,,,,,,,,,,,,,,,,,,,,,,,,,,,,,,,,,,,,,,,,,,,,,,,,,,,,,,,,,,,,,,,,,,,,,,,,0.0,0.0,7620.0,7621.0,13716.0,2728.0,88888.0,13.0,34.0,14.0,16.0,19.0,19.0,20.0,19.0,21.0,22.0,23.0,23.0,0.0,0.0,0.0,0.0,0.0,21.0,0.0,271.25,2.12,,19.0,0.0,0.0,,,,,,,,,,,,,,,,,,,,,,,,,,,,,,,,,,,,,,,,,,,,,,,,,,,,,,,,,,,,,,,,,,,,,,,,,,,,,,,,,,4.5,2.0,3.2,3.6,3.6,3.6,4.0,4.0,4.4,4.4,2.8,4.8,4.8,4.8,4.8,5.21478,5.31506,5.41093,5.49186,5.63637,6.30216,6.75806,4.5285,1.02,0.0,0.0,0.0,0.0,0.0,0.0,0.0,0.0,,,,,,,0.0,,,144.0,,0.0,0.0,0.0,0.0,88888.0,82.0,2.8,3.0,3.3,2.6,3.6,4.3,4.9,5.3,1400.0,1488.0,1536.0,1416.0,1576.0,1608.0,1656.0,1672.0,0.0,0.0,14.0,24.0,0.0,,,,,,274.06,2.13,,,,,,,,,,,,,,,,,,,,,,,,,,,,,,,,,,,,,,,,,,,,,,,,,,,,,,,,,,,,,9.999e+20,250.0,2.0,250.0,2.6,,,0.0,,,0.0,0.0,384.0,11.0,11.0,12.0,21.0,301.0,250.0,250.0,250.0,0.0,273.5,,,,,,,,,,,,,,,,,,,,,,,,,,,,,2.0,0.8,1.2,1.2,1.2,1.2,1.2,1.2,1.6,1.6,0.8,1.6,1.6,2.0,2.0,2.0,2.0,2.4,2.4,2.4,3.2,3.6,1.6,0.72,0.0,0.0,0.0,0.0,2.0,0.0,0.0,0.0,2.0,2.4,0.0
2026040405,,,,,,,,,,,,,,,,,,,,,,,,,,,,,,,,,0.0,0.0,,,,,,,,,,,,,,,,,,,,,,,,,,,,,,,,,,,,,,,,,,,,,,,,,,,,,,,,,,,,,,,,,,,,,,,,,,,,,,,,,,,,,,,,,,,,,,,,,,,,,,,,,,,,,,,,,,,,,,,,,,,,,,,,,271.31,0.0,0.0,0.0,0.0,0.0,0.0,0.0,0.0,0.0,0.0,0.0,0.0,0.0,0.0,0.0,0.0,0.0,0.0,,,,,,,,,,,,,,,,,,,,,,,,,,,,,,,,,,,,,,,,,,,,,,,,,,,,,,,,,,,,,,,,,,,,,,,,,0.0,0.0,7620.0,7621.0,13715.0,4208.0,88888.0,12.0,29.0,13.0,15.0,20.0,19.0,20.0,18.0,21.0,22.0,23.0,23.0,0.0,0.0,0.0,0.0,0.0,20.8,0.0,270.89,2.1,,15.0,1.0,0.0,,,,,,,,,,,,,,,,,,,,,,,,,,,,,,,,,,,,,,,,,,,,,,,,,,,,,,,,,,,,,,,,,,,,,,,,,,,,,,,,,,4.1,2.0,2.8,3.2,3.2,3.6,3.6,4.0,4.0,4.4,2.4,4.4,4.4,4.4,4.8,4.82706,4.97582,5.04469,5.50898,5.68582,5.45281,7.24331,4.14636,1.12,0.0,0.0,0.0,0.0,0.0,0.0,0.0,1.0,,,,,,,0.0,,,152.0,,0.0,0.0,0.0,0.0,88888.0,84.0,2.6,3.0,3.2,2.6,3.5,4.0,4.6,5.0,1392.0,1456.0,1512.0,1376.0,1552.0,1584.0,1632.0,1648.0,0.0,0.0,9.0,18.0,0.0,,,,,,273.52,2.12,,,,,,,,,,,,,,,,,,,,,,,,,,,,,,,,,,,,,,,,,,,,,,,,,,,,,,,,,,,,,9.999e+20,250.0,1.6,250.0,3.0,,,0.0,,,0.0,0.0,384.0,9.0,9.0,11.0,18.0,323.0,250.0,250.0,250.0,0.0,272.4,,,,,,,,,,,,,,,,,,,,,,,,,,,,,1.6,0.4,0.8,0.8,1.2,1.2,1.2,1.2,1.2,1.6,0.8,1.6,1.6,1.6,1.6,2.0,2.0,2.0,2.0,2.4,2.8,3.6,1.6,0.6,0.0,0.0,0.0,0.0,1.0,0.0,0.0,0.0,2.0,2.0,0.0
2026040406,0.017,0.0,0.0,0.0,0.0,0.0,0.0,0.0,0.0,0.0,0.0,0.0,0.0,0.0,0.0,0.0,0.0,0.0,0.0,0.0,0.0,0.088,3.0,0.0,0.0,0.0,0.0,0.0,0.0,0.0,0.0,0.0,0.0,0.0,0.034,0.0,0.0,0.0,0.0,0.0,0.0,0.0,0.0,0.0,0.0,0.0,0.0,0.0,0.0,0.0,0.0,0.0,0.0,0.0,0.0,0.993,2.0,0.0,0.0,0.0,0.0,0.0,0.0,0.0,0.0,0.0,,,,,,,,,,,,,,,,,,,,,,,,,,,,,,,,,0.0,0.0,0.0,0.0,0.0,0.0,0.0,0.0,0.0,0.0,0.0,0.0,0.0,0.0,0.0,0.0,0.0,0.0,0.0,0.0,0.0,0.0,2.0,0.0,0.0,0.0,0.0,0.0,0.0,0.0,0.0,0.0,,,,,,,,,,,,,,,,,,,,,,,,,,,,,,,,,270.73,0.0,0.0,0.0,0.0,0.0,0.0,0.0,0.0,0.0,0.0,0.0,0.0,0.0,0.0,0.0,0.0,0.0,0.0,0.0,0.0,0.0,0.0,0.0,0.0,0.0,0.0,1.0,0.0,0.0,0.0,0.0,0.0,0.0,0.0,0.0,0.0,,,,,,,,,,,,,,,,,,,0.0,0.0,0.0,0.0,0.0,0.0,0.0,0.0,0.0,0.0,0.0,0.0,0.0,0.0,0.0,0.0,0.0,0.0,,,,,,,,,,,,,,,,,,,0.0,0.0,7620.0,7621.0,13717.0,1840.0,88888.0,15.0,27.0,15.0,16.0,18.0,19.0,21.0,18.0,21.0,22.0,23.0,24.0,0.0,0.0,0.0,0.0,0.0,21.0,0.0,270.68,2.05,0.0,13.0,1.0,0.0,0.0,0.0,0.0,0.0,0.0,0.0,0.0,0.0,0.0,0.0,0.0,0.0,0.0,,,,,,,,,,,,,0.0,0.0,0.0,0.0,0.0,0.0,0.0,0.0,0.0,0.0,0.0,0.0,0.0,,,,,,,,,,,,,,9.2,9.999e+20,13.5252,8.73839,10.489,11.0642,11.3012,11.6837,12.2207,12.9603,13.0746,13.5899,10.0403,13.715,13.899,14.457,14.6322,14.7926,14.9476,15.0701,15.1661,15.815,16.5111,18.2274,80.0,3.0,0.0,0.0,0.0,0.0,4.3,1.6,2.4,2.8,2.8,3.2,3.6,4.0,4.0,4.0,2.0,4.4,4.41241,4.49214,4.93405,4.98334,5.13533,4.92713,5.38634,5.4656,5.99474,8.9319,4.26,1.42,0.0,0.0,0.0,0.0,0.0,0.0,0.0,2.0,3.0,9.999e+20,9.999e+20,9.999e+20,9.999e+20,9.999e+20,0.0,,56.0,152.0,,0.0,0.0,0.0,0.0,88888.0,86.0,2.5,2.9,3.1,2.5,3.3,3.8,4.3,4.9,1392.0,1424.0,1488.0,1352.0,1536.0,1568.0,1616.0,1632.0,0.0,0.0,8.0,20.0,0.0,,,,,1.30932,272.65,2.03,279.531,277.066,277.934,278.074,278.167,278.373,278.538,278.747,279.246,279.36,277.97,279.46,279.51,279.588,279.688,279.823,280.361,280.617,280.419,280.571,281.26,282.953,0.0,0.0,0.0,0.0,0.0,0.0,0.0,0.0,,,,,,,,,,,,,,,,,,,,,,,,,,,,,,,9.999e+20,250.0,1.6,260.0,3.2,0.0,0.0,0.0,0.0,0.0,0.0,0.0,16256.0,3.0,5.0,8.0,12.0,368.0,250.0,250.0,250.0,0.0,272.1,6.3786,3.6,4.8,4.8,5.2,5.2,5.6,6.0,6.0,6.4,4.4,6.4,6.4,6.8,6.8,6.92811,6.95118,7.00142,7.01588,7.46955,7.54079,8.47952,0.0,0.0,0.0,0.0,67.0,1.0,1.6,0.4,0.8,0.8,0.8,0.8,1.2,1.2,1.2,1.6,0.4,1.6,1.6,1.6,1.6,2.0,2.0,2.0,2.0,2.4,2.8,3.6,1.6,0.72,0.0,0.0,0.0,0.0,2.0,0.0,0.0,0.0,1.6,2.0,0.0
2026040407,,,,,,,,,,,,,,,,,,,,,,,,,,,,,,,,,0.0,0.0,,,,,,,,,,,,,,,,,,,,,,,,,,,,,,,,,,,,,,,,,,,,,,,,,,,,,,,,,,,,,,,,,,,,,,,,,,,,,,,,,,,,,,,,,,,,,,,,,,,,,,,,,,,,,,,,,,,,,,,,,,,,,,,,,270.38,0.0,0.0,0.0,0.0,0.0,0.0,0.0,0.0,0.0,0.0,0.0,0.0,0.0,0.0,0.0,0.0,0.0,0.0,,,,,,,,,,,,,,,,,,,,,,,,,,,,,,,,,,,,,,,,,,,,,,,,,,,,,,,,,,,,,,,,,,,,,,,,,0.0,0.0,7620.0,7621.0,13717.0,1944.0,88888.0,16.0,27.0,16.0,17.0,19.0,19.0,21.0,18.0,21.0,22.0,23.0,25.0,0.0,0.0,0.0,0.0,0.0,21.9,0.0,270.44,1.91,,0.0,1.0,0.0,,,,,,,,,,,,,,,,,,,,,,,,,,,,,,,,,,,,,,,,,,,,,,,,,,,,,,,,,,,,,,,,,,,,,,,,,,,,,,,,,,4.2,1.6,2.4,2.8,3.2,3.2,3.6,3.6,4.0,4.4,2.0,4.4,4.4121,4.46422,4.94455,5.01822,5.08587,5.24169,5.2949,5.36066,6.27777,8.71396,4.22449,1.4,0.0,0.0,0.0,0.0,0.0,0.0,0.0,2.0,,,,,,,0.0,,,160.0,,0.0,0.0,0.0,0.0,88888.0,86.0,2.3,2.8,3.0,2.2,3.2,3.6,4.3,4.8,1408.0,1408.0,1480.0,1328.0,1528.0,1560.0,1608.0,1624.0,0.0,0.0,10.0,23.0,0.0,,,,,,272.41,1.92,,,,,,,,,,,,,,,,,,,,,,,,,,,,,,,,,,,,,,,,,,,,,,,,,,,,,,,,,,,,,9.999e+20,250.0,1.6,260.0,2.5,,,0.0,,,0.0,0.0,384.0,9.0,9.0,9.0,19.0,329.0,250.0,250.0,250.0,0.0,272.1,,,,,,,,,,,,,,,,,,,,,,,,,,,,,1.6,0.4,0.8,0.8,0.8,0.8,1.2,1.2,1.2,1.2,0.4,1.6,1.6,1.6,1.6,2.0,2.0,2.0,2.4,2.4,2.8,3.6,1.6,0.72,0.0,0.0,0.0,0.0,2.0,0.0,0.0,0.0,1.6,2.0,0.0
2026040408,,,,,,,,,,,,,,,,,,,,,,,,,,,,,,,,,0.0,0.0,,,,,,,,,,,,,,,,,,,,,,,,,,,,,,,,,,,,,,,,,,,,,,,,,,,,,,,,,,,,,,,,,,,,,,,,,,,,,,,,,,,,,,,,,,,,,,,,,,,,,,,,,,,,,,,,,,,,,,,,,,,,,,,,,270.28,0.0,0.0,0.0,0.0,0.0,0.0,0.0,0.0,0.0,0.0,0.0,0.0,0.0,0.0,0.0,0.0,0.0,0.0,,,,,,,,,,,,,,,,,,,,,,,,,,,,,,,,,,,,,,,,,,,,,,,,,,,,,,,,,,,,,,,,,,,,,,,,,0.0,0.0,7620.0,7621.0,13716.0,2344.0,88888.0,16.0,26.0,16.0,19.0,20.0,19.0,21.0,19.0,21.0,23.0,24.0,25.0,0.0,0.0,0.0,0.0,0.0,22.2,0.0,269.99,1.78,,0.0,1.0,0.0,,,,,,,,,,,,,,,,,,,,,,,,,,,,,,,,,,,,,,,,,,,,,,,,,,,,,,,,,,,,,,,,,,,,,,,,,,,,,,,,,,4.3,1.6,2.4,2.8,3.2,3.2,3.6,4.0,4.0,4.4,2.0,4.4,4.41611,4.89719,4.97053,5.03016,5.12887,5.20447,5.26603,5.73907,6.67771,8.66661,4.2506,1.4,0.0,0.0,0.0,0.0,0.0,0.0,0.0,1.0,,,,,,,0.0,,,152.0,,0.0,0.0,0.0,0.0,88888.0,86.0,2.2,2.6,2.8,2.2,3.1,3.4,4.0,4.8,1424.0,1360.0,1472.0,1296.0,1520.0,1552.0,1600.0,1624.0,0.0,0.0,10.0,24.0,0.0,,,,,,272.04,1.78,,,,,,,,,,,,,,,,,,,,,,,,,,,,,,,,,,,,,,,,,,,,,,,,,,,,,,,,,,,,,9.999e+20,250.0,1.6,270.0,2.5,,,0.0,,,0.0,0.0,384.0,9.0,10.0,12.0,20.0,301.0,250.0,250.0,250.0,0.0,271.7,,,,,,,,,,,,,,,,,,,,,,,,,,,,,1.6,0.4,0.8,0.8,0.8,0.8,1.2,1.2,1.2,1.2,0.4,1.6,1.6,1.6,2.0,2.0,2.0,2.0,2.4,2.8,3.2,3.6,1.6,0.8,0.0,0.0,0.0,0.0,2.0,0.0,0.0,0.0,2.0,2.0,0.0
2026040409,,,,,,,,,,,,,,,,,,,,,,,,,,,,,,,,,0.0,0.0,,,,,,,,,,,,,,,,,,,,,,,,,,,,,,,,,,,,,,,,,,,,,,,,,,,,,,,,,,,,,,,,,,,,,,,,,,,,,,,,,,,,,,,,,,,,,,,,,,,,,,,,,,,,,,,,,,,,,,,,,,,,,,,,,269.84,0.0,0.0,0.0,0.0,0.0,0.0,0.0,0.0,0.0,0.0,0.0,0.0,0.0,0.0,0.0,0.0,0.0,0.0,,,,,,,,,,,,,,,,,,,,,,,,,,,,,,,,,,,,,,,,,,,,,,,,,,,,,,,,,,,,,,,,,,,,,,,,,0.0,0.0,8780.0,7621.0,13716.0,2192.0,88888.0,16.0,24.0,16.0,16.0,18.0,19.0,21.0,19.0,22.0,23.0,25.0,25.0,0.0,0.0,0.0,0.0,0.0,22.3,0.0,269.9,1.86,0.0,0.0,1.0,0.0,,,,,,,,,,,,,,,,,,,,,,,,,,,,,,,,,,,,,,,,,,,,,,,,,,,,,9.999e+20,,,,,,,,,,,,,,,,,,,,,,,,,,,,,4.6,1.6,2.8,2.8,3.2,3.6,3.6,4.0,4.4,4.4,2.0,4.4,4.81072,4.912,5.00903,5.05094,5.51011,5.60004,5.65523,6.14954,7.12057,9.37846,4.63045,1.52,0.0,0.0,0.0,0.0,0.0,0.0,0.0,2.0,,9.999e+20,9.999e+20,9.999e+20,9.999e+20,9.999e+20,0.0,,,160.0,,0.0,0.0,0.0,0.0,88888.0,87.0,2.1,2.4,2.7,2.0,3.0,3.3,3.9,4.6,1432.0,1344.0,1472.0,1280.0,1520.0,1552.0,1592.0,1616.0,23.0,0.0,8.0,12.0,0.0,,,,,,271.86,1.89,,,,,,,,,,,,,,,,,,,,,,,,,,,,,,,,,,,,,,,,,,,,,,,,,,,,,,,,,,,,,9.999e+20,250.0,1.6,270.0,2.5,,,0.0,0.0,,0.0,0.0,11136.0,6.0,8.0,9.0,19.0,304.0,250.0,250.0,250.0,0.0,271.7,,,,,,,,,,,,,,,,,,,,,,,,,,,,,1.6,0.4,0.8,0.8,0.8,1.2,1.2,1.2,1.2,1.6,0.4,1.6,1.6,1.6,2.0,2.0,2.0,2.4,2.4,2.4,3.2,4.0,1.6,0.8,0.0,0.0,0.0,0.0,3.0,0.0,0.0,0.0,2.0,2.0,0.0
2026040410,,,,,,,,,,,,,,,,,,,,,,,,,,,,,,,,,0.0,0.0,,,,,,,,,,,,,,,,,,,,,,,,,,,,,,,,,,,,,,,,,,,,,,,,,,,,,,,,,,,,,,,,,,,,,,,,,,,,,,,,,,,,,,,,,,,,,,,,,,,,,,,,,,,,,,,,,,,,,,,,,,,,,,,,,269.73,0.0,0.0,0.0,0.0,0.0,0.0,0.0,0.0,0.0,0.0,0.0,0.0,0.0,0.0,0.0,0.0,0.0,0.0,,,,,,,,,,,,,,,,,,,,,,,,,,,,,,,,,,,,,,,,,,,,,,,,,,,,,,,,,,,,,,,,,,,,,,,,,0.0,0.0,7620.0,7621.0,13716.0,4200.0,88888.0,17.0,21.0,17.0,17.0,18.0,20.0,21.0,20.0,22.0,23.0,25.0,26.0,0.0,0.0,0.0,0.0,0.0,23.0,0.0,269.69,2.15,,0.0,1.0,0.0,,,,,,,,,,,,,,,,,,,,,,,,,,,,,,,,,,,,,,,,,,,,,,,,,,,,,,,,,,,,,,,,,,,,,,,,,,,,,,,,,,4.6,1.6,2.8,3.2,3.2,3.6,3.6,4.0,4.4,4.4,2.0,4.8,4.80592,4.8936,4.94531,5.02285,5.46609,5.90825,5.95725,6.43185,7.77399,9.31539,4.57212,1.6,0.0,0.0,0.0,0.0,0.0,0.0,0.0,2.0,,,,,,,0.0,,,160.0,,0.0,0.0,0.0,0.0,88888.0,85.0,2.0,2.3,2.6,1.8,2.8,3.3,3.7,4.5,1424.0,1320.0,1448.0,1264.0,1520.0,1552.0,1600.0,1616.0,0.0,0.0,2.0,4.0,0.0,,,,,,272.13,2.14,,,,,,,,,,,,,,,,,,,,,,,,,,,,,,,,,,,,,,,,,,,,,,,,,,,,,,,,,,,,,9.999e+20,250.0,1.6,260.0,2.4,,,0.0,,,0.0,0.0,768.0,15.0,18.0,18.0,23.0,308.0,250.0,250.0,250.0,0.0,271.9,,,,,,,,,,,,,,,,,,,,,,,,,,,,,1.6,0.4,0.8,0.8,1.2,1.2,1.2,1.2,1.2,1.6,0.8,1.6,1.6,2.0,2.0,2.0,2.0,2.4,2.4,2.8,3.2,4.0,1.6,0.8,0.0,0.0,0.0,0.0,3.0,0.0,0.0,0.0,2.0,2.0,0.0
2026040411,,,,,,,,,,,,,,,,,,,,,,,,,,,,,,,,,0.0,0.0,,,,,,,,,,,,,,,,,,,,,,,,,,,,,,,,,,,,,,,,,,,,,,,,,,,,,,,,,,,,,,,,,,,,,,,,,,,,,,,,,,,,,,,,,,,,,,,,,,,,,,,,,,,,,,,,,,,,,,,,,,,,,,,,,269.26,0.0,0.0,0.0,0.0,0.0,0.0,0.0,0.0,0.0,0.0,0.0,0.0,0.0,0.0,0.0,0.0,0.0,0.0,,,,,,,,,,,,,,,,,,,,,,,,,,,,,,,,,,,,,,,,,,,,,,,,,,,,,,,,,,,,,,,,,,,,,,,,,0.0,0.0,7620.0,7621.0,13716.0,4208.0,88888.0,17.0,22.0,17.0,17.0,19.0,20.0,21.0,20.0,22.0,24.0,25.0,26.0,0.0,0.0,0.0,0.0,0.0,23.4,0.0,269.49,2.05,,0.0,2.0,0.0,,,,,,,,,,,,,,,,,,,,,,,,,,,,,,,,,,,,,,,,,,,,,,,,,,,,,,,,,,,,,,,,,,,,,,,,,,,,,,,,,,4.91,1.6,2.8,3.2,3.6,3.6,4.0,4.0,4.4,4.8,2.0,4.8,4.8109,4.86681,5.293,5.36084,5.41153,5.85047,6.33021,6.80195,7.71099,9.8813,4.93799,1.72,0.0,0.0,0.0,0.0,0.0,0.0,0.0,3.0,,,,,,,0.0,,,160.0,,0.0,0.0,0.0,0.0,88888.0,85.0,1.9,2.1,2.4,1.6,2.7,3.1,3.6,4.4,1408.0,1312.0,1424.0,1224.0,1520.0,1552.0,1592.0,1632.0,0.0,0.0,1.0,3.0,0.0,,,,,,271.78,2.04,,,,,,,,,,,,,,,,,,,,,,,,,,,,,,,,,,,,,,,,,,,,,,,,,,,,,,,,,,,,,9.999e+20,240.0,2.0,260.0,2.4,,,0.0,,,0.0,0.0,384.0,16.0,18.0,19.0,27.0,297.0,240.0,240.0,240.0,0.0,271.6,,,,,,,,,,,,,,,,,,,,,,,,,,,,,2.0,0.4,0.8,0.8,1.2,1.2,1.2,1.2,1.2,1.6,0.8,1.6,1.6,2.0,2.0,2.0,2.4,2.4,2.4,2.8,3.2,4.4,1.6,0.8,0.0,0.0,0.0,0.0,4.0,0.0,0.0,0.0,2.0,2.4,0.0
2026040412,0.012,0.0,0.0,0.0,0.0,0.0,0.0,0.0,0.0,0.0,0.0,0.0,0.0,0.0,0.0,0.0,0.0,0.0,0.0,0.0,0.0,0.008,3.0,0.0,0.0,0.0,0.0,0.0,0.0,0.0,0.0,0.0,0.0,0.0,0.032,0.0,0.0,0.0,0.0,0.0,0.0,0.0,0.0,0.0,0.0,0.0,0.0,0.0,0.0,0.0,0.0,0.0,0.0,0.0,0.0,0.161,1.0,0.0,0.0,0.0,0.0,0.0,0.0,0.0,0.0,0.0,,,,,,,,,,,,,,,,,,,,,,,,,,,,,,,,,0.0,0.0,0.0,0.0,0.0,0.0,0.0,0.0,0.0,0.0,0.0,0.0,0.0,0.0,0.0,0.0,0.0,0.0,0.0,0.0,0.0,0.0,0.0,0.0,0.0,0.0,0.0,0.0,0.0,0.0,0.0,0.0,,,,,,,,,,,,,,,,,,,,,,,,,,,,,,,,,269.09,0.0,0.0,0.0,0.0,0.0,0.0,0.0,0.0,0.0,0.0,0.0,0.0,0.0,0.0,0.0,0.0,0.0,0.0,0.0,0.0,0.0,0.0,0.0,0.0,0.0,0.0,0.0,0.0,0.0,0.0,0.0,0.0,0.0,0.0,0.0,0.0,,,,,,,,,,,,,,,,,,,0.0,0.0,0.0,0.0,0.0,0.0,0.0,0.0,0.0,0.0,0.0,0.0,0.0,0.0,0.0,0.0,0.0,0.0,,,,,,,,,,,,,,,,,,,0.0,0.0,7620.0,33.0,332.0,32.0,32.0,19.0,24.0,19.0,20.0,21.0,21.0,21.0,20.0,23.0,24.0,26.0,27.0,0.0,0.0,0.0,0.0,0.0,23.8,0.0,269.36,2.18,0.0,0.0,2.0,0.0,0.0,0.0,0.0,0.0,0.0,0.0,0.0,0.0,0.0,0.0,0.0,0.0,0.0,,,,,,,,,,,,,0.0,0.0,0.0,0.0,0.0,0.0,0.0,0.0,0.0,0.0,0.0,0.0,0.0,,,,,,,,,,,,,,4.0,9.999e+20,,,,,,,,,,,,,,,,,,,,,,,,,,,,,4.91,1.6,2.8,3.6,3.6,4.0,4.4,4.4,4.8,4.8,2.4,5.2,5.20528,5.26097,5.33973,5.76738,5.80038,6.24124,6.73979,7.61596,8.49965,10.2885,4.94404,1.8,0.0,0.0,0.0,0.0,0.0,0.0,0.0,5.0,3.0,9.999e+20,9.999e+20,9.999e+20,9.999e+20,9.999e+20,0.0,,,160.0,0.0,0.0,0.0,0.0,0.0,88888.0,85.0,1.7,2.0,2.3,1.4,2.5,3.0,3.4,4.3,1400.0,1288.0,1400.0,1184.0,1528.0,1560.0,1608.0,1632.0,0.0,57.0,2.0,4.0,0.0,,,271.33,1.04,,271.71,2.18,,,,,,,,,,,,,,,,,,,,,,,,,,,,,,,,,,,,,,,,,,,,,,,,,,,,,,,,,,,,,9.999e+20,220.0,2.0,210.0,1.9,0.0,0.0,0.0,0.0,0.0,0.0,0.0,384.0,22.0,24.0,26.0,32.0,233.0,220.0,220.0,220.0,0.0,271.6,,,,,,,,,,,,,,,,,,,,,,,,,,,,,2.0,0.4,0.8,0.8,1.2,1.2,1.2,1.2,1.6,1.6,0.8,2.0,2.0,2.0,2.0,2.4,2.4,2.8,2.8,3.2,3.6,4.4,2.0,0.92,0.0,0.0,0.0,0.0,6.0,0.0,0.0,0.0,2.0,2.4,0.0
2026040413,,,,,,,,,,,,,,,,,,,,,,,,,,,,,,,,,0.0,0.0,,,,,,,,,,,,,,,,,,,,,,,,,,,,,,,,,,,,,,,,,,,,,,,,,,,,,,,,,,,,,,,,,,,,,,,,,,,,,,,,,,,,,,,,,,,,,,,,,,,,,,,,,,,,,,,,,,,,,,,,,,,,,,,,,269.73,0.0,0.0,0.0,0.0,0.0,0.0,0.0,0.0,0.0,0.0,0.0,0.0,0.0,0.0,0.0,0.0,0.0,0.0,,,,,,,,,,,,,,,,,,,,,,,,,,,,,,,,,,,,,,,,,,,,,,,,,,,,,,,,,,,,,,,,,,,,,,,,,0.0,0.0,7620.0,33.0,331.0,32.0,32.0,19.0,23.0,19.0,19.0,20.0,21.0,21.0,20.0,22.0,24.0,25.0,26.0,0.0,0.0,0.0,0.0,0.0,23.8,0.0,270.33,1.26,,0.0,1.0,0.0,,,,,,,,,,,,,,,,,,,,,,,,,,,,,,,,,,,,,,,,,,,,,,,,,,,,,,,,,,,,,,,,,,,,,,,,,,,,,,,,,,4.91,2.0,2.8,3.2,3.6,4.0,4.0,4.4,4.4,4.8,2.4,4.8,4.8,5.22812,5.26994,5.68946,5.73259,6.20319,6.68484,7.22427,8.52295,10.3356,4.92101,1.8,0.0,0.0,0.0,0.0,0.0,0.0,0.0,4.0,,,,,,,0.0,,,152.0,,0.0,0.0,0.0,0.0,88888.2,86.0,1.7,1.9,2.1,1.7,2.3,2.8,3.3,4.4,1448.0,1312.0,1408.0,1224.0,1544.0,1584.0,1624.0,1648.0,0.0,57.0,3.0,6.0,0.0,,,,,,272.26,1.26,,,,,,,,,,,,,,,,,,,,,,,,,,,,,,,,,,,,,,,,,,,,,,,,,,,,,,,,,,,,,9.999e+20,120.0,2.0,140.0,2.4,,,0.0,,,0.0,0.0,256.0,28.0,32.0,34.0,37.0,280.0,120.0,120.0,120.0,0.0,272.0,,,,,,,,,,,,,,,,,,,,,,,,,,,,,2.0,0.4,0.8,0.8,1.2,1.2,1.2,1.2,1.2,1.6,0.8,1.6,2.0,2.0,2.0,2.4,2.4,2.8,2.8,3.2,3.6,4.4,2.0,1.0,0.0,0.0,0.0,0.0,6.0,0.0,0.0,0.0,2.0,2.4,0.0
2026040414,,,,,,,,,,,,,,,,,,,,,,,,,,,,,,,,,0.0,,,,,,,,,,,,,,,,,,,,,,,,,,,,,,,,,,,,,,,,,,,,,,,,,,,,,,,,,,,,,,,,,,,,,,,,,,,,,,,,,,,,,,,,,,,,,,,,,,,,,,,,,,,,,,,,,,,,,,,,,,,,,,,,,,,,,,,,,,,,,,,,,,,,,,,,,,,,,,,,,,,,,,,,,,,,,,,,,,,,,,,,,,,,,,,,,,,,,,,,,,,,,,,,,,,,,,,,,,,,,,,,,,,,,,,,,,,,,,,,,,,,,,,,,,,,,,,,,,,,,,,,,,,,,,,,,,,,,,,,,,,,,,,,,,,,,,,,,,,,,,,,,,,,,,,,,,,,,,,,,,,,,,,,,,,,,,,2.0,3.2,3.2,3.6,3.6,4.0,4.0,4.0,4.4,2.4,4.4,4.8,4.80421,5.22895,5.66141,6.09222,6.19545,6.7274,7.28394,8.54567,9.94672,4.92448,1.80971,0.0,0.0,0.0,0.0,0.0,0.0,0.0,5.0,,,,,,,,,,,,,,,,,,,,,,,,,,,,,,,,,,,,,,,,,,,,,,,,,,,,,,,,,,,,,,,,,,,,,,,,,,,,,,,,,,,,,,,,,,,,,,,,,,,,,,,,,,,,,,,,,,,,,,,,,,,,,,,,,,,,,,,,,,,,,,,,,,,,,,,,,,,,,,0.4,0.8,0.8,0.8,1.2,1.2,1.2,1.2,1.6,0.8,1.6,2.0,2.0,2.0,2.4,2.4,2.8,2.8,3.2,3.6,4.4,2.0,0.8,0.0,0.0,0.0,0.0,6.0,0.0,0.0,0.0,,,
2026040415,,,,,,,,,,,,,,,,,,,,,,,,,,,,,,,,,0.0,,,,,,,,,,,,,,,,,,,,,,,,,,,,,,,,,,,,,,,,,,,,,,,,,,,,,,,,,,,,,,,,,,,,,,,,,,,,,,,,,,,,,,,,,,,,,,,,,,,,,,,,,,,,,,,,,,,,,,,,,,,,,,,,,,272.03,,,,,,,,,,,,,,,,,,,,,,,,,,,,,,,,,,,,,,,,,,,,,,,,,,,,,,,,,,,,,,,,,,,,,,,,,,,,,,,,,,,,,,,,,,,0.0,0.0,,,,2656.0,88888.0,,,,,,21.0,22.0,20.0,23.0,24.0,25.0,26.0,0.0,0.0,0.0,0.0,0.0,24.4,,271.09,1.6,0.0,153.0,1.0,,,,,,,,,,,,,,,,,,,,,,,,,,,,,,,,,,,,,,,,,,,,,,,,,,,,,,9.999e+20,,,,,,,,,,,,,,,,,,,,,,,,,,,,,5.0,2.0,2.8,3.2,3.6,3.6,3.6,4.0,4.0,4.4,2.4,4.4,4.8,5.2,5.21406,5.66884,5.70867,6.66604,6.83893,6.99926,8.68061,10.6931,4.97415,1.92,0.0,0.0,0.0,0.0,0.0,0.0,0.0,5.0,,9.999e+20,9.999e+20,9.999e+20,9.999e+20,9.999e+20,,,,152.0,,0.0,0.0,0.0,0.0,,81.0,1.5,1.6,1.8,1.4,1.9,2.4,2.9,4.5,1440.0,1336.0,1432.0,1304.0,1584.0,1632.0,1664.0,1696.0,,,12.0,19.0,,,,,,,273.83,1.6,,,,,,,,,,,,,,,,,,,,,,,,,,,,,,,,,,,,,,,,,,,,,,,,,,,,,,,,,,,,,9.999e+20,120.0,2.0,120.0,2.3,,,,0.0,,0.0,,9344.0,,,,,259.0,120.0,120.0,120.0,,273.2,,,,,,,,,,,,,,,,,,,,,,,,,,,,,2.0,0.4,0.8,0.8,0.8,0.8,1.2,1.2,1.2,1.6,0.8,1.6,1.6,2.0,2.0,2.0,2.4,2.8,2.8,3.2,4.0,4.4,2.0,1.0,0.0,0.0,0.0,0.0,6.0,0.0,0.0,0.0,2.0,2.4,
2026040416,,,,,,,,,,,,,,,,,,,,,,,,,,,,,,,,,0.0,,,,,,,,,,,,,,,,,,,,,,,,,,,,,,,,,,,,,,,,,,,,,,,,,,,,,,,,,,,,,,,,,,,,,,,,,,,,,,,,,,,,,,,,,,,,,,,,,,,,,,,,,,,,,,,,,,,,,,,,,,,,,,,,,,,,,,,,,,,,,,,,,,,,,,,,,,,,,,,,,,,,,,,,,,,,,,,,,,,,,,,,,,,,,,,,,,,,,,,,,,,,,,,,,,,,,,,,,,,,,,,,,,,,2.0,,3.0,,4.0,,,,,,,,,,,,,,,,,,,,,,,,,,,,,,,,,,,,,,,,,,,,,,,,,,,,,,,,,,,,,,,,,,,,,,,,,,,,,,,,,,,,,,,,,,,,,,,,,,,,,,,2.0,2.8,3.2,3.6,3.6,3.6,4.0,4.0,4.4,2.8,4.4,4.40453,4.8339,4.88089,4.9788,5.46566,5.67781,5.77299,6.30022,7.65209,9.15974,4.64287,1.48928,0.0,0.0,0.0,0.0,0.0,0.0,0.0,2.0,,,,,,,,,,,,,,,,,,,,,,,,,,,,,,,,,,,,,,,,,,,,,,,,,,,,,,,,,,,,,,,,,,,,,,,,,,,,,,,,,,,,,,,,,,,,,,,,,,,,,,,,,,,,,,,,,,,,,,,21.0,,24.0,28.0,,,,,,,,,,,,,,,,,,,,,,,,,,,,,,,,,,,,0.4,0.8,0.8,0.8,0.8,1.2,1.2,1.2,1.2,0.8,1.2,1.6,1.6,1.6,2.0,2.0,2.0,2.4,2.4,3.2,3.6,1.6,0.8,0.0,0.0,0.0,0.0,2.0,0.0,0.0,0.0,,,
2026040417,,,,,,,,,,,,,,,,,,,,,,,,,,,,,,,,,0.0,,,,,,,,,,,,,,,,,,,,,,,,,,,,,,,,,,,,,,,,,,,,,,,,,,,,,,,,,,,,,,,,,,,,,,,,,,,,,,,,,,,,,,,,,,,,,,,,,,,,,,,,,,,,,,,,,,,,,,,,,,,,,,,,,,,,,,,,,,,,,,,,,,,,,,,,,,,,,,,,,,,,,,,,,,,,,,,,,,,,,,,,,,,,,,,,,,,,,,,,,,,,,,,,,,,,,,,,,,,,,,,,,,,,,,,,,,,,,,,,,,,,,,,,,,,,,,,,,,,,,,,,,,,,,,,,,,,,,,,,,,,,,,,,,,,,,,,,,,,,,,,,,,,,,,,,,,,,,,,,,,,,,,,,,,,,,,,2.0,2.8,3.2,3.6,3.6,3.6,3.6,4.0,4.0,2.8,4.4,4.47756,4.54169,4.58114,5.03787,5.10448,5.5432,5.64674,6.18464,6.49219,7.53807,4.20354,1.07074,0.0,0.0,0.0,0.0,0.0,0.0,0.0,0.0,,,,,,,,,,,,,,,,,,,,,,,,,,,,,,,,,,,,,,,,,,,,,,,,,,,,,,,,,,,,,,,,,,,,,,,,,,,,,,,,,,,,,,,,,,,,,,,,,,,,,,,,,,,,,,,,,,,,,,,,,,,,,,,,,,,,,,,,,,,,,,,,,,,,,,,,,,,,,,0.4,0.8,0.8,0.8,0.8,0.8,1.2,1.2,1.2,0.8,1.2,1.2,1.6,1.6,1.6,2.0,2.0,2.0,2.4,2.4,3.2,1.2,0.8,0.0,0.0,0.0,0.0,0.0,0.0,0.0,0.0,,,
2026040418,0.001,0.0,0.0,0.0,0.0,0.0,0.0,0.0,0.0,0.0,0.0,0.0,0.0,0.0,0.0,0.0,0.0,0.0,0.0,0.0,0.0,0.0,0.0,0.0,0.0,0.0,0.0,0.0,0.0,0.0,0.0,0.0,0.0,,,,,,,,,,,,,,,,,,,,,,,,,,,,,,,,,,,,,,,,,,,,,,,,,,,,,,,,,,,,,,,,,,0.0,0.0,0.0,0.0,0.0,0.0,0.0,0.0,0.0,0.0,0.0,0.0,0.0,0.0,0.0,0.0,0.0,0.0,0.0,0.0,0.0,0.0,0.0,0.0,0.0,0.0,0.0,0.0,0.0,0.0,0.0,0.0,,,,,,,,,,,,,,,,,,,,,,,,,,,,,,,,,281.29,,,,,,,,,,,,,,,,,,,0.0,0.0,0.0,0.0,0.0,0.0,0.0,0.0,0.0,0.0,0.0,0.0,0.0,0.0,0.0,0.0,0.0,0.0,,,,,,,,,,,,,,,,,,,0.0,0.0,0.0,0.0,0.0,0.0,0.0,0.0,0.0,0.0,0.0,0.0,0.0,0.0,0.0,0.0,0.0,0.0,,,,,,,,,,,,,,,,,,,0.0,0.0,,,,2480.0,88888.0,,,,,,20.0,22.0,20.0,24.0,25.0,25.0,26.0,0.0,0.0,0.0,0.0,0.0,23.7,,273.27,1.34,0.0,585.0,1.0,,0.0,0.0,0.0,0.0,0.0,0.0,0.0,0.0,0.0,0.0,0.0,0.0,0.0,,,,,,,,,,,,,0.0,0.0,0.0,0.0,0.0,0.0,0.0,0.0,0.0,0.0,0.0,0.0,0.0,,,,,,,,,,,,,,7.0,9.999e+20,,,,,,,,,,,,,,,,,,,,,,,,,,,,,4.3,2.0,2.4,2.8,2.8,3.2,3.6,3.6,4.0,4.0,2.0,4.4997,4.58736,5.04015,5.09904,5.15873,5.63438,5.7101,5.76302,6.24996,6.48426,7.67873,4.29011,1.42,0.0,0.0,0.0,0.0,0.0,0.0,0.0,0.0,4.0,9.999e+20,9.999e+20,9.999e+20,9.999e+20,9.999e+20,,87.0,,696.0,,0.0,0.0,0.0,0.0,,55.0,1.1,1.1,1.3,1.0,1.5,2.0,2.5,3.7,1736.0,1696.0,1728.0,1672.0,1752.0,1792.0,1824.0,1848.0,,,9.0,18.0,,,,,,0.960318,281.66,1.34,,,,,,,,,,,,,,,,,,,,,,,,,,,,,,,271.048,269.264,269.759,270.185,270.349,270.562,270.459,270.674,270.679,270.935,269.643,271.066,270.866,271.104,271.024,271.495,271.578,271.681,271.479,272.085,272.807,274.328,0.0,0.0,0.0,0.0,0.0,46.0,96.0,0.0,9.999e+20,180.0,1.6,200.0,2.3,0.0,0.0,,0.0,0.0,0.0,,9600.0,,,,,1390.0,180.0,180.0,180.0,,280.6,,,,,,,,,,,,,,,,,,,,,,,,,,,,,1.6,0.4,0.8,0.8,0.8,0.8,0.8,1.2,1.2,1.2,0.4,1.6,1.6,1.6,1.6,2.0,2.0,2.0,2.0,2.0,2.4,2.8,1.6,0.6,0.0,0.0,0.0,0.0,0.0,0.0,0.0,0.0,1.6,2.0,
2026040419,,,,,,,,,,,,,,,,,,,,,,,,,,,,,,,,,0.0,,,,,,,,,,,,,,,,,,,,,,,,,,,,,,,,,,,,,,,,,,,,,,,,,,,,,,,,,,,,,,,,,,,,,,,,,,,,,,,,,,,,,,,,,,,,,,,,,,,,,,,,,,,,,,,,,,,,,,,,,,,,,,,,,,,,,,,,,,,,,,,,,,,,,,,,,,,,,,,,,,,,,,,,,,,,,,,,,,,,,,,,,,,,,,,,,,,,,,,,,,,,,,,,,,,,,,,,,,,,,,,,,,,,1.0,,1.0,,3.0,,,,,,,,,,,,,,,,,,,,,,,,,,,,,,,,,,,,,,,,,,,,,,,,,,,,,,,,,,,,,,,,,,,,,,,,,,,,,,,,,,,,,,,,,,,,,,,,,,,,,,,,,,,,,,,,,,,,,,,,,,,,,,,,,,,,,,,,,,,,,,,,,,,,,,,,,,,,,,,,,,,,,,,,,,,,,,,,,,,,,,,,,,,,,,,,,,,,,,,,,,,,,,,,,,,,,,,,,,,,,,,,,,,,,,,,,,,,,,,,,,,,,,,,,,,,11.0,,13.0,16.0,,,,,,,,,,,,,,,,,,,,,,,,,,,,,,,,,,,,,,,,,,,,,,,,,,,,,,,,,,,,,,,,,,,,,
2026040420,,,,,,,,,,,,,,,,,,,,,,,,,,,,,,,,,0.0,,,,,,,,,,,,,,,,,,,,,,,,,,,,,,,,,,,,,,,,,,,,,,,,,,,,,,,,,,,,,,,,,,,,,,,,,,,,,,,,,,,,,,,,,,,,,,,,,,,,,,,,,,,,,,,,,,,,,,,,,,,,,,,,,,,,,,,,,,,,,,,,,,,,,,,,,,,,,,,,,,,,,,,,,,,,,,,,,,,,,,,,,,,,,,,,,,,,,,,,,,,,,,,,,,,,,,,,,,,,,,,,,,,,,,,,,,,,,,,,,,,,,,,,,,,,,,,,,,,,,,,,,,,,,,,,,,,,,,,,,,,,,,,,,,,,,,,,,,,,,,,,,,,,,,,,,,,,,,,,,,,,,,,,,,,,,,,,,,,,,,,,,,,,,,,,,,,,,,,,,,,,,,,,,,,,,,,,,,,,,,,,,,,,,,,,,,,,,,,,,,,,,,,,,,,,,,,,,,,,,,,,,,,,,,,,,,,,,,,,,,,,,,,,,,,,,,,,,,,,,,,,,,,,,,,,,,,,,,,,,,,,,,,,,,,,,,,,,,,,,,,,,,,,,,,,,,,,,,,,,,,,,,,,,,,,,,,,,,,,,,,,,,,,,,,,,,,,
2026040421,,,,,,,,,,,,,,,,,,,,,,,,,,,,,,,,,0.0,,,,,,,,,,,,,,,,,,,,,,,,,,,,,,,,,,,,,,,,,,,,,,,,,,,,,,,,,,,,,,,,,,,,,,,,,,,,,,,,,,,,,,,,,,,,,,,,,,,,,,,,,,,,,,,,,,,,,,,,,,,,,,,,,,284.92,,,,,,,,,,,,,,,,,,,,,,,,,,,,,,,,,,,,,,,,,,,,,,,,,,,,,,,,,,,,,,,,,,,,,,,,,,,,,,,,,,,,,,,,,,,0.0,2.0,,,,2304.0,88888.0,,,,,,21.0,22.0,21.0,24.0,26.0,26.0,27.0,0.0,0.0,0.0,0.0,0.0,23.3,,274.24,1.72,0.0,806.0,0.0,,,,,,,,,,,,,,,,,,,,,,,,,,,,,,,,,,,,,,,,,,,,,,,,,,,,,,9.999e+20,,,,,,,,,,,,,,,,,,,,,,,,,,,,,5.3,2.4,3.6,4.0,4.0377,4.26696,4.49903,4.5429,4.62402,4.67902,3.2,5.14402,5.20925,5.32977,5.80271,5.86394,6.01886,6.52644,7.02301,7.3023,8.16092,9.2502,5.28834,1.52,0.0,0.0,0.0,0.0,0.0,0.0,0.0,3.0,,9.999e+20,9.999e+20,9.999e+20,9.999e+20,9.999e+20,,,,1248.0,,0.0,0.0,0.0,0.0,,48.0,1.2,0.8,0.9,0.8,1.1,1.5,1.8,2.4,2048.0,1920.0,1952.0,1912.0,2000.0,2024.0,2080.0,2104.0,,,8.0,11.0,,,,,,,284.98,1.72,,,,,,,,,,,,,,,,,,,,,,,,,,,,,,,,,,,,,,,,,,,,,,,,,,,,,,,,,,,,,9.999e+20,210.0,2.0,210.0,2.2,,,,0.0,,0.0,,9600.0,,,,,2675.0,210.0,210.0,210.0,,283.7,,,,,,,,,,,,,,,,,,,,,,,,,,,,,2.0,0.8,1.2,1.2,1.2,1.2,1.6,1.6,1.6,1.6,0.8,2.0,2.0,2.0,2.0,2.4,2.4,2.4,2.8,3.01309,3.12337,3.75572,2.04556,0.7,0.0,0.0,0.0,0.0,3.0,0.0,0.0,0.0,2.0,2.4,
2026040422,,,,,,,,,,,,,,,,,,,,,,,,,,,,,,,,,0.0,,,,,,,,,,,,,,,,,,,,,,,,,,,,,,,,,,,,,,,,,,,,,,,,,,,,,,,,,,,,,,,,,,,,,,,,,,,,,,,,,,,,,,,,,,,,,,,,,,,,,,,,,,,,,,,,,,,,,,,,,,,,,,,,,,,,,,,,,,,,,,,,,,,,,,,,,,,,,,,,,,,,,,,,,,,,,,,,,,,,,,,,,,,,,,,,,,,,,,,,,,,,,,,,,,,,,,,,,,,,,,,,,,,,0.0,,0.0,,2.0,,,,,,,,,,,,,,,,,,,,,,,,,,,,,,,,,,,,,,,,,,,,,,,,,,,,,,,,,,,,,,,,,,,,,,,,,,,,,,,,,,,,,,,,,,,,,,,,,,,,,,,,,,,,,,,,,,,,,,,,,,,,,,,,,,,,,,,,,,,,,,,,,,,,,,,,,,,,,,,,,,,,,,,,,,,,,,,,,,,,,,,,,,,,,,,,,,,,,,,,,,,,,,,,,,,,,,,,,,,,,,,,,,,,,,,,,,,,,,,,,,,,,,,,,,,,7.0,,10.0,11.0,,,,,,,,,,,,,,,,,,,,,,,,,,,,,,,,,,,,,,,,,,,,,,,,,,,,,,,,,,,,,,,,,,,,,
2026040423,,,,,,,,,,,,,,,,,,,,,,,,,,,,,,,,,0.0,,,,,,,,,,,,,,,,,,,,,,,,,,,,,,,,,,,,,,,,,,,,,,,,,,,,,,,,,,,,,,,,,,,,,,,,,,,,,,,,,,,,,,,,,,,,,,,,,,,,,,,,,,,,,,,,,,,,,,,,,,,,,,,,,,,,,,,,,,,,,,,,,,,,,,,,,,,,,,,,,,,,,,,,,,,,,,,,,,,,,,,,,,,,,,,,,,,,,,,,,,,,,,,,,,,,,,,,,,,,,,,,,,,,,,,,,,,,,,,,,,,,,,,,,,,,,,,,,,,,,,,,,,,,,,,,,,,,,,,,,,,,,,,,,,,,,,,,,,,,,,,,,,,,,,,,,,,,,,,,,,,,,,,,,,,,,,,,,,,,,,,,,,,,,,,,,,,,,,,,,,,,,,,,,,,,,,,,,,,,,,,,,,,,,,,,,,,,,,,,,,,,,,,,,,,,,,,,,,,,,,,,,,,,,,,,,,,,,,,,,,,,,,,,,,,,,,,,,,,,,,,,,,,,,,,,,,,,,,,,,,,,,,,,,,,,,,,,,,,,,,,,,,,,,,,,,,,,,,,,,,,,,,,,,,,,,,,,,,,,,,,,,,,,,,,,,,,,
2026040500,0.003,0.0,0.0,0.0,0.0,0.0,0.0,0.0,0.0,0.0,0.0,0.0,0.0,0.0,0.0,0.0,0.0,0.0,0.0,0.0,0.0,0.0,0.0,0.0,0.0,0.0,0.0,0.0,0.0,0.0,0.0,0.0,0.0,,0.025,0.0,0.0,0.0,0.0,0.0,0.0,0.0,0.0,0.0,0.0,0.0,0.0,0.0,0.0,0.0,0.0,0.0,0.0,0.0,0.0,0.447,1.0,0.0,0.0,0.0,0.0,0.0,0.0,0.0,0.0,0.0,0.121,0.0,0.0,0.0,0.0,0.0,0.0,0.0,0.0,0.0,0.0,0.0,0.0,0.0,0.0,0.0,0.0,0.0,0.0,0.086,0.867,2.882,0.0,0.0,1.0,0.0,0.0,0.0,0.0,0.0,0.0,0.0,0.0,0.0,0.0,0.0,0.0,0.0,0.0,0.0,0.0,0.0,0.0,0.0,0.0,0.0,0.0,0.0,0.0,0.0,0.0,0.0,0.0,0.0,0.0,0.0,0.0,0.0,0.0,0.0,0.0,0.0,0.0,0.0,,,,,,,,,,,,,,,,,,,,,,,,,,,,,,,,,284.87,,,,,,,,,,,,,,,,,,,0.0,0.0,0.0,0.0,0.0,0.0,0.0,0.0,0.0,0.0,0.0,0.0,0.0,0.0,0.0,0.0,0.0,0.0,,,,,,,,,,,,,,,,,,,0.0,0.0,0.0,0.0,0.0,0.0,0.0,0.0,0.0,0.0,0.0,0.0,0.0,0.0,0.0,0.0,0.0,0.0,,,,,,,,,,,,,,,,,,,2.0,11.0,,,,3528.0,88888.0,,,,,,22.0,22.0,20.0,23.0,24.0,26.0,26.0,0.0,0.0,0.0,0.0,0.0,23.2,,275.48,1.78,0.0,534.0,1.0,,0.0,0.0,0.0,0.0,0.0,0.0,0.0,0.0,0.0,0.0,0.0,0.0,0.0,,,,,,,,,,,,,0.0,0.0,0.0,0.0,0.0,0.0,0.0,0.0,0.0,0.0,0.0,0.0,0.0,,,,,,,,,,,,,,9.0,9.999e+20,,,,,,,,,,,,,,,,,,,,,,,,,,,,,5.0,1.6,2.4,3.2,3.6,3.43214,3.95364,4.06297,4.15513,4.67622,2.0,4.81623,4.96268,5.08544,5.54224,5.62679,6.15963,6.27663,6.7608,6.96062,7.96483,9.18211,4.96815,1.7,0.0,0.0,0.0,0.0,0.0,0.0,0.0,3.0,4.0,9.999e+20,9.999e+20,9.999e+20,9.999e+20,9.999e+20,,,,992.0,0.0,0.0,0.0,0.0,0.0,,53.0,0.9,0.5,0.6,0.5,0.7,1.1,1.4,2.0,2184.0,2088.0,2128.0,2072.0,2168.0,2208.0,2240.0,2264.0,,,16.0,20.0,,285.87,1.14,,,,284.95,1.76,,,,,,,,,,,,,,,,,,,,,,,,,,,,,,,,,,,,,,,,,,,,,,,,,,,,,,,,,,,,,9.999e+20,200.0,2.0,200.0,2.3,0.0,0.0,,0.0,0.0,1.0,,8704.0,,,,,2204.0,200.0,200.0,200.0,,282.5,,,,,,,,,,,,,,,,,,,,,,,,,,,,,2.0,0.4,0.8,0.8,1.2,1.2,1.2,1.2,1.6,1.6,0.4,2.0,2.0,2.0,2.0,2.4,2.4,2.4,2.8,2.95505,3.41929,3.53314,1.63532,0.82,0.0,0.0,0.0,0.0,2.0,0.0,0.0,0.0,2.0,2.4,
2026040501,,,,,,,,,,,,,,,,,,,,,,,,,,,,,,,,,0.0,,,,,,,,,,,,,,,,,,,,,,,,,,,,,,,,,,,,,,,,,,,,,,,,,,,,,,,,,,,,,,,,,,,,,,,,,,,,,,,,,,,,,,,,,,,,,,,,,,,,,,,,,,,,,,,,,,,,,,,,,,,,,,,,,,,,,,,,,,,,,,,,,,,,,,,,,,,,,,,,,,,,,,,,,,,,,,,,,,,,,,,,,,,,,,,,,,,,,,,,,,,,,,,,,,,,,,,,,,,,,,,,,,,,0.0,,0.0,,0.0,,,,,,,,,,,,,,,,,,,,,,,,,,,,,,,,,,,,,,,,,,,,,,,,,,,,,,,,,,,,,,,,,,,,,,,,,,,,,,,,,,,,,,,,,,,,,,,,,,,,,,,,,,,,,,,,,,,,,,,,,,,,,,,,,,,,,,,,,,,,,,,,,,,,,,,,,,,,,,,,,,,,,,,,,,,,,,,,,,,,,,,,,,,,,,,,,,,,,,,,,,,,,,,,,,,,,,,,,,,,,,,,,,,,,,,,,,,,,,,,,,,,,,,,,,,,8.0,,11.0,13.0,,,,,,,,,,,,,,,,,,,,,,,,,,,,,,,,,,,,,,,,,,,,,,,,,,,,,,,,,,,,,,,,,,,,,
2026040502,,,,,,,,,,,,,,,,,,,,,,,,,,,,,,,,,0.0,,,,,,,,,,,,,,,,,,,,,,,,,,,,,,,,,,,,,,,,,,,,,,,,,,,,,,,,,,,,,,,,,,,,,,,,,,,,,,,,,,,,,,,,,,,,,,,,,,,,,,,,,,,,,,,,,,,,,,,,,,,,,,,,,,,,,,,,,,,,,,,,,,,,,,,,,,,,,,,,,,,,,,,,,,,,,,,,,,,,,,,,,,,,,,,,,,,,,,,,,,,,,,,,,,,,,,,,,,,,,,,,,,,,,,,,,,,,,,,,,,,,,,,,,,,,,,,,,,,,,,,,,,,,,,,,,,,,,,,,,,,,,,,,,,,,,,,,,,,,,,,,,,,,,,,,,,,,,,,,,,,,,,,,,,,,,,,,,,,,,,,,,,,,,,,,,,,,,,,,,,,,,,,,,,,,,,,,,,,,,,,,,,,,,,,,,,,,,,,,,,,,,,,,,,,,,,,,,,,,,,,,,,,,,,,,,,,,,,,,,,,,,,,,,,,,,,,,,,,,,,,,,,,,,,,,,,,,,,,,,,,,,,,,,,,,,,,,,,,,,,,,,,,,,,,,,,,,,,,,,,,,,,,,,,,,,,,,,,,,,,,,,,,,,,,,,,,,
2026040503,,,,,,,,,,,,,,,,,,,,,,,,,,,,,,,,,0.0,,,,,,,,,,,,,,,,,,,,,,,,,,,,,,,,,,,,,,,,,,,,,,,,,,,,,,,,,,,,,,,,,,,,,,,,,,,,,,,,,,,,,,,,,,,,,,,,,,,,,,,,,,,,,,,,,,,,,,,,,,,,,,,,,,277.81,,,,,,,,,,,,,,,,,,,,,,,,,,,,,,,,,,,,,,,,,,,,,,,,,,,,,,,,,,,,,,,,,,,,,,,,,,,,,,,,,,,,,,,,,,,0.0,0.0,,,,3992.0,88888.0,,,,,,19.0,20.0,18.0,20.0,22.0,22.0,23.0,0.0,0.0,0.0,0.0,0.0,19.8,,274.76,1.22,0.0,86.0,1.0,,,,,,,,,,,,,,,,,,,,,,,,,,,,,,,,,,,,,,,,,,,,,,,,,,,,,,9.999e+20,,,,,,,,,,,,,,,,,,,,,,,,,,,,,5.5,1.6,2.8,3.6,4.0,4.4,4.4,4.8,5.2,5.2,2.0,5.62143,5.68456,5.74559,6.31025,6.39677,6.8626,7.32048,7.40278,8.29068,8.4862,9.2636,5.51875,1.92,0.0,0.0,0.0,0.0,0.0,0.0,0.0,4.0,,9.999e+20,9.999e+20,9.999e+20,9.999e+20,9.999e+20,,,,160.0,,0.0,0.0,0.0,0.0,,74.0,0.9,0.3,0.4,0.3,0.6,0.9,1.2,1.7,2160.0,2136.0,2160.0,2112.0,2192.0,2224.0,2248.0,2272.0,,,37.0,28.0,,,,,,,279.1,1.53,,,,,,,,,,,,,,,,,,,,,,,,,,,,,,,,,,,,,,,,,,,,,,,,,,,,,,,,,,,,,9.999e+20,130.0,2.4,100.0,3.7,,,,0.0,,0.0,,9628.0,,,,,474.0,130.0,130.0,130.0,,277.7,,,,,,,,,,,,,,,,,,,,,,,,,,,,,2.4,0.4,0.8,1.2,1.2,1.6,1.6,1.6,2.0,2.0,0.4,2.4,2.4,2.4,2.4,2.8,2.8,3.2,3.2,3.2,3.6,3.6,2.0,0.92,0.0,0.0,0.0,0.0,4.0,0.0,0.0,0.0,2.4,2.8,
2026040504,,,,,,,,,,,,,,,,,,,,,,,,,,,,,,,,,0.0,,,,,,,,,,,,,,,,,,,,,,,,,,,,,,,,,,,,,,,,,,,,,,,,,,,,,,,,,,,,,,,,,,,,,,,,,,,,,,,,,,,,,,,,,,,,,,,,,,,,,,,,,,,,,,,,,,,,,,,,,,,,,,,,,,,,,,,,,,,,,,,,,,,,,,,,,,,,,,,,,,,,,,,,,,,,,,,,,,,,,,,,,,,,,,,,,,,,,,,,,,,,,,,,,,,,,,,,,,,,,,,,,,,,0.0,,0.0,,1.0,,,,,,,,,,,,,,,,,,,,,,,,,,,,,,,,,,,,,,,,,,,,,,,,,,,,,,,,,,,,,,,,,,,,,,,,,,,,,,,,,,,,,,,,,,,,,,,,,,,,,,,,,,,,,,,,,,,,,,,,,,,,,,,,,,,,,,,,,,,,,,,,,,,,,,,,,,,,,,,,,,,,,,,,,,,,,,,,,,,,,,,,,,,,,,,,,,,,,,,,,,,,,,,,,,,,,,,,,,,,,,,,,,,,,,,,,,,,,,,,,,,,,,,,,,,,10.0,,12.0,14.0,,,,,,,,,,,,,,,,,,,,,,,,,,,,,,,,,,,,,,,,,,,,,,,,,,,,,,,,,,,,,,,,,,,,,
2026040505,,,,,,,,,,,,,,,,,,,,,,,,,,,,,,,,,0.0,,,,,,,,,,,,,,,,,,,,,,,,,,,,,,,,,,,,,,,,,,,,,,,,,,,,,,,,,,,,,,,,,,,,,,,,,,,,,,,,,,,,,,,,,,,,,,,,,,,,,,,,,,,,,,,,,,,,,,,,,,,,,,,,,,,,,,,,,,,,,,,,,,,,,,,,,,,,,,,,,,,,,,,,,,,,,,,,,,,,,,,,,,,,,,,,,,,,,,,,,,,,,,,,,,,,,,,,,,,,,,,,,,,,,,,,,,,,,,,,,,,,,,,,,,,,,,,,,,,,,,,,,,,,,,,,,,,,,,,,,,,,,,,,,,,,,,,,,,,,,,,,,,,,,,,,,,,,,,,,,,,,,,,,,,,,,,,,,,,,,,,,,,,,,,,,,,,,,,,,,,,,,,,,,,,,,,,,,,,,,,,,,,,,,,,,,,,,,,,,,,,,,,,,,,,,,,,,,,,,,,,,,,,,,,,,,,,,,,,,,,,,,,,,,,,,,,,,,,,,,,,,,,,,,,,,,,,,,,,,,,,,,,,,,,,,,,,,,,,,,,,,,,,,,,,,,,,,,,,,,,,,,,,,,,,,,,,,,,,,,,,,,,,,,,,,,,,,
2026040506,0.005,0.0,0.0,0.0,0.0,0.0,0.0,0.0,0.0,0.0,0.0,0.0,0.0,0.0,0.0,0.0,0.0,0.0,0.0,0.0,0.0,0.0,1.0,0.0,0.0,0.0,0.0,0.0,0.0,0.0,0.0,0.0,0.0,,0.01,0.0,0.0,0.0,0.0,0.0,0.0,0.0,0.0,0.0,0.0,0.0,0.0,0.0,0.0,0.0,0.0,0.0,0.0,0.0,0.0,0.003,1.0,0.0,0.0,0.0,0.0,0.0,0.0,0.0,0.0,0.0,,,,,,,,,,,,,,,,,,,,,,,,,,,,,,,,,0.0,0.0,0.0,0.0,0.0,0.0,0.0,0.0,0.0,0.0,0.0,0.0,0.0,0.0,0.0,0.0,0.0,0.0,0.0,0.0,0.0,0.001,0.0,0.0,0.0,0.0,0.0,0.0,0.0,0.0,0.0,0.0,,,,,,,,,,,,,,,,,,,,,,,,,,,,,,,,,273.7,,,,,,,,,,,,,,,,,,,0.0,0.0,0.0,0.0,0.0,0.0,0.0,0.0,0.0,0.0,0.0,0.0,0.0,0.0,0.0,0.0,0.0,0.0,0.0,0.0,0.0,0.0,0.0,0.0,0.0,0.0,0.0,0.0,0.0,0.0,0.0,0.0,0.0,0.0,0.0,0.0,0.0,0.0,0.0,0.0,0.0,0.0,0.0,0.0,0.0,0.0,0.0,0.0,0.0,0.0,0.0,0.0,0.0,0.0,,,,,,,,,,,,,,,,,,,0.0,0.0,,,,3200.0,88888.0,,,,,,18.0,18.0,18.0,20.0,21.0,23.0,24.0,0.0,0.0,0.0,0.0,0.0,19.5,,273.76,0.9,0.0,43.0,0.0,,0.0,0.0,0.0,0.0,0.0,0.0,0.0,0.0,0.0,0.0,0.0,0.0,0.0,0.0,0.0,0.0,0.0,0.0,0.0,0.0,0.0,0.0,0.0,0.0,0.0,0.0,0.0,0.0,0.0,0.0,0.0,0.0,0.0,0.0,0.0,0.0,0.0,0.0,,,,,,,,,,,,,,8.2,9.999e+20,11.4541,6.60749,9.04874,9.59085,9.74352,9.86687,10.1035,9.97947,10.5437,10.6274,7.76627,11.0903,11.2237,11.7021,12.1569,12.6088,13.9044,14.4212,14.5633,15.7254,16.5352,17.237,45.0,1.0,0.0,0.0,0.0,0.0,7.1,2.0,4.4,4.8,4.8,5.2,5.6,6.0,6.4,6.4,4.0,6.8249,6.87287,6.93866,7.40938,7.55019,8.06019,9.74484,9.87418,10.8108,11.7267,12.4695,7.11003,2.42,8.0,0.0,0.0,0.0,0.0,0.0,0.0,23.0,3.0,9.999e+20,9.999e+20,9.999e+20,9.999e+20,9.999e+20,,,48.0,160.0,,0.0,0.0,0.0,0.0,,83.0,0.6,0.2,0.3,0.1,0.5,0.7,1.0,1.3,2104.0,2080.0,2120.0,2048.0,2152.0,2176.0,2192.0,2208.0,,,47.0,23.0,,,,,,1.74833,276.35,1.63,284.746,282.151,282.657,282.918,282.909,283.112,283.174,283.294,283.47,283.721,282.447,284.299,284.814,285.038,285.356,285.739,286.476,286.725,286.925,287.36,287.643,288.141,0.0,0.0,0.0,0.0,0.0,0.0,0.0,0.0,,,,,,,,,,,,,,,,,,,,,,,,,,,,,,,9.999e+20,130.0,2.8,100.0,4.4,0.0,0.0,,0.0,0.0,0.0,,16286.0,,,,,536.0,130.0,130.0,130.0,,275.8,5.30254,2.8,4.0,4.36033,4.46942,4.55931,4.70362,4.79949,4.82196,4.87044,3.6,5.30692,5.33032,5.35011,5.77775,5.82176,6.25386,6.68893,6.72747,7.1741,7.62781,8.15363,0.0,0.0,0.0,0.0,35.0,0.0,2.8,0.4,1.6,1.6,2.0,2.0,2.4,2.4,2.4,2.8,1.2,2.8,2.8,2.8,3.2,3.2,3.2,4.0,4.4,4.8,5.2,5.6,2.8,1.2,0.0,0.0,0.0,0.0,23.0,0.0,1.0,0.0,3.2,3.6,
2026040507,,,,,,,,,,,,,,,,,,,,,,,,,,,,,,,,,0.0,,,,,,,,,,,,,,,,,,,,,,,,,,,,,,,,,,,,,,,,,,,,,,,,,,,,,,,,,,,,,,,,,,,,,,,,,,,,,,,,,,,,,,,,,,,,,,,,,,,,,,,,,,,,,,,,,,,,,,,,,,,,,,,,,,,,,,,,,,,,,,,,,,,,,,,,,,,,,,,,,,,,,,,,,,,,,,,,,,,,,,,,,,,,,,,,,,,,,,,,,,,,,,,,,,,,,,,,,,,,,,,,,,,,0.0,,0.0,,0.0,,,,,,,,,,,,,,,,,,,,,,,,,,,,,,,,,,,,,,,,,,,,,,,,,,,,,,,,,,,,,,,,,,,,,,,,,,,,,,,,,,,,,,,,,,,,,,,,,,,,,,,,,,,,,,,,,,,,,,,,,,,,,,,,,,,,,,,,,,,,,,,,,,,,,,,,,,,,,,,,,,,,,,,,,,,,,,,,,,,,,,,,,,,,,,,,,,,,,,,,,,,,,,,,,,,,,,,,,,,,,,,,,,,,,,,,,,,,,,,,,,,,,,,,,,,,0.0,,0.0,2.0,,,,,,,,,,,,,,,,,,,,,,,,,,,,,,,,,,,,,,,,,,,,,,,,,,,,,,,,,,,,,,,,,,,,,
2026040508,,,,,,,,,,,,,,,,,,,,,,,,,,,,,,,,,0.0,,,,,,,,,,,,,,,,,,,,,,,,,,,,,,,,,,,,,,,,,,,,,,,,,,,,,,,,,,,,,,,,,,,,,,,,,,,,,,,,,,,,,,,,,,,,,,,,,,,,,,,,,,,,,,,,,,,,,,,,,,,,,,,,,,,,,,,,,,,,,,,,,,,,,,,,,,,,,,,,,,,,,,,,,,,,,,,,,,,,,,,,,,,,,,,,,,,,,,,,,,,,,,,,,,,,,,,,,,,,,,,,,,,,,,,,,,,,,,,,,,,,,,,,,,,,,,,,,,,,,,,,,,,,,,,,,,,,,,,,,,,,,,,,,,,,,,,,,,,,,,,,,,,,,,,,,,,,,,,,,,,,,,,,,,,,,,,,,,,,,,,,,,,,,,,,,,,,,,,,,,,,,,,,,,,,,,,,,,,,,,,,,,,,,,,,,,,,,,,,,,,,,,,,,,,,,,,,,,,,,,,,,,,,,,,,,,,,,,,,,,,,,,,,,,,,,,,,,,,,,,,,,,,,,,,,,,,,,,,,,,,,,,,,,,,,,,,,,,,,,,,,,,,,,,,,,,,,,,,,,,,,,,,,,,,,,,,,,,,,,,,,,,,,,,,,,,,,
2026040509,,,,,,,,,,,,,,,,,,,,,,,,,,,,,,,,,0.0,,,,,,,,,,,,,,,,,,,,,,,,,,,,,,,,,,,,,,,,,,,,,,,,,,,,,,,,,,,,,,,,,,,,,,,,,,,,,,,,,,,,,,,,,,,,,,,,,,,,,,,,,,,,,,,,,,,,,,,,,,,,,,,,,,272.79,,,,,,,,,,,,,,,,,,,,,,,,,,,,,,,,,,,,,,,,,,,,,,,,,,,,,,,,,,,,,,,,,,,,,,,,,,,,,,,,,,,,,,,,,,,0.0,0.0,,,,1408.0,3960.0,,,,,,19.0,19.0,18.0,20.0,22.0,22.0,23.0,0.0,0.0,0.0,0.0,0.0,20.1,,273.49,0.86,0.0,0.0,1.0,,,,,,,,,,,,,,,,,,,,,,,,,,,,,,,,,,,,,,,,,,,,,,,,,,,,,,9.999e+20,,,,,,,,,,,,,,,,,,,,,,,,,,,,,7.4,2.0,4.8,5.2,5.2,5.6,6.0,6.4,6.8,7.2,4.0,7.20198,7.23125,7.65978,8.11432,8.14465,8.61928,10.2777,10.7567,11.6953,12.3258,13.7343,7.35276,2.6,12.0,0.0,0.0,0.0,0.0,0.0,0.0,26.0,,9.999e+20,9.999e+20,9.999e+20,9.999e+20,9.999e+20,,,,160.0,,0.0,0.0,0.0,0.0,,84.0,0.7,0.2,0.2,0.1,0.4,0.6,0.8,1.2,2040.0,1976.0,2048.0,1952.0,2088.0,2120.0,2144.0,2152.0,,,59.0,17.0,,,,,,,275.76,1.3,,,,,,,,,,,,,,,,,,,,,,,,,,,,,,,,,,,,,,,,,,,,,,,,,,,,,,,,,,,,,9.999e+20,130.0,3.2,110.0,4.4,,,,0.0,,0.0,,16256.0,,,,,563.0,130.0,130.0,130.0,,275.1,,,,,,,,,,,,,,,,,,,,,,,,,,,,,3.2,0.4,1.6,2.0,2.0,2.4,2.4,2.4,2.8,2.8,1.2,2.8,2.8,3.2,3.2,3.2,3.6,4.4,4.8,5.2,5.6,6.0,3.2,1.32,0.0,0.0,0.0,0.0,26.0,0.0,4.0,0.0,3.6,4.0,
2026040510,,,,,,,,,,,,,,,,,,,,,,,,,,,,,,,,,0.0,,,,,,,,,,,,,,,,,,,,,,,,,,,,,,,,,,,,,,,,,,,,,,,,,,,,,,,,,,,,,,,,,,,,,,,,,,,,,,,,,,,,,,,,,,,,,,,,,,,,,,,,,,,,,,,,,,,,,,,,,,,,,,,,,,,,,,,,,,,,,,,,,,,,,,,,,,,,,,,,,,,,,,,,,,,,,,,,,,,,,,,,,,,,,,,,,,,,,,,,,,,,,,,,,,,,,,,,,,,,,,,,,,,,1.0,,1.0,,1.0,,,,,,,,,,,,,,,,,,,,,,,,,,,,,,,,,,,,,,,,,,,,,,,,,,,,,,,,,,,,,,,,,,,,,,,,,,,,,,,,,,,,,,,,,,,,,,,,,,,,,,,,,,,,,,,,,,,,,,,,,,,,,,,,,,,,,,,,,,,,,,,,,,,,,,,,,,,,,,,,,,,,,,,,,,,,,,,,,,,,,,,,,,,,,,,,,,,,,,,,,,,,,,,,,,,,,,,,,,,,,,,,,,,,,,,,,,,,,,,,,,,,,,,,,,,,2.0,,2.0,4.0,,,,,,,,,,,,,,,,,,,,,,,,,,,,,,,,,,,,,,,,,,,,,,,,,,,,,,,,,,,,,,,,,,,,,
2026040511,,,,,,,,,,,,,,,,,,,,,,,,,,,,,,,,,0.0,,,,,,,,,,,,,,,,,,,,,,,,,,,,,,,,,,,,,,,,,,,,,,,,,,,,,,,,,,,,,,,,,,,,,,,,,,,,,,,,,,,,,,,,,,,,,,,,,,,,,,,,,,,,,,,,,,,,,,,,,,,,,,,,,,,,,,,,,,,,,,,,,,,,,,,,,,,,,,,,,,,,,,,,,,,,,,,,,,,,,,,,,,,,,,,,,,,,,,,,,,,,,,,,,,,,,,,,,,,,,,,,,,,,,,,,,,,,,,,,,,,,,,,,,,,,,,,,,,,,,,,,,,,,,,,,,,,,,,,,,,,,,,,,,,,,,,,,,,,,,,,,,,,,,,,,,,,,,,,,,,,,,,,,,,,,,,,,,,,,,,,,,,,,,,,,,,,,,,,,,,,,,,,,,,,,,,,,,,,,,,,,,,,,,,,,,,,,,,,,,,,,,,,,,,,,,,,,,,,,,,,,,,,,,,,,,,,,,,,,,,,,,,,,,,,,,,,,,,,,,,,,,,,,,,,,,,,,,,,,,,,,,,,,,,,,,,,,,,,,,,,,,,,,,,,,,,,,,,,,,,,,,,,,,,,,,,,,,,,,,,,,,,,,,,,,,,,,
2026040512,0.007,0.0,0.0,0.0,0.0,0.0,0.0,0.0,0.0,0.0,0.0,0.0,0.0,0.0,0.0,0.0,0.0,0.0,0.0,0.0,0.0,0.0,1.0,0.0,0.0,0.0,0.0,0.0,0.0,0.0,0.0,0.0,0.0,,0.012,0.0,0.0,0.0,0.0,0.0,0.0,0.0,0.0,0.0,0.0,0.0,0.0,0.0,0.0,0.0,0.0,0.0,0.0,0.0,0.0,0.038,1.0,0.0,0.0,0.0,0.0,0.0,0.0,0.0,0.0,0.0,0.067,0.0,0.0,0.0,0.0,0.0,0.0,0.0,0.0,0.0,0.0,0.0,0.0,0.0,0.0,0.0,0.0,0.0,0.0,0.0,0.0,2.639,0.0,0.0,1.0,0.0,0.0,0.0,0.0,0.0,0.0,0.0,0.0,0.0,0.0,0.0,0.0,0.0,0.0,0.0,0.0,0.0,0.0,0.0,0.0,0.0,0.0,0.0,0.0,0.0,0.0,0.0,0.0,0.0,0.0,0.0,0.0,0.0,0.0,0.0,0.0,0.0,0.0,0.0,,,,,,,,,,,,,,,,,,,,,,,,,,,,,,,,,272.23,,,,,,,,,,,,,,,,,,,0.0,0.0,0.0,0.0,0.0,0.0,0.0,0.0,0.0,0.0,0.0,0.0,0.0,0.0,0.0,0.0,0.0,0.0,0.0,0.0,0.0,0.0,0.0,0.0,0.0,0.0,0.0,0.0,0.0,0.0,0.0,0.0,0.0,0.0,0.0,0.0,0.0,0.0,0.0,0.0,0.0,0.0,0.0,0.0,0.0,0.0,0.0,0.0,0.0,0.0,0.0,0.0,0.0,0.0,,,,,,,,,,,,,,,,,,,0.0,0.0,,,,1744.0,3920.0,,,,,,19.0,21.0,18.0,22.0,22.0,23.0,23.0,0.0,0.0,0.0,0.0,0.0,21.2,,272.71,0.97,0.0,0.0,0.0,,0.0,0.0,0.0,0.0,0.0,0.0,0.0,0.0,0.0,0.0,0.0,0.0,0.0,0.0,0.0,0.0,0.0,0.0,0.0,0.0,0.0,0.0,0.0,0.0,0.0,0.0,0.0,0.0,0.0,0.0,0.0,0.0,0.0,0.0,0.0,0.0,0.0,0.0,,,,,,,,,,,,,,7.2,9.999e+20,,,,,,,,,,,,,,,,,,,,,,,,,,,,,8.1,2.8,5.2,5.6,5.6,6.0,6.4,6.8,7.2,7.6,4.4,7.6,8.02174,8.04783,8.47381,8.50526,9.34132,10.9855,11.4545,11.957,12.805,14.2045,8.10455,2.7,19.0,0.0,0.0,0.0,0.0,0.0,0.0,28.0,4.0,9.999e+20,9.999e+20,9.999e+20,9.999e+20,9.999e+20,,,,152.0,0.0,0.0,0.0,0.0,0.0,,81.0,0.7,0.2,0.2,0.1,0.4,0.5,0.8,1.2,1968.0,1888.0,1944.0,1840.0,2024.0,2072.0,2104.0,2128.0,,,61.0,16.0,,,,275.36,0.94,,275.43,1.31,,,,,,,,,,,,,,,,,,,,,,,,,,,,,,,,,,,,,,,,,,,,,,,,,,,,,,,,,,,,,9.999e+20,120.0,3.6,110.0,4.3,0.0,0.0,,0.0,0.0,0.0,,7808.0,,,,,518.0,120.0,120.0,120.0,,274.6,,,,,,,,,,,,,,,,,,,,,,,,,,,,,3.6,0.8,2.0,2.4,2.4,2.4,2.8,2.8,2.8,3.2,1.6,3.2,3.2,3.2,3.6,3.6,4.0,5.2,5.2,5.6,6.0,6.8,3.6,1.4,0.0,0.0,0.0,0.0,33.0,0.0,10.0,0.0,4.0,4.4,
2026040513,,,,,,,,,,,,,,,,,,,,,,,,,,,,,,,,,0.0,,,,,,,,,,,,,,,,,,,,,,,,,,,,,,,,,,,,,,,,,,,,,,,,,,,,,,,,,,,,,,,,,,,,,,,,,,,,,,,,,,,,,,,,,,,,,,,,,,,,,,,,,,,,,,,,,,,,,,,,,,,,,,,,,,,,,,,,,,,,,,,,,,,,,,,,,,,,,,,,,,,,,,,,,,,,,,,,,,,,,,,,,,,,,,,,,,,,,,,,,,,,,,,,,,,,,,,,,,,,,,,,,,,,3.0,,3.0,,3.0,,,,,,,,,,,,,,,,,,,,,,,,,,,,,,,,,,,,,,,,,,,,,,,,,,,,,,,,,,,,,,,,,,,,,,,,,,,,,,,,,,,,,,,,,,,,,,,,,,,,,,,,,,,,,,,,,,,,,,,,,,,,,,,,,,,,,,,,,,,,,,,,,,,,,,,,,,,,,,,,,,,,,,,,,,,,,,,,,,,,,,,,,,,,,,,,,,,,,,,,,,,,,,,,,,,,,,,,,,,,,,,,,,,,,,,,,,,,,,,,,,,,,,,,,,,,20.0,,25.0,28.0,,,,,,,,,,,,,,,,,,,,,,,,,,,,,,,,,,,,,,,,,,,,,,,,,,,,,,,,,,,,,,,,,,,,,
2026040514,,,,,,,,,,,,,,,,,,,,,,,,,,,,,,,,,0.0,,,,,,,,,,,,,,,,,,,,,,,,,,,,,,,,,,,,,,,,,,,,,,,,,,,,,,,,,,,,,,,,,,,,,,,,,,,,,,,,,,,,,,,,,,,,,,,,,,,,,,,,,,,,,,,,,,,,,,,,,,,,,,,,,,,,,,,,,,,,,,,,,,,,,,,,,,,,,,,,,,,,,,,,,,,,,,,,,,,,,,,,,,,,,,,,,,,,,,,,,,,,,,,,,,,,,,,,,,,,,,,,,,,,,,,,,,,,,,,,,,,,,,,,,,,,,,,,,,,,,,,,,,,,,,,,,,,,,,,,,,,,,,,,,,,,,,,,,,,,,,,,,,,,,,,,,,,,,,,,,,,,,,,,,,,,,,,,,,,,,,,,,,,,,,,,,,,,,,,,,,,,,,,,,,,,,,,,,,,,,,,,,,,,,,,,,,,,,,,,,,,,,,,,,,,,,,,,,,,,,,,,,,,,,,,,,,,,,,,,,,,,,,,,,,,,,,,,,,,,,,,,,,,,,,,,,,,,,,,,,,,,,,,,,,,,,,,,,,,,,,,,,,,,,,,,,,,,,,,,,,,,,,,,,,,,,,,,,,,,,,,,,,,,,,,,,,,,
2026040515,,,,,,,,,,,,,,,,,,,,,,,,,,,,,,,,,0.0,,,,,,,,,,,,,,,,,,,,,,,,,,,,,,,,,,,,,,,,,,,,,,,,,,,,,,,,,,,,,,,,,,,,,,,,,,,,,,,,,,,,,,,,,,,,,,,,,,,,,,,,,,,,,,,,,,,,,,,,,,,,,,,,,,273.92,,,,,,,,,,,,,,,,,,,,,,,,,,,,,,,,,,,,,,,,,,,,,,,,,,,,,,,,,,,,,,,,,,,,,,,,,,,,,,,,,,,,,,,,,,,0.0,0.0,,,,3960.0,3960.0,,,,,,17.0,20.0,17.0,21.0,22.0,22.0,24.0,0.0,0.0,0.0,0.0,0.0,19.9,,273.2,1.13,0.0,35.0,1.0,,,,,,,,,,,,,,,,,,,,,,,,,,,,,,,,,,,,,,,,,,,,,,,,,,,,,,9.999e+20,,,,,,,,,,,,,,,,,,,,,,,,,,,,,8.7,2.0,5.6,6.0,6.4,6.8,7.2,7.6,7.6,8.0,5.2,8.0,8.4,8.47019,8.60127,9.49186,10.3441,10.8799,11.7355,12.2077,13.1721,15.0091,8.65357,2.72,16.0,1.0,0.0,0.0,0.0,0.0,0.0,35.0,,9.999e+20,9.999e+20,9.999e+20,9.999e+20,9.999e+20,,,,160.0,,0.0,0.0,0.0,0.0,,76.0,0.6,0.2,0.3,0.1,0.4,0.5,0.8,1.2,1952.0,1808.0,1864.0,1776.0,2024.0,2072.0,2120.0,2128.0,,,58.0,26.0,,,,,,,277.2,1.51,,,,,,,,,,,,,,,,,,,,,,,,,,,,,,,,,,,,,,,,,,,,,,,,,,,,,,,,,,,,,9.999e+20,110.0,3.6,100.0,4.3,,,,0.0,,0.0,,9728.0,,,,,578.0,110.0,110.0,110.0,,275.9,,,,,,,,,,,,,,,,,,,,,,,,,,,,,3.6,0.8,2.0,2.4,2.4,2.8,2.8,2.8,3.2,3.2,1.6,3.2,3.6,3.6,4.0,4.0,4.4,4.8,5.2,5.6,6.0,7.2,3.6,1.4,0.0,0.0,0.0,0.0,42.0,0.0,10.0,0.0,4.0,4.4,
2026040516,,,,,,,,,,,,,,,,,,,,,,,,,,,,,,,,,0.0,,,,,,,,,,,,,,,,,,,,,,,,,,,,,,,,,,,,,,,,,,,,,,,,,,,,,,,,,,,,,,,,,,,,,,,,,,,,,,,,,,,,,,,,,,,,,,,,,,,,,,,,,,,,,,,,,,,,,,,,,,,,,,,,,,,,,,,,,,,,,,,,,,,,,,,,,,,,,,,,,,,,,,,,,,,,,,,,,,,,,,,,,,,,,,,,,,,,,,,,,,,,,,,,,,,,,,,,,,,,,,,,,,,,2.0,,3.0,,3.0,,,,,,,,,,,,,,,,,,,,,,,,,,,,,,,,,,,,,,,,,,,,,,,,,,,,,,,,,,,,,,,,,,,,,,,,,,,,,,,,,,,,,,,,,,,,,,,,,,,,,,,,,,,,,,,,,,,,,,,,,,,,,,,,,,,,,,,,,,,,,,,,,,,,,,,,,,,,,,,,,,,,,,,,,,,,,,,,,,,,,,,,,,,,,,,,,,,,,,,,,,,,,,,,,,,,,,,,,,,,,,,,,,,,,,,,,,,,,,,,,,,,,,,,,,,,22.0,,25.0,28.0,,,,,,,,,,,,,,,,,,,,,,,,,,,,,,,,,,,,,,,,,,,,,,,,,,,,,,,,,,,,,,,,,,,,,
2026040517,,,,,,,,,,,,,,,,,,,,,,,,,,,,,,,,,0.0,,,,,,,,,,,,,,,,,,,,,,,,,,,,,,,,,,,,,,,,,,,,,,,,,,,,,,,,,,,,,,,,,,,,,,,,,,,,,,,,,,,,,,,,,,,,,,,,,,,,,,,,,,,,,,,,,,,,,,,,,,,,,,,,,,,,,,,,,,,,,,,,,,,,,,,,,,,,,,,,,,,,,,,,,,,,,,,,,,,,,,,,,,,,,,,,,,,,,,,,,,,,,,,,,,,,,,,,,,,,,,,,,,,,,,,,,,,,,,,,,,,,,,,,,,,,,,,,,,,,,,,,,,,,,,,,,,,,,,,,,,,,,,,,,,,,,,,,,,,,,,,,,,,,,,,,,,,,,,,,,,,,,,,,,,,,,,,,,,,,,,,,,,,,,,,,,,,,,,,,,,,,,,,,,,,,,,,,,,,,,,,,,,,,,,,,,,,,,,,,,,,,,,,,,,,,,,,,,,,,,,,,,,,,,,,,,,,,,,,,,,,,,,,,,,,,,,,,,,,,,,,,,,,,,,,,,,,,,,,,,,,,,,,,,,,,,,,,,,,,,,,,,,,,,,,,,,,,,,,,,,,,,,,,,,,,,,,,,,,,,,,,,,,,,,,,,,,,
2026040518,0.003,0.0,0.0,0.0,0.0,0.0,0.0,0.0,0.0,0.0,0.0,0.0,0.0,0.0,0.0,0.0,0.0,0.0,0.0,0.0,0.0,0.0,0.0,0.0,0.0,0.0,0.0,0.0,0.0,0.0,0.0,0.0,0.0,,,,,,,,,,,,,,,,,,,,,,,,,,,,,,,,,,,,,,,,,,,,,,,,,,,,,,,,,,,,,,,,,,0.0,0.0,0.0,0.0,0.0,0.0,0.0,0.0,0.0,0.0,0.0,0.0,0.0,0.0,0.0,0.0,0.0,0.0,0.0,0.0,0.0,0.0,0.0,0.0,0.0,0.0,0.0,0.0,0.0,0.0,0.0,0.0,,,,,,,,,,,,,,,,,,,,,,,,,,,,,,,,,283.41,,,,,,,,,,,,,,,,,,,0.0,0.0,0.0,0.0,0.0,0.0,0.0,0.0,0.0,0.0,0.0,0.0,0.0,0.0,0.0,0.0,0.0,0.0,0.0,0.0,0.0,0.0,0.0,0.0,0.0,0.0,0.0,0.0,0.0,0.0,0.0,0.0,0.0,0.0,0.0,0.0,0.0,0.0,0.0,0.0,0.0,0.0,0.0,0.0,0.0,0.0,0.0,0.0,0.0,0.0,0.0,0.0,0.0,0.0,,,,,,,,,,,,,,,,,,,0.0,2.0,,,,5432.0,88888.0,,,,,,16.0,19.0,16.0,20.0,21.0,21.0,22.0,0.0,0.0,0.0,0.0,0.0,19.2,,275.34,1.31,0.0,253.0,0.0,,0.0,0.0,0.0,0.0,0.0,0.0,0.0,0.0,0.0,0.0,0.0,0.0,0.0,0.0,0.0,0.0,0.0,0.0,0.0,0.0,0.0,0.0,0.0,0.0,0.0,0.0,0.0,0.0,0.0,0.0,0.0,0.0,0.0,0.0,0.0,0.0,0.0,0.0,,,,,,,,,,,,,,15.0,9.999e+20,,,,,,,,,,,,,,,,,,,,,,,,,,,,,9.4,3.6,6.8,7.2,7.6,7.6,8.0,8.0,8.4,8.8,6.0,8.8,9.2,9.2,9.64511,10.4931,11.3533,11.4373,12.3216,12.8875,14.1235,16.5718,9.38418,2.72,25.0,4.0,1.0,0.0,0.0,0.0,0.0,55.0,5.0,9.999e+20,9.999e+20,9.999e+20,9.999e+20,9.999e+20,,84.0,,672.0,,0.0,0.0,0.0,0.0,,58.0,0.6,0.1,0.2,0.1,0.4,0.5,0.8,1.2,2096.0,2024.0,2048.0,2000.0,2096.0,2136.0,2168.0,2176.0,,,56.0,24.0,,,,,,1.40542,283.2,1.31,,,,,,,,,,,,,,,,,,,,,,,,,,,,,,,274.809,271.101,272.746,273.757,274.169,274.57,274.355,274.644,274.68,274.921,272.18,275.094,275.334,275.597,275.536,275.721,275.975,275.964,276.212,276.402,277.074,278.206,0.0,0.0,0.0,0.0,0.0,0.0,11.0,0.0,9.999e+20,110.0,4.0,120.0,5.4,0.0,0.0,,0.0,0.0,1.0,,9600.0,,,,,3396.0,110.0,110.0,110.0,,282.0,,,,,,,,,,,,,,,,,,,,,,,,,,,,,4.0,1.2,2.4,2.8,2.8,3.2,3.2,3.6,3.6,3.6,2.0,4.0,4.0,4.4,4.4,4.8,4.8,5.2,5.2,5.6,6.4,7.6,4.0,1.4,0.0,0.0,0.0,0.0,61.0,0.0,12.0,1.0,4.8,5.2,
2026040519,,,,,,,,,,,,,,,,,,,,,,,,,,,,,,,,,0.0,,,,,,,,,,,,,,,,,,,,,,,,,,,,,,,,,,,,,,,,,,,,,,,,,,,,,,,,,,,,,,,,,,,,,,,,,,,,,,,,,,,,,,,,,,,,,,,,,,,,,,,,,,,,,,,,,,,,,,,,,,,,,,,,,,,,,,,,,,,,,,,,,,,,,,,,,,,,,,,,,,,,,,,,,,,,,,,,,,,,,,,,,,,,,,,,,,,,,,,,,,,,,,,,,,,,,,,,,,,,,,,,,,,,2.0,,2.0,,4.0,,,,,,,,,,,,,,,,,,,,,,,,,,,,,,,,,,,,,,,,,,,,,,,,,,,,,,,,,,,,,,,,,,,,,,,,,,,,,,,,,,,,,,,,,,,,,,,,,,,,,,,,,,,,,,,,,,,,,,,,,,,,,,,,,,,,,,,,,,,,,,,,,,,,,,,,,,,,,,,,,,,,,,,,,,,,,,,,,,,,,,,,,,,,,,,,,,,,,,,,,,,,,,,,,,,,,,,,,,,,,,,,,,,,,,,,,,,,,,,,,,,,,,,,,,,,10.0,,13.0,15.0,,,,,,,,,,,,,,,,,,,,,,,,,,,,,,,,,,,,,,,,,,,,,,,,,,,,,,,,,,,,,,,,,,,,,
2026040520,,,,,,,,,,,,,,,,,,,,,,,,,,,,,,,,,0.0,,,,,,,,,,,,,,,,,,,,,,,,,,,,,,,,,,,,,,,,,,,,,,,,,,,,,,,,,,,,,,,,,,,,,,,,,,,,,,,,,,,,,,,,,,,,,,,,,,,,,,,,,,,,,,,,,,,,,,,,,,,,,,,,,,,,,,,,,,,,,,,,,,,,,,,,,,,,,,,,,,,,,,,,,,,,,,,,,,,,,,,,,,,,,,,,,,,,,,,,,,,,,,,,,,,,,,,,,,,,,,,,,,,,,,,,,,,,,,,,,,,,,,,,,,,,,,,,,,,,,,,,,,,,,,,,,,,,,,,,,,,,,,,,,,,,,,,,,,,,,,,,,,,,,,,,,,,,,,,,,,,,,,,,,,,,,,,,,,,,,,,,,,,,,,,,,,,,,,,,,,,,,,,,,,,,,,,,,,,,,,,,,,,,,,,,,,,,,,,,,,,,,,,,,,,,,,,,,,,,,,,,,,,,,,,,,,,,,,,,,,,,,,,,,,,,,,,,,,,,,,,,,,,,,,,,,,,,,,,,,,,,,,,,,,,,,,,,,,,,,,,,,,,,,,,,,,,,,,,,,,,,,,,,,,,,,,,,,,,,,,,,,,,,,,,,,,,,
2026040521,,,,,,,,,,,,,,,,,,,,,,,,,,,,,,,,,0.0,,,,,,,,,,,,,,,,,,,,,,,,,,,,,,,,,,,,,,,,,,,,,,,,,,,,,,,,,,,,,,,,,,,,,,,,,,,,,,,,,,,,,,,,,,,,,,,,,,,,,,,,,,,,,,,,,,,,,,,,,,,,,,,,,,286.52,,,,,,,,,,,,,,,,,,,,,,,,,,,,,,,,,,,,,,,,,,,,,,,,,,,,,,,,,,,,,,,,,,,,,,,,,,,,,,,,,,,,,,,,,,,6.0,30.0,,,,5608.0,88888.0,,,,,,20.0,21.0,16.0,23.0,25.0,25.0,27.0,0.0,0.0,0.0,0.0,0.0,22.5,,275.95,1.33,0.0,788.0,1.0,,,,,,,,,,,,,,,,,,,,,,,,,,,,,,,,,,,,,,,,,,,,,,,,,,,,,,9.999e+20,,,,,,,,,,,,,,,,,,,,,,,,,,,,,8.5,4.0,5.6,6.02209,6.49105,6.58133,7.10817,7.27769,7.77518,7.84482,5.2,8.29533,8.72334,8.81778,9.24972,9.69301,10.2603,10.8851,11.5064,12.0876,13.0054,15.3577,8.46038,2.6,16.0,1.0,1.0,0.0,0.0,0.0,0.0,44.0,,9.999e+20,9.999e+20,9.999e+20,9.999e+20,9.999e+20,,,,1080.0,,0.0,0.0,0.0,0.0,,49.0,0.5,0.1,0.1,0.0,0.3,0.5,0.8,1.1,2232.0,2168.0,2192.0,2144.0,2232.0,2256.0,2288.0,2312.0,,,60.0,26.0,,,,,,,286.49,1.74,,,,,,,,,,,,,,,,,,,,,,,,,,,,,,,,,,,,,,,,,,,,,,,,,,,,,,,,,,,,,9.999e+20,120.0,3.6,140.0,4.6,,,,0.0,,1.0,,9600.0,,,,,4930.0,120.0,120.0,120.0,,284.7,,,,,,,,,,,,,,,,,,,,,,,,,,,,,3.6,1.6,2.4,2.4,2.8,2.8,3.2,3.2,3.2,3.6,2.0,3.6,4.0,4.0,4.0,4.4,4.4,4.8,4.8,5.2,5.6,6.4,3.60723,1.1,0.0,0.0,0.0,0.0,53.0,0.0,5.0,0.0,4.4,4.8,
2026040522,,,,,,,,,,,,,,,,,,,,,,,,,,,,,,,,,0.0,,,,,,,,,,,,,,,,,,,,,,,,,,,,,,,,,,,,,,,,,,,,,,,,,,,,,,,,,,,,,,,,,,,,,,,,,,,,,,,,,,,,,,,,,,,,,,,,,,,,,,,,,,,,,,,,,,,,,,,,,,,,,,,,,,,,,,,,,,,,,,,,,,,,,,,,,,,,,,,,,,,,,,,,,,,,,,,,,,,,,,,,,,,,,,,,,,,,,,,,,,,,,,,,,,,,,,,,,,,,,,,,,,,,0.0,,0.0,,2.0,,,,,,,,,,,,,,,,,,,,,,,,,,,,,,,,,,,,,,,,,,,,,,,,,,,,,,,,,,,,,,,,,,,,,,,,,,,,,,,,,,,,,,,,,,,,,,,,,,,,,,,,,,,,,,,,,,,,,,,,,,,,,,,,,,,,,,,,,,,,,,,,,,,,,,,,,,,,,,,,,,,,,,,,,,,,,,,,,,,,,,,,,,,,,,,,,,,,,,,,,,,,,,,,,,,,,,,,,,,,,,,,,,,,,,,,,,,,,,,,,,,,,,,,,,,,7.0,,10.0,11.0,,,,,,,,,,,,,,,,,,,,,,,,,,,,,,,,,,,,,,,,,,,,,,,,,,,,,,,,,,,,,,,,,,,,,
2026040523,,,,,,,,,,,,,,,,,,,,,,,,,,,,,,,,,0.0,,,,,,,,,,,,,,,,,,,,,,,,,,,,,,,,,,,,,,,,,,,,,,,,,,,,,,,,,,,,,,,,,,,,,,,,,,,,,,,,,,,,,,,,,,,,,,,,,,,,,,,,,,,,,,,,,,,,,,,,,,,,,,,,,,,,,,,,,,,,,,,,,,,,,,,,,,,,,,,,,,,,,,,,,,,,,,,,,,,,,,,,,,,,,,,,,,,,,,,,,,,,,,,,,,,,,,,,,,,,,,,,,,,,,,,,,,,,,,,,,,,,,,,,,,,,,,,,,,,,,,,,,,,,,,,,,,,,,,,,,,,,,,,,,,,,,,,,,,,,,,,,,,,,,,,,,,,,,,,,,,,,,,,,,,,,,,,,,,,,,,,,,,,,,,,,,,,,,,,,,,,,,,,,,,,,,,,,,,,,,,,,,,,,,,,,,,,,,,,,,,,,,,,,,,,,,,,,,,,,,,,,,,,,,,,,,,,,,,,,,,,,,,,,,,,,,,,,,,,,,,,,,,,,,,,,,,,,,,,,,,,,,,,,,,,,,,,,,,,,,,,,,,,,,,,,,,,,,,,,,,,,,,,,,,,,,,,,,,,,,,,,,,,,,,,,,,,,
2026040600,0.003,0.0,0.0,0.0,0.0,0.0,0.0,0.0,0.0,0.0,0.0,0.0,0.0,0.0,0.0,0.0,0.0,0.0,0.0,0.0,0.0,0.0,0.0,0.0,0.0,0.0,0.0,0.0,0.0,0.0,0.0,0.0,0.0,,0.009,0.0,0.0,0.0,0.0,0.0,0.0,0.0,0.0,0.0,0.0,0.0,0.0,0.0,0.0,0.0,0.0,0.0,0.0,0.0,0.0,0.025,1.0,0.0,0.0,0.0,0.0,0.0,0.0,0.0,0.0,0.0,0.03,0.0,0.0,0.0,0.0,0.0,0.0,0.0,0.0,0.0,0.0,0.0,0.0,0.0,0.0,0.0,0.0,0.0,0.0,0.0,0.0,0.738,0.0,0.0,1.0,0.0,0.0,0.0,0.0,0.0,0.0,0.0,0.0,0.0,0.0,0.0,0.0,0.0,0.0,0.0,0.0,0.0,0.0,0.0,0.0,0.0,0.0,0.0,0.0,0.0,0.0,0.0,0.0,0.0,0.0,0.0,0.0,0.0,0.0,0.0,0.0,0.0,0.0,0.0,0.097,0.0,0.0,0.0,0.0,0.0,0.0,0.0,0.0,0.0,0.0,0.0,0.0,0.0,0.0,0.0,0.0,0.0,0.0,0.003,0.689,2.584,0.0,0.0,0.0,0.0,0.0,0.0,0.0,0.0,0.0,0.0,286.03,,,,,,,,,,,,,,,,,,,0.0,0.0,0.0,0.0,0.0,0.0,0.0,0.0,0.0,0.0,0.0,0.0,0.0,0.0,0.0,0.0,0.0,0.0,0.0,0.0,0.0,0.0,0.0,0.0,0.0,0.0,0.0,0.0,0.0,0.0,0.0,0.0,0.0,0.0,0.0,0.0,0.0,0.0,0.0,0.0,0.0,0.0,0.0,0.0,0.0,0.0,0.0,0.0,0.0,0.0,0.0,0.0,0.0,0.0,,,,,,,,,,,,,,,,,,,8.0,45.0,,,,3960.0,3960.0,,,,,,20.0,22.0,17.0,25.0,27.0,28.0,29.0,0.0,0.0,0.0,0.0,0.0,24.3,,276.55,1.55,0.0,688.0,0.0,,0.0,0.0,0.0,0.0,0.0,0.0,0.0,0.0,0.0,0.0,0.0,0.0,0.0,0.0,0.0,0.0,0.0,0.0,0.0,0.0,0.0,0.0,0.0,0.0,0.0,0.0,0.0,0.0,0.0,0.0,0.0,0.0,0.0,0.0,0.0,0.0,0.0,0.0,,,,,,,,,,,,,,16.2,9.999e+20,,,,,,,,,,,,,,,,,,,,,,,,,,,,,7.6,3.2,5.2,5.6,5.6,6.0,6.01899,6.53385,6.60096,7.17275,4.4,7.33601,7.55547,7.67496,7.72012,8.18968,8.64668,9.1292,9.57913,10.1169,11.1361,13.1307,7.56663,2.2,5.0,1.0,1.0,0.0,0.0,0.0,0.0,24.0,5.0,9.999e+20,9.999e+20,9.999e+20,9.999e+20,9.999e+20,,,,928.0,0.0,0.0,0.0,0.0,0.0,,52.0,0.4,0.0,0.0,0.0,0.2,0.4,0.6,1.0,2296.0,2232.0,2256.0,2224.0,2296.0,2320.0,2368.0,2392.0,,,65.0,26.0,,287.42,1.18,,,,286.0,1.83,,,,,,,,,,,,,,,,,,,,,,,,,,,,,,,,,,,,,,,,,,,,,,,,,,,,,,,,,,,,,9.999e+20,110.0,3.2,130.0,4.1,0.0,0.0,,0.0,0.0,1.0,,9627.0,,,,,3758.0,110.0,110.0,110.0,,283.1,,,,,,,,,,,,,,,,,,,,,,,,,,,,,3.2,1.2,2.0,2.0,2.4,2.4,2.8,2.8,2.8,2.8,1.6,3.2,3.2,3.2,3.6,3.6,3.6,4.0,4.0,4.4,4.8,5.46856,3.21529,1.02,0.0,0.0,0.0,0.0,31.0,0.0,1.0,0.0,3.6,4.0,
2026040601,,,,,,,,,,,,,,,,,,,,,,,,,,,,,,,,,0.0,,,,,,,,,,,,,,,,,,,,,,,,,,,,,,,,,,,,,,,,,,,,,,,,,,,,,,,,,,,,,,,,,,,,,,,,,,,,,,,,,,,,,,,,,,,,,,,,,,,,,,,,,,,,,,,,,,,,,,,,,,,,,,,,,,,,,,,,,,,,,,,,,,,,,,,,,,,,,,,,,,,,,,,,,,,,,,,,,,,,,,,,,,,,,,,,,,,,,,,,,,,,,,,,,,,,,,,,,,,,,,,,,,,,0.0,,0.0,,1.0,,,,,,,,,,,,,,,,,,,,,,,,,,,,,,,,,,,,,,,,,,,,,,,,,,,,,,,,,,,,,,,,,,,,,,,,,,,,,,,,,,,,,,,,,,,,,,,,,,,,,,,,,,,,,,,,,,,,,,,,,,,,,,,,,,,,,,,,,,,,,,,,,,,,,,,,,,,,,,,,,,,,,,,,,,,,,,,,,,,,,,,,,,,,,,,,,,,,,,,,,,,,,,,,,,,,,,,,,,,,,,,,,,,,,,,,,,,,,,,,,,,,,,,,,,,,8.0,,10.0,11.0,,,,,,,,,,,,,,,,,,,,,,,,,,,,,,,,,,,,,,,,,,,,,,,,,,,,,,,,,,,,,,,,,,,,,
2026040602,,,,,,,,,,,,,,,,,,,,,,,,,,,,,,,,,0.0,,,,,,,,,,,,,,,,,,,,,,,,,,,,,,,,,,,,,,,,,,,,,,,,,,,,,,,,,,,,,,,,,,,,,,,,,,,,,,,,,,,,,,,,,,,,,,,,,,,,,,,,,,,,,,,,,,,,,,,,,,,,,,,,,,,,,,,,,,,,,,,,,,,,,,,,,,,,,,,,,,,,,,,,,,,,,,,,,,,,,,,,,,,,,,,,,,,,,,,,,,,,,,,,,,,,,,,,,,,,,,,,,,,,,,,,,,,,,,,,,,,,,,,,,,,,,,,,,,,,,,,,,,,,,,,,,,,,,,,,,,,,,,,,,,,,,,,,,,,,,,,,,,,,,,,,,,,,,,,,,,,,,,,,,,,,,,,,,,,,,,,,,,,,,,,,,,,,,,,,,,,,,,,,,,,,,,,,,,,,,,,,,,,,,,,,,,,,,,,,,,,,,,,,,,,,,,,,,,,,,,,,,,,,,,,,,,,,,,,,,,,,,,,,,,,,,,,,,,,,,,,,,,,,,,,,,,,,,,,,,,,,,,,,,,,,,,,,,,,,,,,,,,,,,,,,,,,,,,,,,,,,,,,,,,,,,,,,,,,,,,,,,,,,,,,,,,,,
2026040603,,,,,,,,,,,,,,,,,,,,,,,,,,,,,,,,,0.0,,,,,,,,,,,,,,,,,,,,,,,,,,,,,,,,,,,,,,,,,,,,,,,,,,,,,,,,,,,,,,,,,,,,,,,,,,,,,,,,,,,,,,,,,,,,,,,,,,,,,,,,,,,,,,,,,,,,,,,,,,,,,,,,,,278.76,,,,,,,,,,,,,,,,,,,,,,,,,,,,,,,,,,,,,,,,,,,,,,,,,,,,,,,,,,,,,,,,,,,,,,,,,,,,,,,,,,,,,,,,,,,1.0,5.0,,,,5432.0,88888.0,,,,,,19.0,21.0,17.0,23.0,24.0,25.0,25.0,0.0,0.0,0.0,0.0,0.0,22.3,,275.65,1.11,0.0,116.0,0.0,,,,,,,,,,,,,,,,,,,,,,,,,,,,,,,,,,,,,,,,,,,,,,,,,,,,,,9.999e+20,,,,,,,,,,,,,,,,,,,,,,,,,,,,,7.0,2.0,5.2,5.2,5.6,6.0,6.0,6.0,6.4,6.4,4.0,6.4,6.43015,6.91744,7.03701,7.50059,7.95611,8.43016,8.94354,9.83952,10.3617,12.3693,7.01605,2.02,3.0,0.0,0.0,0.0,0.0,0.0,0.0,18.0,,9.999e+20,9.999e+20,9.999e+20,9.999e+20,9.999e+20,,,,160.0,,0.0,0.0,0.0,0.0,,70.0,0.3,0.0,0.0,0.0,0.1,0.3,0.6,0.8,2232.0,2120.0,2208.0,2096.0,2264.0,2304.0,2344.0,2368.0,,,65.0,26.0,,,,,,,280.76,2.18,,,,,,,,,,,,,,,,,,,,,,,,,,,,,,,,,,,,,,,,,,,,,,,,,,,,,,,,,,,,,9.999e+20,90.0,2.8,100.0,4.3,,,,0.0,,0.0,,9625.0,,,,,565.0,90.0,90.0,90.0,,278.9,,,,,,,,,,,,,,,,,,,,,,,,,,,,,2.8,0.8,1.6,2.0,2.0,2.4,2.4,2.4,2.4,2.8,1.2,2.8,2.8,2.8,3.2,3.2,3.2,3.6,3.6,4.0,4.4,5.2,2.8,1.0,0.0,0.0,0.0,0.0,21.0,0.0,1.0,0.0,3.2,3.6,
2026040604,,,,,,,,,,,,,,,,,,,,,,,,,,,,,,,,,0.0,,,,,,,,,,,,,,,,,,,,,,,,,,,,,,,,,,,,,,,,,,,,,,,,,,,,,,,,,,,,,,,,,,,,,,,,,,,,,,,,,,,,,,,,,,,,,,,,,,,,,,,,,,,,,,,,,,,,,,,,,,,,,,,,,,,,,,,,,,,,,,,,,,,,,,,,,,,,,,,,,,,,,,,,,,,,,,,,,,,,,,,,,,,,,,,,,,,,,,,,,,,,,,,,,,,,,,,,,,,,,,,,,,,,0.0,,1.0,,2.0,,,,,,,,,,,,,,,,,,,,,,,,,,,,,,,,,,,,,,,,,,,,,,,,,,,,,,,,,,,,,,,,,,,,,,,,,,,,,,,,,,,,,,,,,,,,,,,,,,,,,,,,,,,,,,,,,,,,,,,,,,,,,,,,,,,,,,,,,,,,,,,,,,,,,,,,,,,,,,,,,,,,,,,,,,,,,,,,,,,,,,,,,,,,,,,,,,,,,,,,,,,,,,,,,,,,,,,,,,,,,,,,,,,,,,,,,,,,,,,,,,,,,,,,,,,,10.0,,12.0,15.0,,,,,,,,,,,,,,,,,,,,,,,,,,,,,,,,,,,,,,,,,,,,,,,,,,,,,,,,,,,,,,,,,,,,,
2026040605,,,,,,,,,,,,,,,,,,,,,,,,,,,,,,,,,0.0,,,,,,,,,,,,,,,,,,,,,,,,,,,,,,,,,,,,,,,,,,,,,,,,,,,,,,,,,,,,,,,,,,,,,,,,,,,,,,,,,,,,,,,,,,,,,,,,,,,,,,,,,,,,,,,,,,,,,,,,,,,,,,,,,,,,,,,,,,,,,,,,,,,,,,,,,,,,,,,,,,,,,,,,,,,,,,,,,,,,,,,,,,,,,,,,,,,,,,,,,,,,,,,,,,,,,,,,,,,,,,,,,,,,,,,,,,,,,,,,,,,,,,,,,,,,,,,,,,,,,,,,,,,,,,,,,,,,,,,,,,,,,,,,,,,,,,,,,,,,,,,,,,,,,,,,,,,,,,,,,,,,,,,,,,,,,,,,,,,,,,,,,,,,,,,,,,,,,,,,,,,,,,,,,,,,,,,,,,,,,,,,,,,,,,,,,,,,,,,,,,,,,,,,,,,,,,,,,,,,,,,,,,,,,,,,,,,,,,,,,,,,,,,,,,,,,,,,,,,,,,,,,,,,,,,,,,,,,,,,,,,,,,,,,,,,,,,,,,,,,,,,,,,,,,,,,,,,,,,,,,,,,,,,,,,,,,,,,,,,,,,,,,,,,,,,,,,,
2026040606,0.0,0.0,0.0,0.0,0.0,0.0,0.0,0.0,0.0,0.0,0.0,0.0,0.0,0.0,0.0,0.0,0.0,0.0,0.0,0.0,0.0,0.0,0.0,0.0,0.0,0.0,0.0,0.0,0.0,0.0,0.0,0.0,0.0,,0.007,0.0,0.0,0.0,0.0,0.0,0.0,0.0,0.0,0.0,0.0,0.0,0.0,0.0,0.0,0.0,0.0,0.0,0.0,0.0,0.0,0.0,1.0,0.0,0.0,0.0,0.0,0.0,0.0,0.0,0.0,0.0,,,,,,,,,,,,,,,,,,,,,,,,,,,,,,,,,0.0,0.0,0.0,0.0,0.0,0.0,0.0,0.0,0.0,0.0,0.0,0.0,0.0,0.0,0.0,0.0,0.0,0.0,0.0,0.0,0.0,0.0,0.0,0.0,0.0,0.0,0.0,0.0,0.0,0.0,0.0,0.0,,,,,,,,,,,,,,,,,,,,,,,,,,,,,,,,,275.73,,,,,,,,,,,,,,,,,,,0.0,0.0,0.0,0.0,0.0,0.0,0.0,0.0,0.0,0.0,0.0,0.0,0.0,0.0,0.0,0.0,0.0,0.0,0.0,0.0,0.0,0.0,0.0,0.0,0.0,0.0,0.0,0.0,0.0,0.0,0.0,0.0,0.0,0.0,0.0,0.0,0.0,0.0,0.0,0.0,0.0,0.0,0.0,0.0,0.0,0.0,0.0,0.0,0.0,0.0,0.0,0.0,0.0,0.0,0.0,0.0,0.0,0.0,0.0,0.0,0.0,0.0,0.0,0.0,0.0,0.0,0.0,0.0,0.0,0.0,0.0,0.0,0.0,1.0,,,,5808.0,88888.0,,,,,,19.0,20.0,17.0,21.0,22.0,23.0,23.0,0.0,0.0,0.0,0.0,0.0,21.1,,274.46,0.84,0.0,58.0,0.0,,0.0,0.0,0.0,0.0,0.0,0.0,0.0,0.0,0.0,0.0,0.0,0.0,0.0,0.0,0.0,0.0,0.0,0.0,0.0,0.0,0.0,0.0,0.0,0.0,0.0,0.0,0.0,0.0,0.0,0.0,0.0,0.0,0.0,0.0,0.0,0.0,0.0,0.0,0.0,0.0,0.0,0.0,0.0,0.0,0.0,0.0,0.0,0.0,0.0,0.0,0.0,13.0,9.999e+20,14.4229,8.04685,11.1358,11.7106,11.8343,12.3371,12.4727,12.689,12.9806,13.4617,10.6272,13.5454,13.9973,14.452,14.9156,15.8068,16.6875,17.1718,17.7331,18.6915,19.7917,22.2396,90.0,18.0,3.0,0.0,0.0,0.0,7.3,3.2,4.8,5.2,5.2,5.6,5.6,6.0,6.4,6.4,4.4,6.8,7.6,7.6,8.02894,8.07759,8.51114,8.95648,9.78441,9.87671,10.9272,12.8242,7.29324,2.12,5.0,0.0,0.0,0.0,0.0,0.0,0.0,21.0,4.0,9.999e+20,9.999e+20,9.999e+20,9.999e+20,9.999e+20,,,49.0,160.0,,0.0,0.0,0.0,0.0,,77.0,0.3,0.0,0.0,0.0,0.1,0.2,0.5,0.7,2192.0,2048.0,2136.0,2016.0,2216.0,2272.0,2312.0,2336.0,,,60.0,24.0,,,,,,1.82117,278.15,1.9,286.371,283.16,284.616,284.984,285.005,285.338,285.306,285.566,285.73,285.857,283.589,286.415,286.534,286.789,287.054,287.412,287.716,288.151,288.416,288.599,289.368,290.144,0.0,0.0,0.0,0.0,0.0,0.0,0.0,0.0,,,,,,,,,,,,,,,,,,,,,,,,,,,,,,,9.999e+20,100.0,2.8,110.0,4.2,0.0,0.0,,0.0,0.0,0.0,,16296.0,,,,,545.0,100.0,100.0,100.0,,277.1,6.85734,3.6,5.2,5.2,5.6,5.6,6.0,6.0,6.4,6.4,4.8,6.4,6.8,6.84534,7.2686,7.33086,7.78501,8.23688,8.256,8.70873,9.23952,10.7255,1.0,0.0,0.0,0.0,73.0,10.0,2.8,1.2,1.6,2.0,2.0,2.4,2.4,2.4,2.4,2.8,1.2,2.8,2.8,3.2,3.2,3.2,3.6,3.6,4.0,4.4,4.8,5.6,2.8,1.0,0.0,0.0,0.0,0.0,22.0,0.0,1.0,0.0,3.2,3.6,
2026040607,,,,,,,,,,,,,,,,,,,,,,,,,,,,,,,,,0.0,,,,,,,,,,,,,,,,,,,,,,,,,,,,,,,,,,,,,,,,,,,,,,,,,,,,,,,,,,,,,,,,,,,,,,,,,,,,,,,,,,,,,,,,,,,,,,,,,,,,,,,,,,,,,,,,,,,,,,,,,,,,,,,,,,,,,,,,,,,,,,,,,,,,,,,,,,,,,,,,,,,,,,,,,,,,,,,,,,,,,,,,,,,,,,,,,,,,,,,,,,,,,,,,,,,,,,,,,,,,,,,,,,,,1.0,,2.0,,3.0,,,,,,,,,,,,,,,,,,,,,,,,,,,,,,,,,,,,,,,,,,,,,,,,,,,,,,,,,,,,,,,,,,,,,,,,,,,,,,,,,,,,,,,,,,,,,,,,,,,,,,,,,,,,,,,,,,,,,,,,,,,,,,,,,,,,,,,,,,,,,,,,,,,,,,,,,,,,,,,,,,,,,,,,,,,,,,,,,,,,,,,,,,,,,,,,,,,,,,,,,,,,,,,,,,,,,,,,,,,,,,,,,,,,,,,,,,,,,,,,,,,,,,,,,,,,1.0,,2.0,3.0,,,,,,,,,,,,,,,,,,,,,,,,,,,,,,,,,,,,,,,,,,,,,,,,,,,,,,,,,,,,,,,,,,,,,
2026040608,,,,,,,,,,,,,,,,,,,,,,,,,,,,,,,,,0.0,,,,,,,,,,,,,,,,,,,,,,,,,,,,,,,,,,,,,,,,,,,,,,,,,,,,,,,,,,,,,,,,,,,,,,,,,,,,,,,,,,,,,,,,,,,,,,,,,,,,,,,,,,,,,,,,,,,,,,,,,,,,,,,,,,,,,,,,,,,,,,,,,,,,,,,,,,,,,,,,,,,,,,,,,,,,,,,,,,,,,,,,,,,,,,,,,,,,,,,,,,,,,,,,,,,,,,,,,,,,,,,,,,,,,,,,,,,,,,,,,,,,,,,,,,,,,,,,,,,,,,,,,,,,,,,,,,,,,,,,,,,,,,,,,,,,,,,,,,,,,,,,,,,,,,,,,,,,,,,,,,,,,,,,,,,,,,,,,,,,,,,,,,,,,,,,,,,,,,,,,,,,,,,,,,,,,,,,,,,,,,,,,,,,,,,,,,,,,,,,,,,,,,,,,,,,,,,,,,,,,,,,,,,,,,,,,,,,,,,,,,,,,,,,,,,,,,,,,,,,,,,,,,,,,,,,,,,,,,,,,,,,,,,,,,,,,,,,,,,,,,,,,,,,,,,,,,,,,,,,,,,,,,,,,,,,,,,,,,,,,,,,,,,,,,,,,,,,
2026040609,,,,,,,,,,,,,,,,,,,,,,,,,,,,,,,,,0.0,,,,,,,,,,,,,,,,,,,,,,,,,,,,,,,,,,,,,,,,,,,,,,,,,,,,,,,,,,,,,,,,,,,,,,,,,,,,,,,,,,,,,,,,,,,,,,,,,,,,,,,,,,,,,,,,,,,,,,,,,,,,,,,,,,275.08,,,,,,,,,,,,,,,,,,,,,,,,,,,,,,,,,,,,,,,,,,,,,,,,,,,,,,,,,,,,,,,,,,,,,,,,,,,,,,,,,,,,,,,,,,,0.0,1.0,,,,5078.0,88886.0,,,,,,18.0,20.0,18.0,22.0,23.0,24.0,24.0,0.0,0.0,0.0,0.0,0.0,21.9,,273.84,0.78,0.0,0.0,0.0,,,,,,,,,,,,,,,,,,,,,,,,,,,,,,,,,,,,,,,,,,,,,,,,,,,,,,9.999e+20,,,,,,,,,,,,,,,,,,,,,,,,,,,,,6.4,3.2,4.4,4.8,4.8,4.8,5.2,5.2,5.2,5.6,4.4,6.0,6.4,6.8,7.2,7.6,7.60166,8.01845,8.44628,8.47347,9.37146,11.9089,6.42598,1.9,2.0,0.0,0.0,0.0,0.0,0.0,0.0,8.0,,9.999e+20,9.999e+20,9.999e+20,9.999e+20,9.999e+20,,,,168.0,,0.0,0.0,0.0,0.0,,77.0,0.2,0.0,0.1,0.0,0.2,0.3,0.4,0.5,2192.0,2032.0,2104.0,2000.0,2216.0,2264.0,2304.0,2312.0,,,44.0,27.0,,,,,,,277.47,1.65,,,,,,,,,,,,,,,,,,,,,,,,,,,,,,,,,,,,,,,,,,,,,,,,,,,,,,,,,,,,,9.999e+20,110.0,2.4,110.0,4.9,,,,0.0,,0.0,,,,,,,650.0,110.0,110.0,110.0,,276.1,,,,,,,,,,,,,,,,,,,,,,,,,,,,,2.4,1.2,1.6,1.6,2.0,2.0,2.0,2.0,2.4,2.4,1.2,2.4,2.4,2.8,2.8,2.8,3.2,3.2,3.2,3.6,4.0,5.2,2.4,0.92,0.0,0.0,0.0,0.0,9.0,0.0,0.0,0.0,2.8,3.2,
2026040610,,,,,,,,,,,,,,,,,,,,,,,,,,,,,,,,,0.0,,,,,,,,,,,,,,,,,,,,,,,,,,,,,,,,,,,,,,,,,,,,,,,,,,,,,,,,,,,,,,,,,,,,,,,,,,,,,,,,,,,,,,,,,,,,,,,,,,,,,,,,,,,,,,,,,,,,,,,,,,,,,,,,,,,,,,,,,,,,,,,,,,,,,,,,,,,,,,,,,,,,,,,,,,,,,,,,,,,,,,,,,,,,,,,,,,,,,,,,,,,,,,,,,,,,,,,,,,,,,,,,,,,,,,,,,,,,,,,,,,,,,,,,,,,,,,,,,,,,,,,,,,,,,,,,,,,,,,,,,,,,,,,,,,,,,,,,,,,,,,,,,,,,,,,,,,,,,,,,,,,,,,,,,,,,,,,,,,,,,,,,,,,,,,,,,,,,,,,,,,,,,,,,,,,,,,,,,,,,,,,,,,,,,,,,,,,,,,,,,,,,,,,,,,,,,,,,,,,,,,,,,,,,,,,,,,,,,,,,,,,,,,,,,,,,,,,,,,,,,,,,,,,,,,,,,,,,,,,,,,,,,,,,,,,,,,,,,,,,,,,,,,,,,,,,,,,,,,,,,,,,,,,,,,,,,,,,,,,,,,,,,,,,,,,,,,,,
2026040611,,,,,,,,,,,,,,,,,,,,,,,,,,,,,,,,,0.0,,,,,,,,,,,,,,,,,,,,,,,,,,,,,,,,,,,,,,,,,,,,,,,,,,,,,,,,,,,,,,,,,,,,,,,,,,,,,,,,,,,,,,,,,,,,,,,,,,,,,,,,,,,,,,,,,,,,,,,,,,,,,,,,,,,,,,,,,,,,,,,,,,,,,,,,,,,,,,,,,,,,,,,,,,,,,,,,,,,,,,,,,,,,,,,,,,,,,,,,,,,,,,,,,,,,,,,,,,,,,,,,,,,,,,,,,,,,,,,,,,,,,,,,,,,,,,,,,,,,,,,,,,,,,,,,,,,,,,,,,,,,,,,,,,,,,,,,,,,,,,,,,,,,,,,,,,,,,,,,,,,,,,,,,,,,,,,,,,,,,,,,,,,,,,,,,,,,,,,,,,,,,,,,,,,,,,,,,,,,,,,,,,,,,,,,,,,,,,,,,,,,,,,,,,,,,,,,,,,,,,,,,,,,,,,,,,,,,,,,,,,,,,,,,,,,,,,,,,,,,,,,,,,,,,,,,,,,,,,,,,,,,,,,,,,,,,,,,,,,,,,,,,,,,,,,,,,,,,,,,,,,,,,,,,,,,,,,,,,,,,,,,,,,,,,,,,,,
2026040612,0.0,0.0,0.0,0.0,0.0,0.0,0.0,0.0,0.0,0.0,0.0,0.0,0.0,0.0,0.0,0.0,0.0,0.0,0.0,0.0,0.0,0.0,0.0,0.0,0.0,0.0,0.0,0.0,0.0,0.0,0.0,0.0,0.0,,0.003,0.0,0.0,0.0,0.0,0.0,0.0,0.0,0.0,0.0,0.0,0.0,0.0,0.0,0.0,0.0,0.0,0.0,0.0,0.0,0.0,0.0,0.0,0.0,0.0,0.0,0.0,0.0,0.0,0.0,0.0,0.0,0.005,0.0,0.0,0.0,0.0,0.0,0.0,0.0,0.0,0.0,0.0,0.0,0.0,0.0,0.0,0.0,0.0,0.0,0.0,0.0,0.0,0.0,0.0,0.0,0.0,0.0,0.0,0.0,0.0,0.0,0.0,0.0,0.0,0.0,0.0,0.0,0.0,0.0,0.0,0.0,0.0,0.0,0.0,0.0,0.0,0.0,0.0,0.0,0.0,0.0,0.0,0.0,0.0,0.0,0.0,0.0,0.0,0.0,0.0,0.0,0.0,0.0,0.0,0.0,0.051,0.0,0.0,0.0,0.0,0.0,0.0,0.0,0.0,0.0,0.0,0.0,0.0,0.0,0.0,0.0,0.0,0.0,0.0,0.0,0.0,2.177,0.0,0.0,0.0,0.0,0.0,0.0,0.0,0.0,0.0,0.0,274.97,,,,,,,,,,,,,,,,,,,0.0,0.0,0.0,0.0,0.0,0.0,0.0,0.0,0.0,0.0,0.0,0.0,0.0,0.0,0.0,0.0,0.0,0.0,0.0,0.0,0.0,0.0,0.0,0.0,0.0,0.0,0.0,0.0,0.0,0.0,0.0,0.0,0.0,0.0,0.0,0.0,0.0,0.0,0.0,0.0,0.0,0.0,0.0,0.0,0.0,0.0,0.0,0.0,0.0,0.0,0.0,0.0,0.0,0.0,0.0,0.0,0.0,0.0,0.0,0.0,0.0,0.0,0.0,0.0,0.0,0.0,0.0,0.0,0.0,0.0,0.0,0.0,0.0,1.0,,,,5910.0,88886.0,,,,,,19.0,20.0,19.0,22.0,24.0,25.0,25.0,0.0,0.0,0.0,0.0,0.0,22.5,,273.17,0.76,0.0,0.0,1.0,,0.0,0.0,0.0,0.0,0.0,0.0,0.0,0.0,0.0,0.0,0.0,0.0,0.0,0.0,0.0,0.0,0.0,0.0,0.0,0.0,0.0,0.0,0.0,0.0,0.0,0.0,0.0,0.0,0.0,0.0,0.0,0.0,0.0,0.0,0.0,0.0,0.0,0.0,0.0,0.0,0.0,0.0,0.0,0.0,0.0,0.0,0.0,0.0,0.0,0.0,0.0,7.2,9.999e+20,,,,,,,,,,,,,,,,,,,,,,,,,,,,,5.6,2.8,4.0,4.4,4.4,4.4,4.8,4.8,4.8,5.2,3.2,5.2,5.2,5.6,6.0,6.4,6.80505,7.22675,7.64744,8.49827,9.00422,10.7619,5.63155,1.82,1.0,0.0,0.0,0.0,0.0,0.0,0.0,7.0,4.0,9.999e+20,9.999e+20,9.999e+20,9.999e+20,9.999e+20,,,,152.0,0.0,0.0,0.0,0.0,0.0,,75.0,0.3,0.1,0.2,0.1,0.2,0.4,0.5,0.6,2184.0,2032.0,2096.0,2008.0,2192.0,2248.0,2304.0,2328.0,,,47.0,21.0,,,,276.44,0.79,,276.89,1.61,,,,,,,,,,,,,,,,,,,,,,,,,,,,,,,,,,,,,,,,,,,,,,,,,,,,,,,,,,,,,9.999e+20,110.0,2.4,120.0,4.9,0.0,0.0,,0.0,0.0,1.0,,,,,,,612.0,110.0,110.0,110.0,,275.7,,,,,,,,,,,,,,,,,,,,,,,,,,,,,2.4,0.8,1.2,1.2,1.6,1.6,1.6,1.6,2.0,2.0,1.2,2.0,2.0,2.0,2.4,2.4,2.8,2.8,3.2,3.6,4.0,4.8,2.0,0.92,0.0,0.0,0.0,0.0,7.0,0.0,0.0,0.0,2.4,2.8,
2026040613,,,,,,,,,,,,,,,,,,,,,,,,,,,,,,,,,0.0,,,,,,,,,,,,,,,,,,,,,,,,,,,,,,,,,,,,,,,,,,,,,,,,,,,,,,,,,,,,,,,,,,,,,,,,,,,,,,,,,,,,,,,,,,,,,,,,,,,,,,,,,,,,,,,,,,,,,,,,,,,,,,,,,,,,,,,,,,,,,,,,,,,,,,,,,,,,,,,,,,,,,,,,,,,,,,,,,,,,,,,,,,,,,,,,,,,,,,,,,,,,,,,,,,,,,,,,,,,,,,,,,,,,,,,,,,,,,,,,,,,,,,,,,,,,,,,,,,,,,,,,,,,,,,,,,,,,,,,,,,,,,,,,,,,,,,,,,,,,,,,,,,,,,,,,,,,,,,,,,,,,,,,,,,,,,,,,,,,,,,,,,,,,,,,,,,,,,,,,,,,,,,,,,,,,,,,,,,,,,,,,,,,,,,,,,,,,,,,,,,,,,,,,,,,,,,,,,,,,,,,,,,,,,,,,,,,,,,,,,,,,,,,,,,,,,,,,,,,,,,,,,,,,,,,,,,,,,,,,,,,,,,,,,,,,,,,,,,,,,,,,,,,,,,,,,,,,,,,,,,,,,,,,,,,,,,,,,,,,,,,,,,,,,,,,,,,,
2026040614,,,,,,,,,,,,,,,,,,,,,,,,,,,,,,,,,0.0,,,,,,,,,,,,,,,,,,,,,,,,,,,,,,,,,,,,,,,,,,,,,,,,,,,,,,,,,,,,,,,,,,,,,,,,,,,,,,,,,,,,,,,,,,,,,,,,,,,,,,,,,,,,,,,,,,,,,,,,,,,,,,,,,,,,,,,,,,,,,,,,,,,,,,,,,,,,,,,,,,,,,,,,,,,,,,,,,,,,,,,,,,,,,,,,,,,,,,,,,,,,,,,,,,,,,,,,,,,,,,,,,,,,,,,,,,,,,,,,,,,,,,,,,,,,,,,,,,,,,,,,,,,,,,,,,,,,,,,,,,,,,,,,,,,,,,,,,,,,,,,,,,,,,,,,,,,,,,,,,,,,,,,,,,,,,,,,,,,,,,,,,,,,,,,,,,,,,,,,,,,,,,,,,,,,,,,,,,,,,,,,,,,,,,,,,,,,,,,,,,,,,,,,,,,,,,,,,,,,,,,,,,,,,,,,,,,,,,,,,,,,,,,,,,,,,,,,,,,,,,,,,,,,,,,,,,,,,,,,,,,,,,,,,,,,,,,,,,,,,,,,,,,,,,,,,,,,,,,,,,,,,,,,,,,,,,,,,,,,,,,,,,,,,,,,,,,,
2026040615,,,,,,,,,,,,,,,,,,,,,,,,,,,,,,,,,0.0,,,,,,,,,,,,,,,,,,,,,,,,,,,,,,,,,,,,,,,,,,,,,,,,,,,,,,,,,,,,,,,,,,,,,,,,,,,,,,,,,,,,,,,,,,,,,,,,,,,,,,,,,,,,,,,,,,,,,,,,,,,,,,,,,,276.68,,,,,,,,,,,,,,,,,,,,,,,,,,,,,,,,,,,,,,,,,,,,,,,,,,,,,,,,,,,,,,,,,,,,,,,,,,,,,,,,,,,,,,,,,,,1.0,2.0,,,,,,,,,,,20.0,21.0,20.0,22.0,23.0,24.0,25.0,0.0,0.0,0.0,0.0,0.0,21.8,,273.8,1.06,,25.0,0.0,,,,,,,,,,,,,,,,,,,,,,,,,,,,,,,,,,,,,,,,,,,,,,,,,,,,,,9.999e+20,,,,,,,,,,,,,,,,,,,,,,,,,,,,,6.1,4.0,4.4,4.8,4.8,4.8,4.8,5.2,5.2,5.2,4.4,5.2,5.6,5.64441,6.06358,6.09802,6.92637,6.95508,7.40225,7.8621,8.42454,9.88314,5.69266,1.4,1.0,0.0,0.0,0.0,0.0,0.0,0.0,4.0,,9.999e+20,9.999e+20,9.999e+20,9.999e+20,9.999e+20,,,,176.0,,0.0,0.0,0.0,0.0,,71.0,0.4,0.1,0.2,0.1,0.4,0.5,0.6,0.7,2184.0,2024.0,2120.0,2016.0,2192.0,2224.0,2304.0,2320.0,,,45.0,29.0,,,,,,,278.75,2.06,,,,,,,,,,,,,,,,,,,,,,,,,,,,,,,,,,,,,,,,,,,,,,,,,,,,,,,,,,,,,9.999e+20,140.0,2.4,150.0,3.7,,,,,,1.0,,,,,,,520.0,140.0,140.0,140.0,,277.4,,,,,,,,,,,,,,,,,,,,,,,,,,,,,2.4,1.2,1.6,1.6,1.6,1.6,1.6,2.0,2.0,2.0,1.2,2.0,2.0,2.0,2.4,2.4,2.4,2.8,3.2,3.2,3.6,4.8,2.0,0.72,0.0,0.0,0.0,0.0,5.0,0.0,0.0,0.0,2.4,2.8,
2026040616,,,,,,,,,,,,,,,,,,,,,,,,,,,,,,,,,0.0,,,,,,,,,,,,,,,,,,,,,,,,,,,,,,,,,,,,,,,,,,,,,,,,,,,,,,,,,,,,,,,,,,,,,,,,,,,,,,,,,,,,,,,,,,,,,,,,,,,,,,,,,,,,,,,,,,,,,,,,,,,,,,,,,,,,,,,,,,,,,,,,,,,,,,,,,,,,,,,,,,,,,,,,,,,,,,,,,,,,,,,,,,,,,,,,,,,,,,,,,,,,,,,,,,,,,,,,,,,,,,,,,,,,,,,,,,,,,,,,,,,,,,,,,,,,,,,,,,,,,,,,,,,,,,,,,,,,,,,,,,,,,,,,,,,,,,,,,,,,,,,,,,,,,,,,,,,,,,,,,,,,,,,,,,,,,,,,,,,,,,,,,,,,,,,,,,,,,,,,,,,,,,,,,,,,,,,,,,,,,,,,,,,,,,,,,,,,,,,,,,,,,,,,,,,,,,,,,,,,,,,,,,,,,,,,,,,,,,,,,,,,,,,,,,,,,,,,,,,,,,,,,,,,,,,,,,,,,,,,,,,,,,,,,,,,,,,,,,,,,,,,,,,,,,,,,,,,,,,,,,,,,,,,,,,,,,,,,,,,,,,,,,,,,,,,,,,,
2026040617,,,,,,,,,,,,,,,,,,,,,,,,,,,,,,,,,0.0,,,,,,,,,,,,,,,,,,,,,,,,,,,,,,,,,,,,,,,,,,,,,,,,,,,,,,,,,,,,,,,,,,,,,,,,,,,,,,,,,,,,,,,,,,,,,,,,,,,,,,,,,,,,,,,,,,,,,,,,,,,,,,,,,,,,,,,,,,,,,,,,,,,,,,,,,,,,,,,,,,,,,,,,,,,,,,,,,,,,,,,,,,,,,,,,,,,,,,,,,,,,,,,,,,,,,,,,,,,,,,,,,,,,,,,,,,,,,,,,,,,,,,,,,,,,,,,,,,,,,,,,,,,,,,,,,,,,,,,,,,,,,,,,,,,,,,,,,,,,,,,,,,,,,,,,,,,,,,,,,,,,,,,,,,,,,,,,,,,,,,,,,,,,,,,,,,,,,,,,,,,,,,,,,,,,,,,,,,,,,,,,,,,,,,,,,,,,,,,,,,,,,,,,,,,,,,,,,,,,,,,,,,,,,,,,,,,,,,,,,,,,,,,,,,,,,,,,,,,,,,,,,,,,,,,,,,,,,,,,,,,,,,,,,,,,,,,,,,,,,,,,,,,,,,,,,,,,,,,,,,,,,,,,,,,,,,,,,,,,,,,,,,,,,,,,,,,,
2026040618,0.001,0.0,0.0,0.0,0.0,0.0,0.0,0.0,0.0,0.0,0.0,0.0,0.0,0.0,0.0,0.0,0.0,0.0,0.0,0.0,0.0,0.0,0.0,0.0,0.0,0.0,0.0,0.0,0.0,0.0,0.0,0.0,0.0,,,,,,,,,,,,,,,,,,,,,,,,,,,,,,,,,,,,,,,,,,,,,,,,,,,,,,,,,,,,,,,,,,0.0,0.0,0.0,0.0,0.0,0.0,0.0,0.0,0.0,0.0,0.0,0.0,0.0,0.0,0.0,0.0,0.0,0.0,0.0,0.0,0.0,0.0,0.0,0.0,0.0,0.0,0.0,0.0,0.0,0.0,0.0,0.0,,,,,,,,,,,,,,,,,,,,,,,,,,,,,,,,,284.69,,,,,,,,,,,,,,,,,,,0.0,,,,,,,,,,,,,,,,,,0.0,,,,,,,,,,,,,,,,,,0.0,0.0,0.0,0.0,0.0,0.0,0.0,0.0,0.0,0.0,0.0,0.0,0.0,0.0,0.0,0.0,0.0,0.0,0.0,,,,,,,,,,,,,,,,,,15.0,21.0,,,,,,,,,,,21.0,22.0,21.0,24.0,25.0,26.0,26.0,0.0,0.0,0.0,0.0,0.0,24.2,,276.42,1.79,,207.0,1.0,,0.0,,,,,,,,,,,,,,,,,,,,,,,,,0.0,0.0,0.0,0.0,0.0,0.0,0.0,0.0,0.0,0.0,0.0,0.0,0.0,0.0,,,,,,,,,,,,,10.2,9.999e+20,,,,,,,,,,,,,,,,,,,,,,,,,,,,,6.7,3.6,4.8,5.2,5.6,5.6,6.0,6.0,6.0,6.4,4.4,6.4,6.41894,6.85851,6.93628,6.99282,7.50405,8.03779,8.19113,8.98617,9.80894,11.1012,6.70713,1.72,2.0,0.0,0.0,0.0,0.0,0.0,0.0,12.0,3.0,9.999e+20,9.999e+20,9.999e+20,9.999e+20,9.999e+20,,77.0,,1112.0,,0.0,0.0,0.0,0.0,,56.0,0.4,0.2,0.3,0.1,0.4,0.6,0.7,0.8,2232.0,2136.0,2176.0,2104.0,2208.0,2264.0,2344.0,2400.0,,,35.0,27.0,,,,,,1.43104,284.62,1.79,,,,,,,,,,,,,,,,,,,,,,,,,,,,,,,275.874,271.91,272.911,274.298,274.796,275.218,275.372,275.709,275.485,275.885,272.119,275.708,276.208,276.418,276.288,276.615,276.558,276.948,276.894,277.268,277.445,278.229,0.0,0.0,0.0,0.0,0.0,0.0,11.0,0.0,9.999e+20,240.0,2.4,230.0,4.8,,0.0,,,0.0,2.0,,,,,,,5196.0,240.0,240.0,240.0,,283.5,,,,,,,,,,,,,,,,,,,,,,,,,,,,,2.4,0.8,1.6,1.6,2.0,2.0,2.0,2.0,2.4,2.4,1.2,2.4,2.4,2.4,2.8,2.8,2.8,3.2,3.6,3.6,4.0,5.2,2.4,0.92,0.0,0.0,0.0,0.0,12.0,0.0,1.0,0.0,2.8,3.2,
2026040619,,,,,,,,,,,,,,,,,,,,,,,,,,,,,,,,,0.0,,,,,,,,,,,,,,,,,,,,,,,,,,,,,,,,,,,,,,,,,,,,,,,,,,,,,,,,,,,,,,,,,,,,,,,,,,,,,,,,,,,,,,,,,,,,,,,,,,,,,,,,,,,,,,,,,,,,,,,,,,,,,,,,,,,,,,,,,,,,,,,,,,,,,,,,,,,,,,,,,,,,,,,,,,,,,,,,,,,,,,,,,,,,,,,,,,,,,,,,,,,,,,,,,,,,,,,,,,,,,,,,,,,,,,,,,,,,,,,,,,,,,,,,,,,,,,,,,,,,,,,,,,,,,,,,,,,,,,,,,,,,,,,,,,,,,,,,,,,,,,,,,,,,,,,,,,,,,,,,,,,,,,,,,,,,,,,,,,,,,,,,,,,,,,,,,,,,,,,,,,,,,,,,,,,,,,,,,,,,,,,,,,,,,,,,,,,,,,,,,,,,,,,,,,,,,,,,,,,,,,,,,,,,,,,,,,,,,,,,,,,,,,,,,,,,,,,,,,,,,,,,,,,,,,,,,,,,,,,,,,,,,,,,,,,,,,,,,,,,,,,,,,,,,,,,,,,,,,,,,,,,,,,,,,,,,,,,,,,,,,,,,,,,,,,,,,,,
2026040620,,,,,,,,,,,,,,,,,,,,,,,,,,,,,,,,,0.0,,,,,,,,,,,,,,,,,,,,,,,,,,,,,,,,,,,,,,,,,,,,,,,,,,,,,,,,,,,,,,,,,,,,,,,,,,,,,,,,,,,,,,,,,,,,,,,,,,,,,,,,,,,,,,,,,,,,,,,,,,,,,,,,,,,,,,,,,,,,,,,,,,,,,,,,,,,,,,,,,,,,,,,,,,,,,,,,,,,,,,,,,,,,,,,,,,,,,,,,,,,,,,,,,,,,,,,,,,,,,,,,,,,,,,,,,,,,,,,,,,,,,,,,,,,,,,,,,,,,,,,,,,,,,,,,,,,,,,,,,,,,,,,,,,,,,,,,,,,,,,,,,,,,,,,,,,,,,,,,,,,,,,,,,,,,,,,,,,,,,,,,,,,,,,,,,,,,,,,,,,,,,,,,,,,,,,,,,,,,,,,,,,,,,,,,,,,,,,,,,,,,,,,,,,,,,,,,,,,,,,,,,,,,,,,,,,,,,,,,,,,,,,,,,,,,,,,,,,,,,,,,,,,,,,,,,,,,,,,,,,,,,,,,,,,,,,,,,,,,,,,,,,,,,,,,,,,,,,,,,,,,,,,,,,,,,,,,,,,,,,,,,,,,,,,,,,,,
2026040621,,,,,,,,,,,,,,,,,,,,,,,,,,,,,,,,,0.0,,,,,,,,,,,,,,,,,,,,,,,,,,,,,,,,,,,,,,,,,,,,,,,,,,,,,,,,,,,,,,,,,,,,,,,,,,,,,,,,,,,,,,,,,,,,,,,,,,,,,,,,,,,,,,,,,,,,,,,,,,,,,,,,,,287.24,,,,,,,,,,,,,,,,,,,,,,,,,,,,,,,,,,,,,,,,,,,,,,,,,,,,,,,,,,,,,,,,,,,,,,,,,,,,,,,,,,,,,,,,,,,50.0,66.0,,,,,,,,,,,22.0,24.0,22.0,25.0,28.0,29.0,30.0,0.0,0.0,0.0,0.0,0.0,26.0,,275.88,1.82,,731.0,1.0,,,,,,,,,,,,,,,,,,,,,,,,,,,,,,,,,,,,,,,,,,,,,,,,,,,,,,9.999e+20,,,,,,,,,,,,,,,,,,,,,,,,,,,,,8.9,4.4,6.0,6.96766,7.17567,7.28598,7.80711,7.84394,8.34472,8.93353,5.6,9.05777,9.52786,9.57308,9.76215,10.6808,10.8565,10.9937,11.6438,11.7786,12.6405,14.1391,9.29434,2.4,17.0,1.0,1.0,0.0,0.0,0.0,0.0,55.0,,9.999e+20,9.999e+20,9.999e+20,9.999e+20,9.999e+20,,,,1656.0,,8.4,0.0,0.0,0.0,,47.0,0.4,0.0,0.2,0.0,0.4,0.5,0.7,0.8,2304.0,2176.0,2224.0,2144.0,2296.0,2360.0,2472.0,2520.0,,,38.0,25.0,,,,,,,287.18,1.84,,,,,,,,,,,,,,,,,,,,,,,,,,,,,,,,,,,,,,,,,,,,,,,,,,,,,,,,,,,,,9.999e+20,260.0,3.8,270.0,7.9,,,,,,3.0,,,,,,,12498.0,260.0,260.0,260.0,,285.5,,,,,,,,,,,,,,,,,,,,,,,,,,,,,3.8,1.6,2.0,2.4,2.4,2.8,2.8,3.2,3.2,3.6,1.6,3.6,4.0,4.0,4.0,4.4,4.4,4.8,4.8,4.90018,5.38466,5.96421,3.7552,1.2,0.0,0.0,0.0,0.0,54.0,0.0,5.0,0.0,4.2,4.7,
2026040622,,,,,,,,,,,,,,,,,,,,,,,,,,,,,,,,,0.0,,,,,,,,,,,,,,,,,,,,,,,,,,,,,,,,,,,,,,,,,,,,,,,,,,,,,,,,,,,,,,,,,,,,,,,,,,,,,,,,,,,,,,,,,,,,,,,,,,,,,,,,,,,,,,,,,,,,,,,,,,,,,,,,,,,,,,,,,,,,,,,,,,,,,,,,,,,,,,,,,,,,,,,,,,,,,,,,,,,,,,,,,,,,,,,,,,,,,,,,,,,,,,,,,,,,,,,,,,,,,,,,,,,,,,,,,,,,,,,,,,,,,,,,,,,,,,,,,,,,,,,,,,,,,,,,,,,,,,,,,,,,,,,,,,,,,,,,,,,,,,,,,,,,,,,,,,,,,,,,,,,,,,,,,,,,,,,,,,,,,,,,,,,,,,,,,,,,,,,,,,,,,,,,,,,,,,,,,,,,,,,,,,,,,,,,,,,,,,,,,,,,,,,,,,,,,,,,,,,,,,,,,,,,,,,,,,,,,,,,,,,,,,,,,,,,,,,,,,,,,,,,,,,,,,,,,,,,,,,,,,,,,,,,,,,,,,,,,,,,,,,,,,,,,,,,,,,,,,,,,,,,,,,,,,,,,,,,,,,,,,,,,,,,,,,,,,,,
2026040623,,,,,,,,,,,,,,,,,,,,,,,,,,,,,,,,,0.0,,,,,,,,,,,,,,,,,,,,,,,,,,,,,,,,,,,,,,,,,,,,,,,,,,,,,,,,,,,,,,,,,,,,,,,,,,,,,,,,,,,,,,,,,,,,,,,,,,,,,,,,,,,,,,,,,,,,,,,,,,,,,,,,,,,,,,,,,,,,,,,,,,,,,,,,,,,,,,,,,,,,,,,,,,,,,,,,,,,,,,,,,,,,,,,,,,,,,,,,,,,,,,,,,,,,,,,,,,,,,,,,,,,,,,,,,,,,,,,,,,,,,,,,,,,,,,,,,,,,,,,,,,,,,,,,,,,,,,,,,,,,,,,,,,,,,,,,,,,,,,,,,,,,,,,,,,,,,,,,,,,,,,,,,,,,,,,,,,,,,,,,,,,,,,,,,,,,,,,,,,,,,,,,,,,,,,,,,,,,,,,,,,,,,,,,,,,,,,,,,,,,,,,,,,,,,,,,,,,,,,,,,,,,,,,,,,,,,,,,,,,,,,,,,,,,,,,,,,,,,,,,,,,,,,,,,,,,,,,,,,,,,,,,,,,,,,,,,,,,,,,,,,,,,,,,,,,,,,,,,,,,,,,,,,,,,,,,,,,,,,,,,,,,,,,,,,,,
2026040700,0.046,0.0,0.0,0.0,0.0,0.0,0.0,0.0,0.0,0.0,0.0,0.0,0.0,0.0,0.0,0.0,0.0,0.0,0.0,0.0,0.0,1.598,3.0,0.0,0.0,0.0,0.0,1.0,0.0,0.0,0.0,0.0,0.0,,0.083,0.0,0.0,0.0,0.0,0.0,0.0,0.0,0.0,0.0,0.0,0.0,0.0,0.0,0.0,0.0,0.0,0.0,0.0,0.0,0.037,2.439,4.0,0.0,0.0,0.0,0.0,0.0,0.0,0.0,0.0,0.0,,,,,,,,,,,,,,,,,,,,,,,,,,,,,,,,,0.0,0.0,0.0,0.0,0.0,0.0,0.0,0.0,0.0,0.0,0.0,0.0,0.0,0.0,0.0,0.0,0.0,0.0,0.0,0.0,0.002,1.528,3.0,0.0,0.0,0.0,0.0,0.0,0.0,0.0,0.0,0.0,,,,,,,,,,,,,,,,,,,,,,,,,,,,,,,,,286.04,,,,,,,,,,,,,,,,,,,0.0,0.0,0.0,0.0,0.0,0.0,0.0,0.0,0.0,0.0,0.0,0.0,0.0,0.0,0.0,0.0,0.0,0.0,0.0,0.0,0.0,0.0,0.0,0.0,0.0,0.0,0.0,0.0,0.0,0.0,0.0,0.0,0.0,0.0,0.0,0.0,0.0,0.0,0.0,0.0,0.0,0.0,0.0,0.0,0.0,0.0,0.0,0.0,0.0,0.0,0.0,0.0,0.0,0.0,0.0,0.0,0.0,0.0,0.0,0.0,0.0,0.0,0.0,0.0,0.0,0.0,0.0,0.0,0.0,0.0,0.0,0.0,63.0,69.0,,,,,,,,,,,20.0,24.0,20.0,25.0,28.0,29.0,30.0,0.0,0.0,0.0,0.0,0.0,26.0,,277.05,2.01,,655.0,2.0,,0.0,0.0,0.0,0.0,0.0,0.0,0.0,0.0,0.0,0.0,0.0,0.0,0.0,0.0,0.0,0.0,0.0,0.0,0.0,0.0,0.0,0.0,0.0,0.0,0.0,0.0,0.0,0.0,0.0,0.0,0.0,0.0,0.0,0.0,0.0,0.0,0.0,0.0,0.0,0.0,0.0,0.0,0.0,0.0,0.0,0.0,0.0,0.0,0.0,0.0,0.0,17.0,9.999e+20,,,,,,,,,,,,,,,,,,,,,,,,,,,,,10.6,2.8,6.4,7.2,7.6,8.0,8.44905,8.9227,9.41018,10.2682,4.8,10.7414,11.2238,12.1224,12.2261,12.7355,12.8431,13.3991,14.0197,15.1916,15.9944,18.602,10.6315,3.62,45.0,8.0,2.0,1.0,0.0,0.0,0.0,67.0,3.0,9.999e+20,9.999e+20,9.999e+20,9.999e+20,9.999e+20,,,,1200.0,0.0,10.8,0.0,0.0,0.0,,55.0,0.4,0.0,0.1,0.0,0.4,0.6,0.8,1.0,2328.0,2144.0,2216.0,2096.0,2296.0,2424.0,2528.0,2576.0,,,48.0,13.0,,288.09,1.59,,,,285.89,1.99,,,,,,,,,,,,,,,,,,,,,,,,,,,,,,,,,,,,,,,,,,,,,,,,,,,,,,,,,,,,,9.999e+20,270.0,4.4,270.0,8.1,0.0,4.0,,,4.0,2.0,,,,,,,9252.0,270.0,270.0,270.0,,283.0,,,,,,,,,,,,,,,,,,,,,,,,,,,,,4.4,0.8,2.0,2.8,3.2,3.2,3.2,3.6,4.0,4.4,1.6,4.8,4.8,5.2,5.2,5.6,5.6,6.0,6.4,6.8,6.8,8.0,4.41852,1.8,0.0,0.0,0.0,0.0,68.0,0.0,26.0,1.0,5.2,5.6,
2026040701,,,,,,,,,,,,,,,,,,,,,,,,,,,,,,,,,0.0,,,,,,,,,,,,,,,,,,,,,,,,,,,,,,,,,,,,,,,,,,,,,,,,,,,,,,,,,,,,,,,,,,,,,,,,,,,,,,,,,,,,,,,,,,,,,,,,,,,,,,,,,,,,,,,,,,,,,,,,,,,,,,,,,,,,,,,,,,,,,,,,,,,,,,,,,,,,,,,,,,,,,,,,,,,,,,,,,,,,,,,,,,,,,,,,,,,,,,,,,,,,,,,,,,,,,,,,,,,,,,,,,,,,,,,,,,,,,,,,,,,,,,,,,,,,,,,,,,,,,,,,,,,,,,,,,,,,,,,,,,,,,,,,,,,,,,,,,,,,,,,,,,,,,,,,,,,,,,,,,,,,,,,,,,,,,,,,,,,,,,,,,,,,,,,,,,,,,,,,,,,,,,,,,,,,,,,,,,,,,,,,,,,,,,,,,,,,,,,,,,,,,,,,,,,,,,,,,,,,,,,,,,,,,,,,,,,,,,,,,,,,,,,,,,,,,,,,,,,,,,,,,,,,,,,,,,,,,,,,,,,,,,,,,,,,,,,,,,,,,,,,,,,,,,,,,,,,,,,,,,,,,,,,,,,,,,,,,,,,,,,,,,,,,,,,,,,,
2026040702,,,,,,,,,,,,,,,,,,,,,,,,,,,,,,,,,0.0,,,,,,,,,,,,,,,,,,,,,,,,,,,,,,,,,,,,,,,,,,,,,,,,,,,,,,,,,,,,,,,,,,,,,,,,,,,,,,,,,,,,,,,,,,,,,,,,,,,,,,,,,,,,,,,,,,,,,,,,,,,,,,,,,,,,,,,,,,,,,,,,,,,,,,,,,,,,,,,,,,,,,,,,,,,,,,,,,,,,,,,,,,,,,,,,,,,,,,,,,,,,,,,,,,,,,,,,,,,,,,,,,,,,,,,,,,,,,,,,,,,,,,,,,,,,,,,,,,,,,,,,,,,,,,,,,,,,,,,,,,,,,,,,,,,,,,,,,,,,,,,,,,,,,,,,,,,,,,,,,,,,,,,,,,,,,,,,,,,,,,,,,,,,,,,,,,,,,,,,,,,,,,,,,,,,,,,,,,,,,,,,,,,,,,,,,,,,,,,,,,,,,,,,,,,,,,,,,,,,,,,,,,,,,,,,,,,,,,,,,,,,,,,,,,,,,,,,,,,,,,,,,,,,,,,,,,,,,,,,,,,,,,,,,,,,,,,,,,,,,,,,,,,,,,,,,,,,,,,,,,,,,,,,,,,,,,,,,,,,,,,,,,,,,,,,,,,,
2026040703,,,,,,,,,,,,,,,,,,,,,,,,,,,,,,,,,0.0,,,,,,,,,,,,,,,,,,,,,,,,,,,,,,,,,,,,,,,,,,,,,,,,,,,,,,,,,,,,,,,,,,,,,,,,,,,,,,,,,,,,,,,,,,,,,,,,,,,,,,,,,,,,,,,,,,,,,,,,,,,,,,,,,,278.66,,,,,,,,,,,,,,,,,,,,,,,,,,,,,,,,,,,,,,,,,,,,,,,,,,,,,,,,,,,,,,,,,,,,,,,,,,,,,,,,,,,,,,,,,,,33.0,25.0,,,,,,,,,,,19.0,19.0,19.0,24.0,27.0,27.0,27.0,0.0,0.0,0.0,0.0,0.0,23.6,,276.68,1.29,,161.0,0.0,,,,,,,,,,,,,,,,,,,,,,,,,,,,,,,,,,,,,,,,,,,,,,,,,,,,,,9.999e+20,,,,,,,,,,,,,,,,,,,,,,,,,,,,,8.8,3.2,4.8,5.6,6.0,6.4,6.8,6.8,7.2,7.6,4.4,7.64716,8.53571,8.99099,10.2551,10.7434,10.8638,11.8162,12.0457,12.6083,14.7233,21.6584,8.77181,3.62,22.0,3.0,2.0,2.0,0.0,0.0,0.0,43.0,,9.999e+20,9.999e+20,9.999e+20,9.999e+20,9.999e+20,,,,192.0,,8.4,0.0,0.0,0.0,,75.0,0.7,0.2,0.3,0.1,0.6,0.9,1.5,1.8,2240.0,1968.0,2136.0,1912.0,2232.0,2368.0,2456.0,2504.0,,,36.0,12.0,,,,,,,280.86,1.77,,,,,,,,,,,,,,,,,,,,,,,,,,,,,,,,,,,,,,,,,,,,,,,,,,,,,,,,,,,,,9.999e+20,260.0,4.0,250.0,4.5,,,,,,1.0,,,,,,,716.0,260.0,260.0,260.0,,279.5,,,,,,,,,,,,,,,,,,,,,,,,,,,,,4.0,0.8,2.0,2.0,2.4,2.8,2.8,3.2,3.2,3.6,1.2,3.6,4.0,4.0,4.4,4.4,4.8,4.8,5.2,5.6,6.4,9.6,3.6,1.72,0.0,0.0,0.0,0.0,55.0,0.0,10.0,2.0,4.4,4.8,
2026040704,,,,,,,,,,,,,,,,,,,,,,,,,,,,,,,,,0.0,,,,,,,,,,,,,,,,,,,,,,,,,,,,,,,,,,,,,,,,,,,,,,,,,,,,,,,,,,,,,,,,,,,,,,,,,,,,,,,,,,,,,,,,,,,,,,,,,,,,,,,,,,,,,,,,,,,,,,,,,,,,,,,,,,,,,,,,,,,,,,,,,,,,,,,,,,,,,,,,,,,,,,,,,,,,,,,,,,,,,,,,,,,,,,,,,,,,,,,,,,,,,,,,,,,,,,,,,,,,,,,,,,,,,,,,,,,,,,,,,,,,,,,,,,,,,,,,,,,,,,,,,,,,,,,,,,,,,,,,,,,,,,,,,,,,,,,,,,,,,,,,,,,,,,,,,,,,,,,,,,,,,,,,,,,,,,,,,,,,,,,,,,,,,,,,,,,,,,,,,,,,,,,,,,,,,,,,,,,,,,,,,,,,,,,,,,,,,,,,,,,,,,,,,,,,,,,,,,,,,,,,,,,,,,,,,,,,,,,,,,,,,,,,,,,,,,,,,,,,,,,,,,,,,,,,,,,,,,,,,,,,,,,,,,,,,,,,,,,,,,,,,,,,,,,,,,,,,,,,,,,,,,,,,,,,,,,,,,,,,,,,,,,,,,,,,,,,
2026040705,,,,,,,,,,,,,,,,,,,,,,,,,,,,,,,,,0.0,,,,,,,,,,,,,,,,,,,,,,,,,,,,,,,,,,,,,,,,,,,,,,,,,,,,,,,,,,,,,,,,,,,,,,,,,,,,,,,,,,,,,,,,,,,,,,,,,,,,,,,,,,,,,,,,,,,,,,,,,,,,,,,,,,,,,,,,,,,,,,,,,,,,,,,,,,,,,,,,,,,,,,,,,,,,,,,,,,,,,,,,,,,,,,,,,,,,,,,,,,,,,,,,,,,,,,,,,,,,,,,,,,,,,,,,,,,,,,,,,,,,,,,,,,,,,,,,,,,,,,,,,,,,,,,,,,,,,,,,,,,,,,,,,,,,,,,,,,,,,,,,,,,,,,,,,,,,,,,,,,,,,,,,,,,,,,,,,,,,,,,,,,,,,,,,,,,,,,,,,,,,,,,,,,,,,,,,,,,,,,,,,,,,,,,,,,,,,,,,,,,,,,,,,,,,,,,,,,,,,,,,,,,,,,,,,,,,,,,,,,,,,,,,,,,,,,,,,,,,,,,,,,,,,,,,,,,,,,,,,,,,,,,,,,,,,,,,,,,,,,,,,,,,,,,,,,,,,,,,,,,,,,,,,,,,,,,,,,,,,,,,,,,,,,,,,,,,
2026040706,0.164,0.0,0.0,0.0,0.0,0.0,0.0,0.0,0.0,0.0,0.0,0.0,0.0,0.0,0.0,0.0,0.0,0.0,0.0,0.0,0.65,4.42,7.0,0.0,0.0,0.0,0.0,2.0,0.0,0.0,1.0,0.0,0.0,,,,,,,,,,,,,,,,,,,,,,,,,,,,,,,,,,,,,,,,,,,,,,,,,,,,,,,,,,,,,,,,,,0.0,0.0,0.0,0.0,0.0,0.0,0.0,0.0,0.0,0.0,0.0,0.0,0.0,0.0,0.0,0.0,0.0,0.0,0.0,0.0,0.277,3.02,5.0,0.0,0.0,2.0,0.0,0.0,0.0,0.0,0.0,0.0,,,,,,,,,,,,,,,,,,,,,,,,,,,,,,,,,275.2,,,,,,,,,,,,,,,,,,,0.0,,,,,,,,,,,,,,,,,,0.0,,,,,,,,,,,,,,,,,,0.0,0.0,0.0,0.0,0.0,0.0,0.0,0.0,0.0,0.0,0.0,0.0,0.0,0.0,0.0,0.0,0.0,0.0,0.0,,,,,,,,,,,,,,,,,,3.0,5.0,,,,,,,,,,,19.0,21.0,19.0,24.0,26.0,28.0,28.0,0.0,0.0,0.0,0.0,0.0,24.9,,275.98,1.92,,80.0,0.0,,0.0,,,,,,,,,,,,,,,,,,,,,,,,,0.0,0.0,0.0,0.0,0.0,0.0,0.0,0.0,0.0,0.0,0.0,0.0,0.0,0.0,,,,,,,,,,,,,17.0,9.999e+20,15.7821,11.0458,12.0513,12.5753,12.7689,13.2899,13.5643,14.0891,14.2349,14.6895,11.3858,15.2202,15.7975,16.32,16.7964,17.3319,17.4635,17.9707,18.9282,19.9334,20.6073,26.3835,97.0,27.0,4.0,2.0,1.0,0.0,8.6,4.0,5.2,5.6,5.6,6.0,6.4,6.8,7.2,7.6,4.8,7.6,8.02121,8.45466,8.51572,8.95037,9.3764,10.6609,11.5415,12.5572,14.3877,24.0427,8.57408,3.7,17.0,4.0,3.0,2.0,1.0,0.0,0.0,35.0,3.0,9.999e+20,9.999e+20,9.999e+20,9.999e+20,9.999e+20,,,47.0,184.0,,8.4,0.0,0.0,0.0,,87.0,1.1,0.3,0.5,0.2,0.8,1.4,2.5,3.0,2112.0,1728.0,1984.0,1616.0,2184.0,2272.0,2376.0,2400.0,,,27.0,17.0,,,,,,2.60112,278.03,2.08,287.309,283.821,284.788,284.972,285.228,285.344,285.912,285.755,286.034,286.477,284.145,286.933,286.997,287.161,287.621,287.598,289.029,290.117,290.452,291.067,291.888,292.158,0.0,0.0,0.0,0.0,0.0,0.0,0.0,0.0,,,,,,,,,,,,,,,,,,,,,,,,,,,,,,,9.999e+20,250.0,4.0,250.0,5.0,,5.0,,,5.0,2.0,,,,,,,772.0,250.0,250.0,250.0,,277.3,7.51904,5.2,5.6,6.0,6.0,6.0,6.4,6.8,6.8,7.2,5.2,7.6,7.6,7.92481,7.96594,8.05029,8.50793,8.98266,9.09269,9.54922,10.0498,12.5895,2.0,0.0,0.0,0.0,88.0,21.0,4.0,1.2,2.0,2.0,2.4,2.8,2.8,3.2,3.2,3.2,2.0,3.6,3.6,3.6,4.0,4.0,4.4,4.8,5.2,5.6,6.8,11.6,3.60183,1.92,2.0,0.0,0.0,0.0,48.0,0.0,11.0,2.0,4.4,4.8,
2026040707,,,,,,,,,,,,,,,,,,,,,,,,,,,,,,,,,0.0,,,,,,,,,,,,,,,,,,,,,,,,,,,,,,,,,,,,,,,,,,,,,,,,,,,,,,,,,,,,,,,,,,,,,,,,,,,,,,,,,,,,,,,,,,,,,,,,,,,,,,,,,,,,,,,,,,,,,,,,,,,,,,,,,,,,,,,,,,,,,,,,,,,,,,,,,,,,,,,,,,,,,,,,,,,,,,,,,,,,,,,,,,,,,,,,,,,,,,,,,,,,,,,,,,,,,,,,,,,,,,,,,,,,,,,,,,,,,,,,,,,,,,,,,,,,,,,,,,,,,,,,,,,,,,,,,,,,,,,,,,,,,,,,,,,,,,,,,,,,,,,,,,,,,,,,,,,,,,,,,,,,,,,,,,,,,,,,,,,,,,,,,,,,,,,,,,,,,,,,,,,,,,,,,,,,,,,,,,,,,,,,,,,,,,,,,,,,,,,,,,,,,,,,,,,,,,,,,,,,,,,,,,,,,,,,,,,,,,,,,,,,,,,,,,,,,,,,,,,,,,,,,,,,,,,,,,,,,,,,,,,,,,,,,,,,,,,,,,,,,,,,,,,,,,,,,,,,,,,,,,,,,,,,,,,,,,,,,,,,,,,,,,,,,,,,,,,,
2026040708,,,,,,,,,,,,,,,,,,,,,,,,,,,,,,,,,0.0,,,,,,,,,,,,,,,,,,,,,,,,,,,,,,,,,,,,,,,,,,,,,,,,,,,,,,,,,,,,,,,,,,,,,,,,,,,,,,,,,,,,,,,,,,,,,,,,,,,,,,,,,,,,,,,,,,,,,,,,,,,,,,,,,,,,,,,,,,,,,,,,,,,,,,,,,,,,,,,,,,,,,,,,,,,,,,,,,,,,,,,,,,,,,,,,,,,,,,,,,,,,,,,,,,,,,,,,,,,,,,,,,,,,,,,,,,,,,,,,,,,,,,,,,,,,,,,,,,,,,,,,,,,,,,,,,,,,,,,,,,,,,,,,,,,,,,,,,,,,,,,,,,,,,,,,,,,,,,,,,,,,,,,,,,,,,,,,,,,,,,,,,,,,,,,,,,,,,,,,,,,,,,,,,,,,,,,,,,,,,,,,,,,,,,,,,,,,,,,,,,,,,,,,,,,,,,,,,,,,,,,,,,,,,,,,,,,,,,,,,,,,,,,,,,,,,,,,,,,,,,,,,,,,,,,,,,,,,,,,,,,,,,,,,,,,,,,,,,,,,,,,,,,,,,,,,,,,,,,,,,,,,,,,,,,,,,,,,,,,,,,,,,,,,,,,,,,,
2026040709,,,,,,,,,,,,,,,,,,,,,,,,,,,,,,,,,0.0,,,,,,,,,,,,,,,,,,,,,,,,,,,,,,,,,,,,,,,,,,,,,,,,,,,,,,,,,,,,,,,,,,,,,,,,,,,,,,,,,,,,,,,,,,,,,,,,,,,,,,,,,,,,,,,,,,,,,,,,,,,,,,,,,,273.01,,,,,,,,,,,,,,,,,,,,,,,,,,,,,,,,,,,,,,,,,,,,,,,,,,,,,,,,,,,,,,,,,,,,,,,,,,,,,,,,,,,,,,,,,,,1.0,3.0,,,,,,,,,,,19.0,22.0,19.0,26.0,27.0,29.0,29.0,0.0,0.0,0.0,0.0,0.0,25.5,,274.52,2.29,,0.0,0.0,,,,,,,,,,,,,,,,,,,,,,,,,,,,,,,,,,,,,,,,,,,,,,,,,,,,,,9.999e+20,,,,,,,,,,,,,,,,,,,,,,,,,,,,,9.3,3.6,5.2,5.6,6.0,6.0,6.8,7.2,7.6,8.0,4.8,8.4,8.8,9.2,9.6,10.4512,11.3139,11.365,12.2421,13.1457,16.0914,24.2302,9.32258,4.12,21.0,7.0,5.0,2.0,1.0,0.0,0.0,45.0,,9.999e+20,9.999e+20,9.999e+20,9.999e+20,9.999e+20,,,,184.0,,0.0,0.0,0.0,0.0,,87.0,1.7,0.5,0.6,0.3,1.2,2.1,3.8,5.4,1936.0,1304.0,1712.0,1256.0,2040.0,2192.0,2264.0,2352.0,,,32.0,17.0,,,,,,,276.49,2.29,,,,,,,,,,,,,,,,,,,,,,,,,,,,,,,,,,,,,,,,,,,,,,,,,,,,,,,,,,,,,9.999e+20,250.0,4.0,250.0,6.1,,,,,,3.0,,,,,,,876.0,250.0,250.0,250.0,,275.8,,,,,,,,,,,,,,,,,,,,,,,,,,,,,4.0,1.2,2.0,2.4,2.4,2.8,2.8,3.2,3.2,3.6,1.6,3.6,4.0,4.4,4.4,4.8,5.2,5.2,6.0,6.4,8.0,12.0,4.0,2.2,2.0,0.0,0.0,0.0,52.0,0.0,17.0,5.0,4.8,5.2,
2026040710,,,,,,,,,,,,,,,,,,,,,,,,,,,,,,,,,0.0,,,,,,,,,,,,,,,,,,,,,,,,,,,,,,,,,,,,,,,,,,,,,,,,,,,,,,,,,,,,,,,,,,,,,,,,,,,,,,,,,,,,,,,,,,,,,,,,,,,,,,,,,,,,,,,,,,,,,,,,,,,,,,,,,,,,,,,,,,,,,,,,,,,,,,,,,,,,,,,,,,,,,,,,,,,,,,,,,,,,,,,,,,,,,,,,,,,,,,,,,,,,,,,,,,,,,,,,,,,,,,,,,,,,,,,,,,,,,,,,,,,,,,,,,,,,,,,,,,,,,,,,,,,,,,,,,,,,,,,,,,,,,,,,,,,,,,,,,,,,,,,,,,,,,,,,,,,,,,,,,,,,,,,,,,,,,,,,,,,,,,,,,,,,,,,,,,,,,,,,,,,,,,,,,,,,,,,,,,,,,,,,,,,,,,,,,,,,,,,,,,,,,,,,,,,,,,,,,,,,,,,,,,,,,,,,,,,,,,,,,,,,,,,,,,,,,,,,,,,,,,,,,,,,,,,,,,,,,,,,,,,,,,,,,,,,,,,,,,,,,,,,,,,,,,,,,,,,,,,,,,,,,,,,,,,,,,,,,,,,,,,,,,,,,,,,,,,,
2026040711,,,,,,,,,,,,,,,,,,,,,,,,,,,,,,,,,0.0,,,,,,,,,,,,,,,,,,,,,,,,,,,,,,,,,,,,,,,,,,,,,,,,,,,,,,,,,,,,,,,,,,,,,,,,,,,,,,,,,,,,,,,,,,,,,,,,,,,,,,,,,,,,,,,,,,,,,,,,,,,,,,,,,,,,,,,,,,,,,,,,,,,,,,,,,,,,,,,,,,,,,,,,,,,,,,,,,,,,,,,,,,,,,,,,,,,,,,,,,,,,,,,,,,,,,,,,,,,,,,,,,,,,,,,,,,,,,,,,,,,,,,,,,,,,,,,,,,,,,,,,,,,,,,,,,,,,,,,,,,,,,,,,,,,,,,,,,,,,,,,,,,,,,,,,,,,,,,,,,,,,,,,,,,,,,,,,,,,,,,,,,,,,,,,,,,,,,,,,,,,,,,,,,,,,,,,,,,,,,,,,,,,,,,,,,,,,,,,,,,,,,,,,,,,,,,,,,,,,,,,,,,,,,,,,,,,,,,,,,,,,,,,,,,,,,,,,,,,,,,,,,,,,,,,,,,,,,,,,,,,,,,,,,,,,,,,,,,,,,,,,,,,,,,,,,,,,,,,,,,,,,,,,,,,,,,,,,,,,,,,,,,,,,,,,,,,,
2026040712,0.142,0.0,0.0,0.0,0.0,0.0,0.0,0.0,0.0,0.0,0.0,0.0,0.0,0.0,0.0,0.0,0.0,0.0,0.0,0.0,0.53,3.771,6.0,0.0,0.0,0.0,0.0,2.0,0.0,0.0,0.0,0.0,0.0,,0.241,0.0,0.0,0.0,0.0,0.0,0.0,0.0,0.0,0.0,0.0,0.0,0.0,0.0,0.0,0.0,0.0,0.0,0.0,0.0,1.024,5.94,7.0,0.0,1.0,0.0,0.0,0.0,0.0,0.0,1.0,0.0,0.266,0.0,0.0,0.0,0.0,0.0,0.0,0.0,0.0,0.0,0.0,0.0,0.0,0.0,0.0,0.0,0.0,0.0,0.0,0.0,1.308,6.321,1.0,0.0,3.0,0.0,0.0,0.0,0.0,0.0,0.0,0.0,0.0,0.0,0.0,0.0,0.0,0.0,0.0,0.0,0.0,0.0,0.0,0.0,0.0,0.0,0.0,0.0,0.0,0.0,0.0,0.0,0.0,0.899,1.0,0.0,0.0,0.0,0.0,0.0,0.0,0.0,0.0,0.0,0.272,0.0,0.0,0.0,0.0,0.0,0.0,0.0,0.0,0.0,0.0,0.0,0.0,0.0,0.0,0.0,0.0,0.0,0.0,0.0,1.062,6.79,0.0,0.0,0.0,0.0,0.0,0.0,0.0,1.0,0.0,0.0,271.15,,,,,,,,,,,,,,,,,,,0.0,0.0,0.0,0.0,0.0,0.0,0.0,0.0,0.0,0.0,0.0,0.0,0.0,0.0,0.0,0.0,0.0,0.0,0.0,0.0,0.0,0.0,0.0,0.0,0.0,0.0,0.0,0.0,0.0,0.0,0.0,0.0,0.0,0.0,0.0,0.0,0.0,0.0,0.0,0.0,0.0,0.0,0.0,0.0,0.0,0.0,0.0,0.0,0.0,0.0,0.0,0.0,0.0,0.0,0.0,0.0,0.0,0.0,0.0,0.0,0.0,0.0,0.0,0.0,0.0,0.0,0.0,0.0,0.0,0.0,0.0,0.0,1.0,2.0,,,,,,,,,,,19.0,23.0,19.0,26.0,27.0,28.0,28.0,0.0,0.0,0.0,0.0,0.0,25.2,,272.96,2.25,,0.0,0.0,,0.0,0.0,0.0,0.0,0.0,0.0,0.0,0.0,0.0,0.0,0.0,0.0,0.0,0.0,0.0,0.0,0.0,0.0,0.0,0.0,0.0,0.0,0.0,0.0,0.0,0.0,0.0,0.0,0.0,0.0,0.0,0.0,0.0,0.0,0.0,0.0,0.0,0.0,0.0,0.0,0.0,0.0,0.0,0.0,0.0,0.0,0.0,0.0,0.0,0.0,0.0,8.0,9.999e+20,,,,,,,,,,,,,,,,,,,,,,,,,,,,,9.6,4.0,5.6,6.0,6.4,6.8,7.2,7.6,8.0,8.4,5.2,8.4,9.2,9.6,10.4,11.2,11.6,12.4086,12.8293,14.5467,18.2274,22.5476,9.64174,3.9,27.0,7.0,6.0,2.0,0.0,0.0,0.0,48.0,3.0,9.999e+20,9.999e+20,9.999e+20,9.999e+20,9.999e+20,,,,176.0,0.0,0.0,0.0,0.0,0.0,,85.0,2.4,0.6,0.9,0.5,1.7,3.1,4.4,7.8,1736.0,1040.0,1448.0,880.0,1848.0,2064.0,2160.0,2224.0,,,31.0,23.0,,,,274.69,2.48,,275.23,2.24,,,,,,,,,,,,,,,,,,,,,,,,,,,,,,,,,,,,,,,,,,,,,,,,,,,,,,,,,,,,,9.999e+20,250.0,4.4,250.0,6.9,0.0,5.0,,,1.0,3.0,,,,,,,994.0,250.0,250.0,250.0,,274.5,,,,,,,,,,,,,,,,,,,,,,,,,,,,,4.4,0.8,2.4,2.4,2.8,2.8,3.2,3.2,3.6,3.6,2.0,4.0,4.0,4.4,4.8,5.6,6.0,6.0,6.4,7.2,9.2,11.6,4.4,2.2,2.0,0.0,0.0,0.0,57.0,0.0,29.0,7.0,5.2,5.6,
2026040713,,,,,,,,,,,,,,,,,,,,,,,,,,,,,,,,,0.0,,,,,,,,,,,,,,,,,,,,,,,,,,,,,,,,,,,,,,,,,,,,,,,,,,,,,,,,,,,,,,,,,,,,,,,,,,,,,,,,,,,,,,,,,,,,,,,,,,,,,,,,,,,,,,,,,,,,,,,,,,,,,,,,,,,,,,,,,,,,,,,,,,,,,,,,,,,,,,,,,,,,,,,,,,,,,,,,,,,,,,,,,,,,,,,,,,,,,,,,,,,,,,,,,,,,,,,,,,,,,,,,,,,,,,,,,,,,,,,,,,,,,,,,,,,,,,,,,,,,,,,,,,,,,,,,,,,,,,,,,,,,,,,,,,,,,,,,,,,,,,,,,,,,,,,,,,,,,,,,,,,,,,,,,,,,,,,,,,,,,,,,,,,,,,,,,,,,,,,,,,,,,,,,,,,,,,,,,,,,,,,,,,,,,,,,,,,,,,,,,,,,,,,,,,,,,,,,,,,,,,,,,,,,,,,,,,,,,,,,,,,,,,,,,,,,,,,,,,,,,,,,,,,,,,,,,,,,,,,,,,,,,,,,,,,,,,,,,,,,,,,,,,,,,,,,,,,,,,,,,,,,,,,,,,,,,,,,,,,,,,,,,,,,,,,,,,,,
2026040714,,,,,,,,,,,,,,,,,,,,,,,,,,,,,,,,,0.0,,,,,,,,,,,,,,,,,,,,,,,,,,,,,,,,,,,,,,,,,,,,,,,,,,,,,,,,,,,,,,,,,,,,,,,,,,,,,,,,,,,,,,,,,,,,,,,,,,,,,,,,,,,,,,,,,,,,,,,,,,,,,,,,,,,,,,,,,,,,,,,,,,,,,,,,,,,,,,,,,,,,,,,,,,,,,,,,,,,,,,,,,,,,,,,,,,,,,,,,,,,,,,,,,,,,,,,,,,,,,,,,,,,,,,,,,,,,,,,,,,,,,,,,,,,,,,,,,,,,,,,,,,,,,,,,,,,,,,,,,,,,,,,,,,,,,,,,,,,,,,,,,,,,,,,,,,,,,,,,,,,,,,,,,,,,,,,,,,,,,,,,,,,,,,,,,,,,,,,,,,,,,,,,,,,,,,,,,,,,,,,,,,,,,,,,,,,,,,,,,,,,,,,,,,,,,,,,,,,,,,,,,,,,,,,,,,,,,,,,,,,,,,,,,,,,,,,,,,,,,,,,,,,,,,,,,,,,,,,,,,,,,,,,,,,,,,,,,,,,,,,,,,,,,,,,,,,,,,,,,,,,,,,,,,,,,,,,,,,,,,,,,,,,,,,,,,,,
2026040715,,,,,,,,,,,,,,,,,,,,,,,,,,,,,,,,,0.0,,,,,,,,,,,,,,,,,,,,,,,,,,,,,,,,,,,,,,,,,,,,,,,,,,,,,,,,,,,,,,,,,,,,,,,,,,,,,,,,,,,,,,,,,,,,,,,,,,,,,,,,,,,,,,,,,,,,,,,,,,,,,,,,,,270.98,,,,,,,,,,,,,,,,,,,,,,,,,,,,,,,,,,,,,,,,,,,,,,,,,,,,,,,,,,,,,,,,,,,,,,,,,,,,,,,,,,,,,,,,,,,1.0,2.0,,,,,,,,,,,17.0,22.0,17.0,24.0,27.0,27.0,27.0,0.0,0.0,0.0,0.0,0.0,24.4,,271.59,2.28,,17.0,2.0,,,,,,,,,,,,,,,,,,,,,,,,,,,,,,,,,,,,,,,,,,,,,,,,,,,,,,9.999e+20,,,,,,,,,,,,,,,,,,,,,,,,,,,,,11.1,4.0,6.4,6.8,7.6,8.4,8.8,9.2,9.6,10.0,5.6,10.4,10.8,11.2578,11.695,12.2403,13.097,14.0378,14.9337,16.3049,17.2463,20.6195,11.0606,3.7,40.0,11.0,5.0,1.0,0.0,0.0,0.0,71.0,,9.999e+20,9.999e+20,9.999e+20,9.999e+20,9.999e+20,,,,448.0,,0.0,0.0,0.0,0.0,,75.0,3.0,0.7,1.1,0.6,2.1,3.7,6.5,9.3,1592.0,832.0,1256.0,624.0,1704.0,1992.0,2120.0,2256.0,,,34.0,21.0,,,,,,,275.59,2.28,,,,,,,,,,,,,,,,,,,,,,,,,,,,,,,,,,,,,,,,,,,,,,,,,,,,,,,,,,,,,9.999e+20,260.0,5.2,260.0,7.8,,,,,,3.0,,,,,,,3144.0,260.0,260.0,260.0,,274.5,,,,,,,,,,,,,,,,,,,,,,,,,,,,,5.2,1.2,2.8,2.8,3.2,3.6,4.0,4.0,4.0,4.4,2.0,4.8,4.8,5.2,5.6,6.0,6.4,6.8,7.6,8.0,8.8,11.6,5.2,2.12,2.0,0.0,0.0,0.0,74.0,0.0,31.0,5.0,6.0,6.4,
2026040716,,,,,,,,,,,,,,,,,,,,,,,,,,,,,,,,,0.0,,,,,,,,,,,,,,,,,,,,,,,,,,,,,,,,,,,,,,,,,,,,,,,,,,,,,,,,,,,,,,,,,,,,,,,,,,,,,,,,,,,,,,,,,,,,,,,,,,,,,,,,,,,,,,,,,,,,,,,,,,,,,,,,,,,,,,,,,,,,,,,,,,,,,,,,,,,,,,,,,,,,,,,,,,,,,,,,,,,,,,,,,,,,,,,,,,,,,,,,,,,,,,,,,,,,,,,,,,,,,,,,,,,,,,,,,,,,,,,,,,,,,,,,,,,,,,,,,,,,,,,,,,,,,,,,,,,,,,,,,,,,,,,,,,,,,,,,,,,,,,,,,,,,,,,,,,,,,,,,,,,,,,,,,,,,,,,,,,,,,,,,,,,,,,,,,,,,,,,,,,,,,,,,,,,,,,,,,,,,,,,,,,,,,,,,,,,,,,,,,,,,,,,,,,,,,,,,,,,,,,,,,,,,,,,,,,,,,,,,,,,,,,,,,,,,,,,,,,,,,,,,,,,,,,,,,,,,,,,,,,,,,,,,,,,,,,,,,,,,,,,,,,,,,,,,,,,,,,,,,,,,,,,,,,,,,,,,,,,,,,,,,,,,,,,,,,,,
2026040717,,,,,,,,,,,,,,,,,,,,,,,,,,,,,,,,,0.0,,,,,,,,,,,,,,,,,,,,,,,,,,,,,,,,,,,,,,,,,,,,,,,,,,,,,,,,,,,,,,,,,,,,,,,,,,,,,,,,,,,,,,,,,,,,,,,,,,,,,,,,,,,,,,,,,,,,,,,,,,,,,,,,,,,,,,,,,,,,,,,,,,,,,,,,,,,,,,,,,,,,,,,,,,,,,,,,,,,,,,,,,,,,,,,,,,,,,,,,,,,,,,,,,,,,,,,,,,,,,,,,,,,,,,,,,,,,,,,,,,,,,,,,,,,,,,,,,,,,,,,,,,,,,,,,,,,,,,,,,,,,,,,,,,,,,,,,,,,,,,,,,,,,,,,,,,,,,,,,,,,,,,,,,,,,,,,,,,,,,,,,,,,,,,,,,,,,,,,,,,,,,,,,,,,,,,,,,,,,,,,,,,,,,,,,,,,,,,,,,,,,,,,,,,,,,,,,,,,,,,,,,,,,,,,,,,,,,,,,,,,,,,,,,,,,,,,,,,,,,,,,,,,,,,,,,,,,,,,,,,,,,,,,,,,,,,,,,,,,,,,,,,,,,,,,,,,,,,,,,,,,,,,,,,,,,,,,,,,,,,,,,,,,,,,,,,,,
2026040718,0.053,0.0,0.0,0.0,0.0,0.0,0.0,0.0,0.0,0.0,0.0,0.0,0.0,0.0,0.0,0.0,0.0,0.0,0.0,0.0,0.012,1.894,3.0,0.0,0.0,0.0,0.0,1.0,0.0,0.0,0.0,0.0,0.0,,,,,,,,,,,,,,,,,,,,,,,,,,,,,,,,,,,,,,,,,,,,,,,,,,,,,,,,,,,,,,,,,,0.0,0.0,0.0,0.0,0.0,0.0,0.0,0.0,0.0,0.0,0.0,0.0,0.0,0.0,0.0,0.0,0.0,0.0,0.0,0.0,0.0,0.457,2.0,0.0,0.0,0.0,0.0,0.0,0.0,0.0,0.0,0.0,,,,,,,,,,,,,,,,,,,,,,,,,,,,,,,,,274.35,,,,,,,,,,,,,,,,,,,0.0,,,,,,,,,,,,,,,,,,0.0,,,,,,,,,,,,,,,,,,0.0,0.0,0.0,0.0,0.0,0.0,0.0,0.0,0.0,0.0,0.0,0.0,0.0,0.0,0.0,0.0,0.0,0.0,0.0,,,,,,,,,,,,,,,,,,4.0,3.0,,,,,,,,,,,15.0,22.0,15.0,25.0,27.0,28.0,28.0,0.0,0.0,0.0,0.0,0.0,24.4,,270.14,2.61,,182.0,2.0,,0.0,,,,,,,,,,,,,,,,,,,,,,,,,0.0,0.0,0.0,0.0,0.0,0.0,0.0,0.0,0.0,0.0,0.0,0.0,0.0,0.0,,,,,,,,,,,,,22.2,9.999e+20,,,,,,,,,,,,,,,,,,,,,,,,,,,,,13.5,4.0,6.8,8.86201,10.2445,11.5163,11.5482,11.9941,12.4555,12.8887,5.6,13.7315,14.2462,14.4325,14.9833,15.2247,15.7834,16.3592,17.3806,18.169,20.641,23.7315,13.5189,4.22,75.0,26.0,14.0,4.0,1.0,0.0,0.0,86.0,4.0,9.999e+20,9.999e+20,9.999e+20,9.999e+20,9.999e+20,,87.0,,784.0,,2.4,0.0,0.0,0.0,,56.0,3.2,0.8,1.2,0.6,2.1,3.9,7.1,10.7,1568.0,872.0,1136.0,608.0,1688.0,1960.0,2112.0,2248.0,,,18.0,14.0,,,,,,2.73133,278.37,2.61,,,,,,,,,,,,,,,,,,,,,,,,,,,,,,,274.735,268.852,271.354,271.822,272.101,272.444,272.633,272.82,273.369,274.089,271.116,274.528,275.082,275.67,276.184,276.762,277.408,277.879,278.067,278.475,278.844,279.243,0.0,0.0,0.0,0.0,0.0,5.0,39.0,0.0,9.999e+20,260.0,6.1,260.0,12.0,,1.0,,,1.0,4.0,,,,,,,8886.0,260.0,260.0,260.0,,277.6,,,,,,,,,,,,,,,,,,,,,,,,,,,,,6.1,1.2,2.4,4.0,4.4,4.8,5.2,5.6,5.6,6.0,2.0,6.4,6.4,6.8,6.8,7.2,7.2,7.6,8.0,8.8,10.0533,11.3223,6.08162,2.32,2.0,0.0,0.0,0.0,87.0,0.0,61.0,12.0,6.9,7.7,
2026040719,,,,,,,,,,,,,,,,,,,,,,,,,,,,,,,,,0.0,,,,,,,,,,,,,,,,,,,,,,,,,,,,,,,,,,,,,,,,,,,,,,,,,,,,,,,,,,,,,,,,,,,,,,,,,,,,,,,,,,,,,,,,,,,,,,,,,,,,,,,,,,,,,,,,,,,,,,,,,,,,,,,,,,,,,,,,,,,,,,,,,,,,,,,,,,,,,,,,,,,,,,,,,,,,,,,,,,,,,,,,,,,,,,,,,,,,,,,,,,,,,,,,,,,,,,,,,,,,,,,,,,,,,,,,,,,,,,,,,,,,,,,,,,,,,,,,,,,,,,,,,,,,,,,,,,,,,,,,,,,,,,,,,,,,,,,,,,,,,,,,,,,,,,,,,,,,,,,,,,,,,,,,,,,,,,,,,,,,,,,,,,,,,,,,,,,,,,,,,,,,,,,,,,,,,,,,,,,,,,,,,,,,,,,,,,,,,,,,,,,,,,,,,,,,,,,,,,,,,,,,,,,,,,,,,,,,,,,,,,,,,,,,,,,,,,,,,,,,,,,,,,,,,,,,,,,,,,,,,,,,,,,,,,,,,,,,,,,,,,,,,,,,,,,,,,,,,,,,,,,,,,,,,,,,,,,,,,,,,,,,,,,,,,,,,,,,
2026040720,,,,,,,,,,,,,,,,,,,,,,,,,,,,,,,,,0.0,,,,,,,,,,,,,,,,,,,,,,,,,,,,,,,,,,,,,,,,,,,,,,,,,,,,,,,,,,,,,,,,,,,,,,,,,,,,,,,,,,,,,,,,,,,,,,,,,,,,,,,,,,,,,,,,,,,,,,,,,,,,,,,,,,,,,,,,,,,,,,,,,,,,,,,,,,,,,,,,,,,,,,,,,,,,,,,,,,,,,,,,,,,,,,,,,,,,,,,,,,,,,,,,,,,,,,,,,,,,,,,,,,,,,,,,,,,,,,,,,,,,,,,,,,,,,,,,,,,,,,,,,,,,,,,,,,,,,,,,,,,,,,,,,,,,,,,,,,,,,,,,,,,,,,,,,,,,,,,,,,,,,,,,,,,,,,,,,,,,,,,,,,,,,,,,,,,,,,,,,,,,,,,,,,,,,,,,,,,,,,,,,,,,,,,,,,,,,,,,,,,,,,,,,,,,,,,,,,,,,,,,,,,,,,,,,,,,,,,,,,,,,,,,,,,,,,,,,,,,,,,,,,,,,,,,,,,,,,,,,,,,,,,,,,,,,,,,,,,,,,,,,,,,,,,,,,,,,,,,,,,,,,,,,,,,,,,,,,,,,,,,,,,,,,,,,,,,
2026040721,,,,,,,,,,,,,,,,,,,,,,,,,,,,,,,,,0.0,,,,,,,,,,,,,,,,,,,,,,,,,,,,,,,,,,,,,,,,,,,,,,,,,,,,,,,,,,,,,,,,,,,,,,,,,,,,,,,,,,,,,,,,,,,,,,,,,,,,,,,,,,,,,,,,,,,,,,,,,,,,,,,,,,276.92,,,,,,,,,,,,,,,,,,,,,,,,,,,,,,,,,,,,,,,,,,,,,,,,,,,,,,,,,,,,,,,,,,,,,,,,,,,,,,,,,,,,,,,,,,,4.0,6.0,,,,,,,,,,,15.0,22.0,15.0,25.0,27.0,29.0,29.0,0.0,0.0,0.0,0.0,0.0,25.2,,270.06,2.92,,766.0,2.0,,,,,,,,,,,,,,,,,,,,,,,,,,,,,,,,,,,,,,,,,,,,,,,,,,,,,,9.999e+20,,,,,,,,,,,,,,,,,,,,,,,,,,,,,15.2,4.8,8.8,10.3247,11.5872,12.8758,13.3356,13.7601,14.6102,15.065,6.8,15.1555,15.6794,16.6074,16.719,17.1686,17.7291,18.3659,19.0129,20.682,21.4348,26.2898,15.1678,4.5,82.0,46.0,26.0,7.0,2.0,0.0,0.0,90.0,,9.999e+20,9.999e+20,9.999e+20,9.999e+20,9.999e+20,,,,1064.0,,6.0,0.0,3.6,0.0,,47.0,3.1,0.8,1.1,0.5,1.8,3.8,6.8,10.7,1632.0,936.0,1264.0,728.0,1648.0,1992.0,2200.0,2376.0,,,15.0,12.0,,,,,,,280.63,2.92,,,,,,,,,,,,,,,,,,,,,,,,,,,,,,,,,,,,,,,,,,,,,,,,,,,,,,,,,,,,,9.999e+20,270.0,6.5,270.0,13.5,,,,,,4.0,,,,,,,13751.0,270.0,270.0,270.0,,279.6,,,,,,,,,,,,,,,,,,,,,,,,,,,,,6.5,1.6,4.0,4.8,5.2,5.6,6.0,6.0,6.4,6.4,2.8,6.8,6.8,7.2,7.22506,7.74108,7.84598,8.33983,8.49666,9.07586,9.6998,11.8997,6.49383,2.12,2.0,0.0,0.0,0.0,90.0,0.0,72.0,14.0,7.4,8.3,
2026040722,,,,,,,,,,,,,,,,,,,,,,,,,,,,,,,,,0.0,,,,,,,,,,,,,,,,,,,,,,,,,,,,,,,,,,,,,,,,,,,,,,,,,,,,,,,,,,,,,,,,,,,,,,,,,,,,,,,,,,,,,,,,,,,,,,,,,,,,,,,,,,,,,,,,,,,,,,,,,,,,,,,,,,,,,,,,,,,,,,,,,,,,,,,,,,,,,,,,,,,,,,,,,,,,,,,,,,,,,,,,,,,,,,,,,,,,,,,,,,,,,,,,,,,,,,,,,,,,,,,,,,,,,,,,,,,,,,,,,,,,,,,,,,,,,,,,,,,,,,,,,,,,,,,,,,,,,,,,,,,,,,,,,,,,,,,,,,,,,,,,,,,,,,,,,,,,,,,,,,,,,,,,,,,,,,,,,,,,,,,,,,,,,,,,,,,,,,,,,,,,,,,,,,,,,,,,,,,,,,,,,,,,,,,,,,,,,,,,,,,,,,,,,,,,,,,,,,,,,,,,,,,,,,,,,,,,,,,,,,,,,,,,,,,,,,,,,,,,,,,,,,,,,,,,,,,,,,,,,,,,,,,,,,,,,,,,,,,,,,,,,,,,,,,,,,,,,,,,,,,,,,,,,,,,,,,,,,,,,,,,,,,,,,,,,,,,
2026040723,,,,,,,,,,,,,,,,,,,,,,,,,,,,,,,,,0.0,,,,,,,,,,,,,,,,,,,,,,,,,,,,,,,,,,,,,,,,,,,,,,,,,,,,,,,,,,,,,,,,,,,,,,,,,,,,,,,,,,,,,,,,,,,,,,,,,,,,,,,,,,,,,,,,,,,,,,,,,,,,,,,,,,,,,,,,,,,,,,,,,,,,,,,,,,,,,,,,,,,,,,,,,,,,,,,,,,,,,,,,,,,,,,,,,,,,,,,,,,,,,,,,,,,,,,,,,,,,,,,,,,,,,,,,,,,,,,,,,,,,,,,,,,,,,,,,,,,,,,,,,,,,,,,,,,,,,,,,,,,,,,,,,,,,,,,,,,,,,,,,,,,,,,,,,,,,,,,,,,,,,,,,,,,,,,,,,,,,,,,,,,,,,,,,,,,,,,,,,,,,,,,,,,,,,,,,,,,,,,,,,,,,,,,,,,,,,,,,,,,,,,,,,,,,,,,,,,,,,,,,,,,,,,,,,,,,,,,,,,,,,,,,,,,,,,,,,,,,,,,,,,,,,,,,,,,,,,,,,,,,,,,,,,,,,,,,,,,,,,,,,,,,,,,,,,,,,,,,,,,,,,,,,,,,,,,,,,,,,,,,,,,,,,,,,,,,
2026040800,0.089,0.0,0.0,0.0,0.0,0.0,0.0,0.0,0.0,0.0,0.0,0.0,0.0,0.0,0.0,0.0,0.0,0.0,0.0,0.0,0.362,2.47,6.0,0.0,0.0,0.0,0.0,1.0,0.0,0.0,0.0,0.0,0.0,,0.365,0.0,0.0,0.0,0.0,0.0,0.0,0.0,0.0,0.0,0.0,0.0,0.0,0.0,0.0,0.0,0.0,0.0,0.017,0.597,2.566,7.102,12.0,0.0,0.0,0.0,0.0,0.0,0.0,0.0,1.0,0.0,,,,,,,,,,,,,,,,,,,,,,,,,,,,,,,,,0.0,0.0,0.0,0.0,0.0,0.0,0.0,0.0,0.0,0.0,0.0,0.0,0.0,0.0,0.0,0.0,0.0,0.0,0.0,0.0,0.113,2.012,5.0,0.0,0.0,1.0,0.0,0.0,0.0,0.0,0.0,0.0,,,,,,,,,,,,,,,,,,,,,,,,,,,,,,,,,275.07,,,,,,,,,,,,,,,,,,,0.0,0.0,0.0,0.0,0.0,0.0,0.0,0.0,0.0,0.0,0.0,0.0,0.0,0.0,0.0,0.0,0.0,0.0,0.0,0.0,0.0,0.0,0.0,0.0,0.0,0.0,0.0,0.0,0.0,0.0,0.0,0.0,0.0,0.0,0.0,0.0,0.0,0.0,0.0,0.0,0.0,0.0,0.0,0.0,0.0,0.0,0.0,0.0,0.0,0.0,0.0,0.0,0.0,0.0,0.0,0.0,0.0,0.0,0.0,0.0,0.0,0.0,0.0,0.0,0.0,0.0,0.0,0.0,0.0,0.0,0.0,0.0,5.0,5.0,,,,,,,,,,,18.0,22.0,17.0,26.0,27.0,27.0,28.0,0.0,0.0,0.0,0.0,0.0,24.9,,270.74,2.82,,717.0,2.0,,0.0,0.0,0.0,0.0,0.0,0.0,0.0,0.0,0.0,0.0,0.0,0.0,0.0,0.0,0.0,0.0,0.0,0.0,0.0,0.0,0.0,0.0,0.0,0.0,0.0,0.0,0.0,0.0,0.0,0.0,0.0,0.0,0.0,0.0,0.0,0.0,0.0,0.0,0.0,0.0,0.0,0.0,0.0,0.0,0.0,0.0,0.0,0.0,0.0,0.0,0.0,27.0,9.999e+20,,,,,,,,,,,,,,,,,,,,,,,,,,,,,15.7,6.0,9.6,10.4,10.9808,12.8533,13.2077,14.2417,14.7998,15.7131,7.2,15.9532,16.5714,17.0354,17.0806,18.003,18.1502,19.495,20.1183,21.1897,23.954,27.9717,15.6698,4.82,78.0,56.0,32.0,10.0,4.0,1.0,0.0,93.0,3.0,9.999e+20,9.999e+20,9.999e+20,9.999e+20,9.999e+20,,,,976.0,0.0,7.2,0.0,3.6,0.0,,54.0,3.4,0.8,1.3,0.6,2.1,3.9,9.7,11.1,1656.0,984.0,1376.0,784.0,1648.0,1992.0,2248.0,2312.0,,,17.0,12.0,,281.45,2.66,,,,279.51,2.82,,,,,,,,,,,,,,,,,,,,,,,,,,,,,,,,,,,,,,,,,,,,,,,,,,,,,,,,,,,,,9.999e+20,270.0,7.3,270.0,12.3,0.0,1.0,,,1.0,4.0,,,,,,,11448.0,270.0,270.0,270.0,,277.2,,,,,,,,,,,,,,,,,,,,,,,,,,,,,7.3,2.4,4.0,4.8,5.2,5.6,6.0,6.4,6.8,6.8,2.8,7.2,7.6,7.6,8.0,8.0,8.4,8.8,9.2,10.0,10.7715,12.6478,6.88429,2.32,3.0,0.0,0.0,0.0,92.0,0.0,74.0,18.0,8.1,8.9,
2026040801,,,,,,,,,,,,,,,,,,,,,,,,,,,,,,,,,0.0,,,,,,,,,,,,,,,,,,,,,,,,,,,,,,,,,,,,,,,,,,,,,,,,,,,,,,,,,,,,,,,,,,,,,,,,,,,,,,,,,,,,,,,,,,,,,,,,,,,,,,,,,,,,,,,,,,,,,,,,,,,,,,,,,,,,,,,,,,,,,,,,,,,,,,,,,,,,,,,,,,,,,,,,,,,,,,,,,,,,,,,,,,,,,,,,,,,,,,,,,,,,,,,,,,,,,,,,,,,,,,,,,,,,,,,,,,,,,,,,,,,,,,,,,,,,,,,,,,,,,,,,,,,,,,,,,,,,,,,,,,,,,,,,,,,,,,,,,,,,,,,,,,,,,,,,,,,,,,,,,,,,,,,,,,,,,,,,,,,,,,,,,,,,,,,,,,,,,,,,,,,,,,,,,,,,,,,,,,,,,,,,,,,,,,,,,,,,,,,,,,,,,,,,,,,,,,,,,,,,,,,,,,,,,,,,,,,,,,,,,,,,,,,,,,,,,,,,,,,,,,,,,,,,,,,,,,,,,,,,,,,,,,,,,,,,,,,,,,,,,,,,,,,,,,,,,,,,,,,,,,,,,,,,,,,,,,,,,,,,,,,,,,,,,,,,,,,,
2026040802,,,,,,,,,,,,,,,,,,,,,,,,,,,,,,,,,0.0,,,,,,,,,,,,,,,,,,,,,,,,,,,,,,,,,,,,,,,,,,,,,,,,,,,,,,,,,,,,,,,,,,,,,,,,,,,,,,,,,,,,,,,,,,,,,,,,,,,,,,,,,,,,,,,,,,,,,,,,,,,,,,,,,,,,,,,,,,,,,,,,,,,,,,,,,,,,,,,,,,,,,,,,,,,,,,,,,,,,,,,,,,,,,,,,,,,,,,,,,,,,,,,,,,,,,,,,,,,,,,,,,,,,,,,,,,,,,,,,,,,,,,,,,,,,,,,,,,,,,,,,,,,,,,,,,,,,,,,,,,,,,,,,,,,,,,,,,,,,,,,,,,,,,,,,,,,,,,,,,,,,,,,,,,,,,,,,,,,,,,,,,,,,,,,,,,,,,,,,,,,,,,,,,,,,,,,,,,,,,,,,,,,,,,,,,,,,,,,,,,,,,,,,,,,,,,,,,,,,,,,,,,,,,,,,,,,,,,,,,,,,,,,,,,,,,,,,,,,,,,,,,,,,,,,,,,,,,,,,,,,,,,,,,,,,,,,,,,,,,,,,,,,,,,,,,,,,,,,,,,,,,,,,,,,,,,,,,,,,,,,,,,,,,,,,,,,,
2026040803,,,,,,,,,,,,,,,,,,,,,,,,,,,,,,,,,0.0,,,,,,,,,,,,,,,,,,,,,,,,,,,,,,,,,,,,,,,,,,,,,,,,,,,,,,,,,,,,,,,,,,,,,,,,,,,,,,,,,,,,,,,,,,,,,,,,,,,,,,,,,,,,,,,,,,,,,,,,,,,,,,,,,,270.85,,,,,,,,,,,,,,,,,,,,,,,,,,,,,,,,,,,,,,,,,,,,,,,,,,,,,,,,,,,,,,,,,,,,,,,,,,,,,,,,,,,,,,,,,,,2.0,2.0,,,,,,,,,,,18.0,19.0,18.0,23.0,26.0,28.0,28.0,0.0,0.0,0.0,0.0,0.0,23.6,,270.33,2.67,,154.0,2.0,,,,,,,,,,,,,,,,,,,,,,,,,,,,,,,,,,,,,,,,,,,,,,,,,,,,,,9.999e+20,,,,,,,,,,,,,,,,,,,,,,,,,,,,,12.5,4.8,7.2,8.0,8.8,9.28417,9.93267,10.8438,11.3118,11.854,6.8,12.7139,12.4529,13.0626,13.7174,14.2918,14.9381,16.3295,17.4052,18.8174,20.8162,23.0268,12.4706,4.42,60.0,22.0,16.0,3.0,1.0,0.0,0.0,79.0,,9.999e+20,9.999e+20,9.999e+20,9.999e+20,9.999e+20,,,,240.0,,6.0,0.0,3.6,0.0,,70.0,4.7,1.0,2.0,0.7,3.5,6.2,11.3,12.5,1512.0,760.0,1160.0,664.0,1536.0,1864.0,2112.0,2176.0,,,19.0,14.0,,,,,,,275.27,2.65,,,,,,,,,,,,,,,,,,,,,,,,,,,,,,,,,,,,,,,,,,,,,,,,,,,,,,,,,,,,,9.999e+20,270.0,5.7,260.0,6.2,,,,,,3.0,,,,,,,1298.0,270.0,270.0,270.0,,273.7,,,,,,,,,,,,,,,,,,,,,,,,,,,,,5.7,2.0,3.2,3.6,4.0,4.0,4.4,4.4,4.8,5.2,2.8,5.6,5.6,6.0,6.0,6.4,6.8,7.2,7.6,8.4,9.6,11.805,5.67005,2.12,2.0,0.0,0.0,0.0,85.0,0.0,42.0,7.0,6.5,6.9,
2026040804,,,,,,,,,,,,,,,,,,,,,,,,,,,,,,,,,0.0,,,,,,,,,,,,,,,,,,,,,,,,,,,,,,,,,,,,,,,,,,,,,,,,,,,,,,,,,,,,,,,,,,,,,,,,,,,,,,,,,,,,,,,,,,,,,,,,,,,,,,,,,,,,,,,,,,,,,,,,,,,,,,,,,,,,,,,,,,,,,,,,,,,,,,,,,,,,,,,,,,,,,,,,,,,,,,,,,,,,,,,,,,,,,,,,,,,,,,,,,,,,,,,,,,,,,,,,,,,,,,,,,,,,,,,,,,,,,,,,,,,,,,,,,,,,,,,,,,,,,,,,,,,,,,,,,,,,,,,,,,,,,,,,,,,,,,,,,,,,,,,,,,,,,,,,,,,,,,,,,,,,,,,,,,,,,,,,,,,,,,,,,,,,,,,,,,,,,,,,,,,,,,,,,,,,,,,,,,,,,,,,,,,,,,,,,,,,,,,,,,,,,,,,,,,,,,,,,,,,,,,,,,,,,,,,,,,,,,,,,,,,,,,,,,,,,,,,,,,,,,,,,,,,,,,,,,,,,,,,,,,,,,,,,,,,,,,,,,,,,,,,,,,,,,,,,,,,,,,,,,,,,,,,,,,,,,,,,,,,,,,,,,,,,,,,,,,,
2026040805,,,,,,,,,,,,,,,,,,,,,,,,,,,,,,,,,0.0,,,,,,,,,,,,,,,,,,,,,,,,,,,,,,,,,,,,,,,,,,,,,,,,,,,,,,,,,,,,,,,,,,,,,,,,,,,,,,,,,,,,,,,,,,,,,,,,,,,,,,,,,,,,,,,,,,,,,,,,,,,,,,,,,,,,,,,,,,,,,,,,,,,,,,,,,,,,,,,,,,,,,,,,,,,,,,,,,,,,,,,,,,,,,,,,,,,,,,,,,,,,,,,,,,,,,,,,,,,,,,,,,,,,,,,,,,,,,,,,,,,,,,,,,,,,,,,,,,,,,,,,,,,,,,,,,,,,,,,,,,,,,,,,,,,,,,,,,,,,,,,,,,,,,,,,,,,,,,,,,,,,,,,,,,,,,,,,,,,,,,,,,,,,,,,,,,,,,,,,,,,,,,,,,,,,,,,,,,,,,,,,,,,,,,,,,,,,,,,,,,,,,,,,,,,,,,,,,,,,,,,,,,,,,,,,,,,,,,,,,,,,,,,,,,,,,,,,,,,,,,,,,,,,,,,,,,,,,,,,,,,,,,,,,,,,,,,,,,,,,,,,,,,,,,,,,,,,,,,,,,,,,,,,,,,,,,,,,,,,,,,,,,,,,,,,,,,,
2026040806,0.3,0.0,0.0,0.0,0.0,0.0,0.0,0.0,0.0,0.0,0.0,0.0,0.0,0.0,0.0,0.0,0.0,0.0,0.0,0.441,1.735,5.55,11.0,0.0,0.0,0.0,0.0,4.0,0.0,0.0,1.0,0.0,0.0,,,,,,,,,,,,,,,,,,,,,,,,,,,,,,,,,,,,,,,,,,,,,,,,,,,,,,,,,,,,,,,,,,0.0,0.0,0.0,0.0,0.0,0.0,0.0,0.0,0.0,0.0,0.0,0.0,0.0,0.0,0.0,0.0,0.0,0.0,0.0,0.185,1.11,3.766,10.0,0.0,0.0,2.0,0.0,0.0,0.0,0.0,0.0,0.0,,,,,,,,,,,,,,,,,,,,,,,,,,,,,,,,,268.79,,,,,,,,,,,,,,,,,,,0.0,,,,,,,,,,,,,,,,,,0.0,,,,,,,,,,,,,,,,,,0.0,0.0,0.0,0.0,0.0,0.0,0.0,0.0,5.0,0.0,0.0,0.0,0.0,0.0,0.0,0.0,0.0,0.0,0.0,,,,,,,,,,,,,,,,,,2.0,4.0,,,,,,,,,,,18.0,19.0,17.0,20.0,23.0,29.0,29.0,0.0,0.0,0.0,0.0,0.0,22.1,,269.93,2.36,,77.0,3.0,,0.0,,,,,,,,,,,,,,,,,,,,,,,,,0.0,0.0,0.0,0.0,0.0,0.0,0.0,0.0,0.0,0.0,0.0,0.0,0.0,0.0,,,,,,,,,,,,,26.2,9.999e+20,21.3508,10.9626,15.0278,16.1072,17.494,18.0968,19.1298,20.0609,20.6004,21.2111,13.4658,21.3691,21.5304,22.2137,22.9258,24.0104,24.7209,25.4849,26.0721,27.5407,29.0264,34.3117,98.0,80.0,57.0,25.0,6.0,2.0,9.3,3.2,5.2,5.6,6.0,6.4,6.8,6.8,7.6407,8.10647,4.4,8.18094,8.65024,9.52564,10.041,10.8995,11.4309,12.4443,13.4731,16.0971,17.5238,19.817,9.33773,4.12,26.0,11.0,6.0,1.0,0.0,0.0,0.0,45.0,4.0,9.999e+20,9.999e+20,9.999e+20,9.999e+20,9.999e+20,,,47.0,152.0,,4.8,0.0,4.8,0.0,,79.0,6.0,1.4,2.6,0.9,3.6,9.9,12.8,15.3,1320.0,648.0,888.0,480.0,1312.0,1720.0,2024.0,2104.0,,,37.0,24.0,,,,,,3.8828,273.14,2.37,281.14,273.87,275.784,276.79,277.822,278.048,279.041,280.372,280.57,281.172,274.827,281.668,282.165,282.495,283.018,283.186,283.778,284.823,285.207,285.955,286.964,288.053,0.0,0.0,1.0,0.0,0.0,0.0,0.0,0.0,,,,,,,,,,,,,,,,,,,,,,,,,,,,,,,9.999e+20,280.0,4.0,280.0,4.8,,1.0,,,1.0,3.0,,,,,,,596.0,280.0,280.0,280.0,,272.2,10.58,5.2,7.2,7.41308,8.72639,8.79331,9.2915,9.73264,10.1834,10.2502,6.4,10.3597,10.4944,11.0228,11.4571,11.9034,11.984,12.4631,13.0253,14.0859,14.7382,16.9884,37.0,1.0,0.0,0.0,97.0,77.0,4.0,0.8,2.0,2.0,2.4,2.4,2.8,2.8,3.2,3.2,1.6,3.6,3.6,4.0,4.4,4.8,5.2,6.0,6.4,8.0,8.4,9.66054,4.01679,2.22,0.0,0.0,0.0,0.0,46.0,0.0,21.0,5.0,4.8,5.2,
2026040807,,,,,,,,,,,,,,,,,,,,,,,,,,,,,,,,,0.0,,,,,,,,,,,,,,,,,,,,,,,,,,,,,,,,,,,,,,,,,,,,,,,,,,,,,,,,,,,,,,,,,,,,,,,,,,,,,,,,,,,,,,,,,,,,,,,,,,,,,,,,,,,,,,,,,,,,,,,,,,,,,,,,,,,,,,,,,,,,,,,,,,,,,,,,,,,,,,,,,,,,,,,,,,,,,,,,,,,,,,,,,,,,,,,,,,,,,,,,,,,,,,,,,,,,,,,,,,,,,,,,,,,,,,,,,,,,,,,,,,,,,,,,,,,,,,,,,,,,,,,,,,,,,,,,,,,,,,,,,,,,,,,,,,,,,,,,,,,,,,,,,,,,,,,,,,,,,,,,,,,,,,,,,,,,,,,,,,,,,,,,,,,,,,,,,,,,,,,,,,,,,,,,,,,,,,,,,,,,,,,,,,,,,,,,,,,,,,,,,,,,,,,,,,,,,,,,,,,,,,,,,,,,,,,,,,,,,,,,,,,,,,,,,,,,,,,,,,,,,,,,,,,,,,,,,,,,,,,,,,,,,,,,,,,,,,,,,,,,,,,,,,,,,,,,,,,,,,,,,,,,,,,,,,,,,,,,,,,,,,,,,,,,,,,,,,,,
2026040808,,,,,,,,,,,,,,,,,,,,,,,,,,,,,,,,,0.0,,,,,,,,,,,,,,,,,,,,,,,,,,,,,,,,,,,,,,,,,,,,,,,,,,,,,,,,,,,,,,,,,,,,,,,,,,,,,,,,,,,,,,,,,,,,,,,,,,,,,,,,,,,,,,,,,,,,,,,,,,,,,,,,,,,,,,,,,,,,,,,,,,,,,,,,,,,,,,,,,,,,,,,,,,,,,,,,,,,,,,,,,,,,,,,,,,,,,,,,,,,,,,,,,,,,,,,,,,,,,,,,,,,,,,,,,,,,,,,,,,,,,,,,,,,,,,,,,,,,,,,,,,,,,,,,,,,,,,,,,,,,,,,,,,,,,,,,,,,,,,,,,,,,,,,,,,,,,,,,,,,,,,,,,,,,,,,,,,,,,,,,,,,,,,,,,,,,,,,,,,,,,,,,,,,,,,,,,,,,,,,,,,,,,,,,,,,,,,,,,,,,,,,,,,,,,,,,,,,,,,,,,,,,,,,,,,,,,,,,,,,,,,,,,,,,,,,,,,,,,,,,,,,,,,,,,,,,,,,,,,,,,,,,,,,,,,,,,,,,,,,,,,,,,,,,,,,,,,,,,,,,,,,,,,,,,,,,,,,,,,,,,,,,,,,,,,,,
2026040809,,,,,,,,,,,,,,,,,,,,,,,,,,,,,,,,,0.0,,,,,,,,,,,,,,,,,,,,,,,,,,,,,,,,,,,,,,,,,,,,,,,,,,,,,,,,,,,,,,,,,,,,,,,,,,,,,,,,,,,,,,,,,,,,,,,,,,,,,,,,,,,,,,,,,,,,,,,,,,,,,,,,,,267.44,,,,,,,,,,,,,,,,,,,,,,,,,,,,,,,,,,,,,,,,,,,,,,,,,,,,,,,,,,,,,,,,,,,,,,,,,,,,,,,,,,,,,,,,,,,1.0,2.0,,,,,,,,,,,16.0,17.0,15.0,19.0,26.0,29.0,29.0,0.0,0.0,0.0,0.0,0.0,21.1,,268.85,2.3,,0.0,1.0,,,,,,,,,,,,,,,,,,,,,,,,,,,,,,,,,,,,,,,,,,,,,,,,,,,,,,9.999e+20,,,,,,,,,,,,,,,,,,,,,,,,,,,,,8.7,3.2,4.8,5.2,5.2,5.6,6.0,6.4,6.8,7.2,4.4,7.60313,8.07835,8.56621,8.99517,9.86887,10.7682,11.2514,12.9243,13.8749,16.833,19.9276,8.64977,3.82,21.0,7.0,3.0,0.0,0.0,0.0,0.0,37.0,,9.999e+20,9.999e+20,9.999e+20,9.999e+20,9.999e+20,,,,320.0,,9.6,0.0,2.4,0.0,,81.0,6.7,1.7,3.0,1.0,4.7,11.3,14.4,16.3,1176.0,488.0,720.0,400.0,1160.0,1616.0,1888.0,2032.0,,,40.0,15.0,,,,,,,271.87,2.89,,,,,,,,,,,,,,,,,,,,,,,,,,,,,,,,,,,,,,,,,,,,,,,,,,,,,,,,,,,,,9.999e+20,280.0,3.6,290.0,5.1,,,,,,3.0,,,,,,,1412.0,280.0,280.0,280.0,,271.4,,,,,,,,,,,,,,,,,,,,,,,,,,,,,3.6,0.8,1.6,2.0,2.0,2.0,2.4,2.4,2.8,2.8,1.6,3.2,3.6,3.6,4.0,4.4,4.8,5.2,6.0,6.8,8.4,9.6,3.6,2.12,0.0,0.0,0.0,0.0,41.0,0.0,17.0,3.0,4.4,4.8,
2026040810,,,,,,,,,,,,,,,,,,,,,,,,,,,,,,,,,0.0,,,,,,,,,,,,,,,,,,,,,,,,,,,,,,,,,,,,,,,,,,,,,,,,,,,,,,,,,,,,,,,,,,,,,,,,,,,,,,,,,,,,,,,,,,,,,,,,,,,,,,,,,,,,,,,,,,,,,,,,,,,,,,,,,,,,,,,,,,,,,,,,,,,,,,,,,,,,,,,,,,,,,,,,,,,,,,,,,,,,,,,,,,,,,,,,,,,,,,,,,,,,,,,,,,,,,,,,,,,,,,,,,,,,,,,,,,,,,,,,,,,,,,,,,,,,,,,,,,,,,,,,,,,,,,,,,,,,,,,,,,,,,,,,,,,,,,,,,,,,,,,,,,,,,,,,,,,,,,,,,,,,,,,,,,,,,,,,,,,,,,,,,,,,,,,,,,,,,,,,,,,,,,,,,,,,,,,,,,,,,,,,,,,,,,,,,,,,,,,,,,,,,,,,,,,,,,,,,,,,,,,,,,,,,,,,,,,,,,,,,,,,,,,,,,,,,,,,,,,,,,,,,,,,,,,,,,,,,,,,,,,,,,,,,,,,,,,,,,,,,,,,,,,,,,,,,,,,,,,,,,,,,,,,,,,,,,,,,,,,,,,,,,,,,,,,,,,,
2026040811,,,,,,,,,,,,,,,,,,,,,,,,,,,,,,,,,0.0,,,,,,,,,,,,,,,,,,,,,,,,,,,,,,,,,,,,,,,,,,,,,,,,,,,,,,,,,,,,,,,,,,,,,,,,,,,,,,,,,,,,,,,,,,,,,,,,,,,,,,,,,,,,,,,,,,,,,,,,,,,,,,,,,,,,,,,,,,,,,,,,,,,,,,,,,,,,,,,,,,,,,,,,,,,,,,,,,,,,,,,,,,,,,,,,,,,,,,,,,,,,,,,,,,,,,,,,,,,,,,,,,,,,,,,,,,,,,,,,,,,,,,,,,,,,,,,,,,,,,,,,,,,,,,,,,,,,,,,,,,,,,,,,,,,,,,,,,,,,,,,,,,,,,,,,,,,,,,,,,,,,,,,,,,,,,,,,,,,,,,,,,,,,,,,,,,,,,,,,,,,,,,,,,,,,,,,,,,,,,,,,,,,,,,,,,,,,,,,,,,,,,,,,,,,,,,,,,,,,,,,,,,,,,,,,,,,,,,,,,,,,,,,,,,,,,,,,,,,,,,,,,,,,,,,,,,,,,,,,,,,,,,,,,,,,,,,,,,,,,,,,,,,,,,,,,,,,,,,,,,,,,,,,,,,,,,,,,,,,,,,,,,,,,,,,,,,,
2026040812,0.355,0.0,0.0,0.0,0.0,0.0,0.0,0.0,0.0,0.0,0.0,0.0,0.0,0.0,0.0,0.0,0.0,0.0,0.019,0.629,2.527,5.833,13.0,0.0,0.0,0.0,0.0,5.0,0.0,0.0,1.0,0.0,0.0,,0.628,0.0,0.0,0.0,0.0,0.0,0.0,0.0,0.0,0.0,0.0,0.0,0.0,0.0,0.0,0.0,0.0,0.0,0.311,1.366,4.412,9.948,15.0,0.0,0.0,0.0,0.0,0.0,0.0,0.0,3.0,0.0,0.968,0.0,0.0,0.0,0.0,0.0,0.0,0.0,0.0,0.0,0.0,0.0,0.0,0.0,0.0,0.0,0.0,0.333,1.246,2.842,6.4,12.952,1.0,0.0,11.0,0.0,0.0,0.0,0.0,0.0,0.0,0.0,0.0,0.0,0.0,0.0,0.0,0.0,0.0,0.0,0.0,0.0,0.0,0.0,0.0,0.0,0.0,0.0,0.0,0.0,0.0,0.0,0.458,2.984,6.0,0.0,0.0,1.0,0.0,0.0,0.0,0.0,0.0,0.0,0.954,0.0,0.0,0.0,0.0,0.0,0.0,0.0,0.0,0.0,0.0,0.0,0.0,0.0,0.0,0.0,0.0,0.028,1.021,2.703,6.147,13.1,0.0,0.0,0.0,0.0,0.0,0.0,0.0,5.0,0.0,0.0,266.33,,,,,,,,,,,,,,,,,,,0.0,0.0,0.0,0.0,0.0,0.0,0.0,0.003,6.0,0.0,0.0,0.0,0.0,0.0,0.0,0.0,0.0,0.0,0.0,0.0,0.0,0.0,0.0,0.0,0.0,0.003,0.0,0.0,0.0,0.0,0.0,0.0,0.0,0.0,0.0,0.0,0.0,0.0,0.0,0.0,0.0,0.0,0.0,0.0,2.0,0.0,0.0,0.0,0.0,0.0,0.0,0.0,0.0,0.0,0.0,0.0,0.0,0.0,0.0,0.0,0.0,0.003,0.0,0.0,0.0,0.0,0.0,0.0,0.0,0.0,0.0,0.0,1.0,2.0,,,,,,,,,,,14.0,16.0,14.0,19.0,21.0,27.0,28.0,0.0,0.0,0.0,0.0,0.0,19.1,,268.01,2.42,,0.0,2.0,,0.0,0.0,0.0,0.0,0.0,0.0,0.0,0.0,0.0,0.0,0.0,0.0,0.0,0.0,0.0,0.0,0.0,0.0,0.0,0.0,0.0,0.0,0.0,0.0,0.0,0.0,0.0,0.0,0.0,0.0,0.0,0.0,0.0,0.0,0.0,0.0,0.0,0.0,0.0,0.0,0.0,0.0,0.0,0.0,0.0,0.0,0.0,0.0,0.0,0.0,0.0,9.2,9.999e+20,,,,,,,,,,,,,,,,,,,,,,,,,,,,,8.2,3.2,4.0,4.4,4.8,5.2,5.6,6.0,6.4,6.8,4.0,7.2,7.21143,7.66745,8.89862,9.38854,10.2245,11.5028,11.9763,13.7293,15.894,17.7732,8.18398,4.0,21.0,7.0,3.0,1.0,0.0,0.0,0.0,36.0,4.0,9.999e+20,9.999e+20,9.999e+20,9.999e+20,9.999e+20,,,,152.0,0.0,8.4,0.0,3.6,0.0,,82.0,7.4,2.2,3.3,1.6,5.8,11.3,15.0,15.9,1064.0,456.0,608.0,312.0,1032.0,1464.0,1808.0,1912.0,,,27.0,18.0,,,,270.63,2.8,,270.84,2.59,,,,,,,,,,,,,,,,,,,,,,,,,,,,,,,,,,,,,,,,,,,,,,,,,,,,,,,,,,,,,9.999e+20,280.0,3.6,60.0,3.9,0.0,1.0,,,1.0,1.0,,,,,,,476.0,280.0,280.0,280.0,,270.9,,,,,,,,,,,,,,,,,,,,,,,,,,,,,3.6,0.8,1.2,1.6,1.6,2.0,2.0,2.4,2.4,2.8,1.2,2.8,3.2,3.2,3.6,4.0,4.4,5.6,6.0,7.2,8.4,10.0,3.60738,2.3,1.0,0.0,0.0,0.0,36.0,0.0,17.0,3.0,4.0,4.4,
2026040813,,,,,,,,,,,,,,,,,,,,,,,,,,,,,,,,,0.0,,,,,,,,,,,,,,,,,,,,,,,,,,,,,,,,,,,,,,,,,,,,,,,,,,,,,,,,,,,,,,,,,,,,,,,,,,,,,,,,,,,,,,,,,,,,,,,,,,,,,,,,,,,,,,,,,,,,,,,,,,,,,,,,,,,,,,,,,,,,,,,,,,,,,,,,,,,,,,,,,,,,,,,,,,,,,,,,,,,,,,,,,,,,,,,,,,,,,,,,,,,,,,,,,,,,,,,,,,,,,,,,,,,,,,,,,,,,,,,,,,,,,,,,,,,,,,,,,,,,,,,,,,,,,,,,,,,,,,,,,,,,,,,,,,,,,,,,,,,,,,,,,,,,,,,,,,,,,,,,,,,,,,,,,,,,,,,,,,,,,,,,,,,,,,,,,,,,,,,,,,,,,,,,,,,,,,,,,,,,,,,,,,,,,,,,,,,,,,,,,,,,,,,,,,,,,,,,,,,,,,,,,,,,,,,,,,,,,,,,,,,,,,,,,,,,,,,,,,,,,,,,,,,,,,,,,,,,,,,,,,,,,,,,,,,,,,,,,,,,,,,,,,,,,,,,,,,,,,,,,,,,,,,,,,,,,,,,,,,,,,,,,,,,,,,,,,,,
2026040814,,,,,,,,,,,,,,,,,,,,,,,,,,,,,,,,,0.0,,,,,,,,,,,,,,,,,,,,,,,,,,,,,,,,,,,,,,,,,,,,,,,,,,,,,,,,,,,,,,,,,,,,,,,,,,,,,,,,,,,,,,,,,,,,,,,,,,,,,,,,,,,,,,,,,,,,,,,,,,,,,,,,,,,,,,,,,,,,,,,,,,,,,,,,,,,,,,,,,,,,,,,,,,,,,,,,,,,,,,,,,,,,,,,,,,,,,,,,,,,,,,,,,,,,,,,,,,,,,,,,,,,,,,,,,,,,,,,,,,,,,,,,,,,,,,,,,,,,,,,,,,,,,,,,,,,,,,,,,,,,,,,,,,,,,,,,,,,,,,,,,,,,,,,,,,,,,,,,,,,,,,,,,,,,,,,,,,,,,,,,,,,,,,,,,,,,,,,,,,,,,,,,,,,,,,,,,,,,,,,,,,,,,,,,,,,,,,,,,,,,,,,,,,,,,,,,,,,,,,,,,,,,,,,,,,,,,,,,,,,,,,,,,,,,,,,,,,,,,,,,,,,,,,,,,,,,,,,,,,,,,,,,,,,,,,,,,,,,,,,,,,,,,,,,,,,,,,,,,,,,,,,,,,,,,,,,,,,,,,,,,,,,,,,,,,,,
2026040815,,,,,,,,,,,,,,,,,,,,,,,,,,,,,,,,,0.0,,,,,,,,,,,,,,,,,,,,,,,,,,,,,,,,,,,,,,,,,,,,,,,,,,,,,,,,,,,,,,,,,,,,,,,,,,,,,,,,,,,,,,,,,,,,,,,,,,,,,,,,,,,,,,,,,,,,,,,,,,,,,,,,,,268.2,,,,,,,,,,,,,,,,,,,,,,,,,,,,,,,,,,,,,,,,,,,,,,,,,,,,,,,,,,,,,,,,,,,,,,,,,,,,,,,,,,,,,,,,,,,1.0,2.0,,,,,,,,,,,13.0,16.0,13.0,18.0,19.0,25.0,25.0,0.0,0.0,0.0,0.0,0.0,17.9,,267.29,2.38,,47.0,3.0,,,,,,,,,,,,,,,,,,,,,,,,,,,,,,,,,,,,,,,,,,,,,,,,,,,,,,9.999e+20,,,,,,,,,,,,,,,,,,,,,,,,,,,,,8.4,3.2,4.4,4.8,5.6,6.0,6.0,6.4,6.8,7.2,3.6,8.0,8.40122,8.90633,9.8796,10.4765,11.0141,11.7124,12.7019,13.7953,15.264,18.2391,8.8356,3.72,25.0,5.0,2.0,1.0,0.0,0.0,0.0,42.0,,9.999e+20,9.999e+20,9.999e+20,9.999e+20,9.999e+20,,,,496.0,,4.8,0.0,9.6,0.0,,70.0,7.6,2.4,3.4,1.6,6.3,11.1,14.8,16.2,1024.0,480.0,624.0,344.0,1016.0,1384.0,1744.0,1872.0,,,25.0,20.0,,,,,,,272.44,2.38,,,,,,,,,,,,,,,,,,,,,,,,,,,,,,,,,,,,,,,,,,,,,,,,,,,,,,,,,,,,,9.999e+20,320.0,3.6,100.0,4.8,,,,,,0.0,,,,,,,2160.0,320.0,320.0,320.0,,271.3,,,,,,,,,,,,,,,,,,,,,,,,,,,,,3.6,0.8,1.6,1.6,2.0,2.0,2.4,2.4,2.8,2.8,0.8,3.2,3.6,3.6,4.4,4.4,5.2,5.2,6.0,6.8,7.2,10.71,3.6235,2.22,1.0,0.0,0.0,0.0,45.0,0.0,19.0,3.0,4.4,4.8,
2026040816,,,,,,,,,,,,,,,,,,,,,,,,,,,,,,,,,0.0,,,,,,,,,,,,,,,,,,,,,,,,,,,,,,,,,,,,,,,,,,,,,,,,,,,,,,,,,,,,,,,,,,,,,,,,,,,,,,,,,,,,,,,,,,,,,,,,,,,,,,,,,,,,,,,,,,,,,,,,,,,,,,,,,,,,,,,,,,,,,,,,,,,,,,,,,,,,,,,,,,,,,,,,,,,,,,,,,,,,,,,,,,,,,,,,,,,,,,,,,,,,,,,,,,,,,,,,,,,,,,,,,,,,,,,,,,,,,,,,,,,,,,,,,,,,,,,,,,,,,,,,,,,,,,,,,,,,,,,,,,,,,,,,,,,,,,,,,,,,,,,,,,,,,,,,,,,,,,,,,,,,,,,,,,,,,,,,,,,,,,,,,,,,,,,,,,,,,,,,,,,,,,,,,,,,,,,,,,,,,,,,,,,,,,,,,,,,,,,,,,,,,,,,,,,,,,,,,,,,,,,,,,,,,,,,,,,,,,,,,,,,,,,,,,,,,,,,,,,,,,,,,,,,,,,,,,,,,,,,,,,,,,,,,,,,,,,,,,,,,,,,,,,,,,,,,,,,,,,,,,,,,,,,,,,,,,,,,,,,,,,,,,,,,,,,,,,,
2026040817,,,,,,,,,,,,,,,,,,,,,,,,,,,,,,,,,0.0,,,,,,,,,,,,,,,,,,,,,,,,,,,,,,,,,,,,,,,,,,,,,,,,,,,,,,,,,,,,,,,,,,,,,,,,,,,,,,,,,,,,,,,,,,,,,,,,,,,,,,,,,,,,,,,,,,,,,,,,,,,,,,,,,,,,,,,,,,,,,,,,,,,,,,,,,,,,,,,,,,,,,,,,,,,,,,,,,,,,,,,,,,,,,,,,,,,,,,,,,,,,,,,,,,,,,,,,,,,,,,,,,,,,,,,,,,,,,,,,,,,,,,,,,,,,,,,,,,,,,,,,,,,,,,,,,,,,,,,,,,,,,,,,,,,,,,,,,,,,,,,,,,,,,,,,,,,,,,,,,,,,,,,,,,,,,,,,,,,,,,,,,,,,,,,,,,,,,,,,,,,,,,,,,,,,,,,,,,,,,,,,,,,,,,,,,,,,,,,,,,,,,,,,,,,,,,,,,,,,,,,,,,,,,,,,,,,,,,,,,,,,,,,,,,,,,,,,,,,,,,,,,,,,,,,,,,,,,,,,,,,,,,,,,,,,,,,,,,,,,,,,,,,,,,,,,,,,,,,,,,,,,,,,,,,,,,,,,,,,,,,,,,,,,,,,,,,,
2026040818,0.342,0.0,0.0,0.0,0.0,0.0,0.0,0.0,0.0,0.0,0.0,0.0,0.0,0.0,0.0,0.0,0.0,0.0,0.027,0.609,2.255,6.576,12.0,0.0,0.0,0.0,0.0,4.0,0.0,0.0,1.0,0.0,0.0,,,,,,,,,,,,,,,,,,,,,,,,,,,,,,,,,,,,,,,,,,,,,,,,,,,,,,,,,,,,,,,,,,0.0,0.0,0.0,0.0,0.0,0.0,0.0,0.0,0.0,0.0,0.0,0.0,0.0,0.0,0.0,0.0,0.0,0.0,0.0,0.147,1.1,3.817,9.0,0.0,0.0,2.0,0.0,0.0,0.0,0.0,0.0,0.0,,,,,,,,,,,,,,,,,,,,,,,,,,,,,,,,,273.22,,,,,,,,,,,,,,,,,,,0.0,,,,,,,,,,,,,,,,,,0.0,,,,,,,,,,,,,,,,,,0.0,0.0,0.0,0.0,0.0,0.0,0.0,0.003,7.0,0.0,0.0,0.0,0.0,0.0,0.0,0.0,0.0,0.0,0.0,,,,,,,,,,,,,,,,,,3.0,7.0,,,,,,,,,,,14.0,15.0,14.0,17.0,18.0,23.0,23.0,0.0,0.0,0.0,0.0,0.0,17.3,,266.74,2.59,,278.0,2.0,,0.0,,,,,,,,,,,,,,,,,,,,,,,,,0.0,0.0,0.0,0.0,0.0,0.0,0.0,0.0,0.0,0.0,0.0,0.0,0.0,0.0,,,,,,,,,,,,,19.0,9.999e+20,,,,,,,,,,,,,,,,,,,,,,,,,,,,,10.6,3.2,5.2,6.0,6.57718,7.21245,7.73152,8.59376,9.11025,9.58729,4.0,10.0825,11.0497,11.5646,12.1002,12.3934,13.4213,13.7725,15.1043,16.3919,17.928,19.9552,10.6004,4.22,44.0,14.0,7.0,0.0,0.0,0.0,0.0,63.0,3.0,9.999e+20,9.999e+20,9.999e+20,9.999e+20,9.999e+20,,82.0,,1208.0,,4.8,0.0,9.6,0.0,,47.0,7.3,2.4,3.2,1.9,6.6,11.5,14.1,15.6,1104.0,520.0,736.0,472.0,1056.0,1408.0,1768.0,1936.0,,,11.0,9.0,,,,,,2.76655,277.0,2.61,,,,,,,,,,,,,,,,,,,,,,,,,,,,,,,270.726,264.152,267.398,267.848,268.485,268.799,269.152,269.462,269.949,270.56,266.533,271.066,270.957,271.529,271.697,272.275,272.543,273.861,274.252,275.147,275.73,276.486,0.0,0.0,0.0,0.0,0.0,51.0,76.0,0.0,9.999e+20,60.0,4.7,100.0,4.4,,1.0,,,0.0,2.0,,,,,,,5308.0,60.0,60.0,60.0,,275.7,,,,,,,,,,,,,,,,,,,,,,,,,,,,,4.7,0.8,1.6,2.4,2.8,2.8,3.2,3.2,3.6,4.0,1.2,4.4,4.8,5.2,5.6,5.6,6.0,6.4,6.72953,7.6061,8.62562,10.0999,4.67403,2.22,0.0,0.0,0.0,0.0,60.0,0.0,31.0,4.0,5.1,5.6,
2026040819,,,,,,,,,,,,,,,,,,,,,,,,,,,,,,,,,0.0,,,,,,,,,,,,,,,,,,,,,,,,,,,,,,,,,,,,,,,,,,,,,,,,,,,,,,,,,,,,,,,,,,,,,,,,,,,,,,,,,,,,,,,,,,,,,,,,,,,,,,,,,,,,,,,,,,,,,,,,,,,,,,,,,,,,,,,,,,,,,,,,,,,,,,,,,,,,,,,,,,,,,,,,,,,,,,,,,,,,,,,,,,,,,,,,,,,,,,,,,,,,,,,,,,,,,,,,,,,,,,,,,,,,,,,,,,,,,,,,,,,,,,,,,,,,,,,,,,,,,,,,,,,,,,,,,,,,,,,,,,,,,,,,,,,,,,,,,,,,,,,,,,,,,,,,,,,,,,,,,,,,,,,,,,,,,,,,,,,,,,,,,,,,,,,,,,,,,,,,,,,,,,,,,,,,,,,,,,,,,,,,,,,,,,,,,,,,,,,,,,,,,,,,,,,,,,,,,,,,,,,,,,,,,,,,,,,,,,,,,,,,,,,,,,,,,,,,,,,,,,,,,,,,,,,,,,,,,,,,,,,,,,,,,,,,,,,,,,,,,,,,,,,,,,,,,,,,,,,,,,,,,,,,,,,,,,,,,,,,,,,,,,,,,,,,,,,,
2026040820,,,,,,,,,,,,,,,,,,,,,,,,,,,,,,,,,0.0,,,,,,,,,,,,,,,,,,,,,,,,,,,,,,,,,,,,,,,,,,,,,,,,,,,,,,,,,,,,,,,,,,,,,,,,,,,,,,,,,,,,,,,,,,,,,,,,,,,,,,,,,,,,,,,,,,,,,,,,,,,,,,,,,,,,,,,,,,,,,,,,,,,,,,,,,,,,,,,,,,,,,,,,,,,,,,,,,,,,,,,,,,,,,,,,,,,,,,,,,,,,,,,,,,,,,,,,,,,,,,,,,,,,,,,,,,,,,,,,,,,,,,,,,,,,,,,,,,,,,,,,,,,,,,,,,,,,,,,,,,,,,,,,,,,,,,,,,,,,,,,,,,,,,,,,,,,,,,,,,,,,,,,,,,,,,,,,,,,,,,,,,,,,,,,,,,,,,,,,,,,,,,,,,,,,,,,,,,,,,,,,,,,,,,,,,,,,,,,,,,,,,,,,,,,,,,,,,,,,,,,,,,,,,,,,,,,,,,,,,,,,,,,,,,,,,,,,,,,,,,,,,,,,,,,,,,,,,,,,,,,,,,,,,,,,,,,,,,,,,,,,,,,,,,,,,,,,,,,,,,,,,,,,,,,,,,,,,,,,,,,,,,,,,,,,,,,,
2026040821,,,,,,,,,,,,,,,,,,,,,,,,,,,,,,,,,0.0,,,,,,,,,,,,,,,,,,,,,,,,,,,,,,,,,,,,,,,,,,,,,,,,,,,,,,,,,,,,,,,,,,,,,,,,,,,,,,,,,,,,,,,,,,,,,,,,,,,,,,,,,,,,,,,,,,,,,,,,,,,,,,,,,,276.72,,,,,,,,,,,,,,,,,,,,,,,,,,,,,,,,,,,,,,,,,,,,,,,,,,,,,,,,,,,,,,,,,,,,,,,,,,,,,,,,,,,,,,,,,,,9.0,18.0,,,,,,,,,,,13.0,14.0,13.0,17.0,19.0,22.0,23.0,0.0,0.0,0.0,0.0,0.0,17.2,,267.23,2.83,,831.0,1.0,,,,,,,,,,,,,,,,,,,,,,,,,,,,,,,,,,,,,,,,,,,,,,,,,,,,,,9.999e+20,,,,,,,,,,,,,,,,,,,,,,,,,,,,,11.2,4.8,5.41274,6.70357,7.55967,7.67576,8.5694,9.11811,9.28667,10.1575,4.87376,10.6744,11.2496,11.9117,12.4471,13.3581,13.6277,14.322,15.4956,17.3184,19.2158,21.0474,11.227,4.22,45.0,16.0,9.0,2.0,0.0,0.0,0.0,67.0,,9.999e+20,9.999e+20,9.999e+20,9.999e+20,9.999e+20,,,,1464.0,,3.6,0.0,9.6,0.0,,41.0,6.4,1.6,2.8,1.5,5.0,11.2,13.2,14.8,1272.0,680.0,912.0,640.0,1200.0,1616.0,1848.0,2040.0,,,30.0,17.0,,,,,,,279.95,2.89,,,,,,,,,,,,,,,,,,,,,,,,,,,,,,,,,,,,,,,,,,,,,,,,,,,,,,,,,,,,,9.999e+20,320.0,4.6,320.0,4.9,,,,,,3.0,,,,,,,6739.0,320.0,320.0,320.0,,278.6,,,,,,,,,,,,,,,,,,,,,,,,,,,,,4.6,1.2,2.4,2.8,2.8,3.2,3.2,3.6,4.0,4.4,2.0,4.4,4.8,5.2,5.6,5.6,6.03318,6.47595,6.96338,7.93293,8.11188,10.3992,4.56672,2.12,0.0,0.0,0.0,0.0,65.0,0.0,33.0,3.0,5.5,6.0,
2026040822,,,,,,,,,,,,,,,,,,,,,,,,,,,,,,,,,0.0,,,,,,,,,,,,,,,,,,,,,,,,,,,,,,,,,,,,,,,,,,,,,,,,,,,,,,,,,,,,,,,,,,,,,,,,,,,,,,,,,,,,,,,,,,,,,,,,,,,,,,,,,,,,,,,,,,,,,,,,,,,,,,,,,,,,,,,,,,,,,,,,,,,,,,,,,,,,,,,,,,,,,,,,,,,,,,,,,,,,,,,,,,,,,,,,,,,,,,,,,,,,,,,,,,,,,,,,,,,,,,,,,,,,,,,,,,,,,,,,,,,,,,,,,,,,,,,,,,,,,,,,,,,,,,,,,,,,,,,,,,,,,,,,,,,,,,,,,,,,,,,,,,,,,,,,,,,,,,,,,,,,,,,,,,,,,,,,,,,,,,,,,,,,,,,,,,,,,,,,,,,,,,,,,,,,,,,,,,,,,,,,,,,,,,,,,,,,,,,,,,,,,,,,,,,,,,,,,,,,,,,,,,,,,,,,,,,,,,,,,,,,,,,,,,,,,,,,,,,,,,,,,,,,,,,,,,,,,,,,,,,,,,,,,,,,,,,,,,,,,,,,,,,,,,,,,,,,,,,,,,,,,,,,,,,,,,,,,,,,,,,,,,,,,,,,,,,,
2026040823,,,,,,,,,,,,,,,,,,,,,,,,,,,,,,,,,0.0,,,,,,,,,,,,,,,,,,,,,,,,,,,,,,,,,,,,,,,,,,,,,,,,,,,,,,,,,,,,,,,,,,,,,,,,,,,,,,,,,,,,,,,,,,,,,,,,,,,,,,,,,,,,,,,,,,,,,,,,,,,,,,,,,,,,,,,,,,,,,,,,,,,,,,,,,,,,,,,,,,,,,,,,,,,,,,,,,,,,,,,,,,,,,,,,,,,,,,,,,,,,,,,,,,,,,,,,,,,,,,,,,,,,,,,,,,,,,,,,,,,,,,,,,,,,,,,,,,,,,,,,,,,,,,,,,,,,,,,,,,,,,,,,,,,,,,,,,,,,,,,,,,,,,,,,,,,,,,,,,,,,,,,,,,,,,,,,,,,,,,,,,,,,,,,,,,,,,,,,,,,,,,,,,,,,,,,,,,,,,,,,,,,,,,,,,,,,,,,,,,,,,,,,,,,,,,,,,,,,,,,,,,,,,,,,,,,,,,,,,,,,,,,,,,,,,,,,,,,,,,,,,,,,,,,,,,,,,,,,,,,,,,,,,,,,,,,,,,,,,,,,,,,,,,,,,,,,,,,,,,,,,,,,,,,,,,,,,,,,,,,,,,,,,,,,,,,,
2026040900,0.584,0.0,0.0,0.0,0.0,0.0,0.0,0.0,0.0,0.0,0.0,0.0,0.0,0.0,0.0,0.0,0.0,0.232,0.872,1.773,3.416,9.423,20.0,0.0,1.0,0.0,0.0,7.0,0.0,0.0,2.0,0.0,0.0,,1.357,0.0,0.0,0.0,0.0,0.0,0.0,0.0,0.0,0.0,0.0,0.0,0.0,0.0,0.0,0.094,0.581,1.408,2.619,4.489,7.403,16.192,28.0,0.0,2.0,0.0,0.0,0.0,1.0,0.0,7.0,0.0,,,,,,,,,,,,,,,,,,,,,,,,,,,,,,,,,0.0,0.0,0.0,0.0,0.0,0.0,0.0,0.0,0.0,0.0,0.0,0.0,0.0,0.0,0.0,0.0,0.0,0.001,0.395,1.039,2.25,7.375,17.0,0.0,0.0,4.0,0.0,0.0,0.0,1.0,0.0,0.0,,,,,,,,,,,,,,,,,,,,,,,,,,,,,,,,,276.09,,,,,,,,,,,,,,,,,,,0.003,0.0,0.0,0.0,0.0,0.0,0.005,0.015,14.0,3.0,0.0,0.0,0.0,0.0,0.0,0.0,0.0,0.0,0.003,0.0,0.0,0.0,0.0,0.0,0.005,0.015,3.0,0.0,0.0,0.0,0.0,0.0,0.0,0.0,0.0,0.0,0.0,0.0,0.0,0.0,0.0,0.0,0.0,0.01,10.0,1.0,0.0,0.0,0.0,0.0,0.0,0.0,0.0,0.0,0.003,0.0,0.0,0.0,0.0,0.0,0.005,0.015,3.0,0.0,0.0,0.0,0.0,0.0,0.0,0.0,0.0,0.0,12.0,15.0,,,,,,,,,,,12.0,12.0,12.0,17.0,19.0,22.0,22.0,0.0,0.0,0.0,0.0,0.0,16.4,,268.96,2.87,,742.0,2.0,,0.0,0.0,0.0,0.0,0.0,0.0,0.0,0.0,0.0,0.0,0.0,0.0,0.0,0.0,0.0,0.0,0.0,0.0,0.0,0.0,0.0,0.0,0.0,0.0,0.0,0.0,0.0,0.0,0.0,0.0,0.0,0.0,0.0,0.0,0.0,0.0,0.0,0.0,0.0,0.0,0.0,0.0,0.0,0.0,0.0,0.0,0.0,0.0,0.0,0.0,0.0,21.0,9.999e+20,,,,,,,,,,,,,,,,,,,,,,,,,,,,,11.4,4.4,5.6,6.4,7.2,7.41519,7.71027,8.71914,9.637,10.1751,4.8,10.6426,11.9634,12.1239,12.6315,13.5774,14.1078,14.6746,16.1366,17.5917,19.3928,22.3497,11.0405,4.52,48.0,16.0,10.0,2.0,0.0,0.0,0.0,63.0,3.0,9.999e+20,9.999e+20,9.999e+20,9.999e+20,9.999e+20,,,,1616.0,0.0,3.6,0.0,10.8,0.0,,47.0,6.0,1.3,2.6,0.9,4.8,9.1,13.2,13.9,1392.0,784.0,1016.0,712.0,1352.0,1776.0,1960.0,2120.0,,,48.0,27.0,,280.84,3.12,,,,279.34,2.86,,,,,,,,,,,,,,,,,,,,,,,,,,,,,,,,,,,,,,,,,,,,,,,,,,,,,,,,,,,,,9.999e+20,310.0,4.9,320.0,4.9,0.0,2.0,,,2.0,2.0,,,,,,,7612.0,310.0,310.0,310.0,,276.9,,,,,,,,,,,,,,,,,,,,,,,,,,,,,4.9,1.6,2.4,2.4,2.8,3.2,3.2,3.6,4.0,4.4,2.0,4.8,5.2,5.2,5.6,6.0,6.0,6.4,7.2,7.6,8.4,11.0392,4.87298,2.22,0.0,0.0,0.0,0.0,65.0,0.0,35.0,3.0,5.3,6.1,
2026040901,,,,,,,,,,,,,,,,,,,,,,,,,,,,,,,,,0.0,,,,,,,,,,,,,,,,,,,,,,,,,,,,,,,,,,,,,,,,,,,,,,,,,,,,,,,,,,,,,,,,,,,,,,,,,,,,,,,,,,,,,,,,,,,,,,,,,,,,,,,,,,,,,,,,,,,,,,,,,,,,,,,,,,,,,,,,,,,,,,,,,,,,,,,,,,,,,,,,,,,,,,,,,,,,,,,,,,,,,,,,,,,,,,,,,,,,,,,,,,,,,,,,,,,,,,,,,,,,,,,,,,,,,,,,,,,,,,,,,,,,,,,,,,,,,,,,,,,,,,,,,,,,,,,,,,,,,,,,,,,,,,,,,,,,,,,,,,,,,,,,,,,,,,,,,,,,,,,,,,,,,,,,,,,,,,,,,,,,,,,,,,,,,,,,,,,,,,,,,,,,,,,,,,,,,,,,,,,,,,,,,,,,,,,,,,,,,,,,,,,,,,,,,,,,,,,,,,,,,,,,,,,,,,,,,,,,,,,,,,,,,,,,,,,,,,,,,,,,,,,,,,,,,,,,,,,,,,,,,,,,,,,,,,,,,,,,,,,,,,,,,,,,,,,,,,,,,,,,,,,,,,,,,,,,,,,,,,,,,,,,,,,,,,,,,,,,
2026040902,,,,,,,,,,,,,,,,,,,,,,,,,,,,,,,,,0.0,,,,,,,,,,,,,,,,,,,,,,,,,,,,,,,,,,,,,,,,,,,,,,,,,,,,,,,,,,,,,,,,,,,,,,,,,,,,,,,,,,,,,,,,,,,,,,,,,,,,,,,,,,,,,,,,,,,,,,,,,,,,,,,,,,,,,,,,,,,,,,,,,,,,,,,,,,,,,,,,,,,,,,,,,,,,,,,,,,,,,,,,,,,,,,,,,,,,,,,,,,,,,,,,,,,,,,,,,,,,,,,,,,,,,,,,,,,,,,,,,,,,,,,,,,,,,,,,,,,,,,,,,,,,,,,,,,,,,,,,,,,,,,,,,,,,,,,,,,,,,,,,,,,,,,,,,,,,,,,,,,,,,,,,,,,,,,,,,,,,,,,,,,,,,,,,,,,,,,,,,,,,,,,,,,,,,,,,,,,,,,,,,,,,,,,,,,,,,,,,,,,,,,,,,,,,,,,,,,,,,,,,,,,,,,,,,,,,,,,,,,,,,,,,,,,,,,,,,,,,,,,,,,,,,,,,,,,,,,,,,,,,,,,,,,,,,,,,,,,,,,,,,,,,,,,,,,,,,,,,,,,,,,,,,,,,,,,,,,,,,,,,,,,,,,,,,,,,
2026040903,,,,,,,,,,,,,,,,,,,,,,,,,,,,,,,,,0.0,,,,,,,,,,,,,,,,,,,,,,,,,,,,,,,,,,,,,,,,,,,,,,,,,,,,,,,,,,,,,,,,,,,,,,,,,,,,,,,,,,,,,,,,,,,,,,,,,,,,,,,,,,,,,,,,,,,,,,,,,,,,,,,,,,271.84,,,,,,,,,,,,,,,,,,,,,,,,,,,,,,,,,,,,,,,,,,,,,,,,,,,,,,,,,,,,,,,,,,,,,,,,,,,,,,,,,,,,,,,,,,,3.0,4.0,,,,,,,,,,,10.0,12.0,10.0,16.0,20.0,21.0,22.0,0.0,0.0,0.0,0.0,0.0,15.8,,269.97,2.14,,142.0,2.0,,,,,,,,,,,,,,,,,,,,,,,,,,,,,,,,,,,,,,,,,,,,,,,,,,,,,,9.999e+20,,,,,,,,,,,,,,,,,,,,,,,,,,,,,8.9,2.4,4.4,4.8,5.6,6.12109,6.44414,6.87747,7.7415,8.1778,4.0,8.26266,8.73185,9.2384,10.1283,11.0012,11.5167,12.0734,13.0203,14.8189,16.7913,19.8966,8.93091,4.0,28.0,8.0,4.0,0.0,0.0,0.0,0.0,45.0,,9.999e+20,9.999e+20,9.999e+20,9.999e+20,9.999e+20,,,,272.0,,2.4,0.0,8.4,1.2,,67.0,6.8,1.8,3.1,1.3,5.7,11.9,14.2,14.7,1328.0,736.0,936.0,624.0,1336.0,1656.0,1888.0,1984.0,,,52.0,24.0,,,,,,,275.76,2.12,,,,,,,,,,,,,,,,,,,,,,,,,,,,,,,,,,,,,,,,,,,,,,,,,,,,,,,,,,,,,9.999e+20,30.0,4.0,110.0,4.9,,,,,,0.0,,,,,,,1135.0,30.0,30.0,30.0,,274.1,,,,,,,,,,,,,,,,,,,,,,,,,,,,,4.0,0.8,1.6,1.6,2.0,2.4,2.8,2.8,3.2,3.2,0.8,3.6,3.6,4.0,4.4,4.4,4.8,5.2,5.6,6.4,7.2,9.64578,3.63769,1.92,0.0,0.0,0.0,0.0,48.0,0.0,15.0,2.0,4.4,4.8,
2026040904,,,,,,,,,,,,,,,,,,,,,,,,,,,,,,,,,0.0,,,,,,,,,,,,,,,,,,,,,,,,,,,,,,,,,,,,,,,,,,,,,,,,,,,,,,,,,,,,,,,,,,,,,,,,,,,,,,,,,,,,,,,,,,,,,,,,,,,,,,,,,,,,,,,,,,,,,,,,,,,,,,,,,,,,,,,,,,,,,,,,,,,,,,,,,,,,,,,,,,,,,,,,,,,,,,,,,,,,,,,,,,,,,,,,,,,,,,,,,,,,,,,,,,,,,,,,,,,,,,,,,,,,,,,,,,,,,,,,,,,,,,,,,,,,,,,,,,,,,,,,,,,,,,,,,,,,,,,,,,,,,,,,,,,,,,,,,,,,,,,,,,,,,,,,,,,,,,,,,,,,,,,,,,,,,,,,,,,,,,,,,,,,,,,,,,,,,,,,,,,,,,,,,,,,,,,,,,,,,,,,,,,,,,,,,,,,,,,,,,,,,,,,,,,,,,,,,,,,,,,,,,,,,,,,,,,,,,,,,,,,,,,,,,,,,,,,,,,,,,,,,,,,,,,,,,,,,,,,,,,,,,,,,,,,,,,,,,,,,,,,,,,,,,,,,,,,,,,,,,,,,,,,,,,,,,,,,,,,,,,,,,,,,,,,,,,,
2026040905,,,,,,,,,,,,,,,,,,,,,,,,,,,,,,,,,0.0,,,,,,,,,,,,,,,,,,,,,,,,,,,,,,,,,,,,,,,,,,,,,,,,,,,,,,,,,,,,,,,,,,,,,,,,,,,,,,,,,,,,,,,,,,,,,,,,,,,,,,,,,,,,,,,,,,,,,,,,,,,,,,,,,,,,,,,,,,,,,,,,,,,,,,,,,,,,,,,,,,,,,,,,,,,,,,,,,,,,,,,,,,,,,,,,,,,,,,,,,,,,,,,,,,,,,,,,,,,,,,,,,,,,,,,,,,,,,,,,,,,,,,,,,,,,,,,,,,,,,,,,,,,,,,,,,,,,,,,,,,,,,,,,,,,,,,,,,,,,,,,,,,,,,,,,,,,,,,,,,,,,,,,,,,,,,,,,,,,,,,,,,,,,,,,,,,,,,,,,,,,,,,,,,,,,,,,,,,,,,,,,,,,,,,,,,,,,,,,,,,,,,,,,,,,,,,,,,,,,,,,,,,,,,,,,,,,,,,,,,,,,,,,,,,,,,,,,,,,,,,,,,,,,,,,,,,,,,,,,,,,,,,,,,,,,,,,,,,,,,,,,,,,,,,,,,,,,,,,,,,,,,,,,,,,,,,,,,,,,,,,,,,,,,,,,,,,,
2026040906,0.725,0.0,0.0,0.0,0.0,0.0,0.0,0.0,0.0,0.0,0.0,0.0,0.0,0.0,0.0,0.0,0.045,0.552,1.203,2.431,4.505,10.819,23.0,0.0,0.0,0.0,0.0,10.0,0.0,0.0,3.0,0.0,0.0,,,,,,,,,,,,,,,,,,,,,,,,,,,,,,,,,,,,,,,,,,,,,,,,,,,,,,,,,,,,,,,,,,0.0,0.0,0.0,0.0,0.0,0.0,0.0,0.0,0.0,0.0,0.0,0.0,0.0,0.0,0.0,0.0,0.0,0.0,0.235,0.807,2.305,5.38,15.0,0.0,0.0,4.0,0.0,0.0,0.0,1.0,0.0,0.0,,,,,,,,,,,,,,,,,,,,,,,,,,,,,,,,,269.63,,,,,,,,,,,,,,,,,,,0.003,,,,,,,,,,,,,,,,,,0.003,,,,,,,,,,,,,,,,,,0.003,0.0,0.0,0.0,0.0,0.0,0.0,0.008,9.0,3.0,0.0,0.0,0.0,0.0,0.0,0.0,0.0,0.0,0.003,,,,,,,,,,,,,,,,,,1.0,2.0,,,,,,,,,,,10.0,14.0,10.0,16.0,20.0,21.0,21.0,0.0,0.0,0.0,0.0,0.0,15.8,,269.62,1.95,,71.0,3.0,,0.0,,,,,,,,,,,,,,,,,,,,,,,,,0.0,0.0,0.0,0.0,0.0,0.0,0.0,0.0,0.0,0.0,0.0,0.0,0.0,0.0,,,,,,,,,,,,,20.2,9.999e+20,17.3121,9.76408,11.6396,12.3716,12.9683,13.6521,14.0645,14.5111,15.6602,16.6918,11.1217,17.3584,18.0305,18.2448,18.8384,19.7602,20.2688,21.164,22.4617,23.4999,24.6939,28.2687,92.0,48.0,23.0,7.0,1.0,0.0,8.0,2.4,4.0,4.0,4.4,4.8,5.2,5.6,6.0,6.8,3.2,7.2,7.60305,8.06143,8.98022,9.5045,10.4563,10.9966,12.5826,13.2857,14.1493,17.2314,8.00655,3.7,19.0,2.0,1.0,0.0,0.0,0.0,0.0,36.0,3.0,9.999e+20,9.999e+20,9.999e+20,9.999e+20,9.999e+20,,,41.0,232.0,,2.4,0.0,8.4,1.2,,76.0,7.6,2.1,3.5,1.7,6.3,12.7,15.2,15.9,1208.0,600.0,824.0,528.0,1224.0,1560.0,1776.0,1920.0,,,38.0,23.0,,,,,,3.49605,273.31,1.94,279.454,272.754,274.701,275.571,276.306,276.505,276.749,277.495,278.166,278.267,273.876,278.696,278.885,279.674,280.096,280.512,281.237,282.06,282.794,285.052,286.478,287.879,0.0,0.0,2.0,0.0,0.0,0.0,0.0,0.0,,,,,,,,,,,,,,,,,,,,,,,,,,,,,,,9.999e+20,70.0,3.2,90.0,5.3,,2.0,,,2.0,0.0,,,,,,,1022.0,70.0,70.0,70.0,,271.9,8.26738,4.4,5.6,5.6,6.0,6.21198,6.79024,6.84507,7.31161,7.76262,4.8,8.19768,8.25904,8.69222,8.76988,9.24419,9.74234,10.2625,10.7489,11.2872,12.3577,14.2676,11.0,0.0,0.0,0.0,86.0,36.0,3.2,0.8,1.2,1.6,1.6,1.6,2.0,2.4,2.4,2.8,0.8,3.2,3.2,3.2,3.6,4.0,4.4,4.8,5.2,6.0,6.4,7.83822,3.22245,1.9,0.0,0.0,0.0,0.0,38.0,0.0,12.0,1.0,3.6,4.0,
2026040907,,,,,,,,,,,,,,,,,,,,,,,,,,,,,,,,,0.0,,,,,,,,,,,,,,,,,,,,,,,,,,,,,,,,,,,,,,,,,,,,,,,,,,,,,,,,,,,,,,,,,,,,,,,,,,,,,,,,,,,,,,,,,,,,,,,,,,,,,,,,,,,,,,,,,,,,,,,,,,,,,,,,,,,,,,,,,,,,,,,,,,,,,,,,,,,,,,,,,,,,,,,,,,,,,,,,,,,,,,,,,,,,,,,,,,,,,,,,,,,,,,,,,,,,,,,,,,,,,,,,,,,,,,,,,,,,,,,,,,,,,,,,,,,,,,,,,,,,,,,,,,,,,,,,,,,,,,,,,,,,,,,,,,,,,,,,,,,,,,,,,,,,,,,,,,,,,,,,,,,,,,,,,,,,,,,,,,,,,,,,,,,,,,,,,,,,,,,,,,,,,,,,,,,,,,,,,,,,,,,,,,,,,,,,,,,,,,,,,,,,,,,,,,,,,,,,,,,,,,,,,,,,,,,,,,,,,,,,,,,,,,,,,,,,,,,,,,,,,,,,,,,,,,,,,,,,,,,,,,,,,,,,,,,,,,,,,,,,,,,,,,,,,,,,,,,,,,,,,,,,,,,,,,,,,,,,,,,,,,,,,,,,,,,,,,,,
2026040908,,,,,,,,,,,,,,,,,,,,,,,,,,,,,,,,,0.0,,,,,,,,,,,,,,,,,,,,,,,,,,,,,,,,,,,,,,,,,,,,,,,,,,,,,,,,,,,,,,,,,,,,,,,,,,,,,,,,,,,,,,,,,,,,,,,,,,,,,,,,,,,,,,,,,,,,,,,,,,,,,,,,,,,,,,,,,,,,,,,,,,,,,,,,,,,,,,,,,,,,,,,,,,,,,,,,,,,,,,,,,,,,,,,,,,,,,,,,,,,,,,,,,,,,,,,,,,,,,,,,,,,,,,,,,,,,,,,,,,,,,,,,,,,,,,,,,,,,,,,,,,,,,,,,,,,,,,,,,,,,,,,,,,,,,,,,,,,,,,,,,,,,,,,,,,,,,,,,,,,,,,,,,,,,,,,,,,,,,,,,,,,,,,,,,,,,,,,,,,,,,,,,,,,,,,,,,,,,,,,,,,,,,,,,,,,,,,,,,,,,,,,,,,,,,,,,,,,,,,,,,,,,,,,,,,,,,,,,,,,,,,,,,,,,,,,,,,,,,,,,,,,,,,,,,,,,,,,,,,,,,,,,,,,,,,,,,,,,,,,,,,,,,,,,,,,,,,,,,,,,,,,,,,,,,,,,,,,,,,,,,,,,,,,,,,,,
2026040909,,,,,,,,,,,,,,,,,,,,,,,,,,,,,,,,,0.0,,,,,,,,,,,,,,,,,,,,,,,,,,,,,,,,,,,,,,,,,,,,,,,,,,,,,,,,,,,,,,,,,,,,,,,,,,,,,,,,,,,,,,,,,,,,,,,,,,,,,,,,,,,,,,,,,,,,,,,,,,,,,,,,,,268.3,,,,,,,,,,,,,,,,,,,,,,,,,,,,,,,,,,,,,,,,,,,,,,,,,,,,,,,,,,,,,,,,,,,,,,,,,,,,,,,,,,,,,,,,,,,1.0,2.0,,,,,,,,,,,12.0,13.0,12.0,16.0,19.0,22.0,22.0,0.0,0.0,0.0,0.0,0.0,16.2,,268.85,2.25,,0.0,2.0,,,,,,,,,,,,,,,,,,,,,,,,,,,,,,,,,,,,,,,,,,,,,,,,,,,,,,9.999e+20,,,,,,,,,,,,,,,,,,,,,,,,,,,,,7.4,2.8,4.4,4.4,4.8,5.2,5.2,5.6,6.0,6.0,3.6,6.4,6.8,7.6,8.06836,8.93198,9.80794,10.6971,11.2495,11.516,13.8356,16.767,7.42477,3.32,16.0,2.0,1.0,0.0,0.0,0.0,0.0,31.0,,9.999e+20,9.999e+20,9.999e+20,9.999e+20,9.999e+20,,,,184.0,,3.6,0.0,4.8,0.0,,79.0,8.2,2.3,3.9,2.2,7.6,13.5,15.5,16.3,1104.0,528.0,712.0,424.0,1080.0,1424.0,1720.0,1800.0,,,38.0,25.0,,,,,,,272.07,2.29,,,,,,,,,,,,,,,,,,,,,,,,,,,,,,,,,,,,,,,,,,,,,,,,,,,,,,,,,,,,,9.999e+20,60.0,3.2,90.0,5.2,,,,,,0.0,,,,,,,809.0,60.0,60.0,60.0,,271.6,,,,,,,,,,,,,,,,,,,,,,,,,,,,,3.2,0.8,1.2,1.6,1.6,2.0,2.0,2.4,2.4,2.8,0.8,2.8,2.8,3.2,3.6,3.6,4.0,4.4,4.8,5.2,6.4,8.0,3.21649,1.7,0.0,0.0,0.0,0.0,33.0,0.0,7.0,0.0,3.6,4.0,
2026040910,,,,,,,,,,,,,,,,,,,,,,,,,,,,,,,,,0.0,,,,,,,,,,,,,,,,,,,,,,,,,,,,,,,,,,,,,,,,,,,,,,,,,,,,,,,,,,,,,,,,,,,,,,,,,,,,,,,,,,,,,,,,,,,,,,,,,,,,,,,,,,,,,,,,,,,,,,,,,,,,,,,,,,,,,,,,,,,,,,,,,,,,,,,,,,,,,,,,,,,,,,,,,,,,,,,,,,,,,,,,,,,,,,,,,,,,,,,,,,,,,,,,,,,,,,,,,,,,,,,,,,,,,,,,,,,,,,,,,,,,,,,,,,,,,,,,,,,,,,,,,,,,,,,,,,,,,,,,,,,,,,,,,,,,,,,,,,,,,,,,,,,,,,,,,,,,,,,,,,,,,,,,,,,,,,,,,,,,,,,,,,,,,,,,,,,,,,,,,,,,,,,,,,,,,,,,,,,,,,,,,,,,,,,,,,,,,,,,,,,,,,,,,,,,,,,,,,,,,,,,,,,,,,,,,,,,,,,,,,,,,,,,,,,,,,,,,,,,,,,,,,,,,,,,,,,,,,,,,,,,,,,,,,,,,,,,,,,,,,,,,,,,,,,,,,,,,,,,,,,,,,,,,,,,,,,,,,,,,,,,,,,,,,,,,,,,
2026040911,,,,,,,,,,,,,,,,,,,,,,,,,,,,,,,,,0.0,,,,,,,,,,,,,,,,,,,,,,,,,,,,,,,,,,,,,,,,,,,,,,,,,,,,,,,,,,,,,,,,,,,,,,,,,,,,,,,,,,,,,,,,,,,,,,,,,,,,,,,,,,,,,,,,,,,,,,,,,,,,,,,,,,,,,,,,,,,,,,,,,,,,,,,,,,,,,,,,,,,,,,,,,,,,,,,,,,,,,,,,,,,,,,,,,,,,,,,,,,,,,,,,,,,,,,,,,,,,,,,,,,,,,,,,,,,,,,,,,,,,,,,,,,,,,,,,,,,,,,,,,,,,,,,,,,,,,,,,,,,,,,,,,,,,,,,,,,,,,,,,,,,,,,,,,,,,,,,,,,,,,,,,,,,,,,,,,,,,,,,,,,,,,,,,,,,,,,,,,,,,,,,,,,,,,,,,,,,,,,,,,,,,,,,,,,,,,,,,,,,,,,,,,,,,,,,,,,,,,,,,,,,,,,,,,,,,,,,,,,,,,,,,,,,,,,,,,,,,,,,,,,,,,,,,,,,,,,,,,,,,,,,,,,,,,,,,,,,,,,,,,,,,,,,,,,,,,,,,,,,,,,,,,,,,,,,,,,,,,,,,,,,,,,,,,,,,
2026040912,0.444,0.0,0.0,0.0,0.0,0.0,0.0,0.0,0.0,0.0,0.0,0.0,0.0,0.0,0.0,0.0,0.0,0.0,0.49,1.375,3.275,6.753,17.0,0.0,0.0,0.0,0.0,7.0,0.0,0.0,1.0,0.0,0.0,,1.4,0.0,0.0,0.0,0.0,0.0,0.0,0.0,0.0,0.0,0.0,0.0,0.0,0.0,0.0,0.0,0.393,1.254,2.638,5.003,7.959,16.577,26.0,0.0,2.0,0.0,0.0,0.0,0.0,0.0,7.0,0.0,2.09,0.0,0.0,0.0,0.0,0.0,0.0,0.0,0.0,0.0,0.0,0.0,0.0,0.0,0.337,0.993,1.798,3.099,4.991,7.325,10.457,18.471,3.0,0.0,21.0,0.0,1.0,0.0,0.0,0.0,0.0,0.0,0.0,0.0,0.0,0.0,0.0,0.0,0.0,0.0,0.0,0.0,0.0,0.0,0.0,0.0,0.0,0.0,0.0,0.0,0.0,0.0,0.514,3.519,7.0,0.0,0.0,1.0,0.0,0.0,0.0,0.0,0.0,0.0,2.354,0.0,0.0,0.0,0.0,0.0,0.0,0.0,0.0,0.0,0.0,0.0,0.0,0.0,0.514,1.351,2.22,3.682,5.609,7.829,11.412,23.246,0.0,0.0,1.0,0.0,0.0,0.0,0.0,13.0,0.0,0.0,266.96,,,,,,,,,,,,,,,,,,,0.003,0.0,0.0,0.0,0.0,0.0,0.01,0.018,15.0,4.0,2.0,0.0,0.0,0.0,0.0,0.0,0.0,0.0,0.005,0.0,0.0,0.0,0.0,0.0,0.013,0.018,5.0,2.0,0.0,0.0,0.0,0.0,0.0,0.0,0.0,0.0,0.0,0.0,0.0,0.0,0.0,0.0,0.0,0.0,6.0,0.0,0.0,0.0,0.0,0.0,0.0,0.0,0.0,0.0,0.005,0.0,0.0,0.0,0.0,0.0,0.013,0.018,5.0,0.0,0.0,0.0,0.0,0.0,0.0,0.0,0.0,0.0,1.0,3.0,,,,,,,,,,,12.0,14.0,12.0,15.0,19.0,21.0,22.0,0.0,0.0,0.0,0.0,0.0,16.5,,267.95,2.57,,0.0,2.0,,0.0,0.0,0.0,0.0,0.0,0.0,0.0,0.0,0.0,0.0,0.0,0.0,0.0,0.0,0.0,0.0,0.0,0.0,0.0,0.0,0.0,0.0,0.0,0.0,0.0,0.0,0.0,0.0,0.0,0.0,0.0,0.0,0.0,0.0,0.0,0.0,0.0,0.0,0.0,0.0,0.0,0.0,0.0,0.0,0.0,0.0,0.0,0.0,0.0,0.0,0.0,8.0,9.999e+20,,,,,,,,,,,,,,,,,,,,,,,,,,,,,7.31,3.2,4.4,4.8,4.8,4.8,5.2,5.6,6.0,6.4,3.6,6.4,7.2,8.0,8.0349,8.89964,9.33559,9.78854,10.37,10.8573,12.5501,15.8053,7.34838,2.92,10.0,2.0,0.0,0.0,0.0,0.0,0.0,31.0,3.0,9.999e+20,9.999e+20,9.999e+20,9.999e+20,9.999e+20,,,,176.0,0.0,3.6,0.0,4.8,0.0,,78.0,8.7,2.7,4.2,2.2,8.3,13.5,15.6,16.5,1008.0,472.0,616.0,400.0,992.0,1384.0,1632.0,1688.0,,,35.0,23.0,,,,270.65,2.64,,271.1,2.58,,,,,,,,,,,,,,,,,,,,,,,,,,,,,,,,,,,,,,,,,,,,,,,,,,,,,,,,,,,,,9.999e+20,360.0,3.2,80.0,5.6,1.0,2.0,,,1.0,1.0,,,,,,,776.0,360.0,360.0,360.0,,270.9,,,,,,,,,,,,,,,,,,,,,,,,,,,,,3.2,0.8,1.2,1.6,1.6,2.0,2.0,2.4,2.4,2.4,1.2,2.8,3.2,3.2,3.6,3.6,4.0,4.4,4.8,5.2,6.0,7.86083,3.21058,1.62,0.0,0.0,0.0,0.0,32.0,0.0,7.0,0.0,3.6,4.0,
2026040913,,,,,,,,,,,,,,,,,,,,,,,,,,,,,,,,,0.0,,,,,,,,,,,,,,,,,,,,,,,,,,,,,,,,,,,,,,,,,,,,,,,,,,,,,,,,,,,,,,,,,,,,,,,,,,,,,,,,,,,,,,,,,,,,,,,,,,,,,,,,,,,,,,,,,,,,,,,,,,,,,,,,,,,,,,,,,,,,,,,,,,,,,,,,,,,,,,,,,,,,,,,,,,,,,,,,,,,,,,,,,,,,,,,,,,,,,,,,,,,,,,,,,,,,,,,,,,,,,,,,,,,,,,,,,,,,,,,,,,,,,,,,,,,,,,,,,,,,,,,,,,,,,,,,,,,,,,,,,,,,,,,,,,,,,,,,,,,,,,,,,,,,,,,,,,,,,,,,,,,,,,,,,,,,,,,,,,,,,,,,,,,,,,,,,,,,,,,,,,,,,,,,,,,,,,,,,,,,,,,,,,,,,,,,,,,,,,,,,,,,,,,,,,,,,,,,,,,,,,,,,,,,,,,,,,,,,,,,,,,,,,,,,,,,,,,,,,,,,,,,,,,,,,,,,,,,,,,,,,,,,,,,,,,,,,,,,,,,,,,,,,,,,,,,,,,,,,,,,,,,,,,,,,,,,,,,,,,,,,,,,,,,,,,,,,,,
2026040914,,,,,,,,,,,,,,,,,,,,,,,,,,,,,,,,,0.0,,,,,,,,,,,,,,,,,,,,,,,,,,,,,,,,,,,,,,,,,,,,,,,,,,,,,,,,,,,,,,,,,,,,,,,,,,,,,,,,,,,,,,,,,,,,,,,,,,,,,,,,,,,,,,,,,,,,,,,,,,,,,,,,,,,,,,,,,,,,,,,,,,,,,,,,,,,,,,,,,,,,,,,,,,,,,,,,,,,,,,,,,,,,,,,,,,,,,,,,,,,,,,,,,,,,,,,,,,,,,,,,,,,,,,,,,,,,,,,,,,,,,,,,,,,,,,,,,,,,,,,,,,,,,,,,,,,,,,,,,,,,,,,,,,,,,,,,,,,,,,,,,,,,,,,,,,,,,,,,,,,,,,,,,,,,,,,,,,,,,,,,,,,,,,,,,,,,,,,,,,,,,,,,,,,,,,,,,,,,,,,,,,,,,,,,,,,,,,,,,,,,,,,,,,,,,,,,,,,,,,,,,,,,,,,,,,,,,,,,,,,,,,,,,,,,,,,,,,,,,,,,,,,,,,,,,,,,,,,,,,,,,,,,,,,,,,,,,,,,,,,,,,,,,,,,,,,,,,,,,,,,,,,,,,,,,,,,,,,,,,,,,,,,,,,,,,,,
2026040915,,,,,,,,,,,,,,,,,,,,,,,,,,,,,,,,,0.0,,,,,,,,,,,,,,,,,,,,,,,,,,,,,,,,,,,,,,,,,,,,,,,,,,,,,,,,,,,,,,,,,,,,,,,,,,,,,,,,,,,,,,,,,,,,,,,,,,,,,,,,,,,,,,,,,,,,,,,,,,,,,,,,,,269.11,,,,,,,,,,,,,,,,,,,,,,,,,,,,,,,,,,,,,,,,,,,,,,,,,,,,,,,,,,,,,,,,,,,,,,,,,,,,,,,,,,,,,,,,,,,1.0,3.0,,,,,,,,,,,11.0,14.0,11.0,15.0,19.0,22.0,22.0,0.0,0.0,0.0,0.0,0.0,16.1,,267.36,2.55,,48.0,1.0,,,,,,,,,,,,,,,,,,,,,,,,,,,,,,,,,,,,,,,,,,,,,,,,,,,,,,9.999e+20,,,,,,,,,,,,,,,,,,,,,,,,,,,,,7.5,3.2,4.4,4.8,5.2,5.6,5.6,6.0,6.8,7.2,3.6,7.6,7.6,7.65236,8.13562,9.05605,9.13585,9.68287,10.7452,11.3173,11.9909,15.475,7.48953,2.7,8.0,2.0,0.0,0.0,0.0,0.0,0.0,32.0,,9.999e+20,9.999e+20,9.999e+20,9.999e+20,9.999e+20,,,,536.0,,1.2,0.0,9.6,0.0,,67.0,8.6,2.6,4.1,2.0,7.9,12.8,15.7,16.4,992.0,448.0,640.0,384.0,960.0,1304.0,1560.0,1696.0,,,27.0,21.0,,,,,,,272.87,2.58,,,,,,,,,,,,,,,,,,,,,,,,,,,,,,,,,,,,,,,,,,,,,,,,,,,,,,,,,,,,,9.999e+20,270.0,3.2,130.0,4.2,,,,,,0.0,,,,,,,2052.0,270.0,270.0,270.0,,271.9,,,,,,,,,,,,,,,,,,,,,,,,,,,,,3.2,0.8,1.2,1.6,2.0,2.0,2.0,2.4,2.4,2.8,1.2,3.2,3.2,3.2,3.6,3.6,4.0,4.4,4.8,4.8,6.0,7.15516,3.22683,1.5,0.0,0.0,0.0,0.0,35.0,0.0,7.0,0.0,3.6,4.0,
2026040916,,,,,,,,,,,,,,,,,,,,,,,,,,,,,,,,,0.0,,,,,,,,,,,,,,,,,,,,,,,,,,,,,,,,,,,,,,,,,,,,,,,,,,,,,,,,,,,,,,,,,,,,,,,,,,,,,,,,,,,,,,,,,,,,,,,,,,,,,,,,,,,,,,,,,,,,,,,,,,,,,,,,,,,,,,,,,,,,,,,,,,,,,,,,,,,,,,,,,,,,,,,,,,,,,,,,,,,,,,,,,,,,,,,,,,,,,,,,,,,,,,,,,,,,,,,,,,,,,,,,,,,,,,,,,,,,,,,,,,,,,,,,,,,,,,,,,,,,,,,,,,,,,,,,,,,,,,,,,,,,,,,,,,,,,,,,,,,,,,,,,,,,,,,,,,,,,,,,,,,,,,,,,,,,,,,,,,,,,,,,,,,,,,,,,,,,,,,,,,,,,,,,,,,,,,,,,,,,,,,,,,,,,,,,,,,,,,,,,,,,,,,,,,,,,,,,,,,,,,,,,,,,,,,,,,,,,,,,,,,,,,,,,,,,,,,,,,,,,,,,,,,,,,,,,,,,,,,,,,,,,,,,,,,,,,,,,,,,,,,,,,,,,,,,,,,,,,,,,,,,,,,,,,,,,,,,,,,,,,,,,,,,,,,,,,,,
2026040917,,,,,,,,,,,,,,,,,,,,,,,,,,,,,,,,,0.0,,,,,,,,,,,,,,,,,,,,,,,,,,,,,,,,,,,,,,,,,,,,,,,,,,,,,,,,,,,,,,,,,,,,,,,,,,,,,,,,,,,,,,,,,,,,,,,,,,,,,,,,,,,,,,,,,,,,,,,,,,,,,,,,,,,,,,,,,,,,,,,,,,,,,,,,,,,,,,,,,,,,,,,,,,,,,,,,,,,,,,,,,,,,,,,,,,,,,,,,,,,,,,,,,,,,,,,,,,,,,,,,,,,,,,,,,,,,,,,,,,,,,,,,,,,,,,,,,,,,,,,,,,,,,,,,,,,,,,,,,,,,,,,,,,,,,,,,,,,,,,,,,,,,,,,,,,,,,,,,,,,,,,,,,,,,,,,,,,,,,,,,,,,,,,,,,,,,,,,,,,,,,,,,,,,,,,,,,,,,,,,,,,,,,,,,,,,,,,,,,,,,,,,,,,,,,,,,,,,,,,,,,,,,,,,,,,,,,,,,,,,,,,,,,,,,,,,,,,,,,,,,,,,,,,,,,,,,,,,,,,,,,,,,,,,,,,,,,,,,,,,,,,,,,,,,,,,,,,,,,,,,,,,,,,,,,,,,,,,,,,,,,,,,,,,,,,,,
2026040918,0.296,0.0,0.0,0.0,0.0,0.0,0.0,0.0,0.0,0.0,0.0,0.0,0.0,0.0,0.0,0.0,0.0,0.0,0.001,0.472,1.762,5.958,12.0,0.0,0.0,0.0,0.0,3.0,0.0,0.0,1.0,0.0,0.0,,,,,,,,,,,,,,,,,,,,,,,,,,,,,,,,,,,,,,,,,,,,,,,,,,,,,,,,,,,,,,,,,,0.0,0.0,0.0,0.0,0.0,0.0,0.0,0.0,0.0,0.0,0.0,0.0,0.0,0.0,0.0,0.0,0.0,0.0,0.0,0.0,0.538,3.86,7.0,0.0,0.0,2.0,0.0,0.0,0.0,0.0,0.0,0.0,,,,,,,,,,,,,,,,,,,,,,,,,,,,,,,,,274.71,,,,,,,,,,,,,,,,,,,0.003,,,,,,,,,,,,,,,,,,0.005,,,,,,,,,,,,,,,,,,0.0,0.0,0.0,0.0,0.0,0.0,0.0,0.0,6.0,0.0,0.0,0.0,0.0,0.0,0.0,0.0,0.0,0.0,0.005,,,,,,,,,,,,,,,,,,4.0,11.0,,,,,,,,,,,13.0,15.0,13.0,16.0,17.0,22.0,22.0,0.0,0.0,0.0,0.0,0.0,16.6,,267.27,2.4,,277.0,1.0,,0.0,,,,,,,,,,,,,,,,,,,,,,,,,0.0,0.0,0.0,0.0,0.0,0.0,0.0,0.0,0.0,0.0,0.0,0.0,0.0,0.0,,,,,,,,,,,,,17.2,9.999e+20,,,,,,,,,,,,,,,,,,,,,,,,,,,,,8.9,3.6,4.8,5.6,6.1733,6.41906,6.90848,7.39274,7.45457,7.94532,4.4,8.10355,8.56124,9.11486,10.0376,10.633,11.2036,12.2876,13.0197,13.5346,16.4787,18.4748,9.26119,3.6,26.0,7.0,2.0,0.0,0.0,0.0,0.0,45.0,3.0,9.999e+20,9.999e+20,9.999e+20,9.999e+20,9.999e+20,,79.0,,1000.0,,2.4,0.0,10.8,0.0,,46.0,7.6,2.3,3.5,1.8,6.9,11.2,14.7,15.8,1104.0,488.0,784.0,376.0,1088.0,1464.0,1712.0,1824.0,,,15.0,14.0,,,,,,2.36954,278.03,2.4,,,,,,,,,,,,,,,,,,,,,,,,,,,,,,,270.689,265.363,267.744,268.29,268.937,268.954,269.106,269.595,269.601,270.081,267.039,270.37,270.701,271.038,271.383,272.035,272.746,273.052,273.385,274.594,274.974,276.881,0.0,0.0,0.0,0.0,0.0,56.0,82.0,0.0,9.999e+20,270.0,3.8,270.0,4.7,,1.0,,,1.0,2.0,,,,,,,4644.0,270.0,270.0,270.0,,276.7,,,,,,,,,,,,,,,,,,,,,,,,,,,,,3.8,1.2,1.6,2.0,2.4,2.4,2.8,2.8,3.2,3.6,1.6,3.6,3.6,4.0,4.0,4.4,4.8,5.2,5.6,6.0,7.05577,8.53915,3.77885,1.72,0.0,0.0,0.0,0.0,50.0,0.0,16.0,1.0,4.2,4.7,
2026040919,,,,,,,,,,,,,,,,,,,,,,,,,,,,,,,,,0.0,,,,,,,,,,,,,,,,,,,,,,,,,,,,,,,,,,,,,,,,,,,,,,,,,,,,,,,,,,,,,,,,,,,,,,,,,,,,,,,,,,,,,,,,,,,,,,,,,,,,,,,,,,,,,,,,,,,,,,,,,,,,,,,,,,,,,,,,,,,,,,,,,,,,,,,,,,,,,,,,,,,,,,,,,,,,,,,,,,,,,,,,,,,,,,,,,,,,,,,,,,,,,,,,,,,,,,,,,,,,,,,,,,,,,,,,,,,,,,,,,,,,,,,,,,,,,,,,,,,,,,,,,,,,,,,,,,,,,,,,,,,,,,,,,,,,,,,,,,,,,,,,,,,,,,,,,,,,,,,,,,,,,,,,,,,,,,,,,,,,,,,,,,,,,,,,,,,,,,,,,,,,,,,,,,,,,,,,,,,,,,,,,,,,,,,,,,,,,,,,,,,,,,,,,,,,,,,,,,,,,,,,,,,,,,,,,,,,,,,,,,,,,,,,,,,,,,,,,,,,,,,,,,,,,,,,,,,,,,,,,,,,,,,,,,,,,,,,,,,,,,,,,,,,,,,,,,,,,,,,,,,,,,,,,,,,,,,,,,,,,,,,,,,,,,,,,,,,
2026040920,,,,,,,,,,,,,,,,,,,,,,,,,,,,,,,,,0.0,,,,,,,,,,,,,,,,,,,,,,,,,,,,,,,,,,,,,,,,,,,,,,,,,,,,,,,,,,,,,,,,,,,,,,,,,,,,,,,,,,,,,,,,,,,,,,,,,,,,,,,,,,,,,,,,,,,,,,,,,,,,,,,,,,,,,,,,,,,,,,,,,,,,,,,,,,,,,,,,,,,,,,,,,,,,,,,,,,,,,,,,,,,,,,,,,,,,,,,,,,,,,,,,,,,,,,,,,,,,,,,,,,,,,,,,,,,,,,,,,,,,,,,,,,,,,,,,,,,,,,,,,,,,,,,,,,,,,,,,,,,,,,,,,,,,,,,,,,,,,,,,,,,,,,,,,,,,,,,,,,,,,,,,,,,,,,,,,,,,,,,,,,,,,,,,,,,,,,,,,,,,,,,,,,,,,,,,,,,,,,,,,,,,,,,,,,,,,,,,,,,,,,,,,,,,,,,,,,,,,,,,,,,,,,,,,,,,,,,,,,,,,,,,,,,,,,,,,,,,,,,,,,,,,,,,,,,,,,,,,,,,,,,,,,,,,,,,,,,,,,,,,,,,,,,,,,,,,,,,,,,,,,,,,,,,,,,,,,,,,,,,,,,,,,,,,,,,
2026040921,,,,,,,,,,,,,,,,,,,,,,,,,,,,,,,,,0.0,,,,,,,,,,,,,,,,,,,,,,,,,,,,,,,,,,,,,,,,,,,,,,,,,,,,,,,,,,,,,,,,,,,,,,,,,,,,,,,,,,,,,,,,,,,,,,,,,,,,,,,,,,,,,,,,,,,,,,,,,,,,,,,,,,277.73,,,,,,,,,,,,,,,,,,,,,,,,,,,,,,,,,,,,,,,,,,,,,,,,,,,,,,,,,,,,,,,,,,,,,,,,,,,,,,,,,,,,,,,,,,,10.0,19.0,,,,,,,,,,,11.0,14.0,10.0,15.0,17.0,20.0,20.0,0.0,0.0,0.0,0.0,0.0,14.8,,268.27,2.31,,787.0,3.0,,,,,,,,,,,,,,,,,,,,,,,,,,,,,,,,,,,,,,,,,,,,,,,,,,,,,,9.999e+20,,,,,,,,,,,,,,,,,,,,,,,,,,,,,9.9,4.4,6.0,6.7552,7.26619,7.76101,7.99214,8.13671,9.01043,9.09095,5.2,9.27341,9.46393,10.3974,10.9322,11.1687,11.3158,12.9873,13.8219,15.3595,16.9208,19.1651,10.285,3.6,29.0,9.0,4.0,1.0,0.0,0.0,0.0,62.0,,9.999e+20,9.999e+20,9.999e+20,9.999e+20,9.999e+20,,,,1296.0,,2.4,0.0,10.8,0.0,,41.0,6.3,1.7,3.0,1.4,5.7,8.4,13.3,14.2,1288.0,696.0,1008.0,584.0,1256.0,1624.0,1856.0,1960.0,,,26.0,20.0,,,,,,,280.6,2.32,,,,,,,,,,,,,,,,,,,,,,,,,,,,,,,,,,,,,,,,,,,,,,,,,,,,,,,,,,,,,9.999e+20,270.0,4.4,270.0,5.6,,,,,,4.0,,,,,,,7197.0,270.0,270.0,270.0,,279.2,,,,,,,,,,,,,,,,,,,,,,,,,,,,,4.4,1.6,2.4,2.8,3.2,3.2,3.2,3.6,3.6,4.0,2.0,4.0,4.4,4.4,4.8,4.8,5.2,5.40312,5.84098,6.43665,7.19751,8.16938,4.43959,1.62,0.0,0.0,0.0,0.0,66.0,0.0,17.0,1.0,4.9,5.4,
2026040922,,,,,,,,,,,,,,,,,,,,,,,,,,,,,,,,,0.0,,,,,,,,,,,,,,,,,,,,,,,,,,,,,,,,,,,,,,,,,,,,,,,,,,,,,,,,,,,,,,,,,,,,,,,,,,,,,,,,,,,,,,,,,,,,,,,,,,,,,,,,,,,,,,,,,,,,,,,,,,,,,,,,,,,,,,,,,,,,,,,,,,,,,,,,,,,,,,,,,,,,,,,,,,,,,,,,,,,,,,,,,,,,,,,,,,,,,,,,,,,,,,,,,,,,,,,,,,,,,,,,,,,,,,,,,,,,,,,,,,,,,,,,,,,,,,,,,,,,,,,,,,,,,,,,,,,,,,,,,,,,,,,,,,,,,,,,,,,,,,,,,,,,,,,,,,,,,,,,,,,,,,,,,,,,,,,,,,,,,,,,,,,,,,,,,,,,,,,,,,,,,,,,,,,,,,,,,,,,,,,,,,,,,,,,,,,,,,,,,,,,,,,,,,,,,,,,,,,,,,,,,,,,,,,,,,,,,,,,,,,,,,,,,,,,,,,,,,,,,,,,,,,,,,,,,,,,,,,,,,,,,,,,,,,,,,,,,,,,,,,,,,,,,,,,,,,,,,,,,,,,,,,,,,,,,,,,,,,,,,,,,,,,,,,,,,,,
2026040923,,,,,,,,,,,,,,,,,,,,,,,,,,,,,,,,,0.0,,,,,,,,,,,,,,,,,,,,,,,,,,,,,,,,,,,,,,,,,,,,,,,,,,,,,,,,,,,,,,,,,,,,,,,,,,,,,,,,,,,,,,,,,,,,,,,,,,,,,,,,,,,,,,,,,,,,,,,,,,,,,,,,,,,,,,,,,,,,,,,,,,,,,,,,,,,,,,,,,,,,,,,,,,,,,,,,,,,,,,,,,,,,,,,,,,,,,,,,,,,,,,,,,,,,,,,,,,,,,,,,,,,,,,,,,,,,,,,,,,,,,,,,,,,,,,,,,,,,,,,,,,,,,,,,,,,,,,,,,,,,,,,,,,,,,,,,,,,,,,,,,,,,,,,,,,,,,,,,,,,,,,,,,,,,,,,,,,,,,,,,,,,,,,,,,,,,,,,,,,,,,,,,,,,,,,,,,,,,,,,,,,,,,,,,,,,,,,,,,,,,,,,,,,,,,,,,,,,,,,,,,,,,,,,,,,,,,,,,,,,,,,,,,,,,,,,,,,,,,,,,,,,,,,,,,,,,,,,,,,,,,,,,,,,,,,,,,,,,,,,,,,,,,,,,,,,,,,,,,,,,,,,,,,,,,,,,,,,,,,,,,,,,,,,,,,,,
2026041000,0.428,0.0,0.0,0.0,0.0,0.0,0.0,0.0,0.0,0.0,0.0,0.0,0.0,0.0,0.0,0.0,0.0,0.0,0.102,0.741,3.047,8.21,14.0,0.0,0.0,0.0,0.0,6.0,0.0,0.0,2.0,0.0,0.0,,1.245,0.0,0.0,0.0,0.0,0.0,0.0,0.0,0.0,0.0,0.0,0.0,0.0,0.0,0.0,0.0,0.16,0.915,2.04,4.365,7.786,15.805,24.0,0.0,2.0,0.0,0.0,0.0,0.0,0.0,7.0,0.0,,,,,,,,,,,,,,,,,,,,,,,,,,,,,,,,,0.0,0.0,0.0,0.0,0.0,0.0,0.0,0.0,0.0,0.0,0.0,0.0,0.0,0.0,0.0,0.0,0.0,0.0,0.003,0.336,1.481,4.79,11.0,0.0,0.0,4.0,0.0,0.0,0.0,0.0,0.0,0.0,,,,,,,,,,,,,,,,,,,,,,,,,,,,,,,,,276.61,,,,,,,,,,,,,,,,,,,0.005,0.0,0.0,0.0,0.0,0.0,0.005,0.028,15.0,6.0,3.0,1.0,0.0,0.0,0.0,0.0,0.0,0.0,0.005,0.0,0.0,0.0,0.0,0.0,0.015,0.036,8.0,4.0,1.0,1.0,0.0,0.0,0.0,0.0,0.0,0.0,0.003,0.0,0.0,0.0,0.0,0.0,0.0,0.005,9.0,3.0,2.0,0.0,0.0,0.0,0.0,0.0,0.0,0.0,0.005,0.0,0.0,0.0,0.0,0.0,0.015,0.036,8.0,1.0,1.0,0.0,0.0,0.0,0.0,0.0,0.0,0.0,12.0,15.0,,,,,,,,,,,12.0,14.0,12.0,16.0,18.0,21.0,21.0,0.0,0.0,0.0,0.0,0.0,15.5,,269.92,2.1,,692.0,3.0,,0.0,0.0,0.0,0.0,0.0,0.0,0.0,0.0,0.0,0.0,0.0,0.0,0.0,0.0,0.0,0.0,0.0,0.0,0.0,0.0,0.0,0.0,0.0,0.0,0.0,0.0,0.0,0.0,0.0,0.0,0.0,0.0,0.0,0.0,0.0,0.0,0.0,0.0,0.0,0.0,0.0,0.0,0.0,0.0,0.0,0.0,0.0,0.0,0.0,0.0,0.0,20.0,9.999e+20,,,,,,,,,,,,,,,,,,,,,,,,,,,,,10.5,4.0,5.6929,6.32857,6.83165,7.32132,8.22009,9.15972,9.39136,9.49346,4.8,10.0634,10.1431,10.6864,11.6037,11.9386,13.0438,13.6167,14.9141,16.3118,17.6852,19.5562,10.5359,3.92,36.0,13.0,7.0,0.0,0.0,0.0,0.0,65.0,3.0,9.999e+20,9.999e+20,9.999e+20,9.999e+20,9.999e+20,,,,1488.0,0.0,2.4,0.0,10.8,0.0,,48.0,5.7,1.4,2.8,1.1,5.4,7.9,11.2,13.5,1416.0,920.0,1080.0,744.0,1400.0,1728.0,1952.0,2128.0,,,31.0,28.0,,281.19,2.33,,,,279.65,2.11,,,,,,,,,,,,,,,,,,,,,,,,,,,,,,,,,,,,,,,,,,,,,,,,,,,,,,,,,,,,,9.999e+20,290.0,4.6,290.0,7.4,1.0,3.0,,,3.0,2.0,,,,,,,10635.0,290.0,290.0,290.0,,277.2,,,,,,,,,,,,,,,,,,,,,,,,,,,,,4.6,1.6,2.4,2.4,2.8,3.2,3.2,3.6,4.0,4.0,2.0,4.4,4.8,4.8,5.2,5.6,6.0,6.0,6.4,6.8,7.77617,8.6442,4.54969,1.82,0.0,0.0,0.0,0.0,67.0,0.0,28.0,2.0,5.4,5.9,
2026041001,,,,,,,,,,,,,,,,,,,,,,,,,,,,,,,,,0.0,,,,,,,,,,,,,,,,,,,,,,,,,,,,,,,,,,,,,,,,,,,,,,,,,,,,,,,,,,,,,,,,,,,,,,,,,,,,,,,,,,,,,,,,,,,,,,,,,,,,,,,,,,,,,,,,,,,,,,,,,,,,,,,,,,,,,,,,,,,,,,,,,,,,,,,,,,,,,,,,,,,,,,,,,,,,,,,,,,,,,,,,,,,,,,,,,,,,,,,,,,,,,,,,,,,,,,,,,,,,,,,,,,,,,,,,,,,,,,,,,,,,,,,,,,,,,,,,,,,,,,,,,,,,,,,,,,,,,,,,,,,,,,,,,,,,,,,,,,,,,,,,,,,,,,,,,,,,,,,,,,,,,,,,,,,,,,,,,,,,,,,,,,,,,,,,,,,,,,,,,,,,,,,,,,,,,,,,,,,,,,,,,,,,,,,,,,,,,,,,,,,,,,,,,,,,,,,,,,,,,,,,,,,,,,,,,,,,,,,,,,,,,,,,,,,,,,,,,,,,,,,,,,,,,,,,,,,,,,,,,,,,,,,,,,,,,,,,,,,,,,,,,,,,,,,,,,,,,,,,,,,,,,,,,,,,,,,,,,,,,,,,,,,,,,,,,,,,
2026041002,,,,,,,,,,,,,,,,,,,,,,,,,,,,,,,,,0.0,,,,,,,,,,,,,,,,,,,,,,,,,,,,,,,,,,,,,,,,,,,,,,,,,,,,,,,,,,,,,,,,,,,,,,,,,,,,,,,,,,,,,,,,,,,,,,,,,,,,,,,,,,,,,,,,,,,,,,,,,,,,,,,,,,,,,,,,,,,,,,,,,,,,,,,,,,,,,,,,,,,,,,,,,,,,,,,,,,,,,,,,,,,,,,,,,,,,,,,,,,,,,,,,,,,,,,,,,,,,,,,,,,,,,,,,,,,,,,,,,,,,,,,,,,,,,,,,,,,,,,,,,,,,,,,,,,,,,,,,,,,,,,,,,,,,,,,,,,,,,,,,,,,,,,,,,,,,,,,,,,,,,,,,,,,,,,,,,,,,,,,,,,,,,,,,,,,,,,,,,,,,,,,,,,,,,,,,,,,,,,,,,,,,,,,,,,,,,,,,,,,,,,,,,,,,,,,,,,,,,,,,,,,,,,,,,,,,,,,,,,,,,,,,,,,,,,,,,,,,,,,,,,,,,,,,,,,,,,,,,,,,,,,,,,,,,,,,,,,,,,,,,,,,,,,,,,,,,,,,,,,,,,,,,,,,,,,,,,,,,,,,,,,,,,,,,,,,
2026041003,,,,,,,,,,,,,,,,,,,,,,,,,,,,,,,,,0.0,,,,,,,,,,,,,,,,,,,,,,,,,,,,,,,,,,,,,,,,,,,,,,,,,,,,,,,,,,,,,,,,,,,,,,,,,,,,,,,,,,,,,,,,,,,,,,,,,,,,,,,,,,,,,,,,,,,,,,,,,,,,,,,,,,272.76,,,,,,,,,,,,,,,,,,,,,,,,,,,,,,,,,,,,,,,,,,,,,,,,,,,,,,,,,,,,,,,,,,,,,,,,,,,,,,,,,,,,,,,,,,,3.0,3.0,,,,,,,,,,,12.0,14.0,12.0,16.0,18.0,23.0,23.0,0.0,0.0,0.0,0.0,0.0,15.7,,271.02,2.27,,114.0,1.0,,,,,,,,,,,,,,,,,,,,,,,,,,,,,,,,,,,,,,,,,,,,,,,,,,,,,,9.999e+20,,,,,,,,,,,,,,,,,,,,,,,,,,,,,8.2,2.8,4.4,4.8,5.25046,5.73581,6.19824,6.69343,6.80312,7.26892,4.0,7.4326,7.86806,7.9812,8.57879,9.16453,9.66691,10.6355,10.9836,11.9669,14.3973,16.4633,8.16244,3.02,13.0,3.0,0.0,0.0,0.0,0.0,0.0,31.0,,9.999e+20,9.999e+20,9.999e+20,9.999e+20,9.999e+20,,,,216.0,,2.4,0.0,8.4,0.0,,71.0,6.4,1.6,3.5,1.4,6.1,8.6,12.3,13.7,1368.0,840.0,1096.0,784.0,1320.0,1648.0,1872.0,1960.0,,,26.0,33.0,,,,,,,276.08,2.29,,,,,,,,,,,,,,,,,,,,,,,,,,,,,,,,,,,,,,,,,,,,,,,,,,,,,,,,,,,,,9.999e+20,,,80.0,4.3,,,,,,0.0,,,,,,,801.0,280.0,280.0,280.0,,274.2,,,,,,,,,,,,,,,,,,,,,,,,,,,,,3.3,0.8,1.6,1.6,2.0,2.0,2.4,2.4,2.8,2.8,1.2,3.2,3.2,3.2,3.6,3.6,4.0,4.4,4.4,5.2,6.11781,6.73809,3.28535,1.52,0.0,0.0,0.0,0.0,35.0,0.0,7.0,0.0,3.7,4.1,
2026041004,,,,,,,,,,,,,,,,,,,,,,,,,,,,,,,,,0.0,,,,,,,,,,,,,,,,,,,,,,,,,,,,,,,,,,,,,,,,,,,,,,,,,,,,,,,,,,,,,,,,,,,,,,,,,,,,,,,,,,,,,,,,,,,,,,,,,,,,,,,,,,,,,,,,,,,,,,,,,,,,,,,,,,,,,,,,,,,,,,,,,,,,,,,,,,,,,,,,,,,,,,,,,,,,,,,,,,,,,,,,,,,,,,,,,,,,,,,,,,,,,,,,,,,,,,,,,,,,,,,,,,,,,,,,,,,,,,,,,,,,,,,,,,,,,,,,,,,,,,,,,,,,,,,,,,,,,,,,,,,,,,,,,,,,,,,,,,,,,,,,,,,,,,,,,,,,,,,,,,,,,,,,,,,,,,,,,,,,,,,,,,,,,,,,,,,,,,,,,,,,,,,,,,,,,,,,,,,,,,,,,,,,,,,,,,,,,,,,,,,,,,,,,,,,,,,,,,,,,,,,,,,,,,,,,,,,,,,,,,,,,,,,,,,,,,,,,,,,,,,,,,,,,,,,,,,,,,,,,,,,,,,,,,,,,,,,,,,,,,,,,,,,,,,,,,,,,,,,,,,,,,,,,,,,,,,,,,,,,,,,,,,,,,,,,,,,
2026041005,,,,,,,,,,,,,,,,,,,,,,,,,,,,,,,,,0.0,,,,,,,,,,,,,,,,,,,,,,,,,,,,,,,,,,,,,,,,,,,,,,,,,,,,,,,,,,,,,,,,,,,,,,,,,,,,,,,,,,,,,,,,,,,,,,,,,,,,,,,,,,,,,,,,,,,,,,,,,,,,,,,,,,,,,,,,,,,,,,,,,,,,,,,,,,,,,,,,,,,,,,,,,,,,,,,,,,,,,,,,,,,,,,,,,,,,,,,,,,,,,,,,,,,,,,,,,,,,,,,,,,,,,,,,,,,,,,,,,,,,,,,,,,,,,,,,,,,,,,,,,,,,,,,,,,,,,,,,,,,,,,,,,,,,,,,,,,,,,,,,,,,,,,,,,,,,,,,,,,,,,,,,,,,,,,,,,,,,,,,,,,,,,,,,,,,,,,,,,,,,,,,,,,,,,,,,,,,,,,,,,,,,,,,,,,,,,,,,,,,,,,,,,,,,,,,,,,,,,,,,,,,,,,,,,,,,,,,,,,,,,,,,,,,,,,,,,,,,,,,,,,,,,,,,,,,,,,,,,,,,,,,,,,,,,,,,,,,,,,,,,,,,,,,,,,,,,,,,,,,,,,,,,,,,,,,,,,,,,,,,,,,,,,,,,,,,
2026041006,0.477,0.0,0.0,0.0,0.0,0.0,0.0,0.0,0.0,0.0,0.0,0.0,0.0,0.0,0.0,0.0,0.0,0.0,0.381,1.303,3.373,7.8,16.0,0.0,0.0,0.0,0.0,6.0,0.0,0.0,2.0,0.0,0.0,,,,,,,,,,,,,,,,,,,,,,,,,,,,,,,,,,,,,,,,,,,,,,,,,,,,,,,,,,,,,,,,,,0.0,0.0,0.0,0.0,0.0,0.0,0.0,0.0,0.0,0.0,0.0,0.0,0.0,0.0,0.0,0.0,0.0,0.0,0.0,0.412,1.514,4.855,11.0,0.0,0.0,3.0,0.0,0.0,0.0,0.0,0.0,0.0,,,,,,,,,,,,,,,,,,,,,,,,,,,,,,,,,270.47,,,,,,,,,,,,,,,,,,,0.005,,,,,,,,,,,,,,,,,,0.008,,,,,,,,,,,,,,,,,,0.003,0.0,0.0,0.0,0.0,0.0,0.0,0.01,8.0,2.0,0.0,0.0,0.0,0.0,0.0,0.0,0.0,0.0,0.008,,,,,,,,,,,,,,,,,,1.0,1.0,,,,,,,,,,,13.0,14.0,13.0,16.0,20.0,22.0,22.0,0.0,0.0,0.0,0.0,0.0,16.3,,270.41,2.71,,57.0,2.0,,0.0,,,,,,,,,,,,,,,,,,,,,,,,,0.0,0.0,0.0,0.0,0.0,0.0,0.0,0.0,0.0,0.0,0.0,0.0,0.0,0.0,,,,,,,,,,,,,19.0,9.999e+20,16.1516,9.49045,11.7715,12.5476,13.0921,13.7622,14.0777,14.6972,15.1561,15.4169,10.5739,15.6141,16.3329,16.7039,17.4128,17.6534,18.9854,19.575,20.3816,22.1807,22.7168,24.1645,92.0,35.0,14.0,1.0,0.0,0.0,6.1,2.8,3.2,3.6,4.0,4.0,4.4,4.8,5.2,5.24687,3.2,5.67639,5.71204,6.14772,6.58452,7.47694,7.68068,8.25179,8.87537,10.1172,11.2813,14.08,6.1259,2.7,5.0,0.0,0.0,0.0,0.0,0.0,0.0,16.0,3.0,9.999e+20,9.999e+20,9.999e+20,9.999e+20,9.999e+20,,,41.0,152.0,,2.4,0.0,8.4,0.0,,80.0,7.1,1.9,4.0,1.5,6.8,9.8,13.6,14.1,1272.0,776.0,1024.0,624.0,1240.0,1512.0,1784.0,1824.0,,,20.0,31.0,,,,,,3.45918,273.66,2.71,279.908,273.129,275.422,276.727,276.637,277.085,277.409,278.117,278.362,278.909,274.398,279.191,279.519,280.324,280.797,281.216,281.819,282.074,283.428,284.925,286.682,289.263,0.0,0.0,2.0,0.0,0.0,0.0,0.0,0.0,,,,,,,,,,,,,,,,,,,,,,,,,,,,,,,9.999e+20,,,90.0,4.0,,3.0,,,2.0,0.0,,,,,,,479.0,290.0,290.0,290.0,,272.7,7.55958,3.6,5.2,5.6,6.0,6.4,6.4,6.8,7.2,7.49123,4.8,7.51901,7.94014,8.00636,8.44507,8.49857,8.92634,8.99096,9.46251,10.3904,10.9087,11.6675,2.0,0.0,0.0,0.0,86.0,30.0,2.4,0.4,1.2,1.2,1.2,1.2,1.6,1.6,2.0,2.0,0.8,2.0,2.4,2.8,2.8,3.2,3.2,3.6,4.0,4.4,5.2,6.40212,2.41685,1.42,0.0,0.0,0.0,0.0,18.0,0.0,3.0,0.0,2.8,3.2,
2026041007,,,,,,,,,,,,,,,,,,,,,,,,,,,,,,,,,0.0,,,,,,,,,,,,,,,,,,,,,,,,,,,,,,,,,,,,,,,,,,,,,,,,,,,,,,,,,,,,,,,,,,,,,,,,,,,,,,,,,,,,,,,,,,,,,,,,,,,,,,,,,,,,,,,,,,,,,,,,,,,,,,,,,,,,,,,,,,,,,,,,,,,,,,,,,,,,,,,,,,,,,,,,,,,,,,,,,,,,,,,,,,,,,,,,,,,,,,,,,,,,,,,,,,,,,,,,,,,,,,,,,,,,,,,,,,,,,,,,,,,,,,,,,,,,,,,,,,,,,,,,,,,,,,,,,,,,,,,,,,,,,,,,,,,,,,,,,,,,,,,,,,,,,,,,,,,,,,,,,,,,,,,,,,,,,,,,,,,,,,,,,,,,,,,,,,,,,,,,,,,,,,,,,,,,,,,,,,,,,,,,,,,,,,,,,,,,,,,,,,,,,,,,,,,,,,,,,,,,,,,,,,,,,,,,,,,,,,,,,,,,,,,,,,,,,,,,,,,,,,,,,,,,,,,,,,,,,,,,,,,,,,,,,,,,,,,,,,,,,,,,,,,,,,,,,,,,,,,,,,,,,,,,,,,,,,,,,,,,,,,,,,,,,,,,,,,,
2026041008,,,,,,,,,,,,,,,,,,,,,,,,,,,,,,,,,0.0,,,,,,,,,,,,,,,,,,,,,,,,,,,,,,,,,,,,,,,,,,,,,,,,,,,,,,,,,,,,,,,,,,,,,,,,,,,,,,,,,,,,,,,,,,,,,,,,,,,,,,,,,,,,,,,,,,,,,,,,,,,,,,,,,,,,,,,,,,,,,,,,,,,,,,,,,,,,,,,,,,,,,,,,,,,,,,,,,,,,,,,,,,,,,,,,,,,,,,,,,,,,,,,,,,,,,,,,,,,,,,,,,,,,,,,,,,,,,,,,,,,,,,,,,,,,,,,,,,,,,,,,,,,,,,,,,,,,,,,,,,,,,,,,,,,,,,,,,,,,,,,,,,,,,,,,,,,,,,,,,,,,,,,,,,,,,,,,,,,,,,,,,,,,,,,,,,,,,,,,,,,,,,,,,,,,,,,,,,,,,,,,,,,,,,,,,,,,,,,,,,,,,,,,,,,,,,,,,,,,,,,,,,,,,,,,,,,,,,,,,,,,,,,,,,,,,,,,,,,,,,,,,,,,,,,,,,,,,,,,,,,,,,,,,,,,,,,,,,,,,,,,,,,,,,,,,,,,,,,,,,,,,,,,,,,,,,,,,,,,,,,,,,,,,,,,,,,,
2026041009,,,,,,,,,,,,,,,,,,,,,,,,,,,,,,,,,0.0,,,,,,,,,,,,,,,,,,,,,,,,,,,,,,,,,,,,,,,,,,,,,,,,,,,,,,,,,,,,,,,,,,,,,,,,,,,,,,,,,,,,,,,,,,,,,,,,,,,,,,,,,,,,,,,,,,,,,,,,,,,,,,,,,,269.09,,,,,,,,,,,,,,,,,,,,,,,,,,,,,,,,,,,,,,,,,,,,,,,,,,,,,,,,,,,,,,,,,,,,,,,,,,,,,,,,,,,,,,,,,,,0.0,1.0,,,,,,,,,,,12.0,13.0,12.0,15.0,18.0,18.0,18.0,0.0,0.0,0.0,0.0,0.0,15.1,,269.54,2.84,,0.0,1.0,,,,,,,,,,,,,,,,,,,,,,,,,,,,,,,,,,,,,,,,,,,,,,,,,,,,,,9.999e+20,,,,,,,,,,,,,,,,,,,,,,,,,,,,,6.2,2.4,3.6,3.6,4.0,4.4,4.8,4.8,4.8,5.2,3.2,5.2,5.6,5.67452,6.11418,6.56153,7.43709,7.94169,8.47925,9.81953,11.3157,12.1645,5.80393,2.5,6.0,0.0,0.0,0.0,0.0,0.0,0.0,15.0,,9.999e+20,9.999e+20,9.999e+20,9.999e+20,9.999e+20,,,,144.0,,0.0,0.0,2.4,0.0,,82.0,7.5,2.1,4.4,1.6,7.1,10.3,13.5,14.6,1184.0,744.0,952.0,592.0,1144.0,1392.0,1680.0,1744.0,,,23.0,26.0,,,,,,,271.95,2.84,,,,,,,,,,,,,,,,,,,,,,,,,,,,,,,,,,,,,,,,,,,,,,,,,,,,,,,,,,,,,9.999e+20,,,100.0,3.8,,,,,,0.0,,,,,,,398.0,280.0,280.0,280.0,,271.7,,,,,,,,,,,,,,,,,,,,,,,,,,,,,2.4,0.8,1.2,1.2,1.2,1.6,1.6,1.6,2.0,2.0,0.8,2.0,2.0,2.4,2.4,2.8,3.2,3.6,4.0,4.4,5.2,6.0,2.40805,1.42,0.0,0.0,0.0,0.0,20.0,0.0,2.0,0.0,2.8,3.2,
2026041010,,,,,,,,,,,,,,,,,,,,,,,,,,,,,,,,,0.0,,,,,,,,,,,,,,,,,,,,,,,,,,,,,,,,,,,,,,,,,,,,,,,,,,,,,,,,,,,,,,,,,,,,,,,,,,,,,,,,,,,,,,,,,,,,,,,,,,,,,,,,,,,,,,,,,,,,,,,,,,,,,,,,,,,,,,,,,,,,,,,,,,,,,,,,,,,,,,,,,,,,,,,,,,,,,,,,,,,,,,,,,,,,,,,,,,,,,,,,,,,,,,,,,,,,,,,,,,,,,,,,,,,,,,,,,,,,,,,,,,,,,,,,,,,,,,,,,,,,,,,,,,,,,,,,,,,,,,,,,,,,,,,,,,,,,,,,,,,,,,,,,,,,,,,,,,,,,,,,,,,,,,,,,,,,,,,,,,,,,,,,,,,,,,,,,,,,,,,,,,,,,,,,,,,,,,,,,,,,,,,,,,,,,,,,,,,,,,,,,,,,,,,,,,,,,,,,,,,,,,,,,,,,,,,,,,,,,,,,,,,,,,,,,,,,,,,,,,,,,,,,,,,,,,,,,,,,,,,,,,,,,,,,,,,,,,,,,,,,,,,,,,,,,,,,,,,,,,,,,,,,,,,,,,,,,,,,,,,,,,,,,,,,,,,,,,,,
2026041011,,,,,,,,,,,,,,,,,,,,,,,,,,,,,,,,,0.0,,,,,,,,,,,,,,,,,,,,,,,,,,,,,,,,,,,,,,,,,,,,,,,,,,,,,,,,,,,,,,,,,,,,,,,,,,,,,,,,,,,,,,,,,,,,,,,,,,,,,,,,,,,,,,,,,,,,,,,,,,,,,,,,,,,,,,,,,,,,,,,,,,,,,,,,,,,,,,,,,,,,,,,,,,,,,,,,,,,,,,,,,,,,,,,,,,,,,,,,,,,,,,,,,,,,,,,,,,,,,,,,,,,,,,,,,,,,,,,,,,,,,,,,,,,,,,,,,,,,,,,,,,,,,,,,,,,,,,,,,,,,,,,,,,,,,,,,,,,,,,,,,,,,,,,,,,,,,,,,,,,,,,,,,,,,,,,,,,,,,,,,,,,,,,,,,,,,,,,,,,,,,,,,,,,,,,,,,,,,,,,,,,,,,,,,,,,,,,,,,,,,,,,,,,,,,,,,,,,,,,,,,,,,,,,,,,,,,,,,,,,,,,,,,,,,,,,,,,,,,,,,,,,,,,,,,,,,,,,,,,,,,,,,,,,,,,,,,,,,,,,,,,,,,,,,,,,,,,,,,,,,,,,,,,,,,,,,,,,,,,,,,,,,,,,,,,,,
2026041012,0.318,0.0,0.0,0.0,0.0,0.0,0.0,0.0,0.0,0.0,0.0,0.0,0.0,0.0,0.0,0.0,0.0,0.0,0.002,0.508,2.073,6.785,12.0,0.0,0.0,0.0,0.0,4.0,0.0,0.0,1.0,0.0,0.0,,1.0,0.0,0.0,0.0,0.0,0.0,0.0,0.0,0.0,0.0,0.0,0.0,0.0,0.0,0.0,0.0,0.0,0.053,0.937,2.549,6.24,18.786,19.0,0.0,2.0,0.0,0.0,0.0,1.0,0.0,5.0,0.0,2.45,0.0,0.0,0.0,0.0,0.0,0.0,0.0,0.0,0.0,0.0,0.0,0.0,0.0,0.298,1.031,1.926,3.356,5.489,8.171,12.408,28.367,5.0,0.0,23.0,0.0,1.0,0.0,0.0,0.0,0.0,0.0,0.0,0.0,0.0,0.0,0.0,0.0,0.0,0.0,0.0,0.0,0.0,0.0,0.0,0.0,0.0,0.0,0.0,0.0,0.0,0.0,0.103,3.023,4.0,0.0,0.0,1.0,0.0,0.0,0.0,0.0,0.0,0.0,3.168,0.0,0.0,0.0,0.0,0.0,0.0,0.0,0.0,0.0,0.0,0.0,0.004,0.547,1.167,2.035,3.177,5.109,7.334,10.667,14.364,31.273,0.0,0.0,2.0,0.0,0.0,0.0,0.0,17.0,0.0,0.0,268.08,,,,,,,,,,,,,,,,,,,0.003,0.0,0.0,0.0,0.0,0.0,0.005,0.02,13.0,5.0,3.0,0.0,0.0,0.0,0.0,0.0,0.0,0.0,0.008,0.0,0.0,0.0,0.0,0.0,0.015,0.043,8.0,4.0,1.0,1.0,0.0,0.0,0.0,0.0,0.0,0.0,0.0,0.0,0.0,0.0,0.0,0.0,0.0,0.0,1.0,0.0,0.0,0.0,0.0,0.0,0.0,0.0,0.0,0.0,0.008,0.0,0.0,0.0,0.0,0.0,0.015,0.043,9.0,1.0,1.0,0.0,0.0,0.0,0.0,0.0,0.0,0.0,0.0,1.0,,,,,,,,,,,13.0,15.0,13.0,17.0,18.0,18.0,19.0,0.0,0.0,0.0,0.0,0.0,16.7,,268.4,3.04,,0.0,1.0,,0.0,0.0,0.0,0.0,0.0,0.0,0.0,0.0,0.0,0.0,0.0,0.0,0.0,0.0,0.0,0.0,0.0,0.0,0.0,0.0,0.0,0.0,0.0,0.0,0.0,0.0,0.0,0.0,0.0,0.0,0.0,0.0,0.0,0.0,0.0,0.0,0.0,0.0,0.0,0.0,0.0,0.0,0.0,0.0,0.0,0.0,0.0,0.0,0.0,0.0,0.0,6.0,9.999e+20,,,,,,,,,,,,,,,,,,,,,,,,,,,,,6.11,2.8,3.2,3.6,3.6,4.0,4.4,4.8,5.2,5.2,3.2,5.6,6.0,6.01008,6.44586,6.8966,7.34222,7.85868,8.76235,9.25342,11.3654,13.1317,6.13407,2.52,5.0,0.0,0.0,0.0,0.0,0.0,0.0,16.0,3.0,9.999e+20,9.999e+20,9.999e+20,9.999e+20,9.999e+20,,,,136.0,0.0,0.0,0.0,2.4,0.0,,80.0,7.7,2.5,4.9,1.6,7.1,10.9,13.8,15.0,1104.0,640.0,872.0,544.0,1040.0,1320.0,1584.0,1728.0,,,30.0,34.0,,,,270.83,2.51,,271.24,3.04,,,,,,,,,,,,,,,,,,,,,,,,,,,,,,,,,,,,,,,,,,,,,,,,,,,,,,,,,,,,,9.999e+20,,,90.0,4.1,0.0,2.0,,,1.0,0.0,,,,,,,428.0,270.0,270.0,270.0,,271.5,,,,,,,,,,,,,,,,,,,,,,,,,,,,,2.4,0.4,0.8,1.2,1.2,1.2,1.6,1.6,1.6,2.0,0.8,2.0,2.4,2.4,2.4,2.8,3.2,3.6,4.0,4.4,5.2,6.8,2.4,1.4,0.0,0.0,0.0,0.0,21.0,0.0,4.0,0.0,2.8,3.2,
2026041013,,,,,,,,,,,,,,,,,,,,,,,,,,,,,,,,,0.0,,,,,,,,,,,,,,,,,,,,,,,,,,,,,,,,,,,,,,,,,,,,,,,,,,,,,,,,,,,,,,,,,,,,,,,,,,,,,,,,,,,,,,,,,,,,,,,,,,,,,,,,,,,,,,,,,,,,,,,,,,,,,,,,,,,,,,,,,,,,,,,,,,,,,,,,,,,,,,,,,,,,,,,,,,,,,,,,,,,,,,,,,,,,,,,,,,,,,,,,,,,,,,,,,,,,,,,,,,,,,,,,,,,,,,,,,,,,,,,,,,,,,,,,,,,,,,,,,,,,,,,,,,,,,,,,,,,,,,,,,,,,,,,,,,,,,,,,,,,,,,,,,,,,,,,,,,,,,,,,,,,,,,,,,,,,,,,,,,,,,,,,,,,,,,,,,,,,,,,,,,,,,,,,,,,,,,,,,,,,,,,,,,,,,,,,,,,,,,,,,,,,,,,,,,,,,,,,,,,,,,,,,,,,,,,,,,,,,,,,,,,,,,,,,,,,,,,,,,,,,,,,,,,,,,,,,,,,,,,,,,,,,,,,,,,,,,,,,,,,,,,,,,,,,,,,,,,,,,,,,,,,,,,,,,,,,,,,,,,,,,,,,,,,,,,,,,,,
2026041014,,,,,,,,,,,,,,,,,,,,,,,,,,,,,,,,,0.0,,,,,,,,,,,,,,,,,,,,,,,,,,,,,,,,,,,,,,,,,,,,,,,,,,,,,,,,,,,,,,,,,,,,,,,,,,,,,,,,,,,,,,,,,,,,,,,,,,,,,,,,,,,,,,,,,,,,,,,,,,,,,,,,,,,,,,,,,,,,,,,,,,,,,,,,,,,,,,,,,,,,,,,,,,,,,,,,,,,,,,,,,,,,,,,,,,,,,,,,,,,,,,,,,,,,,,,,,,,,,,,,,,,,,,,,,,,,,,,,,,,,,,,,,,,,,,,,,,,,,,,,,,,,,,,,,,,,,,,,,,,,,,,,,,,,,,,,,,,,,,,,,,,,,,,,,,,,,,,,,,,,,,,,,,,,,,,,,,,,,,,,,,,,,,,,,,,,,,,,,,,,,,,,,,,,,,,,,,,,,,,,,,,,,,,,,,,,,,,,,,,,,,,,,,,,,,,,,,,,,,,,,,,,,,,,,,,,,,,,,,,,,,,,,,,,,,,,,,,,,,,,,,,,,,,,,,,,,,,,,,,,,,,,,,,,,,,,,,,,,,,,,,,,,,,,,,,,,,,,,,,,,,,,,,,,,,,,,,,,,,,,,,,,,,,,,,,,
2026041015,,,,,,,,,,,,,,,,,,,,,,,,,,,,,,,,,0.0,,,,,,,,,,,,,,,,,,,,,,,,,,,,,,,,,,,,,,,,,,,,,,,,,,,,,,,,,,,,,,,,,,,,,,,,,,,,,,,,,,,,,,,,,,,,,,,,,,,,,,,,,,,,,,,,,,,,,,,,,,,,,,,,,,270.23,,,,,,,,,,,,,,,,,,,,,,,,,,,,,,,,,,,,,,,,,,,,,,,,,,,,,,,,,,,,,,,,,,,,,,,,,,,,,,,,,,,,,,,,,,,1.0,2.0,,,,,,,,,,,13.0,13.0,13.0,15.0,16.0,17.0,17.0,0.0,0.0,0.0,0.0,0.0,14.8,,268.33,3.14,,50.0,0.0,,,,,,,,,,,,,,,,,,,,,,,,,,,,,,,,,,,,,,,,,,,,,,,,,,,,,,9.999e+20,,,,,,,,,,,,,,,,,,,,,,,,,,,,,6.8,3.6,4.4,4.4,4.8,4.8,5.2,5.6,5.6304,6.05641,4.0,6.10864,6.61469,6.68917,6.77532,7.33202,7.41288,7.87587,8.80755,9.81577,11.7957,13.5627,6.77643,2.32,6.0,0.0,0.0,0.0,0.0,0.0,0.0,17.0,,9.999e+20,9.999e+20,9.999e+20,9.999e+20,9.999e+20,,,,488.0,,0.0,0.0,14.4,0.0,,68.0,7.5,2.6,4.6,1.5,6.5,10.9,13.7,14.6,1104.0,688.0,880.0,584.0,1048.0,1336.0,1560.0,1712.0,,,22.0,17.0,,,,,,,273.31,3.11,,,,,,,,,,,,,,,,,,,,,,,,,,,,,,,,,,,,,,,,,,,,,,,,,,,,,,,,,,,,,9.999e+20,,,140.0,3.7,,,,,,0.0,,,,,,,1646.0,90.0,90.0,90.0,,272.5,,,,,,,,,,,,,,,,,,,,,,,,,,,,,2.8,0.8,1.6,1.6,1.6,1.6,1.6,2.0,2.0,2.0,1.2,2.4,2.4,2.4,2.8,2.8,2.8,3.2,3.6,4.8,5.6,7.6,2.80219,1.4,0.0,0.0,0.0,0.0,18.0,0.0,3.0,0.0,2.8,3.2,
2026041016,,,,,,,,,,,,,,,,,,,,,,,,,,,,,,,,,0.0,,,,,,,,,,,,,,,,,,,,,,,,,,,,,,,,,,,,,,,,,,,,,,,,,,,,,,,,,,,,,,,,,,,,,,,,,,,,,,,,,,,,,,,,,,,,,,,,,,,,,,,,,,,,,,,,,,,,,,,,,,,,,,,,,,,,,,,,,,,,,,,,,,,,,,,,,,,,,,,,,,,,,,,,,,,,,,,,,,,,,,,,,,,,,,,,,,,,,,,,,,,,,,,,,,,,,,,,,,,,,,,,,,,,,,,,,,,,,,,,,,,,,,,,,,,,,,,,,,,,,,,,,,,,,,,,,,,,,,,,,,,,,,,,,,,,,,,,,,,,,,,,,,,,,,,,,,,,,,,,,,,,,,,,,,,,,,,,,,,,,,,,,,,,,,,,,,,,,,,,,,,,,,,,,,,,,,,,,,,,,,,,,,,,,,,,,,,,,,,,,,,,,,,,,,,,,,,,,,,,,,,,,,,,,,,,,,,,,,,,,,,,,,,,,,,,,,,,,,,,,,,,,,,,,,,,,,,,,,,,,,,,,,,,,,,,,,,,,,,,,,,,,,,,,,,,,,,,,,,,,,,,,,,,,,,,,,,,,,,,,,,,,,,,,,,,,,,,
2026041017,,,,,,,,,,,,,,,,,,,,,,,,,,,,,,,,,0.0,,,,,,,,,,,,,,,,,,,,,,,,,,,,,,,,,,,,,,,,,,,,,,,,,,,,,,,,,,,,,,,,,,,,,,,,,,,,,,,,,,,,,,,,,,,,,,,,,,,,,,,,,,,,,,,,,,,,,,,,,,,,,,,,,,,,,,,,,,,,,,,,,,,,,,,,,,,,,,,,,,,,,,,,,,,,,,,,,,,,,,,,,,,,,,,,,,,,,,,,,,,,,,,,,,,,,,,,,,,,,,,,,,,,,,,,,,,,,,,,,,,,,,,,,,,,,,,,,,,,,,,,,,,,,,,,,,,,,,,,,,,,,,,,,,,,,,,,,,,,,,,,,,,,,,,,,,,,,,,,,,,,,,,,,,,,,,,,,,,,,,,,,,,,,,,,,,,,,,,,,,,,,,,,,,,,,,,,,,,,,,,,,,,,,,,,,,,,,,,,,,,,,,,,,,,,,,,,,,,,,,,,,,,,,,,,,,,,,,,,,,,,,,,,,,,,,,,,,,,,,,,,,,,,,,,,,,,,,,,,,,,,,,,,,,,,,,,,,,,,,,,,,,,,,,,,,,,,,,,,,,,,,,,,,,,,,,,,,,,,,,,,,,,,,,,,,,,,
2026041018,0.241,0.0,0.0,0.0,0.0,0.0,0.0,0.0,0.0,0.0,0.0,0.0,0.0,0.0,0.0,0.0,0.0,0.0,0.0,0.228,1.593,5.013,10.0,0.0,0.0,0.0,0.0,4.0,0.0,0.0,0.0,0.0,0.0,,,,,,,,,,,,,,,,,,,,,,,,,,,,,,,,,,,,,,,,,,,,,,,,,,,,,,,,,,,,,,,,,,0.0,0.0,0.0,0.0,0.0,0.0,0.0,0.0,0.0,0.0,0.0,0.0,0.0,0.0,0.0,0.0,0.0,0.0,0.0,0.0,0.923,3.202,7.0,0.0,0.0,2.0,0.0,0.0,0.0,0.0,0.0,0.0,,,,,,,,,,,,,,,,,,,,,,,,,,,,,,,,,277.18,,,,,,,,,,,,,,,,,,,0.003,,,,,,,,,,,,,,,,,,0.008,,,,,,,,,,,,,,,,,,0.0,0.0,0.0,0.0,0.0,0.0,0.0,0.003,5.0,0.0,0.0,0.0,0.0,0.0,0.0,0.0,0.0,0.0,0.008,,,,,,,,,,,,,,,,,,3.0,6.0,,,,,,,,,,,11.0,14.0,11.0,16.0,16.0,19.0,19.0,0.0,0.0,0.0,0.0,0.0,15.6,,268.81,3.07,,279.0,0.0,,0.0,,,,,,,,,,,,,,,,,,,,,,,,,0.0,0.0,0.0,0.0,0.0,0.0,0.0,0.0,0.0,0.0,0.0,0.0,0.0,0.0,,,,,,,,,,,,,15.0,9.999e+20,,,,,,,,,,,,,,,,,,,,,,,,,,,,,8.4,3.2,4.8,5.2,5.6,6.0,6.12714,6.23293,6.73435,7.25637,4.4,7.49234,7.73826,8.23569,8.40743,9.01674,9.53224,11.0525,12.1226,13.3633,14.4665,16.3796,8.04184,3.22,20.0,2.0,0.0,0.0,0.0,0.0,0.0,34.0,3.0,9.999e+20,9.999e+20,9.999e+20,9.999e+20,9.999e+20,,82.0,,1352.0,,1.2,0.0,13.2,0.0,,46.0,6.7,2.2,4.2,1.4,5.6,9.6,12.6,13.9,1216.0,800.0,944.0,696.0,1152.0,1472.0,1640.0,1768.0,,,13.0,15.0,,,,,,2.65868,279.63,3.07,,,,,,,,,,,,,,,,,,,,,,,,,,,,,,,270.928,266.576,267.41,267.94,268.618,268.882,269.662,269.993,270.102,270.282,267.192,270.787,271.067,271.703,271.89,272.446,272.815,272.828,273.178,274.499,275.829,276.214,0.0,0.0,0.0,0.0,0.0,50.0,83.0,0.0,9.999e+20,,,140.0,3.4,,2.0,,,1.0,3.0,,,,,,,4486.0,260.0,260.0,260.0,,278.3,,,,,,,,,,,,,,,,,,,,,,,,,,,,,3.3,0.8,1.6,2.0,2.0,2.0,2.4,2.8,2.8,2.8,1.6,2.8,3.2,3.2,3.6,4.0,4.0,4.4,5.2,5.98389,6.77096,7.45394,3.33929,1.6,0.0,0.0,0.0,0.0,33.0,0.0,12.0,0.0,3.7,4.1,
2026041019,,,,,,,,,,,,,,,,,,,,,,,,,,,,,,,,,0.0,,,,,,,,,,,,,,,,,,,,,,,,,,,,,,,,,,,,,,,,,,,,,,,,,,,,,,,,,,,,,,,,,,,,,,,,,,,,,,,,,,,,,,,,,,,,,,,,,,,,,,,,,,,,,,,,,,,,,,,,,,,,,,,,,,,,,,,,,,,,,,,,,,,,,,,,,,,,,,,,,,,,,,,,,,,,,,,,,,,,,,,,,,,,,,,,,,,,,,,,,,,,,,,,,,,,,,,,,,,,,,,,,,,,,,,,,,,,,,,,,,,,,,,,,,,,,,,,,,,,,,,,,,,,,,,,,,,,,,,,,,,,,,,,,,,,,,,,,,,,,,,,,,,,,,,,,,,,,,,,,,,,,,,,,,,,,,,,,,,,,,,,,,,,,,,,,,,,,,,,,,,,,,,,,,,,,,,,,,,,,,,,,,,,,,,,,,,,,,,,,,,,,,,,,,,,,,,,,,,,,,,,,,,,,,,,,,,,,,,,,,,,,,,,,,,,,,,,,,,,,,,,,,,,,,,,,,,,,,,,,,,,,,,,,,,,,,,,,,,,,,,,,,,,,,,,,,,,,,,,,,,,,,,,,,,,,,,,,,,,,,,,,,,,,,,,,,,,
2026041020,,,,,,,,,,,,,,,,,,,,,,,,,,,,,,,,,0.0,,,,,,,,,,,,,,,,,,,,,,,,,,,,,,,,,,,,,,,,,,,,,,,,,,,,,,,,,,,,,,,,,,,,,,,,,,,,,,,,,,,,,,,,,,,,,,,,,,,,,,,,,,,,,,,,,,,,,,,,,,,,,,,,,,,,,,,,,,,,,,,,,,,,,,,,,,,,,,,,,,,,,,,,,,,,,,,,,,,,,,,,,,,,,,,,,,,,,,,,,,,,,,,,,,,,,,,,,,,,,,,,,,,,,,,,,,,,,,,,,,,,,,,,,,,,,,,,,,,,,,,,,,,,,,,,,,,,,,,,,,,,,,,,,,,,,,,,,,,,,,,,,,,,,,,,,,,,,,,,,,,,,,,,,,,,,,,,,,,,,,,,,,,,,,,,,,,,,,,,,,,,,,,,,,,,,,,,,,,,,,,,,,,,,,,,,,,,,,,,,,,,,,,,,,,,,,,,,,,,,,,,,,,,,,,,,,,,,,,,,,,,,,,,,,,,,,,,,,,,,,,,,,,,,,,,,,,,,,,,,,,,,,,,,,,,,,,,,,,,,,,,,,,,,,,,,,,,,,,,,,,,,,,,,,,,,,,,,,,,,,,,,,,,,,,,,,,,
2026041021,,,,,,,,,,,,,,,,,,,,,,,,,,,,,,,,,0.0,,,,,,,,,,,,,,,,,,,,,,,,,,,,,,,,,,,,,,,,,,,,,,,,,,,,,,,,,,,,,,,,,,,,,,,,,,,,,,,,,,,,,,,,,,,,,,,,,,,,,,,,,,,,,,,,,,,,,,,,,,,,,,,,,,279.39,,,,,,,,,,,,,,,,,,,,,,,,,,,,,,,,,,,,,,,,,,,,,,,,,,,,,,,,,,,,,,,,,,,,,,,,,,,,,,,,,,,,,,,,,,,7.0,12.0,,,,,,,,,,,11.0,11.0,11.0,15.0,15.0,16.0,16.0,0.0,0.0,0.0,0.0,0.0,13.8,,269.01,2.47,,829.0,0.0,,,,,,,,,,,,,,,,,,,,,,,,,,,,,,,,,,,,,,,,,,,,,,,,,,,,,,9.999e+20,,,,,,,,,,,,,,,,,,,,,,,,,,,,,9.5,4.4,5.67577,5.87907,6.40082,6.5105,7.00762,7.47666,7.95671,8.09483,5.2,8.57333,9.10723,9.5602,10.0905,11.0569,11.4686,11.9625,13.3614,15.4302,15.7031,18.1177,9.53809,3.62,26.0,9.0,2.0,1.0,0.0,0.0,0.0,50.0,,9.999e+20,9.999e+20,9.999e+20,9.999e+20,9.999e+20,,,,1824.0,,3.6,0.0,18.0,0.0,,40.0,5.9,1.7,3.5,0.9,4.9,7.9,11.6,13.2,1368.0,984.0,1104.0,816.0,1328.0,1576.0,1808.0,1904.0,,,20.0,21.0,,,,,,,281.96,2.66,,,,,,,,,,,,,,,,,,,,,,,,,,,,,,,,,,,,,,,,,,,,,,,,,,,,,,,,,,,,,9.999e+20,,,220.0,3.9,,,,,,4.0,,,,,,,7154.0,270.0,270.0,270.0,,280.3,,,,,,,,,,,,,,,,,,,,,,,,,,,,,3.9,1.2,2.0,2.4,2.4,2.8,2.8,3.2,3.2,3.6,2.0,3.6,4.0,4.4,4.4,4.4,4.8475,5.35265,6.26757,6.73391,6.92128,7.70278,3.94752,1.7,0.0,0.0,0.0,0.0,55.0,0.0,18.0,1.0,4.7,5.2,
2026041022,,,,,,,,,,,,,,,,,,,,,,,,,,,,,,,,,0.0,,,,,,,,,,,,,,,,,,,,,,,,,,,,,,,,,,,,,,,,,,,,,,,,,,,,,,,,,,,,,,,,,,,,,,,,,,,,,,,,,,,,,,,,,,,,,,,,,,,,,,,,,,,,,,,,,,,,,,,,,,,,,,,,,,,,,,,,,,,,,,,,,,,,,,,,,,,,,,,,,,,,,,,,,,,,,,,,,,,,,,,,,,,,,,,,,,,,,,,,,,,,,,,,,,,,,,,,,,,,,,,,,,,,,,,,,,,,,,,,,,,,,,,,,,,,,,,,,,,,,,,,,,,,,,,,,,,,,,,,,,,,,,,,,,,,,,,,,,,,,,,,,,,,,,,,,,,,,,,,,,,,,,,,,,,,,,,,,,,,,,,,,,,,,,,,,,,,,,,,,,,,,,,,,,,,,,,,,,,,,,,,,,,,,,,,,,,,,,,,,,,,,,,,,,,,,,,,,,,,,,,,,,,,,,,,,,,,,,,,,,,,,,,,,,,,,,,,,,,,,,,,,,,,,,,,,,,,,,,,,,,,,,,,,,,,,,,,,,,,,,,,,,,,,,,,,,,,,,,,,,,,,,,,,,,,,,,,,,,,,,,,,,,,,,,,,,,,
2026041023,,,,,,,,,,,,,,,,,,,,,,,,,,,,,,,,,0.0,,,,,,,,,,,,,,,,,,,,,,,,,,,,,,,,,,,,,,,,,,,,,,,,,,,,,,,,,,,,,,,,,,,,,,,,,,,,,,,,,,,,,,,,,,,,,,,,,,,,,,,,,,,,,,,,,,,,,,,,,,,,,,,,,,,,,,,,,,,,,,,,,,,,,,,,,,,,,,,,,,,,,,,,,,,,,,,,,,,,,,,,,,,,,,,,,,,,,,,,,,,,,,,,,,,,,,,,,,,,,,,,,,,,,,,,,,,,,,,,,,,,,,,,,,,,,,,,,,,,,,,,,,,,,,,,,,,,,,,,,,,,,,,,,,,,,,,,,,,,,,,,,,,,,,,,,,,,,,,,,,,,,,,,,,,,,,,,,,,,,,,,,,,,,,,,,,,,,,,,,,,,,,,,,,,,,,,,,,,,,,,,,,,,,,,,,,,,,,,,,,,,,,,,,,,,,,,,,,,,,,,,,,,,,,,,,,,,,,,,,,,,,,,,,,,,,,,,,,,,,,,,,,,,,,,,,,,,,,,,,,,,,,,,,,,,,,,,,,,,,,,,,,,,,,,,,,,,,,,,,,,,,,,,,,,,,,,,,,,,,,,,,,,,,,,,,,,,
2026041100,0.437,0.0,0.0,0.0,0.0,0.0,0.0,0.0,0.0,0.0,0.0,0.0,0.0,0.0,0.0,0.0,0.0,0.0,0.251,1.467,3.202,7.118,15.0,0.0,0.0,0.0,0.0,7.0,0.0,0.0,1.0,0.0,0.0,,1.089,0.0,0.0,0.0,0.0,0.0,0.0,0.0,0.0,0.0,0.0,0.0,0.0,0.0,0.0,0.0,0.01,0.632,2.064,3.548,7.631,14.284,22.0,0.0,2.0,0.0,0.0,0.0,0.0,0.0,6.0,0.0,,,,,,,,,,,,,,,,,,,,,,,,,,,,,,,,,0.0,0.0,0.0,0.0,0.0,0.0,0.0,0.0,0.0,0.0,0.0,0.0,0.0,0.0,0.0,0.0,0.0,0.0,0.086,0.763,2.107,5.07,14.0,0.0,0.0,4.0,0.0,0.0,0.0,1.0,0.0,0.0,,,,,,,,,,,,,,,,,,,,,,,,,,,,,,,,,278.72,,,,,,,,,,,,,,,,,,,0.005,0.0,0.0,0.0,0.0,0.0,0.01,0.028,19.0,6.0,3.0,0.0,0.0,0.0,0.0,0.0,0.0,0.0,0.008,0.0,0.0,0.0,0.0,0.0,0.025,0.053,11.0,6.0,2.0,1.0,0.0,0.0,0.0,0.0,0.0,0.0,0.003,0.0,0.0,0.0,0.0,0.0,0.005,0.018,14.0,4.0,2.0,0.0,0.0,0.0,0.0,0.0,0.0,0.0,0.01,0.0,0.0,0.0,0.0,0.005,0.03,0.056,12.0,2.0,1.0,1.0,0.0,0.0,0.0,0.0,0.0,0.0,9.0,16.0,,,,,,,,,,,12.0,14.0,12.0,15.0,16.0,20.0,20.0,0.0,0.0,0.0,0.0,0.0,15.8,,270.72,2.68,,731.0,2.0,,0.0,0.0,0.0,0.0,0.0,0.0,0.0,0.0,0.0,0.0,0.0,0.0,0.0,0.0,0.0,0.0,0.0,0.0,0.0,0.0,0.0,0.0,0.0,0.0,0.0,0.0,0.0,0.0,0.0,0.0,0.0,0.0,0.0,0.0,0.0,0.0,0.0,0.0,0.0,0.0,0.0,0.0,0.0,0.0,0.0,0.0,0.0,0.0,0.0,0.0,0.0,19.2,9.999e+20,,,,,,,,,,,,,,,,,,,,,,,,,,,,,10.2,3.2,6.0,6.0,6.8,7.2,8.02383,8.55007,8.79275,9.5412,4.8,9.98956,10.1516,10.7525,11.4036,11.8048,12.483,13.4996,13.8628,15.1869,16.5722,20.3026,10.2309,3.9,35.0,10.0,2.0,1.0,1.0,0.0,0.0,61.0,3.0,9.999e+20,9.999e+20,9.999e+20,9.999e+20,9.999e+20,,,,1960.0,0.0,2.4,0.0,18.0,0.0,,48.0,5.4,1.6,3.0,0.6,4.8,7.4,11.2,12.5,1488.0,1040.0,1240.0,936.0,1408.0,1704.0,1952.0,2048.0,,,22.0,17.0,,282.71,3.01,,,,281.32,2.68,,,,,,,,,,,,,,,,,,,,,,,,,,,,,,,,,,,,,,,,,,,,,,,,,,,,,,,,,,,,,9.999e+20,,,240.0,4.9,1.0,3.0,,,3.0,2.0,,,,,,,9246.0,280.0,280.0,280.0,,278.7,,,,,,,,,,,,,,,,,,,,,,,,,,,,,4.5,1.2,2.4,2.4,2.8,3.2,3.2,3.6,4.0,4.0,2.0,4.4,4.8,4.8,5.2,5.6,5.6,6.0,6.4,7.2,7.49413,9.09788,4.53421,1.9,1.0,0.0,0.0,0.0,64.0,0.0,26.0,2.0,5.3,5.7,
2026041101,,,,,,,,,,,,,,,,,,,,,,,,,,,,,,,,,0.0,,,,,,,,,,,,,,,,,,,,,,,,,,,,,,,,,,,,,,,,,,,,,,,,,,,,,,,,,,,,,,,,,,,,,,,,,,,,,,,,,,,,,,,,,,,,,,,,,,,,,,,,,,,,,,,,,,,,,,,,,,,,,,,,,,,,,,,,,,,,,,,,,,,,,,,,,,,,,,,,,,,,,,,,,,,,,,,,,,,,,,,,,,,,,,,,,,,,,,,,,,,,,,,,,,,,,,,,,,,,,,,,,,,,,,,,,,,,,,,,,,,,,,,,,,,,,,,,,,,,,,,,,,,,,,,,,,,,,,,,,,,,,,,,,,,,,,,,,,,,,,,,,,,,,,,,,,,,,,,,,,,,,,,,,,,,,,,,,,,,,,,,,,,,,,,,,,,,,,,,,,,,,,,,,,,,,,,,,,,,,,,,,,,,,,,,,,,,,,,,,,,,,,,,,,,,,,,,,,,,,,,,,,,,,,,,,,,,,,,,,,,,,,,,,,,,,,,,,,,,,,,,,,,,,,,,,,,,,,,,,,,,,,,,,,,,,,,,,,,,,,,,,,,,,,,,,,,,,,,,,,,,,,,,,,,,,,,,,,,,,,,,,,,,,,,,,,,,
2026041102,,,,,,,,,,,,,,,,,,,,,,,,,,,,,,,,,0.0,,,,,,,,,,,,,,,,,,,,,,,,,,,,,,,,,,,,,,,,,,,,,,,,,,,,,,,,,,,,,,,,,,,,,,,,,,,,,,,,,,,,,,,,,,,,,,,,,,,,,,,,,,,,,,,,,,,,,,,,,,,,,,,,,,,,,,,,,,,,,,,,,,,,,,,,,,,,,,,,,,,,,,,,,,,,,,,,,,,,,,,,,,,,,,,,,,,,,,,,,,,,,,,,,,,,,,,,,,,,,,,,,,,,,,,,,,,,,,,,,,,,,,,,,,,,,,,,,,,,,,,,,,,,,,,,,,,,,,,,,,,,,,,,,,,,,,,,,,,,,,,,,,,,,,,,,,,,,,,,,,,,,,,,,,,,,,,,,,,,,,,,,,,,,,,,,,,,,,,,,,,,,,,,,,,,,,,,,,,,,,,,,,,,,,,,,,,,,,,,,,,,,,,,,,,,,,,,,,,,,,,,,,,,,,,,,,,,,,,,,,,,,,,,,,,,,,,,,,,,,,,,,,,,,,,,,,,,,,,,,,,,,,,,,,,,,,,,,,,,,,,,,,,,,,,,,,,,,,,,,,,,,,,,,,,,,,,,,,,,,,,,,,,,,,,,,,,,
2026041103,,,,,,,,,,,,,,,,,,,,,,,,,,,,,,,,,0.0,,,,,,,,,,,,,,,,,,,,,,,,,,,,,,,,,,,,,,,,,,,,,,,,,,,,,,,,,,,,,,,,,,,,,,,,,,,,,,,,,,,,,,,,,,,,,,,,,,,,,,,,,,,,,,,,,,,,,,,,,,,,,,,,,,,,,,,,,,,,,,,,,,,,,,,,,,,,,,,,,,,,,,,,,,,,,,,,,,,,,,,,,,,,,,,,,,,,,,,,,,,,,,,,,,,,,,,,,,,,,,,,,,,,,,,,,,,,,,,,,,,,,,,,,,,,,,,,,,,,,,,,,,,,,,,,,,,,,,,,,,,,,,,,,,,,,,,,,,,,,,,,,,,,,,,,,,,,,,,,,,,,,,,,,,,,,,,3.6,4.8,5.2,5.6,6.0,5.82388,6.36724,6.83948,6.8912,4.0,7.35531,7.54436,8.07745,8.64798,8.71695,9.73241,10.336,11.3228,12.3925,13.9513,17.058,7.87482,3.4376,14.0,2.0,1.0,1.0,1.0,0.0,0.0,31.0,,,,,,,,,,,,,,,,,,,,,,,,,,,,,,,,,,,,,,,,,,,,,,,,,,,,,,,,,,,,,,,,,,,,,,,,,,,,,,,,,,,,,,,,,,,,,,,,,,,,,,,,,,,,,,,,,,,,,,,,,,,,,,,,,,,,,,,,,,,,,,,,,,,,,,,,,,,,,,0.8,1.6,2.0,2.0,2.4,2.4,2.4,2.8,2.8,1.6,2.8,3.2,3.2,3.6,3.6,4.0,4.4,4.8,5.2,6.70831,7.93994,3.27488,1.82223,1.0,0.0,0.0,0.0,31.0,0.0,7.0,1.0,,,
2026041104,,,,,,,,,,,,,,,,,,,,,,,,,,,,,,,,,0.0,,,,,,,,,,,,,,,,,,,,,,,,,,,,,,,,,,,,,,,,,,,,,,,,,,,,,,,,,,,,,,,,,,,,,,,,,,,,,,,,,,,,,,,,,,,,,,,,,,,,,,,,,,,,,,,,,,,,,,,,,,,,,,,,,,,,,,,,,,,,,,,,,,,,,,,,,,,,,,,,,,,,,,,,,,,,,,,,,,,,,,,,,,,,,,,,,,,,,,,,,,,,,,,,,,,,,,,,,,,,,,,,,,,,,,,,,,,,,,,,,,,,,,,,,,,,,,,,,,,,,,,,,,,,,,,,,,,,,,,,,,,,,,,,,,,,,,,,,,,,,,,,,,,,,,,,,,,,,,,,,,,,,,,,,,,,,,,,,,,,,,,,,,,,,,,,,,,,,,,,,,,,,,,,,,,,,,,,,,,,,,,,,,,,,,,,,,,,,,,,,,,,,,,,,,,,,,,,,,,,,,,,,,,,,,,,,,,,,,,,,,,,,,,,,,,,,,,,,,,,,,,,,,,,,,,,,,,,,,,,,,,,,,,,,,,,,,,,,,,,,,,,,,,,,,,,,,,,,,,,,,,,,,,,,,,,,,,,,,,,,,,,,,,,,,,,,,,,
2026041105,,,,,,,,,,,,,,,,,,,,,,,,,,,,,,,,,0.0,,,,,,,,,,,,,,,,,,,,,,,,,,,,,,,,,,,,,,,,,,,,,,,,,,,,,,,,,,,,,,,,,,,,,,,,,,,,,,,,,,,,,,,,,,,,,,,,,,,,,,,,,,,,,,,,,,,,,,,,,,,,,,,,,,,,,,,,,,,,,,,,,,,,,,,,,,,,,,,,,,,,,,,,,,,,,,,,,,,,,,,,,,,,,,,,,,,,,,,,,,,,,,,,,,,,,,,,,,,,,,,,,,,,,,,,,,,,,,,,,,,,,,,,,,,,,,,,,,,,,,,,,,,,,,,,,,,,,,,,,,,,,,,,,,,,,,,,,,,,,,,,,,,,,,,,,,,,,,,,,,,,,,,,,,,,,,,,,,,,,,,,,,,,,,,,,,,,,,,,,,,,,,,,,,,,,,,,,,,,,,,,,,,,,,,,,,,,,,,,,,,,,,,,,,,,,,,,,,,,,,,,,,,,,,,,,,,,,,,,,,,,,,,,,,,,,,,,,,,,,,,,,,,,,,,,,,,,,,,,,,,,,,,,,,,,,,,,,,,,,,,,,,,,,,,,,,,,,,,,,,,,,,,,,,,,,,,,,,,,,,,,,,,,,,,,,,,,
2026041106,0.647,0.0,0.0,0.0,0.0,0.0,0.0,0.0,0.0,0.0,0.0,0.0,0.0,0.0,0.0,0.0,0.0,0.315,1.085,2.398,4.141,10.111,20.0,0.0,1.0,0.0,0.0,10.0,0.0,0.0,2.0,0.0,0.0,,,,,,,,,,,,,,,,,,,,,,,,,,,,,,,,,,,,,,,,,,,,,,,,,,,,,,,,,,,,,,,,,,0.0,0.0,0.0,0.0,0.0,0.0,0.0,0.0,0.0,0.0,0.0,0.0,0.0,0.0,0.0,0.0,0.0,0.0,0.222,0.894,2.114,5.5,15.0,0.0,0.0,4.0,0.0,0.0,0.0,1.0,0.0,0.0,,,,,,,,,,,,,,,,,,,,,,,,,,,,,,,,,271.04,,,,,,,,,,,,,,,,,,,0.005,,,,,,,,,,,,,,,,,,0.01,,,,,,,,,,,,,,,,,,0.003,0.0,0.0,0.0,0.0,0.0,0.005,0.02,16.0,5.0,1.0,0.0,0.0,0.0,0.0,0.0,0.0,0.0,0.013,,,,,,,,,,,,,,,,,,0.0,1.0,,,,,,,,,,,10.0,13.0,10.0,16.0,17.0,24.0,24.0,0.0,0.0,0.0,0.0,0.0,16.8,,271.47,2.14,,67.0,1.0,,0.0,,,,,,,,,,,,,,,,,,,,,,,,,0.0,0.0,0.0,0.0,0.0,0.0,0.0,0.0,0.0,0.0,0.0,0.0,0.0,0.0,,,,,,,,,,,,,19.0,9.999e+20,15.6363,9.80193,10.7277,11.3307,11.9356,12.0915,12.6254,13.5594,14.1984,14.7836,10.3629,15.7384,16.324,16.9865,16.8671,17.4618,18.4512,19.3906,20.2213,21.1073,21.7531,25.4446,84.0,30.0,10.0,2.0,1.0,0.0,6.8,2.4,3.6,4.0,4.0,4.4,4.8,5.2,5.60232,5.6547,2.8,6.13783,6.19574,6.63592,7.12015,7.23608,8.1561,8.67715,10.031,10.6351,12.3819,16.6855,6.80734,3.2,8.0,2.0,1.0,0.0,0.0,0.0,0.0,19.0,2.0,9.999e+20,9.999e+20,9.999e+20,9.999e+20,9.999e+20,,,46.0,152.0,,1.2,0.0,16.8,0.0,,83.0,6.8,2.0,3.2,0.9,6.4,10.1,13.5,14.2,1328.0,888.0,1128.0,736.0,1280.0,1488.0,1776.0,1960.0,,,26.0,17.0,,,,,,3.03412,274.03,2.15,280.548,274.065,276.766,276.832,277.862,278.411,279.216,279.515,279.672,279.841,275.844,280.404,280.284,280.984,281.363,281.365,282.088,282.86,283.527,284.618,286.288,288.58,0.0,0.0,0.0,0.0,0.0,0.0,0.0,0.0,,,,,,,,,,,,,,,,,,,,,,,,,,,,,,,9.999e+20,,,80.0,5.0,,,,,,0.0,,,,,,,607.0,290.0,290.0,290.0,,273.5,7.48396,4.0,4.8,5.2,5.6,5.6,6.0,6.4,6.8,6.98715,4.8,7.41794,7.86318,7.90106,7.97087,8.47906,8.94826,9.4401,9.48168,9.99608,10.9423,12.3081,3.0,0.0,0.0,0.0,76.0,28.0,2.8,0.4,1.2,1.2,1.6,1.6,2.0,2.0,2.0,2.4,0.8,2.4,2.8,2.8,3.2,3.2,3.6,4.0,4.4,4.8,6.8,8.5345,2.8253,1.7,0.0,0.0,0.0,0.0,24.0,0.0,7.0,1.0,3.2,3.6,
2026041107,,,,,,,,,,,,,,,,,,,,,,,,,,,,,,,,,0.0,,,,,,,,,,,,,,,,,,,,,,,,,,,,,,,,,,,,,,,,,,,,,,,,,,,,,,,,,,,,,,,,,,,,,,,,,,,,,,,,,,,,,,,,,,,,,,,,,,,,,,,,,,,,,,,,,,,,,,,,,,,,,,,,,,,,,,,,,,,,,,,,,,,,,,,,,,,,,,,,,,,,,,,,,,,,,,,,,,,,,,,,,,,,,,,,,,,,,,,,,,,,,,,,,,,,,,,,,,,,,,,,,,,,,,,,,,,,,,,,,,,,,,,,,,,,,,,,,,,,,,,,,,,,,,,,,,,,,,,,,,,,,,,,,,,,,,,,,,,,,,,,,,,,,,,,,,,,,,,,,,,,,,,,,,,,,,,,,,,,,,,,,,,,,,,,,,,,,,,,,,,,,,,,,,,,,,,,,,,,,,,,,,,,,,,,,,,,,,,,,,,,,,,,,,,,,,,,,,,,,,,,,,,,,,,,,,,,,,,,,,,,,,,,,,,,,,,,,,,,,,,,,,,,,,,,,,,,,,,,,,,,,,,,,,,,,,,,,,,,,,,,,,,,,,,,,,,,,,,,,,,,,,,,,,,,,,,,,,,,,,,,,,,,,,,,,,,,
2026041108,,,,,,,,,,,,,,,,,,,,,,,,,,,,,,,,,0.0,,,,,,,,,,,,,,,,,,,,,,,,,,,,,,,,,,,,,,,,,,,,,,,,,,,,,,,,,,,,,,,,,,,,,,,,,,,,,,,,,,,,,,,,,,,,,,,,,,,,,,,,,,,,,,,,,,,,,,,,,,,,,,,,,,,,,,,,,,,,,,,,,,,,,,,,,,,,,,,,,,,,,,,,,,,,,,,,,,,,,,,,,,,,,,,,,,,,,,,,,,,,,,,,,,,,,,,,,,,,,,,,,,,,,,,,,,,,,,,,,,,,,,,,,,,,,,,,,,,,,,,,,,,,,,,,,,,,,,,,,,,,,,,,,,,,,,,,,,,,,,,,,,,,,,,,,,,,,,,,,,,,,,,,,,,,,,,,,,,,,,,,,,,,,,,,,,,,,,,,,,,,,,,,,,,,,,,,,,,,,,,,,,,,,,,,,,,,,,,,,,,,,,,,,,,,,,,,,,,,,,,,,,,,,,,,,,,,,,,,,,,,,,,,,,,,,,,,,,,,,,,,,,,,,,,,,,,,,,,,,,,,,,,,,,,,,,,,,,,,,,,,,,,,,,,,,,,,,,,,,,,,,,,,,,,,,,,,,,,,,,,,,,,,,,,,,,,,
2026041109,,,,,,,,,,,,,,,,,,,,,,,,,,,,,,,,,0.0,,,,,,,,,,,,,,,,,,,,,,,,,,,,,,,,,,,,,,,,,,,,,,,,,,,,,,,,,,,,,,,,,,,,,,,,,,,,,,,,,,,,,,,,,,,,,,,,,,,,,,,,,,,,,,,,,,,,,,,,,,,,,,,,,,,,,,,,,,,,,,,,,,,,,,,,,,,,,,,,,,,,,,,,,,,,,,,,,,,,,,,,,,,,,,,,,,,,,,,,,,,,,,,,,,,,,,,,,,,,,,,,,,,,,,,,,,,,,,,,,,,,,,,,,,,,,,,,,,,,,,,,,,,,,,,,,,,,,,,,,,,,,,,,,,,,,,,,,,,,,,,,,,,,,,,,,,,,,,,,,,,,,,,,,,,,,,,,,,,,,,,,,,,,,,,,,,,,,,,,,,,,,,,,,,,,,,,,,,,,,,,,,,,,,,,,,,,,,,,,,,,,,,,,,,,,,,,,,,,,,,,,,,,,,,,,,,,,,,,,,,,,,,,,,,,,,,,,,,,,,,,,,,,,,,,,,,,,,,,,,,,,,,,,,,,,,,,,,,,,,,,,,,,,,,,,,,,,,,,,,,,,,,,,,,,,,,,,,,,,,,,,,,,,,,,,,,,,
2026041110,,,,,,,,,,,,,,,,,,,,,,,,,,,,,,,,,0.0,,,,,,,,,,,,,,,,,,,,,,,,,,,,,,,,,,,,,,,,,,,,,,,,,,,,,,,,,,,,,,,,,,,,,,,,,,,,,,,,,,,,,,,,,,,,,,,,,,,,,,,,,,,,,,,,,,,,,,,,,,,,,,,,,,,,,,,,,,,,,,,,,,,,,,,,,,,,,,,,,,,,,,,,,,,,,,,,,,,,,,,,,,,,,,,,,,,,,,,,,,,,,,,,,,,,,,,,,,,,,,,,,,,,,,,,,,,,,,,,,,,,,,,,,,,,,,,,,,,,,,,,,,,,,,,,,,,,,,,,,,,,,,,,,,,,,,,,,,,,,,,,,,,,,,,,,,,,,,,,,,,,,,,,,,,,,,,,,,,,,,,,,,,,,,,,,,,,,,,,,,,,,,,,,,,,,,,,,,,,,,,,,,,,,,,,,,,,,,,,,,,,,,,,,,,,,,,,,,,,,,,,,,,,,,,,,,,,,,,,,,,,,,,,,,,,,,,,,,,,,,,,,,,,,,,,,,,,,,,,,,,,,,,,,,,,,,,,,,,,,,,,,,,,,,,,,,,,,,,,,,,,,,,,,,,,,,,,,,,,,,,,,,,,,,,,,,,,
2026041111,,,,,,,,,,,,,,,,,,,,,,,,,,,,,,,,,0.0,,,,,,,,,,,,,,,,,,,,,,,,,,,,,,,,,,,,,,,,,,,,,,,,,,,,,,,,,,,,,,,,,,,,,,,,,,,,,,,,,,,,,,,,,,,,,,,,,,,,,,,,,,,,,,,,,,,,,,,,,,,,,,,,,,,,,,,,,,,,,,,,,,,,,,,,,,,,,,,,,,,,,,,,,,,,,,,,,,,,,,,,,,,,,,,,,,,,,,,,,,,,,,,,,,,,,,,,,,,,,,,,,,,,,,,,,,,,,,,,,,,,,,,,,,,,,,,,,,,,,,,,,,,,,,,,,,,,,,,,,,,,,,,,,,,,,,,,,,,,,,,,,,,,,,,,,,,,,,,,,,,,,,,,,,,,,,,,,,,,,,,,,,,,,,,,,,,,,,,,,,,,,,,,,,,,,,,,,,,,,,,,,,,,,,,,,,,,,,,,,,,,,,,,,,,,,,,,,,,,,,,,,,,,,,,,,,,,,,,,,,,,,,,,,,,,,,,,,,,,,,,,,,,,,,,,,,,,,,,,,,,,,,,,,,,,,,,,,,,,,,,,,,,,,,,,,,,,,,,,,,,,,,,,,,,,,,,,,,,,,,,,,,,,,,,,,,,,
2026041112,0.536,0.0,0.0,0.0,0.0,0.0,0.0,0.0,0.0,0.0,0.0,0.0,0.0,0.0,0.0,0.0,0.0,0.005,0.555,1.453,3.562,8.346,17.0,0.0,0.0,0.0,0.0,7.0,0.0,0.0,2.0,0.0,0.0,,1.305,0.0,0.0,0.0,0.0,0.0,0.0,0.0,0.0,0.0,0.0,0.0,0.0,0.0,0.0,0.0,0.02,1.089,2.428,4.625,7.689,17.671,23.0,0.0,2.0,0.0,0.0,0.0,0.0,0.0,7.0,0.0,2.344,0.0,0.0,0.0,0.0,0.0,0.0,0.0,0.0,0.0,0.0,0.0,0.0,0.0,0.143,1.017,2.244,3.659,5.319,7.902,12.513,27.004,5.0,0.0,24.0,0.0,1.0,0.0,0.0,0.0,0.0,0.0,0.0,0.0,0.0,0.0,0.0,0.0,0.0,0.0,0.0,0.0,0.0,0.0,0.0,0.0,0.0,0.0,0.0,0.0,0.0,0.016,0.927,4.635,8.0,0.0,0.0,3.0,0.0,0.0,0.0,0.0,0.0,0.0,3.766,0.0,0.0,0.0,0.0,0.0,0.0,0.0,0.0,0.0,0.0,0.0,0.353,1.175,2.001,3.132,4.831,6.05,8.416,11.854,17.708,34.949,0.0,0.0,3.0,0.0,0.0,0.0,0.0,19.0,0.0,0.0,268.84,,,,,,,,,,,,,,,,,,,0.008,0.0,0.0,0.0,0.0,0.0,0.023,0.051,25.0,9.0,6.0,1.0,0.0,0.0,0.0,0.0,0.0,0.0,0.01,0.0,0.0,0.0,0.0,0.005,0.025,0.079,13.0,8.0,4.0,1.0,0.0,0.0,0.0,0.0,0.0,0.0,0.003,0.0,0.0,0.0,0.0,0.0,0.0,0.008,11.0,3.0,1.0,0.0,0.0,0.0,0.0,0.0,0.0,0.0,0.015,0.0,0.0,0.0,0.0,0.01,0.048,0.079,16.0,4.0,1.0,1.0,0.0,0.0,0.0,0.0,0.0,0.0,0.0,1.0,,,,,,,,,,,9.0,13.0,9.0,17.0,19.0,24.0,24.0,0.0,0.0,0.0,0.0,0.0,17.3,,269.73,2.09,,0.0,0.0,,0.0,0.0,0.0,0.0,0.0,0.0,0.0,0.0,0.0,0.0,0.0,0.0,0.0,0.0,0.0,0.0,0.0,0.0,0.0,0.0,0.0,0.0,0.0,0.0,0.0,0.0,0.0,0.0,0.0,0.0,0.0,0.0,0.0,0.0,0.0,0.0,0.0,0.0,0.0,0.0,0.0,0.0,0.0,0.0,0.0,0.0,0.0,0.0,0.0,0.0,0.0,6.0,9.999e+20,,,,,,,,,,,,,,,,,,,,,,,,,,,,,7.0,2.4,3.6,4.0,4.4,4.4,5.2,5.2,5.6,5.64155,2.8,6.07787,6.1334,6.61213,7.04488,7.49162,7.93423,9.18455,10.0648,11.3861,12.8433,16.6721,6.62463,3.22,10.0,2.0,1.0,0.0,0.0,0.0,0.0,22.0,3.0,9.999e+20,9.999e+20,9.999e+20,9.999e+20,9.999e+20,,,,160.0,0.0,0.0,0.0,12.0,0.0,,81.0,7.6,2.3,3.6,1.6,7.1,11.9,14.3,15.2,1152.0,728.0,944.0,576.0,1128.0,1336.0,1616.0,1696.0,,,35.0,27.0,,,,272.12,1.59,,272.76,2.06,,,,,,,,,,,,,,,,,,,,,,,,,,,,,,,,,,,,,,,,,,,,,,,,,,,,,,,,,,,,,9.999e+20,,,80.0,4.7,1.0,,,,,0.0,,,,,,,599.0,270.0,270.0,270.0,,271.9,,,,,,,,,,,,,,,,,,,,,,,,,,,,,3.2,0.8,1.2,1.2,1.6,1.6,2.0,2.0,2.0,2.4,0.8,2.4,2.8,3.2,3.2,3.2,3.6,4.4,4.8,5.2,6.4,8.0,2.8,1.8,0.0,0.0,0.0,0.0,27.0,0.0,10.0,1.0,3.6,4.0,
2026041113,,,,,,,,,,,,,,,,,,,,,,,,,,,,,,,,,0.0,,,,,,,,,,,,,,,,,,,,,,,,,,,,,,,,,,,,,,,,,,,,,,,,,,,,,,,,,,,,,,,,,,,,,,,,,,,,,,,,,,,,,,,,,,,,,,,,,,,,,,,,,,,,,,,,,,,,,,,,,,,,,,,,,,,,,,,,,,,,,,,,,,,,,,,,,,,,,,,,,,,,,,,,,,,,,,,,,,,,,,,,,,,,,,,,,,,,,,,,,,,,,,,,,,,,,,,,,,,,,,,,,,,,,,,,,,,,,,,,,,,,,,,,,,,,,,,,,,,,,,,,,,,,,,,,,,,,,,,,,,,,,,,,,,,,,,,,,,,,,,,,,,,,,,,,,,,,,,,,,,,,,,,,,,,,,,,,,,,,,,,,,,,,,,,,,,,,,,,,,,,,,,,,,,,,,,,,,,,,,,,,,,,,,,,,,,,,,,,,,,,,,,,,,,,,,,,,,,,,,,,,,,,,,,,,,,,,,,,,,,,,,,,,,,,,,,,,,,,,,,,,,,,,,,,,,,,,,,,,,,,,,,,,,,,,,,,,,,,,,,,,,,,,,,,,,,,,,,,,,,,,,,,,,,,,,,,,,,,,,,,,,,,,,,,,,,,,
2026041114,,,,,,,,,,,,,,,,,,,,,,,,,,,,,,,,,0.0,,,,,,,,,,,,,,,,,,,,,,,,,,,,,,,,,,,,,,,,,,,,,,,,,,,,,,,,,,,,,,,,,,,,,,,,,,,,,,,,,,,,,,,,,,,,,,,,,,,,,,,,,,,,,,,,,,,,,,,,,,,,,,,,,,,,,,,,,,,,,,,,,,,,,,,,,,,,,,,,,,,,,,,,,,,,,,,,,,,,,,,,,,,,,,,,,,,,,,,,,,,,,,,,,,,,,,,,,,,,,,,,,,,,,,,,,,,,,,,,,,,,,,,,,,,,,,,,,,,,,,,,,,,,,,,,,,,,,,,,,,,,,,,,,,,,,,,,,,,,,,,,,,,,,,,,,,,,,,,,,,,,,,,,,,,,,,,,,,,,,,,,,,,,,,,,,,,,,,,,,,,,,,,,,,,,,,,,,,,,,,,,,,,,,,,,,,,,,,,,,,,,,,,,,,,,,,,,,,,,,,,,,,,,,,,,,,,,,,,,,,,,,,,,,,,,,,,,,,,,,,,,,,,,,,,,,,,,,,,,,,,,,,,,,,,,,,,,,,,,,,,,,,,,,,,,,,,,,,,,,,,,,,,,,,,,,,,,,,,,,,,,,,,,,,,,,,,,
2026041115,,,,,,,,,,,,,,,,,,,,,,,,,,,,,,,,,0.0,,,,,,,,,,,,,,,,,,,,,,,,,,,,,,,,,,,,,,,,,,,,,,,,,,,,,,,,,,,,,,,,,,,,,,,,,,,,,,,,,,,,,,,,,,,,,,,,,,,,,,,,,,,,,,,,,,,,,,,,,,,,,,,,,,,,,,,,,,,,,,,,,,,,,,,,,,,,,,,,,,,,,,,,,,,,,,,,,,,,,,,,,,,,,,,,,,,,,,,,,,,,,,,,,,,,,,,,,,,,,,,,,,,,,,,,,,,,,,,,,,,,,,,,,,,,,,,,,,,,,,,,,,,,,,,,,,,,,,,,,,,,,,,,,,,,,,,,,,,,,,,,,,,,,,,,,,,,,,,,,,,,,,,,,,,,,,,,,,,,,,,,,,,,,,,,,,,,,,,,,,,,,,,,,,,,,,,,,,,,,,,,,,,,,,,,,,,,,,,,,,,,,,,,,,,,,,,,,,,,,,,,,,,,,,,,,,,,,,,,,,,,,,,,,,,,,,,,,,,,,,,,,,,,,,,,,,,,,,,,,,,,,,,,,,,,,,,,,,,,,,,,,,,,,,,,,,,,,,,,,,,,,,,,,,,,,,,,,,,,,,,,,,,,,,,,,,,,
2026041116,,,,,,,,,,,,,,,,,,,,,,,,,,,,,,,,,0.0,,,,,,,,,,,,,,,,,,,,,,,,,,,,,,,,,,,,,,,,,,,,,,,,,,,,,,,,,,,,,,,,,,,,,,,,,,,,,,,,,,,,,,,,,,,,,,,,,,,,,,,,,,,,,,,,,,,,,,,,,,,,,,,,,,,,,,,,,,,,,,,,,,,,,,,,,,,,,,,,,,,,,,,,,,,,,,,,,,,,,,,,,,,,,,,,,,,,,,,,,,,,,,,,,,,,,,,,,,,,,,,,,,,,,,,,,,,,,,,,,,,,,,,,,,,,,,,,,,,,,,,,,,,,,,,,,,,,,,,,,,,,,,,,,,,,,,,,,,,,,,,,,,,,,,,,,,,,,,,,,,,,,,,,,,,,,,,,,,,,,,,,,,,,,,,,,,,,,,,,,,,,,,,,,,,,,,,,,,,,,,,,,,,,,,,,,,,,,,,,,,,,,,,,,,,,,,,,,,,,,,,,,,,,,,,,,,,,,,,,,,,,,,,,,,,,,,,,,,,,,,,,,,,,,,,,,,,,,,,,,,,,,,,,,,,,,,,,,,,,,,,,,,,,,,,,,,,,,,,,,,,,,,,,,,,,,,,,,,,,,,,,,,,,,,,,,,,,
2026041117,,,,,,,,,,,,,,,,,,,,,,,,,,,,,,,,,0.0,,,,,,,,,,,,,,,,,,,,,,,,,,,,,,,,,,,,,,,,,,,,,,,,,,,,,,,,,,,,,,,,,,,,,,,,,,,,,,,,,,,,,,,,,,,,,,,,,,,,,,,,,,,,,,,,,,,,,,,,,,,,,,,,,,,,,,,,,,,,,,,,,,,,,,,,,,,,,,,,,,,,,,,,,,,,,,,,,,,,,,,,,,,,,,,,,,,,,,,,,,,,,,,,,,,,,,,,,,,,,,,,,,,,,,,,,,,,,,,,,,,,,,,,,,,,,,,,,,,,,,,,,,,,,,,,,,,,,,,,,,,,,,,,,,,,,,,,,,,,,,,,,,,,,,,,,,,,,,,,,,,,,,,,,,,,,,,,,,,,,,,,,,,,,,,,,,,,,,,,,,,,,,,,,,,,,,,,,,,,,,,,,,,,,,,,,,,,,,,,,,,,,,,,,,,,,,,,,,,,,,,,,,,,,,,,,,,,,,,,,,,,,,,,,,,,,,,,,,,,,,,,,,,,,,,,,,,,,,,,,,,,,,,,,,,,,,,,,,,,,,,,,,,,,,,,,,,,,,,,,,,,,,,,,,,,,,,,,,,,,,,,,,,,,,,,,,,,
2026041118,0.397,0.0,0.0,0.0,0.0,0.0,0.0,0.0,0.0,0.0,0.0,0.0,0.0,0.0,0.0,0.0,0.0,0.001,0.188,0.967,2.791,5.932,15.0,0.0,0.0,0.0,0.0,5.0,0.0,0.0,1.0,0.0,0.0,,,,,,,,,,,,,,,,,,,,,,,,,,,,,,,,,,,,,,,,,,,,,,,,,,,,,,,,,,,,,,,,,,0.0,0.0,0.0,0.0,0.0,0.0,0.0,0.0,0.0,0.0,0.0,0.0,0.0,0.0,0.0,0.0,0.0,0.0,0.0,0.256,1.056,3.434,10.0,0.0,0.0,2.0,0.0,0.0,0.0,0.0,0.0,0.0,,,,,,,,,,,,,,,,,,,,,,,,,,,,,,,,,276.4,,,,,,,,,,,,,,,,,,,0.008,,,,,,,,,,,,,,,,,,0.013,,,,,,,,,,,,,,,,,,0.0,0.0,0.0,0.0,0.0,0.0,0.0,0.005,10.0,1.0,0.0,0.0,0.0,0.0,0.0,0.0,0.0,0.0,0.015,,,,,,,,,,,,,,,,,,3.0,8.0,,,,,,,,,,,11.0,16.0,11.0,16.0,17.0,26.0,26.0,0.0,0.0,0.0,0.0,0.0,17.6,,270.14,2.64,,285.0,0.0,,0.0,,,,,,,,,,,,,,,,,,,,,,,,,0.0,0.0,0.0,0.0,0.0,0.0,0.0,0.0,0.0,0.0,0.0,0.0,0.0,0.0,,,,,,,,,,,,,15.0,9.999e+20,,,,,,,,,,,,,,,,,,,,,,,,,,,,,9.0,3.2,5.2,5.6,6.02136,6.50877,6.64381,6.96859,7.46091,7.55044,4.8,8.10983,9.04713,9.22655,9.74068,10.774,11.1035,12.0947,12.3044,12.5689,14.2988,19.2289,8.95165,3.32,25.0,2.0,2.0,1.0,0.0,0.0,0.0,46.0,3.0,9.999e+20,9.999e+20,9.999e+20,9.999e+20,9.999e+20,,83.0,,1360.0,,3.6,0.0,21.6,0.0,,53.0,6.8,1.6,3.2,1.2,5.9,10.9,13.4,14.5,1272.0,904.0,1008.0,824.0,1232.0,1456.0,1768.0,1888.0,,,33.0,24.0,,,,,,1.93898,279.24,3.11,,,,,,,,,,,,,,,,,,,,,,,,,,,,,,,271.72,265.739,268.741,269.644,269.904,270.457,270.627,271.022,271.411,271.413,267.89,271.688,272.067,272.262,272.354,272.449,272.681,273.05,273.534,273.966,274.479,276.651,0.0,0.0,0.0,0.0,0.0,35.0,80.0,0.0,9.999e+20,,,90.0,3.7,,,,,,2.0,,,,,,,4906.0,280.0,280.0,280.0,,278.1,,,,,,,,,,,,,,,,,,,,,,,,,,,,,3.8,1.2,2.0,2.0,2.0,2.4,2.4,2.8,2.8,3.2,1.6,3.2,3.6,4.0,4.0,4.4,4.8,5.2,5.6,6.22323,7.11138,9.04384,3.78793,1.82,0.0,0.0,0.0,0.0,43.0,0.0,16.0,2.0,4.2,4.7,
2026041119,,,,,,,,,,,,,,,,,,,,,,,,,,,,,,,,,0.0,,,,,,,,,,,,,,,,,,,,,,,,,,,,,,,,,,,,,,,,,,,,,,,,,,,,,,,,,,,,,,,,,,,,,,,,,,,,,,,,,,,,,,,,,,,,,,,,,,,,,,,,,,,,,,,,,,,,,,,,,,,,,,,,,,,,,,,,,,,,,,,,,,,,,,,,,,,,,,,,,,,,,,,,,,,,,,,,,,,,,,,,,,,,,,,,,,,,,,,,,,,,,,,,,,,,,,,,,,,,,,,,,,,,,,,,,,,,,,,,,,,,,,,,,,,,,,,,,,,,,,,,,,,,,,,,,,,,,,,,,,,,,,,,,,,,,,,,,,,,,,,,,,,,,,,,,,,,,,,,,,,,,,,,,,,,,,,,,,,,,,,,,,,,,,,,,,,,,,,,,,,,,,,,,,,,,,,,,,,,,,,,,,,,,,,,,,,,,,,,,,,,,,,,,,,,,,,,,,,,,,,,,,,,,,,,,,,,,,,,,,,,,,,,,,,,,,,,,,,,,,,,,,,,,,,,,,,,,,,,,,,,,,,,,,,,,,,,,,,,,,,,,,,,,,,,,,,,,,,,,,,,,,,,,,,,,,,,,,,,,,,,,,,,,,,,,,,,
2026041120,,,,,,,,,,,,,,,,,,,,,,,,,,,,,,,,,0.0,,,,,,,,,,,,,,,,,,,,,,,,,,,,,,,,,,,,,,,,,,,,,,,,,,,,,,,,,,,,,,,,,,,,,,,,,,,,,,,,,,,,,,,,,,,,,,,,,,,,,,,,,,,,,,,,,,,,,,,,,,,,,,,,,,,,,,,,,,,,,,,,,,,,,,,,,,,,,,,,,,,,,,,,,,,,,,,,,,,,,,,,,,,,,,,,,,,,,,,,,,,,,,,,,,,,,,,,,,,,,,,,,,,,,,,,,,,,,,,,,,,,,,,,,,,,,,,,,,,,,,,,,,,,,,,,,,,,,,,,,,,,,,,,,,,,,,,,,,,,,,,,,,,,,,,,,,,,,,,,,,,,,,,,,,,,,,,,,,,,,,,,,,,,,,,,,,,,,,,,,,,,,,,,,,,,,,,,,,,,,,,,,,,,,,,,,,,,,,,,,,,,,,,,,,,,,,,,,,,,,,,,,,,,,,,,,,,,,,,,,,,,,,,,,,,,,,,,,,,,,,,,,,,,,,,,,,,,,,,,,,,,,,,,,,,,,,,,,,,,,,,,,,,,,,,,,,,,,,,,,,,,,,,,,,,,,,,,,,,,,,,,,,,,,,,,,,,,
2026041121,,,,,,,,,,,,,,,,,,,,,,,,,,,,,,,,,0.0,,,,,,,,,,,,,,,,,,,,,,,,,,,,,,,,,,,,,,,,,,,,,,,,,,,,,,,,,,,,,,,,,,,,,,,,,,,,,,,,,,,,,,,,,,,,,,,,,,,,,,,,,,,,,,,,,,,,,,,,,,,,,,,,,,,,,,,,,,,,,,,,,,,,,,,,,,,,,,,,,,,,,,,,,,,,,,,,,,,,,,,,,,,,,,,,,,,,,,,,,,,,,,,,,,,,,,,,,,,,,,,,,,,,,,,,,,,,,,,,,,,,,,,,,,,,,,,,,,,,,,,,,,,,,,,,,,,,,,,,,,,,,,,,,,,,,,,,,,,,,,,,,,,,,,,,,,,,,,,,,,,,,,,,,,,,,,,,,,,,,,,,,,,,,,,,,,,,,,,,,,,,,,,,,,,,,,,,,,,,,,,,,,,,,,,,,,,,,,,,,,,,,,,,,,,,,,,,,,,,,,,,,,,,,,,,,,,,,,,,,,,,,,,,,,,,,,,,,,,,,,,,,,,,,,,,,,,,,,,,,,,,,,,,,,,,,,,,,,,,,,,,,,,,,,,,,,,,,,,,,,,,,,,,,,,,,,,,,,,,,,,,,,,,,,,,,,,,
2026041122,,,,,,,,,,,,,,,,,,,,,,,,,,,,,,,,,0.0,,,,,,,,,,,,,,,,,,,,,,,,,,,,,,,,,,,,,,,,,,,,,,,,,,,,,,,,,,,,,,,,,,,,,,,,,,,,,,,,,,,,,,,,,,,,,,,,,,,,,,,,,,,,,,,,,,,,,,,,,,,,,,,,,,,,,,,,,,,,,,,,,,,,,,,,,,,,,,,,,,,,,,,,,,,,,,,,,,,,,,,,,,,,,,,,,,,,,,,,,,,,,,,,,,,,,,,,,,,,,,,,,,,,,,,,,,,,,,,,,,,,,,,,,,,,,,,,,,,,,,,,,,,,,,,,,,,,,,,,,,,,,,,,,,,,,,,,,,,,,,,,,,,,,,,,,,,,,,,,,,,,,,,,,,,,,,,,,,,,,,,,,,,,,,,,,,,,,,,,,,,,,,,,,,,,,,,,,,,,,,,,,,,,,,,,,,,,,,,,,,,,,,,,,,,,,,,,,,,,,,,,,,,,,,,,,,,,,,,,,,,,,,,,,,,,,,,,,,,,,,,,,,,,,,,,,,,,,,,,,,,,,,,,,,,,,,,,,,,,,,,,,,,,,,,,,,,,,,,,,,,,,,,,,,,,,,,,,,,,,,,,,,,,,,,,,,,,
2026041123,,,,,,,,,,,,,,,,,,,,,,,,,,,,,,,,,0.0,,,,,,,,,,,,,,,,,,,,,,,,,,,,,,,,,,,,,,,,,,,,,,,,,,,,,,,,,,,,,,,,,,,,,,,,,,,,,,,,,,,,,,,,,,,,,,,,,,,,,,,,,,,,,,,,,,,,,,,,,,,,,,,,,,,,,,,,,,,,,,,,,,,,,,,,,,,,,,,,,,,,,,,,,,,,,,,,,,,,,,,,,,,,,,,,,,,,,,,,,,,,,,,,,,,,,,,,,,,,,,,,,,,,,,,,,,,,,,,,,,,,,,,,,,,,,,,,,,,,,,,,,,,,,,,,,,,,,,,,,,,,,,,,,,,,,,,,,,,,,,,,,,,,,,,,,,,,,,,,,,,,,,,,,,,,,,,,,,,,,,,,,,,,,,,,,,,,,,,,,,,,,,,,,,,,,,,,,,,,,,,,,,,,,,,,,,,,,,,,,,,,,,,,,,,,,,,,,,,,,,,,,,,,,,,,,,,,,,,,,,,,,,,,,,,,,,,,,,,,,,,,,,,,,,,,,,,,,,,,,,,,,,,,,,,,,,,,,,,,,,,,,,,,,,,,,,,,,,,,,,,,,,,,,,,,,,,,,,,,,,,,,,,,,,,,,,,,
2026041200,0.68,0.0,0.0,0.0,0.0,0.0,0.0,0.0,0.0,0.0,0.0,0.0,0.0,0.0,0.0,0.0,0.029,0.483,1.092,2.418,4.153,9.538,23.0,0.0,0.0,0.0,0.0,9.0,0.0,0.0,2.0,0.0,0.0,,1.724,0.0,0.0,0.0,0.0,0.0,0.0,0.0,0.0,0.0,0.0,0.0,0.0,0.0,0.003,0.403,1.138,2.184,4.066,6.125,9.195,17.187,31.0,0.0,2.0,0.0,0.0,0.0,0.0,0.0,9.0,0.0,,,,,,,,,,,,,,,,,,,,,,,,,,,,,,,,,0.254,0.0,0.0,0.0,0.0,0.0,0.0,0.0,0.0,0.0,0.0,0.0,0.0,0.0,0.0,0.0,0.0,0.267,0.782,1.561,3.062,7.719,20.0,0.0,0.0,6.0,0.0,0.0,0.0,1.0,0.0,0.0,,,,,,,,,,,,,,,,,,,,,,,,,,,,,,,,,277.73,,,,,,,,,,,,,,,,,,,0.01,0.0,0.0,0.0,0.0,0.005,0.028,0.069,33.0,14.0,8.0,3.0,0.0,0.0,0.0,0.0,0.0,0.0,0.013,0.0,0.0,0.0,0.0,0.013,0.043,0.099,18.0,10.0,6.0,1.0,0.0,0.0,0.0,0.0,0.0,0.0,0.005,0.0,0.0,0.0,0.0,0.0,0.01,0.025,24.0,7.0,1.0,1.0,1.0,0.0,0.0,0.0,0.0,0.0,0.018,0.0,0.0,0.0,0.0,0.015,0.061,0.117,21.0,7.0,2.0,1.0,0.0,0.0,0.0,0.0,0.0,0.0,11.0,14.0,,,,,,,,,,,13.0,16.0,13.0,16.0,18.0,21.0,21.0,0.0,0.0,0.0,0.0,0.0,17.3,,272.38,3.11,,714.0,0.0,,0.0,0.0,0.0,0.0,0.0,0.0,0.0,0.0,0.0,0.0,0.0,0.0,0.0,0.0,0.0,0.0,0.0,0.0,0.0,0.0,0.0,0.0,0.0,0.0,0.0,0.0,0.0,0.0,0.0,0.0,0.0,0.0,0.0,0.0,0.0,0.0,0.0,0.0,0.0,0.0,0.0,0.0,0.0,0.0,0.0,0.0,0.0,0.0,0.0,0.0,0.0,17.2,9.999e+20,,,,,,,,,,,,,,,,,,,,,,,,,,,,,10.9,3.6,6.0,6.4,7.2,7.6,8.0,8.67643,8.94072,9.43714,5.2,10.658,11.0066,11.528,11.684,12.2731,12.6887,13.6429,15.5941,16.3448,17.8986,20.6036,10.5337,4.12,40.0,16.0,7.0,1.0,0.0,0.0,0.0,61.0,3.0,9.999e+20,9.999e+20,9.999e+20,9.999e+20,9.999e+20,,,,1760.0,0.0,7.2,0.0,22.8,0.0,,56.0,5.7,1.1,2.3,0.5,5.5,8.6,11.1,12.9,1512.0,1096.0,1216.0,1024.0,1432.0,1720.0,2056.0,2136.0,,,39.0,26.0,,281.84,4.45,,,,280.69,3.76,,,,,,,,,,,,,,,,,,,,,,,,,,,,,,,,,,,,,,,,,,,,,,,,,,,,,,,,,,,,,9.999e+20,,,10.0,4.5,2.0,,,,,2.0,,,,,,,7953.0,270.0,270.0,270.0,,278.4,,,,,,,,,,,,,,,,,,,,,,,,,,,,,4.5,1.2,2.4,2.4,2.8,3.2,3.2,3.6,3.6,4.0,2.0,4.4,4.8,4.8,5.2,5.2,6.0,6.4,6.8,7.6,7.94335,8.78333,4.5177,2.02,0.0,0.0,0.0,0.0,61.0,0.0,27.0,3.0,5.3,5.7,
2026041201,,,,,,,,,,,,,,,,,,,,,,,,,,,,,,,,,0.0,,,,,,,,,,,,,,,,,,,,,,,,,,,,,,,,,,,,,,,,,,,,,,,,,,,,,,,,,,,,,,,,,,,,,,,,,,,,,,,,,,,,,,,,,,,,,,,,,,,,,,,,,,,,,,,,,,,,,,,,,,,,,,,,,,,,,,,,,,,,,,,,,,,,,,,,,,,,,,,,,,,,,,,,,,,,,,,,,,,,,,,,,,,,,,,,,,,,,,,,,,,,,,,,,,,,,,,,,,,,,,,,,,,,,,,,,,,,,,,,,,,,,,,,,,,,,,,,,,,,,,,,,,,,,,,,,,,,,,,,,,,,,,,,,,,,,,,,,,,,,,,,,,,,,,,,,,,,,,,,,,,,,,,,,,,,,,,,,,,,,,,,,,,,,,,,,,,,,,,,,,,,,,,,,,,,,,,,,,,,,,,,,,,,,,,,,,,,,,,,,,,,,,,,,,,,,,,,,,,,,,,,,,,,,,,,,,,,,,,,,,,,,,,,,,,,,,,,,,,,,,,,,,,,,,,,,,,,,,,,,,,,,,,,,,,,,,,,,,,,,,,,,,,,,,,,,,,,,,,,,,,,,,,,,,,,,,,,,,,,,,,,,,,,,,,,,,,,
2026041202,,,,,,,,,,,,,,,,,,,,,,,,,,,,,,,,,0.0,,,,,,,,,,,,,,,,,,,,,,,,,,,,,,,,,,,,,,,,,,,,,,,,,,,,,,,,,,,,,,,,,,,,,,,,,,,,,,,,,,,,,,,,,,,,,,,,,,,,,,,,,,,,,,,,,,,,,,,,,,,,,,,,,,,,,,,,,,,,,,,,,,,,,,,,,,,,,,,,,,,,,,,,,,,,,,,,,,,,,,,,,,,,,,,,,,,,,,,,,,,,,,,,,,,,,,,,,,,,,,,,,,,,,,,,,,,,,,,,,,,,,,,,,,,,,,,,,,,,,,,,,,,,,,,,,,,,,,,,,,,,,,,,,,,,,,,,,,,,,,,,,,,,,,,,,,,,,,,,,,,,,,,,,,,,,,,,,,,,,,,,,,,,,,,,,,,,,,,,,,,,,,,,,,,,,,,,,,,,,,,,,,,,,,,,,,,,,,,,,,,,,,,,,,,,,,,,,,,,,,,,,,,,,,,,,,,,,,,,,,,,,,,,,,,,,,,,,,,,,,,,,,,,,,,,,,,,,,,,,,,,,,,,,,,,,,,,,,,,,,,,,,,,,,,,,,,,,,,,,,,,,,,,,,,,,,,,,,,,,,,,,,,,,,,,,,,,
2026041203,,,,,,,,,,,,,,,,,,,,,,,,,,,,,,,,,0.0,,,,,,,,,,,,,,,,,,,,,,,,,,,,,,,,,,,,,,,,,,,,,,,,,,,,,,,,,,,,,,,,,,,,,,,,,,,,,,,,,,,,,,,,,,,,,,,,,,,,,,,,,,,,,,,,,,,,,,,,,,,,,,,,,,,,,,,,,,,,,,,,,,,,,,,,,,,,,,,,,,,,,,,,,,,,,,,,,,,,,,,,,,,,,,,,,,,,,,,,,,,,,,,,,,,,,,,,,,,,,,,,,,,,,,,,,,,,,,,,,,,,,,,,,,,,,,,,,,,,,,,,,,,,,,,,,,,,,,,,,,,,,,,,,,,,,,,,,,,,,,,,,,,,,,,,,,,,,,,,,,,,,,,,,,,,,,,,,,,,,,,,,,,,,,,,,,,,,,,,,,,,,,,,,,,,,,,,,,,,,,,,,,,,,,,,,,,,,,,,,,,,,,,,,,,,,,,,,,,,,,,,,,,,,,,,,,,,,,,,,,,,,,,,,,,,,,,,,,,,,,,,,,,,,,,,,,,,,,,,,,,,,,,,,,,,,,,,,,,,,,,,,,,,,,,,,,,,,,,,,,,,,,,,,,,,,,,,,,,,,,,,,,,,,,,,,,,,
2026041204,,,,,,,,,,,,,,,,,,,,,,,,,,,,,,,,,0.0,,,,,,,,,,,,,,,,,,,,,,,,,,,,,,,,,,,,,,,,,,,,,,,,,,,,,,,,,,,,,,,,,,,,,,,,,,,,,,,,,,,,,,,,,,,,,,,,,,,,,,,,,,,,,,,,,,,,,,,,,,,,,,,,,,,,,,,,,,,,,,,,,,,,,,,,,,,,,,,,,,,,,,,,,,,,,,,,,,,,,,,,,,,,,,,,,,,,,,,,,,,,,,,,,,,,,,,,,,,,,,,,,,,,,,,,,,,,,,,,,,,,,,,,,,,,,,,,,,,,,,,,,,,,,,,,,,,,,,,,,,,,,,,,,,,,,,,,,,,,,,,,,,,,,,,,,,,,,,,,,,,,,,,,,,,,,,,,,,,,,,,,,,,,,,,,,,,,,,,,,,,,,,,,,,,,,,,,,,,,,,,,,,,,,,,,,,,,,,,,,,,,,,,,,,,,,,,,,,,,,,,,,,,,,,,,,,,,,,,,,,,,,,,,,,,,,,,,,,,,,,,,,,,,,,,,,,,,,,,,,,,,,,,,,,,,,,,,,,,,,,,,,,,,,,,,,,,,,,,,,,,,,,,,,,,,,,,,,,,,,,,,,,,,,,,,,,,,
2026041205,,,,,,,,,,,,,,,,,,,,,,,,,,,,,,,,,0.0,,,,,,,,,,,,,,,,,,,,,,,,,,,,,,,,,,,,,,,,,,,,,,,,,,,,,,,,,,,,,,,,,,,,,,,,,,,,,,,,,,,,,,,,,,,,,,,,,,,,,,,,,,,,,,,,,,,,,,,,,,,,,,,,,,,,,,,,,,,,,,,,,,,,,,,,,,,,,,,,,,,,,,,,,,,,,,,,,,,,,,,,,,,,,,,,,,,,,,,,,,,,,,,,,,,,,,,,,,,,,,,,,,,,,,,,,,,,,,,,,,,,,,,,,,,,,,,,,,,,,,,,,,,,,,,,,,,,,,,,,,,,,,,,,,,,,,,,,,,,,,,,,,,,,,,,,,,,,,,,,,,,,,,,,,,,,,,,,,,,,,,,,,,,,,,,,,,,,,,,,,,,,,,,,,,,,,,,,,,,,,,,,,,,,,,,,,,,,,,,,,,,,,,,,,,,,,,,,,,,,,,,,,,,,,,,,,,,,,,,,,,,,,,,,,,,,,,,,,,,,,,,,,,,,,,,,,,,,,,,,,,,,,,,,,,,,,,,,,,,,,,,,,,,,,,,,,,,,,,,,,,,,,,,,,,,,,,,,,,,,,,,,,,,,,,,,,,,
2026041206,0.996,0.0,0.0,0.0,0.0,0.0,0.0,0.0,0.0,0.0,0.0,0.0,0.0,0.0,0.0,0.0,0.462,1.105,2.09,3.516,5.648,14.277,26.0,0.0,1.0,0.0,0.0,13.0,0.0,0.0,4.0,0.0,0.0,,,,,,,,,,,,,,,,,,,,,,,,,,,,,,,,,,,,,,,,,,,,,,,,,,,,,,,,,,,,,,,,,,0.0,0.0,0.0,0.0,0.0,0.0,0.0,0.0,0.0,0.0,0.0,0.0,0.0,0.0,0.0,0.0,0.0,0.079,0.613,1.471,2.832,7.191,18.0,0.0,0.0,6.0,0.0,0.0,0.0,2.0,0.0,0.0,,,,,,,,,,,,,,,,,,,,,,,,,,,,,,,,,271.47,,,,,,,,,,,,,,,,,,,0.01,,,,,,,,,,,,,,,,,,0.015,,,,,,,,,,,,,,,,,,0.003,0.0,0.0,0.0,0.0,0.0,0.005,0.013,19.0,3.0,2.0,0.0,0.0,0.0,0.0,0.0,0.0,0.0,0.018,,,,,,,,,,,,,,,,,,0.0,1.0,,,,,,,,,,,12.0,14.0,12.0,15.0,16.0,21.0,21.0,0.0,0.0,0.0,0.0,0.0,16.0,,272.14,2.38,,52.0,1.0,,0.0,,,,,,,,,,,,,,,,,,,,,,,,,0.0,0.0,0.0,0.0,0.0,0.0,0.0,0.0,0.0,0.0,0.0,0.0,0.0,0.0,,,,,,,,,,,,,17.0,9.999e+20,16.165,9.98819,11.3922,11.5912,12.5911,12.7959,13.0012,13.6331,14.1755,14.7645,10.8247,15.404,15.9639,16.5421,17.469,18.0432,18.7174,19.8048,20.5289,21.6993,23.4656,28.3198,90.0,34.0,12.0,3.0,1.0,0.0,7.3,2.0,3.6,4.0,4.4,4.4,4.8,5.20313,5.63547,5.7009,3.2,6.95476,6.99001,7.55853,8.04651,8.49205,9.00078,10.274,11.6813,12.2678,13.1271,17.1302,7.29872,3.8,16.0,3.0,1.0,1.0,1.0,0.0,0.0,26.0,3.0,9.999e+20,9.999e+20,9.999e+20,9.999e+20,9.999e+20,,,53.0,160.0,,2.4,1.2,18.0,0.0,,83.0,6.7,1.4,3.5,1.1,6.0,11.1,12.7,13.8,1368.0,896.0,1064.0,800.0,1320.0,1560.0,1936.0,2048.0,,,31.0,22.0,,,,,,3.12033,274.9,2.37,280.168,274.62,276.085,276.816,277.304,277.972,277.988,278.774,279.221,279.602,275.308,280.072,280.842,281.329,281.321,281.708,282.479,282.995,283.902,284.677,286.859,287.169,0.0,0.0,0.0,0.0,0.0,0.0,0.0,0.0,,,,,,,,,,,,,,,,,,,,,,,,,,,,,,,9.999e+20,,,270.0,4.0,,,,,,1.0,,,,,,,512.0,280.0,280.0,280.0,,274.2,7.43593,3.6,5.2,5.2,5.6,5.6,6.0,6.4,6.49109,6.93428,4.8,6.97674,7.42133,7.87477,8.29615,8.73527,9.1854,9.65962,10.1494,10.6333,11.9699,13.4174,7.0,0.0,0.0,0.0,78.0,31.0,3.2,0.4,1.2,1.2,1.6,1.6,2.0,2.0,2.0,2.4,0.8,2.8,3.2,3.2,3.2,3.6,4.0,4.4,5.2,5.6,6.8,7.9765,3.21206,2.02,1.0,0.0,0.0,0.0,31.0,0.0,11.0,1.0,3.6,4.0,
2026041207,,,,,,,,,,,,,,,,,,,,,,,,,,,,,,,,,0.0,,,,,,,,,,,,,,,,,,,,,,,,,,,,,,,,,,,,,,,,,,,,,,,,,,,,,,,,,,,,,,,,,,,,,,,,,,,,,,,,,,,,,,,,,,,,,,,,,,,,,,,,,,,,,,,,,,,,,,,,,,,,,,,,,,,,,,,,,,,,,,,,,,,,,,,,,,,,,,,,,,,,,,,,,,,,,,,,,,,,,,,,,,,,,,,,,,,,,,,,,,,,,,,,,,,,,,,,,,,,,,,,,,,,,,,,,,,,,,,,,,,,,,,,,,,,,,,,,,,,,,,,,,,,,,,,,,,,,,,,,,,,,,,,,,,,,,,,,,,,,,,,,,,,,,,,,,,,,,,,,,,,,,,,,,,,,,,,,,,,,,,,,,,,,,,,,,,,,,,,,,,,,,,,,,,,,,,,,,,,,,,,,,,,,,,,,,,,,,,,,,,,,,,,,,,,,,,,,,,,,,,,,,,,,,,,,,,,,,,,,,,,,,,,,,,,,,,,,,,,,,,,,,,,,,,,,,,,,,,,,,,,,,,,,,,,,,,,,,,,,,,,,,,,,,,,,,,,,,,,,,,,,,,,,,,,,,,,,,,,,,,,,,,,,,,,,,,,
2026041208,,,,,,,,,,,,,,,,,,,,,,,,,,,,,,,,,0.0,,,,,,,,,,,,,,,,,,,,,,,,,,,,,,,,,,,,,,,,,,,,,,,,,,,,,,,,,,,,,,,,,,,,,,,,,,,,,,,,,,,,,,,,,,,,,,,,,,,,,,,,,,,,,,,,,,,,,,,,,,,,,,,,,,,,,,,,,,,,,,,,,,,,,,,,,,,,,,,,,,,,,,,,,,,,,,,,,,,,,,,,,,,,,,,,,,,,,,,,,,,,,,,,,,,,,,,,,,,,,,,,,,,,,,,,,,,,,,,,,,,,,,,,,,,,,,,,,,,,,,,,,,,,,,,,,,,,,,,,,,,,,,,,,,,,,,,,,,,,,,,,,,,,,,,,,,,,,,,,,,,,,,,,,,,,,,,,,,,,,,,,,,,,,,,,,,,,,,,,,,,,,,,,,,,,,,,,,,,,,,,,,,,,,,,,,,,,,,,,,,,,,,,,,,,,,,,,,,,,,,,,,,,,,,,,,,,,,,,,,,,,,,,,,,,,,,,,,,,,,,,,,,,,,,,,,,,,,,,,,,,,,,,,,,,,,,,,,,,,,,,,,,,,,,,,,,,,,,,,,,,,,,,,,,,,,,,,,,,,,,,,,,,,,,,,,,,,
2026041209,,,,,,,,,,,,,,,,,,,,,,,,,,,,,,,,,0.0,,,,,,,,,,,,,,,,,,,,,,,,,,,,,,,,,,,,,,,,,,,,,,,,,,,,,,,,,,,,,,,,,,,,,,,,,,,,,,,,,,,,,,,,,,,,,,,,,,,,,,,,,,,,,,,,,,,,,,,,,,,,,,,,,,,,,,,,,,,,,,,,,,,,,,,,,,,,,,,,,,,,,,,,,,,,,,,,,,,,,,,,,,,,,,,,,,,,,,,,,,,,,,,,,,,,,,,,,,,,,,,,,,,,,,,,,,,,,,,,,,,,,,,,,,,,,,,,,,,,,,,,,,,,,,,,,,,,,,,,,,,,,,,,,,,,,,,,,,,,,,,,,,,,,,,,,,,,,,,,,,,,,,,,,,,,,,,,,,,,,,,,,,,,,,,,,,,,,,,,,,,,,,,,,,,,,,,,,,,,,,,,,,,,,,,,,,,,,,,,,,,,,,,,,,,,,,,,,,,,,,,,,,,,,,,,,,,,,,,,,,,,,,,,,,,,,,,,,,,,,,,,,,,,,,,,,,,,,,,,,,,,,,,,,,,,,,,,,,,,,,,,,,,,,,,,,,,,,,,,,,,,,,,,,,,,,,,,,,,,,,,,,,,,,,,,,,,,
2026041210,,,,,,,,,,,,,,,,,,,,,,,,,,,,,,,,,0.0,,,,,,,,,,,,,,,,,,,,,,,,,,,,,,,,,,,,,,,,,,,,,,,,,,,,,,,,,,,,,,,,,,,,,,,,,,,,,,,,,,,,,,,,,,,,,,,,,,,,,,,,,,,,,,,,,,,,,,,,,,,,,,,,,,,,,,,,,,,,,,,,,,,,,,,,,,,,,,,,,,,,,,,,,,,,,,,,,,,,,,,,,,,,,,,,,,,,,,,,,,,,,,,,,,,,,,,,,,,,,,,,,,,,,,,,,,,,,,,,,,,,,,,,,,,,,,,,,,,,,,,,,,,,,,,,,,,,,,,,,,,,,,,,,,,,,,,,,,,,,,,,,,,,,,,,,,,,,,,,,,,,,,,,,,,,,,,,,,,,,,,,,,,,,,,,,,,,,,,,,,,,,,,,,,,,,,,,,,,,,,,,,,,,,,,,,,,,,,,,,,,,,,,,,,,,,,,,,,,,,,,,,,,,,,,,,,,,,,,,,,,,,,,,,,,,,,,,,,,,,,,,,,,,,,,,,,,,,,,,,,,,,,,,,,,,,,,,,,,,,,,,,,,,,,,,,,,,,,,,,,,,,,,,,,,,,,,,,,,,,,,,,,,,,,,,,,,,
2026041211,,,,,,,,,,,,,,,,,,,,,,,,,,,,,,,,,0.0,,,,,,,,,,,,,,,,,,,,,,,,,,,,,,,,,,,,,,,,,,,,,,,,,,,,,,,,,,,,,,,,,,,,,,,,,,,,,,,,,,,,,,,,,,,,,,,,,,,,,,,,,,,,,,,,,,,,,,,,,,,,,,,,,,,,,,,,,,,,,,,,,,,,,,,,,,,,,,,,,,,,,,,,,,,,,,,,,,,,,,,,,,,,,,,,,,,,,,,,,,,,,,,,,,,,,,,,,,,,,,,,,,,,,,,,,,,,,,,,,,,,,,,,,,,,,,,,,,,,,,,,,,,,,,,,,,,,,,,,,,,,,,,,,,,,,,,,,,,,,,,,,,,,,,,,,,,,,,,,,,,,,,,,,,,,,,,,,,,,,,,,,,,,,,,,,,,,,,,,,,,,,,,,,,,,,,,,,,,,,,,,,,,,,,,,,,,,,,,,,,,,,,,,,,,,,,,,,,,,,,,,,,,,,,,,,,,,,,,,,,,,,,,,,,,,,,,,,,,,,,,,,,,,,,,,,,,,,,,,,,,,,,,,,,,,,,,,,,,,,,,,,,,,,,,,,,,,,,,,,,,,,,,,,,,,,,,,,,,,,,,,,,,,,,,,,,,,
2026041212,0.713,0.0,0.0,0.0,0.0,0.0,0.0,0.0,0.0,0.0,0.0,0.0,0.0,0.0,0.0,0.0,0.0,0.274,0.918,1.951,4.619,12.695,20.0,0.0,1.0,0.0,0.0,8.0,0.0,0.0,3.0,0.0,0.0,,2.004,0.0,0.0,0.0,0.0,0.0,0.0,0.0,0.0,0.0,0.0,0.0,0.0,0.0,0.0,0.421,1.114,2.306,4.427,6.53,10.217,29.107,31.0,0.0,3.0,0.0,0.0,0.0,1.0,0.0,10.0,0.0,3.278,0.0,0.0,0.0,0.0,0.0,0.0,0.0,0.0,0.0,0.0,0.0,0.0,0.58,1.378,2.591,4.197,5.999,7.72,10.259,14.14,32.874,6.0,0.0,30.0,0.0,2.0,0.0,0.0,0.0,0.0,0.0,0.0,0.0,0.0,0.0,0.0,0.0,0.0,0.0,0.0,0.0,0.0,0.0,0.0,0.0,0.0,0.0,0.0,0.0,0.0,0.005,0.833,5.561,8.0,0.0,0.0,3.0,0.0,0.0,0.0,1.0,0.0,0.0,4.165,0.0,0.0,0.0,0.0,0.0,0.0,0.0,0.0,0.0,0.0,0.0,0.38,1.205,2.281,3.966,5.752,7.277,9.705,12.423,18.527,37.865,0.0,0.0,3.0,0.0,0.0,0.0,0.0,23.0,0.0,0.0,270.38,,,,,,,,,,,,,,,,,,,0.008,0.0,0.0,0.0,0.0,0.005,0.02,0.041,32.0,11.0,4.0,1.0,1.0,1.0,0.0,0.0,0.0,0.0,0.015,0.0,0.0,0.0,0.0,0.013,0.041,0.099,20.0,10.0,6.0,2.0,1.0,0.0,0.0,0.0,0.0,0.0,0.0,0.0,0.0,0.0,0.0,0.0,0.0,0.003,7.0,1.0,0.0,0.0,0.0,0.0,0.0,0.0,0.0,0.0,0.02,0.0,0.0,0.0,0.0,0.015,0.051,0.119,21.0,7.0,4.0,2.0,0.0,0.0,0.0,0.0,0.0,0.0,0.0,1.0,,,,,,,,,,,12.0,13.0,12.0,16.0,17.0,18.0,18.0,0.0,0.0,0.0,0.0,0.0,15.2,,271.05,3.04,,0.0,2.0,,0.0,0.0,0.0,0.0,0.0,0.0,0.0,0.0,0.0,0.0,0.0,0.0,0.0,0.0,0.0,0.0,0.0,0.0,0.0,0.0,0.0,0.0,0.0,0.0,0.0,0.0,0.0,0.0,0.0,0.0,0.0,0.0,0.0,0.0,0.0,0.0,0.0,0.0,0.0,0.0,0.0,0.0,0.0,0.0,0.0,0.0,0.0,0.0,0.0,0.0,0.0,6.0,9.999e+20,,,,,,,,,,,,,,,,,,,,,,,,,,,,,6.7,2.0,3.2,3.6,4.0,4.4,4.8,5.2,5.6,6.02751,2.8,6.08279,6.51388,7.38423,7.43968,7.89776,8.78856,9.23619,10.1855,11.0907,12.8849,14.3656,6.70026,3.1,10.0,1.0,1.0,0.0,0.0,0.0,0.0,26.0,3.0,9.999e+20,9.999e+20,9.999e+20,9.999e+20,9.999e+20,,,,168.0,0.0,1.2,0.0,7.2,0.0,,83.0,7.3,1.8,3.8,0.8,7.2,11.2,13.9,15.0,1200.0,736.0,896.0,600.0,1152.0,1408.0,1744.0,1856.0,,,32.0,22.0,,,,272.83,2.65,,273.78,3.02,,,,,,,,,,,,,,,,,,,,,,,,,,,,,,,,,,,,,,,,,,,,,,,,,,,,,,,,,,,,,9.999e+20,,,310.0,4.2,2.0,,,,,0.0,,,,,,,538.0,280.0,280.0,280.0,,272.9,,,,,,,,,,,,,,,,,,,,,,,,,,,,,2.8,0.4,0.8,1.2,1.6,1.6,1.6,2.0,2.0,2.4,0.8,2.4,2.8,3.2,3.2,3.6,4.0,4.4,4.8,5.6,6.8,7.80261,2.80734,1.92,0.0,0.0,0.0,0.0,29.0,0.0,11.0,1.0,3.2,3.6,
2026041213,,,,,,,,,,,,,,,,,,,,,,,,,,,,,,,,,0.0,,,,,,,,,,,,,,,,,,,,,,,,,,,,,,,,,,,,,,,,,,,,,,,,,,,,,,,,,,,,,,,,,,,,,,,,,,,,,,,,,,,,,,,,,,,,,,,,,,,,,,,,,,,,,,,,,,,,,,,,,,,,,,,,,,,,,,,,,,,,,,,,,,,,,,,,,,,,,,,,,,,,,,,,,,,,,,,,,,,,,,,,,,,,,,,,,,,,,,,,,,,,,,,,,,,,,,,,,,,,,,,,,,,,,,,,,,,,,,,,,,,,,,,,,,,,,,,,,,,,,,,,,,,,,,,,,,,,,,,,,,,,,,,,,,,,,,,,,,,,,,,,,,,,,,,,,,,,,,,,,,,,,,,,,,,,,,,,,,,,,,,,,,,,,,,,,,,,,,,,,,,,,,,,,,,,,,,,,,,,,,,,,,,,,,,,,,,,,,,,,,,,,,,,,,,,,,,,,,,,,,,,,,,,,,,,,,,,,,,,,,,,,,,,,,,,,,,,,,,,,,,,,,,,,,,,,,,,,,,,,,,,,,,,,,,,,,,,,,,,,,,,,,,,,,,,,,,,,,,,,,,,,,,,,,,,,,,,,,,,,,,,,,,,,,,,,,,,
2026041214,,,,,,,,,,,,,,,,,,,,,,,,,,,,,,,,,0.0,,,,,,,,,,,,,,,,,,,,,,,,,,,,,,,,,,,,,,,,,,,,,,,,,,,,,,,,,,,,,,,,,,,,,,,,,,,,,,,,,,,,,,,,,,,,,,,,,,,,,,,,,,,,,,,,,,,,,,,,,,,,,,,,,,,,,,,,,,,,,,,,,,,,,,,,,,,,,,,,,,,,,,,,,,,,,,,,,,,,,,,,,,,,,,,,,,,,,,,,,,,,,,,,,,,,,,,,,,,,,,,,,,,,,,,,,,,,,,,,,,,,,,,,,,,,,,,,,,,,,,,,,,,,,,,,,,,,,,,,,,,,,,,,,,,,,,,,,,,,,,,,,,,,,,,,,,,,,,,,,,,,,,,,,,,,,,,,,,,,,,,,,,,,,,,,,,,,,,,,,,,,,,,,,,,,,,,,,,,,,,,,,,,,,,,,,,,,,,,,,,,,,,,,,,,,,,,,,,,,,,,,,,,,,,,,,,,,,,,,,,,,,,,,,,,,,,,,,,,,,,,,,,,,,,,,,,,,,,,,,,,,,,,,,,,,,,,,,,,,,,,,,,,,,,,,,,,,,,,,,,,,,,,,,,,,,,,,,,,,,,,,,,,,,,,,,,,,
2026041215,,,,,,,,,,,,,,,,,,,,,,,,,,,,,,,,,0.0,,,,,,,,,,,,,,,,,,,,,,,,,,,,,,,,,,,,,,,,,,,,,,,,,,,,,,,,,,,,,,,,,,,,,,,,,,,,,,,,,,,,,,,,,,,,,,,,,,,,,,,,,,,,,,,,,,,,,,,,,,,,,,,,,,,,,,,,,,,,,,,,,,,,,,,,,,,,,,,,,,,,,,,,,,,,,,,,,,,,,,,,,,,,,,,,,,,,,,,,,,,,,,,,,,,,,,,,,,,,,,,,,,,,,,,,,,,,,,,,,,,,,,,,,,,,,,,,,,,,,,,,,,,,,,,,,,,,,,,,,,,,,,,,,,,,,,,,,,,,,,,,,,,,,,,,,,,,,,,,,,,,,,,,,,,,,,,,,,,,,,,,,,,,,,,,,,,,,,,,,,,,,,,,,,,,,,,,,,,,,,,,,,,,,,,,,,,,,,,,,,,,,,,,,,,,,,,,,,,,,,,,,,,,,,,,,,,,,,,,,,,,,,,,,,,,,,,,,,,,,,,,,,,,,,,,,,,,,,,,,,,,,,,,,,,,,,,,,,,,,,,,,,,,,,,,,,,,,,,,,,,,,,,,,,,,,,,,,,,,,,,,,,,,,,,,,,,,
2026041216,,,,,,,,,,,,,,,,,,,,,,,,,,,,,,,,,0.0,,,,,,,,,,,,,,,,,,,,,,,,,,,,,,,,,,,,,,,,,,,,,,,,,,,,,,,,,,,,,,,,,,,,,,,,,,,,,,,,,,,,,,,,,,,,,,,,,,,,,,,,,,,,,,,,,,,,,,,,,,,,,,,,,,,,,,,,,,,,,,,,,,,,,,,,,,,,,,,,,,,,,,,,,,,,,,,,,,,,,,,,,,,,,,,,,,,,,,,,,,,,,,,,,,,,,,,,,,,,,,,,,,,,,,,,,,,,,,,,,,,,,,,,,,,,,,,,,,,,,,,,,,,,,,,,,,,,,,,,,,,,,,,,,,,,,,,,,,,,,,,,,,,,,,,,,,,,,,,,,,,,,,,,,,,,,,,,,,,,,,,,,,,,,,,,,,,,,,,,,,,,,,,,,,,,,,,,,,,,,,,,,,,,,,,,,,,,,,,,,,,,,,,,,,,,,,,,,,,,,,,,,,,,,,,,,,,,,,,,,,,,,,,,,,,,,,,,,,,,,,,,,,,,,,,,,,,,,,,,,,,,,,,,,,,,,,,,,,,,,,,,,,,,,,,,,,,,,,,,,,,,,,,,,,,,,,,,,,,,,,,,,,,,,,,,,,,,
2026041217,,,,,,,,,,,,,,,,,,,,,,,,,,,,,,,,,0.0,,,,,,,,,,,,,,,,,,,,,,,,,,,,,,,,,,,,,,,,,,,,,,,,,,,,,,,,,,,,,,,,,,,,,,,,,,,,,,,,,,,,,,,,,,,,,,,,,,,,,,,,,,,,,,,,,,,,,,,,,,,,,,,,,,,,,,,,,,,,,,,,,,,,,,,,,,,,,,,,,,,,,,,,,,,,,,,,,,,,,,,,,,,,,,,,,,,,,,,,,,,,,,,,,,,,,,,,,,,,,,,,,,,,,,,,,,,,,,,,,,,,,,,,,,,,,,,,,,,,,,,,,,,,,,,,,,,,,,,,,,,,,,,,,,,,,,,,,,,,,,,,,,,,,,,,,,,,,,,,,,,,,,,,,,,,,,,,,,,,,,,,,,,,,,,,,,,,,,,,,,,,,,,,,,,,,,,,,,,,,,,,,,,,,,,,,,,,,,,,,,,,,,,,,,,,,,,,,,,,,,,,,,,,,,,,,,,,,,,,,,,,,,,,,,,,,,,,,,,,,,,,,,,,,,,,,,,,,,,,,,,,,,,,,,,,,,,,,,,,,,,,,,,,,,,,,,,,,,,,,,,,,,,,,,,,,,,,,,,,,,,,,,,,,,,,,,,,
2026041218,0.405,0.0,0.0,0.0,0.0,0.0,0.0,0.0,0.0,0.0,0.0,0.0,0.0,0.0,0.0,0.0,0.0,0.0,0.103,0.873,2.455,7.682,14.0,0.0,0.0,0.0,0.0,5.0,0.0,0.0,2.0,0.0,0.0,,,,,,,,,,,,,,,,,,,,,,,,,,,,,,,,,,,,,,,,,,,,,,,,,,,,,,,,,,,,,,,,,,0.0,0.0,0.0,0.0,0.0,0.0,0.0,0.0,0.0,0.0,0.0,0.0,0.0,0.0,0.0,0.0,0.0,0.0,0.0,0.206,1.108,3.113,10.0,0.0,0.0,2.0,0.0,0.0,0.0,0.0,0.0,0.0,,,,,,,,,,,,,,,,,,,,,,,,,,,,,,,,,278.67,,,,,,,,,,,,,,,,,,,0.008,,,,,,,,,,,,,,,,,,0.015,,,,,,,,,,,,,,,,,,0.0,0.0,0.0,0.0,0.0,0.0,0.0,0.003,6.0,1.0,0.0,0.0,0.0,0.0,0.0,0.0,0.0,0.0,0.02,,,,,,,,,,,,,,,,,,2.0,4.0,,,,,,,,,,,12.0,14.0,12.0,15.0,17.0,19.0,19.0,0.0,0.0,0.0,0.0,0.0,16.6,,271.43,1.89,,279.0,0.0,,0.0,,,,,,,,,,,,,,,,,,,,,,,,,0.0,0.0,0.0,0.0,0.0,0.0,0.0,0.0,0.0,0.0,0.0,0.0,0.0,0.0,,,,,,,,,,,,,14.2,9.999e+20,,,,,,,,,,,,,,,,,,,,,,,,,,,,,8.6,3.6,4.8,5.2,5.6,6.0,6.00273,6.44014,7.34659,7.46215,4.4,7.98634,8.22401,8.33348,8.83908,9.33105,10.0189,10.6977,11.8175,12.5159,14.7268,17.7644,8.17209,3.2,18.0,3.0,2.0,0.0,0.0,0.0,0.0,36.0,3.0,9.999e+20,9.999e+20,9.999e+20,9.999e+20,9.999e+20,,83.0,,2072.0,,3.6,0.0,10.8,0.0,,51.0,6.2,1.4,3.5,0.6,6.0,9.2,12.0,13.0,1352.0,944.0,1104.0,856.0,1288.0,1584.0,1768.0,1976.0,,,42.0,9.0,,,,,,1.96786,280.87,3.65,,,,,,,,,,,,,,,,,,,,,,,,,,,,,,,272.182,266.369,269.478,270.349,270.594,270.614,271.113,271.092,271.431,271.656,268.977,271.664,272.121,272.113,272.693,272.995,273.264,273.707,274.232,274.569,275.801,276.876,0.0,0.0,0.0,0.0,0.0,30.0,70.0,0.0,9.999e+20,,,90.0,3.8,,,,,,2.0,,,,,,,7761.0,280.0,280.0,280.0,,279.2,,,,,,,,,,,,,,,,,,,,,,,,,,,,,3.7,1.2,1.6,2.0,2.0,2.4,2.8,2.8,2.8,3.2,1.6,3.2,3.6,4.0,4.0,4.4,4.8,5.2,5.2,5.86058,6.66637,8.0783,3.69596,1.6,0.0,0.0,0.0,0.0,43.0,0.0,13.0,0.0,4.1,4.5,
2026041219,,,,,,,,,,,,,,,,,,,,,,,,,,,,,,,,,0.0,,,,,,,,,,,,,,,,,,,,,,,,,,,,,,,,,,,,,,,,,,,,,,,,,,,,,,,,,,,,,,,,,,,,,,,,,,,,,,,,,,,,,,,,,,,,,,,,,,,,,,,,,,,,,,,,,,,,,,,,,,,,,,,,,,,,,,,,,,,,,,,,,,,,,,,,,,,,,,,,,,,,,,,,,,,,,,,,,,,,,,,,,,,,,,,,,,,,,,,,,,,,,,,,,,,,,,,,,,,,,,,,,,,,,,,,,,,,,,,,,,,,,,,,,,,,,,,,,,,,,,,,,,,,,,,,,,,,,,,,,,,,,,,,,,,,,,,,,,,,,,,,,,,,,,,,,,,,,,,,,,,,,,,,,,,,,,,,,,,,,,,,,,,,,,,,,,,,,,,,,,,,,,,,,,,,,,,,,,,,,,,,,,,,,,,,,,,,,,,,,,,,,,,,,,,,,,,,,,,,,,,,,,,,,,,,,,,,,,,,,,,,,,,,,,,,,,,,,,,,,,,,,,,,,,,,,,,,,,,,,,,,,,,,,,,,,,,,,,,,,,,,,,,,,,,,,,,,,,,,,,,,,,,,,,,,,,,,,,,,,,,,,,,,,,,,,,,,
2026041220,,,,,,,,,,,,,,,,,,,,,,,,,,,,,,,,,0.0,,,,,,,,,,,,,,,,,,,,,,,,,,,,,,,,,,,,,,,,,,,,,,,,,,,,,,,,,,,,,,,,,,,,,,,,,,,,,,,,,,,,,,,,,,,,,,,,,,,,,,,,,,,,,,,,,,,,,,,,,,,,,,,,,,,,,,,,,,,,,,,,,,,,,,,,,,,,,,,,,,,,,,,,,,,,,,,,,,,,,,,,,,,,,,,,,,,,,,,,,,,,,,,,,,,,,,,,,,,,,,,,,,,,,,,,,,,,,,,,,,,,,,,,,,,,,,,,,,,,,,,,,,,,,,,,,,,,,,,,,,,,,,,,,,,,,,,,,,,,,,,,,,,,,,,,,,,,,,,,,,,,,,,,,,,,,,,,,,,,,,,,,,,,,,,,,,,,,,,,,,,,,,,,,,,,,,,,,,,,,,,,,,,,,,,,,,,,,,,,,,,,,,,,,,,,,,,,,,,,,,,,,,,,,,,,,,,,,,,,,,,,,,,,,,,,,,,,,,,,,,,,,,,,,,,,,,,,,,,,,,,,,,,,,,,,,,,,,,,,,,,,,,,,,,,,,,,,,,,,,,,,,,,,,,,,,,,,,,,,,,,,,,,,,,,,,,,,
2026041221,,,,,,,,,,,,,,,,,,,,,,,,,,,,,,,,,0.0,,,,,,,,,,,,,,,,,,,,,,,,,,,,,,,,,,,,,,,,,,,,,,,,,,,,,,,,,,,,,,,,,,,,,,,,,,,,,,,,,,,,,,,,,,,,,,,,,,,,,,,,,,,,,,,,,,,,,,,,,,,,,,,,,,,,,,,,,,,,,,,,,,,,,,,,,,,,,,,,,,,,,,,,,,,,,,,,,,,,,,,,,,,,,,,,,,,,,,,,,,,,,,,,,,,,,,,,,,,,,,,,,,,,,,,,,,,,,,,,,,,,,,,,,,,,,,,,,,,,,,,,,,,,,,,,,,,,,,,,,,,,,,,,,,,,,,,,,,,,,,,,,,,,,,,,,,,,,,,,,,,,,,,,,,,,,,,,,,,,,,,,,,,,,,,,,,,,,,,,,,,,,,,,,,,,,,,,,,,,,,,,,,,,,,,,,,,,,,,,,,,,,,,,,,,,,,,,,,,,,,,,,,,,,,,,,,,,,,,,,,,,,,,,,,,,,,,,,,,,,,,,,,,,,,,,,,,,,,,,,,,,,,,,,,,,,,,,,,,,,,,,,,,,,,,,,,,,,,,,,,,,,,,,,,,,,,,,,,,,,,,,,,,,,,,,,,,,
2026041222,,,,,,,,,,,,,,,,,,,,,,,,,,,,,,,,,0.0,,,,,,,,,,,,,,,,,,,,,,,,,,,,,,,,,,,,,,,,,,,,,,,,,,,,,,,,,,,,,,,,,,,,,,,,,,,,,,,,,,,,,,,,,,,,,,,,,,,,,,,,,,,,,,,,,,,,,,,,,,,,,,,,,,,,,,,,,,,,,,,,,,,,,,,,,,,,,,,,,,,,,,,,,,,,,,,,,,,,,,,,,,,,,,,,,,,,,,,,,,,,,,,,,,,,,,,,,,,,,,,,,,,,,,,,,,,,,,,,,,,,,,,,,,,,,,,,,,,,,,,,,,,,,,,,,,,,,,,,,,,,,,,,,,,,,,,,,,,,,,,,,,,,,,,,,,,,,,,,,,,,,,,,,,,,,,,,,,,,,,,,,,,,,,,,,,,,,,,,,,,,,,,,,,,,,,,,,,,,,,,,,,,,,,,,,,,,,,,,,,,,,,,,,,,,,,,,,,,,,,,,,,,,,,,,,,,,,,,,,,,,,,,,,,,,,,,,,,,,,,,,,,,,,,,,,,,,,,,,,,,,,,,,,,,,,,,,,,,,,,,,,,,,,,,,,,,,,,,,,,,,,,,,,,,,,,,,,,,,,,,,,,,,,,,,,,,,
2026041223,,,,,,,,,,,,,,,,,,,,,,,,,,,,,,,,,0.0,,,,,,,,,,,,,,,,,,,,,,,,,,,,,,,,,,,,,,,,,,,,,,,,,,,,,,,,,,,,,,,,,,,,,,,,,,,,,,,,,,,,,,,,,,,,,,,,,,,,,,,,,,,,,,,,,,,,,,,,,,,,,,,,,,,,,,,,,,,,,,,,,,,,,,,,,,,,,,,,,,,,,,,,,,,,,,,,,,,,,,,,,,,,,,,,,,,,,,,,,,,,,,,,,,,,,,,,,,,,,,,,,,,,,,,,,,,,,,,,,,,,,,,,,,,,,,,,,,,,,,,,,,,,,,,,,,,,,,,,,,,,,,,,,,,,,,,,,,,,,,,,,,,,,,,,,,,,,,,,,,,,,,,,,,,,,,,,,,,,,,,,,,,,,,,,,,,,,,,,,,,,,,,,,,,,,,,,,,,,,,,,,,,,,,,,,,,,,,,,,,,,,,,,,,,,,,,,,,,,,,,,,,,,,,,,,,,,,,,,,,,,,,,,,,,,,,,,,,,,,,,,,,,,,,,,,,,,,,,,,,,,,,,,,,,,,,,,,,,,,,,,,,,,,,,,,,,,,,,,,,,,,,,,,,,,,,,,,,,,,,,,,,,,,,,,,,,,
2026041300,0.558,0.0,0.0,0.0,0.0,0.0,0.0,0.0,0.0,0.0,0.0,0.0,0.0,0.0,0.0,0.0,0.0,0.083,0.478,1.549,3.651,9.905,17.0,0.0,0.0,0.0,0.0,8.0,0.0,0.0,2.0,0.0,0.0,,1.765,0.0,0.0,0.0,0.0,0.0,0.0,0.0,0.0,0.0,0.0,0.0,0.0,0.0,0.104,0.403,1.001,1.736,2.932,5.256,8.917,24.584,33.0,0.0,4.0,0.0,0.0,0.0,1.0,0.0,8.0,0.0,,,,,,,,,,,,,,,,,,,,,,,,,,,,,,,,,0.254,0.0,0.0,0.0,0.0,0.0,0.0,0.0,0.0,0.0,0.0,0.0,0.0,0.0,0.0,0.0,0.0,0.001,0.242,0.829,2.479,6.641,15.0,0.0,0.0,5.0,0.0,0.0,0.0,1.0,0.0,0.0,,,,,,,,,,,,,,,,,,,,,,,,,,,,,,,,,280.3,,,,,,,,,,,,,,,,,,,0.005,0.0,0.0,0.0,0.0,0.003,0.01,0.03,27.0,7.0,4.0,0.0,0.0,0.0,0.0,0.0,0.0,0.0,0.015,0.0,0.0,0.0,0.0,0.013,0.048,0.084,20.0,11.0,3.0,1.0,1.0,0.0,0.0,0.0,0.0,0.0,0.0,0.0,0.0,0.0,0.0,0.0,0.0,0.005,9.0,3.0,0.0,0.0,0.0,0.0,0.0,0.0,0.0,0.0,0.018,0.0,0.0,0.0,0.0,0.015,0.051,0.112,23.0,7.0,4.0,1.0,0.0,0.0,0.0,0.0,0.0,0.0,18.0,8.0,,,,,,,,,,,14.0,14.0,14.0,16.0,19.0,24.0,24.0,0.0,0.0,0.0,0.0,0.0,18.8,,273.7,2.0,,633.0,,,0.0,0.0,0.0,0.0,0.0,0.0,0.0,0.0,0.0,0.0,0.0,0.0,0.0,0.0,0.0,0.0,0.0,0.0,0.0,0.0,0.0,0.0,0.0,0.0,0.0,0.0,0.0,0.0,0.0,0.0,0.0,0.0,0.0,0.0,0.0,0.0,0.0,0.0,0.0,0.0,0.0,0.0,0.0,0.0,0.0,0.0,0.0,0.0,0.0,0.0,0.0,16.0,9.999e+20,,,,,,,,,,,,,,,,,,,,,,,,,,,,,9.3,3.2,5.6,6.0,6.4,6.8,7.01884,7.40686,7.64873,8.14489,4.4,8.17908,8.64832,9.23405,10.0939,10.6046,11.5983,12.6055,13.5373,14.283,16.2817,17.5642,9.33642,3.6,29.0,8.0,2.0,0.0,0.0,0.0,0.0,44.0,2.0,9.999e+20,9.999e+20,9.999e+20,9.999e+20,9.999e+20,,,,,0.0,7.2,0.0,12.0,0.0,,54.0,5.0,1.0,2.4,0.6,5.0,6.8,9.5,10.4,1600.0,1184.0,1328.0,1120.0,1576.0,1824.0,2104.0,2216.0,,,45.0,3.0,,283.98,4.2,,,,282.38,3.12,,,,,,,,,,,,,,,,,,,,,,,,,,,,,,,,,,,,,,,,,,,,,,,,,,,,,,,,,,,,,9.999e+20,,,270.0,,1.0,,,,,0.0,,,,,,,,290.0,290.0,290.0,,280.2,,,,,,,,,,,,,,,,,,,,,,,,,,,,,4.2,1.2,2.4,2.8,2.8,2.8,3.2,3.2,3.2,3.6,1.6,3.6,4.0,4.4,4.4,4.8,5.2,5.6,5.6,6.15767,7.06154,7.74986,4.15285,1.62,0.0,0.0,0.0,0.0,50.0,0.0,18.0,1.0,4.6,5.1,
2026041301,,,,,,,,,,,,,,,,,,,,,,,,,,,,,,,,,0.0,,,,,,,,,,,,,,,,,,,,,,,,,,,,,,,,,,,,,,,,,,,,,,,,,,,,,,,,,,,,,,,,,,,,,,,,,,,,,,,,,,,,,,,,,,,,,,,,,,,,,,,,,,,,,,,,,,,,,,,,,,,,,,,,,,,,,,,,,,,,,,,,,,,,,,,,,,,,,,,,,,,,,,,,,,,,,,,,,,,,,,,,,,,,,,,,,,,,,,,,,,,,,,,,,,,,,,,,,,,,,,,,,,,,,,,,,,,,,,,,,,,,,,,,,,,,,,,,,,,,,,,,,,,,,,,,,,,,,,,,,,,,,,,,,,,,,,,,,,,,,,,,,,,,,,,,,,,,,,,,,,,,,,,,,,,,,,,,,,,,,,,,,,,,,,,,,,,,,,,,,,,,,,,,,,,,,,,,,,,,,,,,,,,,,,,,,,,,,,,,,,,,,,,,,,,,,,,,,,,,,,,,,,,,,,,,,,,,,,,,,,,,,,,,,,,,,,,,,,,,,,,,,,,,,,,,,,,,,,,,,,,,,,,,,,,,,,,,,,,,,,,,,,,,,,,,,,,,,,,,,,,,,,,,,,,,,,,,,,,,,,,,,,,,,,,,,,,,
2026041302,,,,,,,,,,,,,,,,,,,,,,,,,,,,,,,,,0.0,,,,,,,,,,,,,,,,,,,,,,,,,,,,,,,,,,,,,,,,,,,,,,,,,,,,,,,,,,,,,,,,,,,,,,,,,,,,,,,,,,,,,,,,,,,,,,,,,,,,,,,,,,,,,,,,,,,,,,,,,,,,,,,,,,,,,,,,,,,,,,,,,,,,,,,,,,,,,,,,,,,,,,,,,,,,,,,,,,,,,,,,,,,,,,,,,,,,,,,,,,,,,,,,,,,,,,,,,,,,,,,,,,,,,,,,,,,,,,,,,,,,,,,,,,,,,,,,,,,,,,,,,,,,,,,,,,,,,,,,,,,,,,,,,,,,,,,,,,,,,,,,,,,,,,,,,,,,,,,,,,,,,,,,,,,,,,,,,,,,,,,,,,,,,,,,,,,,,,,,,,,,,,,,,,,,,,,,,,,,,,,,,,,,,,,,,,,,,,,,,,,,,,,,,,,,,,,,,,,,,,,,,,,,,,,,,,,,,,,,,,,,,,,,,,,,,,,,,,,,,,,,,,,,,,,,,,,,,,,,,,,,,,,,,,,,,,,,,,,,,,,,,,,,,,,,,,,,,,,,,,,,,,,,,,,,,,,,,,,,,,,,,,,,,,,,,,,,
2026041303,,,,,,,,,,,,,,,,,,,,,,,,,,,,,,,,,0.0,,,,,,,,,,,,,,,,,,,,,,,,,,,,,,,,,,,,,,,,,,,,,,,,,,,,,,,,,,,,,,,,,,,,,,,,,,,,,,,,,,,,,,,,,,,,,,,,,,,,,,,,,,,,,,,,,,,,,,,,,,,,,,,,,,,,,,,,,,,,,,,,,,,,,,,,,,,,,,,,,,,,,,,,,,,,,,,,,,,,,,,,,,,,,,,,,,,,,,,,,,,,,,,,,,,,,,,,,,,,,,,,,,,,,,,,,,,,,,,,,,,,,,,,,,,,,,,,,,,,,,,,,,,,,,,,,,,,,,,,,,,,,,,,,,,,,,,,,,,,,,,,,,,,,,,,,,,,,,,,,,,,,,,,,,,,,,,,,,,,,,,,,,,,,,,,,,,,,,,,,,,,,,,,,,,,,,,,,,,,,,,,,,,,,,,,,,,,,,,,,,,,,,,,,,,,,,,,,,,,,,,,,,,,,,,,,,,,,,,,,,,,,,,,,,,,,,,,,,,,,,,,,,,,,,,,,,,,,,,,,,,,,,,,,,,,,,,,,,,,,,,,,,,,,,,,,,,,,,,,,,,,,,,,,,,,,,,,,,,,,,,,,,,,,,,,,,,,
2026041304,,,,,,,,,,,,,,,,,,,,,,,,,,,,,,,,,0.0,,,,,,,,,,,,,,,,,,,,,,,,,,,,,,,,,,,,,,,,,,,,,,,,,,,,,,,,,,,,,,,,,,,,,,,,,,,,,,,,,,,,,,,,,,,,,,,,,,,,,,,,,,,,,,,,,,,,,,,,,,,,,,,,,,,,,,,,,,,,,,,,,,,,,,,,,,,,,,,,,,,,,,,,,,,,,,,,,,,,,,,,,,,,,,,,,,,,,,,,,,,,,,,,,,,,,,,,,,,,,,,,,,,,,,,,,,,,,,,,,,,,,,,,,,,,,,,,,,,,,,,,,,,,,,,,,,,,,,,,,,,,,,,,,,,,,,,,,,,,,,,,,,,,,,,,,,,,,,,,,,,,,,,,,,,,,,,,,,,,,,,,,,,,,,,,,,,,,,,,,,,,,,,,,,,,,,,,,,,,,,,,,,,,,,,,,,,,,,,,,,,,,,,,,,,,,,,,,,,,,,,,,,,,,,,,,,,,,,,,,,,,,,,,,,,,,,,,,,,,,,,,,,,,,,,,,,,,,,,,,,,,,,,,,,,,,,,,,,,,,,,,,,,,,,,,,,,,,,,,,,,,,,,,,,,,,,,,,,,,,,,,,,,,,,,,,,,,
2026041305,,,,,,,,,,,,,,,,,,,,,,,,,,,,,,,,,0.0,,,,,,,,,,,,,,,,,,,,,,,,,,,,,,,,,,,,,,,,,,,,,,,,,,,,,,,,,,,,,,,,,,,,,,,,,,,,,,,,,,,,,,,,,,,,,,,,,,,,,,,,,,,,,,,,,,,,,,,,,,,,,,,,,,,,,,,,,,,,,,,,,,,,,,,,,,,,,,,,,,,,,,,,,,,,,,,,,,,,,,,,,,,,,,,,,,,,,,,,,,,,,,,,,,,,,,,,,,,,,,,,,,,,,,,,,,,,,,,,,,,,,,,,,,,,,,,,,,,,,,,,,,,,,,,,,,,,,,,,,,,,,,,,,,,,,,,,,,,,,,,,,,,,,,,,,,,,,,,,,,,,,,,,,,,,,,,,,,,,,,,,,,,,,,,,,,,,,,,,,,,,,,,,,,,,,,,,,,,,,,,,,,,,,,,,,,,,,,,,,,,,,,,,,,,,,,,,,,,,,,,,,,,,,,,,,,,,,,,,,,,,,,,,,,,,,,,,,,,,,,,,,,,,,,,,,,,,,,,,,,,,,,,,,,,,,,,,,,,,,,,,,,,,,,,,,,,,,,,,,,,,,,,,,,,,,,,,,,,,,,,,,,,,,,,,,,,,
2026041306,0.769,0.0,0.0,0.0,0.0,0.0,0.0,0.0,0.0,0.0,0.0,0.0,0.0,0.0,0.0,0.0,0.014,0.371,1.162,2.544,5.276,11.466,21.0,0.0,1.0,0.0,0.0,10.0,0.0,0.0,3.0,0.0,0.0,,,,,,,,,,,,,,,,,,,,,,,,,,,,,,,,,,,,,,,,,,,,,,,,,,,,,,,,,,,,,,,,,,0.0,0.0,0.0,0.0,0.0,0.0,0.0,0.0,0.0,0.0,0.0,0.0,0.0,0.0,0.0,0.0,0.0,0.0,0.197,0.929,2.343,7.446,15.0,0.0,0.0,5.0,0.0,0.0,0.0,1.0,0.0,0.0,,,,,,,,,,,,,,,,,,,,,,,,,,,,,,,,,273.93,,,,,,,,,,,,,,,,,,,0.005,,,,,,,,,,,,,,,,,,0.013,,,,,,,,,,,,,,,,,,0.003,0.0,0.0,0.0,0.0,0.0,0.003,0.013,12.0,5.0,0.0,0.0,0.0,0.0,0.0,0.0,0.0,0.0,0.02,,,,,,,,,,,,,,,,,,0.0,1.0,,,,,,,,,,,15.0,15.0,15.0,15.0,16.0,17.0,17.0,0.0,0.0,0.0,0.0,0.0,15.7,,273.76,2.4,,28.0,0.0,,0.0,,,,,,,,,,,,,,,,,,,,,,,,,0.0,0.0,0.0,0.0,0.0,0.0,0.0,0.0,0.0,0.0,0.0,0.0,0.0,0.0,,,,,,,,,,,,,16.2,,15.0669,9.51684,10.7039,11.3061,11.63,12.1789,12.2995,12.8863,12.9648,13.4012,9.7156,13.9656,14.8577,15.5327,16.3572,16.7988,17.0632,17.9308,18.7219,19.6876,21.5841,25.4645,86.0,22.0,8.0,2.0,0.0,0.0,6.2,2.8,3.6,3.6,4.0,4.0,4.0,4.4,4.8,4.82875,3.2,4.909,5.40512,5.48837,5.99867,6.09491,7.44377,8.37477,9.3646,10.2239,11.1673,14.3289,6.15522,2.72,5.0,0.0,0.0,0.0,0.0,0.0,0.0,20.0,2.0,,,,,,,,51.0,184.0,,6.0,0.0,12.0,0.0,,84.0,6.3,1.3,3.3,0.7,5.1,9.7,12.4,13.0,1480.0,928.0,1168.0,840.0,1432.0,1744.0,2032.0,2128.0,,,41.0,2.0,,,,,,2.78854,276.32,2.4,280.091,275.052,276.404,277.637,277.81,277.803,278.433,278.88,279.003,279.777,276.034,280.204,280.712,280.963,280.95,281.705,282.308,282.626,282.938,284.18,285.608,286.774,0.0,0.0,0.0,0.0,0.0,0.0,0.0,0.0,,,,,,,,,,,,,,,,,,,,,,,,,,,,,,,9.999e+20,,,300.0,3.7,,,,,,0.0,,,,,,,533.0,280.0,280.0,280.0,,275.3,6.97592,4.4,4.8,5.2,5.2,5.6,5.6,5.6,6.0,6.4,4.4,6.8,6.94146,7.37151,7.80433,8.21625,8.72552,8.8483,9.34113,10.2435,10.3736,12.2553,2.0,0.0,0.0,0.0,70.0,24.0,2.4,0.0,1.2,1.2,1.2,1.2,1.6,1.6,1.6,1.6,0.8,1.6,2.0,2.0,2.0,2.4,3.2,3.2,3.6,4.0,4.8,6.4,2.41669,1.42,0.0,0.0,0.0,0.0,18.0,0.0,2.0,0.0,2.4,2.8,
2026041307,,,,,,,,,,,,,,,,,,,,,,,,,,,,,,,,,0.0,,,,,,,,,,,,,,,,,,,,,,,,,,,,,,,,,,,,,,,,,,,,,,,,,,,,,,,,,,,,,,,,,,,,,,,,,,,,,,,,,,,,,,,,,,,,,,,,,,,,,,,,,,,,,,,,,,,,,,,,,,,,,,,,,,,,,,,,,,,,,,,,,,,,,,,,,,,,,,,,,,,,,,,,,,,,,,,,,,,,,,,,,,,,,,,,,,,,,,,,,,,,,,,,,,,,,,,,,,,,,,,,,,,,,,,,,,,,,,,,,,,,,,,,,,,,,,,,,,,,,,,,,,,,,,,,,,,,,,,,,,,,,,,,,,,,,,,,,,,,,,,,,,,,,,,,,,,,,,,,,,,,,,,,,,,,,,,,,,,,,,,,,,,,,,,,,,,,,,,,,,,,,,,,,,,,,,,,,,,,,,,,,,,,,,,,,,,,,,,,,,,,,,,,,,,,,,,,,,,,,,,,,,,,,,,,,,,,,,,,,,,,,,,,,,,,,,,,,,,,,,,,,,,,,,,,,,,,,,,,,,,,,,,,,,,,,,,,,,,,,,,,,,,,,,,,,,,,,,,,,,,,,,,,,,,,,,,,,,,,,,,,,,,,,,,,,,,,
2026041308,,,,,,,,,,,,,,,,,,,,,,,,,,,,,,,,,0.0,,,,,,,,,,,,,,,,,,,,,,,,,,,,,,,,,,,,,,,,,,,,,,,,,,,,,,,,,,,,,,,,,,,,,,,,,,,,,,,,,,,,,,,,,,,,,,,,,,,,,,,,,,,,,,,,,,,,,,,,,,,,,,,,,,,,,,,,,,,,,,,,,,,,,,,,,,,,,,,,,,,,,,,,,,,,,,,,,,,,,,,,,,,,,,,,,,,,,,,,,,,,,,,,,,,,,,,,,,,,,,,,,,,,,,,,,,,,,,,,,,,,,,,,,,,,,,,,,,,,,,,,,,,,,,,,,,,,,,,,,,,,,,,,,,,,,,,,,,,,,,,,,,,,,,,,,,,,,,,,,,,,,,,,,,,,,,,,,,,,,,,,,,,,,,,,,,,,,,,,,,,,,,,,,,,,,,,,,,,,,,,,,,,,,,,,,,,,,,,,,,,,,,,,,,,,,,,,,,,,,,,,,,,,,,,,,,,,,,,,,,,,,,,,,,,,,,,,,,,,,,,,,,,,,,,,,,,,,,,,,,,,,,,,,,,,,,,,,,,,,,,,,,,,,,,,,,,,,,,,,,,,,,,,,,,,,,,,,,,,,,,,,,,,,,,,,,,,
2026041309,,,,,,,,,,,,,,,,,,,,,,,,,,,,,,,,,0.0,,,,,,,,,,,,,,,,,,,,,,,,,,,,,,,,,,,,,,,,,,,,,,,,,,,,,,,,,,,,,,,,,,,,,,,,,,,,,,,,,,,,,,,,,,,,,,,,,,,,,,,,,,,,,,,,,,,,,,,,,,,,,,,,,,,,,,,,,,,,,,,,,,,,,,,,,,,,,,,,,,,,,,,,,,,,,,,,,,,,,,,,,,,,,,,,,,,,,,,,,,,,,,,,,,,,,,,,,,,,,,,,,,,,,,,,,,,,,,,,,,,,,,,,,,,,,,,,,,,,,,,,,,,,,,,,,,,,,,,,,,,,,,,,,,,,,,,,,,,,,,,,,,,,,,,,,,,,,,,,,,,,,,,,,,,,,,,,,,,,,,,,,,,,,,,,,,,,,,,,,,,,,,,,,,,,,,,,,,,,,,,,,,,,,,,,,,,,,,,,,,,,,,,,,,,,,,,,,,,,,,,,,,,,,,,,,,,,,,,,,,,,,,,,,,,,,,,,,,,,,,,,,,,,,,,,,,,,,,,,,,,,,,,,,,,,,,,,,,,,,,,,,,,,,,,,,,,,,,,,,,,,,,,,,,,,,,,,,,,,,,,,,,,,,,,,,,,,
2026041310,,,,,,,,,,,,,,,,,,,,,,,,,,,,,,,,,0.0,,,,,,,,,,,,,,,,,,,,,,,,,,,,,,,,,,,,,,,,,,,,,,,,,,,,,,,,,,,,,,,,,,,,,,,,,,,,,,,,,,,,,,,,,,,,,,,,,,,,,,,,,,,,,,,,,,,,,,,,,,,,,,,,,,,,,,,,,,,,,,,,,,,,,,,,,,,,,,,,,,,,,,,,,,,,,,,,,,,,,,,,,,,,,,,,,,,,,,,,,,,,,,,,,,,,,,,,,,,,,,,,,,,,,,,,,,,,,,,,,,,,,,,,,,,,,,,,,,,,,,,,,,,,,,,,,,,,,,,,,,,,,,,,,,,,,,,,,,,,,,,,,,,,,,,,,,,,,,,,,,,,,,,,,,,,,,,,,,,,,,,,,,,,,,,,,,,,,,,,,,,,,,,,,,,,,,,,,,,,,,,,,,,,,,,,,,,,,,,,,,,,,,,,,,,,,,,,,,,,,,,,,,,,,,,,,,,,,,,,,,,,,,,,,,,,,,,,,,,,,,,,,,,,,,,,,,,,,,,,,,,,,,,,,,,,,,,,,,,,,,,,,,,,,,,,,,,,,,,,,,,,,,,,,,,,,,,,,,,,,,,,,,,,,,,,,,,,
2026041311,,,,,,,,,,,,,,,,,,,,,,,,,,,,,,,,,0.0,,,,,,,,,,,,,,,,,,,,,,,,,,,,,,,,,,,,,,,,,,,,,,,,,,,,,,,,,,,,,,,,,,,,,,,,,,,,,,,,,,,,,,,,,,,,,,,,,,,,,,,,,,,,,,,,,,,,,,,,,,,,,,,,,,,,,,,,,,,,,,,,,,,,,,,,,,,,,,,,,,,,,,,,,,,,,,,,,,,,,,,,,,,,,,,,,,,,,,,,,,,,,,,,,,,,,,,,,,,,,,,,,,,,,,,,,,,,,,,,,,,,,,,,,,,,,,,,,,,,,,,,,,,,,,,,,,,,,,,,,,,,,,,,,,,,,,,,,,,,,,,,,,,,,,,,,,,,,,,,,,,,,,,,,,,,,,,,,,,,,,,,,,,,,,,,,,,,,,,,,,,,,,,,,,,,,,,,,,,,,,,,,,,,,,,,,,,,,,,,,,,,,,,,,,,,,,,,,,,,,,,,,,,,,,,,,,,,,,,,,,,,,,,,,,,,,,,,,,,,,,,,,,,,,,,,,,,,,,,,,,,,,,,,,,,,,,,,,,,,,,,,,,,,,,,,,,,,,,,,,,,,,,,,,,,,,,,,,,,,,,,,,,,,,,,,,,,,
2026041312,0.552,0.0,0.0,0.0,0.0,0.0,0.0,0.0,0.0,0.0,0.0,0.0,0.0,0.0,0.0,0.0,0.0,0.0,0.37,1.417,3.38,9.715,16.0,0.0,1.0,0.0,0.0,7.0,0.0,0.0,2.0,0.0,0.0,,1.486,0.0,0.0,0.0,0.0,0.0,0.0,0.0,0.0,0.0,0.0,0.0,0.0,0.0,0.0,0.0,0.14,0.951,2.158,4.565,9.237,20.684,24.0,0.0,3.0,0.0,0.0,0.0,1.0,0.0,7.0,0.0,3.316,0.0,0.0,0.0,0.0,0.0,0.0,0.0,0.0,0.0,0.0,0.0,0.184,0.899,1.543,2.519,3.683,4.912,7.11,9.49,15.202,40.907,7.0,0.0,30.0,0.0,2.0,0.0,0.0,0.0,1.0,0.0,0.0,0.0,0.0,0.0,0.0,0.0,0.0,0.0,0.0,0.0,0.0,0.0,0.0,0.0,0.0,0.0,0.0,0.0,0.0,0.0,0.742,5.075,6.0,0.0,0.0,2.0,0.0,0.0,0.0,1.0,0.0,0.0,4.528,0.0,0.0,0.0,0.0,0.0,0.0,0.0,0.0,0.0,0.0,0.417,1.279,2.03,3.134,4.399,5.633,7.568,9.99,13.02,19.032,49.728,0.0,0.0,3.0,0.0,0.0,1.0,0.0,23.0,0.0,0.0,272.36,,,,,,,,,,,,,,,,,,,0.005,0.0,0.0,0.0,0.0,0.0,0.008,0.036,17.0,7.0,4.0,1.0,1.0,0.0,0.0,0.0,0.0,0.0,0.013,0.0,0.0,0.0,0.0,0.008,0.041,0.086,16.0,9.0,4.0,3.0,1.0,0.0,0.0,0.0,0.0,0.0,0.003,0.0,0.0,0.0,0.0,0.0,0.0,0.0,2.0,1.0,1.0,1.0,1.0,0.0,0.0,0.0,0.0,0.0,0.02,0.0,0.0,0.0,0.0,0.013,0.061,0.119,24.0,8.0,4.0,1.0,0.0,0.0,0.0,0.0,0.0,0.0,-1.0,1.0,,,,,,,,,,,14.0,15.0,14.0,16.0,17.0,18.0,18.0,0.0,0.0,0.0,0.0,0.0,16.4,,272.02,2.35,,0.0,,,0.0,0.0,0.0,0.0,0.0,0.0,0.0,0.0,0.0,0.0,0.0,0.0,0.0,0.0,0.0,0.0,0.0,0.0,0.0,0.0,0.0,0.0,0.0,0.0,0.0,0.0,0.0,0.0,0.0,0.0,0.0,0.0,0.0,0.0,0.0,0.0,0.0,0.0,0.0,0.0,0.0,0.0,0.0,0.0,0.0,0.0,0.0,0.0,0.0,0.0,0.0,5.2,,,,,,,,,,,,,,,,,,,,,,,,,,,,,,5.9,2.4,3.2,3.6,4.0,4.0,4.0,4.4,4.4,4.8,3.2,4.8,5.21265,5.6516,6.53483,6.99608,7.22213,8.07762,8.53277,9.10606,11.4741,13.0775,5.89931,2.5,6.0,0.0,0.0,0.0,0.0,0.0,0.0,13.0,2.0,,,,,,,,,,0.0,6.0,0.0,3.6,0.0,,81.0,6.5,1.0,3.1,0.9,5.4,10.0,12.3,13.5,1344.0,824.0,992.0,696.0,1344.0,1704.0,1936.0,1976.0,,,37.0,18.0,,,,274.13,2.57,,274.94,2.55,,,,,,,,,,,,,,,,,,,,,,,,,,,,,,,,,,,,,,,,,,,,,,,,,,,,,,,,,,,,,9.999e+20,,,50.0,,1.0,,,,,0.0,,,,,,,,290.0,290.0,290.0,,273.9,,,,,,,,,,,,,,,,,,,,,,,,,,,,,2.4,0.4,0.8,0.8,1.2,1.2,1.2,1.6,1.6,1.6,0.8,2.0,2.0,2.0,2.4,2.8,2.8,3.2,3.6,4.0,5.2,6.0,2.4,1.4,0.0,0.0,0.0,0.0,17.0,0.0,2.0,0.0,2.8,2.8,
2026041313,,,,,,,,,,,,,,,,,,,,,,,,,,,,,,,,,0.0,,,,,,,,,,,,,,,,,,,,,,,,,,,,,,,,,,,,,,,,,,,,,,,,,,,,,,,,,,,,,,,,,,,,,,,,,,,,,,,,,,,,,,,,,,,,,,,,,,,,,,,,,,,,,,,,,,,,,,,,,,,,,,,,,,,,,,,,,,,,,,,,,,,,,,,,,,,,,,,,,,,,,,,,,,,,,,,,,,,,,,,,,,,,,,,,,,,,,,,,,,,,,,,,,,,,,,,,,,,,,,,,,,,,,,,,,,,,,,,,,,,,,,,,,,,,,,,,,,,,,,,,,,,,,,,,,,,,,,,,,,,,,,,,,,,,,,,,,,,,,,,,,,,,,,,,,,,,,,,,,,,,,,,,,,,,,,,,,,,,,,,,,,,,,,,,,,,,,,,,,,,,,,,,,,,,,,,,,,,,,,,,,,,,,,,,,,,,,,,,,,,,,,,,,,,,,,,,,,,,,,,,,,,,,,,,,,,,,,,,,,,,,,,,,,,,,,,,,,,,,,,,,,,,,,,,,,,,,,,,,,,,,,,,,,,,,,,,,,,,,,,,,,,,,,,,,,,,,,,,,,,,,,,,,,,,,,,,,,,,,,,,,,,,,,,,,,,,
2026041314,,,,,,,,,,,,,,,,,,,,,,,,,,,,,,,,,0.0,,,,,,,,,,,,,,,,,,,,,,,,,,,,,,,,,,,,,,,,,,,,,,,,,,,,,,,,,,,,,,,,,,,,,,,,,,,,,,,,,,,,,,,,,,,,,,,,,,,,,,,,,,,,,,,,,,,,,,,,,,,,,,,,,,,,,,,,,,,,,,,,,,,,,,,,,,,,,,,,,,,,,,,,,,,,,,,,,,,,,,,,,,,,,,,,,,,,,,,,,,,,,,,,,,,,,,,,,,,,,,,,,,,,,,,,,,,,,,,,,,,,,,,,,,,,,,,,,,,,,,,,,,,,,,,,,,,,,,,,,,,,,,,,,,,,,,,,,,,,,,,,,,,,,,,,,,,,,,,,,,,,,,,,,,,,,,,,,,,,,,,,,,,,,,,,,,,,,,,,,,,,,,,,,,,,,,,,,,,,,,,,,,,,,,,,,,,,,,,,,,,,,,,,,,,,,,,,,,,,,,,,,,,,,,,,,,,,,,,,,,,,,,,,,,,,,,,,,,,,,,,,,,,,,,,,,,,,,,,,,,,,,,,,,,,,,,,,,,,,,,,,,,,,,,,,,,,,,,,,,,,,,,,,,,,,,,,,,,,,,,,,,,,,,,,,,,,,
2026041315,,,,,,,,,,,,,,,,,,,,,,,,,,,,,,,,,0.0,,,,,,,,,,,,,,,,,,,,,,,,,,,,,,,,,,,,,,,,,,,,,,,,,,,,,,,,,,,,,,,,,,,,,,,,,,,,,,,,,,,,,,,,,,,,,,,,,,,,,,,,,,,,,,,,,,,,,,,,,,,,,,,,,,,,,,,,,,,,,,,,,,,,,,,,,,,,,,,,,,,,,,,,,,,,,,,,,,,,,,,,,,,,,,,,,,,,,,,,,,,,,,,,,,,,,,,,,,,,,,,,,,,,,,,,,,,,,,,,,,,,,,,,,,,,,,,,,,,,,,,,,,,,,,,,,,,,,,,,,,,,,,,,,,,,,,,,,,,,,,,,,,,,,,,,,,,,,,,,,,,,,,,,,,,,,,,,,,,,,,,,,,,,,,,,,,,,,,,,,,,,,,,,,,,,,,,,,,,,,,,,,,,,,,,,,,,,,,,,,,,,,,,,,,,,,,,,,,,,,,,,,,,,,,,,,,,,,,,,,,,,,,,,,,,,,,,,,,,,,,,,,,,,,,,,,,,,,,,,,,,,,,,,,,,,,,,,,,,,,,,,,,,,,,,,,,,,,,,,,,,,,,,,,,,,,,,,,,,,,,,,,,,,,,,,,,,,
2026041316,,,,,,,,,,,,,,,,,,,,,,,,,,,,,,,,,0.0,,,,,,,,,,,,,,,,,,,,,,,,,,,,,,,,,,,,,,,,,,,,,,,,,,,,,,,,,,,,,,,,,,,,,,,,,,,,,,,,,,,,,,,,,,,,,,,,,,,,,,,,,,,,,,,,,,,,,,,,,,,,,,,,,,,,,,,,,,,,,,,,,,,,,,,,,,,,,,,,,,,,,,,,,,,,,,,,,,,,,,,,,,,,,,,,,,,,,,,,,,,,,,,,,,,,,,,,,,,,,,,,,,,,,,,,,,,,,,,,,,,,,,,,,,,,,,,,,,,,,,,,,,,,,,,,,,,,,,,,,,,,,,,,,,,,,,,,,,,,,,,,,,,,,,,,,,,,,,,,,,,,,,,,,,,,,,,,,,,,,,,,,,,,,,,,,,,,,,,,,,,,,,,,,,,,,,,,,,,,,,,,,,,,,,,,,,,,,,,,,,,,,,,,,,,,,,,,,,,,,,,,,,,,,,,,,,,,,,,,,,,,,,,,,,,,,,,,,,,,,,,,,,,,,,,,,,,,,,,,,,,,,,,,,,,,,,,,,,,,,,,,,,,,,,,,,,,,,,,,,,,,,,,,,,,,,,,,,,,,,,,,,,,,,,,,,,,,
2026041317,,,,,,,,,,,,,,,,,,,,,,,,,,,,,,,,,0.0,,,,,,,,,,,,,,,,,,,,,,,,,,,,,,,,,,,,,,,,,,,,,,,,,,,,,,,,,,,,,,,,,,,,,,,,,,,,,,,,,,,,,,,,,,,,,,,,,,,,,,,,,,,,,,,,,,,,,,,,,,,,,,,,,,,,,,,,,,,,,,,,,,,,,,,,,,,,,,,,,,,,,,,,,,,,,,,,,,,,,,,,,,,,,,,,,,,,,,,,,,,,,,,,,,,,,,,,,,,,,,,,,,,,,,,,,,,,,,,,,,,,,,,,,,,,,,,,,,,,,,,,,,,,,,,,,,,,,,,,,,,,,,,,,,,,,,,,,,,,,,,,,,,,,,,,,,,,,,,,,,,,,,,,,,,,,,,,,,,,,,,,,,,,,,,,,,,,,,,,,,,,,,,,,,,,,,,,,,,,,,,,,,,,,,,,,,,,,,,,,,,,,,,,,,,,,,,,,,,,,,,,,,,,,,,,,,,,,,,,,,,,,,,,,,,,,,,,,,,,,,,,,,,,,,,,,,,,,,,,,,,,,,,,,,,,,,,,,,,,,,,,,,,,,,,,,,,,,,,,,,,,,,,,,,,,,,,,,,,,,,,,,,,,,,,,,,,,
2026041318,,,,,,,,,,,,,,,,,,,,,,,13.0,,,,,,,,,,0.0,,,,,,,,,,,,,,,,,,,,,,,,,,,,,,,,,,,,,,,,,,,,,,,,,,,,,,,,,,,,,,,,,,0.0,,,,,,,,,,,,,,,,,,,,,,9.0,,,,,,,,,,,,,,,,,,,,,,,,,,,,,,,,,,,,,,,,,,280.1,,,,,,,,,,,,,,,,,,,0.005,,,,,,,,,,,,,,,,,,0.013,,,,,,,,,,,,,,,,,,0.003,0.0,0.0,0.0,0.0,0.0,0.0,0.0,6.0,3.0,2.0,0.0,0.0,0.0,0.0,0.0,0.0,0.0,0.023,,,,,,,,,,,,,,,,,,13.0,6.0,,,,,,,,,,,13.0,14.0,13.0,18.0,22.0,25.0,25.0,0.0,0.0,0.0,0.0,0.0,20.3,,271.99,0.45,,286.0,1.0,,0.0,,,,,,,,,,,,,,,,,,,,,,,,,0.0,0.0,0.0,0.0,0.0,0.0,0.0,0.0,0.0,0.0,0.0,0.0,0.0,0.0,,,,,,,,,,,,,14.0,,,,,,,,,,,,,,,,,,,,,,,,,,,,,,7.8,,,,,,,,,,,,,,,,,,,,,,,2.92,,,,,,,,,2.0,,,,,,,84.0,,2560.0,,6.0,0.0,6.0,0.0,,50.0,5.2,1.0,2.3,0.5,4.5,8.0,10.7,11.9,1576.0,1080.0,1296.0,928.0,1568.0,1848.0,2040.0,2176.0,,,37.0,19.0,,,,,,,282.21,3.91,,,,,,,,,,,,,,,,,,,,,,,,,,,,,,,,,,,,,,,,,,,,,,,,,,,,,,,,,,,,,9.999e+20,,,60.0,7.0,,,,,,3.0,,,,,,,17168.0,330.0,330.0,330.0,,280.5,,,,,,,,,,,,,,,,,,,,,,,,,,,,,3.3,,,,,,,,,,,,,,,,,,,,,,,1.4,,,,,,,,,3.7,4.5,
2026041319,,,,,,,,,,,,,,,,,,,,,,,,,,,,,,,,,0.0,,,,,,,,,,,,,,,,,,,,,,,,,,,,,,,,,,,,,,,,,,,,,,,,,,,,,,,,,,,,,,,,,,,,,,,,,,,,,,,,,,,,,,,,,,,,,,,,,,,,,,,,,,,,,,,,,,,,,,,,,,,,,,,,,,,,,,,,,,,,,,,,,,,,,,,,,,,,,,,,,,,,,,,,,,,,,,,,,,,,,,,,,,,,,,,,,,,,,,,,,,,,,,,,,,,,,,,,,,,,,,,,,,,,,,,,,,,,,,,,,,,,,,,,,,,,,,,,,,,,,,,,,,,,,,,,,,,,,,,,,,,,,,,,,,,,,,,,,,,,,,,,,,,,,,,,,,,,,,,,,,,,,,,,,,,,,,,,,,,,,,,,,,,,,,,,,,,,,,,,,,,,,,,,,,,,,,,,,,,,,,,,,,,,,,,,,,,,,,,,,,,,,,,,,,,,,,,,,,,,,,,,,,,,,,,,,,,,,,,,,,,,,,,,,,,,,,,,,,,,,,,,,,,,,,,,,,,,,,,,,,,,,,,,,,,,,,,,,,,,,,,,,,,,,,,,,,,,,,,,,,,,,,,,,,,,,,,,,,,,,,,,,,,,,,,,,,,,
2026041320,,,,,,,,,,,,,,,,,,,,,,,,,,,,,,,,,0.0,,,,,,,,,,,,,,,,,,,,,,,,,,,,,,,,,,,,,,,,,,,,,,,,,,,,,,,,,,,,,,,,,,,,,,,,,,,,,,,,,,,,,,,,,,,,,,,,,,,,,,,,,,,,,,,,,,,,,,,,,,,,,,,,,,,,,,,,,,,,,,,,,,,,,,,,,,,,,,,,,,,,,,,,,,,,,,,,,,,,,,,,,,,,,,,,,,,,,,,,,,,,,,,,,,,,,,,,,,,,,,,,,,,,,,,,,,,,,,,,,,,,,,,,,,,,,,,,,,,,,,,,,,,,,,,,,,,,,,,,,,,,,,,,,,,,,,,,,,,,,,,,,,,,,,,,,,,,,,,,,,,,,,,,,,,,,,,,,,,,,,,,,,,,,,,,,,,,,,,,,,,,,,,,,,,,,,,,,,,,,,,,,,,,,,,,,,,,,,,,,,,,,,,,,,,,,,,,,,,,,,,,,,,,,,,,,,,,,,,,,,,,,,,,,,,,,,,,,,,,,,,,,,,,,,,,,,,,,,,,,,,,,,,,,,,,,,,,,,,,,,,,,,,,,,,,,,,,,,,,,,,,,,,,,,,,,,,,,,,,,,,,,,,,,,,,,,,,
2026041321,,,,,,,,,,,,,,,,,,,,,,,,,,,,,,,,,0.0,,,,,,,,,,,,,,,,,,,,,,,,,,,,,,,,,,,,,,,,,,,,,,,,,,,,,,,,,,,,,,,,,,,,,,,,,,,,,,,,,,,,,,,,,,,,,,,,,,,,,,,,,,,,,,,,,,,,,,,,,,,,,,,,,,,,,,,,,,,,,,,,,,,,,,,,,,,,,,,,,,,,,,,,,,,,,,,,,,,,,,,,,,,,,,,,,,,,,,,,,,,,,,,,,,,,,,,,,,,,,,,,,,,,,,,,,,,,,,,,,,,,,,,,,,,,,,,,,,,,,,,,,,,,,,,,,,,,,,,,,,,,,,,,,,,,,,,,,,,,,,,,,,,,,,,,,,,,,,,,,,,,,,,,,,,,,,,,,,,,,,,,,,,,,,,,,,,,,,,,,,,,,,,,,,,,,,,,,,,,,,,,,,,,,,,,,,,,,,,,,,,,,,,,,,,,,,,,,,,,,,,,,,,,,,,,,,,,,,,,,,,,,,,,,,,,,,,,,,,,,,,,,,,,,,,,,,,,,,,,,,,,,,,,,,,,,,,,,,,,,,,,,,,,,,,,,,,,,,,,,,,,,,,,,,,,,,,,,,,,,,,,,,,,,,,,,,,,
